

================================================================
== Vitis HLS Report for 'bnn_top_Pipeline_VITIS_LOOP_79_9_VITIS_LOOP_80_10_VITIS_LOOP_82_11'
================================================================
* Date:           Mon Aug 24 01:28:39 2026

* Version:        2025.2 (Build 6295257 on Nov 12 2025)
* Project:        bnn_hls
* Solution:       sol1 (Vivado IP Flow Target)
* Product family: zynquplus
* Target device:  xczu7ev-ffvc1156-2-e


================================================================
== Performance Estimates
================================================================
+ Timing: 
    * Summary: 
    +--------+----------+----------+------------+
    |  Clock |  Target  | Estimated| Uncertainty|
    +--------+----------+----------+------------+
    |ap_clk  |  10.00 ns|  6.920 ns|     2.70 ns|
    +--------+----------+----------+------------+

+ Latency: 
    * Summary: 
    +---------+---------+----------+----------+-----+-----+-------------------+
    |  Latency (cycles) |  Latency (absolute) |  Interval |      Pipeline     |
    |   min   |   max   |    min   |    max   | min | max |        Type       |
    +---------+---------+----------+----------+-----+-----+-------------------+
    |    40965|    40965|  0.410 ms|  0.410 ms|    0|    0|  loop pipeline stp|
    +---------+---------+----------+----------+-----+-----+-------------------+

    + Detail: 
        * Instance: 
        N/A

        * Loop: 
        +-----------------------------------------------------+---------+---------+----------+-----------+-----------+------+----------+
        |                                                     |  Latency (cycles) | Iteration|  Initiation Interval  | Trip |          |
        |                      Loop Name                      |   min   |   max   |  Latency |  achieved |   target  | Count| Pipelined|
        +-----------------------------------------------------+---------+---------+----------+-----------+-----------+------+----------+
        |- VITIS_LOOP_79_9_VITIS_LOOP_80_10_VITIS_LOOP_82_11  |    40963|    40963|         9|          5|          1|  8192|       yes|
        +-----------------------------------------------------+---------+---------+----------+-----------+-----------+------+----------+

============================================================
+ Verbose Summary: Synthesis Manager
============================================================
InlineROM: 1
ExposeGlobal: 0
============================================================
+ Verbose Summary: CDFG Model
============================================================
IsTopModel: 0
ResetActiveHigh: 1
IsCombinational: 0
IsDatapathOnly: 0
HasWiredReturn: 1
HasMFsm: 2
HasVarLatency: 1
IsPipeline: 0
IsRtlPipelined: 0
IsInstanceOverlapped: 0
IsDontTouch: 0
HasImplIP: 0
IsGatedGlobalClock: 0

+ Individual pipeline summary: 
  * Pipeline-0: initiation interval (II) = 5, depth = 10


============================================================
+ Verbose Summary: Schedule
============================================================
* Number of FSM states : 10
* Pipeline : 1
  Pipeline-0 : II = 5, D = 10, States = { 1 2 3 4 5 6 7 8 9 10 }
* Dataflow Pipeline: 0

* FSM state transitions: 
1 --> 2 
2 --> 3 
3 --> 4 
4 --> 5 
5 --> 6 
6 --> 7 
7 --> 8 
8 --> 9 
9 --> 10 
10 --> 

* FSM state operations: 

State 1 <SV = 0> <Delay = 0.42>
ST_1 : Operation 12 [1/1] (0.00ns)   --->   "%acc = alloca i32 1" [bnn.cpp:81]   --->   Operation 12 'alloca' 'acc' <Predicate = true> <Delay = 0.00>
ST_1 : Operation 13 [1/1] (0.00ns)   --->   "%ci = alloca i32 1" [bnn.cpp:82]   --->   Operation 13 'alloca' 'ci' <Predicate = true> <Delay = 0.00>
ST_1 : Operation 14 [1/1] (0.00ns)   --->   "%ow = alloca i32 1" [bnn.cpp:80]   --->   Operation 14 'alloca' 'ow' <Predicate = true> <Delay = 0.00>
ST_1 : Operation 15 [1/1] (0.00ns)   --->   "%indvar_flatten13 = alloca i32 1"   --->   Operation 15 'alloca' 'indvar_flatten13' <Predicate = true> <Delay = 0.00>
ST_1 : Operation 16 [1/1] (0.00ns)   --->   "%oh = alloca i32 1" [bnn.cpp:79]   --->   Operation 16 'alloca' 'oh' <Predicate = true> <Delay = 0.00>
ST_1 : Operation 17 [1/1] (0.00ns)   --->   "%indvar_flatten29 = alloca i32 1"   --->   Operation 17 'alloca' 'indvar_flatten29' <Predicate = true> <Delay = 0.00>
ST_1 : Operation 18 [1/1] (0.00ns)   --->   "%specinterface_ln0 = specinterface void @_ssdm_op_SpecInterface, i32 %W2_1, void @empty_5, i32 0, i32 0, void @empty_2, i32 4294967295, i32 0, void @empty_2, void @empty_2, void @empty_2, i32 0, i32 0, i32 0, i32 0, void @empty_2, void @empty_2, i32 4294967295, i32 0, i32 0, i32 0"   --->   Operation 18 'specinterface' 'specinterface_ln0' <Predicate = true> <Delay = 0.00>
ST_1 : Operation 19 [1/1] (0.00ns)   --->   "%specinterface_ln0 = specinterface void @_ssdm_op_SpecInterface, i32 %W2_0, void @empty_5, i32 0, i32 0, void @empty_2, i32 4294967295, i32 0, void @empty_2, void @empty_2, void @empty_2, i32 0, i32 0, i32 0, i32 0, void @empty_2, void @empty_2, i32 4294967295, i32 0, i32 0, i32 0"   --->   Operation 19 'specinterface' 'specinterface_ln0' <Predicate = true> <Delay = 0.00>
ST_1 : Operation 20 [1/1] (0.00ns)   --->   "%mul_ln79_read = read i15 @_ssdm_op_Read.ap_auto.i15, i15 %mul_ln79"   --->   Operation 20 'read' 'mul_ln79_read' <Predicate = true> <Delay = 0.00>
ST_1 : Operation 21 [1/1] (0.42ns)   --->   "%store_ln0 = store i14 0, i14 %indvar_flatten29"   --->   Operation 21 'store' 'store_ln0' <Predicate = true> <Delay = 0.42>
ST_1 : Operation 22 [1/1] (0.42ns)   --->   "%store_ln79 = store i5 0, i5 %oh" [bnn.cpp:79]   --->   Operation 22 'store' 'store_ln79' <Predicate = true> <Delay = 0.42>
ST_1 : Operation 23 [1/1] (0.42ns)   --->   "%store_ln0 = store i11 0, i11 %indvar_flatten13"   --->   Operation 23 'store' 'store_ln0' <Predicate = true> <Delay = 0.42>
ST_1 : Operation 24 [1/1] (0.42ns)   --->   "%store_ln80 = store i5 0, i5 %ow" [bnn.cpp:80]   --->   Operation 24 'store' 'store_ln80' <Predicate = true> <Delay = 0.42>
ST_1 : Operation 25 [1/1] (0.42ns)   --->   "%store_ln82 = store i6 0, i6 %ci" [bnn.cpp:82]   --->   Operation 25 'store' 'store_ln82' <Predicate = true> <Delay = 0.42>
ST_1 : Operation 26 [1/1] (0.42ns)   --->   "%store_ln81 = store i32 0, i32 %acc" [bnn.cpp:81]   --->   Operation 26 'store' 'store_ln81' <Predicate = true> <Delay = 0.42>
ST_1 : Operation 27 [1/1] (0.00ns)   --->   "%br_ln0 = br void %VITIS_LOOP_84_12"   --->   Operation 27 'br' 'br_ln0' <Predicate = true> <Delay = 0.00>

State 2 <SV = 1> <Delay = 4.26>
ST_2 : Operation 28 [1/1] (0.00ns)   --->   "%indvar_flatten13_load = load i11 %indvar_flatten13" [bnn.cpp:80]   --->   Operation 28 'load' 'indvar_flatten13_load' <Predicate = true> <Delay = 0.00>
ST_2 : Operation 29 [1/1] (0.00ns)   --->   "%indvar_flatten29_load = load i14 %indvar_flatten29" [bnn.cpp:79]   --->   Operation 29 'load' 'indvar_flatten29_load' <Predicate = true> <Delay = 0.00>
ST_2 : Operation 30 [1/1] (0.83ns)   --->   "%icmp_ln79 = icmp_eq  i14 %indvar_flatten29_load, i14 8192" [bnn.cpp:79]   --->   Operation 30 'icmp' 'icmp_ln79' <Predicate = true> <Delay = 0.83> <CoreInst = "Cmp">   --->   Core 9 'Cmp' <Latency = 0> <II = 1> <Delay = 0.83> <FuncUnit> <Opcode : 'seteq' 'setne' 'setle' 'setge' 'setlt' 'setgt'> <InPorts = 2> <OutPorts = 1>
ST_2 : Operation 31 [1/1] (0.83ns)   --->   "%add_ln79 = add i14 %indvar_flatten29_load, i14 1" [bnn.cpp:79]   --->   Operation 31 'add' 'add_ln79' <Predicate = true> <Delay = 0.83> <CoreInst = "Adder">   --->   Core 1 'Adder' <Latency = 0> <II = 1> <Delay = 0.83> <FuncUnit> <Opcode : 'add' 'sub'> <InPorts = 2> <OutPorts = 1>
ST_2 : Operation 32 [1/1] (0.00ns)   --->   "%br_ln79 = br i1 %icmp_ln79, void %for.inc208, void %VITIS_LOOP_96_14.exitStub" [bnn.cpp:79]   --->   Operation 32 'br' 'br_ln79' <Predicate = true> <Delay = 0.00>
ST_2 : Operation 33 [1/1] (0.00ns)   --->   "%ci_load = load i6 %ci" [bnn.cpp:82]   --->   Operation 33 'load' 'ci_load' <Predicate = (!icmp_ln79)> <Delay = 0.00>
ST_2 : Operation 34 [1/1] (0.00ns)   --->   "%ow_load = load i5 %ow" [bnn.cpp:86]   --->   Operation 34 'load' 'ow_load' <Predicate = (!icmp_ln79)> <Delay = 0.00>
ST_2 : Operation 35 [1/1] (0.00ns)   --->   "%oh_load = load i5 %oh" [bnn.cpp:86]   --->   Operation 35 'load' 'oh_load' <Predicate = (!icmp_ln79)> <Delay = 0.00>
ST_2 : Operation 36 [1/1] (0.79ns)   --->   "%icmp_ln80 = icmp_eq  i11 %indvar_flatten13_load, i11 512" [bnn.cpp:80]   --->   Operation 36 'icmp' 'icmp_ln80' <Predicate = (!icmp_ln79)> <Delay = 0.79> <CoreInst = "Cmp">   --->   Core 9 'Cmp' <Latency = 0> <II = 1> <Delay = 0.79> <FuncUnit> <Opcode : 'seteq' 'setne' 'setle' 'setge' 'setlt' 'setgt'> <InPorts = 2> <OutPorts = 1>
ST_2 : Operation 37 [1/1] (0.41ns)   --->   "%select_ln79 = select i1 %icmp_ln80, i5 0, i5 %ow_load" [bnn.cpp:79]   --->   Operation 37 'select' 'select_ln79' <Predicate = (!icmp_ln79)> <Delay = 0.41> <CoreInst = "Sel">   --->   Core 73 'Sel' <Latency = 0> <II = 1> <Delay = 0.41> <FuncUnit> <Opcode : 'select'> <InPorts = 3> <OutPorts = 1>
ST_2 : Operation 38 [1/1] (0.78ns)   --->   "%add_ln86 = add i5 %oh_load, i5 2" [bnn.cpp:86]   --->   Operation 38 'add' 'add_ln86' <Predicate = (!icmp_ln79)> <Delay = 0.78> <CoreInst = "Adder">   --->   Core 1 'Adder' <Latency = 0> <II = 1> <Delay = 0.78> <FuncUnit> <Opcode : 'add' 'sub'> <InPorts = 2> <OutPorts = 1>
ST_2 : Operation 39 [1/1] (0.78ns)   --->   "%add_ln86_2 = add i5 %oh_load, i5 1" [bnn.cpp:86]   --->   Operation 39 'add' 'add_ln86_2' <Predicate = (!icmp_ln79)> <Delay = 0.78> <CoreInst = "Adder">   --->   Core 1 'Adder' <Latency = 0> <II = 1> <Delay = 0.78> <FuncUnit> <Opcode : 'add' 'sub'> <InPorts = 2> <OutPorts = 1>
ST_2 : Operation 40 [1/1] (0.41ns)   --->   "%select_ln79_1 = select i1 %icmp_ln80, i5 %add_ln86, i5 %add_ln86_2" [bnn.cpp:79]   --->   Operation 40 'select' 'select_ln79_1' <Predicate = (!icmp_ln79)> <Delay = 0.41> <CoreInst = "Sel">   --->   Core 73 'Sel' <Latency = 0> <II = 1> <Delay = 0.41> <FuncUnit> <Opcode : 'select'> <InPorts = 3> <OutPorts = 1>
ST_2 : Operation 41 [1/1] (0.78ns)   --->   "%add_ln86_3 = add i5 %ow_load, i5 1" [bnn.cpp:86]   --->   Operation 41 'add' 'add_ln86_3' <Predicate = (!icmp_ln79)> <Delay = 0.78> <CoreInst = "Adder">   --->   Core 1 'Adder' <Latency = 0> <II = 1> <Delay = 0.78> <FuncUnit> <Opcode : 'add' 'sub'> <InPorts = 2> <OutPorts = 1>
ST_2 : Operation 42 [1/1] (0.00ns) (grouped into LUT with out node add_ln86_2_mid2)   --->   "%select_ln79_2 = select i1 %icmp_ln80, i5 1, i5 %add_ln86_3" [bnn.cpp:79]   --->   Operation 42 'select' 'select_ln79_2' <Predicate = (!icmp_ln79)> <Delay = 0.00> <CoreInst = "Sel">   --->   Core 73 'Sel' <Latency = 0> <II = 1> <Delay = 0.41> <FuncUnit> <Opcode : 'select'> <InPorts = 3> <OutPorts = 1>
ST_2 : Operation 43 [1/1] (0.00ns) (grouped into LUT with out node and_ln79)   --->   "%xor_ln79 = xor i1 %icmp_ln80, i1 1" [bnn.cpp:79]   --->   Operation 43 'xor' 'xor_ln79' <Predicate = (!icmp_ln79)> <Delay = 0.00> <CoreInst = "LogicGate">   --->   Core 74 'LogicGate' <Latency = 0> <II = 1> <Delay = 0.28> <FuncUnit> <Opcode : 'and' 'or' 'xor'> <InPorts = 2> <OutPorts = 1>
ST_2 : Operation 44 [1/1] (0.78ns)   --->   "%icmp_ln82 = icmp_eq  i6 %ci_load, i6 32" [bnn.cpp:82]   --->   Operation 44 'icmp' 'icmp_ln82' <Predicate = (!icmp_ln79)> <Delay = 0.78> <CoreInst = "Cmp">   --->   Core 9 'Cmp' <Latency = 0> <II = 1> <Delay = 0.78> <FuncUnit> <Opcode : 'seteq' 'setne' 'setle' 'setge' 'setlt' 'setgt'> <InPorts = 2> <OutPorts = 1>
ST_2 : Operation 45 [1/1] (0.28ns) (out node of the LUT)   --->   "%and_ln79 = and i1 %icmp_ln82, i1 %xor_ln79" [bnn.cpp:79]   --->   Operation 45 'and' 'and_ln79' <Predicate = (!icmp_ln79)> <Delay = 0.28> <CoreInst = "LogicGate">   --->   Core 74 'LogicGate' <Latency = 0> <II = 1> <Delay = 0.28> <FuncUnit> <Opcode : 'and' 'or' 'xor'> <InPorts = 2> <OutPorts = 1>
ST_2 : Operation 46 [1/1] (0.41ns)   --->   "%select_ln79_3 = select i1 %icmp_ln80, i5 %add_ln86_2, i5 %oh_load" [bnn.cpp:79]   --->   Operation 46 'select' 'select_ln79_3' <Predicate = (!icmp_ln79)> <Delay = 0.41> <CoreInst = "Sel">   --->   Core 73 'Sel' <Latency = 0> <II = 1> <Delay = 0.41> <FuncUnit> <Opcode : 'select'> <InPorts = 3> <OutPorts = 1>
ST_2 : Operation 47 [1/1] (0.78ns)   --->   "%add_ln86_4 = add i5 %select_ln79, i5 1" [bnn.cpp:86]   --->   Operation 47 'add' 'add_ln86_4' <Predicate = (!icmp_ln79)> <Delay = 0.78> <CoreInst = "Adder">   --->   Core 1 'Adder' <Latency = 0> <II = 1> <Delay = 0.78> <FuncUnit> <Opcode : 'add' 'sub'> <InPorts = 2> <OutPorts = 1>
ST_2 : Operation 48 [1/1] (0.28ns)   --->   "%empty = or i1 %and_ln79, i1 %icmp_ln80" [bnn.cpp:79]   --->   Operation 48 'or' 'empty' <Predicate = (!icmp_ln79)> <Delay = 0.28> <CoreInst = "LogicGate">   --->   Core 74 'LogicGate' <Latency = 0> <II = 1> <Delay = 0.28> <FuncUnit> <Opcode : 'and' 'or' 'xor'> <InPorts = 2> <OutPorts = 1>
ST_2 : Operation 49 [1/1] (0.38ns)   --->   "%ci_mid2 = select i1 %empty, i6 0, i6 %ci_load" [bnn.cpp:79]   --->   Operation 49 'select' 'ci_mid2' <Predicate = (!icmp_ln79)> <Delay = 0.38> <CoreInst = "Sel">   --->   Core 73 'Sel' <Latency = 0> <II = 1> <Delay = 0.38> <FuncUnit> <Opcode : 'select'> <InPorts = 3> <OutPorts = 1>
ST_2 : Operation 50 [1/1] (0.78ns)   --->   "%add_ln86_5 = add i5 %select_ln79, i5 2" [bnn.cpp:86]   --->   Operation 50 'add' 'add_ln86_5' <Predicate = (!icmp_ln79)> <Delay = 0.78> <CoreInst = "Adder">   --->   Core 1 'Adder' <Latency = 0> <II = 1> <Delay = 0.78> <FuncUnit> <Opcode : 'add' 'sub'> <InPorts = 2> <OutPorts = 1>
ST_2 : Operation 51 [1/1] (0.41ns) (out node of the LUT)   --->   "%add_ln86_2_mid2 = select i1 %and_ln79, i5 %add_ln86_5, i5 %select_ln79_2" [bnn.cpp:79]   --->   Operation 51 'select' 'add_ln86_2_mid2' <Predicate = (!icmp_ln79)> <Delay = 0.41> <CoreInst = "Sel">   --->   Core 73 'Sel' <Latency = 0> <II = 1> <Delay = 0.41> <FuncUnit> <Opcode : 'select'> <InPorts = 3> <OutPorts = 1>
ST_2 : Operation 52 [1/1] (0.41ns)   --->   "%select_ln80 = select i1 %and_ln79, i5 %add_ln86_4, i5 %select_ln79" [bnn.cpp:80]   --->   Operation 52 'select' 'select_ln80' <Predicate = (!icmp_ln79)> <Delay = 0.41> <CoreInst = "Sel">   --->   Core 73 'Sel' <Latency = 0> <II = 1> <Delay = 0.41> <FuncUnit> <Opcode : 'select'> <InPorts = 3> <OutPorts = 1>
ST_2 : Operation 53 [1/1] (0.00ns)   --->   "%trunc_ln94 = trunc i5 %select_ln79_3" [bnn.cpp:94]   --->   Operation 53 'trunc' 'trunc_ln94' <Predicate = (!icmp_ln79)> <Delay = 0.00>
ST_2 : Operation 54 [1/1] (0.00ns)   --->   "%tmp_5 = bitselect i1 @_ssdm_op_BitSelect.i1.i5.i32, i5 %select_ln79_1, i32 4" [bnn.cpp:87]   --->   Operation 54 'bitselect' 'tmp_5' <Predicate = (!icmp_ln79)> <Delay = 0.00>
ST_2 : Operation 55 [1/1] (0.00ns)   --->   "%trunc_ln80 = trunc i5 %select_ln80" [bnn.cpp:80]   --->   Operation 55 'trunc' 'trunc_ln80' <Predicate = (!icmp_ln79)> <Delay = 0.00>
ST_2 : Operation 56 [1/1] (0.00ns)   --->   "%tmp_10 = bitselect i1 @_ssdm_op_BitSelect.i1.i5.i32, i5 %add_ln86_2_mid2, i32 4" [bnn.cpp:87]   --->   Operation 56 'bitselect' 'tmp_10' <Predicate = (!icmp_ln79)> <Delay = 0.00>
ST_2 : Operation 57 [1/1] (0.00ns)   --->   "%tmp_14 = bitselect i1 @_ssdm_op_BitSelect.i1.i5.i32, i5 %select_ln80, i32 3" [bnn.cpp:88]   --->   Operation 57 'bitselect' 'tmp_14' <Predicate = (!icmp_ln79)> <Delay = 0.00>
ST_2 : Operation 58 [1/1] (0.00ns)   --->   "%lshr_ln88_1 = partselect i2 @_ssdm_op_PartSelect.i2.i5.i32.i32, i5 %add_ln86_2_mid2, i32 3, i32 4" [bnn.cpp:88]   --->   Operation 58 'partselect' 'lshr_ln88_1' <Predicate = (!icmp_ln79)> <Delay = 0.00>
ST_2 : Operation 59 [1/1] (0.00ns)   --->   "%zext_ln82_1 = zext i6 %ci_mid2" [bnn.cpp:82]   --->   Operation 59 'zext' 'zext_ln82_1' <Predicate = (!icmp_ln79)> <Delay = 0.00>
ST_2 : Operation 60 [1/1] (0.00ns)   --->   "%trunc_ln88 = trunc i6 %ci_mid2" [bnn.cpp:88]   --->   Operation 60 'trunc' 'trunc_ln88' <Predicate = (!icmp_ln79)> <Delay = 0.00>
ST_2 : Operation 61 [1/1] (0.00ns)   --->   "%tmp_15 = bitconcatenate i9 @_ssdm_op_BitConcatenate.i9.i6.i3, i6 %ci_mid2, i3 0" [bnn.cpp:89]   --->   Operation 61 'bitconcatenate' 'tmp_15' <Predicate = (!icmp_ln79)> <Delay = 0.00>
ST_2 : Operation 62 [1/1] (0.00ns)   --->   "%zext_ln89_19 = zext i9 %tmp_15" [bnn.cpp:89]   --->   Operation 62 'zext' 'zext_ln89_19' <Predicate = (!icmp_ln79)> <Delay = 0.00>
ST_2 : Operation 63 [1/1] (0.77ns)   --->   "%add_ln89_17 = add i10 %zext_ln89_19, i10 %zext_ln82_1" [bnn.cpp:89]   --->   Operation 63 'add' 'add_ln89_17' <Predicate = (!icmp_ln79)> <Delay = 0.77> <CoreInst = "Adder">   --->   Core 1 'Adder' <Latency = 0> <II = 1> <Delay = 0.77> <FuncUnit> <Opcode : 'add' 'sub'> <InPorts = 2> <OutPorts = 1>
ST_2 : Operation 64 [1/1] (0.00ns)   --->   "%zext_ln89_9 = zext i10 %add_ln89_17" [bnn.cpp:89]   --->   Operation 64 'zext' 'zext_ln89_9' <Predicate = (!icmp_ln79)> <Delay = 0.00>
ST_2 : Operation 65 [1/1] (0.84ns)   --->   "%add_ln89 = add i15 %zext_ln89_9, i15 %mul_ln79_read" [bnn.cpp:89]   --->   Operation 65 'add' 'add_ln89' <Predicate = (!icmp_ln79)> <Delay = 0.84> <CoreInst = "Adder">   --->   Core 1 'Adder' <Latency = 0> <II = 1> <Delay = 0.84> <FuncUnit> <Opcode : 'add' 'sub'> <InPorts = 2> <OutPorts = 1>
ST_2 : Operation 66 [1/1] (0.00ns)   --->   "%trunc_ln89 = trunc i10 %add_ln89_17" [bnn.cpp:89]   --->   Operation 66 'trunc' 'trunc_ln89' <Predicate = (!icmp_ln79)> <Delay = 0.00>
ST_2 : Operation 67 [1/1] (0.00ns)   --->   "%lshr_ln2 = partselect i9 @_ssdm_op_PartSelect.i9.i15.i32.i32, i15 %add_ln89, i32 6, i32 14" [bnn.cpp:89]   --->   Operation 67 'partselect' 'lshr_ln2' <Predicate = (!icmp_ln79)> <Delay = 0.00>
ST_2 : Operation 68 [1/1] (0.00ns)   --->   "%zext_ln89 = zext i9 %lshr_ln2" [bnn.cpp:89]   --->   Operation 68 'zext' 'zext_ln89' <Predicate = (!icmp_ln79)> <Delay = 0.00>
ST_2 : Operation 69 [1/1] (0.00ns)   --->   "%W2_0_addr = getelementptr i32 %W2_0, i64 0, i64 %zext_ln89" [bnn.cpp:89]   --->   Operation 69 'getelementptr' 'W2_0_addr' <Predicate = (!icmp_ln79)> <Delay = 0.00>
ST_2 : Operation 70 [2/2] (0.00ns)   --->   "%W2_0_load = load i9 %W2_0_addr" [bnn.cpp:89]   --->   Operation 70 'load' 'W2_0_load' <Predicate = (!icmp_ln79)> <Delay = 0.00> <CoreInst = "RAM">   --->   Core 82 'RAM' <Latency = 1> <II = 1> <Delay = 1.23> <Storage> <Opcode : 'load' 'store'> <Ports = 2> <Width = 32> <Depth = 288> <RAM>
ST_2 : Operation 71 [1/1] (0.00ns)   --->   "%W2_1_addr = getelementptr i32 %W2_1, i64 0, i64 %zext_ln89" [bnn.cpp:89]   --->   Operation 71 'getelementptr' 'W2_1_addr' <Predicate = (!icmp_ln79)> <Delay = 0.00>
ST_2 : Operation 72 [2/2] (0.00ns)   --->   "%W2_1_load = load i9 %W2_1_addr" [bnn.cpp:89]   --->   Operation 72 'load' 'W2_1_load' <Predicate = (!icmp_ln79)> <Delay = 0.00> <CoreInst = "RAM">   --->   Core 82 'RAM' <Latency = 1> <II = 1> <Delay = 1.23> <Storage> <Opcode : 'load' 'store'> <Ports = 2> <Width = 32> <Depth = 288> <RAM>
ST_2 : Operation 73 [1/1] (0.00ns)   --->   "%tmp_16 = bitselect i1 @_ssdm_op_BitSelect.i1.i15.i32, i15 %add_ln89, i32 5" [bnn.cpp:89]   --->   Operation 73 'bitselect' 'tmp_16' <Predicate = (!icmp_ln79)> <Delay = 0.00>
ST_2 : Operation 74 [1/1] (0.84ns)   --->   "%add_ln89_1 = add i15 %add_ln89, i15 1" [bnn.cpp:89]   --->   Operation 74 'add' 'add_ln89_1' <Predicate = (!icmp_ln79)> <Delay = 0.84> <CoreInst = "Adder">   --->   Core 1 'Adder' <Latency = 0> <II = 1> <Delay = 0.84> <FuncUnit> <Opcode : 'add' 'sub'> <InPorts = 2> <OutPorts = 1>
ST_2 : Operation 75 [1/1] (0.00ns)   --->   "%lshr_ln89_2 = partselect i9 @_ssdm_op_PartSelect.i9.i15.i32.i32, i15 %add_ln89_1, i32 6, i32 14" [bnn.cpp:89]   --->   Operation 75 'partselect' 'lshr_ln89_2' <Predicate = (!icmp_ln79)> <Delay = 0.00>
ST_2 : Operation 76 [1/1] (0.00ns)   --->   "%zext_ln89_1 = zext i9 %lshr_ln89_2" [bnn.cpp:89]   --->   Operation 76 'zext' 'zext_ln89_1' <Predicate = (!icmp_ln79)> <Delay = 0.00>
ST_2 : Operation 77 [1/1] (0.00ns)   --->   "%W2_0_addr_1 = getelementptr i32 %W2_0, i64 0, i64 %zext_ln89_1" [bnn.cpp:89]   --->   Operation 77 'getelementptr' 'W2_0_addr_1' <Predicate = (!icmp_ln79)> <Delay = 0.00>
ST_2 : Operation 78 [2/2] (0.00ns)   --->   "%W2_0_load_1 = load i9 %W2_0_addr_1" [bnn.cpp:89]   --->   Operation 78 'load' 'W2_0_load_1' <Predicate = (!icmp_ln79)> <Delay = 0.00> <CoreInst = "RAM">   --->   Core 82 'RAM' <Latency = 1> <II = 1> <Delay = 1.23> <Storage> <Opcode : 'load' 'store'> <Ports = 2> <Width = 32> <Depth = 288> <RAM>
ST_2 : Operation 79 [1/1] (0.00ns)   --->   "%W2_1_addr_1 = getelementptr i32 %W2_1, i64 0, i64 %zext_ln89_1" [bnn.cpp:89]   --->   Operation 79 'getelementptr' 'W2_1_addr_1' <Predicate = (!icmp_ln79)> <Delay = 0.00>
ST_2 : Operation 80 [2/2] (0.00ns)   --->   "%W2_1_load_1 = load i9 %W2_1_addr_1" [bnn.cpp:89]   --->   Operation 80 'load' 'W2_1_load_1' <Predicate = (!icmp_ln79)> <Delay = 0.00> <CoreInst = "RAM">   --->   Core 82 'RAM' <Latency = 1> <II = 1> <Delay = 1.23> <Storage> <Opcode : 'load' 'store'> <Ports = 2> <Width = 32> <Depth = 288> <RAM>
ST_2 : Operation 81 [1/1] (0.00ns)   --->   "%tmp_17 = bitselect i1 @_ssdm_op_BitSelect.i1.i15.i32, i15 %add_ln89_1, i32 5" [bnn.cpp:89]   --->   Operation 81 'bitselect' 'tmp_17' <Predicate = (!icmp_ln79)> <Delay = 0.00>
ST_2 : Operation 82 [1/1] (0.78ns)   --->   "%add_ln82 = add i6 %ci_mid2, i6 1" [bnn.cpp:82]   --->   Operation 82 'add' 'add_ln82' <Predicate = (!icmp_ln79)> <Delay = 0.78> <CoreInst = "Adder">   --->   Core 1 'Adder' <Latency = 0> <II = 1> <Delay = 0.78> <FuncUnit> <Opcode : 'add' 'sub'> <InPorts = 2> <OutPorts = 1>
ST_2 : Operation 83 [1/1] (0.78ns)   --->   "%icmp_ln82_1 = icmp_eq  i6 %add_ln82, i6 32" [bnn.cpp:82]   --->   Operation 83 'icmp' 'icmp_ln82_1' <Predicate = (!icmp_ln79)> <Delay = 0.78> <CoreInst = "Cmp">   --->   Core 9 'Cmp' <Latency = 0> <II = 1> <Delay = 0.78> <FuncUnit> <Opcode : 'seteq' 'setne' 'setle' 'setge' 'setlt' 'setgt'> <InPorts = 2> <OutPorts = 1>
ST_2 : Operation 84 [1/1] (0.78ns)   --->   "%add_ln94 = add i5 %select_ln80, i5 %select_ln79_3" [bnn.cpp:94]   --->   Operation 84 'add' 'add_ln94' <Predicate = (!icmp_ln79)> <Delay = 0.78> <CoreInst = "Adder">   --->   Core 1 'Adder' <Latency = 0> <II = 1> <Delay = 0.78> <FuncUnit> <Opcode : 'add' 'sub'> <InPorts = 2> <OutPorts = 1>
ST_2 : Operation 85 [9/9] (1.06ns)   --->   "%urem_ln94 = urem i5 %add_ln94, i5 5" [bnn.cpp:94]   --->   Operation 85 'urem' 'urem_ln94' <Predicate = (!icmp_ln79)> <Delay = 1.06> <CoreInst = "Divider">   --->   Core 6 'Divider' <Latency = 8> <II = 1> <Delay = 1.06> <FuncUnit> <Opcode : 'udiv' 'sdiv' 'urem' 'srem'> <InPorts = 2> <OutPorts = 1>
ST_2 : Operation 86 [1/1] (0.00ns)   --->   "%br_ln82 = br i1 %icmp_ln82_1, void %new.latch.VITIS_LOOP_84_12.split_ifconv, void %last.iter.VITIS_LOOP_84_12.split_ifconv" [bnn.cpp:82]   --->   Operation 86 'br' 'br_ln82' <Predicate = (!icmp_ln79)> <Delay = 0.00>
ST_2 : Operation 87 [1/1] (0.00ns)   --->   "%br_ln82 = br void %new.latch.VITIS_LOOP_84_12.split_ifconv" [bnn.cpp:82]   --->   Operation 87 'br' 'br_ln82' <Predicate = (!icmp_ln79 & icmp_ln82_1)> <Delay = 0.00>
ST_2 : Operation 88 [1/1] (0.79ns)   --->   "%add_ln80 = add i11 %indvar_flatten13_load, i11 1" [bnn.cpp:80]   --->   Operation 88 'add' 'add_ln80' <Predicate = (!icmp_ln79)> <Delay = 0.79> <CoreInst = "Adder">   --->   Core 1 'Adder' <Latency = 0> <II = 1> <Delay = 0.79> <FuncUnit> <Opcode : 'add' 'sub'> <InPorts = 2> <OutPorts = 1>
ST_2 : Operation 89 [1/1] (0.38ns)   --->   "%select_ln80_1 = select i1 %icmp_ln80, i11 1, i11 %add_ln80" [bnn.cpp:80]   --->   Operation 89 'select' 'select_ln80_1' <Predicate = (!icmp_ln79)> <Delay = 0.38> <CoreInst = "Sel">   --->   Core 73 'Sel' <Latency = 0> <II = 1> <Delay = 0.38> <FuncUnit> <Opcode : 'select'> <InPorts = 3> <OutPorts = 1>
ST_2 : Operation 90 [1/1] (0.42ns)   --->   "%store_ln79 = store i14 %add_ln79, i14 %indvar_flatten29" [bnn.cpp:79]   --->   Operation 90 'store' 'store_ln79' <Predicate = (!icmp_ln79)> <Delay = 0.42>
ST_2 : Operation 91 [1/1] (0.42ns)   --->   "%store_ln79 = store i5 %select_ln79_3, i5 %oh" [bnn.cpp:79]   --->   Operation 91 'store' 'store_ln79' <Predicate = (!icmp_ln79)> <Delay = 0.42>
ST_2 : Operation 92 [1/1] (0.42ns)   --->   "%store_ln80 = store i11 %select_ln80_1, i11 %indvar_flatten13" [bnn.cpp:80]   --->   Operation 92 'store' 'store_ln80' <Predicate = (!icmp_ln79)> <Delay = 0.42>
ST_2 : Operation 93 [1/1] (0.42ns)   --->   "%store_ln82 = store i6 %add_ln82, i6 %ci" [bnn.cpp:82]   --->   Operation 93 'store' 'store_ln82' <Predicate = (!icmp_ln79)> <Delay = 0.42>

State 3 <SV = 2> <Delay = 2.17>
ST_3 : Operation 94 [1/2] ( I:0.00ns O:0.00ns )   --->   "%W2_0_load = load i9 %W2_0_addr" [bnn.cpp:89]   --->   Operation 94 'load' 'W2_0_load' <Predicate = (!icmp_ln79)> <Delay = 0.00> <CoreInst = "RAM">   --->   Core 82 'RAM' <Latency = 1> <II = 1> <Delay = 1.23> <Storage> <Opcode : 'load' 'store'> <Ports = 2> <Width = 32> <Depth = 288> <RAM>
ST_3 : Operation 95 [1/2] ( I:0.00ns O:0.00ns )   --->   "%W2_1_load = load i9 %W2_1_addr" [bnn.cpp:89]   --->   Operation 95 'load' 'W2_1_load' <Predicate = (!icmp_ln79)> <Delay = 0.00> <CoreInst = "RAM">   --->   Core 82 'RAM' <Latency = 1> <II = 1> <Delay = 1.23> <Storage> <Opcode : 'load' 'store'> <Ports = 2> <Width = 32> <Depth = 288> <RAM>
ST_3 : Operation 96 [1/1] (0.44ns)   --->   "%select_ln89 = select i1 %tmp_16, i32 %W2_1_load, i32 %W2_0_load" [bnn.cpp:89]   --->   Operation 96 'select' 'select_ln89' <Predicate = (!icmp_ln79)> <Delay = 0.44> <CoreInst = "Sel">   --->   Core 73 'Sel' <Latency = 0> <II = 1> <Delay = 0.44> <FuncUnit> <Opcode : 'select'> <InPorts = 3> <OutPorts = 1>
ST_3 : Operation 97 [1/1] (0.00ns)   --->   "%zext_ln89_10 = zext i5 %trunc_ln89" [bnn.cpp:89]   --->   Operation 97 'zext' 'zext_ln89_10' <Predicate = (!icmp_ln79)> <Delay = 0.00>
ST_3 : Operation 98 [1/1] (1.38ns)   --->   "%lshr_ln89 = lshr i32 %select_ln89, i32 %zext_ln89_10" [bnn.cpp:89]   --->   Operation 98 'lshr' 'lshr_ln89' <Predicate = (!icmp_ln79)> <Delay = 1.38> <CoreInst = "Shifter">   --->   Core 75 'Shifter' <Latency = 0> <II = 1> <Delay = 1.38> <FuncUnit> <Opcode : 'shl' 'lshr' 'ashr'> <InPorts = 2> <OutPorts = 1>
ST_3 : Operation 99 [1/2] ( I:0.00ns O:0.00ns )   --->   "%W2_0_load_1 = load i9 %W2_0_addr_1" [bnn.cpp:89]   --->   Operation 99 'load' 'W2_0_load_1' <Predicate = (!icmp_ln79)> <Delay = 0.00> <CoreInst = "RAM">   --->   Core 82 'RAM' <Latency = 1> <II = 1> <Delay = 1.23> <Storage> <Opcode : 'load' 'store'> <Ports = 2> <Width = 32> <Depth = 288> <RAM>
ST_3 : Operation 100 [1/2] ( I:0.00ns O:0.00ns )   --->   "%W2_1_load_1 = load i9 %W2_1_addr_1" [bnn.cpp:89]   --->   Operation 100 'load' 'W2_1_load_1' <Predicate = (!icmp_ln79)> <Delay = 0.00> <CoreInst = "RAM">   --->   Core 82 'RAM' <Latency = 1> <II = 1> <Delay = 1.23> <Storage> <Opcode : 'load' 'store'> <Ports = 2> <Width = 32> <Depth = 288> <RAM>
ST_3 : Operation 101 [1/1] (0.44ns)   --->   "%select_ln89_1 = select i1 %tmp_17, i32 %W2_1_load_1, i32 %W2_0_load_1" [bnn.cpp:89]   --->   Operation 101 'select' 'select_ln89_1' <Predicate = (!icmp_ln79)> <Delay = 0.44> <CoreInst = "Sel">   --->   Core 73 'Sel' <Latency = 0> <II = 1> <Delay = 0.44> <FuncUnit> <Opcode : 'select'> <InPorts = 3> <OutPorts = 1>
ST_3 : Operation 102 [1/1] (0.78ns)   --->   "%add_ln89_2 = add i5 %trunc_ln89, i5 1" [bnn.cpp:89]   --->   Operation 102 'add' 'add_ln89_2' <Predicate = (!icmp_ln79)> <Delay = 0.78> <CoreInst = "Adder">   --->   Core 1 'Adder' <Latency = 0> <II = 1> <Delay = 0.78> <FuncUnit> <Opcode : 'add' 'sub'> <InPorts = 2> <OutPorts = 1>
ST_3 : Operation 103 [1/1] (0.00ns)   --->   "%zext_ln89_11 = zext i5 %add_ln89_2" [bnn.cpp:89]   --->   Operation 103 'zext' 'zext_ln89_11' <Predicate = (!icmp_ln79)> <Delay = 0.00>
ST_3 : Operation 104 [1/1] (1.38ns)   --->   "%lshr_ln89_1 = lshr i32 %select_ln89_1, i32 %zext_ln89_11" [bnn.cpp:89]   --->   Operation 104 'lshr' 'lshr_ln89_1' <Predicate = (!icmp_ln79)> <Delay = 1.38> <CoreInst = "Shifter">   --->   Core 75 'Shifter' <Latency = 0> <II = 1> <Delay = 1.38> <FuncUnit> <Opcode : 'shl' 'lshr' 'ashr'> <InPorts = 2> <OutPorts = 1>
ST_3 : Operation 105 [1/1] (0.84ns)   --->   "%add_ln89_3 = add i15 %add_ln89, i15 2" [bnn.cpp:89]   --->   Operation 105 'add' 'add_ln89_3' <Predicate = (!icmp_ln79)> <Delay = 0.84> <CoreInst = "Adder">   --->   Core 1 'Adder' <Latency = 0> <II = 1> <Delay = 0.84> <FuncUnit> <Opcode : 'add' 'sub'> <InPorts = 2> <OutPorts = 1>
ST_3 : Operation 106 [1/1] (0.00ns)   --->   "%lshr_ln89_4 = partselect i9 @_ssdm_op_PartSelect.i9.i15.i32.i32, i15 %add_ln89_3, i32 6, i32 14" [bnn.cpp:89]   --->   Operation 106 'partselect' 'lshr_ln89_4' <Predicate = (!icmp_ln79)> <Delay = 0.00>
ST_3 : Operation 107 [1/1] (0.00ns)   --->   "%zext_ln89_2 = zext i9 %lshr_ln89_4" [bnn.cpp:89]   --->   Operation 107 'zext' 'zext_ln89_2' <Predicate = (!icmp_ln79)> <Delay = 0.00>
ST_3 : Operation 108 [1/1] (0.00ns)   --->   "%W2_0_addr_2 = getelementptr i32 %W2_0, i64 0, i64 %zext_ln89_2" [bnn.cpp:89]   --->   Operation 108 'getelementptr' 'W2_0_addr_2' <Predicate = (!icmp_ln79)> <Delay = 0.00>
ST_3 : Operation 109 [2/2] (0.00ns)   --->   "%W2_0_load_2 = load i9 %W2_0_addr_2" [bnn.cpp:89]   --->   Operation 109 'load' 'W2_0_load_2' <Predicate = (!icmp_ln79)> <Delay = 0.00> <CoreInst = "RAM">   --->   Core 82 'RAM' <Latency = 1> <II = 1> <Delay = 1.23> <Storage> <Opcode : 'load' 'store'> <Ports = 2> <Width = 32> <Depth = 288> <RAM>
ST_3 : Operation 110 [1/1] (0.00ns)   --->   "%W2_1_addr_2 = getelementptr i32 %W2_1, i64 0, i64 %zext_ln89_2" [bnn.cpp:89]   --->   Operation 110 'getelementptr' 'W2_1_addr_2' <Predicate = (!icmp_ln79)> <Delay = 0.00>
ST_3 : Operation 111 [2/2] (0.00ns)   --->   "%W2_1_load_2 = load i9 %W2_1_addr_2" [bnn.cpp:89]   --->   Operation 111 'load' 'W2_1_load_2' <Predicate = (!icmp_ln79)> <Delay = 0.00> <CoreInst = "RAM">   --->   Core 82 'RAM' <Latency = 1> <II = 1> <Delay = 1.23> <Storage> <Opcode : 'load' 'store'> <Ports = 2> <Width = 32> <Depth = 288> <RAM>
ST_3 : Operation 112 [1/1] (0.00ns)   --->   "%tmp_18 = bitselect i1 @_ssdm_op_BitSelect.i1.i15.i32, i15 %add_ln89_3, i32 5" [bnn.cpp:89]   --->   Operation 112 'bitselect' 'tmp_18' <Predicate = (!icmp_ln79)> <Delay = 0.00>
ST_3 : Operation 113 [1/1] (0.84ns)   --->   "%add_ln89_5 = add i15 %add_ln89, i15 3" [bnn.cpp:89]   --->   Operation 113 'add' 'add_ln89_5' <Predicate = (!icmp_ln79)> <Delay = 0.84> <CoreInst = "Adder">   --->   Core 1 'Adder' <Latency = 0> <II = 1> <Delay = 0.84> <FuncUnit> <Opcode : 'add' 'sub'> <InPorts = 2> <OutPorts = 1>
ST_3 : Operation 114 [1/1] (0.00ns)   --->   "%lshr_ln89_6 = partselect i9 @_ssdm_op_PartSelect.i9.i15.i32.i32, i15 %add_ln89_5, i32 6, i32 14" [bnn.cpp:89]   --->   Operation 114 'partselect' 'lshr_ln89_6' <Predicate = (!icmp_ln79)> <Delay = 0.00>
ST_3 : Operation 115 [1/1] (0.00ns)   --->   "%zext_ln89_3 = zext i9 %lshr_ln89_6" [bnn.cpp:89]   --->   Operation 115 'zext' 'zext_ln89_3' <Predicate = (!icmp_ln79)> <Delay = 0.00>
ST_3 : Operation 116 [1/1] (0.00ns)   --->   "%W2_0_addr_3 = getelementptr i32 %W2_0, i64 0, i64 %zext_ln89_3" [bnn.cpp:89]   --->   Operation 116 'getelementptr' 'W2_0_addr_3' <Predicate = (!icmp_ln79)> <Delay = 0.00>
ST_3 : Operation 117 [2/2] (0.00ns)   --->   "%W2_0_load_3 = load i9 %W2_0_addr_3" [bnn.cpp:89]   --->   Operation 117 'load' 'W2_0_load_3' <Predicate = (!icmp_ln79)> <Delay = 0.00> <CoreInst = "RAM">   --->   Core 82 'RAM' <Latency = 1> <II = 1> <Delay = 1.23> <Storage> <Opcode : 'load' 'store'> <Ports = 2> <Width = 32> <Depth = 288> <RAM>
ST_3 : Operation 118 [1/1] (0.00ns)   --->   "%W2_1_addr_3 = getelementptr i32 %W2_1, i64 0, i64 %zext_ln89_3" [bnn.cpp:89]   --->   Operation 118 'getelementptr' 'W2_1_addr_3' <Predicate = (!icmp_ln79)> <Delay = 0.00>
ST_3 : Operation 119 [2/2] (0.00ns)   --->   "%W2_1_load_3 = load i9 %W2_1_addr_3" [bnn.cpp:89]   --->   Operation 119 'load' 'W2_1_load_3' <Predicate = (!icmp_ln79)> <Delay = 0.00> <CoreInst = "RAM">   --->   Core 82 'RAM' <Latency = 1> <II = 1> <Delay = 1.23> <Storage> <Opcode : 'load' 'store'> <Ports = 2> <Width = 32> <Depth = 288> <RAM>
ST_3 : Operation 120 [1/1] (0.00ns)   --->   "%tmp_19 = bitselect i1 @_ssdm_op_BitSelect.i1.i15.i32, i15 %add_ln89_5, i32 5" [bnn.cpp:89]   --->   Operation 120 'bitselect' 'tmp_19' <Predicate = (!icmp_ln79)> <Delay = 0.00>
ST_3 : Operation 121 [8/9] (1.06ns)   --->   "%urem_ln94 = urem i5 %add_ln94, i5 5" [bnn.cpp:94]   --->   Operation 121 'urem' 'urem_ln94' <Predicate = (!icmp_ln79)> <Delay = 1.06> <CoreInst = "Divider">   --->   Core 6 'Divider' <Latency = 8> <II = 1> <Delay = 1.06> <FuncUnit> <Opcode : 'udiv' 'sdiv' 'urem' 'srem'> <InPorts = 2> <OutPorts = 1>

State 4 <SV = 3> <Delay = 2.17>
ST_4 : Operation 122 [1/1] (0.00ns)   --->   "%zext_ln82 = zext i2 %lshr_ln88_1" [bnn.cpp:82]   --->   Operation 122 'zext' 'zext_ln82' <Predicate = (!icmp_ln79)> <Delay = 0.00>
ST_4 : Operation 123 [1/2] ( I:0.00ns O:0.00ns )   --->   "%W2_0_load_2 = load i9 %W2_0_addr_2" [bnn.cpp:89]   --->   Operation 123 'load' 'W2_0_load_2' <Predicate = (!icmp_ln79)> <Delay = 0.00> <CoreInst = "RAM">   --->   Core 82 'RAM' <Latency = 1> <II = 1> <Delay = 1.23> <Storage> <Opcode : 'load' 'store'> <Ports = 2> <Width = 32> <Depth = 288> <RAM>
ST_4 : Operation 124 [1/2] ( I:0.00ns O:0.00ns )   --->   "%W2_1_load_2 = load i9 %W2_1_addr_2" [bnn.cpp:89]   --->   Operation 124 'load' 'W2_1_load_2' <Predicate = (!icmp_ln79)> <Delay = 0.00> <CoreInst = "RAM">   --->   Core 82 'RAM' <Latency = 1> <II = 1> <Delay = 1.23> <Storage> <Opcode : 'load' 'store'> <Ports = 2> <Width = 32> <Depth = 288> <RAM>
ST_4 : Operation 125 [1/1] (0.44ns)   --->   "%select_ln89_2 = select i1 %tmp_18, i32 %W2_1_load_2, i32 %W2_0_load_2" [bnn.cpp:89]   --->   Operation 125 'select' 'select_ln89_2' <Predicate = (!icmp_ln79)> <Delay = 0.44> <CoreInst = "Sel">   --->   Core 73 'Sel' <Latency = 0> <II = 1> <Delay = 0.44> <FuncUnit> <Opcode : 'select'> <InPorts = 3> <OutPorts = 1>
ST_4 : Operation 126 [1/1] (0.78ns)   --->   "%add_ln89_4 = add i5 %trunc_ln89, i5 2" [bnn.cpp:89]   --->   Operation 126 'add' 'add_ln89_4' <Predicate = (!icmp_ln79)> <Delay = 0.78> <CoreInst = "Adder">   --->   Core 1 'Adder' <Latency = 0> <II = 1> <Delay = 0.78> <FuncUnit> <Opcode : 'add' 'sub'> <InPorts = 2> <OutPorts = 1>
ST_4 : Operation 127 [1/1] (0.00ns)   --->   "%zext_ln89_12 = zext i5 %add_ln89_4" [bnn.cpp:89]   --->   Operation 127 'zext' 'zext_ln89_12' <Predicate = (!icmp_ln79)> <Delay = 0.00>
ST_4 : Operation 128 [1/1] (1.38ns)   --->   "%lshr_ln89_3 = lshr i32 %select_ln89_2, i32 %zext_ln89_12" [bnn.cpp:89]   --->   Operation 128 'lshr' 'lshr_ln89_3' <Predicate = (!icmp_ln79)> <Delay = 1.38> <CoreInst = "Shifter">   --->   Core 75 'Shifter' <Latency = 0> <II = 1> <Delay = 1.38> <FuncUnit> <Opcode : 'shl' 'lshr' 'ashr'> <InPorts = 2> <OutPorts = 1>
ST_4 : Operation 129 [1/2] ( I:0.00ns O:0.00ns )   --->   "%W2_0_load_3 = load i9 %W2_0_addr_3" [bnn.cpp:89]   --->   Operation 129 'load' 'W2_0_load_3' <Predicate = (!icmp_ln79)> <Delay = 0.00> <CoreInst = "RAM">   --->   Core 82 'RAM' <Latency = 1> <II = 1> <Delay = 1.23> <Storage> <Opcode : 'load' 'store'> <Ports = 2> <Width = 32> <Depth = 288> <RAM>
ST_4 : Operation 130 [1/2] ( I:0.00ns O:0.00ns )   --->   "%W2_1_load_3 = load i9 %W2_1_addr_3" [bnn.cpp:89]   --->   Operation 130 'load' 'W2_1_load_3' <Predicate = (!icmp_ln79)> <Delay = 0.00> <CoreInst = "RAM">   --->   Core 82 'RAM' <Latency = 1> <II = 1> <Delay = 1.23> <Storage> <Opcode : 'load' 'store'> <Ports = 2> <Width = 32> <Depth = 288> <RAM>
ST_4 : Operation 131 [1/1] (0.44ns)   --->   "%select_ln89_3 = select i1 %tmp_19, i32 %W2_1_load_3, i32 %W2_0_load_3" [bnn.cpp:89]   --->   Operation 131 'select' 'select_ln89_3' <Predicate = (!icmp_ln79)> <Delay = 0.44> <CoreInst = "Sel">   --->   Core 73 'Sel' <Latency = 0> <II = 1> <Delay = 0.44> <FuncUnit> <Opcode : 'select'> <InPorts = 3> <OutPorts = 1>
ST_4 : Operation 132 [1/1] (0.78ns)   --->   "%add_ln89_6 = add i5 %trunc_ln89, i5 3" [bnn.cpp:89]   --->   Operation 132 'add' 'add_ln89_6' <Predicate = (!icmp_ln79)> <Delay = 0.78> <CoreInst = "Adder">   --->   Core 1 'Adder' <Latency = 0> <II = 1> <Delay = 0.78> <FuncUnit> <Opcode : 'add' 'sub'> <InPorts = 2> <OutPorts = 1>
ST_4 : Operation 133 [1/1] (0.00ns)   --->   "%zext_ln89_13 = zext i5 %add_ln89_6" [bnn.cpp:89]   --->   Operation 133 'zext' 'zext_ln89_13' <Predicate = (!icmp_ln79)> <Delay = 0.00>
ST_4 : Operation 134 [1/1] (1.38ns)   --->   "%lshr_ln89_5 = lshr i32 %select_ln89_3, i32 %zext_ln89_13" [bnn.cpp:89]   --->   Operation 134 'lshr' 'lshr_ln89_5' <Predicate = (!icmp_ln79)> <Delay = 1.38> <CoreInst = "Shifter">   --->   Core 75 'Shifter' <Latency = 0> <II = 1> <Delay = 1.38> <FuncUnit> <Opcode : 'shl' 'lshr' 'ashr'> <InPorts = 2> <OutPorts = 1>
ST_4 : Operation 135 [1/1] (0.00ns)   --->   "%add_ln88_9 = bitconcatenate i10 @_ssdm_op_BitConcatenate.i10.i5.i4.i1, i5 %trunc_ln88, i4 %trunc_ln94, i1 0" [bnn.cpp:88]   --->   Operation 135 'bitconcatenate' 'add_ln88_9' <Predicate = (!icmp_ln79 & !tmp_10)> <Delay = 0.00>
ST_4 : Operation 136 [1/1] (0.00ns)   --->   "%add_ln88_s = bitconcatenate i10 @_ssdm_op_BitConcatenate.i10.i5.i4.i1, i5 %trunc_ln88, i4 %trunc_ln94, i1 %tmp_14" [bnn.cpp:88]   --->   Operation 136 'bitconcatenate' 'add_ln88_s' <Predicate = (!icmp_ln79)> <Delay = 0.00>
ST_4 : Operation 137 [1/1] (0.00ns)   --->   "%zext_ln88_5 = zext i10 %add_ln88_s" [bnn.cpp:88]   --->   Operation 137 'zext' 'zext_ln88_5' <Predicate = (!icmp_ln79)> <Delay = 0.00>
ST_4 : Operation 138 [1/1] (0.00ns)   --->   "%bnn_top_int_const_unsigned_int_const_int_const_unsigned_int_const_int_co_133 = getelementptr i1 %bnn_top_int_const_unsigned_int_const_int_const_unsigned_int_const_int_co_20, i64 0, i64 %zext_ln88_5" [bnn.cpp:88]   --->   Operation 138 'getelementptr' 'bnn_top_int_const_unsigned_int_const_int_const_unsigned_int_const_int_co_133' <Predicate = (!icmp_ln79 & trunc_ln80 == 0)> <Delay = 0.00>
ST_4 : Operation 139 [1/1] (0.00ns)   --->   "%bnn_top_int_const_unsigned_int_const_int_const_unsigned_int_const_int_co_134 = getelementptr i1 %bnn_top_int_const_unsigned_int_const_int_const_unsigned_int_const_int_co_19, i64 0, i64 %zext_ln88_5" [bnn.cpp:88]   --->   Operation 139 'getelementptr' 'bnn_top_int_const_unsigned_int_const_int_const_unsigned_int_const_int_co_134' <Predicate = (!icmp_ln79 & trunc_ln80 == 1)> <Delay = 0.00>
ST_4 : Operation 140 [1/1] (0.00ns)   --->   "%bnn_top_int_const_unsigned_int_const_int_const_unsigned_int_const_int_co_135 = getelementptr i1 %bnn_top_int_const_unsigned_int_const_int_const_unsigned_int_const_int_co_18, i64 0, i64 %zext_ln88_5" [bnn.cpp:88]   --->   Operation 140 'getelementptr' 'bnn_top_int_const_unsigned_int_const_int_const_unsigned_int_const_int_co_135' <Predicate = (!icmp_ln79 & trunc_ln80 == 2)> <Delay = 0.00>
ST_4 : Operation 141 [1/1] (0.00ns)   --->   "%bnn_top_int_const_unsigned_int_const_int_const_unsigned_int_const_int_co_136 = getelementptr i1 %bnn_top_int_const_unsigned_int_const_int_const_unsigned_int_const_int_co_17, i64 0, i64 %zext_ln88_5" [bnn.cpp:88]   --->   Operation 141 'getelementptr' 'bnn_top_int_const_unsigned_int_const_int_const_unsigned_int_const_int_co_136' <Predicate = (!icmp_ln79 & trunc_ln80 == 3)> <Delay = 0.00>
ST_4 : Operation 142 [1/1] (0.00ns)   --->   "%bnn_top_int_const_unsigned_int_const_int_const_unsigned_int_const_int_co_137 = getelementptr i1 %bnn_top_int_const_unsigned_int_const_int_const_unsigned_int_const_int_co_16, i64 0, i64 %zext_ln88_5" [bnn.cpp:88]   --->   Operation 142 'getelementptr' 'bnn_top_int_const_unsigned_int_const_int_const_unsigned_int_const_int_co_137' <Predicate = (!icmp_ln79 & trunc_ln80 == 4)> <Delay = 0.00>
ST_4 : Operation 143 [1/1] (0.00ns)   --->   "%bnn_top_int_const_unsigned_int_const_int_const_unsigned_int_const_int_co_138 = getelementptr i1 %bnn_top_int_const_unsigned_int_const_int_const_unsigned_int_const_int_co_15, i64 0, i64 %zext_ln88_5" [bnn.cpp:88]   --->   Operation 143 'getelementptr' 'bnn_top_int_const_unsigned_int_const_int_const_unsigned_int_const_int_co_138' <Predicate = (!icmp_ln79 & trunc_ln80 == 5)> <Delay = 0.00>
ST_4 : Operation 144 [1/1] (0.00ns)   --->   "%bnn_top_int_const_unsigned_int_const_int_const_unsigned_int_const_int_co_139 = getelementptr i1 %bnn_top_int_const_unsigned_int_const_int_const_unsigned_int_const_int_co_14, i64 0, i64 %zext_ln88_5" [bnn.cpp:88]   --->   Operation 144 'getelementptr' 'bnn_top_int_const_unsigned_int_const_int_const_unsigned_int_const_int_co_139' <Predicate = (!icmp_ln79 & trunc_ln80 == 6)> <Delay = 0.00>
ST_4 : Operation 145 [1/1] (0.00ns)   --->   "%bnn_top_int_const_unsigned_int_const_int_const_unsigned_int_const_int_co_140 = getelementptr i1 %bnn_top_int_const_unsigned_int_const_int_const_unsigned_int_const_int_co_13, i64 0, i64 %zext_ln88_5" [bnn.cpp:88]   --->   Operation 145 'getelementptr' 'bnn_top_int_const_unsigned_int_const_int_const_unsigned_int_const_int_co_140' <Predicate = (!icmp_ln79 & trunc_ln80 == 7)> <Delay = 0.00>
ST_4 : Operation 146 [2/2] (1.23ns)   --->   "%bnn_top_int_const_unsigned_int_const_int_const_unsigned_int_const_int_co_141 = load i10 %bnn_top_int_const_unsigned_int_const_int_const_unsigned_int_const_int_co_133" [bnn.cpp:88]   --->   Operation 146 'load' 'bnn_top_int_const_unsigned_int_const_int_const_unsigned_int_const_int_co_141' <Predicate = (!icmp_ln79 & trunc_ln80 == 0)> <Delay = 1.23> <CoreInst = "RAM">   --->   Core 82 'RAM' <Latency = 1> <II = 1> <Delay = 1.23> <Storage> <Opcode : 'load' 'store'> <Ports = 2> <Width = 1> <Depth = 1024> <RAM>
ST_4 : Operation 147 [2/2] (1.23ns)   --->   "%bnn_top_int_const_unsigned_int_const_int_const_unsigned_int_const_int_co_142 = load i10 %bnn_top_int_const_unsigned_int_const_int_const_unsigned_int_const_int_co_134" [bnn.cpp:88]   --->   Operation 147 'load' 'bnn_top_int_const_unsigned_int_const_int_const_unsigned_int_const_int_co_142' <Predicate = (!icmp_ln79 & trunc_ln80 == 1)> <Delay = 1.23> <CoreInst = "RAM">   --->   Core 82 'RAM' <Latency = 1> <II = 1> <Delay = 1.23> <Storage> <Opcode : 'load' 'store'> <Ports = 2> <Width = 1> <Depth = 1024> <RAM>
ST_4 : Operation 148 [2/2] (1.23ns)   --->   "%bnn_top_int_const_unsigned_int_const_int_const_unsigned_int_const_int_co_143 = load i10 %bnn_top_int_const_unsigned_int_const_int_const_unsigned_int_const_int_co_135" [bnn.cpp:88]   --->   Operation 148 'load' 'bnn_top_int_const_unsigned_int_const_int_const_unsigned_int_const_int_co_143' <Predicate = (!icmp_ln79 & trunc_ln80 == 2)> <Delay = 1.23> <CoreInst = "RAM">   --->   Core 82 'RAM' <Latency = 1> <II = 1> <Delay = 1.23> <Storage> <Opcode : 'load' 'store'> <Ports = 2> <Width = 1> <Depth = 1024> <RAM>
ST_4 : Operation 149 [2/2] (1.23ns)   --->   "%bnn_top_int_const_unsigned_int_const_int_const_unsigned_int_const_int_co_144 = load i10 %bnn_top_int_const_unsigned_int_const_int_const_unsigned_int_const_int_co_136" [bnn.cpp:88]   --->   Operation 149 'load' 'bnn_top_int_const_unsigned_int_const_int_const_unsigned_int_const_int_co_144' <Predicate = (!icmp_ln79 & trunc_ln80 == 3)> <Delay = 1.23> <CoreInst = "RAM">   --->   Core 82 'RAM' <Latency = 1> <II = 1> <Delay = 1.23> <Storage> <Opcode : 'load' 'store'> <Ports = 2> <Width = 1> <Depth = 1024> <RAM>
ST_4 : Operation 150 [2/2] (1.23ns)   --->   "%bnn_top_int_const_unsigned_int_const_int_const_unsigned_int_const_int_co_145 = load i10 %bnn_top_int_const_unsigned_int_const_int_const_unsigned_int_const_int_co_137" [bnn.cpp:88]   --->   Operation 150 'load' 'bnn_top_int_const_unsigned_int_const_int_const_unsigned_int_const_int_co_145' <Predicate = (!icmp_ln79 & trunc_ln80 == 4)> <Delay = 1.23> <CoreInst = "RAM">   --->   Core 82 'RAM' <Latency = 1> <II = 1> <Delay = 1.23> <Storage> <Opcode : 'load' 'store'> <Ports = 2> <Width = 1> <Depth = 1024> <RAM>
ST_4 : Operation 151 [2/2] (1.23ns)   --->   "%bnn_top_int_const_unsigned_int_const_int_const_unsigned_int_const_int_co_146 = load i10 %bnn_top_int_const_unsigned_int_const_int_const_unsigned_int_const_int_co_138" [bnn.cpp:88]   --->   Operation 151 'load' 'bnn_top_int_const_unsigned_int_const_int_const_unsigned_int_const_int_co_146' <Predicate = (!icmp_ln79 & trunc_ln80 == 5)> <Delay = 1.23> <CoreInst = "RAM">   --->   Core 82 'RAM' <Latency = 1> <II = 1> <Delay = 1.23> <Storage> <Opcode : 'load' 'store'> <Ports = 2> <Width = 1> <Depth = 1024> <RAM>
ST_4 : Operation 152 [2/2] (1.23ns)   --->   "%bnn_top_int_const_unsigned_int_const_int_const_unsigned_int_const_int_co_147 = load i10 %bnn_top_int_const_unsigned_int_const_int_const_unsigned_int_const_int_co_139" [bnn.cpp:88]   --->   Operation 152 'load' 'bnn_top_int_const_unsigned_int_const_int_const_unsigned_int_const_int_co_147' <Predicate = (!icmp_ln79 & trunc_ln80 == 6)> <Delay = 1.23> <CoreInst = "RAM">   --->   Core 82 'RAM' <Latency = 1> <II = 1> <Delay = 1.23> <Storage> <Opcode : 'load' 'store'> <Ports = 2> <Width = 1> <Depth = 1024> <RAM>
ST_4 : Operation 153 [2/2] (1.23ns)   --->   "%bnn_top_int_const_unsigned_int_const_int_const_unsigned_int_const_int_co_148 = load i10 %bnn_top_int_const_unsigned_int_const_int_const_unsigned_int_const_int_co_140" [bnn.cpp:88]   --->   Operation 153 'load' 'bnn_top_int_const_unsigned_int_const_int_const_unsigned_int_const_int_co_148' <Predicate = (!icmp_ln79 & trunc_ln80 == 7)> <Delay = 1.23> <CoreInst = "RAM">   --->   Core 82 'RAM' <Latency = 1> <II = 1> <Delay = 1.23> <Storage> <Opcode : 'load' 'store'> <Ports = 2> <Width = 1> <Depth = 1024> <RAM>
ST_4 : Operation 154 [1/1] (0.84ns)   --->   "%add_ln89_7 = add i15 %add_ln89, i15 4" [bnn.cpp:89]   --->   Operation 154 'add' 'add_ln89_7' <Predicate = (!icmp_ln79)> <Delay = 0.84> <CoreInst = "Adder">   --->   Core 1 'Adder' <Latency = 0> <II = 1> <Delay = 0.84> <FuncUnit> <Opcode : 'add' 'sub'> <InPorts = 2> <OutPorts = 1>
ST_4 : Operation 155 [1/1] (0.00ns)   --->   "%lshr_ln89_8 = partselect i9 @_ssdm_op_PartSelect.i9.i15.i32.i32, i15 %add_ln89_7, i32 6, i32 14" [bnn.cpp:89]   --->   Operation 155 'partselect' 'lshr_ln89_8' <Predicate = (!icmp_ln79)> <Delay = 0.00>
ST_4 : Operation 156 [1/1] (0.00ns)   --->   "%zext_ln89_4 = zext i9 %lshr_ln89_8" [bnn.cpp:89]   --->   Operation 156 'zext' 'zext_ln89_4' <Predicate = (!icmp_ln79)> <Delay = 0.00>
ST_4 : Operation 157 [1/1] (0.00ns)   --->   "%W2_0_addr_4 = getelementptr i32 %W2_0, i64 0, i64 %zext_ln89_4" [bnn.cpp:89]   --->   Operation 157 'getelementptr' 'W2_0_addr_4' <Predicate = (!icmp_ln79)> <Delay = 0.00>
ST_4 : Operation 158 [2/2] (0.00ns)   --->   "%W2_0_load_4 = load i9 %W2_0_addr_4" [bnn.cpp:89]   --->   Operation 158 'load' 'W2_0_load_4' <Predicate = (!icmp_ln79)> <Delay = 0.00> <CoreInst = "RAM">   --->   Core 82 'RAM' <Latency = 1> <II = 1> <Delay = 1.23> <Storage> <Opcode : 'load' 'store'> <Ports = 2> <Width = 32> <Depth = 288> <RAM>
ST_4 : Operation 159 [1/1] (0.00ns)   --->   "%W2_1_addr_4 = getelementptr i32 %W2_1, i64 0, i64 %zext_ln89_4" [bnn.cpp:89]   --->   Operation 159 'getelementptr' 'W2_1_addr_4' <Predicate = (!icmp_ln79)> <Delay = 0.00>
ST_4 : Operation 160 [2/2] (0.00ns)   --->   "%W2_1_load_4 = load i9 %W2_1_addr_4" [bnn.cpp:89]   --->   Operation 160 'load' 'W2_1_load_4' <Predicate = (!icmp_ln79)> <Delay = 0.00> <CoreInst = "RAM">   --->   Core 82 'RAM' <Latency = 1> <II = 1> <Delay = 1.23> <Storage> <Opcode : 'load' 'store'> <Ports = 2> <Width = 32> <Depth = 288> <RAM>
ST_4 : Operation 161 [1/1] (0.00ns)   --->   "%tmp_20 = bitselect i1 @_ssdm_op_BitSelect.i1.i15.i32, i15 %add_ln89_7, i32 5" [bnn.cpp:89]   --->   Operation 161 'bitselect' 'tmp_20' <Predicate = (!icmp_ln79)> <Delay = 0.00>
ST_4 : Operation 162 [1/1] (0.78ns)   --->   "%add_ln88_7 = add i10 %add_ln88_9, i10 %zext_ln82" [bnn.cpp:88]   --->   Operation 162 'add' 'add_ln88_7' <Predicate = (!icmp_ln79 & !tmp_10)> <Delay = 0.78> <CoreInst = "Adder">   --->   Core 1 'Adder' <Latency = 0> <II = 1> <Delay = 0.78> <FuncUnit> <Opcode : 'add' 'sub'> <InPorts = 2> <OutPorts = 1>
ST_4 : Operation 163 [1/1] (0.00ns)   --->   "%zext_ln88_6 = zext i10 %add_ln88_7" [bnn.cpp:88]   --->   Operation 163 'zext' 'zext_ln88_6' <Predicate = (!icmp_ln79 & !tmp_10)> <Delay = 0.00>
ST_4 : Operation 164 [1/1] (0.00ns)   --->   "%bnn_top_int_const_unsigned_int_const_int_const_unsigned_int_const_int_co_149 = getelementptr i1 %bnn_top_int_const_unsigned_int_const_int_const_unsigned_int_const_int_co_20, i64 0, i64 %zext_ln88_6" [bnn.cpp:88]   --->   Operation 164 'getelementptr' 'bnn_top_int_const_unsigned_int_const_int_const_unsigned_int_const_int_co_149' <Predicate = (!icmp_ln79 & !tmp_10 & trunc_ln80 == 7)> <Delay = 0.00>
ST_4 : Operation 165 [1/1] (0.00ns)   --->   "%bnn_top_int_const_unsigned_int_const_int_const_unsigned_int_const_int_co_150 = getelementptr i1 %bnn_top_int_const_unsigned_int_const_int_const_unsigned_int_const_int_co_19, i64 0, i64 %zext_ln88_6" [bnn.cpp:88]   --->   Operation 165 'getelementptr' 'bnn_top_int_const_unsigned_int_const_int_const_unsigned_int_const_int_co_150' <Predicate = (!icmp_ln79 & !tmp_10 & trunc_ln80 == 0)> <Delay = 0.00>
ST_4 : Operation 166 [1/1] (0.00ns)   --->   "%bnn_top_int_const_unsigned_int_const_int_const_unsigned_int_const_int_co_151 = getelementptr i1 %bnn_top_int_const_unsigned_int_const_int_const_unsigned_int_const_int_co_18, i64 0, i64 %zext_ln88_6" [bnn.cpp:88]   --->   Operation 166 'getelementptr' 'bnn_top_int_const_unsigned_int_const_int_const_unsigned_int_const_int_co_151' <Predicate = (!icmp_ln79 & !tmp_10 & trunc_ln80 == 1)> <Delay = 0.00>
ST_4 : Operation 167 [1/1] (0.00ns)   --->   "%bnn_top_int_const_unsigned_int_const_int_const_unsigned_int_const_int_co_152 = getelementptr i1 %bnn_top_int_const_unsigned_int_const_int_const_unsigned_int_const_int_co_17, i64 0, i64 %zext_ln88_6" [bnn.cpp:88]   --->   Operation 167 'getelementptr' 'bnn_top_int_const_unsigned_int_const_int_const_unsigned_int_const_int_co_152' <Predicate = (!icmp_ln79 & !tmp_10 & trunc_ln80 == 2)> <Delay = 0.00>
ST_4 : Operation 168 [1/1] (0.00ns)   --->   "%bnn_top_int_const_unsigned_int_const_int_const_unsigned_int_const_int_co_153 = getelementptr i1 %bnn_top_int_const_unsigned_int_const_int_const_unsigned_int_const_int_co_16, i64 0, i64 %zext_ln88_6" [bnn.cpp:88]   --->   Operation 168 'getelementptr' 'bnn_top_int_const_unsigned_int_const_int_const_unsigned_int_const_int_co_153' <Predicate = (!icmp_ln79 & !tmp_10 & trunc_ln80 == 3)> <Delay = 0.00>
ST_4 : Operation 169 [1/1] (0.00ns)   --->   "%bnn_top_int_const_unsigned_int_const_int_const_unsigned_int_const_int_co_154 = getelementptr i1 %bnn_top_int_const_unsigned_int_const_int_const_unsigned_int_const_int_co_15, i64 0, i64 %zext_ln88_6" [bnn.cpp:88]   --->   Operation 169 'getelementptr' 'bnn_top_int_const_unsigned_int_const_int_const_unsigned_int_const_int_co_154' <Predicate = (!icmp_ln79 & !tmp_10 & trunc_ln80 == 4)> <Delay = 0.00>
ST_4 : Operation 170 [1/1] (0.00ns)   --->   "%bnn_top_int_const_unsigned_int_const_int_const_unsigned_int_const_int_co_155 = getelementptr i1 %bnn_top_int_const_unsigned_int_const_int_const_unsigned_int_const_int_co_14, i64 0, i64 %zext_ln88_6" [bnn.cpp:88]   --->   Operation 170 'getelementptr' 'bnn_top_int_const_unsigned_int_const_int_const_unsigned_int_const_int_co_155' <Predicate = (!icmp_ln79 & !tmp_10 & trunc_ln80 == 5)> <Delay = 0.00>
ST_4 : Operation 171 [1/1] (0.00ns)   --->   "%bnn_top_int_const_unsigned_int_const_int_const_unsigned_int_const_int_co_156 = getelementptr i1 %bnn_top_int_const_unsigned_int_const_int_const_unsigned_int_const_int_co_13, i64 0, i64 %zext_ln88_6" [bnn.cpp:88]   --->   Operation 171 'getelementptr' 'bnn_top_int_const_unsigned_int_const_int_const_unsigned_int_const_int_co_156' <Predicate = (!icmp_ln79 & !tmp_10 & trunc_ln80 == 6)> <Delay = 0.00>
ST_4 : Operation 172 [2/2] (1.23ns)   --->   "%bnn_top_int_const_unsigned_int_const_int_const_unsigned_int_const_int_co_157 = load i10 %bnn_top_int_const_unsigned_int_const_int_const_unsigned_int_const_int_co_149" [bnn.cpp:88]   --->   Operation 172 'load' 'bnn_top_int_const_unsigned_int_const_int_const_unsigned_int_const_int_co_157' <Predicate = (!icmp_ln79 & !tmp_10 & trunc_ln80 == 7)> <Delay = 1.23> <CoreInst = "RAM">   --->   Core 82 'RAM' <Latency = 1> <II = 1> <Delay = 1.23> <Storage> <Opcode : 'load' 'store'> <Ports = 2> <Width = 1> <Depth = 1024> <RAM>
ST_4 : Operation 173 [2/2] (1.23ns)   --->   "%bnn_top_int_const_unsigned_int_const_int_const_unsigned_int_const_int_co_158 = load i10 %bnn_top_int_const_unsigned_int_const_int_const_unsigned_int_const_int_co_150" [bnn.cpp:88]   --->   Operation 173 'load' 'bnn_top_int_const_unsigned_int_const_int_const_unsigned_int_const_int_co_158' <Predicate = (!icmp_ln79 & !tmp_10 & trunc_ln80 == 0)> <Delay = 1.23> <CoreInst = "RAM">   --->   Core 82 'RAM' <Latency = 1> <II = 1> <Delay = 1.23> <Storage> <Opcode : 'load' 'store'> <Ports = 2> <Width = 1> <Depth = 1024> <RAM>
ST_4 : Operation 174 [2/2] (1.23ns)   --->   "%bnn_top_int_const_unsigned_int_const_int_const_unsigned_int_const_int_co_159 = load i10 %bnn_top_int_const_unsigned_int_const_int_const_unsigned_int_const_int_co_151" [bnn.cpp:88]   --->   Operation 174 'load' 'bnn_top_int_const_unsigned_int_const_int_const_unsigned_int_const_int_co_159' <Predicate = (!icmp_ln79 & !tmp_10 & trunc_ln80 == 1)> <Delay = 1.23> <CoreInst = "RAM">   --->   Core 82 'RAM' <Latency = 1> <II = 1> <Delay = 1.23> <Storage> <Opcode : 'load' 'store'> <Ports = 2> <Width = 1> <Depth = 1024> <RAM>
ST_4 : Operation 175 [2/2] (1.23ns)   --->   "%bnn_top_int_const_unsigned_int_const_int_const_unsigned_int_const_int_co_160 = load i10 %bnn_top_int_const_unsigned_int_const_int_const_unsigned_int_const_int_co_152" [bnn.cpp:88]   --->   Operation 175 'load' 'bnn_top_int_const_unsigned_int_const_int_const_unsigned_int_const_int_co_160' <Predicate = (!icmp_ln79 & !tmp_10 & trunc_ln80 == 2)> <Delay = 1.23> <CoreInst = "RAM">   --->   Core 82 'RAM' <Latency = 1> <II = 1> <Delay = 1.23> <Storage> <Opcode : 'load' 'store'> <Ports = 2> <Width = 1> <Depth = 1024> <RAM>
ST_4 : Operation 176 [2/2] (1.23ns)   --->   "%bnn_top_int_const_unsigned_int_const_int_const_unsigned_int_const_int_co_161 = load i10 %bnn_top_int_const_unsigned_int_const_int_const_unsigned_int_const_int_co_153" [bnn.cpp:88]   --->   Operation 176 'load' 'bnn_top_int_const_unsigned_int_const_int_const_unsigned_int_const_int_co_161' <Predicate = (!icmp_ln79 & !tmp_10 & trunc_ln80 == 3)> <Delay = 1.23> <CoreInst = "RAM">   --->   Core 82 'RAM' <Latency = 1> <II = 1> <Delay = 1.23> <Storage> <Opcode : 'load' 'store'> <Ports = 2> <Width = 1> <Depth = 1024> <RAM>
ST_4 : Operation 177 [2/2] (1.23ns)   --->   "%bnn_top_int_const_unsigned_int_const_int_const_unsigned_int_const_int_co_162 = load i10 %bnn_top_int_const_unsigned_int_const_int_const_unsigned_int_const_int_co_154" [bnn.cpp:88]   --->   Operation 177 'load' 'bnn_top_int_const_unsigned_int_const_int_const_unsigned_int_const_int_co_162' <Predicate = (!icmp_ln79 & !tmp_10 & trunc_ln80 == 4)> <Delay = 1.23> <CoreInst = "RAM">   --->   Core 82 'RAM' <Latency = 1> <II = 1> <Delay = 1.23> <Storage> <Opcode : 'load' 'store'> <Ports = 2> <Width = 1> <Depth = 1024> <RAM>
ST_4 : Operation 178 [2/2] (1.23ns)   --->   "%bnn_top_int_const_unsigned_int_const_int_const_unsigned_int_const_int_co_163 = load i10 %bnn_top_int_const_unsigned_int_const_int_const_unsigned_int_const_int_co_155" [bnn.cpp:88]   --->   Operation 178 'load' 'bnn_top_int_const_unsigned_int_const_int_const_unsigned_int_const_int_co_163' <Predicate = (!icmp_ln79 & !tmp_10 & trunc_ln80 == 5)> <Delay = 1.23> <CoreInst = "RAM">   --->   Core 82 'RAM' <Latency = 1> <II = 1> <Delay = 1.23> <Storage> <Opcode : 'load' 'store'> <Ports = 2> <Width = 1> <Depth = 1024> <RAM>
ST_4 : Operation 179 [2/2] (1.23ns)   --->   "%bnn_top_int_const_unsigned_int_const_int_const_unsigned_int_const_int_co_164 = load i10 %bnn_top_int_const_unsigned_int_const_int_const_unsigned_int_const_int_co_156" [bnn.cpp:88]   --->   Operation 179 'load' 'bnn_top_int_const_unsigned_int_const_int_const_unsigned_int_const_int_co_164' <Predicate = (!icmp_ln79 & !tmp_10 & trunc_ln80 == 6)> <Delay = 1.23> <CoreInst = "RAM">   --->   Core 82 'RAM' <Latency = 1> <II = 1> <Delay = 1.23> <Storage> <Opcode : 'load' 'store'> <Ports = 2> <Width = 1> <Depth = 1024> <RAM>
ST_4 : Operation 180 [1/1] (0.84ns)   --->   "%add_ln89_9 = add i15 %add_ln89, i15 5" [bnn.cpp:89]   --->   Operation 180 'add' 'add_ln89_9' <Predicate = (!icmp_ln79 & !tmp_10)> <Delay = 0.84> <CoreInst = "Adder">   --->   Core 1 'Adder' <Latency = 0> <II = 1> <Delay = 0.84> <FuncUnit> <Opcode : 'add' 'sub'> <InPorts = 2> <OutPorts = 1>
ST_4 : Operation 181 [1/1] (0.00ns)   --->   "%lshr_ln89_s = partselect i9 @_ssdm_op_PartSelect.i9.i15.i32.i32, i15 %add_ln89_9, i32 6, i32 14" [bnn.cpp:89]   --->   Operation 181 'partselect' 'lshr_ln89_s' <Predicate = (!icmp_ln79 & !tmp_10)> <Delay = 0.00>
ST_4 : Operation 182 [1/1] (0.00ns)   --->   "%zext_ln89_5 = zext i9 %lshr_ln89_s" [bnn.cpp:89]   --->   Operation 182 'zext' 'zext_ln89_5' <Predicate = (!icmp_ln79 & !tmp_10)> <Delay = 0.00>
ST_4 : Operation 183 [1/1] (0.00ns)   --->   "%W2_0_addr_5 = getelementptr i32 %W2_0, i64 0, i64 %zext_ln89_5" [bnn.cpp:89]   --->   Operation 183 'getelementptr' 'W2_0_addr_5' <Predicate = (!icmp_ln79 & !tmp_10)> <Delay = 0.00>
ST_4 : Operation 184 [2/2] (0.00ns)   --->   "%W2_0_load_5 = load i9 %W2_0_addr_5" [bnn.cpp:89]   --->   Operation 184 'load' 'W2_0_load_5' <Predicate = (!icmp_ln79 & !tmp_10)> <Delay = 0.00> <CoreInst = "RAM">   --->   Core 82 'RAM' <Latency = 1> <II = 1> <Delay = 1.23> <Storage> <Opcode : 'load' 'store'> <Ports = 2> <Width = 32> <Depth = 288> <RAM>
ST_4 : Operation 185 [1/1] (0.00ns)   --->   "%W2_1_addr_5 = getelementptr i32 %W2_1, i64 0, i64 %zext_ln89_5" [bnn.cpp:89]   --->   Operation 185 'getelementptr' 'W2_1_addr_5' <Predicate = (!icmp_ln79 & !tmp_10)> <Delay = 0.00>
ST_4 : Operation 186 [2/2] (0.00ns)   --->   "%W2_1_load_5 = load i9 %W2_1_addr_5" [bnn.cpp:89]   --->   Operation 186 'load' 'W2_1_load_5' <Predicate = (!icmp_ln79 & !tmp_10)> <Delay = 0.00> <CoreInst = "RAM">   --->   Core 82 'RAM' <Latency = 1> <II = 1> <Delay = 1.23> <Storage> <Opcode : 'load' 'store'> <Ports = 2> <Width = 32> <Depth = 288> <RAM>
ST_4 : Operation 187 [1/1] (0.00ns)   --->   "%tmp_21 = bitselect i1 @_ssdm_op_BitSelect.i1.i15.i32, i15 %add_ln89_9, i32 5" [bnn.cpp:89]   --->   Operation 187 'bitselect' 'tmp_21' <Predicate = (!icmp_ln79 & !tmp_10)> <Delay = 0.00>
ST_4 : Operation 188 [7/9] (1.06ns)   --->   "%urem_ln94 = urem i5 %add_ln94, i5 5" [bnn.cpp:94]   --->   Operation 188 'urem' 'urem_ln94' <Predicate = (!icmp_ln79)> <Delay = 1.06> <CoreInst = "Divider">   --->   Core 6 'Divider' <Latency = 8> <II = 1> <Delay = 1.06> <FuncUnit> <Opcode : 'udiv' 'sdiv' 'urem' 'srem'> <InPorts = 2> <OutPorts = 1>

State 5 <SV = 4> <Delay = 3.61>
ST_5 : Operation 189 [1/1] (0.00ns)   --->   "%zext_ln87 = zext i5 %select_ln79_3" [bnn.cpp:87]   --->   Operation 189 'zext' 'zext_ln87' <Predicate = (!icmp_ln79)> <Delay = 0.00>
ST_5 : Operation 190 [1/1] (0.00ns)   --->   "%shl_ln3 = bitconcatenate i8 @_ssdm_op_BitConcatenate.i8.i4.i4, i4 %trunc_ln94, i4 0" [bnn.cpp:94]   --->   Operation 190 'bitconcatenate' 'shl_ln3' <Predicate = (!icmp_ln79)> <Delay = 0.00>
ST_5 : Operation 191 [1/1] (0.00ns)   --->   "%zext_ln86 = zext i8 %shl_ln3" [bnn.cpp:86]   --->   Operation 191 'zext' 'zext_ln86' <Predicate = (!icmp_ln79)> <Delay = 0.00>
ST_5 : Operation 192 [1/1] (0.00ns) (grouped into LUT with out node add_ln88)   --->   "%shl_ln88 = shl i5 %select_ln79_3, i5 1" [bnn.cpp:88]   --->   Operation 192 'shl' 'shl_ln88' <Predicate = (!icmp_ln79)> <Delay = 0.00>
ST_5 : Operation 193 [1/1] (0.00ns) (grouped into LUT with out node add_ln88)   --->   "%zext_ln88 = zext i5 %shl_ln88" [bnn.cpp:88]   --->   Operation 193 'zext' 'zext_ln88' <Predicate = (!icmp_ln79)> <Delay = 0.00>
ST_5 : Operation 194 [1/1] (0.78ns) (out node of the LUT)   --->   "%add_ln88 = add i6 %zext_ln88, i6 2" [bnn.cpp:88]   --->   Operation 194 'add' 'add_ln88' <Predicate = (!icmp_ln79)> <Delay = 0.78> <CoreInst = "Adder">   --->   Core 1 'Adder' <Latency = 0> <II = 1> <Delay = 0.78> <FuncUnit> <Opcode : 'add' 'sub'> <InPorts = 2> <OutPorts = 1>
ST_5 : Operation 195 [1/1] (0.00ns)   --->   "%zext_ln94 = zext i6 %add_ln88" [bnn.cpp:94]   --->   Operation 195 'zext' 'zext_ln94' <Predicate = (!icmp_ln79)> <Delay = 0.00>
ST_5 : Operation 196 [1/1] (0.00ns) (grouped into TernaryAdder)   --->   "%sub_ln87 = sub i8 %shl_ln3, i8 %zext_ln87" [bnn.cpp:87]   --->   Operation 196 'sub' 'sub_ln87' <Predicate = (!icmp_ln79)> <Delay = 0.00> <CoreInst = "TAddSub">   --->   Core 10 'TAddSub' <Latency = 0> <II = 1> <Delay = 0.52> <IPBlock> <Opcode : 'add' 'sub'> <InPorts = 3> <OutPorts = 1> <Sync> <CReg>
ST_5 : Operation 197 [1/1] (0.78ns)   --->   "%add_ln86_1 = add i5 %select_ln80, i5 31" [bnn.cpp:86]   --->   Operation 197 'add' 'add_ln86_1' <Predicate = (!icmp_ln79)> <Delay = 0.78> <CoreInst = "Adder">   --->   Core 1 'Adder' <Latency = 0> <II = 1> <Delay = 0.78> <FuncUnit> <Opcode : 'add' 'sub'> <InPorts = 2> <OutPorts = 1>
ST_5 : Operation 198 [1/1] (0.00ns)   --->   "%sext_ln87 = sext i5 %add_ln86_1" [bnn.cpp:87]   --->   Operation 198 'sext' 'sext_ln87' <Predicate = (!icmp_ln79)> <Delay = 0.00>
ST_5 : Operation 199 [1/1] (0.00ns)   --->   "%tmp_9 = bitselect i1 @_ssdm_op_BitSelect.i1.i5.i32, i5 %add_ln86_1, i32 4" [bnn.cpp:87]   --->   Operation 199 'bitselect' 'tmp_9' <Predicate = (!icmp_ln79)> <Delay = 0.00>
ST_5 : Operation 200 [1/1] (0.00ns)   --->   "%shl_ln88_2 = bitconcatenate i10 @_ssdm_op_BitConcatenate.i10.i5.i5, i5 %trunc_ln88, i5 0" [bnn.cpp:88]   --->   Operation 200 'bitconcatenate' 'shl_ln88_2' <Predicate = (!icmp_ln79)> <Delay = 0.00>
ST_5 : Operation 201 [1/2] ( I:1.23ns O:1.23ns )   --->   "%bnn_top_int_const_unsigned_int_const_int_const_unsigned_int_const_int_co_141 = load i10 %bnn_top_int_const_unsigned_int_const_int_const_unsigned_int_const_int_co_133" [bnn.cpp:88]   --->   Operation 201 'load' 'bnn_top_int_const_unsigned_int_const_int_const_unsigned_int_const_int_co_141' <Predicate = (!icmp_ln79 & trunc_ln80 == 0)> <Delay = 1.23> <CoreInst = "RAM">   --->   Core 82 'RAM' <Latency = 1> <II = 1> <Delay = 1.23> <Storage> <Opcode : 'load' 'store'> <Ports = 2> <Width = 1> <Depth = 1024> <RAM>
ST_5 : Operation 202 [1/2] ( I:1.23ns O:1.23ns )   --->   "%bnn_top_int_const_unsigned_int_const_int_const_unsigned_int_const_int_co_142 = load i10 %bnn_top_int_const_unsigned_int_const_int_const_unsigned_int_const_int_co_134" [bnn.cpp:88]   --->   Operation 202 'load' 'bnn_top_int_const_unsigned_int_const_int_const_unsigned_int_const_int_co_142' <Predicate = (!icmp_ln79 & trunc_ln80 == 1)> <Delay = 1.23> <CoreInst = "RAM">   --->   Core 82 'RAM' <Latency = 1> <II = 1> <Delay = 1.23> <Storage> <Opcode : 'load' 'store'> <Ports = 2> <Width = 1> <Depth = 1024> <RAM>
ST_5 : Operation 203 [1/2] ( I:1.23ns O:1.23ns )   --->   "%bnn_top_int_const_unsigned_int_const_int_const_unsigned_int_const_int_co_143 = load i10 %bnn_top_int_const_unsigned_int_const_int_const_unsigned_int_const_int_co_135" [bnn.cpp:88]   --->   Operation 203 'load' 'bnn_top_int_const_unsigned_int_const_int_const_unsigned_int_const_int_co_143' <Predicate = (!icmp_ln79 & trunc_ln80 == 2)> <Delay = 1.23> <CoreInst = "RAM">   --->   Core 82 'RAM' <Latency = 1> <II = 1> <Delay = 1.23> <Storage> <Opcode : 'load' 'store'> <Ports = 2> <Width = 1> <Depth = 1024> <RAM>
ST_5 : Operation 204 [1/2] ( I:1.23ns O:1.23ns )   --->   "%bnn_top_int_const_unsigned_int_const_int_const_unsigned_int_const_int_co_144 = load i10 %bnn_top_int_const_unsigned_int_const_int_const_unsigned_int_const_int_co_136" [bnn.cpp:88]   --->   Operation 204 'load' 'bnn_top_int_const_unsigned_int_const_int_const_unsigned_int_const_int_co_144' <Predicate = (!icmp_ln79 & trunc_ln80 == 3)> <Delay = 1.23> <CoreInst = "RAM">   --->   Core 82 'RAM' <Latency = 1> <II = 1> <Delay = 1.23> <Storage> <Opcode : 'load' 'store'> <Ports = 2> <Width = 1> <Depth = 1024> <RAM>
ST_5 : Operation 205 [1/2] ( I:1.23ns O:1.23ns )   --->   "%bnn_top_int_const_unsigned_int_const_int_const_unsigned_int_const_int_co_145 = load i10 %bnn_top_int_const_unsigned_int_const_int_const_unsigned_int_const_int_co_137" [bnn.cpp:88]   --->   Operation 205 'load' 'bnn_top_int_const_unsigned_int_const_int_const_unsigned_int_const_int_co_145' <Predicate = (!icmp_ln79 & trunc_ln80 == 4)> <Delay = 1.23> <CoreInst = "RAM">   --->   Core 82 'RAM' <Latency = 1> <II = 1> <Delay = 1.23> <Storage> <Opcode : 'load' 'store'> <Ports = 2> <Width = 1> <Depth = 1024> <RAM>
ST_5 : Operation 206 [1/2] ( I:1.23ns O:1.23ns )   --->   "%bnn_top_int_const_unsigned_int_const_int_const_unsigned_int_const_int_co_146 = load i10 %bnn_top_int_const_unsigned_int_const_int_const_unsigned_int_const_int_co_138" [bnn.cpp:88]   --->   Operation 206 'load' 'bnn_top_int_const_unsigned_int_const_int_const_unsigned_int_const_int_co_146' <Predicate = (!icmp_ln79 & trunc_ln80 == 5)> <Delay = 1.23> <CoreInst = "RAM">   --->   Core 82 'RAM' <Latency = 1> <II = 1> <Delay = 1.23> <Storage> <Opcode : 'load' 'store'> <Ports = 2> <Width = 1> <Depth = 1024> <RAM>
ST_5 : Operation 207 [1/2] ( I:1.23ns O:1.23ns )   --->   "%bnn_top_int_const_unsigned_int_const_int_const_unsigned_int_const_int_co_147 = load i10 %bnn_top_int_const_unsigned_int_const_int_const_unsigned_int_const_int_co_139" [bnn.cpp:88]   --->   Operation 207 'load' 'bnn_top_int_const_unsigned_int_const_int_const_unsigned_int_const_int_co_147' <Predicate = (!icmp_ln79 & trunc_ln80 == 6)> <Delay = 1.23> <CoreInst = "RAM">   --->   Core 82 'RAM' <Latency = 1> <II = 1> <Delay = 1.23> <Storage> <Opcode : 'load' 'store'> <Ports = 2> <Width = 1> <Depth = 1024> <RAM>
ST_5 : Operation 208 [1/2] ( I:1.23ns O:1.23ns )   --->   "%bnn_top_int_const_unsigned_int_const_int_const_unsigned_int_const_int_co_148 = load i10 %bnn_top_int_const_unsigned_int_const_int_const_unsigned_int_const_int_co_140" [bnn.cpp:88]   --->   Operation 208 'load' 'bnn_top_int_const_unsigned_int_const_int_const_unsigned_int_const_int_co_148' <Predicate = (!icmp_ln79 & trunc_ln80 == 7)> <Delay = 1.23> <CoreInst = "RAM">   --->   Core 82 'RAM' <Latency = 1> <II = 1> <Delay = 1.23> <Storage> <Opcode : 'load' 'store'> <Ports = 2> <Width = 1> <Depth = 1024> <RAM>
ST_5 : Operation 209 [1/1] (0.72ns)   --->   "%a_4 = sparsemux i1 @_ssdm_op_SparseMux.ap_auto.8i1.i1.i3, i3 0, i1 %bnn_top_int_const_unsigned_int_const_int_const_unsigned_int_const_int_co_141, i3 1, i1 %bnn_top_int_const_unsigned_int_const_int_const_unsigned_int_const_int_co_142, i3 2, i1 %bnn_top_int_const_unsigned_int_const_int_const_unsigned_int_const_int_co_143, i3 3, i1 %bnn_top_int_const_unsigned_int_const_int_const_unsigned_int_const_int_co_144, i3 4, i1 %bnn_top_int_const_unsigned_int_const_int_const_unsigned_int_const_int_co_145, i3 5, i1 %bnn_top_int_const_unsigned_int_const_int_const_unsigned_int_const_int_co_146, i3 6, i1 %bnn_top_int_const_unsigned_int_const_int_const_unsigned_int_const_int_co_147, i3 7, i1 %bnn_top_int_const_unsigned_int_const_int_const_unsigned_int_const_int_co_148, i1 0, i3 %trunc_ln80" [bnn.cpp:88]   --->   Operation 209 'sparsemux' 'a_4' <Predicate = (!icmp_ln79)> <Delay = 0.72> <CoreInst = "BinarySparseMux_DontCare">   --->   Core 149 'BinarySparseMux_DontCare' <Latency = 0> <II = 1> <Delay = 0.72> <FuncUnit> <Opcode : 'sparsemux'> <InPorts = 2> <OutPorts = 1>
ST_5 : Operation 210 [1/2] ( I:0.00ns O:0.00ns )   --->   "%W2_0_load_4 = load i9 %W2_0_addr_4" [bnn.cpp:89]   --->   Operation 210 'load' 'W2_0_load_4' <Predicate = (!icmp_ln79)> <Delay = 0.00> <CoreInst = "RAM">   --->   Core 82 'RAM' <Latency = 1> <II = 1> <Delay = 1.23> <Storage> <Opcode : 'load' 'store'> <Ports = 2> <Width = 32> <Depth = 288> <RAM>
ST_5 : Operation 211 [1/2] ( I:0.00ns O:0.00ns )   --->   "%W2_1_load_4 = load i9 %W2_1_addr_4" [bnn.cpp:89]   --->   Operation 211 'load' 'W2_1_load_4' <Predicate = (!icmp_ln79)> <Delay = 0.00> <CoreInst = "RAM">   --->   Core 82 'RAM' <Latency = 1> <II = 1> <Delay = 1.23> <Storage> <Opcode : 'load' 'store'> <Ports = 2> <Width = 32> <Depth = 288> <RAM>
ST_5 : Operation 212 [1/1] (0.44ns)   --->   "%select_ln89_4 = select i1 %tmp_20, i32 %W2_1_load_4, i32 %W2_0_load_4" [bnn.cpp:89]   --->   Operation 212 'select' 'select_ln89_4' <Predicate = (!icmp_ln79)> <Delay = 0.44> <CoreInst = "Sel">   --->   Core 73 'Sel' <Latency = 0> <II = 1> <Delay = 0.44> <FuncUnit> <Opcode : 'select'> <InPorts = 3> <OutPorts = 1>
ST_5 : Operation 213 [1/1] (0.78ns)   --->   "%add_ln89_8 = add i5 %trunc_ln89, i5 4" [bnn.cpp:89]   --->   Operation 213 'add' 'add_ln89_8' <Predicate = (!icmp_ln79)> <Delay = 0.78> <CoreInst = "Adder">   --->   Core 1 'Adder' <Latency = 0> <II = 1> <Delay = 0.78> <FuncUnit> <Opcode : 'add' 'sub'> <InPorts = 2> <OutPorts = 1>
ST_5 : Operation 214 [1/1] (0.00ns)   --->   "%zext_ln89_14 = zext i5 %add_ln89_8" [bnn.cpp:89]   --->   Operation 214 'zext' 'zext_ln89_14' <Predicate = (!icmp_ln79)> <Delay = 0.00>
ST_5 : Operation 215 [1/1] (1.38ns)   --->   "%lshr_ln89_7 = lshr i32 %select_ln89_4, i32 %zext_ln89_14" [bnn.cpp:89]   --->   Operation 215 'lshr' 'lshr_ln89_7' <Predicate = (!icmp_ln79)> <Delay = 1.38> <CoreInst = "Shifter">   --->   Core 75 'Shifter' <Latency = 0> <II = 1> <Delay = 1.38> <FuncUnit> <Opcode : 'shl' 'lshr' 'ashr'> <InPorts = 2> <OutPorts = 1>
ST_5 : Operation 216 [1/2] ( I:1.23ns O:1.23ns )   --->   "%bnn_top_int_const_unsigned_int_const_int_const_unsigned_int_const_int_co_157 = load i10 %bnn_top_int_const_unsigned_int_const_int_const_unsigned_int_const_int_co_149" [bnn.cpp:88]   --->   Operation 216 'load' 'bnn_top_int_const_unsigned_int_const_int_const_unsigned_int_const_int_co_157' <Predicate = (!icmp_ln79 & !tmp_10 & trunc_ln80 == 7)> <Delay = 1.23> <CoreInst = "RAM">   --->   Core 82 'RAM' <Latency = 1> <II = 1> <Delay = 1.23> <Storage> <Opcode : 'load' 'store'> <Ports = 2> <Width = 1> <Depth = 1024> <RAM>
ST_5 : Operation 217 [1/2] ( I:1.23ns O:1.23ns )   --->   "%bnn_top_int_const_unsigned_int_const_int_const_unsigned_int_const_int_co_158 = load i10 %bnn_top_int_const_unsigned_int_const_int_const_unsigned_int_const_int_co_150" [bnn.cpp:88]   --->   Operation 217 'load' 'bnn_top_int_const_unsigned_int_const_int_const_unsigned_int_const_int_co_158' <Predicate = (!icmp_ln79 & !tmp_10 & trunc_ln80 == 0)> <Delay = 1.23> <CoreInst = "RAM">   --->   Core 82 'RAM' <Latency = 1> <II = 1> <Delay = 1.23> <Storage> <Opcode : 'load' 'store'> <Ports = 2> <Width = 1> <Depth = 1024> <RAM>
ST_5 : Operation 218 [1/2] ( I:1.23ns O:1.23ns )   --->   "%bnn_top_int_const_unsigned_int_const_int_const_unsigned_int_const_int_co_159 = load i10 %bnn_top_int_const_unsigned_int_const_int_const_unsigned_int_const_int_co_151" [bnn.cpp:88]   --->   Operation 218 'load' 'bnn_top_int_const_unsigned_int_const_int_const_unsigned_int_const_int_co_159' <Predicate = (!icmp_ln79 & !tmp_10 & trunc_ln80 == 1)> <Delay = 1.23> <CoreInst = "RAM">   --->   Core 82 'RAM' <Latency = 1> <II = 1> <Delay = 1.23> <Storage> <Opcode : 'load' 'store'> <Ports = 2> <Width = 1> <Depth = 1024> <RAM>
ST_5 : Operation 219 [1/2] ( I:1.23ns O:1.23ns )   --->   "%bnn_top_int_const_unsigned_int_const_int_const_unsigned_int_const_int_co_160 = load i10 %bnn_top_int_const_unsigned_int_const_int_const_unsigned_int_const_int_co_152" [bnn.cpp:88]   --->   Operation 219 'load' 'bnn_top_int_const_unsigned_int_const_int_const_unsigned_int_const_int_co_160' <Predicate = (!icmp_ln79 & !tmp_10 & trunc_ln80 == 2)> <Delay = 1.23> <CoreInst = "RAM">   --->   Core 82 'RAM' <Latency = 1> <II = 1> <Delay = 1.23> <Storage> <Opcode : 'load' 'store'> <Ports = 2> <Width = 1> <Depth = 1024> <RAM>
ST_5 : Operation 220 [1/2] ( I:1.23ns O:1.23ns )   --->   "%bnn_top_int_const_unsigned_int_const_int_const_unsigned_int_const_int_co_161 = load i10 %bnn_top_int_const_unsigned_int_const_int_const_unsigned_int_const_int_co_153" [bnn.cpp:88]   --->   Operation 220 'load' 'bnn_top_int_const_unsigned_int_const_int_const_unsigned_int_const_int_co_161' <Predicate = (!icmp_ln79 & !tmp_10 & trunc_ln80 == 3)> <Delay = 1.23> <CoreInst = "RAM">   --->   Core 82 'RAM' <Latency = 1> <II = 1> <Delay = 1.23> <Storage> <Opcode : 'load' 'store'> <Ports = 2> <Width = 1> <Depth = 1024> <RAM>
ST_5 : Operation 221 [1/2] ( I:1.23ns O:1.23ns )   --->   "%bnn_top_int_const_unsigned_int_const_int_const_unsigned_int_const_int_co_162 = load i10 %bnn_top_int_const_unsigned_int_const_int_const_unsigned_int_const_int_co_154" [bnn.cpp:88]   --->   Operation 221 'load' 'bnn_top_int_const_unsigned_int_const_int_const_unsigned_int_const_int_co_162' <Predicate = (!icmp_ln79 & !tmp_10 & trunc_ln80 == 4)> <Delay = 1.23> <CoreInst = "RAM">   --->   Core 82 'RAM' <Latency = 1> <II = 1> <Delay = 1.23> <Storage> <Opcode : 'load' 'store'> <Ports = 2> <Width = 1> <Depth = 1024> <RAM>
ST_5 : Operation 222 [1/2] ( I:1.23ns O:1.23ns )   --->   "%bnn_top_int_const_unsigned_int_const_int_const_unsigned_int_const_int_co_163 = load i10 %bnn_top_int_const_unsigned_int_const_int_const_unsigned_int_const_int_co_155" [bnn.cpp:88]   --->   Operation 222 'load' 'bnn_top_int_const_unsigned_int_const_int_const_unsigned_int_const_int_co_163' <Predicate = (!icmp_ln79 & !tmp_10 & trunc_ln80 == 5)> <Delay = 1.23> <CoreInst = "RAM">   --->   Core 82 'RAM' <Latency = 1> <II = 1> <Delay = 1.23> <Storage> <Opcode : 'load' 'store'> <Ports = 2> <Width = 1> <Depth = 1024> <RAM>
ST_5 : Operation 223 [1/2] ( I:1.23ns O:1.23ns )   --->   "%bnn_top_int_const_unsigned_int_const_int_const_unsigned_int_const_int_co_164 = load i10 %bnn_top_int_const_unsigned_int_const_int_const_unsigned_int_const_int_co_156" [bnn.cpp:88]   --->   Operation 223 'load' 'bnn_top_int_const_unsigned_int_const_int_const_unsigned_int_const_int_co_164' <Predicate = (!icmp_ln79 & !tmp_10 & trunc_ln80 == 6)> <Delay = 1.23> <CoreInst = "RAM">   --->   Core 82 'RAM' <Latency = 1> <II = 1> <Delay = 1.23> <Storage> <Opcode : 'load' 'store'> <Ports = 2> <Width = 1> <Depth = 1024> <RAM>
ST_5 : Operation 224 [1/1] (0.72ns)   --->   "%a_5 = sparsemux i1 @_ssdm_op_SparseMux.ap_auto.8i1.i1.i3, i3 7, i1 %bnn_top_int_const_unsigned_int_const_int_const_unsigned_int_const_int_co_157, i3 0, i1 %bnn_top_int_const_unsigned_int_const_int_const_unsigned_int_const_int_co_158, i3 1, i1 %bnn_top_int_const_unsigned_int_const_int_const_unsigned_int_const_int_co_159, i3 2, i1 %bnn_top_int_const_unsigned_int_const_int_const_unsigned_int_const_int_co_160, i3 3, i1 %bnn_top_int_const_unsigned_int_const_int_const_unsigned_int_const_int_co_161, i3 4, i1 %bnn_top_int_const_unsigned_int_const_int_const_unsigned_int_const_int_co_162, i3 5, i1 %bnn_top_int_const_unsigned_int_const_int_const_unsigned_int_const_int_co_163, i3 6, i1 %bnn_top_int_const_unsigned_int_const_int_const_unsigned_int_const_int_co_164, i1 0, i3 %trunc_ln80" [bnn.cpp:88]   --->   Operation 224 'sparsemux' 'a_5' <Predicate = (!icmp_ln79 & !tmp_10)> <Delay = 0.72> <CoreInst = "BinarySparseMux_DontCare">   --->   Core 149 'BinarySparseMux_DontCare' <Latency = 0> <II = 1> <Delay = 0.72> <FuncUnit> <Opcode : 'sparsemux'> <InPorts = 2> <OutPorts = 1>
ST_5 : Operation 225 [1/2] ( I:0.00ns O:0.00ns )   --->   "%W2_0_load_5 = load i9 %W2_0_addr_5" [bnn.cpp:89]   --->   Operation 225 'load' 'W2_0_load_5' <Predicate = (!icmp_ln79 & !tmp_10)> <Delay = 0.00> <CoreInst = "RAM">   --->   Core 82 'RAM' <Latency = 1> <II = 1> <Delay = 1.23> <Storage> <Opcode : 'load' 'store'> <Ports = 2> <Width = 32> <Depth = 288> <RAM>
ST_5 : Operation 226 [1/2] ( I:0.00ns O:0.00ns )   --->   "%W2_1_load_5 = load i9 %W2_1_addr_5" [bnn.cpp:89]   --->   Operation 226 'load' 'W2_1_load_5' <Predicate = (!icmp_ln79 & !tmp_10)> <Delay = 0.00> <CoreInst = "RAM">   --->   Core 82 'RAM' <Latency = 1> <II = 1> <Delay = 1.23> <Storage> <Opcode : 'load' 'store'> <Ports = 2> <Width = 32> <Depth = 288> <RAM>
ST_5 : Operation 227 [1/1] (0.44ns)   --->   "%select_ln89_5 = select i1 %tmp_21, i32 %W2_1_load_5, i32 %W2_0_load_5" [bnn.cpp:89]   --->   Operation 227 'select' 'select_ln89_5' <Predicate = (!icmp_ln79 & !tmp_10)> <Delay = 0.44> <CoreInst = "Sel">   --->   Core 73 'Sel' <Latency = 0> <II = 1> <Delay = 0.44> <FuncUnit> <Opcode : 'select'> <InPorts = 3> <OutPorts = 1>
ST_5 : Operation 228 [1/1] (0.78ns)   --->   "%add_ln89_10 = add i5 %trunc_ln89, i5 5" [bnn.cpp:89]   --->   Operation 228 'add' 'add_ln89_10' <Predicate = (!icmp_ln79 & !tmp_10)> <Delay = 0.78> <CoreInst = "Adder">   --->   Core 1 'Adder' <Latency = 0> <II = 1> <Delay = 0.78> <FuncUnit> <Opcode : 'add' 'sub'> <InPorts = 2> <OutPorts = 1>
ST_5 : Operation 229 [1/1] (0.00ns)   --->   "%zext_ln89_15 = zext i5 %add_ln89_10" [bnn.cpp:89]   --->   Operation 229 'zext' 'zext_ln89_15' <Predicate = (!icmp_ln79 & !tmp_10)> <Delay = 0.00>
ST_5 : Operation 230 [1/1] (1.38ns)   --->   "%lshr_ln89_9 = lshr i32 %select_ln89_5, i32 %zext_ln89_15" [bnn.cpp:89]   --->   Operation 230 'lshr' 'lshr_ln89_9' <Predicate = (!icmp_ln79 & !tmp_10)> <Delay = 1.38> <CoreInst = "Shifter">   --->   Core 75 'Shifter' <Latency = 0> <II = 1> <Delay = 1.38> <FuncUnit> <Opcode : 'shl' 'lshr' 'ashr'> <InPorts = 2> <OutPorts = 1>
ST_5 : Operation 231 [1/1] (0.76ns)   --->   "%add_ln88_8 = add i9 %zext_ln86, i9 %sext_ln87" [bnn.cpp:88]   --->   Operation 231 'add' 'add_ln88_8' <Predicate = (!icmp_ln79)> <Delay = 0.76> <CoreInst = "Adder">   --->   Core 1 'Adder' <Latency = 0> <II = 1> <Delay = 0.76> <FuncUnit> <Opcode : 'add' 'sub'> <InPorts = 2> <OutPorts = 1>
ST_5 : Operation 232 [1/1] (0.00ns)   --->   "%sext_ln88 = sext i9 %add_ln88_8" [bnn.cpp:88]   --->   Operation 232 'sext' 'sext_ln88' <Predicate = (!icmp_ln79)> <Delay = 0.00>
ST_5 : Operation 233 [1/1] (0.00ns)   --->   "%or_ln88_1 = bitconcatenate i13 @_ssdm_op_BitConcatenate.i13.i5.i8, i5 %trunc_ln88, i8 16" [bnn.cpp:88]   --->   Operation 233 'bitconcatenate' 'or_ln88_1' <Predicate = (!icmp_ln79)> <Delay = 0.00>
ST_5 : Operation 234 [1/1] (0.82ns)   --->   "%add_ln88_10 = add i13 %or_ln88_1, i13 %sext_ln88" [bnn.cpp:88]   --->   Operation 234 'add' 'add_ln88_10' <Predicate = (!icmp_ln79)> <Delay = 0.82> <CoreInst = "Adder">   --->   Core 1 'Adder' <Latency = 0> <II = 1> <Delay = 0.82> <FuncUnit> <Opcode : 'add' 'sub'> <InPorts = 2> <OutPorts = 1>
ST_5 : Operation 235 [1/1] (0.00ns)   --->   "%lshr_ln88_6 = partselect i10 @_ssdm_op_PartSelect.i10.i13.i32.i32, i13 %add_ln88_10, i32 3, i32 12" [bnn.cpp:88]   --->   Operation 235 'partselect' 'lshr_ln88_6' <Predicate = (!icmp_ln79)> <Delay = 0.00>
ST_5 : Operation 236 [1/1] (0.00ns)   --->   "%zext_ln88_7 = zext i10 %lshr_ln88_6" [bnn.cpp:88]   --->   Operation 236 'zext' 'zext_ln88_7' <Predicate = (!icmp_ln79)> <Delay = 0.00>
ST_5 : Operation 237 [1/1] (0.00ns)   --->   "%bnn_top_int_const_unsigned_int_const_int_const_unsigned_int_const_int_co_165 = getelementptr i1 %bnn_top_int_const_unsigned_int_const_int_const_unsigned_int_const_int_co_20, i64 0, i64 %zext_ln88_7" [bnn.cpp:88]   --->   Operation 237 'getelementptr' 'bnn_top_int_const_unsigned_int_const_int_const_unsigned_int_const_int_co_165' <Predicate = (!icmp_ln79 & trunc_ln80 == 1)> <Delay = 0.00>
ST_5 : Operation 238 [1/1] (0.00ns)   --->   "%bnn_top_int_const_unsigned_int_const_int_const_unsigned_int_const_int_co_166 = getelementptr i1 %bnn_top_int_const_unsigned_int_const_int_const_unsigned_int_const_int_co_19, i64 0, i64 %zext_ln88_7" [bnn.cpp:88]   --->   Operation 238 'getelementptr' 'bnn_top_int_const_unsigned_int_const_int_const_unsigned_int_const_int_co_166' <Predicate = (!icmp_ln79 & trunc_ln80 == 2)> <Delay = 0.00>
ST_5 : Operation 239 [1/1] (0.00ns)   --->   "%bnn_top_int_const_unsigned_int_const_int_const_unsigned_int_const_int_co_167 = getelementptr i1 %bnn_top_int_const_unsigned_int_const_int_const_unsigned_int_const_int_co_18, i64 0, i64 %zext_ln88_7" [bnn.cpp:88]   --->   Operation 239 'getelementptr' 'bnn_top_int_const_unsigned_int_const_int_const_unsigned_int_const_int_co_167' <Predicate = (!icmp_ln79 & trunc_ln80 == 3)> <Delay = 0.00>
ST_5 : Operation 240 [1/1] (0.00ns)   --->   "%bnn_top_int_const_unsigned_int_const_int_const_unsigned_int_const_int_co_168 = getelementptr i1 %bnn_top_int_const_unsigned_int_const_int_const_unsigned_int_const_int_co_17, i64 0, i64 %zext_ln88_7" [bnn.cpp:88]   --->   Operation 240 'getelementptr' 'bnn_top_int_const_unsigned_int_const_int_const_unsigned_int_const_int_co_168' <Predicate = (!icmp_ln79 & trunc_ln80 == 4)> <Delay = 0.00>
ST_5 : Operation 241 [1/1] (0.00ns)   --->   "%bnn_top_int_const_unsigned_int_const_int_const_unsigned_int_const_int_co_169 = getelementptr i1 %bnn_top_int_const_unsigned_int_const_int_const_unsigned_int_const_int_co_16, i64 0, i64 %zext_ln88_7" [bnn.cpp:88]   --->   Operation 241 'getelementptr' 'bnn_top_int_const_unsigned_int_const_int_const_unsigned_int_const_int_co_169' <Predicate = (!icmp_ln79 & trunc_ln80 == 5)> <Delay = 0.00>
ST_5 : Operation 242 [1/1] (0.00ns)   --->   "%bnn_top_int_const_unsigned_int_const_int_const_unsigned_int_const_int_co_170 = getelementptr i1 %bnn_top_int_const_unsigned_int_const_int_const_unsigned_int_const_int_co_15, i64 0, i64 %zext_ln88_7" [bnn.cpp:88]   --->   Operation 242 'getelementptr' 'bnn_top_int_const_unsigned_int_const_int_const_unsigned_int_const_int_co_170' <Predicate = (!icmp_ln79 & trunc_ln80 == 6)> <Delay = 0.00>
ST_5 : Operation 243 [1/1] (0.00ns)   --->   "%bnn_top_int_const_unsigned_int_const_int_const_unsigned_int_const_int_co_171 = getelementptr i1 %bnn_top_int_const_unsigned_int_const_int_const_unsigned_int_const_int_co_14, i64 0, i64 %zext_ln88_7" [bnn.cpp:88]   --->   Operation 243 'getelementptr' 'bnn_top_int_const_unsigned_int_const_int_const_unsigned_int_const_int_co_171' <Predicate = (!icmp_ln79 & trunc_ln80 == 7)> <Delay = 0.00>
ST_5 : Operation 244 [1/1] (0.00ns)   --->   "%bnn_top_int_const_unsigned_int_const_int_const_unsigned_int_const_int_co_172 = getelementptr i1 %bnn_top_int_const_unsigned_int_const_int_const_unsigned_int_const_int_co_13, i64 0, i64 %zext_ln88_7" [bnn.cpp:88]   --->   Operation 244 'getelementptr' 'bnn_top_int_const_unsigned_int_const_int_const_unsigned_int_const_int_co_172' <Predicate = (!icmp_ln79 & trunc_ln80 == 0)> <Delay = 0.00>
ST_5 : Operation 245 [2/2] (1.23ns)   --->   "%bnn_top_int_const_unsigned_int_const_int_const_unsigned_int_const_int_co_173 = load i10 %bnn_top_int_const_unsigned_int_const_int_const_unsigned_int_const_int_co_165" [bnn.cpp:88]   --->   Operation 245 'load' 'bnn_top_int_const_unsigned_int_const_int_const_unsigned_int_const_int_co_173' <Predicate = (!icmp_ln79 & trunc_ln80 == 1)> <Delay = 1.23> <CoreInst = "RAM">   --->   Core 82 'RAM' <Latency = 1> <II = 1> <Delay = 1.23> <Storage> <Opcode : 'load' 'store'> <Ports = 2> <Width = 1> <Depth = 1024> <RAM>
ST_5 : Operation 246 [2/2] (1.23ns)   --->   "%bnn_top_int_const_unsigned_int_const_int_const_unsigned_int_const_int_co_174 = load i10 %bnn_top_int_const_unsigned_int_const_int_const_unsigned_int_const_int_co_166" [bnn.cpp:88]   --->   Operation 246 'load' 'bnn_top_int_const_unsigned_int_const_int_const_unsigned_int_const_int_co_174' <Predicate = (!icmp_ln79 & trunc_ln80 == 2)> <Delay = 1.23> <CoreInst = "RAM">   --->   Core 82 'RAM' <Latency = 1> <II = 1> <Delay = 1.23> <Storage> <Opcode : 'load' 'store'> <Ports = 2> <Width = 1> <Depth = 1024> <RAM>
ST_5 : Operation 247 [2/2] (1.23ns)   --->   "%bnn_top_int_const_unsigned_int_const_int_const_unsigned_int_const_int_co_175 = load i10 %bnn_top_int_const_unsigned_int_const_int_const_unsigned_int_const_int_co_167" [bnn.cpp:88]   --->   Operation 247 'load' 'bnn_top_int_const_unsigned_int_const_int_const_unsigned_int_const_int_co_175' <Predicate = (!icmp_ln79 & trunc_ln80 == 3)> <Delay = 1.23> <CoreInst = "RAM">   --->   Core 82 'RAM' <Latency = 1> <II = 1> <Delay = 1.23> <Storage> <Opcode : 'load' 'store'> <Ports = 2> <Width = 1> <Depth = 1024> <RAM>
ST_5 : Operation 248 [2/2] (1.23ns)   --->   "%bnn_top_int_const_unsigned_int_const_int_const_unsigned_int_const_int_co_176 = load i10 %bnn_top_int_const_unsigned_int_const_int_const_unsigned_int_const_int_co_168" [bnn.cpp:88]   --->   Operation 248 'load' 'bnn_top_int_const_unsigned_int_const_int_const_unsigned_int_const_int_co_176' <Predicate = (!icmp_ln79 & trunc_ln80 == 4)> <Delay = 1.23> <CoreInst = "RAM">   --->   Core 82 'RAM' <Latency = 1> <II = 1> <Delay = 1.23> <Storage> <Opcode : 'load' 'store'> <Ports = 2> <Width = 1> <Depth = 1024> <RAM>
ST_5 : Operation 249 [2/2] (1.23ns)   --->   "%bnn_top_int_const_unsigned_int_const_int_const_unsigned_int_const_int_co_177 = load i10 %bnn_top_int_const_unsigned_int_const_int_const_unsigned_int_const_int_co_169" [bnn.cpp:88]   --->   Operation 249 'load' 'bnn_top_int_const_unsigned_int_const_int_const_unsigned_int_const_int_co_177' <Predicate = (!icmp_ln79 & trunc_ln80 == 5)> <Delay = 1.23> <CoreInst = "RAM">   --->   Core 82 'RAM' <Latency = 1> <II = 1> <Delay = 1.23> <Storage> <Opcode : 'load' 'store'> <Ports = 2> <Width = 1> <Depth = 1024> <RAM>
ST_5 : Operation 250 [2/2] (1.23ns)   --->   "%bnn_top_int_const_unsigned_int_const_int_const_unsigned_int_const_int_co_178 = load i10 %bnn_top_int_const_unsigned_int_const_int_const_unsigned_int_const_int_co_170" [bnn.cpp:88]   --->   Operation 250 'load' 'bnn_top_int_const_unsigned_int_const_int_const_unsigned_int_const_int_co_178' <Predicate = (!icmp_ln79 & trunc_ln80 == 6)> <Delay = 1.23> <CoreInst = "RAM">   --->   Core 82 'RAM' <Latency = 1> <II = 1> <Delay = 1.23> <Storage> <Opcode : 'load' 'store'> <Ports = 2> <Width = 1> <Depth = 1024> <RAM>
ST_5 : Operation 251 [2/2] (1.23ns)   --->   "%bnn_top_int_const_unsigned_int_const_int_const_unsigned_int_const_int_co_179 = load i10 %bnn_top_int_const_unsigned_int_const_int_const_unsigned_int_const_int_co_171" [bnn.cpp:88]   --->   Operation 251 'load' 'bnn_top_int_const_unsigned_int_const_int_const_unsigned_int_const_int_co_179' <Predicate = (!icmp_ln79 & trunc_ln80 == 7)> <Delay = 1.23> <CoreInst = "RAM">   --->   Core 82 'RAM' <Latency = 1> <II = 1> <Delay = 1.23> <Storage> <Opcode : 'load' 'store'> <Ports = 2> <Width = 1> <Depth = 1024> <RAM>
ST_5 : Operation 252 [2/2] (1.23ns)   --->   "%bnn_top_int_const_unsigned_int_const_int_const_unsigned_int_const_int_co_180 = load i10 %bnn_top_int_const_unsigned_int_const_int_const_unsigned_int_const_int_co_172" [bnn.cpp:88]   --->   Operation 252 'load' 'bnn_top_int_const_unsigned_int_const_int_const_unsigned_int_const_int_co_180' <Predicate = (!icmp_ln79 & trunc_ln80 == 0)> <Delay = 1.23> <CoreInst = "RAM">   --->   Core 82 'RAM' <Latency = 1> <II = 1> <Delay = 1.23> <Storage> <Opcode : 'load' 'store'> <Ports = 2> <Width = 1> <Depth = 1024> <RAM>
ST_5 : Operation 253 [1/1] (0.84ns)   --->   "%add_ln89_11 = add i15 %add_ln89, i15 6" [bnn.cpp:89]   --->   Operation 253 'add' 'add_ln89_11' <Predicate = (!icmp_ln79)> <Delay = 0.84> <CoreInst = "Adder">   --->   Core 1 'Adder' <Latency = 0> <II = 1> <Delay = 0.84> <FuncUnit> <Opcode : 'add' 'sub'> <InPorts = 2> <OutPorts = 1>
ST_5 : Operation 254 [1/1] (0.00ns)   --->   "%lshr_ln89_10 = partselect i9 @_ssdm_op_PartSelect.i9.i15.i32.i32, i15 %add_ln89_11, i32 6, i32 14" [bnn.cpp:89]   --->   Operation 254 'partselect' 'lshr_ln89_10' <Predicate = (!icmp_ln79)> <Delay = 0.00>
ST_5 : Operation 255 [1/1] (0.00ns)   --->   "%zext_ln89_6 = zext i9 %lshr_ln89_10" [bnn.cpp:89]   --->   Operation 255 'zext' 'zext_ln89_6' <Predicate = (!icmp_ln79)> <Delay = 0.00>
ST_5 : Operation 256 [1/1] (0.00ns)   --->   "%W2_0_addr_6 = getelementptr i32 %W2_0, i64 0, i64 %zext_ln89_6" [bnn.cpp:89]   --->   Operation 256 'getelementptr' 'W2_0_addr_6' <Predicate = (!icmp_ln79)> <Delay = 0.00>
ST_5 : Operation 257 [2/2] (0.00ns)   --->   "%W2_0_load_6 = load i9 %W2_0_addr_6" [bnn.cpp:89]   --->   Operation 257 'load' 'W2_0_load_6' <Predicate = (!icmp_ln79)> <Delay = 0.00> <CoreInst = "RAM">   --->   Core 82 'RAM' <Latency = 1> <II = 1> <Delay = 1.23> <Storage> <Opcode : 'load' 'store'> <Ports = 2> <Width = 32> <Depth = 288> <RAM>
ST_5 : Operation 258 [1/1] (0.00ns)   --->   "%W2_1_addr_6 = getelementptr i32 %W2_1, i64 0, i64 %zext_ln89_6" [bnn.cpp:89]   --->   Operation 258 'getelementptr' 'W2_1_addr_6' <Predicate = (!icmp_ln79)> <Delay = 0.00>
ST_5 : Operation 259 [2/2] (0.00ns)   --->   "%W2_1_load_6 = load i9 %W2_1_addr_6" [bnn.cpp:89]   --->   Operation 259 'load' 'W2_1_load_6' <Predicate = (!icmp_ln79)> <Delay = 0.00> <CoreInst = "RAM">   --->   Core 82 'RAM' <Latency = 1> <II = 1> <Delay = 1.23> <Storage> <Opcode : 'load' 'store'> <Ports = 2> <Width = 32> <Depth = 288> <RAM>
ST_5 : Operation 260 [1/1] (0.00ns)   --->   "%tmp_22 = bitselect i1 @_ssdm_op_BitSelect.i1.i15.i32, i15 %add_ln89_11, i32 5" [bnn.cpp:89]   --->   Operation 260 'bitselect' 'tmp_22' <Predicate = (!icmp_ln79)> <Delay = 0.00>
ST_5 : Operation 261 [1/1] (0.78ns)   --->   "%add_ln88_11 = add i10 %zext_ln94, i10 %shl_ln88_2" [bnn.cpp:88]   --->   Operation 261 'add' 'add_ln88_11' <Predicate = (!icmp_ln79)> <Delay = 0.78> <CoreInst = "Adder">   --->   Core 1 'Adder' <Latency = 0> <II = 1> <Delay = 0.78> <FuncUnit> <Opcode : 'add' 'sub'> <InPorts = 2> <OutPorts = 1>
ST_5 : Operation 262 [1/1] (0.00ns)   --->   "%tmp_s = partselect i9 @_ssdm_op_PartSelect.i9.i10.i32.i32, i10 %add_ln88_11, i32 1, i32 9" [bnn.cpp:88]   --->   Operation 262 'partselect' 'tmp_s' <Predicate = (!icmp_ln79 & !tmp_5)> <Delay = 0.00>
ST_5 : Operation 263 [1/1] (0.00ns)   --->   "%add_ln88_12 = bitconcatenate i10 @_ssdm_op_BitConcatenate.i10.i9.i1, i9 %tmp_s, i1 %tmp_14" [bnn.cpp:88]   --->   Operation 263 'bitconcatenate' 'add_ln88_12' <Predicate = (!icmp_ln79 & !tmp_5)> <Delay = 0.00>
ST_5 : Operation 264 [1/1] (0.00ns)   --->   "%zext_ln88_8 = zext i10 %add_ln88_12" [bnn.cpp:88]   --->   Operation 264 'zext' 'zext_ln88_8' <Predicate = (!icmp_ln79 & !tmp_5)> <Delay = 0.00>
ST_5 : Operation 265 [1/1] (0.00ns)   --->   "%bnn_top_int_const_unsigned_int_const_int_const_unsigned_int_const_int_co_181 = getelementptr i1 %bnn_top_int_const_unsigned_int_const_int_const_unsigned_int_const_int_co_20, i64 0, i64 %zext_ln88_8" [bnn.cpp:88]   --->   Operation 265 'getelementptr' 'bnn_top_int_const_unsigned_int_const_int_const_unsigned_int_const_int_co_181' <Predicate = (!icmp_ln79 & !tmp_5 & trunc_ln80 == 0)> <Delay = 0.00>
ST_5 : Operation 266 [1/1] (0.00ns)   --->   "%bnn_top_int_const_unsigned_int_const_int_const_unsigned_int_const_int_co_182 = getelementptr i1 %bnn_top_int_const_unsigned_int_const_int_const_unsigned_int_const_int_co_19, i64 0, i64 %zext_ln88_8" [bnn.cpp:88]   --->   Operation 266 'getelementptr' 'bnn_top_int_const_unsigned_int_const_int_const_unsigned_int_const_int_co_182' <Predicate = (!icmp_ln79 & !tmp_5 & trunc_ln80 == 1)> <Delay = 0.00>
ST_5 : Operation 267 [1/1] (0.00ns)   --->   "%bnn_top_int_const_unsigned_int_const_int_const_unsigned_int_const_int_co_183 = getelementptr i1 %bnn_top_int_const_unsigned_int_const_int_const_unsigned_int_const_int_co_18, i64 0, i64 %zext_ln88_8" [bnn.cpp:88]   --->   Operation 267 'getelementptr' 'bnn_top_int_const_unsigned_int_const_int_const_unsigned_int_const_int_co_183' <Predicate = (!icmp_ln79 & !tmp_5 & trunc_ln80 == 2)> <Delay = 0.00>
ST_5 : Operation 268 [1/1] (0.00ns)   --->   "%bnn_top_int_const_unsigned_int_const_int_const_unsigned_int_const_int_co_184 = getelementptr i1 %bnn_top_int_const_unsigned_int_const_int_const_unsigned_int_const_int_co_17, i64 0, i64 %zext_ln88_8" [bnn.cpp:88]   --->   Operation 268 'getelementptr' 'bnn_top_int_const_unsigned_int_const_int_const_unsigned_int_const_int_co_184' <Predicate = (!icmp_ln79 & !tmp_5 & trunc_ln80 == 3)> <Delay = 0.00>
ST_5 : Operation 269 [1/1] (0.00ns)   --->   "%bnn_top_int_const_unsigned_int_const_int_const_unsigned_int_const_int_co_185 = getelementptr i1 %bnn_top_int_const_unsigned_int_const_int_const_unsigned_int_const_int_co_16, i64 0, i64 %zext_ln88_8" [bnn.cpp:88]   --->   Operation 269 'getelementptr' 'bnn_top_int_const_unsigned_int_const_int_const_unsigned_int_const_int_co_185' <Predicate = (!icmp_ln79 & !tmp_5 & trunc_ln80 == 4)> <Delay = 0.00>
ST_5 : Operation 270 [1/1] (0.00ns)   --->   "%bnn_top_int_const_unsigned_int_const_int_const_unsigned_int_const_int_co_186 = getelementptr i1 %bnn_top_int_const_unsigned_int_const_int_const_unsigned_int_const_int_co_15, i64 0, i64 %zext_ln88_8" [bnn.cpp:88]   --->   Operation 270 'getelementptr' 'bnn_top_int_const_unsigned_int_const_int_const_unsigned_int_const_int_co_186' <Predicate = (!icmp_ln79 & !tmp_5 & trunc_ln80 == 5)> <Delay = 0.00>
ST_5 : Operation 271 [1/1] (0.00ns)   --->   "%bnn_top_int_const_unsigned_int_const_int_const_unsigned_int_const_int_co_187 = getelementptr i1 %bnn_top_int_const_unsigned_int_const_int_const_unsigned_int_const_int_co_14, i64 0, i64 %zext_ln88_8" [bnn.cpp:88]   --->   Operation 271 'getelementptr' 'bnn_top_int_const_unsigned_int_const_int_const_unsigned_int_const_int_co_187' <Predicate = (!icmp_ln79 & !tmp_5 & trunc_ln80 == 6)> <Delay = 0.00>
ST_5 : Operation 272 [1/1] (0.00ns)   --->   "%bnn_top_int_const_unsigned_int_const_int_const_unsigned_int_const_int_co_188 = getelementptr i1 %bnn_top_int_const_unsigned_int_const_int_const_unsigned_int_const_int_co_13, i64 0, i64 %zext_ln88_8" [bnn.cpp:88]   --->   Operation 272 'getelementptr' 'bnn_top_int_const_unsigned_int_const_int_const_unsigned_int_const_int_co_188' <Predicate = (!icmp_ln79 & !tmp_5 & trunc_ln80 == 7)> <Delay = 0.00>
ST_5 : Operation 273 [2/2] (1.23ns)   --->   "%bnn_top_int_const_unsigned_int_const_int_const_unsigned_int_const_int_co_189 = load i10 %bnn_top_int_const_unsigned_int_const_int_const_unsigned_int_const_int_co_181" [bnn.cpp:88]   --->   Operation 273 'load' 'bnn_top_int_const_unsigned_int_const_int_const_unsigned_int_const_int_co_189' <Predicate = (!icmp_ln79 & !tmp_5 & trunc_ln80 == 0)> <Delay = 1.23> <CoreInst = "RAM">   --->   Core 82 'RAM' <Latency = 1> <II = 1> <Delay = 1.23> <Storage> <Opcode : 'load' 'store'> <Ports = 2> <Width = 1> <Depth = 1024> <RAM>
ST_5 : Operation 274 [2/2] (1.23ns)   --->   "%bnn_top_int_const_unsigned_int_const_int_const_unsigned_int_const_int_co_190 = load i10 %bnn_top_int_const_unsigned_int_const_int_const_unsigned_int_const_int_co_182" [bnn.cpp:88]   --->   Operation 274 'load' 'bnn_top_int_const_unsigned_int_const_int_const_unsigned_int_const_int_co_190' <Predicate = (!icmp_ln79 & !tmp_5 & trunc_ln80 == 1)> <Delay = 1.23> <CoreInst = "RAM">   --->   Core 82 'RAM' <Latency = 1> <II = 1> <Delay = 1.23> <Storage> <Opcode : 'load' 'store'> <Ports = 2> <Width = 1> <Depth = 1024> <RAM>
ST_5 : Operation 275 [2/2] (1.23ns)   --->   "%bnn_top_int_const_unsigned_int_const_int_const_unsigned_int_const_int_co_191 = load i10 %bnn_top_int_const_unsigned_int_const_int_const_unsigned_int_const_int_co_183" [bnn.cpp:88]   --->   Operation 275 'load' 'bnn_top_int_const_unsigned_int_const_int_const_unsigned_int_const_int_co_191' <Predicate = (!icmp_ln79 & !tmp_5 & trunc_ln80 == 2)> <Delay = 1.23> <CoreInst = "RAM">   --->   Core 82 'RAM' <Latency = 1> <II = 1> <Delay = 1.23> <Storage> <Opcode : 'load' 'store'> <Ports = 2> <Width = 1> <Depth = 1024> <RAM>
ST_5 : Operation 276 [2/2] (1.23ns)   --->   "%bnn_top_int_const_unsigned_int_const_int_const_unsigned_int_const_int_co_192 = load i10 %bnn_top_int_const_unsigned_int_const_int_const_unsigned_int_const_int_co_184" [bnn.cpp:88]   --->   Operation 276 'load' 'bnn_top_int_const_unsigned_int_const_int_const_unsigned_int_const_int_co_192' <Predicate = (!icmp_ln79 & !tmp_5 & trunc_ln80 == 3)> <Delay = 1.23> <CoreInst = "RAM">   --->   Core 82 'RAM' <Latency = 1> <II = 1> <Delay = 1.23> <Storage> <Opcode : 'load' 'store'> <Ports = 2> <Width = 1> <Depth = 1024> <RAM>
ST_5 : Operation 277 [2/2] (1.23ns)   --->   "%bnn_top_int_const_unsigned_int_const_int_const_unsigned_int_const_int_co_193 = load i10 %bnn_top_int_const_unsigned_int_const_int_const_unsigned_int_const_int_co_185" [bnn.cpp:88]   --->   Operation 277 'load' 'bnn_top_int_const_unsigned_int_const_int_const_unsigned_int_const_int_co_193' <Predicate = (!icmp_ln79 & !tmp_5 & trunc_ln80 == 4)> <Delay = 1.23> <CoreInst = "RAM">   --->   Core 82 'RAM' <Latency = 1> <II = 1> <Delay = 1.23> <Storage> <Opcode : 'load' 'store'> <Ports = 2> <Width = 1> <Depth = 1024> <RAM>
ST_5 : Operation 278 [2/2] (1.23ns)   --->   "%bnn_top_int_const_unsigned_int_const_int_const_unsigned_int_const_int_co_194 = load i10 %bnn_top_int_const_unsigned_int_const_int_const_unsigned_int_const_int_co_186" [bnn.cpp:88]   --->   Operation 278 'load' 'bnn_top_int_const_unsigned_int_const_int_const_unsigned_int_const_int_co_194' <Predicate = (!icmp_ln79 & !tmp_5 & trunc_ln80 == 5)> <Delay = 1.23> <CoreInst = "RAM">   --->   Core 82 'RAM' <Latency = 1> <II = 1> <Delay = 1.23> <Storage> <Opcode : 'load' 'store'> <Ports = 2> <Width = 1> <Depth = 1024> <RAM>
ST_5 : Operation 279 [2/2] (1.23ns)   --->   "%bnn_top_int_const_unsigned_int_const_int_const_unsigned_int_const_int_co_195 = load i10 %bnn_top_int_const_unsigned_int_const_int_const_unsigned_int_const_int_co_187" [bnn.cpp:88]   --->   Operation 279 'load' 'bnn_top_int_const_unsigned_int_const_int_const_unsigned_int_const_int_co_195' <Predicate = (!icmp_ln79 & !tmp_5 & trunc_ln80 == 6)> <Delay = 1.23> <CoreInst = "RAM">   --->   Core 82 'RAM' <Latency = 1> <II = 1> <Delay = 1.23> <Storage> <Opcode : 'load' 'store'> <Ports = 2> <Width = 1> <Depth = 1024> <RAM>
ST_5 : Operation 280 [2/2] (1.23ns)   --->   "%bnn_top_int_const_unsigned_int_const_int_const_unsigned_int_const_int_co_196 = load i10 %bnn_top_int_const_unsigned_int_const_int_const_unsigned_int_const_int_co_188" [bnn.cpp:88]   --->   Operation 280 'load' 'bnn_top_int_const_unsigned_int_const_int_const_unsigned_int_const_int_co_196' <Predicate = (!icmp_ln79 & !tmp_5 & trunc_ln80 == 7)> <Delay = 1.23> <CoreInst = "RAM">   --->   Core 82 'RAM' <Latency = 1> <II = 1> <Delay = 1.23> <Storage> <Opcode : 'load' 'store'> <Ports = 2> <Width = 1> <Depth = 1024> <RAM>
ST_5 : Operation 281 [1/1] (0.84ns)   --->   "%add_ln89_13 = add i15 %add_ln89, i15 7" [bnn.cpp:89]   --->   Operation 281 'add' 'add_ln89_13' <Predicate = (!icmp_ln79 & !tmp_5)> <Delay = 0.84> <CoreInst = "Adder">   --->   Core 1 'Adder' <Latency = 0> <II = 1> <Delay = 0.84> <FuncUnit> <Opcode : 'add' 'sub'> <InPorts = 2> <OutPorts = 1>
ST_5 : Operation 282 [1/1] (0.00ns)   --->   "%lshr_ln89_12 = partselect i9 @_ssdm_op_PartSelect.i9.i15.i32.i32, i15 %add_ln89_13, i32 6, i32 14" [bnn.cpp:89]   --->   Operation 282 'partselect' 'lshr_ln89_12' <Predicate = (!icmp_ln79 & !tmp_5)> <Delay = 0.00>
ST_5 : Operation 283 [1/1] (0.00ns)   --->   "%zext_ln89_7 = zext i9 %lshr_ln89_12" [bnn.cpp:89]   --->   Operation 283 'zext' 'zext_ln89_7' <Predicate = (!icmp_ln79 & !tmp_5)> <Delay = 0.00>
ST_5 : Operation 284 [1/1] (0.00ns)   --->   "%W2_0_addr_7 = getelementptr i32 %W2_0, i64 0, i64 %zext_ln89_7" [bnn.cpp:89]   --->   Operation 284 'getelementptr' 'W2_0_addr_7' <Predicate = (!icmp_ln79 & !tmp_5)> <Delay = 0.00>
ST_5 : Operation 285 [2/2] (0.00ns)   --->   "%W2_0_load_7 = load i9 %W2_0_addr_7" [bnn.cpp:89]   --->   Operation 285 'load' 'W2_0_load_7' <Predicate = (!icmp_ln79 & !tmp_5)> <Delay = 0.00> <CoreInst = "RAM">   --->   Core 82 'RAM' <Latency = 1> <II = 1> <Delay = 1.23> <Storage> <Opcode : 'load' 'store'> <Ports = 2> <Width = 32> <Depth = 288> <RAM>
ST_5 : Operation 286 [1/1] (0.00ns)   --->   "%W2_1_addr_7 = getelementptr i32 %W2_1, i64 0, i64 %zext_ln89_7" [bnn.cpp:89]   --->   Operation 286 'getelementptr' 'W2_1_addr_7' <Predicate = (!icmp_ln79 & !tmp_5)> <Delay = 0.00>
ST_5 : Operation 287 [2/2] (0.00ns)   --->   "%W2_1_load_7 = load i9 %W2_1_addr_7" [bnn.cpp:89]   --->   Operation 287 'load' 'W2_1_load_7' <Predicate = (!icmp_ln79 & !tmp_5)> <Delay = 0.00> <CoreInst = "RAM">   --->   Core 82 'RAM' <Latency = 1> <II = 1> <Delay = 1.23> <Storage> <Opcode : 'load' 'store'> <Ports = 2> <Width = 32> <Depth = 288> <RAM>
ST_5 : Operation 288 [1/1] (0.00ns)   --->   "%tmp_23 = bitselect i1 @_ssdm_op_BitSelect.i1.i15.i32, i15 %add_ln89_13, i32 5" [bnn.cpp:89]   --->   Operation 288 'bitselect' 'tmp_23' <Predicate = (!icmp_ln79 & !tmp_5)> <Delay = 0.00>
ST_5 : Operation 289 [1/1] (0.78ns)   --->   "%add_ln88_13 = add i10 %add_ln88_11, i10 %zext_ln82" [bnn.cpp:88]   --->   Operation 289 'add' 'add_ln88_13' <Predicate = (!icmp_ln79)> <Delay = 0.78> <CoreInst = "Adder">   --->   Core 1 'Adder' <Latency = 0> <II = 1> <Delay = 0.78> <FuncUnit> <Opcode : 'add' 'sub'> <InPorts = 2> <OutPorts = 1>
ST_5 : Operation 290 [1/1] (0.84ns)   --->   "%add_ln89_15 = add i15 %add_ln89, i15 8" [bnn.cpp:89]   --->   Operation 290 'add' 'add_ln89_15' <Predicate = (!icmp_ln79)> <Delay = 0.84> <CoreInst = "Adder">   --->   Core 1 'Adder' <Latency = 0> <II = 1> <Delay = 0.84> <FuncUnit> <Opcode : 'add' 'sub'> <InPorts = 2> <OutPorts = 1>
ST_5 : Operation 291 [1/1] (0.00ns)   --->   "%lshr_ln89_14 = partselect i9 @_ssdm_op_PartSelect.i9.i15.i32.i32, i15 %add_ln89_15, i32 6, i32 14" [bnn.cpp:89]   --->   Operation 291 'partselect' 'lshr_ln89_14' <Predicate = (!icmp_ln79)> <Delay = 0.00>
ST_5 : Operation 292 [1/1] (0.00ns)   --->   "%tmp_24 = bitselect i1 @_ssdm_op_BitSelect.i1.i15.i32, i15 %add_ln89_15, i32 5" [bnn.cpp:89]   --->   Operation 292 'bitselect' 'tmp_24' <Predicate = (!icmp_ln79)> <Delay = 0.00>
ST_5 : Operation 293 [1/1] (0.00ns)   --->   "%zext_ln94_1 = zext i5 %add_ln94" [bnn.cpp:94]   --->   Operation 293 'zext' 'zext_ln94_1' <Predicate = (!icmp_ln79)> <Delay = 0.00>
ST_5 : Operation 294 [1/1] (1.05ns) (root node of TernaryAdder)   --->   "%add_ln94_1 = add i8 %zext_ln94_1, i8 %sub_ln87" [bnn.cpp:94]   --->   Operation 294 'add' 'add_ln94_1' <Predicate = (!icmp_ln79)> <Delay = 1.05> <CoreInst = "TAddSub">   --->   Core 10 'TAddSub' <Latency = 0> <II = 1> <Delay = 0.52> <IPBlock> <Opcode : 'add' 'sub'> <InPorts = 3> <OutPorts = 1> <Sync> <CReg>
ST_5 : Operation 295 [1/1] (0.00ns)   --->   "%zext_ln94_3 = zext i8 %add_ln94_1" [bnn.cpp:94]   --->   Operation 295 'zext' 'zext_ln94_3' <Predicate = (!icmp_ln79)> <Delay = 0.00>
ST_5 : Operation 296 [1/1] (2.11ns)   --->   "%mul_ln94 = mul i17 %zext_ln94_3, i17 410" [bnn.cpp:94]   --->   Operation 296 'mul' 'mul_ln94' <Predicate = (!icmp_ln79)> <Delay = 2.11> <CoreInst = "Multiplier">   --->   Core 3 'Multiplier' <Latency = 0> <II = 1> <Delay = 2.11> <FuncUnit> <Opcode : 'mul'> <InPorts = 2> <OutPorts = 1>
ST_5 : Operation 297 [1/1] (0.00ns)   --->   "%tmp_25 = partselect i6 @_ssdm_op_PartSelect.i6.i17.i32.i32, i17 %mul_ln94, i32 11, i32 16" [bnn.cpp:94]   --->   Operation 297 'partselect' 'tmp_25' <Predicate = (!icmp_ln79)> <Delay = 0.00>
ST_5 : Operation 298 [6/9] (1.06ns)   --->   "%urem_ln94 = urem i5 %add_ln94, i5 5" [bnn.cpp:94]   --->   Operation 298 'urem' 'urem_ln94' <Predicate = (!icmp_ln79)> <Delay = 1.06> <CoreInst = "Divider">   --->   Core 6 'Divider' <Latency = 8> <II = 1> <Delay = 1.06> <FuncUnit> <Opcode : 'udiv' 'sdiv' 'urem' 'srem'> <InPorts = 2> <OutPorts = 1>
ST_5 : Operation 576 [1/1] (0.42ns)   --->   "%ret_ln0 = ret"   --->   Operation 576 'ret' 'ret_ln0' <Predicate = (icmp_ln79)> <Delay = 0.42>

State 6 <SV = 5> <Delay = 2.17>
ST_6 : Operation 299 [1/2] ( I:1.23ns O:1.23ns )   --->   "%bnn_top_int_const_unsigned_int_const_int_const_unsigned_int_const_int_co_173 = load i10 %bnn_top_int_const_unsigned_int_const_int_const_unsigned_int_const_int_co_165" [bnn.cpp:88]   --->   Operation 299 'load' 'bnn_top_int_const_unsigned_int_const_int_const_unsigned_int_const_int_co_173' <Predicate = (!icmp_ln79 & trunc_ln80 == 1)> <Delay = 1.23> <CoreInst = "RAM">   --->   Core 82 'RAM' <Latency = 1> <II = 1> <Delay = 1.23> <Storage> <Opcode : 'load' 'store'> <Ports = 2> <Width = 1> <Depth = 1024> <RAM>
ST_6 : Operation 300 [1/2] ( I:1.23ns O:1.23ns )   --->   "%bnn_top_int_const_unsigned_int_const_int_const_unsigned_int_const_int_co_174 = load i10 %bnn_top_int_const_unsigned_int_const_int_const_unsigned_int_const_int_co_166" [bnn.cpp:88]   --->   Operation 300 'load' 'bnn_top_int_const_unsigned_int_const_int_const_unsigned_int_const_int_co_174' <Predicate = (!icmp_ln79 & trunc_ln80 == 2)> <Delay = 1.23> <CoreInst = "RAM">   --->   Core 82 'RAM' <Latency = 1> <II = 1> <Delay = 1.23> <Storage> <Opcode : 'load' 'store'> <Ports = 2> <Width = 1> <Depth = 1024> <RAM>
ST_6 : Operation 301 [1/2] ( I:1.23ns O:1.23ns )   --->   "%bnn_top_int_const_unsigned_int_const_int_const_unsigned_int_const_int_co_175 = load i10 %bnn_top_int_const_unsigned_int_const_int_const_unsigned_int_const_int_co_167" [bnn.cpp:88]   --->   Operation 301 'load' 'bnn_top_int_const_unsigned_int_const_int_const_unsigned_int_const_int_co_175' <Predicate = (!icmp_ln79 & trunc_ln80 == 3)> <Delay = 1.23> <CoreInst = "RAM">   --->   Core 82 'RAM' <Latency = 1> <II = 1> <Delay = 1.23> <Storage> <Opcode : 'load' 'store'> <Ports = 2> <Width = 1> <Depth = 1024> <RAM>
ST_6 : Operation 302 [1/2] ( I:1.23ns O:1.23ns )   --->   "%bnn_top_int_const_unsigned_int_const_int_const_unsigned_int_const_int_co_176 = load i10 %bnn_top_int_const_unsigned_int_const_int_const_unsigned_int_const_int_co_168" [bnn.cpp:88]   --->   Operation 302 'load' 'bnn_top_int_const_unsigned_int_const_int_const_unsigned_int_const_int_co_176' <Predicate = (!icmp_ln79 & trunc_ln80 == 4)> <Delay = 1.23> <CoreInst = "RAM">   --->   Core 82 'RAM' <Latency = 1> <II = 1> <Delay = 1.23> <Storage> <Opcode : 'load' 'store'> <Ports = 2> <Width = 1> <Depth = 1024> <RAM>
ST_6 : Operation 303 [1/2] ( I:1.23ns O:1.23ns )   --->   "%bnn_top_int_const_unsigned_int_const_int_const_unsigned_int_const_int_co_177 = load i10 %bnn_top_int_const_unsigned_int_const_int_const_unsigned_int_const_int_co_169" [bnn.cpp:88]   --->   Operation 303 'load' 'bnn_top_int_const_unsigned_int_const_int_const_unsigned_int_const_int_co_177' <Predicate = (!icmp_ln79 & trunc_ln80 == 5)> <Delay = 1.23> <CoreInst = "RAM">   --->   Core 82 'RAM' <Latency = 1> <II = 1> <Delay = 1.23> <Storage> <Opcode : 'load' 'store'> <Ports = 2> <Width = 1> <Depth = 1024> <RAM>
ST_6 : Operation 304 [1/2] ( I:1.23ns O:1.23ns )   --->   "%bnn_top_int_const_unsigned_int_const_int_const_unsigned_int_const_int_co_178 = load i10 %bnn_top_int_const_unsigned_int_const_int_const_unsigned_int_const_int_co_170" [bnn.cpp:88]   --->   Operation 304 'load' 'bnn_top_int_const_unsigned_int_const_int_const_unsigned_int_const_int_co_178' <Predicate = (!icmp_ln79 & trunc_ln80 == 6)> <Delay = 1.23> <CoreInst = "RAM">   --->   Core 82 'RAM' <Latency = 1> <II = 1> <Delay = 1.23> <Storage> <Opcode : 'load' 'store'> <Ports = 2> <Width = 1> <Depth = 1024> <RAM>
ST_6 : Operation 305 [1/2] ( I:1.23ns O:1.23ns )   --->   "%bnn_top_int_const_unsigned_int_const_int_const_unsigned_int_const_int_co_179 = load i10 %bnn_top_int_const_unsigned_int_const_int_const_unsigned_int_const_int_co_171" [bnn.cpp:88]   --->   Operation 305 'load' 'bnn_top_int_const_unsigned_int_const_int_const_unsigned_int_const_int_co_179' <Predicate = (!icmp_ln79 & trunc_ln80 == 7)> <Delay = 1.23> <CoreInst = "RAM">   --->   Core 82 'RAM' <Latency = 1> <II = 1> <Delay = 1.23> <Storage> <Opcode : 'load' 'store'> <Ports = 2> <Width = 1> <Depth = 1024> <RAM>
ST_6 : Operation 306 [1/2] ( I:1.23ns O:1.23ns )   --->   "%bnn_top_int_const_unsigned_int_const_int_const_unsigned_int_const_int_co_180 = load i10 %bnn_top_int_const_unsigned_int_const_int_const_unsigned_int_const_int_co_172" [bnn.cpp:88]   --->   Operation 306 'load' 'bnn_top_int_const_unsigned_int_const_int_const_unsigned_int_const_int_co_180' <Predicate = (!icmp_ln79 & trunc_ln80 == 0)> <Delay = 1.23> <CoreInst = "RAM">   --->   Core 82 'RAM' <Latency = 1> <II = 1> <Delay = 1.23> <Storage> <Opcode : 'load' 'store'> <Ports = 2> <Width = 1> <Depth = 1024> <RAM>
ST_6 : Operation 307 [1/1] (0.72ns)   --->   "%a_6 = sparsemux i1 @_ssdm_op_SparseMux.ap_auto.8i1.i1.i3, i3 1, i1 %bnn_top_int_const_unsigned_int_const_int_const_unsigned_int_const_int_co_173, i3 2, i1 %bnn_top_int_const_unsigned_int_const_int_const_unsigned_int_const_int_co_174, i3 3, i1 %bnn_top_int_const_unsigned_int_const_int_const_unsigned_int_const_int_co_175, i3 4, i1 %bnn_top_int_const_unsigned_int_const_int_const_unsigned_int_const_int_co_176, i3 5, i1 %bnn_top_int_const_unsigned_int_const_int_const_unsigned_int_const_int_co_177, i3 6, i1 %bnn_top_int_const_unsigned_int_const_int_const_unsigned_int_const_int_co_178, i3 7, i1 %bnn_top_int_const_unsigned_int_const_int_const_unsigned_int_const_int_co_179, i3 0, i1 %bnn_top_int_const_unsigned_int_const_int_const_unsigned_int_const_int_co_180, i1 0, i3 %trunc_ln80" [bnn.cpp:88]   --->   Operation 307 'sparsemux' 'a_6' <Predicate = (!icmp_ln79)> <Delay = 0.72> <CoreInst = "BinarySparseMux_DontCare">   --->   Core 149 'BinarySparseMux_DontCare' <Latency = 0> <II = 1> <Delay = 0.72> <FuncUnit> <Opcode : 'sparsemux'> <InPorts = 2> <OutPorts = 1>
ST_6 : Operation 308 [1/2] ( I:0.00ns O:0.00ns )   --->   "%W2_0_load_6 = load i9 %W2_0_addr_6" [bnn.cpp:89]   --->   Operation 308 'load' 'W2_0_load_6' <Predicate = (!icmp_ln79)> <Delay = 0.00> <CoreInst = "RAM">   --->   Core 82 'RAM' <Latency = 1> <II = 1> <Delay = 1.23> <Storage> <Opcode : 'load' 'store'> <Ports = 2> <Width = 32> <Depth = 288> <RAM>
ST_6 : Operation 309 [1/2] ( I:0.00ns O:0.00ns )   --->   "%W2_1_load_6 = load i9 %W2_1_addr_6" [bnn.cpp:89]   --->   Operation 309 'load' 'W2_1_load_6' <Predicate = (!icmp_ln79)> <Delay = 0.00> <CoreInst = "RAM">   --->   Core 82 'RAM' <Latency = 1> <II = 1> <Delay = 1.23> <Storage> <Opcode : 'load' 'store'> <Ports = 2> <Width = 32> <Depth = 288> <RAM>
ST_6 : Operation 310 [1/1] (0.44ns)   --->   "%select_ln89_6 = select i1 %tmp_22, i32 %W2_1_load_6, i32 %W2_0_load_6" [bnn.cpp:89]   --->   Operation 310 'select' 'select_ln89_6' <Predicate = (!icmp_ln79)> <Delay = 0.44> <CoreInst = "Sel">   --->   Core 73 'Sel' <Latency = 0> <II = 1> <Delay = 0.44> <FuncUnit> <Opcode : 'select'> <InPorts = 3> <OutPorts = 1>
ST_6 : Operation 311 [1/1] (0.78ns)   --->   "%add_ln89_12 = add i5 %trunc_ln89, i5 6" [bnn.cpp:89]   --->   Operation 311 'add' 'add_ln89_12' <Predicate = (!icmp_ln79)> <Delay = 0.78> <CoreInst = "Adder">   --->   Core 1 'Adder' <Latency = 0> <II = 1> <Delay = 0.78> <FuncUnit> <Opcode : 'add' 'sub'> <InPorts = 2> <OutPorts = 1>
ST_6 : Operation 312 [1/1] (0.00ns)   --->   "%zext_ln89_16 = zext i5 %add_ln89_12" [bnn.cpp:89]   --->   Operation 312 'zext' 'zext_ln89_16' <Predicate = (!icmp_ln79)> <Delay = 0.00>
ST_6 : Operation 313 [1/1] (1.38ns)   --->   "%lshr_ln89_11 = lshr i32 %select_ln89_6, i32 %zext_ln89_16" [bnn.cpp:89]   --->   Operation 313 'lshr' 'lshr_ln89_11' <Predicate = (!icmp_ln79)> <Delay = 1.38> <CoreInst = "Shifter">   --->   Core 75 'Shifter' <Latency = 0> <II = 1> <Delay = 1.38> <FuncUnit> <Opcode : 'shl' 'lshr' 'ashr'> <InPorts = 2> <OutPorts = 1>
ST_6 : Operation 314 [1/2] ( I:1.23ns O:1.23ns )   --->   "%bnn_top_int_const_unsigned_int_const_int_const_unsigned_int_const_int_co_189 = load i10 %bnn_top_int_const_unsigned_int_const_int_const_unsigned_int_const_int_co_181" [bnn.cpp:88]   --->   Operation 314 'load' 'bnn_top_int_const_unsigned_int_const_int_const_unsigned_int_const_int_co_189' <Predicate = (!icmp_ln79 & !tmp_5 & trunc_ln80 == 0)> <Delay = 1.23> <CoreInst = "RAM">   --->   Core 82 'RAM' <Latency = 1> <II = 1> <Delay = 1.23> <Storage> <Opcode : 'load' 'store'> <Ports = 2> <Width = 1> <Depth = 1024> <RAM>
ST_6 : Operation 315 [1/2] ( I:1.23ns O:1.23ns )   --->   "%bnn_top_int_const_unsigned_int_const_int_const_unsigned_int_const_int_co_190 = load i10 %bnn_top_int_const_unsigned_int_const_int_const_unsigned_int_const_int_co_182" [bnn.cpp:88]   --->   Operation 315 'load' 'bnn_top_int_const_unsigned_int_const_int_const_unsigned_int_const_int_co_190' <Predicate = (!icmp_ln79 & !tmp_5 & trunc_ln80 == 1)> <Delay = 1.23> <CoreInst = "RAM">   --->   Core 82 'RAM' <Latency = 1> <II = 1> <Delay = 1.23> <Storage> <Opcode : 'load' 'store'> <Ports = 2> <Width = 1> <Depth = 1024> <RAM>
ST_6 : Operation 316 [1/2] ( I:1.23ns O:1.23ns )   --->   "%bnn_top_int_const_unsigned_int_const_int_const_unsigned_int_const_int_co_191 = load i10 %bnn_top_int_const_unsigned_int_const_int_const_unsigned_int_const_int_co_183" [bnn.cpp:88]   --->   Operation 316 'load' 'bnn_top_int_const_unsigned_int_const_int_const_unsigned_int_const_int_co_191' <Predicate = (!icmp_ln79 & !tmp_5 & trunc_ln80 == 2)> <Delay = 1.23> <CoreInst = "RAM">   --->   Core 82 'RAM' <Latency = 1> <II = 1> <Delay = 1.23> <Storage> <Opcode : 'load' 'store'> <Ports = 2> <Width = 1> <Depth = 1024> <RAM>
ST_6 : Operation 317 [1/2] ( I:1.23ns O:1.23ns )   --->   "%bnn_top_int_const_unsigned_int_const_int_const_unsigned_int_const_int_co_192 = load i10 %bnn_top_int_const_unsigned_int_const_int_const_unsigned_int_const_int_co_184" [bnn.cpp:88]   --->   Operation 317 'load' 'bnn_top_int_const_unsigned_int_const_int_const_unsigned_int_const_int_co_192' <Predicate = (!icmp_ln79 & !tmp_5 & trunc_ln80 == 3)> <Delay = 1.23> <CoreInst = "RAM">   --->   Core 82 'RAM' <Latency = 1> <II = 1> <Delay = 1.23> <Storage> <Opcode : 'load' 'store'> <Ports = 2> <Width = 1> <Depth = 1024> <RAM>
ST_6 : Operation 318 [1/2] ( I:1.23ns O:1.23ns )   --->   "%bnn_top_int_const_unsigned_int_const_int_const_unsigned_int_const_int_co_193 = load i10 %bnn_top_int_const_unsigned_int_const_int_const_unsigned_int_const_int_co_185" [bnn.cpp:88]   --->   Operation 318 'load' 'bnn_top_int_const_unsigned_int_const_int_const_unsigned_int_const_int_co_193' <Predicate = (!icmp_ln79 & !tmp_5 & trunc_ln80 == 4)> <Delay = 1.23> <CoreInst = "RAM">   --->   Core 82 'RAM' <Latency = 1> <II = 1> <Delay = 1.23> <Storage> <Opcode : 'load' 'store'> <Ports = 2> <Width = 1> <Depth = 1024> <RAM>
ST_6 : Operation 319 [1/2] ( I:1.23ns O:1.23ns )   --->   "%bnn_top_int_const_unsigned_int_const_int_const_unsigned_int_const_int_co_194 = load i10 %bnn_top_int_const_unsigned_int_const_int_const_unsigned_int_const_int_co_186" [bnn.cpp:88]   --->   Operation 319 'load' 'bnn_top_int_const_unsigned_int_const_int_const_unsigned_int_const_int_co_194' <Predicate = (!icmp_ln79 & !tmp_5 & trunc_ln80 == 5)> <Delay = 1.23> <CoreInst = "RAM">   --->   Core 82 'RAM' <Latency = 1> <II = 1> <Delay = 1.23> <Storage> <Opcode : 'load' 'store'> <Ports = 2> <Width = 1> <Depth = 1024> <RAM>
ST_6 : Operation 320 [1/2] ( I:1.23ns O:1.23ns )   --->   "%bnn_top_int_const_unsigned_int_const_int_const_unsigned_int_const_int_co_195 = load i10 %bnn_top_int_const_unsigned_int_const_int_const_unsigned_int_const_int_co_187" [bnn.cpp:88]   --->   Operation 320 'load' 'bnn_top_int_const_unsigned_int_const_int_const_unsigned_int_const_int_co_195' <Predicate = (!icmp_ln79 & !tmp_5 & trunc_ln80 == 6)> <Delay = 1.23> <CoreInst = "RAM">   --->   Core 82 'RAM' <Latency = 1> <II = 1> <Delay = 1.23> <Storage> <Opcode : 'load' 'store'> <Ports = 2> <Width = 1> <Depth = 1024> <RAM>
ST_6 : Operation 321 [1/2] ( I:1.23ns O:1.23ns )   --->   "%bnn_top_int_const_unsigned_int_const_int_const_unsigned_int_const_int_co_196 = load i10 %bnn_top_int_const_unsigned_int_const_int_const_unsigned_int_const_int_co_188" [bnn.cpp:88]   --->   Operation 321 'load' 'bnn_top_int_const_unsigned_int_const_int_const_unsigned_int_const_int_co_196' <Predicate = (!icmp_ln79 & !tmp_5 & trunc_ln80 == 7)> <Delay = 1.23> <CoreInst = "RAM">   --->   Core 82 'RAM' <Latency = 1> <II = 1> <Delay = 1.23> <Storage> <Opcode : 'load' 'store'> <Ports = 2> <Width = 1> <Depth = 1024> <RAM>
ST_6 : Operation 322 [1/1] (0.72ns)   --->   "%a_7 = sparsemux i1 @_ssdm_op_SparseMux.ap_auto.8i1.i1.i3, i3 0, i1 %bnn_top_int_const_unsigned_int_const_int_const_unsigned_int_const_int_co_189, i3 1, i1 %bnn_top_int_const_unsigned_int_const_int_const_unsigned_int_const_int_co_190, i3 2, i1 %bnn_top_int_const_unsigned_int_const_int_const_unsigned_int_const_int_co_191, i3 3, i1 %bnn_top_int_const_unsigned_int_const_int_const_unsigned_int_const_int_co_192, i3 4, i1 %bnn_top_int_const_unsigned_int_const_int_const_unsigned_int_const_int_co_193, i3 5, i1 %bnn_top_int_const_unsigned_int_const_int_const_unsigned_int_const_int_co_194, i3 6, i1 %bnn_top_int_const_unsigned_int_const_int_const_unsigned_int_const_int_co_195, i3 7, i1 %bnn_top_int_const_unsigned_int_const_int_const_unsigned_int_const_int_co_196, i1 0, i3 %trunc_ln80" [bnn.cpp:88]   --->   Operation 322 'sparsemux' 'a_7' <Predicate = (!icmp_ln79 & !tmp_5)> <Delay = 0.72> <CoreInst = "BinarySparseMux_DontCare">   --->   Core 149 'BinarySparseMux_DontCare' <Latency = 0> <II = 1> <Delay = 0.72> <FuncUnit> <Opcode : 'sparsemux'> <InPorts = 2> <OutPorts = 1>
ST_6 : Operation 323 [1/2] ( I:0.00ns O:0.00ns )   --->   "%W2_0_load_7 = load i9 %W2_0_addr_7" [bnn.cpp:89]   --->   Operation 323 'load' 'W2_0_load_7' <Predicate = (!icmp_ln79 & !tmp_5)> <Delay = 0.00> <CoreInst = "RAM">   --->   Core 82 'RAM' <Latency = 1> <II = 1> <Delay = 1.23> <Storage> <Opcode : 'load' 'store'> <Ports = 2> <Width = 32> <Depth = 288> <RAM>
ST_6 : Operation 324 [1/2] ( I:0.00ns O:0.00ns )   --->   "%W2_1_load_7 = load i9 %W2_1_addr_7" [bnn.cpp:89]   --->   Operation 324 'load' 'W2_1_load_7' <Predicate = (!icmp_ln79 & !tmp_5)> <Delay = 0.00> <CoreInst = "RAM">   --->   Core 82 'RAM' <Latency = 1> <II = 1> <Delay = 1.23> <Storage> <Opcode : 'load' 'store'> <Ports = 2> <Width = 32> <Depth = 288> <RAM>
ST_6 : Operation 325 [1/1] (0.44ns)   --->   "%select_ln89_7 = select i1 %tmp_23, i32 %W2_1_load_7, i32 %W2_0_load_7" [bnn.cpp:89]   --->   Operation 325 'select' 'select_ln89_7' <Predicate = (!icmp_ln79 & !tmp_5)> <Delay = 0.44> <CoreInst = "Sel">   --->   Core 73 'Sel' <Latency = 0> <II = 1> <Delay = 0.44> <FuncUnit> <Opcode : 'select'> <InPorts = 3> <OutPorts = 1>
ST_6 : Operation 326 [1/1] (0.78ns)   --->   "%add_ln89_14 = add i5 %trunc_ln89, i5 7" [bnn.cpp:89]   --->   Operation 326 'add' 'add_ln89_14' <Predicate = (!icmp_ln79 & !tmp_5)> <Delay = 0.78> <CoreInst = "Adder">   --->   Core 1 'Adder' <Latency = 0> <II = 1> <Delay = 0.78> <FuncUnit> <Opcode : 'add' 'sub'> <InPorts = 2> <OutPorts = 1>
ST_6 : Operation 327 [1/1] (0.00ns)   --->   "%zext_ln89_17 = zext i5 %add_ln89_14" [bnn.cpp:89]   --->   Operation 327 'zext' 'zext_ln89_17' <Predicate = (!icmp_ln79 & !tmp_5)> <Delay = 0.00>
ST_6 : Operation 328 [1/1] (1.38ns)   --->   "%lshr_ln89_13 = lshr i32 %select_ln89_7, i32 %zext_ln89_17" [bnn.cpp:89]   --->   Operation 328 'lshr' 'lshr_ln89_13' <Predicate = (!icmp_ln79 & !tmp_5)> <Delay = 1.38> <CoreInst = "Shifter">   --->   Core 75 'Shifter' <Latency = 0> <II = 1> <Delay = 1.38> <FuncUnit> <Opcode : 'shl' 'lshr' 'ashr'> <InPorts = 2> <OutPorts = 1>
ST_6 : Operation 329 [1/1] (0.00ns)   --->   "%zext_ln88_9 = zext i10 %add_ln88_13" [bnn.cpp:88]   --->   Operation 329 'zext' 'zext_ln88_9' <Predicate = (!icmp_ln79)> <Delay = 0.00>
ST_6 : Operation 330 [1/1] (0.00ns)   --->   "%bnn_top_int_const_unsigned_int_const_int_const_unsigned_int_const_int_co_197 = getelementptr i1 %bnn_top_int_const_unsigned_int_const_int_const_unsigned_int_const_int_co_20, i64 0, i64 %zext_ln88_9" [bnn.cpp:88]   --->   Operation 330 'getelementptr' 'bnn_top_int_const_unsigned_int_const_int_const_unsigned_int_const_int_co_197' <Predicate = (!icmp_ln79 & trunc_ln80 == 7)> <Delay = 0.00>
ST_6 : Operation 331 [1/1] (0.00ns)   --->   "%bnn_top_int_const_unsigned_int_const_int_const_unsigned_int_const_int_co_198 = getelementptr i1 %bnn_top_int_const_unsigned_int_const_int_const_unsigned_int_const_int_co_19, i64 0, i64 %zext_ln88_9" [bnn.cpp:88]   --->   Operation 331 'getelementptr' 'bnn_top_int_const_unsigned_int_const_int_const_unsigned_int_const_int_co_198' <Predicate = (!icmp_ln79 & trunc_ln80 == 0)> <Delay = 0.00>
ST_6 : Operation 332 [1/1] (0.00ns)   --->   "%bnn_top_int_const_unsigned_int_const_int_const_unsigned_int_const_int_co_199 = getelementptr i1 %bnn_top_int_const_unsigned_int_const_int_const_unsigned_int_const_int_co_18, i64 0, i64 %zext_ln88_9" [bnn.cpp:88]   --->   Operation 332 'getelementptr' 'bnn_top_int_const_unsigned_int_const_int_const_unsigned_int_const_int_co_199' <Predicate = (!icmp_ln79 & trunc_ln80 == 1)> <Delay = 0.00>
ST_6 : Operation 333 [1/1] (0.00ns)   --->   "%bnn_top_int_const_unsigned_int_const_int_const_unsigned_int_const_int_co_200 = getelementptr i1 %bnn_top_int_const_unsigned_int_const_int_const_unsigned_int_const_int_co_17, i64 0, i64 %zext_ln88_9" [bnn.cpp:88]   --->   Operation 333 'getelementptr' 'bnn_top_int_const_unsigned_int_const_int_const_unsigned_int_const_int_co_200' <Predicate = (!icmp_ln79 & trunc_ln80 == 2)> <Delay = 0.00>
ST_6 : Operation 334 [1/1] (0.00ns)   --->   "%bnn_top_int_const_unsigned_int_const_int_const_unsigned_int_const_int_co_201 = getelementptr i1 %bnn_top_int_const_unsigned_int_const_int_const_unsigned_int_const_int_co_16, i64 0, i64 %zext_ln88_9" [bnn.cpp:88]   --->   Operation 334 'getelementptr' 'bnn_top_int_const_unsigned_int_const_int_const_unsigned_int_const_int_co_201' <Predicate = (!icmp_ln79 & trunc_ln80 == 3)> <Delay = 0.00>
ST_6 : Operation 335 [1/1] (0.00ns)   --->   "%bnn_top_int_const_unsigned_int_const_int_const_unsigned_int_const_int_co_202 = getelementptr i1 %bnn_top_int_const_unsigned_int_const_int_const_unsigned_int_const_int_co_15, i64 0, i64 %zext_ln88_9" [bnn.cpp:88]   --->   Operation 335 'getelementptr' 'bnn_top_int_const_unsigned_int_const_int_const_unsigned_int_const_int_co_202' <Predicate = (!icmp_ln79 & trunc_ln80 == 4)> <Delay = 0.00>
ST_6 : Operation 336 [1/1] (0.00ns)   --->   "%bnn_top_int_const_unsigned_int_const_int_const_unsigned_int_const_int_co_203 = getelementptr i1 %bnn_top_int_const_unsigned_int_const_int_const_unsigned_int_const_int_co_14, i64 0, i64 %zext_ln88_9" [bnn.cpp:88]   --->   Operation 336 'getelementptr' 'bnn_top_int_const_unsigned_int_const_int_const_unsigned_int_const_int_co_203' <Predicate = (!icmp_ln79 & trunc_ln80 == 5)> <Delay = 0.00>
ST_6 : Operation 337 [1/1] (0.00ns)   --->   "%bnn_top_int_const_unsigned_int_const_int_const_unsigned_int_const_int_co_204 = getelementptr i1 %bnn_top_int_const_unsigned_int_const_int_const_unsigned_int_const_int_co_13, i64 0, i64 %zext_ln88_9" [bnn.cpp:88]   --->   Operation 337 'getelementptr' 'bnn_top_int_const_unsigned_int_const_int_const_unsigned_int_const_int_co_204' <Predicate = (!icmp_ln79 & trunc_ln80 == 6)> <Delay = 0.00>
ST_6 : Operation 338 [2/2] (1.23ns)   --->   "%bnn_top_int_const_unsigned_int_const_int_const_unsigned_int_const_int_co_205 = load i10 %bnn_top_int_const_unsigned_int_const_int_const_unsigned_int_const_int_co_197" [bnn.cpp:88]   --->   Operation 338 'load' 'bnn_top_int_const_unsigned_int_const_int_const_unsigned_int_const_int_co_205' <Predicate = (!icmp_ln79 & trunc_ln80 == 7)> <Delay = 1.23> <CoreInst = "RAM">   --->   Core 82 'RAM' <Latency = 1> <II = 1> <Delay = 1.23> <Storage> <Opcode : 'load' 'store'> <Ports = 2> <Width = 1> <Depth = 1024> <RAM>
ST_6 : Operation 339 [2/2] (1.23ns)   --->   "%bnn_top_int_const_unsigned_int_const_int_const_unsigned_int_const_int_co_206 = load i10 %bnn_top_int_const_unsigned_int_const_int_const_unsigned_int_const_int_co_198" [bnn.cpp:88]   --->   Operation 339 'load' 'bnn_top_int_const_unsigned_int_const_int_const_unsigned_int_const_int_co_206' <Predicate = (!icmp_ln79 & trunc_ln80 == 0)> <Delay = 1.23> <CoreInst = "RAM">   --->   Core 82 'RAM' <Latency = 1> <II = 1> <Delay = 1.23> <Storage> <Opcode : 'load' 'store'> <Ports = 2> <Width = 1> <Depth = 1024> <RAM>
ST_6 : Operation 340 [2/2] (1.23ns)   --->   "%bnn_top_int_const_unsigned_int_const_int_const_unsigned_int_const_int_co_207 = load i10 %bnn_top_int_const_unsigned_int_const_int_const_unsigned_int_const_int_co_199" [bnn.cpp:88]   --->   Operation 340 'load' 'bnn_top_int_const_unsigned_int_const_int_const_unsigned_int_const_int_co_207' <Predicate = (!icmp_ln79 & trunc_ln80 == 1)> <Delay = 1.23> <CoreInst = "RAM">   --->   Core 82 'RAM' <Latency = 1> <II = 1> <Delay = 1.23> <Storage> <Opcode : 'load' 'store'> <Ports = 2> <Width = 1> <Depth = 1024> <RAM>
ST_6 : Operation 341 [2/2] (1.23ns)   --->   "%bnn_top_int_const_unsigned_int_const_int_const_unsigned_int_const_int_co_208 = load i10 %bnn_top_int_const_unsigned_int_const_int_const_unsigned_int_const_int_co_200" [bnn.cpp:88]   --->   Operation 341 'load' 'bnn_top_int_const_unsigned_int_const_int_const_unsigned_int_const_int_co_208' <Predicate = (!icmp_ln79 & trunc_ln80 == 2)> <Delay = 1.23> <CoreInst = "RAM">   --->   Core 82 'RAM' <Latency = 1> <II = 1> <Delay = 1.23> <Storage> <Opcode : 'load' 'store'> <Ports = 2> <Width = 1> <Depth = 1024> <RAM>
ST_6 : Operation 342 [2/2] (1.23ns)   --->   "%bnn_top_int_const_unsigned_int_const_int_const_unsigned_int_const_int_co_209 = load i10 %bnn_top_int_const_unsigned_int_const_int_const_unsigned_int_const_int_co_201" [bnn.cpp:88]   --->   Operation 342 'load' 'bnn_top_int_const_unsigned_int_const_int_const_unsigned_int_const_int_co_209' <Predicate = (!icmp_ln79 & trunc_ln80 == 3)> <Delay = 1.23> <CoreInst = "RAM">   --->   Core 82 'RAM' <Latency = 1> <II = 1> <Delay = 1.23> <Storage> <Opcode : 'load' 'store'> <Ports = 2> <Width = 1> <Depth = 1024> <RAM>
ST_6 : Operation 343 [2/2] (1.23ns)   --->   "%bnn_top_int_const_unsigned_int_const_int_const_unsigned_int_const_int_co_210 = load i10 %bnn_top_int_const_unsigned_int_const_int_const_unsigned_int_const_int_co_202" [bnn.cpp:88]   --->   Operation 343 'load' 'bnn_top_int_const_unsigned_int_const_int_const_unsigned_int_const_int_co_210' <Predicate = (!icmp_ln79 & trunc_ln80 == 4)> <Delay = 1.23> <CoreInst = "RAM">   --->   Core 82 'RAM' <Latency = 1> <II = 1> <Delay = 1.23> <Storage> <Opcode : 'load' 'store'> <Ports = 2> <Width = 1> <Depth = 1024> <RAM>
ST_6 : Operation 344 [2/2] (1.23ns)   --->   "%bnn_top_int_const_unsigned_int_const_int_const_unsigned_int_const_int_co_211 = load i10 %bnn_top_int_const_unsigned_int_const_int_const_unsigned_int_const_int_co_203" [bnn.cpp:88]   --->   Operation 344 'load' 'bnn_top_int_const_unsigned_int_const_int_const_unsigned_int_const_int_co_211' <Predicate = (!icmp_ln79 & trunc_ln80 == 5)> <Delay = 1.23> <CoreInst = "RAM">   --->   Core 82 'RAM' <Latency = 1> <II = 1> <Delay = 1.23> <Storage> <Opcode : 'load' 'store'> <Ports = 2> <Width = 1> <Depth = 1024> <RAM>
ST_6 : Operation 345 [2/2] (1.23ns)   --->   "%bnn_top_int_const_unsigned_int_const_int_const_unsigned_int_const_int_co_212 = load i10 %bnn_top_int_const_unsigned_int_const_int_const_unsigned_int_const_int_co_204" [bnn.cpp:88]   --->   Operation 345 'load' 'bnn_top_int_const_unsigned_int_const_int_const_unsigned_int_const_int_co_212' <Predicate = (!icmp_ln79 & trunc_ln80 == 6)> <Delay = 1.23> <CoreInst = "RAM">   --->   Core 82 'RAM' <Latency = 1> <II = 1> <Delay = 1.23> <Storage> <Opcode : 'load' 'store'> <Ports = 2> <Width = 1> <Depth = 1024> <RAM>
ST_6 : Operation 346 [1/1] (0.00ns)   --->   "%zext_ln89_8 = zext i9 %lshr_ln89_14" [bnn.cpp:89]   --->   Operation 346 'zext' 'zext_ln89_8' <Predicate = (!icmp_ln79)> <Delay = 0.00>
ST_6 : Operation 347 [1/1] (0.00ns)   --->   "%W2_0_addr_8 = getelementptr i32 %W2_0, i64 0, i64 %zext_ln89_8" [bnn.cpp:89]   --->   Operation 347 'getelementptr' 'W2_0_addr_8' <Predicate = (!icmp_ln79 & !tmp_24)> <Delay = 0.00>
ST_6 : Operation 348 [2/2] (0.00ns)   --->   "%W2_0_load_8 = load i9 %W2_0_addr_8" [bnn.cpp:89]   --->   Operation 348 'load' 'W2_0_load_8' <Predicate = (!icmp_ln79 & !tmp_24)> <Delay = 0.00> <CoreInst = "RAM">   --->   Core 82 'RAM' <Latency = 1> <II = 1> <Delay = 1.23> <Storage> <Opcode : 'load' 'store'> <Ports = 2> <Width = 32> <Depth = 288> <RAM>
ST_6 : Operation 349 [1/1] (0.00ns)   --->   "%W2_1_addr_8 = getelementptr i32 %W2_1, i64 0, i64 %zext_ln89_8" [bnn.cpp:89]   --->   Operation 349 'getelementptr' 'W2_1_addr_8' <Predicate = (!icmp_ln79 & tmp_24)> <Delay = 0.00>
ST_6 : Operation 350 [2/2] (0.00ns)   --->   "%W2_1_load_8 = load i9 %W2_1_addr_8" [bnn.cpp:89]   --->   Operation 350 'load' 'W2_1_load_8' <Predicate = (!icmp_ln79 & tmp_24)> <Delay = 0.00> <CoreInst = "RAM">   --->   Core 82 'RAM' <Latency = 1> <II = 1> <Delay = 1.23> <Storage> <Opcode : 'load' 'store'> <Ports = 2> <Width = 32> <Depth = 288> <RAM>
ST_6 : Operation 351 [5/9] (1.06ns)   --->   "%urem_ln94 = urem i5 %add_ln94, i5 5" [bnn.cpp:94]   --->   Operation 351 'urem' 'urem_ln94' <Predicate = (!icmp_ln79)> <Delay = 1.06> <CoreInst = "Divider">   --->   Core 6 'Divider' <Latency = 8> <II = 1> <Delay = 1.06> <FuncUnit> <Opcode : 'udiv' 'sdiv' 'urem' 'srem'> <InPorts = 2> <OutPorts = 1>
ST_6 : Operation 352 [1/1] (0.42ns)   --->   "%store_ln80 = store i5 %select_ln80, i5 %ow" [bnn.cpp:80]   --->   Operation 352 'store' 'store_ln80' <Predicate = (!icmp_ln79)> <Delay = 0.42>

State 7 <SV = 6> <Delay = 2.88>
ST_7 : Operation 353 [1/1] (0.00ns)   --->   "%zext_ln86_1 = zext i8 %shl_ln3" [bnn.cpp:86]   --->   Operation 353 'zext' 'zext_ln86_1' <Predicate = true> <Delay = 0.00>
ST_7 : Operation 354 [1/1] (0.00ns)   --->   "%zext_ln80 = zext i5 %select_ln80" [bnn.cpp:80]   --->   Operation 354 'zext' 'zext_ln80' <Predicate = true> <Delay = 0.00>
ST_7 : Operation 355 [1/1] (0.00ns)   --->   "%sext_ln87_1 = sext i5 %add_ln86_1" [bnn.cpp:87]   --->   Operation 355 'sext' 'sext_ln87_1' <Predicate = true> <Delay = 0.00>
ST_7 : Operation 356 [1/1] (0.00ns)   --->   "%zext_ln87_2 = zext i5 %add_ln86_2_mid2" [bnn.cpp:87]   --->   Operation 356 'zext' 'zext_ln87_2' <Predicate = true> <Delay = 0.00>
ST_7 : Operation 357 [1/1] (0.00ns)   --->   "%shl_ln88_1 = bitconcatenate i13 @_ssdm_op_BitConcatenate.i13.i5.i8, i5 %trunc_ln88, i8 0" [bnn.cpp:88]   --->   Operation 357 'bitconcatenate' 'shl_ln88_1' <Predicate = true> <Delay = 0.00>
ST_7 : Operation 358 [1/1] (0.00ns) (grouped into TernaryAdder)   --->   "%add_ln88_1 = add i13 %shl_ln88_1, i13 8176" [bnn.cpp:88]   --->   Operation 358 'add' 'add_ln88_1' <Predicate = true> <Delay = 0.00> <CoreInst = "TAddSub">   --->   Core 10 'TAddSub' <Latency = 0> <II = 1> <Delay = 0.52> <IPBlock> <Opcode : 'add' 'sub'> <InPorts = 3> <OutPorts = 1> <Sync> <CReg>
ST_7 : Operation 359 [1/1] (0.82ns) (root node of TernaryAdder)   --->   "%add_ln88_2 = add i13 %add_ln88_1, i13 %zext_ln86_1" [bnn.cpp:88]   --->   Operation 359 'add' 'add_ln88_2' <Predicate = true> <Delay = 0.82> <CoreInst = "TAddSub">   --->   Core 10 'TAddSub' <Latency = 0> <II = 1> <Delay = 0.52> <IPBlock> <Opcode : 'add' 'sub'> <InPorts = 3> <OutPorts = 1> <Sync> <CReg>
ST_7 : Operation 360 [1/1] (0.82ns)   --->   "%add_ln88_3 = add i13 %add_ln88_2, i13 %sext_ln87_1" [bnn.cpp:88]   --->   Operation 360 'add' 'add_ln88_3' <Predicate = true> <Delay = 0.82> <CoreInst = "Adder">   --->   Core 1 'Adder' <Latency = 0> <II = 1> <Delay = 0.82> <FuncUnit> <Opcode : 'add' 'sub'> <InPorts = 2> <OutPorts = 1>
ST_7 : Operation 361 [1/1] (0.00ns)   --->   "%lshr_ln88_2 = partselect i10 @_ssdm_op_PartSelect.i10.i13.i32.i32, i13 %add_ln88_3, i32 3, i32 12" [bnn.cpp:88]   --->   Operation 361 'partselect' 'lshr_ln88_2' <Predicate = true> <Delay = 0.00>
ST_7 : Operation 362 [1/1] (0.00ns)   --->   "%zext_ln88_1 = zext i10 %lshr_ln88_2" [bnn.cpp:88]   --->   Operation 362 'zext' 'zext_ln88_1' <Predicate = true> <Delay = 0.00>
ST_7 : Operation 363 [1/1] (0.00ns)   --->   "%bnn_top_int_const_unsigned_int_const_int_const_unsigned_int_const_int_co_69 = getelementptr i1 %bnn_top_int_const_unsigned_int_const_int_const_unsigned_int_const_int_co_20, i64 0, i64 %zext_ln88_1" [bnn.cpp:88]   --->   Operation 363 'getelementptr' 'bnn_top_int_const_unsigned_int_const_int_const_unsigned_int_const_int_co_69' <Predicate = (trunc_ln80 == 1)> <Delay = 0.00>
ST_7 : Operation 364 [1/1] (0.00ns)   --->   "%bnn_top_int_const_unsigned_int_const_int_const_unsigned_int_const_int_co_70 = getelementptr i1 %bnn_top_int_const_unsigned_int_const_int_const_unsigned_int_const_int_co_19, i64 0, i64 %zext_ln88_1" [bnn.cpp:88]   --->   Operation 364 'getelementptr' 'bnn_top_int_const_unsigned_int_const_int_const_unsigned_int_const_int_co_70' <Predicate = (trunc_ln80 == 2)> <Delay = 0.00>
ST_7 : Operation 365 [1/1] (0.00ns)   --->   "%bnn_top_int_const_unsigned_int_const_int_const_unsigned_int_const_int_co_71 = getelementptr i1 %bnn_top_int_const_unsigned_int_const_int_const_unsigned_int_const_int_co_18, i64 0, i64 %zext_ln88_1" [bnn.cpp:88]   --->   Operation 365 'getelementptr' 'bnn_top_int_const_unsigned_int_const_int_const_unsigned_int_const_int_co_71' <Predicate = (trunc_ln80 == 3)> <Delay = 0.00>
ST_7 : Operation 366 [1/1] (0.00ns)   --->   "%bnn_top_int_const_unsigned_int_const_int_const_unsigned_int_const_int_co_72 = getelementptr i1 %bnn_top_int_const_unsigned_int_const_int_const_unsigned_int_const_int_co_17, i64 0, i64 %zext_ln88_1" [bnn.cpp:88]   --->   Operation 366 'getelementptr' 'bnn_top_int_const_unsigned_int_const_int_const_unsigned_int_const_int_co_72' <Predicate = (trunc_ln80 == 4)> <Delay = 0.00>
ST_7 : Operation 367 [1/1] (0.00ns)   --->   "%bnn_top_int_const_unsigned_int_const_int_const_unsigned_int_const_int_co_73 = getelementptr i1 %bnn_top_int_const_unsigned_int_const_int_const_unsigned_int_const_int_co_16, i64 0, i64 %zext_ln88_1" [bnn.cpp:88]   --->   Operation 367 'getelementptr' 'bnn_top_int_const_unsigned_int_const_int_const_unsigned_int_const_int_co_73' <Predicate = (trunc_ln80 == 5)> <Delay = 0.00>
ST_7 : Operation 368 [1/1] (0.00ns)   --->   "%bnn_top_int_const_unsigned_int_const_int_const_unsigned_int_const_int_co_74 = getelementptr i1 %bnn_top_int_const_unsigned_int_const_int_const_unsigned_int_const_int_co_15, i64 0, i64 %zext_ln88_1" [bnn.cpp:88]   --->   Operation 368 'getelementptr' 'bnn_top_int_const_unsigned_int_const_int_const_unsigned_int_const_int_co_74' <Predicate = (trunc_ln80 == 6)> <Delay = 0.00>
ST_7 : Operation 369 [1/1] (0.00ns)   --->   "%bnn_top_int_const_unsigned_int_const_int_const_unsigned_int_const_int_co_75 = getelementptr i1 %bnn_top_int_const_unsigned_int_const_int_const_unsigned_int_const_int_co_14, i64 0, i64 %zext_ln88_1" [bnn.cpp:88]   --->   Operation 369 'getelementptr' 'bnn_top_int_const_unsigned_int_const_int_const_unsigned_int_const_int_co_75' <Predicate = (trunc_ln80 == 7)> <Delay = 0.00>
ST_7 : Operation 370 [1/1] (0.00ns)   --->   "%bnn_top_int_const_unsigned_int_const_int_const_unsigned_int_const_int_co_76 = getelementptr i1 %bnn_top_int_const_unsigned_int_const_int_const_unsigned_int_const_int_co_13, i64 0, i64 %zext_ln88_1" [bnn.cpp:88]   --->   Operation 370 'getelementptr' 'bnn_top_int_const_unsigned_int_const_int_const_unsigned_int_const_int_co_76' <Predicate = (trunc_ln80 == 0)> <Delay = 0.00>
ST_7 : Operation 371 [2/2] (1.23ns)   --->   "%bnn_top_int_const_unsigned_int_const_int_const_unsigned_int_const_int_co_77 = load i10 %bnn_top_int_const_unsigned_int_const_int_const_unsigned_int_const_int_co_69" [bnn.cpp:88]   --->   Operation 371 'load' 'bnn_top_int_const_unsigned_int_const_int_const_unsigned_int_const_int_co_77' <Predicate = (trunc_ln80 == 1)> <Delay = 1.23> <CoreInst = "RAM">   --->   Core 82 'RAM' <Latency = 1> <II = 1> <Delay = 1.23> <Storage> <Opcode : 'load' 'store'> <Ports = 2> <Width = 1> <Depth = 1024> <RAM>
ST_7 : Operation 372 [2/2] (1.23ns)   --->   "%bnn_top_int_const_unsigned_int_const_int_const_unsigned_int_const_int_co_78 = load i10 %bnn_top_int_const_unsigned_int_const_int_const_unsigned_int_const_int_co_70" [bnn.cpp:88]   --->   Operation 372 'load' 'bnn_top_int_const_unsigned_int_const_int_const_unsigned_int_const_int_co_78' <Predicate = (trunc_ln80 == 2)> <Delay = 1.23> <CoreInst = "RAM">   --->   Core 82 'RAM' <Latency = 1> <II = 1> <Delay = 1.23> <Storage> <Opcode : 'load' 'store'> <Ports = 2> <Width = 1> <Depth = 1024> <RAM>
ST_7 : Operation 373 [2/2] (1.23ns)   --->   "%bnn_top_int_const_unsigned_int_const_int_const_unsigned_int_const_int_co_79 = load i10 %bnn_top_int_const_unsigned_int_const_int_const_unsigned_int_const_int_co_71" [bnn.cpp:88]   --->   Operation 373 'load' 'bnn_top_int_const_unsigned_int_const_int_const_unsigned_int_const_int_co_79' <Predicate = (trunc_ln80 == 3)> <Delay = 1.23> <CoreInst = "RAM">   --->   Core 82 'RAM' <Latency = 1> <II = 1> <Delay = 1.23> <Storage> <Opcode : 'load' 'store'> <Ports = 2> <Width = 1> <Depth = 1024> <RAM>
ST_7 : Operation 374 [2/2] (1.23ns)   --->   "%bnn_top_int_const_unsigned_int_const_int_const_unsigned_int_const_int_co_80 = load i10 %bnn_top_int_const_unsigned_int_const_int_const_unsigned_int_const_int_co_72" [bnn.cpp:88]   --->   Operation 374 'load' 'bnn_top_int_const_unsigned_int_const_int_const_unsigned_int_const_int_co_80' <Predicate = (trunc_ln80 == 4)> <Delay = 1.23> <CoreInst = "RAM">   --->   Core 82 'RAM' <Latency = 1> <II = 1> <Delay = 1.23> <Storage> <Opcode : 'load' 'store'> <Ports = 2> <Width = 1> <Depth = 1024> <RAM>
ST_7 : Operation 375 [2/2] (1.23ns)   --->   "%bnn_top_int_const_unsigned_int_const_int_const_unsigned_int_const_int_co_81 = load i10 %bnn_top_int_const_unsigned_int_const_int_const_unsigned_int_const_int_co_73" [bnn.cpp:88]   --->   Operation 375 'load' 'bnn_top_int_const_unsigned_int_const_int_const_unsigned_int_const_int_co_81' <Predicate = (trunc_ln80 == 5)> <Delay = 1.23> <CoreInst = "RAM">   --->   Core 82 'RAM' <Latency = 1> <II = 1> <Delay = 1.23> <Storage> <Opcode : 'load' 'store'> <Ports = 2> <Width = 1> <Depth = 1024> <RAM>
ST_7 : Operation 376 [2/2] (1.23ns)   --->   "%bnn_top_int_const_unsigned_int_const_int_const_unsigned_int_const_int_co_82 = load i10 %bnn_top_int_const_unsigned_int_const_int_const_unsigned_int_const_int_co_74" [bnn.cpp:88]   --->   Operation 376 'load' 'bnn_top_int_const_unsigned_int_const_int_const_unsigned_int_const_int_co_82' <Predicate = (trunc_ln80 == 6)> <Delay = 1.23> <CoreInst = "RAM">   --->   Core 82 'RAM' <Latency = 1> <II = 1> <Delay = 1.23> <Storage> <Opcode : 'load' 'store'> <Ports = 2> <Width = 1> <Depth = 1024> <RAM>
ST_7 : Operation 377 [2/2] (1.23ns)   --->   "%bnn_top_int_const_unsigned_int_const_int_const_unsigned_int_const_int_co_83 = load i10 %bnn_top_int_const_unsigned_int_const_int_const_unsigned_int_const_int_co_75" [bnn.cpp:88]   --->   Operation 377 'load' 'bnn_top_int_const_unsigned_int_const_int_const_unsigned_int_const_int_co_83' <Predicate = (trunc_ln80 == 7)> <Delay = 1.23> <CoreInst = "RAM">   --->   Core 82 'RAM' <Latency = 1> <II = 1> <Delay = 1.23> <Storage> <Opcode : 'load' 'store'> <Ports = 2> <Width = 1> <Depth = 1024> <RAM>
ST_7 : Operation 378 [2/2] (1.23ns)   --->   "%bnn_top_int_const_unsigned_int_const_int_const_unsigned_int_const_int_co_84 = load i10 %bnn_top_int_const_unsigned_int_const_int_const_unsigned_int_const_int_co_76" [bnn.cpp:88]   --->   Operation 378 'load' 'bnn_top_int_const_unsigned_int_const_int_const_unsigned_int_const_int_co_84' <Predicate = (trunc_ln80 == 0)> <Delay = 1.23> <CoreInst = "RAM">   --->   Core 82 'RAM' <Latency = 1> <II = 1> <Delay = 1.23> <Storage> <Opcode : 'load' 'store'> <Ports = 2> <Width = 1> <Depth = 1024> <RAM>
ST_7 : Operation 379 [1/1] (0.82ns)   --->   "%add_ln88_4 = add i13 %add_ln88_2, i13 %zext_ln80" [bnn.cpp:88]   --->   Operation 379 'add' 'add_ln88_4' <Predicate = true> <Delay = 0.82> <CoreInst = "Adder">   --->   Core 1 'Adder' <Latency = 0> <II = 1> <Delay = 0.82> <FuncUnit> <Opcode : 'add' 'sub'> <InPorts = 2> <OutPorts = 1>
ST_7 : Operation 380 [1/1] (0.00ns)   --->   "%lshr_ln88_3 = partselect i10 @_ssdm_op_PartSelect.i10.i13.i32.i32, i13 %add_ln88_4, i32 3, i32 12" [bnn.cpp:88]   --->   Operation 380 'partselect' 'lshr_ln88_3' <Predicate = true> <Delay = 0.00>
ST_7 : Operation 381 [1/1] (0.00ns)   --->   "%zext_ln88_2 = zext i10 %lshr_ln88_3" [bnn.cpp:88]   --->   Operation 381 'zext' 'zext_ln88_2' <Predicate = true> <Delay = 0.00>
ST_7 : Operation 382 [1/1] (0.00ns)   --->   "%bnn_top_int_const_unsigned_int_const_int_const_unsigned_int_const_int_co_85 = getelementptr i1 %bnn_top_int_const_unsigned_int_const_int_const_unsigned_int_const_int_co_20, i64 0, i64 %zext_ln88_2" [bnn.cpp:88]   --->   Operation 382 'getelementptr' 'bnn_top_int_const_unsigned_int_const_int_const_unsigned_int_const_int_co_85' <Predicate = (trunc_ln80 == 0)> <Delay = 0.00>
ST_7 : Operation 383 [1/1] (0.00ns)   --->   "%bnn_top_int_const_unsigned_int_const_int_const_unsigned_int_const_int_co_86 = getelementptr i1 %bnn_top_int_const_unsigned_int_const_int_const_unsigned_int_const_int_co_19, i64 0, i64 %zext_ln88_2" [bnn.cpp:88]   --->   Operation 383 'getelementptr' 'bnn_top_int_const_unsigned_int_const_int_const_unsigned_int_const_int_co_86' <Predicate = (trunc_ln80 == 1)> <Delay = 0.00>
ST_7 : Operation 384 [1/1] (0.00ns)   --->   "%bnn_top_int_const_unsigned_int_const_int_const_unsigned_int_const_int_co_87 = getelementptr i1 %bnn_top_int_const_unsigned_int_const_int_const_unsigned_int_const_int_co_18, i64 0, i64 %zext_ln88_2" [bnn.cpp:88]   --->   Operation 384 'getelementptr' 'bnn_top_int_const_unsigned_int_const_int_const_unsigned_int_const_int_co_87' <Predicate = (trunc_ln80 == 2)> <Delay = 0.00>
ST_7 : Operation 385 [1/1] (0.00ns)   --->   "%bnn_top_int_const_unsigned_int_const_int_const_unsigned_int_const_int_co_88 = getelementptr i1 %bnn_top_int_const_unsigned_int_const_int_const_unsigned_int_const_int_co_17, i64 0, i64 %zext_ln88_2" [bnn.cpp:88]   --->   Operation 385 'getelementptr' 'bnn_top_int_const_unsigned_int_const_int_const_unsigned_int_const_int_co_88' <Predicate = (trunc_ln80 == 3)> <Delay = 0.00>
ST_7 : Operation 386 [1/1] (0.00ns)   --->   "%bnn_top_int_const_unsigned_int_const_int_const_unsigned_int_const_int_co_89 = getelementptr i1 %bnn_top_int_const_unsigned_int_const_int_const_unsigned_int_const_int_co_16, i64 0, i64 %zext_ln88_2" [bnn.cpp:88]   --->   Operation 386 'getelementptr' 'bnn_top_int_const_unsigned_int_const_int_const_unsigned_int_const_int_co_89' <Predicate = (trunc_ln80 == 4)> <Delay = 0.00>
ST_7 : Operation 387 [1/1] (0.00ns)   --->   "%bnn_top_int_const_unsigned_int_const_int_const_unsigned_int_const_int_co_90 = getelementptr i1 %bnn_top_int_const_unsigned_int_const_int_const_unsigned_int_const_int_co_15, i64 0, i64 %zext_ln88_2" [bnn.cpp:88]   --->   Operation 387 'getelementptr' 'bnn_top_int_const_unsigned_int_const_int_const_unsigned_int_const_int_co_90' <Predicate = (trunc_ln80 == 5)> <Delay = 0.00>
ST_7 : Operation 388 [1/1] (0.00ns)   --->   "%bnn_top_int_const_unsigned_int_const_int_const_unsigned_int_const_int_co_91 = getelementptr i1 %bnn_top_int_const_unsigned_int_const_int_const_unsigned_int_const_int_co_14, i64 0, i64 %zext_ln88_2" [bnn.cpp:88]   --->   Operation 388 'getelementptr' 'bnn_top_int_const_unsigned_int_const_int_const_unsigned_int_const_int_co_91' <Predicate = (trunc_ln80 == 6)> <Delay = 0.00>
ST_7 : Operation 389 [1/1] (0.00ns)   --->   "%bnn_top_int_const_unsigned_int_const_int_const_unsigned_int_const_int_co_92 = getelementptr i1 %bnn_top_int_const_unsigned_int_const_int_const_unsigned_int_const_int_co_13, i64 0, i64 %zext_ln88_2" [bnn.cpp:88]   --->   Operation 389 'getelementptr' 'bnn_top_int_const_unsigned_int_const_int_const_unsigned_int_const_int_co_92' <Predicate = (trunc_ln80 == 7)> <Delay = 0.00>
ST_7 : Operation 390 [2/2] (1.23ns)   --->   "%bnn_top_int_const_unsigned_int_const_int_const_unsigned_int_const_int_co_93 = load i10 %bnn_top_int_const_unsigned_int_const_int_const_unsigned_int_const_int_co_85" [bnn.cpp:88]   --->   Operation 390 'load' 'bnn_top_int_const_unsigned_int_const_int_const_unsigned_int_const_int_co_93' <Predicate = (trunc_ln80 == 0)> <Delay = 1.23> <CoreInst = "RAM">   --->   Core 82 'RAM' <Latency = 1> <II = 1> <Delay = 1.23> <Storage> <Opcode : 'load' 'store'> <Ports = 2> <Width = 1> <Depth = 1024> <RAM>
ST_7 : Operation 391 [2/2] (1.23ns)   --->   "%bnn_top_int_const_unsigned_int_const_int_const_unsigned_int_const_int_co_94 = load i10 %bnn_top_int_const_unsigned_int_const_int_const_unsigned_int_const_int_co_86" [bnn.cpp:88]   --->   Operation 391 'load' 'bnn_top_int_const_unsigned_int_const_int_const_unsigned_int_const_int_co_94' <Predicate = (trunc_ln80 == 1)> <Delay = 1.23> <CoreInst = "RAM">   --->   Core 82 'RAM' <Latency = 1> <II = 1> <Delay = 1.23> <Storage> <Opcode : 'load' 'store'> <Ports = 2> <Width = 1> <Depth = 1024> <RAM>
ST_7 : Operation 392 [2/2] (1.23ns)   --->   "%bnn_top_int_const_unsigned_int_const_int_const_unsigned_int_const_int_co_95 = load i10 %bnn_top_int_const_unsigned_int_const_int_const_unsigned_int_const_int_co_87" [bnn.cpp:88]   --->   Operation 392 'load' 'bnn_top_int_const_unsigned_int_const_int_const_unsigned_int_const_int_co_95' <Predicate = (trunc_ln80 == 2)> <Delay = 1.23> <CoreInst = "RAM">   --->   Core 82 'RAM' <Latency = 1> <II = 1> <Delay = 1.23> <Storage> <Opcode : 'load' 'store'> <Ports = 2> <Width = 1> <Depth = 1024> <RAM>
ST_7 : Operation 393 [2/2] (1.23ns)   --->   "%bnn_top_int_const_unsigned_int_const_int_const_unsigned_int_const_int_co_96 = load i10 %bnn_top_int_const_unsigned_int_const_int_const_unsigned_int_const_int_co_88" [bnn.cpp:88]   --->   Operation 393 'load' 'bnn_top_int_const_unsigned_int_const_int_const_unsigned_int_const_int_co_96' <Predicate = (trunc_ln80 == 3)> <Delay = 1.23> <CoreInst = "RAM">   --->   Core 82 'RAM' <Latency = 1> <II = 1> <Delay = 1.23> <Storage> <Opcode : 'load' 'store'> <Ports = 2> <Width = 1> <Depth = 1024> <RAM>
ST_7 : Operation 394 [2/2] (1.23ns)   --->   "%bnn_top_int_const_unsigned_int_const_int_const_unsigned_int_const_int_co_97 = load i10 %bnn_top_int_const_unsigned_int_const_int_const_unsigned_int_const_int_co_89" [bnn.cpp:88]   --->   Operation 394 'load' 'bnn_top_int_const_unsigned_int_const_int_const_unsigned_int_const_int_co_97' <Predicate = (trunc_ln80 == 4)> <Delay = 1.23> <CoreInst = "RAM">   --->   Core 82 'RAM' <Latency = 1> <II = 1> <Delay = 1.23> <Storage> <Opcode : 'load' 'store'> <Ports = 2> <Width = 1> <Depth = 1024> <RAM>
ST_7 : Operation 395 [2/2] (1.23ns)   --->   "%bnn_top_int_const_unsigned_int_const_int_const_unsigned_int_const_int_co_98 = load i10 %bnn_top_int_const_unsigned_int_const_int_const_unsigned_int_const_int_co_90" [bnn.cpp:88]   --->   Operation 395 'load' 'bnn_top_int_const_unsigned_int_const_int_const_unsigned_int_const_int_co_98' <Predicate = (trunc_ln80 == 5)> <Delay = 1.23> <CoreInst = "RAM">   --->   Core 82 'RAM' <Latency = 1> <II = 1> <Delay = 1.23> <Storage> <Opcode : 'load' 'store'> <Ports = 2> <Width = 1> <Depth = 1024> <RAM>
ST_7 : Operation 396 [2/2] (1.23ns)   --->   "%bnn_top_int_const_unsigned_int_const_int_const_unsigned_int_const_int_co_99 = load i10 %bnn_top_int_const_unsigned_int_const_int_const_unsigned_int_const_int_co_91" [bnn.cpp:88]   --->   Operation 396 'load' 'bnn_top_int_const_unsigned_int_const_int_const_unsigned_int_const_int_co_99' <Predicate = (trunc_ln80 == 6)> <Delay = 1.23> <CoreInst = "RAM">   --->   Core 82 'RAM' <Latency = 1> <II = 1> <Delay = 1.23> <Storage> <Opcode : 'load' 'store'> <Ports = 2> <Width = 1> <Depth = 1024> <RAM>
ST_7 : Operation 397 [2/2] (1.23ns)   --->   "%bnn_top_int_const_unsigned_int_const_int_const_unsigned_int_const_int_co_100 = load i10 %bnn_top_int_const_unsigned_int_const_int_const_unsigned_int_const_int_co_92" [bnn.cpp:88]   --->   Operation 397 'load' 'bnn_top_int_const_unsigned_int_const_int_const_unsigned_int_const_int_co_100' <Predicate = (trunc_ln80 == 7)> <Delay = 1.23> <CoreInst = "RAM">   --->   Core 82 'RAM' <Latency = 1> <II = 1> <Delay = 1.23> <Storage> <Opcode : 'load' 'store'> <Ports = 2> <Width = 1> <Depth = 1024> <RAM>
ST_7 : Operation 398 [1/1] (0.82ns)   --->   "%add_ln88_5 = add i13 %add_ln88_2, i13 %zext_ln87_2" [bnn.cpp:88]   --->   Operation 398 'add' 'add_ln88_5' <Predicate = true> <Delay = 0.82> <CoreInst = "Adder">   --->   Core 1 'Adder' <Latency = 0> <II = 1> <Delay = 0.82> <FuncUnit> <Opcode : 'add' 'sub'> <InPorts = 2> <OutPorts = 1>
ST_7 : Operation 399 [1/1] (0.00ns)   --->   "%lshr_ln88_4 = partselect i10 @_ssdm_op_PartSelect.i10.i13.i32.i32, i13 %add_ln88_5, i32 3, i32 12" [bnn.cpp:88]   --->   Operation 399 'partselect' 'lshr_ln88_4' <Predicate = true> <Delay = 0.00>
ST_7 : Operation 400 [1/1] (0.00ns)   --->   "%tmp2 = bitconcatenate i13 @_ssdm_op_BitConcatenate.i13.i5.i4.i4, i5 %trunc_ln88, i4 %trunc_ln94, i4 0" [bnn.cpp:88]   --->   Operation 400 'bitconcatenate' 'tmp2' <Predicate = (!tmp_9)> <Delay = 0.00>
ST_7 : Operation 401 [1/1] (0.82ns)   --->   "%add_ln88_6 = add i13 %tmp2, i13 %sext_ln87_1" [bnn.cpp:88]   --->   Operation 401 'add' 'add_ln88_6' <Predicate = (!tmp_9)> <Delay = 0.82> <CoreInst = "Adder">   --->   Core 1 'Adder' <Latency = 0> <II = 1> <Delay = 0.82> <FuncUnit> <Opcode : 'add' 'sub'> <InPorts = 2> <OutPorts = 1>
ST_7 : Operation 402 [1/1] (0.00ns)   --->   "%lshr_ln88_5 = partselect i10 @_ssdm_op_PartSelect.i10.i13.i32.i32, i13 %add_ln88_6, i32 3, i32 12" [bnn.cpp:88]   --->   Operation 402 'partselect' 'lshr_ln88_5' <Predicate = (!tmp_9)> <Delay = 0.00>
ST_7 : Operation 403 [1/2] ( I:1.23ns O:1.23ns )   --->   "%bnn_top_int_const_unsigned_int_const_int_const_unsigned_int_const_int_co_205 = load i10 %bnn_top_int_const_unsigned_int_const_int_const_unsigned_int_const_int_co_197" [bnn.cpp:88]   --->   Operation 403 'load' 'bnn_top_int_const_unsigned_int_const_int_const_unsigned_int_const_int_co_205' <Predicate = (trunc_ln80 == 7)> <Delay = 1.23> <CoreInst = "RAM">   --->   Core 82 'RAM' <Latency = 1> <II = 1> <Delay = 1.23> <Storage> <Opcode : 'load' 'store'> <Ports = 2> <Width = 1> <Depth = 1024> <RAM>
ST_7 : Operation 404 [1/2] ( I:1.23ns O:1.23ns )   --->   "%bnn_top_int_const_unsigned_int_const_int_const_unsigned_int_const_int_co_206 = load i10 %bnn_top_int_const_unsigned_int_const_int_const_unsigned_int_const_int_co_198" [bnn.cpp:88]   --->   Operation 404 'load' 'bnn_top_int_const_unsigned_int_const_int_const_unsigned_int_const_int_co_206' <Predicate = (trunc_ln80 == 0)> <Delay = 1.23> <CoreInst = "RAM">   --->   Core 82 'RAM' <Latency = 1> <II = 1> <Delay = 1.23> <Storage> <Opcode : 'load' 'store'> <Ports = 2> <Width = 1> <Depth = 1024> <RAM>
ST_7 : Operation 405 [1/2] ( I:1.23ns O:1.23ns )   --->   "%bnn_top_int_const_unsigned_int_const_int_const_unsigned_int_const_int_co_207 = load i10 %bnn_top_int_const_unsigned_int_const_int_const_unsigned_int_const_int_co_199" [bnn.cpp:88]   --->   Operation 405 'load' 'bnn_top_int_const_unsigned_int_const_int_const_unsigned_int_const_int_co_207' <Predicate = (trunc_ln80 == 1)> <Delay = 1.23> <CoreInst = "RAM">   --->   Core 82 'RAM' <Latency = 1> <II = 1> <Delay = 1.23> <Storage> <Opcode : 'load' 'store'> <Ports = 2> <Width = 1> <Depth = 1024> <RAM>
ST_7 : Operation 406 [1/2] ( I:1.23ns O:1.23ns )   --->   "%bnn_top_int_const_unsigned_int_const_int_const_unsigned_int_const_int_co_208 = load i10 %bnn_top_int_const_unsigned_int_const_int_const_unsigned_int_const_int_co_200" [bnn.cpp:88]   --->   Operation 406 'load' 'bnn_top_int_const_unsigned_int_const_int_const_unsigned_int_const_int_co_208' <Predicate = (trunc_ln80 == 2)> <Delay = 1.23> <CoreInst = "RAM">   --->   Core 82 'RAM' <Latency = 1> <II = 1> <Delay = 1.23> <Storage> <Opcode : 'load' 'store'> <Ports = 2> <Width = 1> <Depth = 1024> <RAM>
ST_7 : Operation 407 [1/2] ( I:1.23ns O:1.23ns )   --->   "%bnn_top_int_const_unsigned_int_const_int_const_unsigned_int_const_int_co_209 = load i10 %bnn_top_int_const_unsigned_int_const_int_const_unsigned_int_const_int_co_201" [bnn.cpp:88]   --->   Operation 407 'load' 'bnn_top_int_const_unsigned_int_const_int_const_unsigned_int_const_int_co_209' <Predicate = (trunc_ln80 == 3)> <Delay = 1.23> <CoreInst = "RAM">   --->   Core 82 'RAM' <Latency = 1> <II = 1> <Delay = 1.23> <Storage> <Opcode : 'load' 'store'> <Ports = 2> <Width = 1> <Depth = 1024> <RAM>
ST_7 : Operation 408 [1/2] ( I:1.23ns O:1.23ns )   --->   "%bnn_top_int_const_unsigned_int_const_int_const_unsigned_int_const_int_co_210 = load i10 %bnn_top_int_const_unsigned_int_const_int_const_unsigned_int_const_int_co_202" [bnn.cpp:88]   --->   Operation 408 'load' 'bnn_top_int_const_unsigned_int_const_int_const_unsigned_int_const_int_co_210' <Predicate = (trunc_ln80 == 4)> <Delay = 1.23> <CoreInst = "RAM">   --->   Core 82 'RAM' <Latency = 1> <II = 1> <Delay = 1.23> <Storage> <Opcode : 'load' 'store'> <Ports = 2> <Width = 1> <Depth = 1024> <RAM>
ST_7 : Operation 409 [1/2] ( I:1.23ns O:1.23ns )   --->   "%bnn_top_int_const_unsigned_int_const_int_const_unsigned_int_const_int_co_211 = load i10 %bnn_top_int_const_unsigned_int_const_int_const_unsigned_int_const_int_co_203" [bnn.cpp:88]   --->   Operation 409 'load' 'bnn_top_int_const_unsigned_int_const_int_const_unsigned_int_const_int_co_211' <Predicate = (trunc_ln80 == 5)> <Delay = 1.23> <CoreInst = "RAM">   --->   Core 82 'RAM' <Latency = 1> <II = 1> <Delay = 1.23> <Storage> <Opcode : 'load' 'store'> <Ports = 2> <Width = 1> <Depth = 1024> <RAM>
ST_7 : Operation 410 [1/2] ( I:1.23ns O:1.23ns )   --->   "%bnn_top_int_const_unsigned_int_const_int_const_unsigned_int_const_int_co_212 = load i10 %bnn_top_int_const_unsigned_int_const_int_const_unsigned_int_const_int_co_204" [bnn.cpp:88]   --->   Operation 410 'load' 'bnn_top_int_const_unsigned_int_const_int_const_unsigned_int_const_int_co_212' <Predicate = (trunc_ln80 == 6)> <Delay = 1.23> <CoreInst = "RAM">   --->   Core 82 'RAM' <Latency = 1> <II = 1> <Delay = 1.23> <Storage> <Opcode : 'load' 'store'> <Ports = 2> <Width = 1> <Depth = 1024> <RAM>
ST_7 : Operation 411 [1/1] (0.72ns)   --->   "%a_8 = sparsemux i1 @_ssdm_op_SparseMux.ap_auto.8i1.i1.i3, i3 7, i1 %bnn_top_int_const_unsigned_int_const_int_const_unsigned_int_const_int_co_205, i3 0, i1 %bnn_top_int_const_unsigned_int_const_int_const_unsigned_int_const_int_co_206, i3 1, i1 %bnn_top_int_const_unsigned_int_const_int_const_unsigned_int_const_int_co_207, i3 2, i1 %bnn_top_int_const_unsigned_int_const_int_const_unsigned_int_const_int_co_208, i3 3, i1 %bnn_top_int_const_unsigned_int_const_int_const_unsigned_int_const_int_co_209, i3 4, i1 %bnn_top_int_const_unsigned_int_const_int_const_unsigned_int_const_int_co_210, i3 5, i1 %bnn_top_int_const_unsigned_int_const_int_const_unsigned_int_const_int_co_211, i3 6, i1 %bnn_top_int_const_unsigned_int_const_int_const_unsigned_int_const_int_co_212, i1 0, i3 %trunc_ln80" [bnn.cpp:88]   --->   Operation 411 'sparsemux' 'a_8' <Predicate = true> <Delay = 0.72> <CoreInst = "BinarySparseMux_DontCare">   --->   Core 149 'BinarySparseMux_DontCare' <Latency = 0> <II = 1> <Delay = 0.72> <FuncUnit> <Opcode : 'sparsemux'> <InPorts = 2> <OutPorts = 1>
ST_7 : Operation 412 [1/2] ( I:0.00ns O:0.00ns )   --->   "%W2_0_load_8 = load i9 %W2_0_addr_8" [bnn.cpp:89]   --->   Operation 412 'load' 'W2_0_load_8' <Predicate = (!tmp_24)> <Delay = 0.00> <CoreInst = "RAM">   --->   Core 82 'RAM' <Latency = 1> <II = 1> <Delay = 1.23> <Storage> <Opcode : 'load' 'store'> <Ports = 2> <Width = 32> <Depth = 288> <RAM>
ST_7 : Operation 413 [1/2] ( I:0.00ns O:0.00ns )   --->   "%W2_1_load_8 = load i9 %W2_1_addr_8" [bnn.cpp:89]   --->   Operation 413 'load' 'W2_1_load_8' <Predicate = (tmp_24)> <Delay = 0.00> <CoreInst = "RAM">   --->   Core 82 'RAM' <Latency = 1> <II = 1> <Delay = 1.23> <Storage> <Opcode : 'load' 'store'> <Ports = 2> <Width = 32> <Depth = 288> <RAM>
ST_7 : Operation 414 [1/1] (0.44ns)   --->   "%select_ln89_8 = select i1 %tmp_24, i32 %W2_1_load_8, i32 %W2_0_load_8" [bnn.cpp:89]   --->   Operation 414 'select' 'select_ln89_8' <Predicate = true> <Delay = 0.44> <CoreInst = "Sel">   --->   Core 73 'Sel' <Latency = 0> <II = 1> <Delay = 0.44> <FuncUnit> <Opcode : 'select'> <InPorts = 3> <OutPorts = 1>
ST_7 : Operation 415 [1/1] (0.78ns)   --->   "%add_ln89_16 = add i5 %trunc_ln89, i5 8" [bnn.cpp:89]   --->   Operation 415 'add' 'add_ln89_16' <Predicate = true> <Delay = 0.78> <CoreInst = "Adder">   --->   Core 1 'Adder' <Latency = 0> <II = 1> <Delay = 0.78> <FuncUnit> <Opcode : 'add' 'sub'> <InPorts = 2> <OutPorts = 1>
ST_7 : Operation 416 [1/1] (0.00ns)   --->   "%zext_ln89_18 = zext i5 %add_ln89_16" [bnn.cpp:89]   --->   Operation 416 'zext' 'zext_ln89_18' <Predicate = true> <Delay = 0.00>
ST_7 : Operation 417 [1/1] (1.38ns)   --->   "%lshr_ln89_15 = lshr i32 %select_ln89_8, i32 %zext_ln89_18" [bnn.cpp:89]   --->   Operation 417 'lshr' 'lshr_ln89_15' <Predicate = true> <Delay = 1.38> <CoreInst = "Shifter">   --->   Core 75 'Shifter' <Latency = 0> <II = 1> <Delay = 1.38> <FuncUnit> <Opcode : 'shl' 'lshr' 'ashr'> <InPorts = 2> <OutPorts = 1>
ST_7 : Operation 418 [4/9] (1.06ns)   --->   "%urem_ln94 = urem i5 %add_ln94, i5 5" [bnn.cpp:94]   --->   Operation 418 'urem' 'urem_ln94' <Predicate = true> <Delay = 1.06> <CoreInst = "Divider">   --->   Core 6 'Divider' <Latency = 8> <II = 1> <Delay = 1.06> <FuncUnit> <Opcode : 'udiv' 'sdiv' 'urem' 'srem'> <InPorts = 2> <OutPorts = 1>

State 8 <SV = 7> <Delay = 4.88>
ST_8 : Operation 419 [1/1] (0.00ns)   --->   "%acc_load = load i32 %acc"   --->   Operation 419 'load' 'acc_load' <Predicate = (!empty)> <Delay = 0.00>
ST_8 : Operation 420 [1/1] (0.44ns)   --->   "%acc_13_mid2 = select i1 %empty, i32 0, i32 %acc_load" [bnn.cpp:79]   --->   Operation 420 'select' 'acc_13_mid2' <Predicate = true> <Delay = 0.44> <CoreInst = "Sel">   --->   Core 73 'Sel' <Latency = 0> <II = 1> <Delay = 0.44> <FuncUnit> <Opcode : 'select'> <InPorts = 3> <OutPorts = 1>
ST_8 : Operation 421 [1/1] (0.00ns)   --->   "%zext_ln87_1 = zext i4 %trunc_ln94" [bnn.cpp:87]   --->   Operation 421 'zext' 'zext_ln87_1' <Predicate = true> <Delay = 0.00>
ST_8 : Operation 422 [1/1] (0.79ns)   --->   "%add_ln87 = add i5 %zext_ln87_1, i5 31" [bnn.cpp:87]   --->   Operation 422 'add' 'add_ln87' <Predicate = true> <Delay = 0.79> <CoreInst = "Adder">   --->   Core 1 'Adder' <Latency = 0> <II = 1> <Delay = 0.79> <FuncUnit> <Opcode : 'add' 'sub'> <InPorts = 2> <OutPorts = 1>
ST_8 : Operation 423 [1/1] (0.00ns)   --->   "%tmp = bitselect i1 @_ssdm_op_BitSelect.i1.i5.i32, i5 %add_ln87, i32 4" [bnn.cpp:87]   --->   Operation 423 'bitselect' 'tmp' <Predicate = true> <Delay = 0.00>
ST_8 : Operation 424 [1/1] (0.00ns) (grouped into LUT with out node acc_2)   --->   "%or_ln87 = or i5 %add_ln86_1, i5 %add_ln87" [bnn.cpp:87]   --->   Operation 424 'or' 'or_ln87' <Predicate = true> <Delay = 0.00> <CoreInst = "LogicGate">   --->   Core 74 'LogicGate' <Latency = 0> <II = 1> <Delay = 0.19> <FuncUnit> <Opcode : 'and' 'or' 'xor'> <InPorts = 2> <OutPorts = 1>
ST_8 : Operation 425 [1/1] (0.00ns) (grouped into LUT with out node acc_2)   --->   "%tmp_6 = bitselect i1 @_ssdm_op_BitSelect.i1.i5.i32, i5 %or_ln87, i32 4" [bnn.cpp:87]   --->   Operation 425 'bitselect' 'tmp_6' <Predicate = true> <Delay = 0.00>
ST_8 : Operation 426 [1/1] (0.00ns) (grouped into LUT with out node icmp_ln87)   --->   "%or_ln87_1 = or i5 %add_ln87, i5 %add_ln86_2_mid2" [bnn.cpp:87]   --->   Operation 426 'or' 'or_ln87_1' <Predicate = true> <Delay = 0.00> <CoreInst = "LogicGate">   --->   Core 74 'LogicGate' <Latency = 0> <II = 1> <Delay = 0.19> <FuncUnit> <Opcode : 'and' 'or' 'xor'> <InPorts = 2> <OutPorts = 1>
ST_8 : Operation 427 [1/1] (0.00ns) (grouped into LUT with out node icmp_ln87)   --->   "%tmp_7 = bitselect i1 @_ssdm_op_BitSelect.i1.i5.i32, i5 %or_ln87_1, i32 4" [bnn.cpp:87]   --->   Operation 427 'bitselect' 'tmp_7' <Predicate = true> <Delay = 0.00>
ST_8 : Operation 428 [1/1] (0.00ns) (grouped into LUT with out node icmp_ln87)   --->   "%tmp_8 = bitconcatenate i2 @_ssdm_op_BitConcatenate.i2.i1.i1, i1 %tmp, i1 %tmp_7" [bnn.cpp:87]   --->   Operation 428 'bitconcatenate' 'tmp_8' <Predicate = true> <Delay = 0.00>
ST_8 : Operation 429 [1/1] (0.54ns) (out node of the LUT)   --->   "%icmp_ln87 = icmp_eq  i2 %tmp_8, i2 0" [bnn.cpp:87]   --->   Operation 429 'icmp' 'icmp_ln87' <Predicate = true> <Delay = 0.54> <CoreInst = "Cmp">   --->   Core 9 'Cmp' <Latency = 0> <II = 1> <Delay = 0.54> <FuncUnit> <Opcode : 'seteq' 'setne' 'setle' 'setge' 'setlt' 'setgt'> <InPorts = 2> <OutPorts = 1>
ST_8 : Operation 430 [1/1] (0.00ns) (grouped into LUT with out node icmp_ln87_1)   --->   "%or_ln87_2 = or i5 %add_ln86_1, i5 %select_ln79_1" [bnn.cpp:87]   --->   Operation 430 'or' 'or_ln87_2' <Predicate = true> <Delay = 0.00> <CoreInst = "LogicGate">   --->   Core 74 'LogicGate' <Latency = 0> <II = 1> <Delay = 0.19> <FuncUnit> <Opcode : 'and' 'or' 'xor'> <InPorts = 2> <OutPorts = 1>
ST_8 : Operation 431 [1/1] (0.00ns) (grouped into LUT with out node icmp_ln87_1)   --->   "%tmp_11 = bitselect i1 @_ssdm_op_BitSelect.i1.i5.i32, i5 %or_ln87_2, i32 4" [bnn.cpp:87]   --->   Operation 431 'bitselect' 'tmp_11' <Predicate = true> <Delay = 0.00>
ST_8 : Operation 432 [1/1] (0.00ns) (grouped into LUT with out node icmp_ln87_1)   --->   "%tmp_12 = bitconcatenate i2 @_ssdm_op_BitConcatenate.i2.i1.i1, i1 %tmp_9, i1 %tmp_11" [bnn.cpp:87]   --->   Operation 432 'bitconcatenate' 'tmp_12' <Predicate = true> <Delay = 0.00>
ST_8 : Operation 433 [1/1] (0.54ns) (out node of the LUT)   --->   "%icmp_ln87_1 = icmp_eq  i2 %tmp_12, i2 0" [bnn.cpp:87]   --->   Operation 433 'icmp' 'icmp_ln87_1' <Predicate = true> <Delay = 0.54> <CoreInst = "Cmp">   --->   Core 9 'Cmp' <Latency = 0> <II = 1> <Delay = 0.54> <FuncUnit> <Opcode : 'seteq' 'setne' 'setle' 'setge' 'setlt' 'setgt'> <InPorts = 2> <OutPorts = 1>
ST_8 : Operation 434 [1/2] ( I:1.23ns O:1.23ns )   --->   "%bnn_top_int_const_unsigned_int_const_int_const_unsigned_int_const_int_co_77 = load i10 %bnn_top_int_const_unsigned_int_const_int_const_unsigned_int_const_int_co_69" [bnn.cpp:88]   --->   Operation 434 'load' 'bnn_top_int_const_unsigned_int_const_int_const_unsigned_int_const_int_co_77' <Predicate = (trunc_ln80 == 1)> <Delay = 1.23> <CoreInst = "RAM">   --->   Core 82 'RAM' <Latency = 1> <II = 1> <Delay = 1.23> <Storage> <Opcode : 'load' 'store'> <Ports = 2> <Width = 1> <Depth = 1024> <RAM>
ST_8 : Operation 435 [1/2] ( I:1.23ns O:1.23ns )   --->   "%bnn_top_int_const_unsigned_int_const_int_const_unsigned_int_const_int_co_78 = load i10 %bnn_top_int_const_unsigned_int_const_int_const_unsigned_int_const_int_co_70" [bnn.cpp:88]   --->   Operation 435 'load' 'bnn_top_int_const_unsigned_int_const_int_const_unsigned_int_const_int_co_78' <Predicate = (trunc_ln80 == 2)> <Delay = 1.23> <CoreInst = "RAM">   --->   Core 82 'RAM' <Latency = 1> <II = 1> <Delay = 1.23> <Storage> <Opcode : 'load' 'store'> <Ports = 2> <Width = 1> <Depth = 1024> <RAM>
ST_8 : Operation 436 [1/2] ( I:1.23ns O:1.23ns )   --->   "%bnn_top_int_const_unsigned_int_const_int_const_unsigned_int_const_int_co_79 = load i10 %bnn_top_int_const_unsigned_int_const_int_const_unsigned_int_const_int_co_71" [bnn.cpp:88]   --->   Operation 436 'load' 'bnn_top_int_const_unsigned_int_const_int_const_unsigned_int_const_int_co_79' <Predicate = (trunc_ln80 == 3)> <Delay = 1.23> <CoreInst = "RAM">   --->   Core 82 'RAM' <Latency = 1> <II = 1> <Delay = 1.23> <Storage> <Opcode : 'load' 'store'> <Ports = 2> <Width = 1> <Depth = 1024> <RAM>
ST_8 : Operation 437 [1/2] ( I:1.23ns O:1.23ns )   --->   "%bnn_top_int_const_unsigned_int_const_int_const_unsigned_int_const_int_co_80 = load i10 %bnn_top_int_const_unsigned_int_const_int_const_unsigned_int_const_int_co_72" [bnn.cpp:88]   --->   Operation 437 'load' 'bnn_top_int_const_unsigned_int_const_int_const_unsigned_int_const_int_co_80' <Predicate = (trunc_ln80 == 4)> <Delay = 1.23> <CoreInst = "RAM">   --->   Core 82 'RAM' <Latency = 1> <II = 1> <Delay = 1.23> <Storage> <Opcode : 'load' 'store'> <Ports = 2> <Width = 1> <Depth = 1024> <RAM>
ST_8 : Operation 438 [1/2] ( I:1.23ns O:1.23ns )   --->   "%bnn_top_int_const_unsigned_int_const_int_const_unsigned_int_const_int_co_81 = load i10 %bnn_top_int_const_unsigned_int_const_int_const_unsigned_int_const_int_co_73" [bnn.cpp:88]   --->   Operation 438 'load' 'bnn_top_int_const_unsigned_int_const_int_const_unsigned_int_const_int_co_81' <Predicate = (trunc_ln80 == 5)> <Delay = 1.23> <CoreInst = "RAM">   --->   Core 82 'RAM' <Latency = 1> <II = 1> <Delay = 1.23> <Storage> <Opcode : 'load' 'store'> <Ports = 2> <Width = 1> <Depth = 1024> <RAM>
ST_8 : Operation 439 [1/2] ( I:1.23ns O:1.23ns )   --->   "%bnn_top_int_const_unsigned_int_const_int_const_unsigned_int_const_int_co_82 = load i10 %bnn_top_int_const_unsigned_int_const_int_const_unsigned_int_const_int_co_74" [bnn.cpp:88]   --->   Operation 439 'load' 'bnn_top_int_const_unsigned_int_const_int_const_unsigned_int_const_int_co_82' <Predicate = (trunc_ln80 == 6)> <Delay = 1.23> <CoreInst = "RAM">   --->   Core 82 'RAM' <Latency = 1> <II = 1> <Delay = 1.23> <Storage> <Opcode : 'load' 'store'> <Ports = 2> <Width = 1> <Depth = 1024> <RAM>
ST_8 : Operation 440 [1/2] ( I:1.23ns O:1.23ns )   --->   "%bnn_top_int_const_unsigned_int_const_int_const_unsigned_int_const_int_co_83 = load i10 %bnn_top_int_const_unsigned_int_const_int_const_unsigned_int_const_int_co_75" [bnn.cpp:88]   --->   Operation 440 'load' 'bnn_top_int_const_unsigned_int_const_int_const_unsigned_int_const_int_co_83' <Predicate = (trunc_ln80 == 7)> <Delay = 1.23> <CoreInst = "RAM">   --->   Core 82 'RAM' <Latency = 1> <II = 1> <Delay = 1.23> <Storage> <Opcode : 'load' 'store'> <Ports = 2> <Width = 1> <Depth = 1024> <RAM>
ST_8 : Operation 441 [1/2] ( I:1.23ns O:1.23ns )   --->   "%bnn_top_int_const_unsigned_int_const_int_const_unsigned_int_const_int_co_84 = load i10 %bnn_top_int_const_unsigned_int_const_int_const_unsigned_int_const_int_co_76" [bnn.cpp:88]   --->   Operation 441 'load' 'bnn_top_int_const_unsigned_int_const_int_const_unsigned_int_const_int_co_84' <Predicate = (trunc_ln80 == 0)> <Delay = 1.23> <CoreInst = "RAM">   --->   Core 82 'RAM' <Latency = 1> <II = 1> <Delay = 1.23> <Storage> <Opcode : 'load' 'store'> <Ports = 2> <Width = 1> <Depth = 1024> <RAM>
ST_8 : Operation 442 [1/1] (0.72ns)   --->   "%a = sparsemux i1 @_ssdm_op_SparseMux.ap_auto.8i1.i1.i3, i3 1, i1 %bnn_top_int_const_unsigned_int_const_int_const_unsigned_int_const_int_co_77, i3 2, i1 %bnn_top_int_const_unsigned_int_const_int_const_unsigned_int_const_int_co_78, i3 3, i1 %bnn_top_int_const_unsigned_int_const_int_const_unsigned_int_const_int_co_79, i3 4, i1 %bnn_top_int_const_unsigned_int_const_int_const_unsigned_int_const_int_co_80, i3 5, i1 %bnn_top_int_const_unsigned_int_const_int_const_unsigned_int_const_int_co_81, i3 6, i1 %bnn_top_int_const_unsigned_int_const_int_const_unsigned_int_const_int_co_82, i3 7, i1 %bnn_top_int_const_unsigned_int_const_int_const_unsigned_int_const_int_co_83, i3 0, i1 %bnn_top_int_const_unsigned_int_const_int_const_unsigned_int_const_int_co_84, i1 0, i3 %trunc_ln80" [bnn.cpp:88]   --->   Operation 442 'sparsemux' 'a' <Predicate = true> <Delay = 0.72> <CoreInst = "BinarySparseMux_DontCare">   --->   Core 149 'BinarySparseMux_DontCare' <Latency = 0> <II = 1> <Delay = 0.72> <FuncUnit> <Opcode : 'sparsemux'> <InPorts = 2> <OutPorts = 1>
ST_8 : Operation 443 [1/1] (0.00ns) (grouped into LUT with out node acc_1)   --->   "%w = trunc i32 %lshr_ln89" [bnn.cpp:89]   --->   Operation 443 'trunc' 'w' <Predicate = true> <Delay = 0.00>
ST_8 : Operation 444 [1/1] (0.00ns) (grouped into LUT with out node acc_1)   --->   "%xor_ln90 = xor i1 %a, i1 %w" [bnn.cpp:90]   --->   Operation 444 'xor' 'xor_ln90' <Predicate = true> <Delay = 0.00> <CoreInst = "LogicGate">   --->   Core 74 'LogicGate' <Latency = 0> <II = 1> <Delay = 0.28> <FuncUnit> <Opcode : 'and' 'or' 'xor'> <InPorts = 2> <OutPorts = 1>
ST_8 : Operation 445 [1/1] (0.00ns) (grouped into LUT with out node acc_1)   --->   "%select_ln90 = select i1 %xor_ln90, i32 4294967295, i32 1" [bnn.cpp:90]   --->   Operation 445 'select' 'select_ln90' <Predicate = true> <Delay = 0.00> <CoreInst = "Sel">   --->   Core 73 'Sel' <Latency = 0> <II = 1> <Delay = 0.17> <FuncUnit> <Opcode : 'select'> <InPorts = 3> <OutPorts = 1>
ST_8 : Operation 446 [1/1] (1.01ns) (out node of the LUT)   --->   "%acc_1 = add i32 %select_ln90, i32 %acc_13_mid2" [bnn.cpp:90]   --->   Operation 446 'add' 'acc_1' <Predicate = true> <Delay = 1.01> <CoreInst = "Adder">   --->   Core 1 'Adder' <Latency = 0> <II = 1> <Delay = 1.01> <FuncUnit> <Opcode : 'add' 'sub'> <InPorts = 2> <OutPorts = 1>
ST_8 : Operation 447 [1/1] (0.44ns) (out node of the LUT)   --->   "%acc_2 = select i1 %tmp_6, i32 %acc_13_mid2, i32 %acc_1" [bnn.cpp:87]   --->   Operation 447 'select' 'acc_2' <Predicate = true> <Delay = 0.44> <CoreInst = "Sel">   --->   Core 73 'Sel' <Latency = 0> <II = 1> <Delay = 0.44> <FuncUnit> <Opcode : 'select'> <InPorts = 3> <OutPorts = 1>
ST_8 : Operation 448 [1/2] ( I:1.23ns O:1.23ns )   --->   "%bnn_top_int_const_unsigned_int_const_int_const_unsigned_int_const_int_co_93 = load i10 %bnn_top_int_const_unsigned_int_const_int_const_unsigned_int_const_int_co_85" [bnn.cpp:88]   --->   Operation 448 'load' 'bnn_top_int_const_unsigned_int_const_int_const_unsigned_int_const_int_co_93' <Predicate = (trunc_ln80 == 0)> <Delay = 1.23> <CoreInst = "RAM">   --->   Core 82 'RAM' <Latency = 1> <II = 1> <Delay = 1.23> <Storage> <Opcode : 'load' 'store'> <Ports = 2> <Width = 1> <Depth = 1024> <RAM>
ST_8 : Operation 449 [1/2] ( I:1.23ns O:1.23ns )   --->   "%bnn_top_int_const_unsigned_int_const_int_const_unsigned_int_const_int_co_94 = load i10 %bnn_top_int_const_unsigned_int_const_int_const_unsigned_int_const_int_co_86" [bnn.cpp:88]   --->   Operation 449 'load' 'bnn_top_int_const_unsigned_int_const_int_const_unsigned_int_const_int_co_94' <Predicate = (trunc_ln80 == 1)> <Delay = 1.23> <CoreInst = "RAM">   --->   Core 82 'RAM' <Latency = 1> <II = 1> <Delay = 1.23> <Storage> <Opcode : 'load' 'store'> <Ports = 2> <Width = 1> <Depth = 1024> <RAM>
ST_8 : Operation 450 [1/2] ( I:1.23ns O:1.23ns )   --->   "%bnn_top_int_const_unsigned_int_const_int_const_unsigned_int_const_int_co_95 = load i10 %bnn_top_int_const_unsigned_int_const_int_const_unsigned_int_const_int_co_87" [bnn.cpp:88]   --->   Operation 450 'load' 'bnn_top_int_const_unsigned_int_const_int_const_unsigned_int_const_int_co_95' <Predicate = (trunc_ln80 == 2)> <Delay = 1.23> <CoreInst = "RAM">   --->   Core 82 'RAM' <Latency = 1> <II = 1> <Delay = 1.23> <Storage> <Opcode : 'load' 'store'> <Ports = 2> <Width = 1> <Depth = 1024> <RAM>
ST_8 : Operation 451 [1/2] ( I:1.23ns O:1.23ns )   --->   "%bnn_top_int_const_unsigned_int_const_int_const_unsigned_int_const_int_co_96 = load i10 %bnn_top_int_const_unsigned_int_const_int_const_unsigned_int_const_int_co_88" [bnn.cpp:88]   --->   Operation 451 'load' 'bnn_top_int_const_unsigned_int_const_int_const_unsigned_int_const_int_co_96' <Predicate = (trunc_ln80 == 3)> <Delay = 1.23> <CoreInst = "RAM">   --->   Core 82 'RAM' <Latency = 1> <II = 1> <Delay = 1.23> <Storage> <Opcode : 'load' 'store'> <Ports = 2> <Width = 1> <Depth = 1024> <RAM>
ST_8 : Operation 452 [1/2] ( I:1.23ns O:1.23ns )   --->   "%bnn_top_int_const_unsigned_int_const_int_const_unsigned_int_const_int_co_97 = load i10 %bnn_top_int_const_unsigned_int_const_int_const_unsigned_int_const_int_co_89" [bnn.cpp:88]   --->   Operation 452 'load' 'bnn_top_int_const_unsigned_int_const_int_const_unsigned_int_const_int_co_97' <Predicate = (trunc_ln80 == 4)> <Delay = 1.23> <CoreInst = "RAM">   --->   Core 82 'RAM' <Latency = 1> <II = 1> <Delay = 1.23> <Storage> <Opcode : 'load' 'store'> <Ports = 2> <Width = 1> <Depth = 1024> <RAM>
ST_8 : Operation 453 [1/2] ( I:1.23ns O:1.23ns )   --->   "%bnn_top_int_const_unsigned_int_const_int_const_unsigned_int_const_int_co_98 = load i10 %bnn_top_int_const_unsigned_int_const_int_const_unsigned_int_const_int_co_90" [bnn.cpp:88]   --->   Operation 453 'load' 'bnn_top_int_const_unsigned_int_const_int_const_unsigned_int_const_int_co_98' <Predicate = (trunc_ln80 == 5)> <Delay = 1.23> <CoreInst = "RAM">   --->   Core 82 'RAM' <Latency = 1> <II = 1> <Delay = 1.23> <Storage> <Opcode : 'load' 'store'> <Ports = 2> <Width = 1> <Depth = 1024> <RAM>
ST_8 : Operation 454 [1/2] ( I:1.23ns O:1.23ns )   --->   "%bnn_top_int_const_unsigned_int_const_int_const_unsigned_int_const_int_co_99 = load i10 %bnn_top_int_const_unsigned_int_const_int_const_unsigned_int_const_int_co_91" [bnn.cpp:88]   --->   Operation 454 'load' 'bnn_top_int_const_unsigned_int_const_int_const_unsigned_int_const_int_co_99' <Predicate = (trunc_ln80 == 6)> <Delay = 1.23> <CoreInst = "RAM">   --->   Core 82 'RAM' <Latency = 1> <II = 1> <Delay = 1.23> <Storage> <Opcode : 'load' 'store'> <Ports = 2> <Width = 1> <Depth = 1024> <RAM>
ST_8 : Operation 455 [1/2] ( I:1.23ns O:1.23ns )   --->   "%bnn_top_int_const_unsigned_int_const_int_const_unsigned_int_const_int_co_100 = load i10 %bnn_top_int_const_unsigned_int_const_int_const_unsigned_int_const_int_co_92" [bnn.cpp:88]   --->   Operation 455 'load' 'bnn_top_int_const_unsigned_int_const_int_const_unsigned_int_const_int_co_100' <Predicate = (trunc_ln80 == 7)> <Delay = 1.23> <CoreInst = "RAM">   --->   Core 82 'RAM' <Latency = 1> <II = 1> <Delay = 1.23> <Storage> <Opcode : 'load' 'store'> <Ports = 2> <Width = 1> <Depth = 1024> <RAM>
ST_8 : Operation 456 [1/1] (0.72ns)   --->   "%a_1 = sparsemux i1 @_ssdm_op_SparseMux.ap_auto.8i1.i1.i3, i3 0, i1 %bnn_top_int_const_unsigned_int_const_int_const_unsigned_int_const_int_co_93, i3 1, i1 %bnn_top_int_const_unsigned_int_const_int_const_unsigned_int_const_int_co_94, i3 2, i1 %bnn_top_int_const_unsigned_int_const_int_const_unsigned_int_const_int_co_95, i3 3, i1 %bnn_top_int_const_unsigned_int_const_int_const_unsigned_int_const_int_co_96, i3 4, i1 %bnn_top_int_const_unsigned_int_const_int_const_unsigned_int_const_int_co_97, i3 5, i1 %bnn_top_int_const_unsigned_int_const_int_const_unsigned_int_const_int_co_98, i3 6, i1 %bnn_top_int_const_unsigned_int_const_int_const_unsigned_int_const_int_co_99, i3 7, i1 %bnn_top_int_const_unsigned_int_const_int_const_unsigned_int_const_int_co_100, i1 0, i3 %trunc_ln80" [bnn.cpp:88]   --->   Operation 456 'sparsemux' 'a_1' <Predicate = true> <Delay = 0.72> <CoreInst = "BinarySparseMux_DontCare">   --->   Core 149 'BinarySparseMux_DontCare' <Latency = 0> <II = 1> <Delay = 0.72> <FuncUnit> <Opcode : 'sparsemux'> <InPorts = 2> <OutPorts = 1>
ST_8 : Operation 457 [1/1] (0.00ns) (grouped into LUT with out node acc_3)   --->   "%w_1 = trunc i32 %lshr_ln89_1" [bnn.cpp:89]   --->   Operation 457 'trunc' 'w_1' <Predicate = true> <Delay = 0.00>
ST_8 : Operation 458 [1/1] (0.00ns) (grouped into LUT with out node acc_3)   --->   "%xor_ln90_1 = xor i1 %a_1, i1 %w_1" [bnn.cpp:90]   --->   Operation 458 'xor' 'xor_ln90_1' <Predicate = true> <Delay = 0.00> <CoreInst = "LogicGate">   --->   Core 74 'LogicGate' <Latency = 0> <II = 1> <Delay = 0.28> <FuncUnit> <Opcode : 'and' 'or' 'xor'> <InPorts = 2> <OutPorts = 1>
ST_8 : Operation 459 [1/1] (0.00ns) (grouped into LUT with out node acc_3)   --->   "%select_ln90_1 = select i1 %xor_ln90_1, i32 4294967295, i32 1" [bnn.cpp:90]   --->   Operation 459 'select' 'select_ln90_1' <Predicate = true> <Delay = 0.00> <CoreInst = "Sel">   --->   Core 73 'Sel' <Latency = 0> <II = 1> <Delay = 0.17> <FuncUnit> <Opcode : 'select'> <InPorts = 3> <OutPorts = 1>
ST_8 : Operation 460 [1/1] (1.01ns) (out node of the LUT)   --->   "%acc_3 = add i32 %select_ln90_1, i32 %acc_2" [bnn.cpp:90]   --->   Operation 460 'add' 'acc_3' <Predicate = true> <Delay = 1.01> <CoreInst = "Adder">   --->   Core 1 'Adder' <Latency = 0> <II = 1> <Delay = 1.01> <FuncUnit> <Opcode : 'add' 'sub'> <InPorts = 2> <OutPorts = 1>
ST_8 : Operation 461 [1/1] (0.44ns)   --->   "%acc_4 = select i1 %tmp, i32 %acc_2, i32 %acc_3" [bnn.cpp:87]   --->   Operation 461 'select' 'acc_4' <Predicate = true> <Delay = 0.44> <CoreInst = "Sel">   --->   Core 73 'Sel' <Latency = 0> <II = 1> <Delay = 0.44> <FuncUnit> <Opcode : 'select'> <InPorts = 3> <OutPorts = 1>
ST_8 : Operation 462 [1/1] (0.00ns)   --->   "%zext_ln88_3 = zext i10 %lshr_ln88_4" [bnn.cpp:88]   --->   Operation 462 'zext' 'zext_ln88_3' <Predicate = true> <Delay = 0.00>
ST_8 : Operation 463 [1/1] (0.00ns)   --->   "%bnn_top_int_const_unsigned_int_const_int_const_unsigned_int_const_int_co_101 = getelementptr i1 %bnn_top_int_const_unsigned_int_const_int_const_unsigned_int_const_int_co_20, i64 0, i64 %zext_ln88_3" [bnn.cpp:88]   --->   Operation 463 'getelementptr' 'bnn_top_int_const_unsigned_int_const_int_const_unsigned_int_const_int_co_101' <Predicate = (trunc_ln80 == 7)> <Delay = 0.00>
ST_8 : Operation 464 [1/1] (0.00ns)   --->   "%bnn_top_int_const_unsigned_int_const_int_const_unsigned_int_const_int_co_102 = getelementptr i1 %bnn_top_int_const_unsigned_int_const_int_const_unsigned_int_const_int_co_19, i64 0, i64 %zext_ln88_3" [bnn.cpp:88]   --->   Operation 464 'getelementptr' 'bnn_top_int_const_unsigned_int_const_int_const_unsigned_int_const_int_co_102' <Predicate = (trunc_ln80 == 0)> <Delay = 0.00>
ST_8 : Operation 465 [1/1] (0.00ns)   --->   "%bnn_top_int_const_unsigned_int_const_int_const_unsigned_int_const_int_co_103 = getelementptr i1 %bnn_top_int_const_unsigned_int_const_int_const_unsigned_int_const_int_co_18, i64 0, i64 %zext_ln88_3" [bnn.cpp:88]   --->   Operation 465 'getelementptr' 'bnn_top_int_const_unsigned_int_const_int_const_unsigned_int_const_int_co_103' <Predicate = (trunc_ln80 == 1)> <Delay = 0.00>
ST_8 : Operation 466 [1/1] (0.00ns)   --->   "%bnn_top_int_const_unsigned_int_const_int_const_unsigned_int_const_int_co_104 = getelementptr i1 %bnn_top_int_const_unsigned_int_const_int_const_unsigned_int_const_int_co_17, i64 0, i64 %zext_ln88_3" [bnn.cpp:88]   --->   Operation 466 'getelementptr' 'bnn_top_int_const_unsigned_int_const_int_const_unsigned_int_const_int_co_104' <Predicate = (trunc_ln80 == 2)> <Delay = 0.00>
ST_8 : Operation 467 [1/1] (0.00ns)   --->   "%bnn_top_int_const_unsigned_int_const_int_const_unsigned_int_const_int_co_105 = getelementptr i1 %bnn_top_int_const_unsigned_int_const_int_const_unsigned_int_const_int_co_16, i64 0, i64 %zext_ln88_3" [bnn.cpp:88]   --->   Operation 467 'getelementptr' 'bnn_top_int_const_unsigned_int_const_int_const_unsigned_int_const_int_co_105' <Predicate = (trunc_ln80 == 3)> <Delay = 0.00>
ST_8 : Operation 468 [1/1] (0.00ns)   --->   "%bnn_top_int_const_unsigned_int_const_int_const_unsigned_int_const_int_co_106 = getelementptr i1 %bnn_top_int_const_unsigned_int_const_int_const_unsigned_int_const_int_co_15, i64 0, i64 %zext_ln88_3" [bnn.cpp:88]   --->   Operation 468 'getelementptr' 'bnn_top_int_const_unsigned_int_const_int_const_unsigned_int_const_int_co_106' <Predicate = (trunc_ln80 == 4)> <Delay = 0.00>
ST_8 : Operation 469 [1/1] (0.00ns)   --->   "%bnn_top_int_const_unsigned_int_const_int_const_unsigned_int_const_int_co_107 = getelementptr i1 %bnn_top_int_const_unsigned_int_const_int_const_unsigned_int_const_int_co_14, i64 0, i64 %zext_ln88_3" [bnn.cpp:88]   --->   Operation 469 'getelementptr' 'bnn_top_int_const_unsigned_int_const_int_const_unsigned_int_const_int_co_107' <Predicate = (trunc_ln80 == 5)> <Delay = 0.00>
ST_8 : Operation 470 [1/1] (0.00ns)   --->   "%bnn_top_int_const_unsigned_int_const_int_const_unsigned_int_const_int_co_108 = getelementptr i1 %bnn_top_int_const_unsigned_int_const_int_const_unsigned_int_const_int_co_13, i64 0, i64 %zext_ln88_3" [bnn.cpp:88]   --->   Operation 470 'getelementptr' 'bnn_top_int_const_unsigned_int_const_int_const_unsigned_int_const_int_co_108' <Predicate = (trunc_ln80 == 6)> <Delay = 0.00>
ST_8 : Operation 471 [2/2] (1.23ns)   --->   "%bnn_top_int_const_unsigned_int_const_int_const_unsigned_int_const_int_co_109 = load i10 %bnn_top_int_const_unsigned_int_const_int_const_unsigned_int_const_int_co_101" [bnn.cpp:88]   --->   Operation 471 'load' 'bnn_top_int_const_unsigned_int_const_int_const_unsigned_int_const_int_co_109' <Predicate = (trunc_ln80 == 7)> <Delay = 1.23> <CoreInst = "RAM">   --->   Core 82 'RAM' <Latency = 1> <II = 1> <Delay = 1.23> <Storage> <Opcode : 'load' 'store'> <Ports = 2> <Width = 1> <Depth = 1024> <RAM>
ST_8 : Operation 472 [2/2] (1.23ns)   --->   "%bnn_top_int_const_unsigned_int_const_int_const_unsigned_int_const_int_co_110 = load i10 %bnn_top_int_const_unsigned_int_const_int_const_unsigned_int_const_int_co_102" [bnn.cpp:88]   --->   Operation 472 'load' 'bnn_top_int_const_unsigned_int_const_int_const_unsigned_int_const_int_co_110' <Predicate = (trunc_ln80 == 0)> <Delay = 1.23> <CoreInst = "RAM">   --->   Core 82 'RAM' <Latency = 1> <II = 1> <Delay = 1.23> <Storage> <Opcode : 'load' 'store'> <Ports = 2> <Width = 1> <Depth = 1024> <RAM>
ST_8 : Operation 473 [2/2] (1.23ns)   --->   "%bnn_top_int_const_unsigned_int_const_int_const_unsigned_int_const_int_co_111 = load i10 %bnn_top_int_const_unsigned_int_const_int_const_unsigned_int_const_int_co_103" [bnn.cpp:88]   --->   Operation 473 'load' 'bnn_top_int_const_unsigned_int_const_int_const_unsigned_int_const_int_co_111' <Predicate = (trunc_ln80 == 1)> <Delay = 1.23> <CoreInst = "RAM">   --->   Core 82 'RAM' <Latency = 1> <II = 1> <Delay = 1.23> <Storage> <Opcode : 'load' 'store'> <Ports = 2> <Width = 1> <Depth = 1024> <RAM>
ST_8 : Operation 474 [2/2] (1.23ns)   --->   "%bnn_top_int_const_unsigned_int_const_int_const_unsigned_int_const_int_co_112 = load i10 %bnn_top_int_const_unsigned_int_const_int_const_unsigned_int_const_int_co_104" [bnn.cpp:88]   --->   Operation 474 'load' 'bnn_top_int_const_unsigned_int_const_int_const_unsigned_int_const_int_co_112' <Predicate = (trunc_ln80 == 2)> <Delay = 1.23> <CoreInst = "RAM">   --->   Core 82 'RAM' <Latency = 1> <II = 1> <Delay = 1.23> <Storage> <Opcode : 'load' 'store'> <Ports = 2> <Width = 1> <Depth = 1024> <RAM>
ST_8 : Operation 475 [2/2] (1.23ns)   --->   "%bnn_top_int_const_unsigned_int_const_int_const_unsigned_int_const_int_co_113 = load i10 %bnn_top_int_const_unsigned_int_const_int_const_unsigned_int_const_int_co_105" [bnn.cpp:88]   --->   Operation 475 'load' 'bnn_top_int_const_unsigned_int_const_int_const_unsigned_int_const_int_co_113' <Predicate = (trunc_ln80 == 3)> <Delay = 1.23> <CoreInst = "RAM">   --->   Core 82 'RAM' <Latency = 1> <II = 1> <Delay = 1.23> <Storage> <Opcode : 'load' 'store'> <Ports = 2> <Width = 1> <Depth = 1024> <RAM>
ST_8 : Operation 476 [2/2] (1.23ns)   --->   "%bnn_top_int_const_unsigned_int_const_int_const_unsigned_int_const_int_co_114 = load i10 %bnn_top_int_const_unsigned_int_const_int_const_unsigned_int_const_int_co_106" [bnn.cpp:88]   --->   Operation 476 'load' 'bnn_top_int_const_unsigned_int_const_int_const_unsigned_int_const_int_co_114' <Predicate = (trunc_ln80 == 4)> <Delay = 1.23> <CoreInst = "RAM">   --->   Core 82 'RAM' <Latency = 1> <II = 1> <Delay = 1.23> <Storage> <Opcode : 'load' 'store'> <Ports = 2> <Width = 1> <Depth = 1024> <RAM>
ST_8 : Operation 477 [2/2] (1.23ns)   --->   "%bnn_top_int_const_unsigned_int_const_int_const_unsigned_int_const_int_co_115 = load i10 %bnn_top_int_const_unsigned_int_const_int_const_unsigned_int_const_int_co_107" [bnn.cpp:88]   --->   Operation 477 'load' 'bnn_top_int_const_unsigned_int_const_int_const_unsigned_int_const_int_co_115' <Predicate = (trunc_ln80 == 5)> <Delay = 1.23> <CoreInst = "RAM">   --->   Core 82 'RAM' <Latency = 1> <II = 1> <Delay = 1.23> <Storage> <Opcode : 'load' 'store'> <Ports = 2> <Width = 1> <Depth = 1024> <RAM>
ST_8 : Operation 478 [2/2] (1.23ns)   --->   "%bnn_top_int_const_unsigned_int_const_int_const_unsigned_int_const_int_co_116 = load i10 %bnn_top_int_const_unsigned_int_const_int_const_unsigned_int_const_int_co_108" [bnn.cpp:88]   --->   Operation 478 'load' 'bnn_top_int_const_unsigned_int_const_int_const_unsigned_int_const_int_co_116' <Predicate = (trunc_ln80 == 6)> <Delay = 1.23> <CoreInst = "RAM">   --->   Core 82 'RAM' <Latency = 1> <II = 1> <Delay = 1.23> <Storage> <Opcode : 'load' 'store'> <Ports = 2> <Width = 1> <Depth = 1024> <RAM>
ST_8 : Operation 479 [1/1] (0.00ns)   --->   "%zext_ln88_4 = zext i10 %lshr_ln88_5" [bnn.cpp:88]   --->   Operation 479 'zext' 'zext_ln88_4' <Predicate = (!tmp_9)> <Delay = 0.00>
ST_8 : Operation 480 [1/1] (0.00ns)   --->   "%bnn_top_int_const_unsigned_int_const_int_const_unsigned_int_const_int_co_117 = getelementptr i1 %bnn_top_int_const_unsigned_int_const_int_const_unsigned_int_const_int_co_20, i64 0, i64 %zext_ln88_4" [bnn.cpp:88]   --->   Operation 480 'getelementptr' 'bnn_top_int_const_unsigned_int_const_int_const_unsigned_int_const_int_co_117' <Predicate = (!tmp_9 & trunc_ln80 == 1)> <Delay = 0.00>
ST_8 : Operation 481 [1/1] (0.00ns)   --->   "%bnn_top_int_const_unsigned_int_const_int_const_unsigned_int_const_int_co_118 = getelementptr i1 %bnn_top_int_const_unsigned_int_const_int_const_unsigned_int_const_int_co_19, i64 0, i64 %zext_ln88_4" [bnn.cpp:88]   --->   Operation 481 'getelementptr' 'bnn_top_int_const_unsigned_int_const_int_const_unsigned_int_const_int_co_118' <Predicate = (!tmp_9 & trunc_ln80 == 2)> <Delay = 0.00>
ST_8 : Operation 482 [1/1] (0.00ns)   --->   "%bnn_top_int_const_unsigned_int_const_int_const_unsigned_int_const_int_co_119 = getelementptr i1 %bnn_top_int_const_unsigned_int_const_int_const_unsigned_int_const_int_co_18, i64 0, i64 %zext_ln88_4" [bnn.cpp:88]   --->   Operation 482 'getelementptr' 'bnn_top_int_const_unsigned_int_const_int_const_unsigned_int_const_int_co_119' <Predicate = (!tmp_9 & trunc_ln80 == 3)> <Delay = 0.00>
ST_8 : Operation 483 [1/1] (0.00ns)   --->   "%bnn_top_int_const_unsigned_int_const_int_const_unsigned_int_const_int_co_120 = getelementptr i1 %bnn_top_int_const_unsigned_int_const_int_const_unsigned_int_const_int_co_17, i64 0, i64 %zext_ln88_4" [bnn.cpp:88]   --->   Operation 483 'getelementptr' 'bnn_top_int_const_unsigned_int_const_int_const_unsigned_int_const_int_co_120' <Predicate = (!tmp_9 & trunc_ln80 == 4)> <Delay = 0.00>
ST_8 : Operation 484 [1/1] (0.00ns)   --->   "%bnn_top_int_const_unsigned_int_const_int_const_unsigned_int_const_int_co_121 = getelementptr i1 %bnn_top_int_const_unsigned_int_const_int_const_unsigned_int_const_int_co_16, i64 0, i64 %zext_ln88_4" [bnn.cpp:88]   --->   Operation 484 'getelementptr' 'bnn_top_int_const_unsigned_int_const_int_const_unsigned_int_const_int_co_121' <Predicate = (!tmp_9 & trunc_ln80 == 5)> <Delay = 0.00>
ST_8 : Operation 485 [1/1] (0.00ns)   --->   "%bnn_top_int_const_unsigned_int_const_int_const_unsigned_int_const_int_co_122 = getelementptr i1 %bnn_top_int_const_unsigned_int_const_int_const_unsigned_int_const_int_co_15, i64 0, i64 %zext_ln88_4" [bnn.cpp:88]   --->   Operation 485 'getelementptr' 'bnn_top_int_const_unsigned_int_const_int_const_unsigned_int_const_int_co_122' <Predicate = (!tmp_9 & trunc_ln80 == 6)> <Delay = 0.00>
ST_8 : Operation 486 [1/1] (0.00ns)   --->   "%bnn_top_int_const_unsigned_int_const_int_const_unsigned_int_const_int_co_123 = getelementptr i1 %bnn_top_int_const_unsigned_int_const_int_const_unsigned_int_const_int_co_14, i64 0, i64 %zext_ln88_4" [bnn.cpp:88]   --->   Operation 486 'getelementptr' 'bnn_top_int_const_unsigned_int_const_int_const_unsigned_int_const_int_co_123' <Predicate = (!tmp_9 & trunc_ln80 == 7)> <Delay = 0.00>
ST_8 : Operation 487 [1/1] (0.00ns)   --->   "%bnn_top_int_const_unsigned_int_const_int_const_unsigned_int_const_int_co_124 = getelementptr i1 %bnn_top_int_const_unsigned_int_const_int_const_unsigned_int_const_int_co_13, i64 0, i64 %zext_ln88_4" [bnn.cpp:88]   --->   Operation 487 'getelementptr' 'bnn_top_int_const_unsigned_int_const_int_const_unsigned_int_const_int_co_124' <Predicate = (!tmp_9 & trunc_ln80 == 0)> <Delay = 0.00>
ST_8 : Operation 488 [2/2] (1.23ns)   --->   "%bnn_top_int_const_unsigned_int_const_int_const_unsigned_int_const_int_co_125 = load i10 %bnn_top_int_const_unsigned_int_const_int_const_unsigned_int_const_int_co_117" [bnn.cpp:88]   --->   Operation 488 'load' 'bnn_top_int_const_unsigned_int_const_int_const_unsigned_int_const_int_co_125' <Predicate = (!tmp_9 & trunc_ln80 == 1)> <Delay = 1.23> <CoreInst = "RAM">   --->   Core 82 'RAM' <Latency = 1> <II = 1> <Delay = 1.23> <Storage> <Opcode : 'load' 'store'> <Ports = 2> <Width = 1> <Depth = 1024> <RAM>
ST_8 : Operation 489 [2/2] (1.23ns)   --->   "%bnn_top_int_const_unsigned_int_const_int_const_unsigned_int_const_int_co_126 = load i10 %bnn_top_int_const_unsigned_int_const_int_const_unsigned_int_const_int_co_118" [bnn.cpp:88]   --->   Operation 489 'load' 'bnn_top_int_const_unsigned_int_const_int_const_unsigned_int_const_int_co_126' <Predicate = (!tmp_9 & trunc_ln80 == 2)> <Delay = 1.23> <CoreInst = "RAM">   --->   Core 82 'RAM' <Latency = 1> <II = 1> <Delay = 1.23> <Storage> <Opcode : 'load' 'store'> <Ports = 2> <Width = 1> <Depth = 1024> <RAM>
ST_8 : Operation 490 [2/2] (1.23ns)   --->   "%bnn_top_int_const_unsigned_int_const_int_const_unsigned_int_const_int_co_127 = load i10 %bnn_top_int_const_unsigned_int_const_int_const_unsigned_int_const_int_co_119" [bnn.cpp:88]   --->   Operation 490 'load' 'bnn_top_int_const_unsigned_int_const_int_const_unsigned_int_const_int_co_127' <Predicate = (!tmp_9 & trunc_ln80 == 3)> <Delay = 1.23> <CoreInst = "RAM">   --->   Core 82 'RAM' <Latency = 1> <II = 1> <Delay = 1.23> <Storage> <Opcode : 'load' 'store'> <Ports = 2> <Width = 1> <Depth = 1024> <RAM>
ST_8 : Operation 491 [2/2] (1.23ns)   --->   "%bnn_top_int_const_unsigned_int_const_int_const_unsigned_int_const_int_co_128 = load i10 %bnn_top_int_const_unsigned_int_const_int_const_unsigned_int_const_int_co_120" [bnn.cpp:88]   --->   Operation 491 'load' 'bnn_top_int_const_unsigned_int_const_int_const_unsigned_int_const_int_co_128' <Predicate = (!tmp_9 & trunc_ln80 == 4)> <Delay = 1.23> <CoreInst = "RAM">   --->   Core 82 'RAM' <Latency = 1> <II = 1> <Delay = 1.23> <Storage> <Opcode : 'load' 'store'> <Ports = 2> <Width = 1> <Depth = 1024> <RAM>
ST_8 : Operation 492 [2/2] (1.23ns)   --->   "%bnn_top_int_const_unsigned_int_const_int_const_unsigned_int_const_int_co_129 = load i10 %bnn_top_int_const_unsigned_int_const_int_const_unsigned_int_const_int_co_121" [bnn.cpp:88]   --->   Operation 492 'load' 'bnn_top_int_const_unsigned_int_const_int_const_unsigned_int_const_int_co_129' <Predicate = (!tmp_9 & trunc_ln80 == 5)> <Delay = 1.23> <CoreInst = "RAM">   --->   Core 82 'RAM' <Latency = 1> <II = 1> <Delay = 1.23> <Storage> <Opcode : 'load' 'store'> <Ports = 2> <Width = 1> <Depth = 1024> <RAM>
ST_8 : Operation 493 [2/2] (1.23ns)   --->   "%bnn_top_int_const_unsigned_int_const_int_const_unsigned_int_const_int_co_130 = load i10 %bnn_top_int_const_unsigned_int_const_int_const_unsigned_int_const_int_co_122" [bnn.cpp:88]   --->   Operation 493 'load' 'bnn_top_int_const_unsigned_int_const_int_const_unsigned_int_const_int_co_130' <Predicate = (!tmp_9 & trunc_ln80 == 6)> <Delay = 1.23> <CoreInst = "RAM">   --->   Core 82 'RAM' <Latency = 1> <II = 1> <Delay = 1.23> <Storage> <Opcode : 'load' 'store'> <Ports = 2> <Width = 1> <Depth = 1024> <RAM>
ST_8 : Operation 494 [2/2] (1.23ns)   --->   "%bnn_top_int_const_unsigned_int_const_int_const_unsigned_int_const_int_co_131 = load i10 %bnn_top_int_const_unsigned_int_const_int_const_unsigned_int_const_int_co_123" [bnn.cpp:88]   --->   Operation 494 'load' 'bnn_top_int_const_unsigned_int_const_int_const_unsigned_int_const_int_co_131' <Predicate = (!tmp_9 & trunc_ln80 == 7)> <Delay = 1.23> <CoreInst = "RAM">   --->   Core 82 'RAM' <Latency = 1> <II = 1> <Delay = 1.23> <Storage> <Opcode : 'load' 'store'> <Ports = 2> <Width = 1> <Depth = 1024> <RAM>
ST_8 : Operation 495 [2/2] (1.23ns)   --->   "%bnn_top_int_const_unsigned_int_const_int_const_unsigned_int_const_int_co_132 = load i10 %bnn_top_int_const_unsigned_int_const_int_const_unsigned_int_const_int_co_124" [bnn.cpp:88]   --->   Operation 495 'load' 'bnn_top_int_const_unsigned_int_const_int_const_unsigned_int_const_int_co_132' <Predicate = (!tmp_9 & trunc_ln80 == 0)> <Delay = 1.23> <CoreInst = "RAM">   --->   Core 82 'RAM' <Latency = 1> <II = 1> <Delay = 1.23> <Storage> <Opcode : 'load' 'store'> <Ports = 2> <Width = 1> <Depth = 1024> <RAM>
ST_8 : Operation 496 [3/9] (1.06ns)   --->   "%urem_ln94 = urem i5 %add_ln94, i5 5" [bnn.cpp:94]   --->   Operation 496 'urem' 'urem_ln94' <Predicate = true> <Delay = 1.06> <CoreInst = "Divider">   --->   Core 6 'Divider' <Latency = 8> <II = 1> <Delay = 1.06> <FuncUnit> <Opcode : 'udiv' 'sdiv' 'urem' 'srem'> <InPorts = 2> <OutPorts = 1>

State 9 <SV = 8> <Delay = 6.92>
ST_9 : Operation 497 [1/2] ( I:1.23ns O:1.23ns )   --->   "%bnn_top_int_const_unsigned_int_const_int_const_unsigned_int_const_int_co_109 = load i10 %bnn_top_int_const_unsigned_int_const_int_const_unsigned_int_const_int_co_101" [bnn.cpp:88]   --->   Operation 497 'load' 'bnn_top_int_const_unsigned_int_const_int_const_unsigned_int_const_int_co_109' <Predicate = (trunc_ln80 == 7)> <Delay = 1.23> <CoreInst = "RAM">   --->   Core 82 'RAM' <Latency = 1> <II = 1> <Delay = 1.23> <Storage> <Opcode : 'load' 'store'> <Ports = 2> <Width = 1> <Depth = 1024> <RAM>
ST_9 : Operation 498 [1/2] ( I:1.23ns O:1.23ns )   --->   "%bnn_top_int_const_unsigned_int_const_int_const_unsigned_int_const_int_co_110 = load i10 %bnn_top_int_const_unsigned_int_const_int_const_unsigned_int_const_int_co_102" [bnn.cpp:88]   --->   Operation 498 'load' 'bnn_top_int_const_unsigned_int_const_int_const_unsigned_int_const_int_co_110' <Predicate = (trunc_ln80 == 0)> <Delay = 1.23> <CoreInst = "RAM">   --->   Core 82 'RAM' <Latency = 1> <II = 1> <Delay = 1.23> <Storage> <Opcode : 'load' 'store'> <Ports = 2> <Width = 1> <Depth = 1024> <RAM>
ST_9 : Operation 499 [1/2] ( I:1.23ns O:1.23ns )   --->   "%bnn_top_int_const_unsigned_int_const_int_const_unsigned_int_const_int_co_111 = load i10 %bnn_top_int_const_unsigned_int_const_int_const_unsigned_int_const_int_co_103" [bnn.cpp:88]   --->   Operation 499 'load' 'bnn_top_int_const_unsigned_int_const_int_const_unsigned_int_const_int_co_111' <Predicate = (trunc_ln80 == 1)> <Delay = 1.23> <CoreInst = "RAM">   --->   Core 82 'RAM' <Latency = 1> <II = 1> <Delay = 1.23> <Storage> <Opcode : 'load' 'store'> <Ports = 2> <Width = 1> <Depth = 1024> <RAM>
ST_9 : Operation 500 [1/2] ( I:1.23ns O:1.23ns )   --->   "%bnn_top_int_const_unsigned_int_const_int_const_unsigned_int_const_int_co_112 = load i10 %bnn_top_int_const_unsigned_int_const_int_const_unsigned_int_const_int_co_104" [bnn.cpp:88]   --->   Operation 500 'load' 'bnn_top_int_const_unsigned_int_const_int_const_unsigned_int_const_int_co_112' <Predicate = (trunc_ln80 == 2)> <Delay = 1.23> <CoreInst = "RAM">   --->   Core 82 'RAM' <Latency = 1> <II = 1> <Delay = 1.23> <Storage> <Opcode : 'load' 'store'> <Ports = 2> <Width = 1> <Depth = 1024> <RAM>
ST_9 : Operation 501 [1/2] ( I:1.23ns O:1.23ns )   --->   "%bnn_top_int_const_unsigned_int_const_int_const_unsigned_int_const_int_co_113 = load i10 %bnn_top_int_const_unsigned_int_const_int_const_unsigned_int_const_int_co_105" [bnn.cpp:88]   --->   Operation 501 'load' 'bnn_top_int_const_unsigned_int_const_int_const_unsigned_int_const_int_co_113' <Predicate = (trunc_ln80 == 3)> <Delay = 1.23> <CoreInst = "RAM">   --->   Core 82 'RAM' <Latency = 1> <II = 1> <Delay = 1.23> <Storage> <Opcode : 'load' 'store'> <Ports = 2> <Width = 1> <Depth = 1024> <RAM>
ST_9 : Operation 502 [1/2] ( I:1.23ns O:1.23ns )   --->   "%bnn_top_int_const_unsigned_int_const_int_const_unsigned_int_const_int_co_114 = load i10 %bnn_top_int_const_unsigned_int_const_int_const_unsigned_int_const_int_co_106" [bnn.cpp:88]   --->   Operation 502 'load' 'bnn_top_int_const_unsigned_int_const_int_const_unsigned_int_const_int_co_114' <Predicate = (trunc_ln80 == 4)> <Delay = 1.23> <CoreInst = "RAM">   --->   Core 82 'RAM' <Latency = 1> <II = 1> <Delay = 1.23> <Storage> <Opcode : 'load' 'store'> <Ports = 2> <Width = 1> <Depth = 1024> <RAM>
ST_9 : Operation 503 [1/2] ( I:1.23ns O:1.23ns )   --->   "%bnn_top_int_const_unsigned_int_const_int_const_unsigned_int_const_int_co_115 = load i10 %bnn_top_int_const_unsigned_int_const_int_const_unsigned_int_const_int_co_107" [bnn.cpp:88]   --->   Operation 503 'load' 'bnn_top_int_const_unsigned_int_const_int_const_unsigned_int_const_int_co_115' <Predicate = (trunc_ln80 == 5)> <Delay = 1.23> <CoreInst = "RAM">   --->   Core 82 'RAM' <Latency = 1> <II = 1> <Delay = 1.23> <Storage> <Opcode : 'load' 'store'> <Ports = 2> <Width = 1> <Depth = 1024> <RAM>
ST_9 : Operation 504 [1/2] ( I:1.23ns O:1.23ns )   --->   "%bnn_top_int_const_unsigned_int_const_int_const_unsigned_int_const_int_co_116 = load i10 %bnn_top_int_const_unsigned_int_const_int_const_unsigned_int_const_int_co_108" [bnn.cpp:88]   --->   Operation 504 'load' 'bnn_top_int_const_unsigned_int_const_int_const_unsigned_int_const_int_co_116' <Predicate = (trunc_ln80 == 6)> <Delay = 1.23> <CoreInst = "RAM">   --->   Core 82 'RAM' <Latency = 1> <II = 1> <Delay = 1.23> <Storage> <Opcode : 'load' 'store'> <Ports = 2> <Width = 1> <Depth = 1024> <RAM>
ST_9 : Operation 505 [1/1] (0.72ns)   --->   "%a_2 = sparsemux i1 @_ssdm_op_SparseMux.ap_auto.8i1.i1.i3, i3 7, i1 %bnn_top_int_const_unsigned_int_const_int_const_unsigned_int_const_int_co_109, i3 0, i1 %bnn_top_int_const_unsigned_int_const_int_const_unsigned_int_const_int_co_110, i3 1, i1 %bnn_top_int_const_unsigned_int_const_int_const_unsigned_int_const_int_co_111, i3 2, i1 %bnn_top_int_const_unsigned_int_const_int_const_unsigned_int_const_int_co_112, i3 3, i1 %bnn_top_int_const_unsigned_int_const_int_const_unsigned_int_const_int_co_113, i3 4, i1 %bnn_top_int_const_unsigned_int_const_int_const_unsigned_int_const_int_co_114, i3 5, i1 %bnn_top_int_const_unsigned_int_const_int_const_unsigned_int_const_int_co_115, i3 6, i1 %bnn_top_int_const_unsigned_int_const_int_const_unsigned_int_const_int_co_116, i1 0, i3 %trunc_ln80" [bnn.cpp:88]   --->   Operation 505 'sparsemux' 'a_2' <Predicate = (icmp_ln87)> <Delay = 0.72> <CoreInst = "BinarySparseMux_DontCare">   --->   Core 149 'BinarySparseMux_DontCare' <Latency = 0> <II = 1> <Delay = 0.72> <FuncUnit> <Opcode : 'sparsemux'> <InPorts = 2> <OutPorts = 1>
ST_9 : Operation 506 [1/1] (0.00ns) (grouped into LUT with out node acc_5)   --->   "%w_2 = trunc i32 %lshr_ln89_3" [bnn.cpp:89]   --->   Operation 506 'trunc' 'w_2' <Predicate = (icmp_ln87)> <Delay = 0.00>
ST_9 : Operation 507 [1/1] (0.00ns) (grouped into LUT with out node acc_5)   --->   "%xor_ln90_2 = xor i1 %a_2, i1 %w_2" [bnn.cpp:90]   --->   Operation 507 'xor' 'xor_ln90_2' <Predicate = (icmp_ln87)> <Delay = 0.00> <CoreInst = "LogicGate">   --->   Core 74 'LogicGate' <Latency = 0> <II = 1> <Delay = 0.28> <FuncUnit> <Opcode : 'and' 'or' 'xor'> <InPorts = 2> <OutPorts = 1>
ST_9 : Operation 508 [1/1] (0.00ns) (grouped into LUT with out node acc_5)   --->   "%select_ln90_2 = select i1 %xor_ln90_2, i32 4294967295, i32 1" [bnn.cpp:90]   --->   Operation 508 'select' 'select_ln90_2' <Predicate = (icmp_ln87)> <Delay = 0.00> <CoreInst = "Sel">   --->   Core 73 'Sel' <Latency = 0> <II = 1> <Delay = 0.17> <FuncUnit> <Opcode : 'select'> <InPorts = 3> <OutPorts = 1>
ST_9 : Operation 509 [1/1] (1.01ns) (out node of the LUT)   --->   "%acc_5 = add i32 %select_ln90_2, i32 %acc_4" [bnn.cpp:90]   --->   Operation 509 'add' 'acc_5' <Predicate = (icmp_ln87)> <Delay = 1.01> <CoreInst = "Adder">   --->   Core 1 'Adder' <Latency = 0> <II = 1> <Delay = 1.01> <FuncUnit> <Opcode : 'add' 'sub'> <InPorts = 2> <OutPorts = 1>
ST_9 : Operation 510 [1/1] (0.44ns)   --->   "%acc_6 = select i1 %icmp_ln87, i32 %acc_5, i32 %acc_4" [bnn.cpp:87]   --->   Operation 510 'select' 'acc_6' <Predicate = true> <Delay = 0.44> <CoreInst = "Sel">   --->   Core 73 'Sel' <Latency = 0> <II = 1> <Delay = 0.44> <FuncUnit> <Opcode : 'select'> <InPorts = 3> <OutPorts = 1>
ST_9 : Operation 511 [1/2] ( I:1.23ns O:1.23ns )   --->   "%bnn_top_int_const_unsigned_int_const_int_const_unsigned_int_const_int_co_125 = load i10 %bnn_top_int_const_unsigned_int_const_int_const_unsigned_int_const_int_co_117" [bnn.cpp:88]   --->   Operation 511 'load' 'bnn_top_int_const_unsigned_int_const_int_const_unsigned_int_const_int_co_125' <Predicate = (!tmp_9 & trunc_ln80 == 1)> <Delay = 1.23> <CoreInst = "RAM">   --->   Core 82 'RAM' <Latency = 1> <II = 1> <Delay = 1.23> <Storage> <Opcode : 'load' 'store'> <Ports = 2> <Width = 1> <Depth = 1024> <RAM>
ST_9 : Operation 512 [1/2] ( I:1.23ns O:1.23ns )   --->   "%bnn_top_int_const_unsigned_int_const_int_const_unsigned_int_const_int_co_126 = load i10 %bnn_top_int_const_unsigned_int_const_int_const_unsigned_int_const_int_co_118" [bnn.cpp:88]   --->   Operation 512 'load' 'bnn_top_int_const_unsigned_int_const_int_const_unsigned_int_const_int_co_126' <Predicate = (!tmp_9 & trunc_ln80 == 2)> <Delay = 1.23> <CoreInst = "RAM">   --->   Core 82 'RAM' <Latency = 1> <II = 1> <Delay = 1.23> <Storage> <Opcode : 'load' 'store'> <Ports = 2> <Width = 1> <Depth = 1024> <RAM>
ST_9 : Operation 513 [1/2] ( I:1.23ns O:1.23ns )   --->   "%bnn_top_int_const_unsigned_int_const_int_const_unsigned_int_const_int_co_127 = load i10 %bnn_top_int_const_unsigned_int_const_int_const_unsigned_int_const_int_co_119" [bnn.cpp:88]   --->   Operation 513 'load' 'bnn_top_int_const_unsigned_int_const_int_const_unsigned_int_const_int_co_127' <Predicate = (!tmp_9 & trunc_ln80 == 3)> <Delay = 1.23> <CoreInst = "RAM">   --->   Core 82 'RAM' <Latency = 1> <II = 1> <Delay = 1.23> <Storage> <Opcode : 'load' 'store'> <Ports = 2> <Width = 1> <Depth = 1024> <RAM>
ST_9 : Operation 514 [1/2] ( I:1.23ns O:1.23ns )   --->   "%bnn_top_int_const_unsigned_int_const_int_const_unsigned_int_const_int_co_128 = load i10 %bnn_top_int_const_unsigned_int_const_int_const_unsigned_int_const_int_co_120" [bnn.cpp:88]   --->   Operation 514 'load' 'bnn_top_int_const_unsigned_int_const_int_const_unsigned_int_const_int_co_128' <Predicate = (!tmp_9 & trunc_ln80 == 4)> <Delay = 1.23> <CoreInst = "RAM">   --->   Core 82 'RAM' <Latency = 1> <II = 1> <Delay = 1.23> <Storage> <Opcode : 'load' 'store'> <Ports = 2> <Width = 1> <Depth = 1024> <RAM>
ST_9 : Operation 515 [1/2] ( I:1.23ns O:1.23ns )   --->   "%bnn_top_int_const_unsigned_int_const_int_const_unsigned_int_const_int_co_129 = load i10 %bnn_top_int_const_unsigned_int_const_int_const_unsigned_int_const_int_co_121" [bnn.cpp:88]   --->   Operation 515 'load' 'bnn_top_int_const_unsigned_int_const_int_const_unsigned_int_const_int_co_129' <Predicate = (!tmp_9 & trunc_ln80 == 5)> <Delay = 1.23> <CoreInst = "RAM">   --->   Core 82 'RAM' <Latency = 1> <II = 1> <Delay = 1.23> <Storage> <Opcode : 'load' 'store'> <Ports = 2> <Width = 1> <Depth = 1024> <RAM>
ST_9 : Operation 516 [1/2] ( I:1.23ns O:1.23ns )   --->   "%bnn_top_int_const_unsigned_int_const_int_const_unsigned_int_const_int_co_130 = load i10 %bnn_top_int_const_unsigned_int_const_int_const_unsigned_int_const_int_co_122" [bnn.cpp:88]   --->   Operation 516 'load' 'bnn_top_int_const_unsigned_int_const_int_const_unsigned_int_const_int_co_130' <Predicate = (!tmp_9 & trunc_ln80 == 6)> <Delay = 1.23> <CoreInst = "RAM">   --->   Core 82 'RAM' <Latency = 1> <II = 1> <Delay = 1.23> <Storage> <Opcode : 'load' 'store'> <Ports = 2> <Width = 1> <Depth = 1024> <RAM>
ST_9 : Operation 517 [1/2] ( I:1.23ns O:1.23ns )   --->   "%bnn_top_int_const_unsigned_int_const_int_const_unsigned_int_const_int_co_131 = load i10 %bnn_top_int_const_unsigned_int_const_int_const_unsigned_int_const_int_co_123" [bnn.cpp:88]   --->   Operation 517 'load' 'bnn_top_int_const_unsigned_int_const_int_const_unsigned_int_const_int_co_131' <Predicate = (!tmp_9 & trunc_ln80 == 7)> <Delay = 1.23> <CoreInst = "RAM">   --->   Core 82 'RAM' <Latency = 1> <II = 1> <Delay = 1.23> <Storage> <Opcode : 'load' 'store'> <Ports = 2> <Width = 1> <Depth = 1024> <RAM>
ST_9 : Operation 518 [1/2] ( I:1.23ns O:1.23ns )   --->   "%bnn_top_int_const_unsigned_int_const_int_const_unsigned_int_const_int_co_132 = load i10 %bnn_top_int_const_unsigned_int_const_int_const_unsigned_int_const_int_co_124" [bnn.cpp:88]   --->   Operation 518 'load' 'bnn_top_int_const_unsigned_int_const_int_const_unsigned_int_const_int_co_132' <Predicate = (!tmp_9 & trunc_ln80 == 0)> <Delay = 1.23> <CoreInst = "RAM">   --->   Core 82 'RAM' <Latency = 1> <II = 1> <Delay = 1.23> <Storage> <Opcode : 'load' 'store'> <Ports = 2> <Width = 1> <Depth = 1024> <RAM>
ST_9 : Operation 519 [1/1] (0.72ns)   --->   "%a_3 = sparsemux i1 @_ssdm_op_SparseMux.ap_auto.8i1.i1.i3, i3 1, i1 %bnn_top_int_const_unsigned_int_const_int_const_unsigned_int_const_int_co_125, i3 2, i1 %bnn_top_int_const_unsigned_int_const_int_const_unsigned_int_const_int_co_126, i3 3, i1 %bnn_top_int_const_unsigned_int_const_int_const_unsigned_int_const_int_co_127, i3 4, i1 %bnn_top_int_const_unsigned_int_const_int_const_unsigned_int_const_int_co_128, i3 5, i1 %bnn_top_int_const_unsigned_int_const_int_const_unsigned_int_const_int_co_129, i3 6, i1 %bnn_top_int_const_unsigned_int_const_int_const_unsigned_int_const_int_co_130, i3 7, i1 %bnn_top_int_const_unsigned_int_const_int_const_unsigned_int_const_int_co_131, i3 0, i1 %bnn_top_int_const_unsigned_int_const_int_const_unsigned_int_const_int_co_132, i1 0, i3 %trunc_ln80" [bnn.cpp:88]   --->   Operation 519 'sparsemux' 'a_3' <Predicate = (!tmp_9)> <Delay = 0.72> <CoreInst = "BinarySparseMux_DontCare">   --->   Core 149 'BinarySparseMux_DontCare' <Latency = 0> <II = 1> <Delay = 0.72> <FuncUnit> <Opcode : 'sparsemux'> <InPorts = 2> <OutPorts = 1>
ST_9 : Operation 520 [1/1] (0.00ns) (grouped into LUT with out node acc_7)   --->   "%w_3 = trunc i32 %lshr_ln89_5" [bnn.cpp:89]   --->   Operation 520 'trunc' 'w_3' <Predicate = (!tmp_9)> <Delay = 0.00>
ST_9 : Operation 521 [1/1] (0.00ns) (grouped into LUT with out node acc_7)   --->   "%xor_ln90_3 = xor i1 %a_3, i1 %w_3" [bnn.cpp:90]   --->   Operation 521 'xor' 'xor_ln90_3' <Predicate = (!tmp_9)> <Delay = 0.00> <CoreInst = "LogicGate">   --->   Core 74 'LogicGate' <Latency = 0> <II = 1> <Delay = 0.28> <FuncUnit> <Opcode : 'and' 'or' 'xor'> <InPorts = 2> <OutPorts = 1>
ST_9 : Operation 522 [1/1] (0.00ns) (grouped into LUT with out node acc_7)   --->   "%select_ln90_3 = select i1 %xor_ln90_3, i32 4294967295, i32 1" [bnn.cpp:90]   --->   Operation 522 'select' 'select_ln90_3' <Predicate = (!tmp_9)> <Delay = 0.00> <CoreInst = "Sel">   --->   Core 73 'Sel' <Latency = 0> <II = 1> <Delay = 0.17> <FuncUnit> <Opcode : 'select'> <InPorts = 3> <OutPorts = 1>
ST_9 : Operation 523 [1/1] (1.01ns) (out node of the LUT)   --->   "%acc_7 = add i32 %select_ln90_3, i32 %acc_6" [bnn.cpp:90]   --->   Operation 523 'add' 'acc_7' <Predicate = (!tmp_9)> <Delay = 1.01> <CoreInst = "Adder">   --->   Core 1 'Adder' <Latency = 0> <II = 1> <Delay = 1.01> <FuncUnit> <Opcode : 'add' 'sub'> <InPorts = 2> <OutPorts = 1>
ST_9 : Operation 524 [1/1] (0.00ns) (grouped into LUT with out node acc_9)   --->   "%acc_8 = select i1 %tmp_9, i32 %acc_6, i32 %acc_7" [bnn.cpp:87]   --->   Operation 524 'select' 'acc_8' <Predicate = true> <Delay = 0.00> <CoreInst = "Sel">   --->   Core 73 'Sel' <Latency = 0> <II = 1> <Delay = 0.44> <FuncUnit> <Opcode : 'select'> <InPorts = 3> <OutPorts = 1>
ST_9 : Operation 525 [1/1] (0.00ns) (grouped into LUT with out node acc_9)   --->   "%w_4 = trunc i32 %lshr_ln89_7" [bnn.cpp:89]   --->   Operation 525 'trunc' 'w_4' <Predicate = true> <Delay = 0.00>
ST_9 : Operation 526 [1/1] (0.00ns) (grouped into LUT with out node acc_9)   --->   "%xor_ln90_4 = xor i1 %a_4, i1 %w_4" [bnn.cpp:90]   --->   Operation 526 'xor' 'xor_ln90_4' <Predicate = true> <Delay = 0.00> <CoreInst = "LogicGate">   --->   Core 74 'LogicGate' <Latency = 0> <II = 1> <Delay = 0.28> <FuncUnit> <Opcode : 'and' 'or' 'xor'> <InPorts = 2> <OutPorts = 1>
ST_9 : Operation 527 [1/1] (0.00ns) (grouped into LUT with out node acc_9)   --->   "%select_ln90_4 = select i1 %xor_ln90_4, i32 4294967295, i32 1" [bnn.cpp:90]   --->   Operation 527 'select' 'select_ln90_4' <Predicate = true> <Delay = 0.00> <CoreInst = "Sel">   --->   Core 73 'Sel' <Latency = 0> <II = 1> <Delay = 0.17> <FuncUnit> <Opcode : 'select'> <InPorts = 3> <OutPorts = 1>
ST_9 : Operation 528 [1/1] (1.01ns) (out node of the LUT)   --->   "%acc_9 = add i32 %select_ln90_4, i32 %acc_8" [bnn.cpp:90]   --->   Operation 528 'add' 'acc_9' <Predicate = true> <Delay = 1.01> <CoreInst = "Adder">   --->   Core 1 'Adder' <Latency = 0> <II = 1> <Delay = 1.01> <FuncUnit> <Opcode : 'add' 'sub'> <InPorts = 2> <OutPorts = 1>
ST_9 : Operation 529 [1/1] (0.00ns) (grouped into LUT with out node acc_10)   --->   "%w_5 = trunc i32 %lshr_ln89_9" [bnn.cpp:89]   --->   Operation 529 'trunc' 'w_5' <Predicate = (!tmp_10)> <Delay = 0.00>
ST_9 : Operation 530 [1/1] (0.00ns) (grouped into LUT with out node acc_10)   --->   "%xor_ln90_5 = xor i1 %a_5, i1 %w_5" [bnn.cpp:90]   --->   Operation 530 'xor' 'xor_ln90_5' <Predicate = (!tmp_10)> <Delay = 0.00> <CoreInst = "LogicGate">   --->   Core 74 'LogicGate' <Latency = 0> <II = 1> <Delay = 0.28> <FuncUnit> <Opcode : 'and' 'or' 'xor'> <InPorts = 2> <OutPorts = 1>
ST_9 : Operation 531 [1/1] (0.00ns) (grouped into LUT with out node acc_10)   --->   "%select_ln90_5 = select i1 %xor_ln90_5, i32 4294967295, i32 1" [bnn.cpp:90]   --->   Operation 531 'select' 'select_ln90_5' <Predicate = (!tmp_10)> <Delay = 0.00> <CoreInst = "Sel">   --->   Core 73 'Sel' <Latency = 0> <II = 1> <Delay = 0.17> <FuncUnit> <Opcode : 'select'> <InPorts = 3> <OutPorts = 1>
ST_9 : Operation 532 [1/1] (1.01ns) (out node of the LUT)   --->   "%acc_10 = add i32 %select_ln90_5, i32 %acc_9" [bnn.cpp:90]   --->   Operation 532 'add' 'acc_10' <Predicate = (!tmp_10)> <Delay = 1.01> <CoreInst = "Adder">   --->   Core 1 'Adder' <Latency = 0> <II = 1> <Delay = 1.01> <FuncUnit> <Opcode : 'add' 'sub'> <InPorts = 2> <OutPorts = 1>
ST_9 : Operation 533 [1/1] (0.44ns)   --->   "%acc_11 = select i1 %tmp_10, i32 %acc_9, i32 %acc_10" [bnn.cpp:87]   --->   Operation 533 'select' 'acc_11' <Predicate = true> <Delay = 0.44> <CoreInst = "Sel">   --->   Core 73 'Sel' <Latency = 0> <II = 1> <Delay = 0.44> <FuncUnit> <Opcode : 'select'> <InPorts = 3> <OutPorts = 1>
ST_9 : Operation 534 [2/9] (1.06ns)   --->   "%urem_ln94 = urem i5 %add_ln94, i5 5" [bnn.cpp:94]   --->   Operation 534 'urem' 'urem_ln94' <Predicate = true> <Delay = 1.06> <CoreInst = "Divider">   --->   Core 6 'Divider' <Latency = 8> <II = 1> <Delay = 1.06> <FuncUnit> <Opcode : 'udiv' 'sdiv' 'urem' 'srem'> <InPorts = 2> <OutPorts = 1>

State 10 <SV = 9> <Delay = 5.63>
ST_10 : Operation 535 [1/1] (0.00ns)   --->   "%specloopname_ln0 = specloopname void @_ssdm_op_SpecLoopName, void @VITIS_LOOP_79_9_VITIS_LOOP_80_10_VITIS_LOOP_82_11_str"   --->   Operation 535 'specloopname' 'specloopname_ln0' <Predicate = true> <Delay = 0.00>
ST_10 : Operation 536 [1/1] (0.00ns)   --->   "%speclooptripcount_ln0 = speclooptripcount void @_ssdm_op_SpecLoopTripCount, i64 8192, i64 8192, i64 8192"   --->   Operation 536 'speclooptripcount' 'speclooptripcount_ln0' <Predicate = true> <Delay = 0.00>
ST_10 : Operation 537 [1/1] (0.00ns) (grouped into LUT with out node acc_17)   --->   "%or_ln87_3 = or i5 %add_ln86_2_mid2, i5 %select_ln79_1" [bnn.cpp:87]   --->   Operation 537 'or' 'or_ln87_3' <Predicate = true> <Delay = 0.00> <CoreInst = "LogicGate">   --->   Core 74 'LogicGate' <Latency = 0> <II = 1> <Delay = 0.19> <FuncUnit> <Opcode : 'and' 'or' 'xor'> <InPorts = 2> <OutPorts = 1>
ST_10 : Operation 538 [1/1] (0.00ns) (grouped into LUT with out node acc_17)   --->   "%tmp_13 = bitselect i1 @_ssdm_op_BitSelect.i1.i5.i32, i5 %or_ln87_3, i32 4" [bnn.cpp:87]   --->   Operation 538 'bitselect' 'tmp_13' <Predicate = true> <Delay = 0.00>
ST_10 : Operation 539 [1/1] (0.00ns)   --->   "%specpipeline_ln83 = specpipeline void @_ssdm_op_SpecPipeline, i32 1, i32 0, i32 0, i32 0, i32 4294967295, void @empty_2" [bnn.cpp:83]   --->   Operation 539 'specpipeline' 'specpipeline_ln83' <Predicate = true> <Delay = 0.00>
ST_10 : Operation 540 [1/1] (0.00ns) (grouped into LUT with out node acc_12)   --->   "%w_6 = trunc i32 %lshr_ln89_11" [bnn.cpp:89]   --->   Operation 540 'trunc' 'w_6' <Predicate = (icmp_ln87_1)> <Delay = 0.00>
ST_10 : Operation 541 [1/1] (0.00ns) (grouped into LUT with out node acc_12)   --->   "%xor_ln90_6 = xor i1 %a_6, i1 %w_6" [bnn.cpp:90]   --->   Operation 541 'xor' 'xor_ln90_6' <Predicate = (icmp_ln87_1)> <Delay = 0.00> <CoreInst = "LogicGate">   --->   Core 74 'LogicGate' <Latency = 0> <II = 1> <Delay = 0.28> <FuncUnit> <Opcode : 'and' 'or' 'xor'> <InPorts = 2> <OutPorts = 1>
ST_10 : Operation 542 [1/1] (0.00ns) (grouped into LUT with out node acc_12)   --->   "%select_ln90_6 = select i1 %xor_ln90_6, i32 4294967295, i32 1" [bnn.cpp:90]   --->   Operation 542 'select' 'select_ln90_6' <Predicate = (icmp_ln87_1)> <Delay = 0.00> <CoreInst = "Sel">   --->   Core 73 'Sel' <Latency = 0> <II = 1> <Delay = 0.17> <FuncUnit> <Opcode : 'select'> <InPorts = 3> <OutPorts = 1>
ST_10 : Operation 543 [1/1] (1.01ns) (out node of the LUT)   --->   "%acc_12 = add i32 %select_ln90_6, i32 %acc_11" [bnn.cpp:90]   --->   Operation 543 'add' 'acc_12' <Predicate = (icmp_ln87_1)> <Delay = 1.01> <CoreInst = "Adder">   --->   Core 1 'Adder' <Latency = 0> <II = 1> <Delay = 1.01> <FuncUnit> <Opcode : 'add' 'sub'> <InPorts = 2> <OutPorts = 1>
ST_10 : Operation 544 [1/1] (0.44ns)   --->   "%acc_13 = select i1 %icmp_ln87_1, i32 %acc_12, i32 %acc_11" [bnn.cpp:87]   --->   Operation 544 'select' 'acc_13' <Predicate = true> <Delay = 0.44> <CoreInst = "Sel">   --->   Core 73 'Sel' <Latency = 0> <II = 1> <Delay = 0.44> <FuncUnit> <Opcode : 'select'> <InPorts = 3> <OutPorts = 1>
ST_10 : Operation 545 [1/1] (0.00ns) (grouped into LUT with out node acc_14)   --->   "%w_7 = trunc i32 %lshr_ln89_13" [bnn.cpp:89]   --->   Operation 545 'trunc' 'w_7' <Predicate = (!tmp_5)> <Delay = 0.00>
ST_10 : Operation 546 [1/1] (0.00ns) (grouped into LUT with out node acc_14)   --->   "%xor_ln90_7 = xor i1 %a_7, i1 %w_7" [bnn.cpp:90]   --->   Operation 546 'xor' 'xor_ln90_7' <Predicate = (!tmp_5)> <Delay = 0.00> <CoreInst = "LogicGate">   --->   Core 74 'LogicGate' <Latency = 0> <II = 1> <Delay = 0.28> <FuncUnit> <Opcode : 'and' 'or' 'xor'> <InPorts = 2> <OutPorts = 1>
ST_10 : Operation 547 [1/1] (0.00ns) (grouped into LUT with out node acc_14)   --->   "%select_ln90_7 = select i1 %xor_ln90_7, i32 4294967295, i32 1" [bnn.cpp:90]   --->   Operation 547 'select' 'select_ln90_7' <Predicate = (!tmp_5)> <Delay = 0.00> <CoreInst = "Sel">   --->   Core 73 'Sel' <Latency = 0> <II = 1> <Delay = 0.17> <FuncUnit> <Opcode : 'select'> <InPorts = 3> <OutPorts = 1>
ST_10 : Operation 548 [1/1] (1.01ns) (out node of the LUT)   --->   "%acc_14 = add i32 %select_ln90_7, i32 %acc_13" [bnn.cpp:90]   --->   Operation 548 'add' 'acc_14' <Predicate = (!tmp_5)> <Delay = 1.01> <CoreInst = "Adder">   --->   Core 1 'Adder' <Latency = 0> <II = 1> <Delay = 1.01> <FuncUnit> <Opcode : 'add' 'sub'> <InPorts = 2> <OutPorts = 1>
ST_10 : Operation 549 [1/1] (0.44ns)   --->   "%acc_15 = select i1 %tmp_5, i32 %acc_13, i32 %acc_14" [bnn.cpp:87]   --->   Operation 549 'select' 'acc_15' <Predicate = true> <Delay = 0.44> <CoreInst = "Sel">   --->   Core 73 'Sel' <Latency = 0> <II = 1> <Delay = 0.44> <FuncUnit> <Opcode : 'select'> <InPorts = 3> <OutPorts = 1>
ST_10 : Operation 550 [1/1] (0.00ns) (grouped into LUT with out node acc_16)   --->   "%w_8 = trunc i32 %lshr_ln89_15" [bnn.cpp:89]   --->   Operation 550 'trunc' 'w_8' <Predicate = true> <Delay = 0.00>
ST_10 : Operation 551 [1/1] (0.00ns) (grouped into LUT with out node acc_16)   --->   "%xor_ln90_8 = xor i1 %a_8, i1 %w_8" [bnn.cpp:90]   --->   Operation 551 'xor' 'xor_ln90_8' <Predicate = true> <Delay = 0.00> <CoreInst = "LogicGate">   --->   Core 74 'LogicGate' <Latency = 0> <II = 1> <Delay = 0.28> <FuncUnit> <Opcode : 'and' 'or' 'xor'> <InPorts = 2> <OutPorts = 1>
ST_10 : Operation 552 [1/1] (0.00ns) (grouped into LUT with out node acc_16)   --->   "%select_ln90_8 = select i1 %xor_ln90_8, i32 4294967295, i32 1" [bnn.cpp:90]   --->   Operation 552 'select' 'select_ln90_8' <Predicate = true> <Delay = 0.00> <CoreInst = "Sel">   --->   Core 73 'Sel' <Latency = 0> <II = 1> <Delay = 0.17> <FuncUnit> <Opcode : 'select'> <InPorts = 3> <OutPorts = 1>
ST_10 : Operation 553 [1/1] (1.01ns) (out node of the LUT)   --->   "%acc_16 = add i32 %select_ln90_8, i32 %acc_15" [bnn.cpp:90]   --->   Operation 553 'add' 'acc_16' <Predicate = true> <Delay = 1.01> <CoreInst = "Adder">   --->   Core 1 'Adder' <Latency = 0> <II = 1> <Delay = 1.01> <FuncUnit> <Opcode : 'add' 'sub'> <InPorts = 2> <OutPorts = 1>
ST_10 : Operation 554 [1/1] (0.44ns) (out node of the LUT)   --->   "%acc_17 = select i1 %tmp_13, i32 %acc_15, i32 %acc_16" [bnn.cpp:87]   --->   Operation 554 'select' 'acc_17' <Predicate = true> <Delay = 0.44> <CoreInst = "Sel">   --->   Core 73 'Sel' <Latency = 0> <II = 1> <Delay = 0.44> <FuncUnit> <Opcode : 'select'> <InPorts = 3> <OutPorts = 1>
ST_10 : Operation 555 [1/1] (0.00ns)   --->   "%zext_ln94_2 = zext i6 %tmp_25" [bnn.cpp:94]   --->   Operation 555 'zext' 'zext_ln94_2' <Predicate = true> <Delay = 0.00>
ST_10 : Operation 556 [1/9] (1.06ns)   --->   "%urem_ln94 = urem i5 %add_ln94, i5 5" [bnn.cpp:94]   --->   Operation 556 'urem' 'urem_ln94' <Predicate = true> <Delay = 1.06> <CoreInst = "Divider">   --->   Core 6 'Divider' <Latency = 8> <II = 1> <Delay = 1.06> <FuncUnit> <Opcode : 'udiv' 'sdiv' 'urem' 'srem'> <InPorts = 2> <OutPorts = 1>
ST_10 : Operation 557 [1/1] (0.00ns)   --->   "%trunc_ln94_1 = trunc i3 %urem_ln94" [bnn.cpp:94]   --->   Operation 557 'trunc' 'trunc_ln94_1' <Predicate = true> <Delay = 0.00>
ST_10 : Operation 558 [1/1] (0.00ns)   --->   "%bnn_top_int_const_unsigned_int_const_int_const_unsigned_int_const_int_co_213 = getelementptr i32 %bnn_top_int_const_unsigned_int_const_int_const_unsigned_int_const_int_co_4, i64 0, i64 %zext_ln94_2" [bnn.cpp:94]   --->   Operation 558 'getelementptr' 'bnn_top_int_const_unsigned_int_const_int_const_unsigned_int_const_int_co_213' <Predicate = true> <Delay = 0.00>
ST_10 : Operation 559 [1/1] (0.00ns)   --->   "%bnn_top_int_const_unsigned_int_const_int_const_unsigned_int_const_int_co_214 = getelementptr i32 %bnn_top_int_const_unsigned_int_const_int_const_unsigned_int_const_int_co_3, i64 0, i64 %zext_ln94_2" [bnn.cpp:94]   --->   Operation 559 'getelementptr' 'bnn_top_int_const_unsigned_int_const_int_const_unsigned_int_const_int_co_214' <Predicate = true> <Delay = 0.00>
ST_10 : Operation 560 [1/1] (0.00ns)   --->   "%bnn_top_int_const_unsigned_int_const_int_const_unsigned_int_const_int_co_215 = getelementptr i32 %bnn_top_int_const_unsigned_int_const_int_const_unsigned_int_const_int_co_2, i64 0, i64 %zext_ln94_2" [bnn.cpp:94]   --->   Operation 560 'getelementptr' 'bnn_top_int_const_unsigned_int_const_int_const_unsigned_int_const_int_co_215' <Predicate = true> <Delay = 0.00>
ST_10 : Operation 561 [1/1] (0.00ns)   --->   "%bnn_top_int_const_unsigned_int_const_int_const_unsigned_int_const_int_co_216 = getelementptr i32 %bnn_top_int_const_unsigned_int_const_int_const_unsigned_int_const_int_co_1, i64 0, i64 %zext_ln94_2" [bnn.cpp:94]   --->   Operation 561 'getelementptr' 'bnn_top_int_const_unsigned_int_const_int_const_unsigned_int_const_int_co_216' <Predicate = true> <Delay = 0.00>
ST_10 : Operation 562 [1/1] (0.00ns)   --->   "%bnn_top_int_const_unsigned_int_const_int_const_unsigned_int_const_int_co_217 = getelementptr i32 %bnn_top_int_const_unsigned_int_const_int_const_unsigned_int_const_int_co, i64 0, i64 %zext_ln94_2" [bnn.cpp:94]   --->   Operation 562 'getelementptr' 'bnn_top_int_const_unsigned_int_const_int_const_unsigned_int_const_int_co_217' <Predicate = true> <Delay = 0.00>
ST_10 : Operation 563 [1/1] (0.67ns)   --->   "%switch_ln94 = switch i3 %trunc_ln94_1, void %arrayidx204.case.4, i3 0, void %arrayidx204.case.0, i3 1, void %arrayidx204.case.1, i3 2, void %arrayidx204.case.2, i3 3, void %arrayidx204.case.3" [bnn.cpp:94]   --->   Operation 563 'switch' 'switch_ln94' <Predicate = (icmp_ln82_1)> <Delay = 0.67>
ST_10 : Operation 564 [1/1] ( I:1.23ns O:1.23ns )   --->   "%store_ln94 = store i32 %acc_17, i8 %bnn_top_int_const_unsigned_int_const_int_const_unsigned_int_const_int_co_216" [bnn.cpp:94]   --->   Operation 564 'store' 'store_ln94' <Predicate = (icmp_ln82_1 & trunc_ln94_1 == 3)> <Delay = 1.23> <CoreInst = "RAM">   --->   Core 82 'RAM' <Latency = 1> <II = 1> <Delay = 1.23> <Storage> <Opcode : 'load' 'store'> <Ports = 2> <Width = 32> <Depth = 205> <RAM>
ST_10 : Operation 565 [1/1] (0.00ns)   --->   "%br_ln94 = br void %arrayidx204.exit" [bnn.cpp:94]   --->   Operation 565 'br' 'br_ln94' <Predicate = (icmp_ln82_1 & trunc_ln94_1 == 3)> <Delay = 0.00>
ST_10 : Operation 566 [1/1] ( I:1.23ns O:1.23ns )   --->   "%store_ln94 = store i32 %acc_17, i8 %bnn_top_int_const_unsigned_int_const_int_const_unsigned_int_const_int_co_215" [bnn.cpp:94]   --->   Operation 566 'store' 'store_ln94' <Predicate = (icmp_ln82_1 & trunc_ln94_1 == 2)> <Delay = 1.23> <CoreInst = "RAM">   --->   Core 82 'RAM' <Latency = 1> <II = 1> <Delay = 1.23> <Storage> <Opcode : 'load' 'store'> <Ports = 2> <Width = 32> <Depth = 205> <RAM>
ST_10 : Operation 567 [1/1] (0.00ns)   --->   "%br_ln94 = br void %arrayidx204.exit" [bnn.cpp:94]   --->   Operation 567 'br' 'br_ln94' <Predicate = (icmp_ln82_1 & trunc_ln94_1 == 2)> <Delay = 0.00>
ST_10 : Operation 568 [1/1] ( I:1.23ns O:1.23ns )   --->   "%store_ln94 = store i32 %acc_17, i8 %bnn_top_int_const_unsigned_int_const_int_const_unsigned_int_const_int_co_214" [bnn.cpp:94]   --->   Operation 568 'store' 'store_ln94' <Predicate = (icmp_ln82_1 & trunc_ln94_1 == 1)> <Delay = 1.23> <CoreInst = "RAM">   --->   Core 82 'RAM' <Latency = 1> <II = 1> <Delay = 1.23> <Storage> <Opcode : 'load' 'store'> <Ports = 2> <Width = 32> <Depth = 205> <RAM>
ST_10 : Operation 569 [1/1] (0.00ns)   --->   "%br_ln94 = br void %arrayidx204.exit" [bnn.cpp:94]   --->   Operation 569 'br' 'br_ln94' <Predicate = (icmp_ln82_1 & trunc_ln94_1 == 1)> <Delay = 0.00>
ST_10 : Operation 570 [1/1] ( I:1.23ns O:1.23ns )   --->   "%store_ln94 = store i32 %acc_17, i8 %bnn_top_int_const_unsigned_int_const_int_const_unsigned_int_const_int_co_213" [bnn.cpp:94]   --->   Operation 570 'store' 'store_ln94' <Predicate = (icmp_ln82_1 & trunc_ln94_1 == 0)> <Delay = 1.23> <CoreInst = "RAM">   --->   Core 82 'RAM' <Latency = 1> <II = 1> <Delay = 1.23> <Storage> <Opcode : 'load' 'store'> <Ports = 2> <Width = 32> <Depth = 205> <RAM>
ST_10 : Operation 571 [1/1] (0.00ns)   --->   "%br_ln94 = br void %arrayidx204.exit" [bnn.cpp:94]   --->   Operation 571 'br' 'br_ln94' <Predicate = (icmp_ln82_1 & trunc_ln94_1 == 0)> <Delay = 0.00>
ST_10 : Operation 572 [1/1] ( I:1.23ns O:1.23ns )   --->   "%store_ln94 = store i32 %acc_17, i8 %bnn_top_int_const_unsigned_int_const_int_const_unsigned_int_const_int_co_217" [bnn.cpp:94]   --->   Operation 572 'store' 'store_ln94' <Predicate = (icmp_ln82_1 & trunc_ln94_1 != 0 & trunc_ln94_1 != 1 & trunc_ln94_1 != 2 & trunc_ln94_1 != 3)> <Delay = 1.23> <CoreInst = "RAM">   --->   Core 82 'RAM' <Latency = 1> <II = 1> <Delay = 1.23> <Storage> <Opcode : 'load' 'store'> <Ports = 2> <Width = 32> <Depth = 205> <RAM>
ST_10 : Operation 573 [1/1] (0.00ns)   --->   "%br_ln94 = br void %arrayidx204.exit" [bnn.cpp:94]   --->   Operation 573 'br' 'br_ln94' <Predicate = (icmp_ln82_1 & trunc_ln94_1 != 0 & trunc_ln94_1 != 1 & trunc_ln94_1 != 2 & trunc_ln94_1 != 3)> <Delay = 0.00>
ST_10 : Operation 574 [1/1] (0.42ns)   --->   "%store_ln81 = store i32 %acc_17, i32 %acc" [bnn.cpp:81]   --->   Operation 574 'store' 'store_ln81' <Predicate = true> <Delay = 0.42>
ST_10 : Operation 575 [1/1] (0.00ns)   --->   "%br_ln82 = br void %VITIS_LOOP_84_12" [bnn.cpp:82]   --->   Operation 575 'br' 'br_ln82' <Predicate = true> <Delay = 0.00>


============================================================
+ Verbose Summary: Timing violations
============================================================
Target clock period: 10.000ns, clock uncertainty: 2.700ns.

 <State 1>: 0.427ns
The critical path consists of the following:
	'alloca' operation 14 bit ('indvar_flatten29') [22]  (0.000 ns)
	'store' operation ('store_ln0') of constant 0 14 bit on local variable 'indvar_flatten29' [26]  (0.427 ns)

 <State 2>: 4.268ns
The critical path consists of the following:
	'load' operation 11 bit ('indvar_flatten13_load', bnn.cpp:80) on local variable 'indvar_flatten13' [34]  (0.000 ns)
	'icmp' operation 1 bit ('icmp_ln80', bnn.cpp:80) [46]  (0.798 ns)
	'select' operation 5 bit ('select_ln79', bnn.cpp:79) [47]  (0.414 ns)
	'add' operation 5 bit ('add_ln86_4', bnn.cpp:86) [57]  (0.789 ns)
	'select' operation 5 bit ('select_ln80', bnn.cpp:80) [63]  (0.414 ns)
	'add' operation 5 bit ('add_ln94', bnn.cpp:94) [449]  (0.789 ns)
	'urem' operation 3 bit ('urem_ln94', bnn.cpp:94) [456]  (1.064 ns)

 <State 3>: 2.177ns
The critical path consists of the following:
	'add' operation 5 bit ('add_ln89_2', bnn.cpp:89) [177]  (0.789 ns)
	'lshr' operation 32 bit ('lshr_ln89_1', bnn.cpp:89) [179]  (1.388 ns)

 <State 4>: 2.177ns
The critical path consists of the following:
	'add' operation 5 bit ('add_ln89_4', bnn.cpp:89) [214]  (0.789 ns)
	'lshr' operation 32 bit ('lshr_ln89_3', bnn.cpp:89) [216]  (1.388 ns)

 <State 5>: 3.611ns
The critical path consists of the following:
	'add' operation 5 bit ('add_ln86_1', bnn.cpp:86) [80]  (0.789 ns)
	'add' operation 9 bit ('add_ln88_8', bnn.cpp:88) [333]  (0.765 ns)
	'add' operation 13 bit ('add_ln88_10', bnn.cpp:88) [336]  (0.820 ns)
	'getelementptr' operation 10 bit ('bnn_top_int_const_unsigned_int_const_int_const_unsigned_int_const_int_co_165', bnn.cpp:88) [339]  (0.000 ns)
	'load' operation 1 bit ('bnn_top_int_const_unsigned_int_const_int_const_unsigned_int_const_int_co_173', bnn.cpp:88) on array 'bnn_top_int_const_unsigned_int_const_int_const_unsigned_int_const_int_co_20' [347]  (1.237 ns)

 <State 6>: 2.177ns
The critical path consists of the following:
	'add' operation 5 bit ('add_ln89_12', bnn.cpp:89) [365]  (0.789 ns)
	'lshr' operation 32 bit ('lshr_ln89_11', bnn.cpp:89) [367]  (1.388 ns)

 <State 7>: 2.881ns
The critical path consists of the following:
	'add' operation 13 bit ('add_ln88_2', bnn.cpp:88) [111]  (0.824 ns)
	'add' operation 13 bit ('add_ln88_3', bnn.cpp:88) [113]  (0.820 ns)
	'getelementptr' operation 10 bit ('bnn_top_int_const_unsigned_int_const_int_const_unsigned_int_const_int_co_69', bnn.cpp:88) [116]  (0.000 ns)
	'load' operation 1 bit ('bnn_top_int_const_unsigned_int_const_int_const_unsigned_int_const_int_co_77', bnn.cpp:88) on array 'bnn_top_int_const_unsigned_int_const_int_const_unsigned_int_const_int_co_20' [124]  (1.237 ns)

 <State 8>: 4.888ns
The critical path consists of the following:
	'load' operation 1 bit ('bnn_top_int_const_unsigned_int_const_int_const_unsigned_int_const_int_co_77', bnn.cpp:88) on array 'bnn_top_int_const_unsigned_int_const_int_const_unsigned_int_const_int_co_20' [124]  (1.237 ns)
	'sparsemux' operation 1 bit ('a', bnn.cpp:88) [132]  (0.721 ns)
	'xor' operation 1 bit ('xor_ln90', bnn.cpp:90) [144]  (0.000 ns)
	'select' operation 32 bit ('select_ln90', bnn.cpp:90) [145]  (0.000 ns)
	'add' operation 32 bit ('acc', bnn.cpp:90) [146]  (1.016 ns)
	'select' operation 32 bit ('acc', bnn.cpp:87) [147]  (0.449 ns)
	'add' operation 32 bit ('acc', bnn.cpp:90) [183]  (1.016 ns)
	'select' operation 32 bit ('acc', bnn.cpp:87) [184]  (0.449 ns)

 <State 9>: 6.920ns
The critical path consists of the following:
	'load' operation 1 bit ('bnn_top_int_const_unsigned_int_const_int_const_unsigned_int_const_int_co_109', bnn.cpp:88) on array 'bnn_top_int_const_unsigned_int_const_int_const_unsigned_int_const_int_co_20' [196]  (1.237 ns)
	'sparsemux' operation 1 bit ('a', bnn.cpp:88) [204]  (0.721 ns)
	'xor' operation 1 bit ('xor_ln90_2', bnn.cpp:90) [218]  (0.000 ns)
	'select' operation 32 bit ('select_ln90_2', bnn.cpp:90) [219]  (0.000 ns)
	'add' operation 32 bit ('acc', bnn.cpp:90) [220]  (1.016 ns)
	'select' operation 32 bit ('acc', bnn.cpp:87) [221]  (0.449 ns)
	'add' operation 32 bit ('acc', bnn.cpp:90) [258]  (1.016 ns)
	'select' operation 32 bit ('acc', bnn.cpp:87) [259]  (0.000 ns)
	'add' operation 32 bit ('acc', bnn.cpp:90) [296]  (1.016 ns)
	'add' operation 32 bit ('acc', bnn.cpp:90) [331]  (1.016 ns)
	'select' operation 32 bit ('acc', bnn.cpp:87) [332]  (0.449 ns)

 <State 10>: 5.632ns
The critical path consists of the following:
	'xor' operation 1 bit ('xor_ln90_6', bnn.cpp:90) [369]  (0.000 ns)
	'select' operation 32 bit ('select_ln90_6', bnn.cpp:90) [370]  (0.000 ns)
	'add' operation 32 bit ('acc', bnn.cpp:90) [371]  (1.016 ns)
	'select' operation 32 bit ('acc', bnn.cpp:87) [372]  (0.449 ns)
	'add' operation 32 bit ('acc', bnn.cpp:90) [409]  (1.016 ns)
	'select' operation 32 bit ('acc', bnn.cpp:87) [410]  (0.449 ns)
	'add' operation 32 bit ('acc', bnn.cpp:90) [445]  (1.016 ns)
	'select' operation 32 bit ('acc', bnn.cpp:87) [446]  (0.449 ns)
	'store' operation ('store_ln94', bnn.cpp:94) of variable 'acc', bnn.cpp:87 32 bit on array 'bnn_top_int_const_unsigned_int_const_int_const_unsigned_int_const_int_co_1' [467]  (1.237 ns)


============================================================
+ Verbose Summary: Binding
============================================================
N/A
* FSMD analyzer results:
  - Output states:
 - Input state : 
  - Chain level:
	State 1
	State 2
	State 3
	State 4
	State 5
	State 6
	State 7
	State 8
	State 9
	State 10


============================================================
+ Verbose Summary: Datapath Resource usage 
============================================================
N/A
