

================================================================
== Vitis HLS Report for 'bnn_top_Pipeline_VITIS_LOOP_110_17_VITIS_LOOP_111_18_VITIS_LOOP_113_19'
================================================================
* Date:           Mon Aug 24 01:28:42 2026

* Version:        2025.2 (Build 6295257 on Nov 12 2025)
* Project:        bnn_hls
* Solution:       sol1 (Vivado IP Flow Target)
* Product family: zynquplus
* Target device:  xczu7ev-ffvc1156-2-e


================================================================
== Performance Estimates
================================================================
+ Timing: 
    * Summary: 
    +--------+----------+----------+------------+
    |  Clock |  Target  | Estimated| Uncertainty|
    +--------+----------+----------+------------+
    |ap_clk  |  10.00 ns|  6.360 ns|     2.70 ns|
    +--------+----------+----------+------------+

+ Latency: 
    * Summary: 
    +---------+---------+----------+----------+-----+-----+-------------------+
    |  Latency (cycles) |  Latency (absolute) |  Interval |      Pipeline     |
    |   min   |   max   |    min   |    max   | min | max |        Type       |
    +---------+---------+----------+----------+-----+-----+-------------------+
    |    20485|    20485|  0.205 ms|  0.205 ms|    0|    0|  loop pipeline stp|
    +---------+---------+----------+----------+-----+-----+-------------------+

    + Detail: 
        * Instance: 
        N/A

        * Loop: 
        +---------------------------------------------------------+---------+---------+----------+-----------+-----------+------+----------+
        |                                                         |  Latency (cycles) | Iteration|  Initiation Interval  | Trip |          |
        |                        Loop Name                        |   min   |   max   |  Latency |  achieved |   target  | Count| Pipelined|
        +---------------------------------------------------------+---------+---------+----------+-----------+-----------+------+----------+
        |- VITIS_LOOP_110_17_VITIS_LOOP_111_18_VITIS_LOOP_113_19  |    20483|    20483|         9|          5|          1|  4096|       yes|
        +---------------------------------------------------------+---------+---------+----------+-----------+-----------+------+----------+

============================================================
+ Verbose Summary: Synthesis Manager
============================================================
InlineROM: 1
ExposeGlobal: 0
============================================================
+ Verbose Summary: CDFG Model
============================================================
IsTopModel: 0
ResetActiveHigh: 1
IsCombinational: 0
IsDatapathOnly: 0
HasWiredReturn: 1
HasMFsm: 2
HasVarLatency: 1
IsPipeline: 0
IsRtlPipelined: 0
IsInstanceOverlapped: 0
IsDontTouch: 0
HasImplIP: 0
IsGatedGlobalClock: 0

+ Individual pipeline summary: 
  * Pipeline-0: initiation interval (II) = 5, depth = 10


============================================================
+ Verbose Summary: Schedule
============================================================
* Number of FSM states : 10
* Pipeline : 1
  Pipeline-0 : II = 5, D = 10, States = { 1 2 3 4 5 6 7 8 9 10 }
* Dataflow Pipeline: 0

* FSM state transitions: 
1 --> 2 
2 --> 3 
3 --> 4 
4 --> 5 
5 --> 6 
6 --> 7 
7 --> 8 
8 --> 9 
9 --> 10 
10 --> 

* FSM state operations: 

State 1 <SV = 0> <Delay = 0.42>
ST_1 : Operation 12 [1/1] (0.00ns)   --->   "%acc_27 = alloca i32 1" [bnn.cpp:112]   --->   Operation 12 'alloca' 'acc_27' <Predicate = true> <Delay = 0.00>
ST_1 : Operation 13 [1/1] (0.00ns)   --->   "%ci = alloca i32 1" [bnn.cpp:113]   --->   Operation 13 'alloca' 'ci' <Predicate = true> <Delay = 0.00>
ST_1 : Operation 14 [1/1] (0.00ns)   --->   "%ow = alloca i32 1" [bnn.cpp:111]   --->   Operation 14 'alloca' 'ow' <Predicate = true> <Delay = 0.00>
ST_1 : Operation 15 [1/1] (0.00ns)   --->   "%indvar_flatten43 = alloca i32 1"   --->   Operation 15 'alloca' 'indvar_flatten43' <Predicate = true> <Delay = 0.00>
ST_1 : Operation 16 [1/1] (0.00ns)   --->   "%oh = alloca i32 1" [bnn.cpp:110]   --->   Operation 16 'alloca' 'oh' <Predicate = true> <Delay = 0.00>
ST_1 : Operation 17 [1/1] (0.00ns)   --->   "%indvar_flatten59 = alloca i32 1"   --->   Operation 17 'alloca' 'indvar_flatten59' <Predicate = true> <Delay = 0.00>
ST_1 : Operation 18 [1/1] (0.00ns)   --->   "%specinterface_ln0 = specinterface void @_ssdm_op_SpecInterface, i32 %W3_1, void @empty_5, i32 0, i32 0, void @empty_2, i32 4294967295, i32 0, void @empty_2, void @empty_2, void @empty_2, i32 0, i32 0, i32 0, i32 0, void @empty_2, void @empty_2, i32 4294967295, i32 0, i32 0, i32 0"   --->   Operation 18 'specinterface' 'specinterface_ln0' <Predicate = true> <Delay = 0.00>
ST_1 : Operation 19 [1/1] (0.00ns)   --->   "%specinterface_ln0 = specinterface void @_ssdm_op_SpecInterface, i32 %W3_0, void @empty_5, i32 0, i32 0, void @empty_2, i32 4294967295, i32 0, void @empty_2, void @empty_2, void @empty_2, i32 0, i32 0, i32 0, i32 0, void @empty_2, void @empty_2, i32 4294967295, i32 0, i32 0, i32 0"   --->   Operation 19 'specinterface' 'specinterface_ln0' <Predicate = true> <Delay = 0.00>
ST_1 : Operation 20 [1/1] (0.00ns)   --->   "%mul_ln110_read = read i16 @_ssdm_op_Read.ap_auto.i16, i16 %mul_ln110"   --->   Operation 20 'read' 'mul_ln110_read' <Predicate = true> <Delay = 0.00>
ST_1 : Operation 21 [1/1] (0.42ns)   --->   "%store_ln0 = store i13 0, i13 %indvar_flatten59"   --->   Operation 21 'store' 'store_ln0' <Predicate = true> <Delay = 0.42>
ST_1 : Operation 22 [1/1] (0.42ns)   --->   "%store_ln110 = store i4 0, i4 %oh" [bnn.cpp:110]   --->   Operation 22 'store' 'store_ln110' <Predicate = true> <Delay = 0.42>
ST_1 : Operation 23 [1/1] (0.42ns)   --->   "%store_ln0 = store i11 0, i11 %indvar_flatten43"   --->   Operation 23 'store' 'store_ln0' <Predicate = true> <Delay = 0.42>
ST_1 : Operation 24 [1/1] (0.42ns)   --->   "%store_ln111 = store i4 0, i4 %ow" [bnn.cpp:111]   --->   Operation 24 'store' 'store_ln111' <Predicate = true> <Delay = 0.42>
ST_1 : Operation 25 [1/1] (0.42ns)   --->   "%store_ln113 = store i7 0, i7 %ci" [bnn.cpp:113]   --->   Operation 25 'store' 'store_ln113' <Predicate = true> <Delay = 0.42>
ST_1 : Operation 26 [1/1] (0.42ns)   --->   "%store_ln112 = store i32 0, i32 %acc_27" [bnn.cpp:112]   --->   Operation 26 'store' 'store_ln112' <Predicate = true> <Delay = 0.42>
ST_1 : Operation 27 [1/1] (0.00ns)   --->   "%br_ln0 = br void %VITIS_LOOP_115_20"   --->   Operation 27 'br' 'br_ln0' <Predicate = true> <Delay = 0.00>

State 2 <SV = 1> <Delay = 5.40>
ST_2 : Operation 28 [1/1] (0.00ns)   --->   "%indvar_flatten43_load = load i11 %indvar_flatten43" [bnn.cpp:111]   --->   Operation 28 'load' 'indvar_flatten43_load' <Predicate = true> <Delay = 0.00>
ST_2 : Operation 29 [1/1] (0.00ns)   --->   "%indvar_flatten59_load = load i13 %indvar_flatten59" [bnn.cpp:110]   --->   Operation 29 'load' 'indvar_flatten59_load' <Predicate = true> <Delay = 0.00>
ST_2 : Operation 30 [1/1] (0.82ns)   --->   "%icmp_ln110 = icmp_eq  i13 %indvar_flatten59_load, i13 4096" [bnn.cpp:110]   --->   Operation 30 'icmp' 'icmp_ln110' <Predicate = true> <Delay = 0.82> <CoreInst = "Cmp">   --->   Core 9 'Cmp' <Latency = 0> <II = 1> <Delay = 0.82> <FuncUnit> <Opcode : 'seteq' 'setne' 'setle' 'setge' 'setlt' 'setgt'> <InPorts = 2> <OutPorts = 1>
ST_2 : Operation 31 [1/1] (0.82ns)   --->   "%add_ln110 = add i13 %indvar_flatten59_load, i13 1" [bnn.cpp:110]   --->   Operation 31 'add' 'add_ln110' <Predicate = true> <Delay = 0.82> <CoreInst = "Adder">   --->   Core 1 'Adder' <Latency = 0> <II = 1> <Delay = 0.82> <FuncUnit> <Opcode : 'add' 'sub'> <InPorts = 2> <OutPorts = 1>
ST_2 : Operation 32 [1/1] (0.00ns)   --->   "%br_ln110 = br i1 %icmp_ln110, void %for.inc375, void %VITIS_LOOP_127_22.exitStub" [bnn.cpp:110]   --->   Operation 32 'br' 'br_ln110' <Predicate = true> <Delay = 0.00>
ST_2 : Operation 33 [1/1] (0.00ns)   --->   "%ci_load = load i7 %ci" [bnn.cpp:113]   --->   Operation 33 'load' 'ci_load' <Predicate = (!icmp_ln110)> <Delay = 0.00>
ST_2 : Operation 34 [1/1] (0.00ns)   --->   "%ow_load = load i4 %ow" [bnn.cpp:117]   --->   Operation 34 'load' 'ow_load' <Predicate = (!icmp_ln110)> <Delay = 0.00>
ST_2 : Operation 35 [1/1] (0.00ns)   --->   "%oh_load = load i4 %oh" [bnn.cpp:117]   --->   Operation 35 'load' 'oh_load' <Predicate = (!icmp_ln110)> <Delay = 0.00>
ST_2 : Operation 36 [1/1] (0.79ns)   --->   "%icmp_ln111 = icmp_eq  i11 %indvar_flatten43_load, i11 512" [bnn.cpp:111]   --->   Operation 36 'icmp' 'icmp_ln111' <Predicate = (!icmp_ln110)> <Delay = 0.79> <CoreInst = "Cmp">   --->   Core 9 'Cmp' <Latency = 0> <II = 1> <Delay = 0.79> <FuncUnit> <Opcode : 'seteq' 'setne' 'setle' 'setge' 'setlt' 'setgt'> <InPorts = 2> <OutPorts = 1>
ST_2 : Operation 37 [1/1] (0.39ns)   --->   "%select_ln110 = select i1 %icmp_ln111, i4 0, i4 %ow_load" [bnn.cpp:110]   --->   Operation 37 'select' 'select_ln110' <Predicate = (!icmp_ln110)> <Delay = 0.39> <CoreInst = "Sel">   --->   Core 73 'Sel' <Latency = 0> <II = 1> <Delay = 0.39> <FuncUnit> <Opcode : 'select'> <InPorts = 3> <OutPorts = 1>
ST_2 : Operation 38 [1/1] (0.79ns)   --->   "%add_ln117 = add i4 %oh_load, i4 2" [bnn.cpp:117]   --->   Operation 38 'add' 'add_ln117' <Predicate = (!icmp_ln110)> <Delay = 0.79> <CoreInst = "Adder">   --->   Core 1 'Adder' <Latency = 0> <II = 1> <Delay = 0.79> <FuncUnit> <Opcode : 'add' 'sub'> <InPorts = 2> <OutPorts = 1>
ST_2 : Operation 39 [1/1] (0.79ns)   --->   "%add_ln117_2 = add i4 %oh_load, i4 1" [bnn.cpp:117]   --->   Operation 39 'add' 'add_ln117_2' <Predicate = (!icmp_ln110)> <Delay = 0.79> <CoreInst = "Adder">   --->   Core 1 'Adder' <Latency = 0> <II = 1> <Delay = 0.79> <FuncUnit> <Opcode : 'add' 'sub'> <InPorts = 2> <OutPorts = 1>
ST_2 : Operation 40 [1/1] (0.39ns)   --->   "%select_ln110_1 = select i1 %icmp_ln111, i4 %add_ln117, i4 %add_ln117_2" [bnn.cpp:110]   --->   Operation 40 'select' 'select_ln110_1' <Predicate = (!icmp_ln110)> <Delay = 0.39> <CoreInst = "Sel">   --->   Core 73 'Sel' <Latency = 0> <II = 1> <Delay = 0.39> <FuncUnit> <Opcode : 'select'> <InPorts = 3> <OutPorts = 1>
ST_2 : Operation 41 [1/1] (0.79ns)   --->   "%add_ln117_3 = add i4 %ow_load, i4 1" [bnn.cpp:117]   --->   Operation 41 'add' 'add_ln117_3' <Predicate = (!icmp_ln110)> <Delay = 0.79> <CoreInst = "Adder">   --->   Core 1 'Adder' <Latency = 0> <II = 1> <Delay = 0.79> <FuncUnit> <Opcode : 'add' 'sub'> <InPorts = 2> <OutPorts = 1>
ST_2 : Operation 42 [1/1] (0.00ns) (grouped into LUT with out node add_ln117_2_mid2)   --->   "%select_ln110_2 = select i1 %icmp_ln111, i4 1, i4 %add_ln117_3" [bnn.cpp:110]   --->   Operation 42 'select' 'select_ln110_2' <Predicate = (!icmp_ln110)> <Delay = 0.00> <CoreInst = "Sel">   --->   Core 73 'Sel' <Latency = 0> <II = 1> <Delay = 0.39> <FuncUnit> <Opcode : 'select'> <InPorts = 3> <OutPorts = 1>
ST_2 : Operation 43 [1/1] (0.00ns) (grouped into LUT with out node and_ln110)   --->   "%xor_ln110 = xor i1 %icmp_ln111, i1 1" [bnn.cpp:110]   --->   Operation 43 'xor' 'xor_ln110' <Predicate = (!icmp_ln110)> <Delay = 0.00> <CoreInst = "LogicGate">   --->   Core 74 'LogicGate' <Latency = 0> <II = 1> <Delay = 0.28> <FuncUnit> <Opcode : 'and' 'or' 'xor'> <InPorts = 2> <OutPorts = 1>
ST_2 : Operation 44 [1/1] (0.77ns)   --->   "%icmp_ln113 = icmp_eq  i7 %ci_load, i7 64" [bnn.cpp:113]   --->   Operation 44 'icmp' 'icmp_ln113' <Predicate = (!icmp_ln110)> <Delay = 0.77> <CoreInst = "Cmp">   --->   Core 9 'Cmp' <Latency = 0> <II = 1> <Delay = 0.77> <FuncUnit> <Opcode : 'seteq' 'setne' 'setle' 'setge' 'setlt' 'setgt'> <InPorts = 2> <OutPorts = 1>
ST_2 : Operation 45 [1/1] (0.28ns) (out node of the LUT)   --->   "%and_ln110 = and i1 %icmp_ln113, i1 %xor_ln110" [bnn.cpp:110]   --->   Operation 45 'and' 'and_ln110' <Predicate = (!icmp_ln110)> <Delay = 0.28> <CoreInst = "LogicGate">   --->   Core 74 'LogicGate' <Latency = 0> <II = 1> <Delay = 0.28> <FuncUnit> <Opcode : 'and' 'or' 'xor'> <InPorts = 2> <OutPorts = 1>
ST_2 : Operation 46 [1/1] (0.39ns)   --->   "%select_ln110_3 = select i1 %icmp_ln111, i4 %add_ln117_2, i4 %oh_load" [bnn.cpp:110]   --->   Operation 46 'select' 'select_ln110_3' <Predicate = (!icmp_ln110)> <Delay = 0.39> <CoreInst = "Sel">   --->   Core 73 'Sel' <Latency = 0> <II = 1> <Delay = 0.39> <FuncUnit> <Opcode : 'select'> <InPorts = 3> <OutPorts = 1>
ST_2 : Operation 47 [1/1] (0.79ns)   --->   "%add_ln117_4 = add i4 %select_ln110, i4 1" [bnn.cpp:117]   --->   Operation 47 'add' 'add_ln117_4' <Predicate = (!icmp_ln110)> <Delay = 0.79> <CoreInst = "Adder">   --->   Core 1 'Adder' <Latency = 0> <II = 1> <Delay = 0.79> <FuncUnit> <Opcode : 'add' 'sub'> <InPorts = 2> <OutPorts = 1>
ST_2 : Operation 48 [1/1] (0.28ns)   --->   "%empty = or i1 %and_ln110, i1 %icmp_ln111" [bnn.cpp:110]   --->   Operation 48 'or' 'empty' <Predicate = (!icmp_ln110)> <Delay = 0.28> <CoreInst = "LogicGate">   --->   Core 74 'LogicGate' <Latency = 0> <II = 1> <Delay = 0.28> <FuncUnit> <Opcode : 'and' 'or' 'xor'> <InPorts = 2> <OutPorts = 1>
ST_2 : Operation 49 [1/1] (0.36ns)   --->   "%ci_1_mid2 = select i1 %empty, i7 0, i7 %ci_load" [bnn.cpp:110]   --->   Operation 49 'select' 'ci_1_mid2' <Predicate = (!icmp_ln110)> <Delay = 0.36> <CoreInst = "Sel">   --->   Core 73 'Sel' <Latency = 0> <II = 1> <Delay = 0.36> <FuncUnit> <Opcode : 'select'> <InPorts = 3> <OutPorts = 1>
ST_2 : Operation 50 [1/1] (0.79ns)   --->   "%add_ln117_5 = add i4 %select_ln110, i4 2" [bnn.cpp:117]   --->   Operation 50 'add' 'add_ln117_5' <Predicate = (!icmp_ln110)> <Delay = 0.79> <CoreInst = "Adder">   --->   Core 1 'Adder' <Latency = 0> <II = 1> <Delay = 0.79> <FuncUnit> <Opcode : 'add' 'sub'> <InPorts = 2> <OutPorts = 1>
ST_2 : Operation 51 [1/1] (0.39ns) (out node of the LUT)   --->   "%add_ln117_2_mid2 = select i1 %and_ln110, i4 %add_ln117_5, i4 %select_ln110_2" [bnn.cpp:110]   --->   Operation 51 'select' 'add_ln117_2_mid2' <Predicate = (!icmp_ln110)> <Delay = 0.39> <CoreInst = "Sel">   --->   Core 73 'Sel' <Latency = 0> <II = 1> <Delay = 0.39> <FuncUnit> <Opcode : 'select'> <InPorts = 3> <OutPorts = 1>
ST_2 : Operation 52 [1/1] (0.39ns)   --->   "%select_ln111 = select i1 %and_ln110, i4 %add_ln117_4, i4 %select_ln110" [bnn.cpp:111]   --->   Operation 52 'select' 'select_ln111' <Predicate = (!icmp_ln110)> <Delay = 0.39> <CoreInst = "Sel">   --->   Core 73 'Sel' <Latency = 0> <II = 1> <Delay = 0.39> <FuncUnit> <Opcode : 'select'> <InPorts = 3> <OutPorts = 1>
ST_2 : Operation 53 [1/1] (0.00ns)   --->   "%zext_ln118 = zext i4 %select_ln110_3" [bnn.cpp:118]   --->   Operation 53 'zext' 'zext_ln118' <Predicate = (!icmp_ln110)> <Delay = 0.00>
ST_2 : Operation 54 [1/1] (0.00ns)   --->   "%zext_ln125 = zext i4 %select_ln110_3" [bnn.cpp:125]   --->   Operation 54 'zext' 'zext_ln125' <Predicate = (!icmp_ln110)> <Delay = 0.00>
ST_2 : Operation 55 [1/1] (0.00ns)   --->   "%trunc_ln125 = trunc i4 %select_ln110_3" [bnn.cpp:125]   --->   Operation 55 'trunc' 'trunc_ln125' <Predicate = (!icmp_ln110)> <Delay = 0.00>
ST_2 : Operation 56 [1/1] (0.00ns)   --->   "%p_shl1 = bitconcatenate i5 @_ssdm_op_BitConcatenate.i5.i3.i2, i3 %trunc_ln125, i2 0" [bnn.cpp:125]   --->   Operation 56 'bitconcatenate' 'p_shl1' <Predicate = (!icmp_ln110)> <Delay = 0.00>
ST_2 : Operation 57 [1/1] (0.00ns) (grouped into TernaryAdder)   --->   "%sub_ln125 = sub i5 %p_shl1, i5 %zext_ln125" [bnn.cpp:125]   --->   Operation 57 'sub' 'sub_ln125' <Predicate = (!icmp_ln110)> <Delay = 0.00> <CoreInst = "TAddSub">   --->   Core 10 'TAddSub' <Latency = 0> <II = 1> <Delay = 0.43> <IPBlock> <Opcode : 'add' 'sub'> <InPorts = 3> <OutPorts = 1> <Sync> <CReg>
ST_2 : Operation 58 [1/1] (0.00ns)   --->   "%tmp_55 = bitselect i1 @_ssdm_op_BitSelect.i1.i4.i32, i4 %select_ln110_1, i32 3" [bnn.cpp:118]   --->   Operation 58 'bitselect' 'tmp_55' <Predicate = (!icmp_ln110)> <Delay = 0.00>
ST_2 : Operation 59 [1/1] (0.00ns)   --->   "%p_shl2 = bitconcatenate i6 @_ssdm_op_BitConcatenate.i6.i4.i2, i4 %select_ln110_3, i2 0" [bnn.cpp:118]   --->   Operation 59 'bitconcatenate' 'p_shl2' <Predicate = (!icmp_ln110)> <Delay = 0.00>
ST_2 : Operation 60 [1/1] (0.00ns) (grouped into TernaryAdder)   --->   "%add_ln118_1 = add i6 %p_shl2, i6 %zext_ln118" [bnn.cpp:118]   --->   Operation 60 'add' 'add_ln118_1' <Predicate = (!icmp_ln110)> <Delay = 0.00> <CoreInst = "TAddSub">   --->   Core 10 'TAddSub' <Latency = 0> <II = 1> <Delay = 0.43> <IPBlock> <Opcode : 'add' 'sub'> <InPorts = 3> <OutPorts = 1> <Sync> <CReg>
ST_2 : Operation 61 [1/1] (0.00ns)   --->   "%zext_ln111_1 = zext i4 %select_ln111" [bnn.cpp:111]   --->   Operation 61 'zext' 'zext_ln111_1' <Predicate = (!icmp_ln110)> <Delay = 0.00>
ST_2 : Operation 62 [1/1] (0.00ns)   --->   "%trunc_ln111 = trunc i4 %select_ln111" [bnn.cpp:111]   --->   Operation 62 'trunc' 'trunc_ln111' <Predicate = (!icmp_ln110)> <Delay = 0.00>
ST_2 : Operation 63 [1/1] (0.00ns)   --->   "%tmp_60 = bitselect i1 @_ssdm_op_BitSelect.i1.i4.i32, i4 %add_ln117_2_mid2, i32 3" [bnn.cpp:118]   --->   Operation 63 'bitselect' 'tmp_60' <Predicate = (!icmp_ln110)> <Delay = 0.00>
ST_2 : Operation 64 [1/1] (0.00ns)   --->   "%zext_ln113_1 = zext i7 %ci_1_mid2" [bnn.cpp:113]   --->   Operation 64 'zext' 'zext_ln113_1' <Predicate = (!icmp_ln110)> <Delay = 0.00>
ST_2 : Operation 65 [1/1] (0.00ns)   --->   "%trunc_ln119 = trunc i7 %ci_1_mid2" [bnn.cpp:119]   --->   Operation 65 'trunc' 'trunc_ln119' <Predicate = (!icmp_ln110)> <Delay = 0.00>
ST_2 : Operation 66 [1/1] (0.00ns)   --->   "%tmp_64 = bitconcatenate i10 @_ssdm_op_BitConcatenate.i10.i7.i3, i7 %ci_1_mid2, i3 0" [bnn.cpp:120]   --->   Operation 66 'bitconcatenate' 'tmp_64' <Predicate = (!icmp_ln110)> <Delay = 0.00>
ST_2 : Operation 67 [1/1] (0.00ns)   --->   "%zext_ln120_19 = zext i10 %tmp_64" [bnn.cpp:120]   --->   Operation 67 'zext' 'zext_ln120_19' <Predicate = (!icmp_ln110)> <Delay = 0.00>
ST_2 : Operation 68 [1/1] (0.78ns)   --->   "%add_ln120_17 = add i11 %zext_ln120_19, i11 %zext_ln113_1" [bnn.cpp:120]   --->   Operation 68 'add' 'add_ln120_17' <Predicate = (!icmp_ln110)> <Delay = 0.78> <CoreInst = "Adder">   --->   Core 1 'Adder' <Latency = 0> <II = 1> <Delay = 0.78> <FuncUnit> <Opcode : 'add' 'sub'> <InPorts = 2> <OutPorts = 1>
ST_2 : Operation 69 [1/1] (0.00ns)   --->   "%zext_ln120_9 = zext i11 %add_ln120_17" [bnn.cpp:120]   --->   Operation 69 'zext' 'zext_ln120_9' <Predicate = (!icmp_ln110)> <Delay = 0.00>
ST_2 : Operation 70 [1/1] (0.85ns)   --->   "%add_ln120 = add i16 %zext_ln120_9, i16 %mul_ln110_read" [bnn.cpp:120]   --->   Operation 70 'add' 'add_ln120' <Predicate = (!icmp_ln110)> <Delay = 0.85> <CoreInst = "Adder">   --->   Core 1 'Adder' <Latency = 0> <II = 1> <Delay = 0.85> <FuncUnit> <Opcode : 'add' 'sub'> <InPorts = 2> <OutPorts = 1>
ST_2 : Operation 71 [1/1] (0.00ns)   --->   "%trunc_ln120 = trunc i11 %add_ln120_17" [bnn.cpp:120]   --->   Operation 71 'trunc' 'trunc_ln120' <Predicate = (!icmp_ln110)> <Delay = 0.00>
ST_2 : Operation 72 [1/1] (0.00ns)   --->   "%lshr_ln6 = partselect i10 @_ssdm_op_PartSelect.i10.i16.i32.i32, i16 %add_ln120, i32 6, i32 15" [bnn.cpp:120]   --->   Operation 72 'partselect' 'lshr_ln6' <Predicate = (!icmp_ln110)> <Delay = 0.00>
ST_2 : Operation 73 [1/1] (0.00ns)   --->   "%zext_ln120 = zext i10 %lshr_ln6" [bnn.cpp:120]   --->   Operation 73 'zext' 'zext_ln120' <Predicate = (!icmp_ln110)> <Delay = 0.00>
ST_2 : Operation 74 [1/1] (0.00ns)   --->   "%W3_0_addr = getelementptr i32 %W3_0, i64 0, i64 %zext_ln120" [bnn.cpp:120]   --->   Operation 74 'getelementptr' 'W3_0_addr' <Predicate = (!icmp_ln110)> <Delay = 0.00>
ST_2 : Operation 75 [2/2] (0.00ns)   --->   "%W3_0_load = load i10 %W3_0_addr" [bnn.cpp:120]   --->   Operation 75 'load' 'W3_0_load' <Predicate = (!icmp_ln110)> <Delay = 0.00> <CoreInst = "RAM">   --->   Core 82 'RAM' <Latency = 1> <II = 1> <Delay = 1.23> <Storage> <Opcode : 'load' 'store'> <Ports = 2> <Width = 32> <Depth = 576> <RAM>
ST_2 : Operation 76 [1/1] (0.00ns)   --->   "%W3_1_addr = getelementptr i32 %W3_1, i64 0, i64 %zext_ln120" [bnn.cpp:120]   --->   Operation 76 'getelementptr' 'W3_1_addr' <Predicate = (!icmp_ln110)> <Delay = 0.00>
ST_2 : Operation 77 [2/2] (0.00ns)   --->   "%W3_1_load = load i10 %W3_1_addr" [bnn.cpp:120]   --->   Operation 77 'load' 'W3_1_load' <Predicate = (!icmp_ln110)> <Delay = 0.00> <CoreInst = "RAM">   --->   Core 82 'RAM' <Latency = 1> <II = 1> <Delay = 1.23> <Storage> <Opcode : 'load' 'store'> <Ports = 2> <Width = 32> <Depth = 576> <RAM>
ST_2 : Operation 78 [1/1] (0.00ns)   --->   "%tmp_65 = bitselect i1 @_ssdm_op_BitSelect.i1.i16.i32, i16 %add_ln120, i32 5" [bnn.cpp:120]   --->   Operation 78 'bitselect' 'tmp_65' <Predicate = (!icmp_ln110)> <Delay = 0.00>
ST_2 : Operation 79 [1/1] (0.85ns)   --->   "%add_ln120_1 = add i16 %add_ln120, i16 1" [bnn.cpp:120]   --->   Operation 79 'add' 'add_ln120_1' <Predicate = (!icmp_ln110)> <Delay = 0.85> <CoreInst = "Adder">   --->   Core 1 'Adder' <Latency = 0> <II = 1> <Delay = 0.85> <FuncUnit> <Opcode : 'add' 'sub'> <InPorts = 2> <OutPorts = 1>
ST_2 : Operation 80 [1/1] (0.00ns)   --->   "%lshr_ln120_2 = partselect i10 @_ssdm_op_PartSelect.i10.i16.i32.i32, i16 %add_ln120_1, i32 6, i32 15" [bnn.cpp:120]   --->   Operation 80 'partselect' 'lshr_ln120_2' <Predicate = (!icmp_ln110)> <Delay = 0.00>
ST_2 : Operation 81 [1/1] (0.00ns)   --->   "%zext_ln120_1 = zext i10 %lshr_ln120_2" [bnn.cpp:120]   --->   Operation 81 'zext' 'zext_ln120_1' <Predicate = (!icmp_ln110)> <Delay = 0.00>
ST_2 : Operation 82 [1/1] (0.00ns)   --->   "%W3_0_addr_1 = getelementptr i32 %W3_0, i64 0, i64 %zext_ln120_1" [bnn.cpp:120]   --->   Operation 82 'getelementptr' 'W3_0_addr_1' <Predicate = (!icmp_ln110)> <Delay = 0.00>
ST_2 : Operation 83 [2/2] (0.00ns)   --->   "%W3_0_load_1 = load i10 %W3_0_addr_1" [bnn.cpp:120]   --->   Operation 83 'load' 'W3_0_load_1' <Predicate = (!icmp_ln110)> <Delay = 0.00> <CoreInst = "RAM">   --->   Core 82 'RAM' <Latency = 1> <II = 1> <Delay = 1.23> <Storage> <Opcode : 'load' 'store'> <Ports = 2> <Width = 32> <Depth = 576> <RAM>
ST_2 : Operation 84 [1/1] (0.00ns)   --->   "%W3_1_addr_1 = getelementptr i32 %W3_1, i64 0, i64 %zext_ln120_1" [bnn.cpp:120]   --->   Operation 84 'getelementptr' 'W3_1_addr_1' <Predicate = (!icmp_ln110)> <Delay = 0.00>
ST_2 : Operation 85 [2/2] (0.00ns)   --->   "%W3_1_load_1 = load i10 %W3_1_addr_1" [bnn.cpp:120]   --->   Operation 85 'load' 'W3_1_load_1' <Predicate = (!icmp_ln110)> <Delay = 0.00> <CoreInst = "RAM">   --->   Core 82 'RAM' <Latency = 1> <II = 1> <Delay = 1.23> <Storage> <Opcode : 'load' 'store'> <Ports = 2> <Width = 32> <Depth = 576> <RAM>
ST_2 : Operation 86 [1/1] (0.00ns)   --->   "%tmp_66 = bitselect i1 @_ssdm_op_BitSelect.i1.i16.i32, i16 %add_ln120_1, i32 5" [bnn.cpp:120]   --->   Operation 86 'bitselect' 'tmp_66' <Predicate = (!icmp_ln110)> <Delay = 0.00>
ST_2 : Operation 87 [1/1] (0.77ns)   --->   "%add_ln113 = add i7 %ci_1_mid2, i7 1" [bnn.cpp:113]   --->   Operation 87 'add' 'add_ln113' <Predicate = (!icmp_ln110)> <Delay = 0.77> <CoreInst = "Adder">   --->   Core 1 'Adder' <Latency = 0> <II = 1> <Delay = 0.77> <FuncUnit> <Opcode : 'add' 'sub'> <InPorts = 2> <OutPorts = 1>
ST_2 : Operation 88 [1/1] (0.77ns)   --->   "%icmp_ln113_1 = icmp_eq  i7 %add_ln113, i7 64" [bnn.cpp:113]   --->   Operation 88 'icmp' 'icmp_ln113_1' <Predicate = (!icmp_ln110)> <Delay = 0.77> <CoreInst = "Cmp">   --->   Core 9 'Cmp' <Latency = 0> <II = 1> <Delay = 0.77> <FuncUnit> <Opcode : 'seteq' 'setne' 'setle' 'setge' 'setlt' 'setgt'> <InPorts = 2> <OutPorts = 1>
ST_2 : Operation 89 [1/1] (0.61ns) (root node of TernaryAdder)   --->   "%add_ln125 = add i5 %zext_ln111_1, i5 %sub_ln125" [bnn.cpp:125]   --->   Operation 89 'add' 'add_ln125' <Predicate = (!icmp_ln110)> <Delay = 0.61> <CoreInst = "TAddSub">   --->   Core 10 'TAddSub' <Latency = 0> <II = 1> <Delay = 0.43> <IPBlock> <Opcode : 'add' 'sub'> <InPorts = 3> <OutPorts = 1> <Sync> <CReg>
ST_2 : Operation 90 [1/1] (0.00ns)   --->   "%zext_ln125_1 = zext i5 %add_ln125" [bnn.cpp:125]   --->   Operation 90 'zext' 'zext_ln125_1' <Predicate = (!icmp_ln110)> <Delay = 0.00>
ST_2 : Operation 91 [1/1] (0.76ns) (root node of TernaryAdder)   --->   "%add_ln125_1 = add i6 %zext_ln125_1, i6 %add_ln118_1" [bnn.cpp:125]   --->   Operation 91 'add' 'add_ln125_1' <Predicate = (!icmp_ln110)> <Delay = 0.76> <CoreInst = "TAddSub">   --->   Core 10 'TAddSub' <Latency = 0> <II = 1> <Delay = 0.43> <IPBlock> <Opcode : 'add' 'sub'> <InPorts = 3> <OutPorts = 1> <Sync> <CReg>
ST_2 : Operation 92 [1/1] (0.00ns)   --->   "%zext_ln125_3 = zext i6 %add_ln125_1" [bnn.cpp:125]   --->   Operation 92 'zext' 'zext_ln125_3' <Predicate = (!icmp_ln110)> <Delay = 0.00>
ST_2 : Operation 93 [1/1] (1.65ns)   --->   "%mul_ln125 = mul i13 %zext_ln125_3, i13 103" [bnn.cpp:125]   --->   Operation 93 'mul' 'mul_ln125' <Predicate = (!icmp_ln110)> <Delay = 1.65> <CoreInst = "Multiplier">   --->   Core 3 'Multiplier' <Latency = 0> <II = 1> <Delay = 1.65> <FuncUnit> <Opcode : 'mul'> <InPorts = 2> <OutPorts = 1>
ST_2 : Operation 94 [1/1] (0.00ns)   --->   "%tmp_74 = partselect i4 @_ssdm_op_PartSelect.i4.i13.i32.i32, i13 %mul_ln125, i32 9, i32 12" [bnn.cpp:125]   --->   Operation 94 'partselect' 'tmp_74' <Predicate = (!icmp_ln110)> <Delay = 0.00>
ST_2 : Operation 95 [9/9] (1.06ns)   --->   "%urem_ln125 = urem i5 %add_ln125, i5 5" [bnn.cpp:125]   --->   Operation 95 'urem' 'urem_ln125' <Predicate = (!icmp_ln110)> <Delay = 1.06> <CoreInst = "Divider">   --->   Core 6 'Divider' <Latency = 8> <II = 1> <Delay = 1.06> <FuncUnit> <Opcode : 'udiv' 'sdiv' 'urem' 'srem'> <InPorts = 2> <OutPorts = 1>
ST_2 : Operation 96 [1/1] (0.00ns)   --->   "%br_ln113 = br i1 %icmp_ln113_1, void %new.latch.VITIS_LOOP_115_20.split_ifconv, void %last.iter.VITIS_LOOP_115_20.split_ifconv" [bnn.cpp:113]   --->   Operation 96 'br' 'br_ln113' <Predicate = (!icmp_ln110)> <Delay = 0.00>
ST_2 : Operation 97 [1/1] (0.00ns)   --->   "%br_ln113 = br void %new.latch.VITIS_LOOP_115_20.split_ifconv" [bnn.cpp:113]   --->   Operation 97 'br' 'br_ln113' <Predicate = (!icmp_ln110 & icmp_ln113_1)> <Delay = 0.00>
ST_2 : Operation 98 [1/1] (0.79ns)   --->   "%add_ln111 = add i11 %indvar_flatten43_load, i11 1" [bnn.cpp:111]   --->   Operation 98 'add' 'add_ln111' <Predicate = (!icmp_ln110)> <Delay = 0.79> <CoreInst = "Adder">   --->   Core 1 'Adder' <Latency = 0> <II = 1> <Delay = 0.79> <FuncUnit> <Opcode : 'add' 'sub'> <InPorts = 2> <OutPorts = 1>
ST_2 : Operation 99 [1/1] (0.38ns)   --->   "%select_ln111_1 = select i1 %icmp_ln111, i11 1, i11 %add_ln111" [bnn.cpp:111]   --->   Operation 99 'select' 'select_ln111_1' <Predicate = (!icmp_ln110)> <Delay = 0.38> <CoreInst = "Sel">   --->   Core 73 'Sel' <Latency = 0> <II = 1> <Delay = 0.38> <FuncUnit> <Opcode : 'select'> <InPorts = 3> <OutPorts = 1>
ST_2 : Operation 100 [1/1] (0.42ns)   --->   "%store_ln110 = store i13 %add_ln110, i13 %indvar_flatten59" [bnn.cpp:110]   --->   Operation 100 'store' 'store_ln110' <Predicate = (!icmp_ln110)> <Delay = 0.42>
ST_2 : Operation 101 [1/1] (0.42ns)   --->   "%store_ln111 = store i11 %select_ln111_1, i11 %indvar_flatten43" [bnn.cpp:111]   --->   Operation 101 'store' 'store_ln111' <Predicate = (!icmp_ln110)> <Delay = 0.42>
ST_2 : Operation 102 [1/1] (0.42ns)   --->   "%store_ln113 = store i7 %add_ln113, i7 %ci" [bnn.cpp:113]   --->   Operation 102 'store' 'store_ln113' <Predicate = (!icmp_ln110)> <Delay = 0.42>

State 3 <SV = 2> <Delay = 2.17>
ST_3 : Operation 103 [1/2] ( I:0.00ns O:0.00ns )   --->   "%W3_0_load = load i10 %W3_0_addr" [bnn.cpp:120]   --->   Operation 103 'load' 'W3_0_load' <Predicate = (!icmp_ln110)> <Delay = 0.00> <CoreInst = "RAM">   --->   Core 82 'RAM' <Latency = 1> <II = 1> <Delay = 1.23> <Storage> <Opcode : 'load' 'store'> <Ports = 2> <Width = 32> <Depth = 576> <RAM>
ST_3 : Operation 104 [1/2] ( I:0.00ns O:0.00ns )   --->   "%W3_1_load = load i10 %W3_1_addr" [bnn.cpp:120]   --->   Operation 104 'load' 'W3_1_load' <Predicate = (!icmp_ln110)> <Delay = 0.00> <CoreInst = "RAM">   --->   Core 82 'RAM' <Latency = 1> <II = 1> <Delay = 1.23> <Storage> <Opcode : 'load' 'store'> <Ports = 2> <Width = 32> <Depth = 576> <RAM>
ST_3 : Operation 105 [1/1] (0.44ns)   --->   "%select_ln120 = select i1 %tmp_65, i32 %W3_1_load, i32 %W3_0_load" [bnn.cpp:120]   --->   Operation 105 'select' 'select_ln120' <Predicate = (!icmp_ln110)> <Delay = 0.44> <CoreInst = "Sel">   --->   Core 73 'Sel' <Latency = 0> <II = 1> <Delay = 0.44> <FuncUnit> <Opcode : 'select'> <InPorts = 3> <OutPorts = 1>
ST_3 : Operation 106 [1/1] (0.00ns)   --->   "%zext_ln120_10 = zext i5 %trunc_ln120" [bnn.cpp:120]   --->   Operation 106 'zext' 'zext_ln120_10' <Predicate = (!icmp_ln110)> <Delay = 0.00>
ST_3 : Operation 107 [1/1] (1.38ns)   --->   "%lshr_ln120 = lshr i32 %select_ln120, i32 %zext_ln120_10" [bnn.cpp:120]   --->   Operation 107 'lshr' 'lshr_ln120' <Predicate = (!icmp_ln110)> <Delay = 1.38> <CoreInst = "Shifter">   --->   Core 75 'Shifter' <Latency = 0> <II = 1> <Delay = 1.38> <FuncUnit> <Opcode : 'shl' 'lshr' 'ashr'> <InPorts = 2> <OutPorts = 1>
ST_3 : Operation 108 [1/2] ( I:0.00ns O:0.00ns )   --->   "%W3_0_load_1 = load i10 %W3_0_addr_1" [bnn.cpp:120]   --->   Operation 108 'load' 'W3_0_load_1' <Predicate = (!icmp_ln110)> <Delay = 0.00> <CoreInst = "RAM">   --->   Core 82 'RAM' <Latency = 1> <II = 1> <Delay = 1.23> <Storage> <Opcode : 'load' 'store'> <Ports = 2> <Width = 32> <Depth = 576> <RAM>
ST_3 : Operation 109 [1/2] ( I:0.00ns O:0.00ns )   --->   "%W3_1_load_1 = load i10 %W3_1_addr_1" [bnn.cpp:120]   --->   Operation 109 'load' 'W3_1_load_1' <Predicate = (!icmp_ln110)> <Delay = 0.00> <CoreInst = "RAM">   --->   Core 82 'RAM' <Latency = 1> <II = 1> <Delay = 1.23> <Storage> <Opcode : 'load' 'store'> <Ports = 2> <Width = 32> <Depth = 576> <RAM>
ST_3 : Operation 110 [1/1] (0.44ns)   --->   "%select_ln120_1 = select i1 %tmp_66, i32 %W3_1_load_1, i32 %W3_0_load_1" [bnn.cpp:120]   --->   Operation 110 'select' 'select_ln120_1' <Predicate = (!icmp_ln110)> <Delay = 0.44> <CoreInst = "Sel">   --->   Core 73 'Sel' <Latency = 0> <II = 1> <Delay = 0.44> <FuncUnit> <Opcode : 'select'> <InPorts = 3> <OutPorts = 1>
ST_3 : Operation 111 [1/1] (0.78ns)   --->   "%add_ln120_2 = add i5 %trunc_ln120, i5 1" [bnn.cpp:120]   --->   Operation 111 'add' 'add_ln120_2' <Predicate = (!icmp_ln110)> <Delay = 0.78> <CoreInst = "Adder">   --->   Core 1 'Adder' <Latency = 0> <II = 1> <Delay = 0.78> <FuncUnit> <Opcode : 'add' 'sub'> <InPorts = 2> <OutPorts = 1>
ST_3 : Operation 112 [1/1] (0.00ns)   --->   "%zext_ln120_11 = zext i5 %add_ln120_2" [bnn.cpp:120]   --->   Operation 112 'zext' 'zext_ln120_11' <Predicate = (!icmp_ln110)> <Delay = 0.00>
ST_3 : Operation 113 [1/1] (1.38ns)   --->   "%lshr_ln120_1 = lshr i32 %select_ln120_1, i32 %zext_ln120_11" [bnn.cpp:120]   --->   Operation 113 'lshr' 'lshr_ln120_1' <Predicate = (!icmp_ln110)> <Delay = 1.38> <CoreInst = "Shifter">   --->   Core 75 'Shifter' <Latency = 0> <II = 1> <Delay = 1.38> <FuncUnit> <Opcode : 'shl' 'lshr' 'ashr'> <InPorts = 2> <OutPorts = 1>
ST_3 : Operation 114 [1/1] (0.85ns)   --->   "%add_ln120_3 = add i16 %add_ln120, i16 2" [bnn.cpp:120]   --->   Operation 114 'add' 'add_ln120_3' <Predicate = (!icmp_ln110)> <Delay = 0.85> <CoreInst = "Adder">   --->   Core 1 'Adder' <Latency = 0> <II = 1> <Delay = 0.85> <FuncUnit> <Opcode : 'add' 'sub'> <InPorts = 2> <OutPorts = 1>
ST_3 : Operation 115 [1/1] (0.00ns)   --->   "%lshr_ln120_4 = partselect i10 @_ssdm_op_PartSelect.i10.i16.i32.i32, i16 %add_ln120_3, i32 6, i32 15" [bnn.cpp:120]   --->   Operation 115 'partselect' 'lshr_ln120_4' <Predicate = (!icmp_ln110)> <Delay = 0.00>
ST_3 : Operation 116 [1/1] (0.00ns)   --->   "%zext_ln120_2 = zext i10 %lshr_ln120_4" [bnn.cpp:120]   --->   Operation 116 'zext' 'zext_ln120_2' <Predicate = (!icmp_ln110)> <Delay = 0.00>
ST_3 : Operation 117 [1/1] (0.00ns)   --->   "%W3_0_addr_2 = getelementptr i32 %W3_0, i64 0, i64 %zext_ln120_2" [bnn.cpp:120]   --->   Operation 117 'getelementptr' 'W3_0_addr_2' <Predicate = (!icmp_ln110)> <Delay = 0.00>
ST_3 : Operation 118 [2/2] (0.00ns)   --->   "%W3_0_load_2 = load i10 %W3_0_addr_2" [bnn.cpp:120]   --->   Operation 118 'load' 'W3_0_load_2' <Predicate = (!icmp_ln110)> <Delay = 0.00> <CoreInst = "RAM">   --->   Core 82 'RAM' <Latency = 1> <II = 1> <Delay = 1.23> <Storage> <Opcode : 'load' 'store'> <Ports = 2> <Width = 32> <Depth = 576> <RAM>
ST_3 : Operation 119 [1/1] (0.00ns)   --->   "%W3_1_addr_2 = getelementptr i32 %W3_1, i64 0, i64 %zext_ln120_2" [bnn.cpp:120]   --->   Operation 119 'getelementptr' 'W3_1_addr_2' <Predicate = (!icmp_ln110)> <Delay = 0.00>
ST_3 : Operation 120 [2/2] (0.00ns)   --->   "%W3_1_load_2 = load i10 %W3_1_addr_2" [bnn.cpp:120]   --->   Operation 120 'load' 'W3_1_load_2' <Predicate = (!icmp_ln110)> <Delay = 0.00> <CoreInst = "RAM">   --->   Core 82 'RAM' <Latency = 1> <II = 1> <Delay = 1.23> <Storage> <Opcode : 'load' 'store'> <Ports = 2> <Width = 32> <Depth = 576> <RAM>
ST_3 : Operation 121 [1/1] (0.00ns)   --->   "%tmp_67 = bitselect i1 @_ssdm_op_BitSelect.i1.i16.i32, i16 %add_ln120_3, i32 5" [bnn.cpp:120]   --->   Operation 121 'bitselect' 'tmp_67' <Predicate = (!icmp_ln110)> <Delay = 0.00>
ST_3 : Operation 122 [1/1] (0.85ns)   --->   "%add_ln120_5 = add i16 %add_ln120, i16 3" [bnn.cpp:120]   --->   Operation 122 'add' 'add_ln120_5' <Predicate = (!icmp_ln110)> <Delay = 0.85> <CoreInst = "Adder">   --->   Core 1 'Adder' <Latency = 0> <II = 1> <Delay = 0.85> <FuncUnit> <Opcode : 'add' 'sub'> <InPorts = 2> <OutPorts = 1>
ST_3 : Operation 123 [1/1] (0.00ns)   --->   "%lshr_ln120_6 = partselect i10 @_ssdm_op_PartSelect.i10.i16.i32.i32, i16 %add_ln120_5, i32 6, i32 15" [bnn.cpp:120]   --->   Operation 123 'partselect' 'lshr_ln120_6' <Predicate = (!icmp_ln110)> <Delay = 0.00>
ST_3 : Operation 124 [1/1] (0.00ns)   --->   "%zext_ln120_3 = zext i10 %lshr_ln120_6" [bnn.cpp:120]   --->   Operation 124 'zext' 'zext_ln120_3' <Predicate = (!icmp_ln110)> <Delay = 0.00>
ST_3 : Operation 125 [1/1] (0.00ns)   --->   "%W3_0_addr_3 = getelementptr i32 %W3_0, i64 0, i64 %zext_ln120_3" [bnn.cpp:120]   --->   Operation 125 'getelementptr' 'W3_0_addr_3' <Predicate = (!icmp_ln110)> <Delay = 0.00>
ST_3 : Operation 126 [2/2] (0.00ns)   --->   "%W3_0_load_3 = load i10 %W3_0_addr_3" [bnn.cpp:120]   --->   Operation 126 'load' 'W3_0_load_3' <Predicate = (!icmp_ln110)> <Delay = 0.00> <CoreInst = "RAM">   --->   Core 82 'RAM' <Latency = 1> <II = 1> <Delay = 1.23> <Storage> <Opcode : 'load' 'store'> <Ports = 2> <Width = 32> <Depth = 576> <RAM>
ST_3 : Operation 127 [1/1] (0.00ns)   --->   "%W3_1_addr_3 = getelementptr i32 %W3_1, i64 0, i64 %zext_ln120_3" [bnn.cpp:120]   --->   Operation 127 'getelementptr' 'W3_1_addr_3' <Predicate = (!icmp_ln110)> <Delay = 0.00>
ST_3 : Operation 128 [2/2] (0.00ns)   --->   "%W3_1_load_3 = load i10 %W3_1_addr_3" [bnn.cpp:120]   --->   Operation 128 'load' 'W3_1_load_3' <Predicate = (!icmp_ln110)> <Delay = 0.00> <CoreInst = "RAM">   --->   Core 82 'RAM' <Latency = 1> <II = 1> <Delay = 1.23> <Storage> <Opcode : 'load' 'store'> <Ports = 2> <Width = 32> <Depth = 576> <RAM>
ST_3 : Operation 129 [1/1] (0.00ns)   --->   "%tmp_68 = bitselect i1 @_ssdm_op_BitSelect.i1.i16.i32, i16 %add_ln120_5, i32 5" [bnn.cpp:120]   --->   Operation 129 'bitselect' 'tmp_68' <Predicate = (!icmp_ln110)> <Delay = 0.00>
ST_3 : Operation 130 [8/9] (1.06ns)   --->   "%urem_ln125 = urem i5 %add_ln125, i5 5" [bnn.cpp:125]   --->   Operation 130 'urem' 'urem_ln125' <Predicate = (!icmp_ln110)> <Delay = 1.06> <CoreInst = "Divider">   --->   Core 6 'Divider' <Latency = 8> <II = 1> <Delay = 1.06> <FuncUnit> <Opcode : 'udiv' 'sdiv' 'urem' 'srem'> <InPorts = 2> <OutPorts = 1>

State 4 <SV = 3> <Delay = 2.22>
ST_4 : Operation 131 [1/1] (0.00ns)   --->   "%zext_ln110 = zext i4 %select_ln110_3" [bnn.cpp:110]   --->   Operation 131 'zext' 'zext_ln110' <Predicate = (!icmp_ln110)> <Delay = 0.00>
ST_4 : Operation 132 [1/1] (0.00ns)   --->   "%zext_ln113 = zext i1 %tmp_60" [bnn.cpp:113]   --->   Operation 132 'zext' 'zext_ln113' <Predicate = (!icmp_ln110)> <Delay = 0.00>
ST_4 : Operation 133 [1/1] (0.00ns)   --->   "%shl_ln8 = bitconcatenate i9 @_ssdm_op_BitConcatenate.i9.i6.i3, i6 %trunc_ln119, i3 0" [bnn.cpp:119]   --->   Operation 133 'bitconcatenate' 'shl_ln8' <Predicate = (!icmp_ln110)> <Delay = 0.00>
ST_4 : Operation 134 [1/2] ( I:0.00ns O:0.00ns )   --->   "%W3_0_load_2 = load i10 %W3_0_addr_2" [bnn.cpp:120]   --->   Operation 134 'load' 'W3_0_load_2' <Predicate = (!icmp_ln110)> <Delay = 0.00> <CoreInst = "RAM">   --->   Core 82 'RAM' <Latency = 1> <II = 1> <Delay = 1.23> <Storage> <Opcode : 'load' 'store'> <Ports = 2> <Width = 32> <Depth = 576> <RAM>
ST_4 : Operation 135 [1/2] ( I:0.00ns O:0.00ns )   --->   "%W3_1_load_2 = load i10 %W3_1_addr_2" [bnn.cpp:120]   --->   Operation 135 'load' 'W3_1_load_2' <Predicate = (!icmp_ln110)> <Delay = 0.00> <CoreInst = "RAM">   --->   Core 82 'RAM' <Latency = 1> <II = 1> <Delay = 1.23> <Storage> <Opcode : 'load' 'store'> <Ports = 2> <Width = 32> <Depth = 576> <RAM>
ST_4 : Operation 136 [1/1] (0.44ns)   --->   "%select_ln120_2 = select i1 %tmp_67, i32 %W3_1_load_2, i32 %W3_0_load_2" [bnn.cpp:120]   --->   Operation 136 'select' 'select_ln120_2' <Predicate = (!icmp_ln110)> <Delay = 0.44> <CoreInst = "Sel">   --->   Core 73 'Sel' <Latency = 0> <II = 1> <Delay = 0.44> <FuncUnit> <Opcode : 'select'> <InPorts = 3> <OutPorts = 1>
ST_4 : Operation 137 [1/1] (0.78ns)   --->   "%add_ln120_4 = add i5 %trunc_ln120, i5 2" [bnn.cpp:120]   --->   Operation 137 'add' 'add_ln120_4' <Predicate = (!icmp_ln110)> <Delay = 0.78> <CoreInst = "Adder">   --->   Core 1 'Adder' <Latency = 0> <II = 1> <Delay = 0.78> <FuncUnit> <Opcode : 'add' 'sub'> <InPorts = 2> <OutPorts = 1>
ST_4 : Operation 138 [1/1] (0.00ns)   --->   "%zext_ln120_12 = zext i5 %add_ln120_4" [bnn.cpp:120]   --->   Operation 138 'zext' 'zext_ln120_12' <Predicate = (!icmp_ln110)> <Delay = 0.00>
ST_4 : Operation 139 [1/1] (1.38ns)   --->   "%lshr_ln120_3 = lshr i32 %select_ln120_2, i32 %zext_ln120_12" [bnn.cpp:120]   --->   Operation 139 'lshr' 'lshr_ln120_3' <Predicate = (!icmp_ln110)> <Delay = 1.38> <CoreInst = "Shifter">   --->   Core 75 'Shifter' <Latency = 0> <II = 1> <Delay = 1.38> <FuncUnit> <Opcode : 'shl' 'lshr' 'ashr'> <InPorts = 2> <OutPorts = 1>
ST_4 : Operation 140 [1/2] ( I:0.00ns O:0.00ns )   --->   "%W3_0_load_3 = load i10 %W3_0_addr_3" [bnn.cpp:120]   --->   Operation 140 'load' 'W3_0_load_3' <Predicate = (!icmp_ln110)> <Delay = 0.00> <CoreInst = "RAM">   --->   Core 82 'RAM' <Latency = 1> <II = 1> <Delay = 1.23> <Storage> <Opcode : 'load' 'store'> <Ports = 2> <Width = 32> <Depth = 576> <RAM>
ST_4 : Operation 141 [1/2] ( I:0.00ns O:0.00ns )   --->   "%W3_1_load_3 = load i10 %W3_1_addr_3" [bnn.cpp:120]   --->   Operation 141 'load' 'W3_1_load_3' <Predicate = (!icmp_ln110)> <Delay = 0.00> <CoreInst = "RAM">   --->   Core 82 'RAM' <Latency = 1> <II = 1> <Delay = 1.23> <Storage> <Opcode : 'load' 'store'> <Ports = 2> <Width = 32> <Depth = 576> <RAM>
ST_4 : Operation 142 [1/1] (0.44ns)   --->   "%select_ln120_3 = select i1 %tmp_68, i32 %W3_1_load_3, i32 %W3_0_load_3" [bnn.cpp:120]   --->   Operation 142 'select' 'select_ln120_3' <Predicate = (!icmp_ln110)> <Delay = 0.44> <CoreInst = "Sel">   --->   Core 73 'Sel' <Latency = 0> <II = 1> <Delay = 0.44> <FuncUnit> <Opcode : 'select'> <InPorts = 3> <OutPorts = 1>
ST_4 : Operation 143 [1/1] (0.78ns)   --->   "%add_ln120_6 = add i5 %trunc_ln120, i5 3" [bnn.cpp:120]   --->   Operation 143 'add' 'add_ln120_6' <Predicate = (!icmp_ln110)> <Delay = 0.78> <CoreInst = "Adder">   --->   Core 1 'Adder' <Latency = 0> <II = 1> <Delay = 0.78> <FuncUnit> <Opcode : 'add' 'sub'> <InPorts = 2> <OutPorts = 1>
ST_4 : Operation 144 [1/1] (0.00ns)   --->   "%zext_ln120_13 = zext i5 %add_ln120_6" [bnn.cpp:120]   --->   Operation 144 'zext' 'zext_ln120_13' <Predicate = (!icmp_ln110)> <Delay = 0.00>
ST_4 : Operation 145 [1/1] (1.38ns)   --->   "%lshr_ln120_5 = lshr i32 %select_ln120_3, i32 %zext_ln120_13" [bnn.cpp:120]   --->   Operation 145 'lshr' 'lshr_ln120_5' <Predicate = (!icmp_ln110)> <Delay = 1.38> <CoreInst = "Shifter">   --->   Core 75 'Shifter' <Latency = 0> <II = 1> <Delay = 1.38> <FuncUnit> <Opcode : 'shl' 'lshr' 'ashr'> <InPorts = 2> <OutPorts = 1>
ST_4 : Operation 146 [1/1] (0.77ns)   --->   "%add_ln119_6 = add i9 %shl_ln8, i9 %zext_ln110" [bnn.cpp:119]   --->   Operation 146 'add' 'add_ln119_6' <Predicate = (!icmp_ln110)> <Delay = 0.77> <CoreInst = "Adder">   --->   Core 1 'Adder' <Latency = 0> <II = 1> <Delay = 0.77> <FuncUnit> <Opcode : 'add' 'sub'> <InPorts = 2> <OutPorts = 1>
ST_4 : Operation 147 [1/1] (0.00ns)   --->   "%zext_ln119_4 = zext i9 %add_ln119_6" [bnn.cpp:119]   --->   Operation 147 'zext' 'zext_ln119_4' <Predicate = (!icmp_ln110)> <Delay = 0.00>
ST_4 : Operation 148 [1/1] (0.00ns)   --->   "%bnn_top_int_const_unsigned_int_const_int_const_unsigned_int_const_int_co_375 = getelementptr i1 %bnn_top_int_const_unsigned_int_const_int_const_unsigned_int_const_int_co_12, i64 0, i64 %zext_ln119_4" [bnn.cpp:119]   --->   Operation 148 'getelementptr' 'bnn_top_int_const_unsigned_int_const_int_const_unsigned_int_const_int_co_375' <Predicate = (!icmp_ln110 & trunc_ln111 == 0)> <Delay = 0.00>
ST_4 : Operation 149 [1/1] (0.00ns)   --->   "%bnn_top_int_const_unsigned_int_const_int_const_unsigned_int_const_int_co_376 = getelementptr i1 %bnn_top_int_const_unsigned_int_const_int_const_unsigned_int_const_int_co_6, i64 0, i64 %zext_ln119_4" [bnn.cpp:119]   --->   Operation 149 'getelementptr' 'bnn_top_int_const_unsigned_int_const_int_const_unsigned_int_const_int_co_376' <Predicate = (!icmp_ln110 & trunc_ln111 == 1)> <Delay = 0.00>
ST_4 : Operation 150 [1/1] (0.00ns)   --->   "%bnn_top_int_const_unsigned_int_const_int_const_unsigned_int_const_int_co_377 = getelementptr i1 %bnn_top_int_const_unsigned_int_const_int_const_unsigned_int_const_int_co_5, i64 0, i64 %zext_ln119_4" [bnn.cpp:119]   --->   Operation 150 'getelementptr' 'bnn_top_int_const_unsigned_int_const_int_const_unsigned_int_const_int_co_377' <Predicate = (!icmp_ln110 & trunc_ln111 == 2)> <Delay = 0.00>
ST_4 : Operation 151 [1/1] (0.00ns)   --->   "%bnn_top_int_const_unsigned_int_const_int_const_unsigned_int_const_int_co_378 = getelementptr i1 %bnn_top_int_const_unsigned_int_const_int_const_unsigned_int_const_int_co_11, i64 0, i64 %zext_ln119_4" [bnn.cpp:119]   --->   Operation 151 'getelementptr' 'bnn_top_int_const_unsigned_int_const_int_const_unsigned_int_const_int_co_378' <Predicate = (!icmp_ln110 & trunc_ln111 == 3)> <Delay = 0.00>
ST_4 : Operation 152 [1/1] (0.00ns)   --->   "%bnn_top_int_const_unsigned_int_const_int_const_unsigned_int_const_int_co_379 = getelementptr i1 %bnn_top_int_const_unsigned_int_const_int_const_unsigned_int_const_int_co_10, i64 0, i64 %zext_ln119_4" [bnn.cpp:119]   --->   Operation 152 'getelementptr' 'bnn_top_int_const_unsigned_int_const_int_const_unsigned_int_const_int_co_379' <Predicate = (!icmp_ln110 & trunc_ln111 == 4)> <Delay = 0.00>
ST_4 : Operation 153 [1/1] (0.00ns)   --->   "%bnn_top_int_const_unsigned_int_const_int_const_unsigned_int_const_int_co_380 = getelementptr i1 %bnn_top_int_const_unsigned_int_const_int_const_unsigned_int_const_int_co_9, i64 0, i64 %zext_ln119_4" [bnn.cpp:119]   --->   Operation 153 'getelementptr' 'bnn_top_int_const_unsigned_int_const_int_const_unsigned_int_const_int_co_380' <Predicate = (!icmp_ln110 & trunc_ln111 == 5)> <Delay = 0.00>
ST_4 : Operation 154 [1/1] (0.00ns)   --->   "%bnn_top_int_const_unsigned_int_const_int_const_unsigned_int_const_int_co_381 = getelementptr i1 %bnn_top_int_const_unsigned_int_const_int_const_unsigned_int_const_int_co_8, i64 0, i64 %zext_ln119_4" [bnn.cpp:119]   --->   Operation 154 'getelementptr' 'bnn_top_int_const_unsigned_int_const_int_const_unsigned_int_const_int_co_381' <Predicate = (!icmp_ln110 & trunc_ln111 == 6)> <Delay = 0.00>
ST_4 : Operation 155 [1/1] (0.00ns)   --->   "%bnn_top_int_const_unsigned_int_const_int_const_unsigned_int_const_int_co_382 = getelementptr i1 %bnn_top_int_const_unsigned_int_const_int_const_unsigned_int_const_int_co_7, i64 0, i64 %zext_ln119_4" [bnn.cpp:119]   --->   Operation 155 'getelementptr' 'bnn_top_int_const_unsigned_int_const_int_const_unsigned_int_const_int_co_382' <Predicate = (!icmp_ln110 & trunc_ln111 == 7)> <Delay = 0.00>
ST_4 : Operation 156 [2/2] (0.67ns)   --->   "%bnn_top_int_const_unsigned_int_const_int_const_unsigned_int_const_int_co_383 = load i9 %bnn_top_int_const_unsigned_int_const_int_const_unsigned_int_const_int_co_375" [bnn.cpp:119]   --->   Operation 156 'load' 'bnn_top_int_const_unsigned_int_const_int_const_unsigned_int_const_int_co_383' <Predicate = (!icmp_ln110 & trunc_ln111 == 0)> <Delay = 0.67> <CoreInst = "RAM">   --->   Core 82 'RAM' <Latency = 1> <II = 1> <Delay = 0.67> <Storage> <Opcode : 'load' 'store'> <Ports = 2> <Width = 1> <Depth = 512> <RAM>
ST_4 : Operation 157 [2/2] (0.67ns)   --->   "%bnn_top_int_const_unsigned_int_const_int_const_unsigned_int_const_int_co_384 = load i9 %bnn_top_int_const_unsigned_int_const_int_const_unsigned_int_const_int_co_376" [bnn.cpp:119]   --->   Operation 157 'load' 'bnn_top_int_const_unsigned_int_const_int_const_unsigned_int_const_int_co_384' <Predicate = (!icmp_ln110 & trunc_ln111 == 1)> <Delay = 0.67> <CoreInst = "RAM">   --->   Core 82 'RAM' <Latency = 1> <II = 1> <Delay = 0.67> <Storage> <Opcode : 'load' 'store'> <Ports = 2> <Width = 1> <Depth = 512> <RAM>
ST_4 : Operation 158 [2/2] (0.67ns)   --->   "%bnn_top_int_const_unsigned_int_const_int_const_unsigned_int_const_int_co_385 = load i9 %bnn_top_int_const_unsigned_int_const_int_const_unsigned_int_const_int_co_377" [bnn.cpp:119]   --->   Operation 158 'load' 'bnn_top_int_const_unsigned_int_const_int_const_unsigned_int_const_int_co_385' <Predicate = (!icmp_ln110 & trunc_ln111 == 2)> <Delay = 0.67> <CoreInst = "RAM">   --->   Core 82 'RAM' <Latency = 1> <II = 1> <Delay = 0.67> <Storage> <Opcode : 'load' 'store'> <Ports = 2> <Width = 1> <Depth = 512> <RAM>
ST_4 : Operation 159 [2/2] (0.67ns)   --->   "%bnn_top_int_const_unsigned_int_const_int_const_unsigned_int_const_int_co_386 = load i9 %bnn_top_int_const_unsigned_int_const_int_const_unsigned_int_const_int_co_378" [bnn.cpp:119]   --->   Operation 159 'load' 'bnn_top_int_const_unsigned_int_const_int_const_unsigned_int_const_int_co_386' <Predicate = (!icmp_ln110 & trunc_ln111 == 3)> <Delay = 0.67> <CoreInst = "RAM">   --->   Core 82 'RAM' <Latency = 1> <II = 1> <Delay = 0.67> <Storage> <Opcode : 'load' 'store'> <Ports = 2> <Width = 1> <Depth = 512> <RAM>
ST_4 : Operation 160 [2/2] (0.67ns)   --->   "%bnn_top_int_const_unsigned_int_const_int_const_unsigned_int_const_int_co_387 = load i9 %bnn_top_int_const_unsigned_int_const_int_const_unsigned_int_const_int_co_379" [bnn.cpp:119]   --->   Operation 160 'load' 'bnn_top_int_const_unsigned_int_const_int_const_unsigned_int_const_int_co_387' <Predicate = (!icmp_ln110 & trunc_ln111 == 4)> <Delay = 0.67> <CoreInst = "RAM">   --->   Core 82 'RAM' <Latency = 1> <II = 1> <Delay = 0.67> <Storage> <Opcode : 'load' 'store'> <Ports = 2> <Width = 1> <Depth = 512> <RAM>
ST_4 : Operation 161 [2/2] (0.67ns)   --->   "%bnn_top_int_const_unsigned_int_const_int_const_unsigned_int_const_int_co_388 = load i9 %bnn_top_int_const_unsigned_int_const_int_const_unsigned_int_const_int_co_380" [bnn.cpp:119]   --->   Operation 161 'load' 'bnn_top_int_const_unsigned_int_const_int_const_unsigned_int_const_int_co_388' <Predicate = (!icmp_ln110 & trunc_ln111 == 5)> <Delay = 0.67> <CoreInst = "RAM">   --->   Core 82 'RAM' <Latency = 1> <II = 1> <Delay = 0.67> <Storage> <Opcode : 'load' 'store'> <Ports = 2> <Width = 1> <Depth = 512> <RAM>
ST_4 : Operation 162 [2/2] (0.67ns)   --->   "%bnn_top_int_const_unsigned_int_const_int_const_unsigned_int_const_int_co_389 = load i9 %bnn_top_int_const_unsigned_int_const_int_const_unsigned_int_const_int_co_381" [bnn.cpp:119]   --->   Operation 162 'load' 'bnn_top_int_const_unsigned_int_const_int_const_unsigned_int_const_int_co_389' <Predicate = (!icmp_ln110 & trunc_ln111 == 6)> <Delay = 0.67> <CoreInst = "RAM">   --->   Core 82 'RAM' <Latency = 1> <II = 1> <Delay = 0.67> <Storage> <Opcode : 'load' 'store'> <Ports = 2> <Width = 1> <Depth = 512> <RAM>
ST_4 : Operation 163 [2/2] (0.67ns)   --->   "%bnn_top_int_const_unsigned_int_const_int_const_unsigned_int_const_int_co_390 = load i9 %bnn_top_int_const_unsigned_int_const_int_const_unsigned_int_const_int_co_382" [bnn.cpp:119]   --->   Operation 163 'load' 'bnn_top_int_const_unsigned_int_const_int_const_unsigned_int_const_int_co_390' <Predicate = (!icmp_ln110 & trunc_ln111 == 7)> <Delay = 0.67> <CoreInst = "RAM">   --->   Core 82 'RAM' <Latency = 1> <II = 1> <Delay = 0.67> <Storage> <Opcode : 'load' 'store'> <Ports = 2> <Width = 1> <Depth = 512> <RAM>
ST_4 : Operation 164 [1/1] (0.85ns)   --->   "%add_ln120_7 = add i16 %add_ln120, i16 4" [bnn.cpp:120]   --->   Operation 164 'add' 'add_ln120_7' <Predicate = (!icmp_ln110)> <Delay = 0.85> <CoreInst = "Adder">   --->   Core 1 'Adder' <Latency = 0> <II = 1> <Delay = 0.85> <FuncUnit> <Opcode : 'add' 'sub'> <InPorts = 2> <OutPorts = 1>
ST_4 : Operation 165 [1/1] (0.00ns)   --->   "%lshr_ln120_8 = partselect i10 @_ssdm_op_PartSelect.i10.i16.i32.i32, i16 %add_ln120_7, i32 6, i32 15" [bnn.cpp:120]   --->   Operation 165 'partselect' 'lshr_ln120_8' <Predicate = (!icmp_ln110)> <Delay = 0.00>
ST_4 : Operation 166 [1/1] (0.00ns)   --->   "%zext_ln120_4 = zext i10 %lshr_ln120_8" [bnn.cpp:120]   --->   Operation 166 'zext' 'zext_ln120_4' <Predicate = (!icmp_ln110)> <Delay = 0.00>
ST_4 : Operation 167 [1/1] (0.00ns)   --->   "%W3_0_addr_4 = getelementptr i32 %W3_0, i64 0, i64 %zext_ln120_4" [bnn.cpp:120]   --->   Operation 167 'getelementptr' 'W3_0_addr_4' <Predicate = (!icmp_ln110)> <Delay = 0.00>
ST_4 : Operation 168 [2/2] (0.00ns)   --->   "%W3_0_load_4 = load i10 %W3_0_addr_4" [bnn.cpp:120]   --->   Operation 168 'load' 'W3_0_load_4' <Predicate = (!icmp_ln110)> <Delay = 0.00> <CoreInst = "RAM">   --->   Core 82 'RAM' <Latency = 1> <II = 1> <Delay = 1.23> <Storage> <Opcode : 'load' 'store'> <Ports = 2> <Width = 32> <Depth = 576> <RAM>
ST_4 : Operation 169 [1/1] (0.00ns)   --->   "%W3_1_addr_4 = getelementptr i32 %W3_1, i64 0, i64 %zext_ln120_4" [bnn.cpp:120]   --->   Operation 169 'getelementptr' 'W3_1_addr_4' <Predicate = (!icmp_ln110)> <Delay = 0.00>
ST_4 : Operation 170 [2/2] (0.00ns)   --->   "%W3_1_load_4 = load i10 %W3_1_addr_4" [bnn.cpp:120]   --->   Operation 170 'load' 'W3_1_load_4' <Predicate = (!icmp_ln110)> <Delay = 0.00> <CoreInst = "RAM">   --->   Core 82 'RAM' <Latency = 1> <II = 1> <Delay = 1.23> <Storage> <Opcode : 'load' 'store'> <Ports = 2> <Width = 32> <Depth = 576> <RAM>
ST_4 : Operation 171 [1/1] (0.00ns)   --->   "%tmp_69 = bitselect i1 @_ssdm_op_BitSelect.i1.i16.i32, i16 %add_ln120_7, i32 5" [bnn.cpp:120]   --->   Operation 171 'bitselect' 'tmp_69' <Predicate = (!icmp_ln110)> <Delay = 0.00>
ST_4 : Operation 172 [1/1] (0.77ns)   --->   "%add_ln119_7 = add i9 %add_ln119_6, i9 %zext_ln113" [bnn.cpp:119]   --->   Operation 172 'add' 'add_ln119_7' <Predicate = (!icmp_ln110 & !tmp_60)> <Delay = 0.77> <CoreInst = "Adder">   --->   Core 1 'Adder' <Latency = 0> <II = 1> <Delay = 0.77> <FuncUnit> <Opcode : 'add' 'sub'> <InPorts = 2> <OutPorts = 1>
ST_4 : Operation 173 [1/1] (0.00ns)   --->   "%zext_ln119_5 = zext i9 %add_ln119_7" [bnn.cpp:119]   --->   Operation 173 'zext' 'zext_ln119_5' <Predicate = (!icmp_ln110 & !tmp_60)> <Delay = 0.00>
ST_4 : Operation 174 [1/1] (0.00ns)   --->   "%bnn_top_int_const_unsigned_int_const_int_const_unsigned_int_const_int_co_391 = getelementptr i1 %bnn_top_int_const_unsigned_int_const_int_const_unsigned_int_const_int_co_12, i64 0, i64 %zext_ln119_5" [bnn.cpp:119]   --->   Operation 174 'getelementptr' 'bnn_top_int_const_unsigned_int_const_int_const_unsigned_int_const_int_co_391' <Predicate = (!icmp_ln110 & !tmp_60 & trunc_ln111 == 7)> <Delay = 0.00>
ST_4 : Operation 175 [1/1] (0.00ns)   --->   "%bnn_top_int_const_unsigned_int_const_int_const_unsigned_int_const_int_co_392 = getelementptr i1 %bnn_top_int_const_unsigned_int_const_int_const_unsigned_int_const_int_co_6, i64 0, i64 %zext_ln119_5" [bnn.cpp:119]   --->   Operation 175 'getelementptr' 'bnn_top_int_const_unsigned_int_const_int_const_unsigned_int_const_int_co_392' <Predicate = (!icmp_ln110 & !tmp_60 & trunc_ln111 == 0)> <Delay = 0.00>
ST_4 : Operation 176 [1/1] (0.00ns)   --->   "%bnn_top_int_const_unsigned_int_const_int_const_unsigned_int_const_int_co_393 = getelementptr i1 %bnn_top_int_const_unsigned_int_const_int_const_unsigned_int_const_int_co_5, i64 0, i64 %zext_ln119_5" [bnn.cpp:119]   --->   Operation 176 'getelementptr' 'bnn_top_int_const_unsigned_int_const_int_const_unsigned_int_const_int_co_393' <Predicate = (!icmp_ln110 & !tmp_60 & trunc_ln111 == 1)> <Delay = 0.00>
ST_4 : Operation 177 [1/1] (0.00ns)   --->   "%bnn_top_int_const_unsigned_int_const_int_const_unsigned_int_const_int_co_394 = getelementptr i1 %bnn_top_int_const_unsigned_int_const_int_const_unsigned_int_const_int_co_11, i64 0, i64 %zext_ln119_5" [bnn.cpp:119]   --->   Operation 177 'getelementptr' 'bnn_top_int_const_unsigned_int_const_int_const_unsigned_int_const_int_co_394' <Predicate = (!icmp_ln110 & !tmp_60 & trunc_ln111 == 2)> <Delay = 0.00>
ST_4 : Operation 178 [1/1] (0.00ns)   --->   "%bnn_top_int_const_unsigned_int_const_int_const_unsigned_int_const_int_co_395 = getelementptr i1 %bnn_top_int_const_unsigned_int_const_int_const_unsigned_int_const_int_co_10, i64 0, i64 %zext_ln119_5" [bnn.cpp:119]   --->   Operation 178 'getelementptr' 'bnn_top_int_const_unsigned_int_const_int_const_unsigned_int_const_int_co_395' <Predicate = (!icmp_ln110 & !tmp_60 & trunc_ln111 == 3)> <Delay = 0.00>
ST_4 : Operation 179 [1/1] (0.00ns)   --->   "%bnn_top_int_const_unsigned_int_const_int_const_unsigned_int_const_int_co_396 = getelementptr i1 %bnn_top_int_const_unsigned_int_const_int_const_unsigned_int_const_int_co_9, i64 0, i64 %zext_ln119_5" [bnn.cpp:119]   --->   Operation 179 'getelementptr' 'bnn_top_int_const_unsigned_int_const_int_const_unsigned_int_const_int_co_396' <Predicate = (!icmp_ln110 & !tmp_60 & trunc_ln111 == 4)> <Delay = 0.00>
ST_4 : Operation 180 [1/1] (0.00ns)   --->   "%bnn_top_int_const_unsigned_int_const_int_const_unsigned_int_const_int_co_397 = getelementptr i1 %bnn_top_int_const_unsigned_int_const_int_const_unsigned_int_const_int_co_8, i64 0, i64 %zext_ln119_5" [bnn.cpp:119]   --->   Operation 180 'getelementptr' 'bnn_top_int_const_unsigned_int_const_int_const_unsigned_int_const_int_co_397' <Predicate = (!icmp_ln110 & !tmp_60 & trunc_ln111 == 5)> <Delay = 0.00>
ST_4 : Operation 181 [1/1] (0.00ns)   --->   "%bnn_top_int_const_unsigned_int_const_int_const_unsigned_int_const_int_co_398 = getelementptr i1 %bnn_top_int_const_unsigned_int_const_int_const_unsigned_int_const_int_co_7, i64 0, i64 %zext_ln119_5" [bnn.cpp:119]   --->   Operation 181 'getelementptr' 'bnn_top_int_const_unsigned_int_const_int_const_unsigned_int_const_int_co_398' <Predicate = (!icmp_ln110 & !tmp_60 & trunc_ln111 == 6)> <Delay = 0.00>
ST_4 : Operation 182 [2/2] (0.67ns)   --->   "%bnn_top_int_const_unsigned_int_const_int_const_unsigned_int_const_int_co_399 = load i9 %bnn_top_int_const_unsigned_int_const_int_const_unsigned_int_const_int_co_391" [bnn.cpp:119]   --->   Operation 182 'load' 'bnn_top_int_const_unsigned_int_const_int_const_unsigned_int_const_int_co_399' <Predicate = (!icmp_ln110 & !tmp_60 & trunc_ln111 == 7)> <Delay = 0.67> <CoreInst = "RAM">   --->   Core 82 'RAM' <Latency = 1> <II = 1> <Delay = 0.67> <Storage> <Opcode : 'load' 'store'> <Ports = 2> <Width = 1> <Depth = 512> <RAM>
ST_4 : Operation 183 [2/2] (0.67ns)   --->   "%bnn_top_int_const_unsigned_int_const_int_const_unsigned_int_const_int_co_400 = load i9 %bnn_top_int_const_unsigned_int_const_int_const_unsigned_int_const_int_co_392" [bnn.cpp:119]   --->   Operation 183 'load' 'bnn_top_int_const_unsigned_int_const_int_const_unsigned_int_const_int_co_400' <Predicate = (!icmp_ln110 & !tmp_60 & trunc_ln111 == 0)> <Delay = 0.67> <CoreInst = "RAM">   --->   Core 82 'RAM' <Latency = 1> <II = 1> <Delay = 0.67> <Storage> <Opcode : 'load' 'store'> <Ports = 2> <Width = 1> <Depth = 512> <RAM>
ST_4 : Operation 184 [2/2] (0.67ns)   --->   "%bnn_top_int_const_unsigned_int_const_int_const_unsigned_int_const_int_co_401 = load i9 %bnn_top_int_const_unsigned_int_const_int_const_unsigned_int_const_int_co_393" [bnn.cpp:119]   --->   Operation 184 'load' 'bnn_top_int_const_unsigned_int_const_int_const_unsigned_int_const_int_co_401' <Predicate = (!icmp_ln110 & !tmp_60 & trunc_ln111 == 1)> <Delay = 0.67> <CoreInst = "RAM">   --->   Core 82 'RAM' <Latency = 1> <II = 1> <Delay = 0.67> <Storage> <Opcode : 'load' 'store'> <Ports = 2> <Width = 1> <Depth = 512> <RAM>
ST_4 : Operation 185 [2/2] (0.67ns)   --->   "%bnn_top_int_const_unsigned_int_const_int_const_unsigned_int_const_int_co_402 = load i9 %bnn_top_int_const_unsigned_int_const_int_const_unsigned_int_const_int_co_394" [bnn.cpp:119]   --->   Operation 185 'load' 'bnn_top_int_const_unsigned_int_const_int_const_unsigned_int_const_int_co_402' <Predicate = (!icmp_ln110 & !tmp_60 & trunc_ln111 == 2)> <Delay = 0.67> <CoreInst = "RAM">   --->   Core 82 'RAM' <Latency = 1> <II = 1> <Delay = 0.67> <Storage> <Opcode : 'load' 'store'> <Ports = 2> <Width = 1> <Depth = 512> <RAM>
ST_4 : Operation 186 [2/2] (0.67ns)   --->   "%bnn_top_int_const_unsigned_int_const_int_const_unsigned_int_const_int_co_403 = load i9 %bnn_top_int_const_unsigned_int_const_int_const_unsigned_int_const_int_co_395" [bnn.cpp:119]   --->   Operation 186 'load' 'bnn_top_int_const_unsigned_int_const_int_const_unsigned_int_const_int_co_403' <Predicate = (!icmp_ln110 & !tmp_60 & trunc_ln111 == 3)> <Delay = 0.67> <CoreInst = "RAM">   --->   Core 82 'RAM' <Latency = 1> <II = 1> <Delay = 0.67> <Storage> <Opcode : 'load' 'store'> <Ports = 2> <Width = 1> <Depth = 512> <RAM>
ST_4 : Operation 187 [2/2] (0.67ns)   --->   "%bnn_top_int_const_unsigned_int_const_int_const_unsigned_int_const_int_co_404 = load i9 %bnn_top_int_const_unsigned_int_const_int_const_unsigned_int_const_int_co_396" [bnn.cpp:119]   --->   Operation 187 'load' 'bnn_top_int_const_unsigned_int_const_int_const_unsigned_int_const_int_co_404' <Predicate = (!icmp_ln110 & !tmp_60 & trunc_ln111 == 4)> <Delay = 0.67> <CoreInst = "RAM">   --->   Core 82 'RAM' <Latency = 1> <II = 1> <Delay = 0.67> <Storage> <Opcode : 'load' 'store'> <Ports = 2> <Width = 1> <Depth = 512> <RAM>
ST_4 : Operation 188 [2/2] (0.67ns)   --->   "%bnn_top_int_const_unsigned_int_const_int_const_unsigned_int_const_int_co_405 = load i9 %bnn_top_int_const_unsigned_int_const_int_const_unsigned_int_const_int_co_397" [bnn.cpp:119]   --->   Operation 188 'load' 'bnn_top_int_const_unsigned_int_const_int_const_unsigned_int_const_int_co_405' <Predicate = (!icmp_ln110 & !tmp_60 & trunc_ln111 == 5)> <Delay = 0.67> <CoreInst = "RAM">   --->   Core 82 'RAM' <Latency = 1> <II = 1> <Delay = 0.67> <Storage> <Opcode : 'load' 'store'> <Ports = 2> <Width = 1> <Depth = 512> <RAM>
ST_4 : Operation 189 [2/2] (0.67ns)   --->   "%bnn_top_int_const_unsigned_int_const_int_const_unsigned_int_const_int_co_406 = load i9 %bnn_top_int_const_unsigned_int_const_int_const_unsigned_int_const_int_co_398" [bnn.cpp:119]   --->   Operation 189 'load' 'bnn_top_int_const_unsigned_int_const_int_const_unsigned_int_const_int_co_406' <Predicate = (!icmp_ln110 & !tmp_60 & trunc_ln111 == 6)> <Delay = 0.67> <CoreInst = "RAM">   --->   Core 82 'RAM' <Latency = 1> <II = 1> <Delay = 0.67> <Storage> <Opcode : 'load' 'store'> <Ports = 2> <Width = 1> <Depth = 512> <RAM>
ST_4 : Operation 190 [1/1] (0.85ns)   --->   "%add_ln120_9 = add i16 %add_ln120, i16 5" [bnn.cpp:120]   --->   Operation 190 'add' 'add_ln120_9' <Predicate = (!icmp_ln110 & !tmp_60)> <Delay = 0.85> <CoreInst = "Adder">   --->   Core 1 'Adder' <Latency = 0> <II = 1> <Delay = 0.85> <FuncUnit> <Opcode : 'add' 'sub'> <InPorts = 2> <OutPorts = 1>
ST_4 : Operation 191 [1/1] (0.00ns)   --->   "%lshr_ln120_s = partselect i10 @_ssdm_op_PartSelect.i10.i16.i32.i32, i16 %add_ln120_9, i32 6, i32 15" [bnn.cpp:120]   --->   Operation 191 'partselect' 'lshr_ln120_s' <Predicate = (!icmp_ln110 & !tmp_60)> <Delay = 0.00>
ST_4 : Operation 192 [1/1] (0.00ns)   --->   "%zext_ln120_5 = zext i10 %lshr_ln120_s" [bnn.cpp:120]   --->   Operation 192 'zext' 'zext_ln120_5' <Predicate = (!icmp_ln110 & !tmp_60)> <Delay = 0.00>
ST_4 : Operation 193 [1/1] (0.00ns)   --->   "%W3_0_addr_5 = getelementptr i32 %W3_0, i64 0, i64 %zext_ln120_5" [bnn.cpp:120]   --->   Operation 193 'getelementptr' 'W3_0_addr_5' <Predicate = (!icmp_ln110 & !tmp_60)> <Delay = 0.00>
ST_4 : Operation 194 [2/2] (0.00ns)   --->   "%W3_0_load_5 = load i10 %W3_0_addr_5" [bnn.cpp:120]   --->   Operation 194 'load' 'W3_0_load_5' <Predicate = (!icmp_ln110 & !tmp_60)> <Delay = 0.00> <CoreInst = "RAM">   --->   Core 82 'RAM' <Latency = 1> <II = 1> <Delay = 1.23> <Storage> <Opcode : 'load' 'store'> <Ports = 2> <Width = 32> <Depth = 576> <RAM>
ST_4 : Operation 195 [1/1] (0.00ns)   --->   "%W3_1_addr_5 = getelementptr i32 %W3_1, i64 0, i64 %zext_ln120_5" [bnn.cpp:120]   --->   Operation 195 'getelementptr' 'W3_1_addr_5' <Predicate = (!icmp_ln110 & !tmp_60)> <Delay = 0.00>
ST_4 : Operation 196 [2/2] (0.00ns)   --->   "%W3_1_load_5 = load i10 %W3_1_addr_5" [bnn.cpp:120]   --->   Operation 196 'load' 'W3_1_load_5' <Predicate = (!icmp_ln110 & !tmp_60)> <Delay = 0.00> <CoreInst = "RAM">   --->   Core 82 'RAM' <Latency = 1> <II = 1> <Delay = 1.23> <Storage> <Opcode : 'load' 'store'> <Ports = 2> <Width = 32> <Depth = 576> <RAM>
ST_4 : Operation 197 [1/1] (0.00ns)   --->   "%tmp_70 = bitselect i1 @_ssdm_op_BitSelect.i1.i16.i32, i16 %add_ln120_9, i32 5" [bnn.cpp:120]   --->   Operation 197 'bitselect' 'tmp_70' <Predicate = (!icmp_ln110 & !tmp_60)> <Delay = 0.00>
ST_4 : Operation 198 [7/9] (1.06ns)   --->   "%urem_ln125 = urem i5 %add_ln125, i5 5" [bnn.cpp:125]   --->   Operation 198 'urem' 'urem_ln125' <Predicate = (!icmp_ln110)> <Delay = 1.06> <CoreInst = "Divider">   --->   Core 6 'Divider' <Latency = 8> <II = 1> <Delay = 1.06> <FuncUnit> <Opcode : 'udiv' 'sdiv' 'urem' 'srem'> <InPorts = 2> <OutPorts = 1>
ST_4 : Operation 199 [1/1] (0.42ns)   --->   "%store_ln110 = store i4 %select_ln110_3, i4 %oh" [bnn.cpp:110]   --->   Operation 199 'store' 'store_ln110' <Predicate = (!icmp_ln110)> <Delay = 0.42>

State 5 <SV = 4> <Delay = 3.06>
ST_5 : Operation 200 [1/1] (0.00ns)   --->   "%shl_ln7 = bitconcatenate i6 @_ssdm_op_BitConcatenate.i6.i3.i3, i3 %trunc_ln125, i3 0" [bnn.cpp:125]   --->   Operation 200 'bitconcatenate' 'shl_ln7' <Predicate = (!icmp_ln110)> <Delay = 0.00>
ST_5 : Operation 201 [1/1] (0.00ns)   --->   "%zext_ln117 = zext i6 %shl_ln7" [bnn.cpp:117]   --->   Operation 201 'zext' 'zext_ln117' <Predicate = (!icmp_ln110)> <Delay = 0.00>
ST_5 : Operation 202 [1/1] (0.00ns)   --->   "%zext_ln118_2 = zext i4 %select_ln110_1" [bnn.cpp:118]   --->   Operation 202 'zext' 'zext_ln118_2' <Predicate = (!icmp_ln110)> <Delay = 0.00>
ST_5 : Operation 203 [1/1] (0.79ns)   --->   "%add_ln117_1 = add i4 %select_ln111, i4 15" [bnn.cpp:117]   --->   Operation 203 'add' 'add_ln117_1' <Predicate = (!icmp_ln110)> <Delay = 0.79> <CoreInst = "Adder">   --->   Core 1 'Adder' <Latency = 0> <II = 1> <Delay = 0.79> <FuncUnit> <Opcode : 'add' 'sub'> <InPorts = 2> <OutPorts = 1>
ST_5 : Operation 204 [1/1] (0.00ns)   --->   "%sext_ln118 = sext i4 %add_ln117_1" [bnn.cpp:118]   --->   Operation 204 'sext' 'sext_ln118' <Predicate = (!icmp_ln110)> <Delay = 0.00>
ST_5 : Operation 205 [1/1] (0.00ns)   --->   "%tmp_59 = bitselect i1 @_ssdm_op_BitSelect.i1.i4.i32, i4 %add_ln117_1, i32 3" [bnn.cpp:118]   --->   Operation 205 'bitselect' 'tmp_59' <Predicate = (!icmp_ln110)> <Delay = 0.00>
ST_5 : Operation 206 [1/2] ( I:0.67ns O:0.67ns )   --->   "%bnn_top_int_const_unsigned_int_const_int_const_unsigned_int_const_int_co_383 = load i9 %bnn_top_int_const_unsigned_int_const_int_const_unsigned_int_const_int_co_375" [bnn.cpp:119]   --->   Operation 206 'load' 'bnn_top_int_const_unsigned_int_const_int_const_unsigned_int_const_int_co_383' <Predicate = (!icmp_ln110 & trunc_ln111 == 0)> <Delay = 0.67> <CoreInst = "RAM">   --->   Core 82 'RAM' <Latency = 1> <II = 1> <Delay = 0.67> <Storage> <Opcode : 'load' 'store'> <Ports = 2> <Width = 1> <Depth = 512> <RAM>
ST_5 : Operation 207 [1/2] ( I:0.67ns O:0.67ns )   --->   "%bnn_top_int_const_unsigned_int_const_int_const_unsigned_int_const_int_co_384 = load i9 %bnn_top_int_const_unsigned_int_const_int_const_unsigned_int_const_int_co_376" [bnn.cpp:119]   --->   Operation 207 'load' 'bnn_top_int_const_unsigned_int_const_int_const_unsigned_int_const_int_co_384' <Predicate = (!icmp_ln110 & trunc_ln111 == 1)> <Delay = 0.67> <CoreInst = "RAM">   --->   Core 82 'RAM' <Latency = 1> <II = 1> <Delay = 0.67> <Storage> <Opcode : 'load' 'store'> <Ports = 2> <Width = 1> <Depth = 512> <RAM>
ST_5 : Operation 208 [1/2] ( I:0.67ns O:0.67ns )   --->   "%bnn_top_int_const_unsigned_int_const_int_const_unsigned_int_const_int_co_385 = load i9 %bnn_top_int_const_unsigned_int_const_int_const_unsigned_int_const_int_co_377" [bnn.cpp:119]   --->   Operation 208 'load' 'bnn_top_int_const_unsigned_int_const_int_const_unsigned_int_const_int_co_385' <Predicate = (!icmp_ln110 & trunc_ln111 == 2)> <Delay = 0.67> <CoreInst = "RAM">   --->   Core 82 'RAM' <Latency = 1> <II = 1> <Delay = 0.67> <Storage> <Opcode : 'load' 'store'> <Ports = 2> <Width = 1> <Depth = 512> <RAM>
ST_5 : Operation 209 [1/2] ( I:0.67ns O:0.67ns )   --->   "%bnn_top_int_const_unsigned_int_const_int_const_unsigned_int_const_int_co_386 = load i9 %bnn_top_int_const_unsigned_int_const_int_const_unsigned_int_const_int_co_378" [bnn.cpp:119]   --->   Operation 209 'load' 'bnn_top_int_const_unsigned_int_const_int_const_unsigned_int_const_int_co_386' <Predicate = (!icmp_ln110 & trunc_ln111 == 3)> <Delay = 0.67> <CoreInst = "RAM">   --->   Core 82 'RAM' <Latency = 1> <II = 1> <Delay = 0.67> <Storage> <Opcode : 'load' 'store'> <Ports = 2> <Width = 1> <Depth = 512> <RAM>
ST_5 : Operation 210 [1/2] ( I:0.67ns O:0.67ns )   --->   "%bnn_top_int_const_unsigned_int_const_int_const_unsigned_int_const_int_co_387 = load i9 %bnn_top_int_const_unsigned_int_const_int_const_unsigned_int_const_int_co_379" [bnn.cpp:119]   --->   Operation 210 'load' 'bnn_top_int_const_unsigned_int_const_int_const_unsigned_int_const_int_co_387' <Predicate = (!icmp_ln110 & trunc_ln111 == 4)> <Delay = 0.67> <CoreInst = "RAM">   --->   Core 82 'RAM' <Latency = 1> <II = 1> <Delay = 0.67> <Storage> <Opcode : 'load' 'store'> <Ports = 2> <Width = 1> <Depth = 512> <RAM>
ST_5 : Operation 211 [1/2] ( I:0.67ns O:0.67ns )   --->   "%bnn_top_int_const_unsigned_int_const_int_const_unsigned_int_const_int_co_388 = load i9 %bnn_top_int_const_unsigned_int_const_int_const_unsigned_int_const_int_co_380" [bnn.cpp:119]   --->   Operation 211 'load' 'bnn_top_int_const_unsigned_int_const_int_const_unsigned_int_const_int_co_388' <Predicate = (!icmp_ln110 & trunc_ln111 == 5)> <Delay = 0.67> <CoreInst = "RAM">   --->   Core 82 'RAM' <Latency = 1> <II = 1> <Delay = 0.67> <Storage> <Opcode : 'load' 'store'> <Ports = 2> <Width = 1> <Depth = 512> <RAM>
ST_5 : Operation 212 [1/2] ( I:0.67ns O:0.67ns )   --->   "%bnn_top_int_const_unsigned_int_const_int_const_unsigned_int_const_int_co_389 = load i9 %bnn_top_int_const_unsigned_int_const_int_const_unsigned_int_const_int_co_381" [bnn.cpp:119]   --->   Operation 212 'load' 'bnn_top_int_const_unsigned_int_const_int_const_unsigned_int_const_int_co_389' <Predicate = (!icmp_ln110 & trunc_ln111 == 6)> <Delay = 0.67> <CoreInst = "RAM">   --->   Core 82 'RAM' <Latency = 1> <II = 1> <Delay = 0.67> <Storage> <Opcode : 'load' 'store'> <Ports = 2> <Width = 1> <Depth = 512> <RAM>
ST_5 : Operation 213 [1/2] ( I:0.67ns O:0.67ns )   --->   "%bnn_top_int_const_unsigned_int_const_int_const_unsigned_int_const_int_co_390 = load i9 %bnn_top_int_const_unsigned_int_const_int_const_unsigned_int_const_int_co_382" [bnn.cpp:119]   --->   Operation 213 'load' 'bnn_top_int_const_unsigned_int_const_int_const_unsigned_int_const_int_co_390' <Predicate = (!icmp_ln110 & trunc_ln111 == 7)> <Delay = 0.67> <CoreInst = "RAM">   --->   Core 82 'RAM' <Latency = 1> <II = 1> <Delay = 0.67> <Storage> <Opcode : 'load' 'store'> <Ports = 2> <Width = 1> <Depth = 512> <RAM>
ST_5 : Operation 214 [1/1] (0.72ns)   --->   "%a_9 = sparsemux i1 @_ssdm_op_SparseMux.ap_auto.8i1.i1.i3, i3 0, i1 %bnn_top_int_const_unsigned_int_const_int_const_unsigned_int_const_int_co_383, i3 1, i1 %bnn_top_int_const_unsigned_int_const_int_const_unsigned_int_const_int_co_384, i3 2, i1 %bnn_top_int_const_unsigned_int_const_int_const_unsigned_int_const_int_co_385, i3 3, i1 %bnn_top_int_const_unsigned_int_const_int_const_unsigned_int_const_int_co_386, i3 4, i1 %bnn_top_int_const_unsigned_int_const_int_const_unsigned_int_const_int_co_387, i3 5, i1 %bnn_top_int_const_unsigned_int_const_int_const_unsigned_int_const_int_co_388, i3 6, i1 %bnn_top_int_const_unsigned_int_const_int_const_unsigned_int_const_int_co_389, i3 7, i1 %bnn_top_int_const_unsigned_int_const_int_const_unsigned_int_const_int_co_390, i1 0, i3 %trunc_ln111" [bnn.cpp:119]   --->   Operation 214 'sparsemux' 'a_9' <Predicate = (!icmp_ln110)> <Delay = 0.72> <CoreInst = "BinarySparseMux_DontCare">   --->   Core 149 'BinarySparseMux_DontCare' <Latency = 0> <II = 1> <Delay = 0.72> <FuncUnit> <Opcode : 'sparsemux'> <InPorts = 2> <OutPorts = 1>
ST_5 : Operation 215 [1/2] ( I:0.00ns O:0.00ns )   --->   "%W3_0_load_4 = load i10 %W3_0_addr_4" [bnn.cpp:120]   --->   Operation 215 'load' 'W3_0_load_4' <Predicate = (!icmp_ln110)> <Delay = 0.00> <CoreInst = "RAM">   --->   Core 82 'RAM' <Latency = 1> <II = 1> <Delay = 1.23> <Storage> <Opcode : 'load' 'store'> <Ports = 2> <Width = 32> <Depth = 576> <RAM>
ST_5 : Operation 216 [1/2] ( I:0.00ns O:0.00ns )   --->   "%W3_1_load_4 = load i10 %W3_1_addr_4" [bnn.cpp:120]   --->   Operation 216 'load' 'W3_1_load_4' <Predicate = (!icmp_ln110)> <Delay = 0.00> <CoreInst = "RAM">   --->   Core 82 'RAM' <Latency = 1> <II = 1> <Delay = 1.23> <Storage> <Opcode : 'load' 'store'> <Ports = 2> <Width = 32> <Depth = 576> <RAM>
ST_5 : Operation 217 [1/1] (0.44ns)   --->   "%select_ln120_4 = select i1 %tmp_69, i32 %W3_1_load_4, i32 %W3_0_load_4" [bnn.cpp:120]   --->   Operation 217 'select' 'select_ln120_4' <Predicate = (!icmp_ln110)> <Delay = 0.44> <CoreInst = "Sel">   --->   Core 73 'Sel' <Latency = 0> <II = 1> <Delay = 0.44> <FuncUnit> <Opcode : 'select'> <InPorts = 3> <OutPorts = 1>
ST_5 : Operation 218 [1/1] (0.78ns)   --->   "%add_ln120_8 = add i5 %trunc_ln120, i5 4" [bnn.cpp:120]   --->   Operation 218 'add' 'add_ln120_8' <Predicate = (!icmp_ln110)> <Delay = 0.78> <CoreInst = "Adder">   --->   Core 1 'Adder' <Latency = 0> <II = 1> <Delay = 0.78> <FuncUnit> <Opcode : 'add' 'sub'> <InPorts = 2> <OutPorts = 1>
ST_5 : Operation 219 [1/1] (0.00ns)   --->   "%zext_ln120_14 = zext i5 %add_ln120_8" [bnn.cpp:120]   --->   Operation 219 'zext' 'zext_ln120_14' <Predicate = (!icmp_ln110)> <Delay = 0.00>
ST_5 : Operation 220 [1/1] (1.38ns)   --->   "%lshr_ln120_7 = lshr i32 %select_ln120_4, i32 %zext_ln120_14" [bnn.cpp:120]   --->   Operation 220 'lshr' 'lshr_ln120_7' <Predicate = (!icmp_ln110)> <Delay = 1.38> <CoreInst = "Shifter">   --->   Core 75 'Shifter' <Latency = 0> <II = 1> <Delay = 1.38> <FuncUnit> <Opcode : 'shl' 'lshr' 'ashr'> <InPorts = 2> <OutPorts = 1>
ST_5 : Operation 221 [1/2] ( I:0.67ns O:0.67ns )   --->   "%bnn_top_int_const_unsigned_int_const_int_const_unsigned_int_const_int_co_399 = load i9 %bnn_top_int_const_unsigned_int_const_int_const_unsigned_int_const_int_co_391" [bnn.cpp:119]   --->   Operation 221 'load' 'bnn_top_int_const_unsigned_int_const_int_const_unsigned_int_const_int_co_399' <Predicate = (!icmp_ln110 & !tmp_60 & trunc_ln111 == 7)> <Delay = 0.67> <CoreInst = "RAM">   --->   Core 82 'RAM' <Latency = 1> <II = 1> <Delay = 0.67> <Storage> <Opcode : 'load' 'store'> <Ports = 2> <Width = 1> <Depth = 512> <RAM>
ST_5 : Operation 222 [1/2] ( I:0.67ns O:0.67ns )   --->   "%bnn_top_int_const_unsigned_int_const_int_const_unsigned_int_const_int_co_400 = load i9 %bnn_top_int_const_unsigned_int_const_int_const_unsigned_int_const_int_co_392" [bnn.cpp:119]   --->   Operation 222 'load' 'bnn_top_int_const_unsigned_int_const_int_const_unsigned_int_const_int_co_400' <Predicate = (!icmp_ln110 & !tmp_60 & trunc_ln111 == 0)> <Delay = 0.67> <CoreInst = "RAM">   --->   Core 82 'RAM' <Latency = 1> <II = 1> <Delay = 0.67> <Storage> <Opcode : 'load' 'store'> <Ports = 2> <Width = 1> <Depth = 512> <RAM>
ST_5 : Operation 223 [1/2] ( I:0.67ns O:0.67ns )   --->   "%bnn_top_int_const_unsigned_int_const_int_const_unsigned_int_const_int_co_401 = load i9 %bnn_top_int_const_unsigned_int_const_int_const_unsigned_int_const_int_co_393" [bnn.cpp:119]   --->   Operation 223 'load' 'bnn_top_int_const_unsigned_int_const_int_const_unsigned_int_const_int_co_401' <Predicate = (!icmp_ln110 & !tmp_60 & trunc_ln111 == 1)> <Delay = 0.67> <CoreInst = "RAM">   --->   Core 82 'RAM' <Latency = 1> <II = 1> <Delay = 0.67> <Storage> <Opcode : 'load' 'store'> <Ports = 2> <Width = 1> <Depth = 512> <RAM>
ST_5 : Operation 224 [1/2] ( I:0.67ns O:0.67ns )   --->   "%bnn_top_int_const_unsigned_int_const_int_const_unsigned_int_const_int_co_402 = load i9 %bnn_top_int_const_unsigned_int_const_int_const_unsigned_int_const_int_co_394" [bnn.cpp:119]   --->   Operation 224 'load' 'bnn_top_int_const_unsigned_int_const_int_const_unsigned_int_const_int_co_402' <Predicate = (!icmp_ln110 & !tmp_60 & trunc_ln111 == 2)> <Delay = 0.67> <CoreInst = "RAM">   --->   Core 82 'RAM' <Latency = 1> <II = 1> <Delay = 0.67> <Storage> <Opcode : 'load' 'store'> <Ports = 2> <Width = 1> <Depth = 512> <RAM>
ST_5 : Operation 225 [1/2] ( I:0.67ns O:0.67ns )   --->   "%bnn_top_int_const_unsigned_int_const_int_const_unsigned_int_const_int_co_403 = load i9 %bnn_top_int_const_unsigned_int_const_int_const_unsigned_int_const_int_co_395" [bnn.cpp:119]   --->   Operation 225 'load' 'bnn_top_int_const_unsigned_int_const_int_const_unsigned_int_const_int_co_403' <Predicate = (!icmp_ln110 & !tmp_60 & trunc_ln111 == 3)> <Delay = 0.67> <CoreInst = "RAM">   --->   Core 82 'RAM' <Latency = 1> <II = 1> <Delay = 0.67> <Storage> <Opcode : 'load' 'store'> <Ports = 2> <Width = 1> <Depth = 512> <RAM>
ST_5 : Operation 226 [1/2] ( I:0.67ns O:0.67ns )   --->   "%bnn_top_int_const_unsigned_int_const_int_const_unsigned_int_const_int_co_404 = load i9 %bnn_top_int_const_unsigned_int_const_int_const_unsigned_int_const_int_co_396" [bnn.cpp:119]   --->   Operation 226 'load' 'bnn_top_int_const_unsigned_int_const_int_const_unsigned_int_const_int_co_404' <Predicate = (!icmp_ln110 & !tmp_60 & trunc_ln111 == 4)> <Delay = 0.67> <CoreInst = "RAM">   --->   Core 82 'RAM' <Latency = 1> <II = 1> <Delay = 0.67> <Storage> <Opcode : 'load' 'store'> <Ports = 2> <Width = 1> <Depth = 512> <RAM>
ST_5 : Operation 227 [1/2] ( I:0.67ns O:0.67ns )   --->   "%bnn_top_int_const_unsigned_int_const_int_const_unsigned_int_const_int_co_405 = load i9 %bnn_top_int_const_unsigned_int_const_int_const_unsigned_int_const_int_co_397" [bnn.cpp:119]   --->   Operation 227 'load' 'bnn_top_int_const_unsigned_int_const_int_const_unsigned_int_const_int_co_405' <Predicate = (!icmp_ln110 & !tmp_60 & trunc_ln111 == 5)> <Delay = 0.67> <CoreInst = "RAM">   --->   Core 82 'RAM' <Latency = 1> <II = 1> <Delay = 0.67> <Storage> <Opcode : 'load' 'store'> <Ports = 2> <Width = 1> <Depth = 512> <RAM>
ST_5 : Operation 228 [1/2] ( I:0.67ns O:0.67ns )   --->   "%bnn_top_int_const_unsigned_int_const_int_const_unsigned_int_const_int_co_406 = load i9 %bnn_top_int_const_unsigned_int_const_int_const_unsigned_int_const_int_co_398" [bnn.cpp:119]   --->   Operation 228 'load' 'bnn_top_int_const_unsigned_int_const_int_const_unsigned_int_const_int_co_406' <Predicate = (!icmp_ln110 & !tmp_60 & trunc_ln111 == 6)> <Delay = 0.67> <CoreInst = "RAM">   --->   Core 82 'RAM' <Latency = 1> <II = 1> <Delay = 0.67> <Storage> <Opcode : 'load' 'store'> <Ports = 2> <Width = 1> <Depth = 512> <RAM>
ST_5 : Operation 229 [1/1] (0.72ns)   --->   "%a_10 = sparsemux i1 @_ssdm_op_SparseMux.ap_auto.8i1.i1.i3, i3 7, i1 %bnn_top_int_const_unsigned_int_const_int_const_unsigned_int_const_int_co_399, i3 0, i1 %bnn_top_int_const_unsigned_int_const_int_const_unsigned_int_const_int_co_400, i3 1, i1 %bnn_top_int_const_unsigned_int_const_int_const_unsigned_int_const_int_co_401, i3 2, i1 %bnn_top_int_const_unsigned_int_const_int_const_unsigned_int_const_int_co_402, i3 3, i1 %bnn_top_int_const_unsigned_int_const_int_const_unsigned_int_const_int_co_403, i3 4, i1 %bnn_top_int_const_unsigned_int_const_int_const_unsigned_int_const_int_co_404, i3 5, i1 %bnn_top_int_const_unsigned_int_const_int_const_unsigned_int_const_int_co_405, i3 6, i1 %bnn_top_int_const_unsigned_int_const_int_const_unsigned_int_const_int_co_406, i1 0, i3 %trunc_ln111" [bnn.cpp:119]   --->   Operation 229 'sparsemux' 'a_10' <Predicate = (!icmp_ln110 & !tmp_60)> <Delay = 0.72> <CoreInst = "BinarySparseMux_DontCare">   --->   Core 149 'BinarySparseMux_DontCare' <Latency = 0> <II = 1> <Delay = 0.72> <FuncUnit> <Opcode : 'sparsemux'> <InPorts = 2> <OutPorts = 1>
ST_5 : Operation 230 [1/2] ( I:0.00ns O:0.00ns )   --->   "%W3_0_load_5 = load i10 %W3_0_addr_5" [bnn.cpp:120]   --->   Operation 230 'load' 'W3_0_load_5' <Predicate = (!icmp_ln110 & !tmp_60)> <Delay = 0.00> <CoreInst = "RAM">   --->   Core 82 'RAM' <Latency = 1> <II = 1> <Delay = 1.23> <Storage> <Opcode : 'load' 'store'> <Ports = 2> <Width = 32> <Depth = 576> <RAM>
ST_5 : Operation 231 [1/2] ( I:0.00ns O:0.00ns )   --->   "%W3_1_load_5 = load i10 %W3_1_addr_5" [bnn.cpp:120]   --->   Operation 231 'load' 'W3_1_load_5' <Predicate = (!icmp_ln110 & !tmp_60)> <Delay = 0.00> <CoreInst = "RAM">   --->   Core 82 'RAM' <Latency = 1> <II = 1> <Delay = 1.23> <Storage> <Opcode : 'load' 'store'> <Ports = 2> <Width = 32> <Depth = 576> <RAM>
ST_5 : Operation 232 [1/1] (0.44ns)   --->   "%select_ln120_5 = select i1 %tmp_70, i32 %W3_1_load_5, i32 %W3_0_load_5" [bnn.cpp:120]   --->   Operation 232 'select' 'select_ln120_5' <Predicate = (!icmp_ln110 & !tmp_60)> <Delay = 0.44> <CoreInst = "Sel">   --->   Core 73 'Sel' <Latency = 0> <II = 1> <Delay = 0.44> <FuncUnit> <Opcode : 'select'> <InPorts = 3> <OutPorts = 1>
ST_5 : Operation 233 [1/1] (0.78ns)   --->   "%add_ln120_10 = add i5 %trunc_ln120, i5 5" [bnn.cpp:120]   --->   Operation 233 'add' 'add_ln120_10' <Predicate = (!icmp_ln110 & !tmp_60)> <Delay = 0.78> <CoreInst = "Adder">   --->   Core 1 'Adder' <Latency = 0> <II = 1> <Delay = 0.78> <FuncUnit> <Opcode : 'add' 'sub'> <InPorts = 2> <OutPorts = 1>
ST_5 : Operation 234 [1/1] (0.00ns)   --->   "%zext_ln120_15 = zext i5 %add_ln120_10" [bnn.cpp:120]   --->   Operation 234 'zext' 'zext_ln120_15' <Predicate = (!icmp_ln110 & !tmp_60)> <Delay = 0.00>
ST_5 : Operation 235 [1/1] (1.38ns)   --->   "%lshr_ln120_9 = lshr i32 %select_ln120_5, i32 %zext_ln120_15" [bnn.cpp:120]   --->   Operation 235 'lshr' 'lshr_ln120_9' <Predicate = (!icmp_ln110 & !tmp_60)> <Delay = 1.38> <CoreInst = "Shifter">   --->   Core 75 'Shifter' <Latency = 0> <II = 1> <Delay = 1.38> <FuncUnit> <Opcode : 'shl' 'lshr' 'ashr'> <InPorts = 2> <OutPorts = 1>
ST_5 : Operation 236 [1/1] (0.78ns)   --->   "%add_ln119_8 = add i7 %zext_ln117, i7 %sext_ln118" [bnn.cpp:119]   --->   Operation 236 'add' 'add_ln119_8' <Predicate = (!icmp_ln110)> <Delay = 0.78> <CoreInst = "Adder">   --->   Core 1 'Adder' <Latency = 0> <II = 1> <Delay = 0.78> <FuncUnit> <Opcode : 'add' 'sub'> <InPorts = 2> <OutPorts = 1>
ST_5 : Operation 237 [1/1] (0.00ns)   --->   "%sext_ln119 = sext i7 %add_ln119_8" [bnn.cpp:119]   --->   Operation 237 'sext' 'sext_ln119' <Predicate = (!icmp_ln110)> <Delay = 0.00>
ST_5 : Operation 238 [1/1] (0.00ns)   --->   "%or_ln = bitconcatenate i12 @_ssdm_op_BitConcatenate.i12.i6.i6, i6 %trunc_ln119, i6 8" [bnn.cpp:119]   --->   Operation 238 'bitconcatenate' 'or_ln' <Predicate = (!icmp_ln110)> <Delay = 0.00>
ST_5 : Operation 239 [1/1] (0.80ns)   --->   "%add_ln119_9 = add i12 %or_ln, i12 %sext_ln119" [bnn.cpp:119]   --->   Operation 239 'add' 'add_ln119_9' <Predicate = (!icmp_ln110)> <Delay = 0.80> <CoreInst = "Adder">   --->   Core 1 'Adder' <Latency = 0> <II = 1> <Delay = 0.80> <FuncUnit> <Opcode : 'add' 'sub'> <InPorts = 2> <OutPorts = 1>
ST_5 : Operation 240 [1/1] (0.00ns)   --->   "%lshr_ln119_5 = partselect i9 @_ssdm_op_PartSelect.i9.i12.i32.i32, i12 %add_ln119_9, i32 3, i32 11" [bnn.cpp:119]   --->   Operation 240 'partselect' 'lshr_ln119_5' <Predicate = (!icmp_ln110)> <Delay = 0.00>
ST_5 : Operation 241 [1/1] (0.00ns)   --->   "%zext_ln119_6 = zext i9 %lshr_ln119_5" [bnn.cpp:119]   --->   Operation 241 'zext' 'zext_ln119_6' <Predicate = (!icmp_ln110)> <Delay = 0.00>
ST_5 : Operation 242 [1/1] (0.00ns)   --->   "%bnn_top_int_const_unsigned_int_const_int_const_unsigned_int_const_int_co_407 = getelementptr i1 %bnn_top_int_const_unsigned_int_const_int_const_unsigned_int_const_int_co_12, i64 0, i64 %zext_ln119_6" [bnn.cpp:119]   --->   Operation 242 'getelementptr' 'bnn_top_int_const_unsigned_int_const_int_const_unsigned_int_const_int_co_407' <Predicate = (!icmp_ln110 & trunc_ln111 == 1)> <Delay = 0.00>
ST_5 : Operation 243 [1/1] (0.00ns)   --->   "%bnn_top_int_const_unsigned_int_const_int_const_unsigned_int_const_int_co_408 = getelementptr i1 %bnn_top_int_const_unsigned_int_const_int_const_unsigned_int_const_int_co_6, i64 0, i64 %zext_ln119_6" [bnn.cpp:119]   --->   Operation 243 'getelementptr' 'bnn_top_int_const_unsigned_int_const_int_const_unsigned_int_const_int_co_408' <Predicate = (!icmp_ln110 & trunc_ln111 == 2)> <Delay = 0.00>
ST_5 : Operation 244 [1/1] (0.00ns)   --->   "%bnn_top_int_const_unsigned_int_const_int_const_unsigned_int_const_int_co_409 = getelementptr i1 %bnn_top_int_const_unsigned_int_const_int_const_unsigned_int_const_int_co_5, i64 0, i64 %zext_ln119_6" [bnn.cpp:119]   --->   Operation 244 'getelementptr' 'bnn_top_int_const_unsigned_int_const_int_const_unsigned_int_const_int_co_409' <Predicate = (!icmp_ln110 & trunc_ln111 == 3)> <Delay = 0.00>
ST_5 : Operation 245 [1/1] (0.00ns)   --->   "%bnn_top_int_const_unsigned_int_const_int_const_unsigned_int_const_int_co_410 = getelementptr i1 %bnn_top_int_const_unsigned_int_const_int_const_unsigned_int_const_int_co_11, i64 0, i64 %zext_ln119_6" [bnn.cpp:119]   --->   Operation 245 'getelementptr' 'bnn_top_int_const_unsigned_int_const_int_const_unsigned_int_const_int_co_410' <Predicate = (!icmp_ln110 & trunc_ln111 == 4)> <Delay = 0.00>
ST_5 : Operation 246 [1/1] (0.00ns)   --->   "%bnn_top_int_const_unsigned_int_const_int_const_unsigned_int_const_int_co_411 = getelementptr i1 %bnn_top_int_const_unsigned_int_const_int_const_unsigned_int_const_int_co_10, i64 0, i64 %zext_ln119_6" [bnn.cpp:119]   --->   Operation 246 'getelementptr' 'bnn_top_int_const_unsigned_int_const_int_const_unsigned_int_const_int_co_411' <Predicate = (!icmp_ln110 & trunc_ln111 == 5)> <Delay = 0.00>
ST_5 : Operation 247 [1/1] (0.00ns)   --->   "%bnn_top_int_const_unsigned_int_const_int_const_unsigned_int_const_int_co_412 = getelementptr i1 %bnn_top_int_const_unsigned_int_const_int_const_unsigned_int_const_int_co_9, i64 0, i64 %zext_ln119_6" [bnn.cpp:119]   --->   Operation 247 'getelementptr' 'bnn_top_int_const_unsigned_int_const_int_const_unsigned_int_const_int_co_412' <Predicate = (!icmp_ln110 & trunc_ln111 == 6)> <Delay = 0.00>
ST_5 : Operation 248 [1/1] (0.00ns)   --->   "%bnn_top_int_const_unsigned_int_const_int_const_unsigned_int_const_int_co_413 = getelementptr i1 %bnn_top_int_const_unsigned_int_const_int_const_unsigned_int_const_int_co_8, i64 0, i64 %zext_ln119_6" [bnn.cpp:119]   --->   Operation 248 'getelementptr' 'bnn_top_int_const_unsigned_int_const_int_const_unsigned_int_const_int_co_413' <Predicate = (!icmp_ln110 & trunc_ln111 == 7)> <Delay = 0.00>
ST_5 : Operation 249 [1/1] (0.00ns)   --->   "%bnn_top_int_const_unsigned_int_const_int_const_unsigned_int_const_int_co_414 = getelementptr i1 %bnn_top_int_const_unsigned_int_const_int_const_unsigned_int_const_int_co_7, i64 0, i64 %zext_ln119_6" [bnn.cpp:119]   --->   Operation 249 'getelementptr' 'bnn_top_int_const_unsigned_int_const_int_const_unsigned_int_const_int_co_414' <Predicate = (!icmp_ln110 & trunc_ln111 == 0)> <Delay = 0.00>
ST_5 : Operation 250 [2/2] (0.67ns)   --->   "%bnn_top_int_const_unsigned_int_const_int_const_unsigned_int_const_int_co_415 = load i9 %bnn_top_int_const_unsigned_int_const_int_const_unsigned_int_const_int_co_407" [bnn.cpp:119]   --->   Operation 250 'load' 'bnn_top_int_const_unsigned_int_const_int_const_unsigned_int_const_int_co_415' <Predicate = (!icmp_ln110 & trunc_ln111 == 1)> <Delay = 0.67> <CoreInst = "RAM">   --->   Core 82 'RAM' <Latency = 1> <II = 1> <Delay = 0.67> <Storage> <Opcode : 'load' 'store'> <Ports = 2> <Width = 1> <Depth = 512> <RAM>
ST_5 : Operation 251 [2/2] (0.67ns)   --->   "%bnn_top_int_const_unsigned_int_const_int_const_unsigned_int_const_int_co_416 = load i9 %bnn_top_int_const_unsigned_int_const_int_const_unsigned_int_const_int_co_408" [bnn.cpp:119]   --->   Operation 251 'load' 'bnn_top_int_const_unsigned_int_const_int_const_unsigned_int_const_int_co_416' <Predicate = (!icmp_ln110 & trunc_ln111 == 2)> <Delay = 0.67> <CoreInst = "RAM">   --->   Core 82 'RAM' <Latency = 1> <II = 1> <Delay = 0.67> <Storage> <Opcode : 'load' 'store'> <Ports = 2> <Width = 1> <Depth = 512> <RAM>
ST_5 : Operation 252 [2/2] (0.67ns)   --->   "%bnn_top_int_const_unsigned_int_const_int_const_unsigned_int_const_int_co_417 = load i9 %bnn_top_int_const_unsigned_int_const_int_const_unsigned_int_const_int_co_409" [bnn.cpp:119]   --->   Operation 252 'load' 'bnn_top_int_const_unsigned_int_const_int_const_unsigned_int_const_int_co_417' <Predicate = (!icmp_ln110 & trunc_ln111 == 3)> <Delay = 0.67> <CoreInst = "RAM">   --->   Core 82 'RAM' <Latency = 1> <II = 1> <Delay = 0.67> <Storage> <Opcode : 'load' 'store'> <Ports = 2> <Width = 1> <Depth = 512> <RAM>
ST_5 : Operation 253 [2/2] (0.67ns)   --->   "%bnn_top_int_const_unsigned_int_const_int_const_unsigned_int_const_int_co_418 = load i9 %bnn_top_int_const_unsigned_int_const_int_const_unsigned_int_const_int_co_410" [bnn.cpp:119]   --->   Operation 253 'load' 'bnn_top_int_const_unsigned_int_const_int_const_unsigned_int_const_int_co_418' <Predicate = (!icmp_ln110 & trunc_ln111 == 4)> <Delay = 0.67> <CoreInst = "RAM">   --->   Core 82 'RAM' <Latency = 1> <II = 1> <Delay = 0.67> <Storage> <Opcode : 'load' 'store'> <Ports = 2> <Width = 1> <Depth = 512> <RAM>
ST_5 : Operation 254 [2/2] (0.67ns)   --->   "%bnn_top_int_const_unsigned_int_const_int_const_unsigned_int_const_int_co_419 = load i9 %bnn_top_int_const_unsigned_int_const_int_const_unsigned_int_const_int_co_411" [bnn.cpp:119]   --->   Operation 254 'load' 'bnn_top_int_const_unsigned_int_const_int_const_unsigned_int_const_int_co_419' <Predicate = (!icmp_ln110 & trunc_ln111 == 5)> <Delay = 0.67> <CoreInst = "RAM">   --->   Core 82 'RAM' <Latency = 1> <II = 1> <Delay = 0.67> <Storage> <Opcode : 'load' 'store'> <Ports = 2> <Width = 1> <Depth = 512> <RAM>
ST_5 : Operation 255 [2/2] (0.67ns)   --->   "%bnn_top_int_const_unsigned_int_const_int_const_unsigned_int_const_int_co_420 = load i9 %bnn_top_int_const_unsigned_int_const_int_const_unsigned_int_const_int_co_412" [bnn.cpp:119]   --->   Operation 255 'load' 'bnn_top_int_const_unsigned_int_const_int_const_unsigned_int_const_int_co_420' <Predicate = (!icmp_ln110 & trunc_ln111 == 6)> <Delay = 0.67> <CoreInst = "RAM">   --->   Core 82 'RAM' <Latency = 1> <II = 1> <Delay = 0.67> <Storage> <Opcode : 'load' 'store'> <Ports = 2> <Width = 1> <Depth = 512> <RAM>
ST_5 : Operation 256 [2/2] (0.67ns)   --->   "%bnn_top_int_const_unsigned_int_const_int_const_unsigned_int_const_int_co_421 = load i9 %bnn_top_int_const_unsigned_int_const_int_const_unsigned_int_const_int_co_413" [bnn.cpp:119]   --->   Operation 256 'load' 'bnn_top_int_const_unsigned_int_const_int_const_unsigned_int_const_int_co_421' <Predicate = (!icmp_ln110 & trunc_ln111 == 7)> <Delay = 0.67> <CoreInst = "RAM">   --->   Core 82 'RAM' <Latency = 1> <II = 1> <Delay = 0.67> <Storage> <Opcode : 'load' 'store'> <Ports = 2> <Width = 1> <Depth = 512> <RAM>
ST_5 : Operation 257 [2/2] (0.67ns)   --->   "%bnn_top_int_const_unsigned_int_const_int_const_unsigned_int_const_int_co_422 = load i9 %bnn_top_int_const_unsigned_int_const_int_const_unsigned_int_const_int_co_414" [bnn.cpp:119]   --->   Operation 257 'load' 'bnn_top_int_const_unsigned_int_const_int_const_unsigned_int_const_int_co_422' <Predicate = (!icmp_ln110 & trunc_ln111 == 0)> <Delay = 0.67> <CoreInst = "RAM">   --->   Core 82 'RAM' <Latency = 1> <II = 1> <Delay = 0.67> <Storage> <Opcode : 'load' 'store'> <Ports = 2> <Width = 1> <Depth = 512> <RAM>
ST_5 : Operation 258 [1/1] (0.85ns)   --->   "%add_ln120_11 = add i16 %add_ln120, i16 6" [bnn.cpp:120]   --->   Operation 258 'add' 'add_ln120_11' <Predicate = (!icmp_ln110)> <Delay = 0.85> <CoreInst = "Adder">   --->   Core 1 'Adder' <Latency = 0> <II = 1> <Delay = 0.85> <FuncUnit> <Opcode : 'add' 'sub'> <InPorts = 2> <OutPorts = 1>
ST_5 : Operation 259 [1/1] (0.00ns)   --->   "%lshr_ln120_10 = partselect i10 @_ssdm_op_PartSelect.i10.i16.i32.i32, i16 %add_ln120_11, i32 6, i32 15" [bnn.cpp:120]   --->   Operation 259 'partselect' 'lshr_ln120_10' <Predicate = (!icmp_ln110)> <Delay = 0.00>
ST_5 : Operation 260 [1/1] (0.00ns)   --->   "%zext_ln120_6 = zext i10 %lshr_ln120_10" [bnn.cpp:120]   --->   Operation 260 'zext' 'zext_ln120_6' <Predicate = (!icmp_ln110)> <Delay = 0.00>
ST_5 : Operation 261 [1/1] (0.00ns)   --->   "%W3_0_addr_6 = getelementptr i32 %W3_0, i64 0, i64 %zext_ln120_6" [bnn.cpp:120]   --->   Operation 261 'getelementptr' 'W3_0_addr_6' <Predicate = (!icmp_ln110)> <Delay = 0.00>
ST_5 : Operation 262 [2/2] (0.00ns)   --->   "%W3_0_load_6 = load i10 %W3_0_addr_6" [bnn.cpp:120]   --->   Operation 262 'load' 'W3_0_load_6' <Predicate = (!icmp_ln110)> <Delay = 0.00> <CoreInst = "RAM">   --->   Core 82 'RAM' <Latency = 1> <II = 1> <Delay = 1.23> <Storage> <Opcode : 'load' 'store'> <Ports = 2> <Width = 32> <Depth = 576> <RAM>
ST_5 : Operation 263 [1/1] (0.00ns)   --->   "%W3_1_addr_6 = getelementptr i32 %W3_1, i64 0, i64 %zext_ln120_6" [bnn.cpp:120]   --->   Operation 263 'getelementptr' 'W3_1_addr_6' <Predicate = (!icmp_ln110)> <Delay = 0.00>
ST_5 : Operation 264 [2/2] (0.00ns)   --->   "%W3_1_load_6 = load i10 %W3_1_addr_6" [bnn.cpp:120]   --->   Operation 264 'load' 'W3_1_load_6' <Predicate = (!icmp_ln110)> <Delay = 0.00> <CoreInst = "RAM">   --->   Core 82 'RAM' <Latency = 1> <II = 1> <Delay = 1.23> <Storage> <Opcode : 'load' 'store'> <Ports = 2> <Width = 32> <Depth = 576> <RAM>
ST_5 : Operation 265 [1/1] (0.00ns)   --->   "%tmp_71 = bitselect i1 @_ssdm_op_BitSelect.i1.i16.i32, i16 %add_ln120_11, i32 5" [bnn.cpp:120]   --->   Operation 265 'bitselect' 'tmp_71' <Predicate = (!icmp_ln110)> <Delay = 0.00>
ST_5 : Operation 266 [1/1] (0.77ns)   --->   "%add_ln119_10 = add i9 %shl_ln8, i9 %zext_ln118_2" [bnn.cpp:119]   --->   Operation 266 'add' 'add_ln119_10' <Predicate = (!icmp_ln110)> <Delay = 0.77> <CoreInst = "Adder">   --->   Core 1 'Adder' <Latency = 0> <II = 1> <Delay = 0.77> <FuncUnit> <Opcode : 'add' 'sub'> <InPorts = 2> <OutPorts = 1>
ST_5 : Operation 267 [1/1] (0.00ns)   --->   "%zext_ln119_7 = zext i9 %add_ln119_10" [bnn.cpp:119]   --->   Operation 267 'zext' 'zext_ln119_7' <Predicate = (!icmp_ln110 & !tmp_55)> <Delay = 0.00>
ST_5 : Operation 268 [1/1] (0.00ns)   --->   "%bnn_top_int_const_unsigned_int_const_int_const_unsigned_int_const_int_co_423 = getelementptr i1 %bnn_top_int_const_unsigned_int_const_int_const_unsigned_int_const_int_co_12, i64 0, i64 %zext_ln119_7" [bnn.cpp:119]   --->   Operation 268 'getelementptr' 'bnn_top_int_const_unsigned_int_const_int_const_unsigned_int_const_int_co_423' <Predicate = (!icmp_ln110 & !tmp_55 & trunc_ln111 == 0)> <Delay = 0.00>
ST_5 : Operation 269 [1/1] (0.00ns)   --->   "%bnn_top_int_const_unsigned_int_const_int_const_unsigned_int_const_int_co_424 = getelementptr i1 %bnn_top_int_const_unsigned_int_const_int_const_unsigned_int_const_int_co_6, i64 0, i64 %zext_ln119_7" [bnn.cpp:119]   --->   Operation 269 'getelementptr' 'bnn_top_int_const_unsigned_int_const_int_const_unsigned_int_const_int_co_424' <Predicate = (!icmp_ln110 & !tmp_55 & trunc_ln111 == 1)> <Delay = 0.00>
ST_5 : Operation 270 [1/1] (0.00ns)   --->   "%bnn_top_int_const_unsigned_int_const_int_const_unsigned_int_const_int_co_425 = getelementptr i1 %bnn_top_int_const_unsigned_int_const_int_const_unsigned_int_const_int_co_5, i64 0, i64 %zext_ln119_7" [bnn.cpp:119]   --->   Operation 270 'getelementptr' 'bnn_top_int_const_unsigned_int_const_int_const_unsigned_int_const_int_co_425' <Predicate = (!icmp_ln110 & !tmp_55 & trunc_ln111 == 2)> <Delay = 0.00>
ST_5 : Operation 271 [1/1] (0.00ns)   --->   "%bnn_top_int_const_unsigned_int_const_int_const_unsigned_int_const_int_co_426 = getelementptr i1 %bnn_top_int_const_unsigned_int_const_int_const_unsigned_int_const_int_co_11, i64 0, i64 %zext_ln119_7" [bnn.cpp:119]   --->   Operation 271 'getelementptr' 'bnn_top_int_const_unsigned_int_const_int_const_unsigned_int_const_int_co_426' <Predicate = (!icmp_ln110 & !tmp_55 & trunc_ln111 == 3)> <Delay = 0.00>
ST_5 : Operation 272 [1/1] (0.00ns)   --->   "%bnn_top_int_const_unsigned_int_const_int_const_unsigned_int_const_int_co_427 = getelementptr i1 %bnn_top_int_const_unsigned_int_const_int_const_unsigned_int_const_int_co_10, i64 0, i64 %zext_ln119_7" [bnn.cpp:119]   --->   Operation 272 'getelementptr' 'bnn_top_int_const_unsigned_int_const_int_const_unsigned_int_const_int_co_427' <Predicate = (!icmp_ln110 & !tmp_55 & trunc_ln111 == 4)> <Delay = 0.00>
ST_5 : Operation 273 [1/1] (0.00ns)   --->   "%bnn_top_int_const_unsigned_int_const_int_const_unsigned_int_const_int_co_428 = getelementptr i1 %bnn_top_int_const_unsigned_int_const_int_const_unsigned_int_const_int_co_9, i64 0, i64 %zext_ln119_7" [bnn.cpp:119]   --->   Operation 273 'getelementptr' 'bnn_top_int_const_unsigned_int_const_int_const_unsigned_int_const_int_co_428' <Predicate = (!icmp_ln110 & !tmp_55 & trunc_ln111 == 5)> <Delay = 0.00>
ST_5 : Operation 274 [1/1] (0.00ns)   --->   "%bnn_top_int_const_unsigned_int_const_int_const_unsigned_int_const_int_co_429 = getelementptr i1 %bnn_top_int_const_unsigned_int_const_int_const_unsigned_int_const_int_co_8, i64 0, i64 %zext_ln119_7" [bnn.cpp:119]   --->   Operation 274 'getelementptr' 'bnn_top_int_const_unsigned_int_const_int_const_unsigned_int_const_int_co_429' <Predicate = (!icmp_ln110 & !tmp_55 & trunc_ln111 == 6)> <Delay = 0.00>
ST_5 : Operation 275 [1/1] (0.00ns)   --->   "%bnn_top_int_const_unsigned_int_const_int_const_unsigned_int_const_int_co_430 = getelementptr i1 %bnn_top_int_const_unsigned_int_const_int_const_unsigned_int_const_int_co_7, i64 0, i64 %zext_ln119_7" [bnn.cpp:119]   --->   Operation 275 'getelementptr' 'bnn_top_int_const_unsigned_int_const_int_const_unsigned_int_const_int_co_430' <Predicate = (!icmp_ln110 & !tmp_55 & trunc_ln111 == 7)> <Delay = 0.00>
ST_5 : Operation 276 [2/2] (0.67ns)   --->   "%bnn_top_int_const_unsigned_int_const_int_const_unsigned_int_const_int_co_431 = load i9 %bnn_top_int_const_unsigned_int_const_int_const_unsigned_int_const_int_co_423" [bnn.cpp:119]   --->   Operation 276 'load' 'bnn_top_int_const_unsigned_int_const_int_const_unsigned_int_const_int_co_431' <Predicate = (!icmp_ln110 & !tmp_55 & trunc_ln111 == 0)> <Delay = 0.67> <CoreInst = "RAM">   --->   Core 82 'RAM' <Latency = 1> <II = 1> <Delay = 0.67> <Storage> <Opcode : 'load' 'store'> <Ports = 2> <Width = 1> <Depth = 512> <RAM>
ST_5 : Operation 277 [2/2] (0.67ns)   --->   "%bnn_top_int_const_unsigned_int_const_int_const_unsigned_int_const_int_co_432 = load i9 %bnn_top_int_const_unsigned_int_const_int_const_unsigned_int_const_int_co_424" [bnn.cpp:119]   --->   Operation 277 'load' 'bnn_top_int_const_unsigned_int_const_int_const_unsigned_int_const_int_co_432' <Predicate = (!icmp_ln110 & !tmp_55 & trunc_ln111 == 1)> <Delay = 0.67> <CoreInst = "RAM">   --->   Core 82 'RAM' <Latency = 1> <II = 1> <Delay = 0.67> <Storage> <Opcode : 'load' 'store'> <Ports = 2> <Width = 1> <Depth = 512> <RAM>
ST_5 : Operation 278 [2/2] (0.67ns)   --->   "%bnn_top_int_const_unsigned_int_const_int_const_unsigned_int_const_int_co_433 = load i9 %bnn_top_int_const_unsigned_int_const_int_const_unsigned_int_const_int_co_425" [bnn.cpp:119]   --->   Operation 278 'load' 'bnn_top_int_const_unsigned_int_const_int_const_unsigned_int_const_int_co_433' <Predicate = (!icmp_ln110 & !tmp_55 & trunc_ln111 == 2)> <Delay = 0.67> <CoreInst = "RAM">   --->   Core 82 'RAM' <Latency = 1> <II = 1> <Delay = 0.67> <Storage> <Opcode : 'load' 'store'> <Ports = 2> <Width = 1> <Depth = 512> <RAM>
ST_5 : Operation 279 [2/2] (0.67ns)   --->   "%bnn_top_int_const_unsigned_int_const_int_const_unsigned_int_const_int_co_434 = load i9 %bnn_top_int_const_unsigned_int_const_int_const_unsigned_int_const_int_co_426" [bnn.cpp:119]   --->   Operation 279 'load' 'bnn_top_int_const_unsigned_int_const_int_const_unsigned_int_const_int_co_434' <Predicate = (!icmp_ln110 & !tmp_55 & trunc_ln111 == 3)> <Delay = 0.67> <CoreInst = "RAM">   --->   Core 82 'RAM' <Latency = 1> <II = 1> <Delay = 0.67> <Storage> <Opcode : 'load' 'store'> <Ports = 2> <Width = 1> <Depth = 512> <RAM>
ST_5 : Operation 280 [2/2] (0.67ns)   --->   "%bnn_top_int_const_unsigned_int_const_int_const_unsigned_int_const_int_co_435 = load i9 %bnn_top_int_const_unsigned_int_const_int_const_unsigned_int_const_int_co_427" [bnn.cpp:119]   --->   Operation 280 'load' 'bnn_top_int_const_unsigned_int_const_int_const_unsigned_int_const_int_co_435' <Predicate = (!icmp_ln110 & !tmp_55 & trunc_ln111 == 4)> <Delay = 0.67> <CoreInst = "RAM">   --->   Core 82 'RAM' <Latency = 1> <II = 1> <Delay = 0.67> <Storage> <Opcode : 'load' 'store'> <Ports = 2> <Width = 1> <Depth = 512> <RAM>
ST_5 : Operation 281 [2/2] (0.67ns)   --->   "%bnn_top_int_const_unsigned_int_const_int_const_unsigned_int_const_int_co_436 = load i9 %bnn_top_int_const_unsigned_int_const_int_const_unsigned_int_const_int_co_428" [bnn.cpp:119]   --->   Operation 281 'load' 'bnn_top_int_const_unsigned_int_const_int_const_unsigned_int_const_int_co_436' <Predicate = (!icmp_ln110 & !tmp_55 & trunc_ln111 == 5)> <Delay = 0.67> <CoreInst = "RAM">   --->   Core 82 'RAM' <Latency = 1> <II = 1> <Delay = 0.67> <Storage> <Opcode : 'load' 'store'> <Ports = 2> <Width = 1> <Depth = 512> <RAM>
ST_5 : Operation 282 [2/2] (0.67ns)   --->   "%bnn_top_int_const_unsigned_int_const_int_const_unsigned_int_const_int_co_437 = load i9 %bnn_top_int_const_unsigned_int_const_int_const_unsigned_int_const_int_co_429" [bnn.cpp:119]   --->   Operation 282 'load' 'bnn_top_int_const_unsigned_int_const_int_const_unsigned_int_const_int_co_437' <Predicate = (!icmp_ln110 & !tmp_55 & trunc_ln111 == 6)> <Delay = 0.67> <CoreInst = "RAM">   --->   Core 82 'RAM' <Latency = 1> <II = 1> <Delay = 0.67> <Storage> <Opcode : 'load' 'store'> <Ports = 2> <Width = 1> <Depth = 512> <RAM>
ST_5 : Operation 283 [2/2] (0.67ns)   --->   "%bnn_top_int_const_unsigned_int_const_int_const_unsigned_int_const_int_co_438 = load i9 %bnn_top_int_const_unsigned_int_const_int_const_unsigned_int_const_int_co_430" [bnn.cpp:119]   --->   Operation 283 'load' 'bnn_top_int_const_unsigned_int_const_int_const_unsigned_int_const_int_co_438' <Predicate = (!icmp_ln110 & !tmp_55 & trunc_ln111 == 7)> <Delay = 0.67> <CoreInst = "RAM">   --->   Core 82 'RAM' <Latency = 1> <II = 1> <Delay = 0.67> <Storage> <Opcode : 'load' 'store'> <Ports = 2> <Width = 1> <Depth = 512> <RAM>
ST_5 : Operation 284 [1/1] (0.85ns)   --->   "%add_ln120_13 = add i16 %add_ln120, i16 7" [bnn.cpp:120]   --->   Operation 284 'add' 'add_ln120_13' <Predicate = (!icmp_ln110 & !tmp_55)> <Delay = 0.85> <CoreInst = "Adder">   --->   Core 1 'Adder' <Latency = 0> <II = 1> <Delay = 0.85> <FuncUnit> <Opcode : 'add' 'sub'> <InPorts = 2> <OutPorts = 1>
ST_5 : Operation 285 [1/1] (0.00ns)   --->   "%lshr_ln120_12 = partselect i10 @_ssdm_op_PartSelect.i10.i16.i32.i32, i16 %add_ln120_13, i32 6, i32 15" [bnn.cpp:120]   --->   Operation 285 'partselect' 'lshr_ln120_12' <Predicate = (!icmp_ln110 & !tmp_55)> <Delay = 0.00>
ST_5 : Operation 286 [1/1] (0.00ns)   --->   "%zext_ln120_7 = zext i10 %lshr_ln120_12" [bnn.cpp:120]   --->   Operation 286 'zext' 'zext_ln120_7' <Predicate = (!icmp_ln110 & !tmp_55)> <Delay = 0.00>
ST_5 : Operation 287 [1/1] (0.00ns)   --->   "%W3_0_addr_7 = getelementptr i32 %W3_0, i64 0, i64 %zext_ln120_7" [bnn.cpp:120]   --->   Operation 287 'getelementptr' 'W3_0_addr_7' <Predicate = (!icmp_ln110 & !tmp_55)> <Delay = 0.00>
ST_5 : Operation 288 [2/2] (0.00ns)   --->   "%W3_0_load_7 = load i10 %W3_0_addr_7" [bnn.cpp:120]   --->   Operation 288 'load' 'W3_0_load_7' <Predicate = (!icmp_ln110 & !tmp_55)> <Delay = 0.00> <CoreInst = "RAM">   --->   Core 82 'RAM' <Latency = 1> <II = 1> <Delay = 1.23> <Storage> <Opcode : 'load' 'store'> <Ports = 2> <Width = 32> <Depth = 576> <RAM>
ST_5 : Operation 289 [1/1] (0.00ns)   --->   "%W3_1_addr_7 = getelementptr i32 %W3_1, i64 0, i64 %zext_ln120_7" [bnn.cpp:120]   --->   Operation 289 'getelementptr' 'W3_1_addr_7' <Predicate = (!icmp_ln110 & !tmp_55)> <Delay = 0.00>
ST_5 : Operation 290 [2/2] (0.00ns)   --->   "%W3_1_load_7 = load i10 %W3_1_addr_7" [bnn.cpp:120]   --->   Operation 290 'load' 'W3_1_load_7' <Predicate = (!icmp_ln110 & !tmp_55)> <Delay = 0.00> <CoreInst = "RAM">   --->   Core 82 'RAM' <Latency = 1> <II = 1> <Delay = 1.23> <Storage> <Opcode : 'load' 'store'> <Ports = 2> <Width = 32> <Depth = 576> <RAM>
ST_5 : Operation 291 [1/1] (0.00ns)   --->   "%tmp_72 = bitselect i1 @_ssdm_op_BitSelect.i1.i16.i32, i16 %add_ln120_13, i32 5" [bnn.cpp:120]   --->   Operation 291 'bitselect' 'tmp_72' <Predicate = (!icmp_ln110 & !tmp_55)> <Delay = 0.00>
ST_5 : Operation 292 [1/1] (0.77ns)   --->   "%add_ln119_11 = add i9 %add_ln119_10, i9 %zext_ln113" [bnn.cpp:119]   --->   Operation 292 'add' 'add_ln119_11' <Predicate = (!icmp_ln110)> <Delay = 0.77> <CoreInst = "Adder">   --->   Core 1 'Adder' <Latency = 0> <II = 1> <Delay = 0.77> <FuncUnit> <Opcode : 'add' 'sub'> <InPorts = 2> <OutPorts = 1>
ST_5 : Operation 293 [1/1] (0.85ns)   --->   "%add_ln120_15 = add i16 %add_ln120, i16 8" [bnn.cpp:120]   --->   Operation 293 'add' 'add_ln120_15' <Predicate = (!icmp_ln110)> <Delay = 0.85> <CoreInst = "Adder">   --->   Core 1 'Adder' <Latency = 0> <II = 1> <Delay = 0.85> <FuncUnit> <Opcode : 'add' 'sub'> <InPorts = 2> <OutPorts = 1>
ST_5 : Operation 294 [1/1] (0.00ns)   --->   "%lshr_ln120_14 = partselect i10 @_ssdm_op_PartSelect.i10.i16.i32.i32, i16 %add_ln120_15, i32 6, i32 15" [bnn.cpp:120]   --->   Operation 294 'partselect' 'lshr_ln120_14' <Predicate = (!icmp_ln110)> <Delay = 0.00>
ST_5 : Operation 295 [1/1] (0.00ns)   --->   "%tmp_73 = bitselect i1 @_ssdm_op_BitSelect.i1.i16.i32, i16 %add_ln120_15, i32 5" [bnn.cpp:120]   --->   Operation 295 'bitselect' 'tmp_73' <Predicate = (!icmp_ln110)> <Delay = 0.00>
ST_5 : Operation 296 [6/9] (1.06ns)   --->   "%urem_ln125 = urem i5 %add_ln125, i5 5" [bnn.cpp:125]   --->   Operation 296 'urem' 'urem_ln125' <Predicate = (!icmp_ln110)> <Delay = 1.06> <CoreInst = "Divider">   --->   Core 6 'Divider' <Latency = 8> <II = 1> <Delay = 1.06> <FuncUnit> <Opcode : 'udiv' 'sdiv' 'urem' 'srem'> <InPorts = 2> <OutPorts = 1>
ST_5 : Operation 574 [1/1] (0.42ns)   --->   "%ret_ln0 = ret"   --->   Operation 574 'ret' 'ret_ln0' <Predicate = (icmp_ln110)> <Delay = 0.42>

State 6 <SV = 5> <Delay = 2.17>
ST_6 : Operation 297 [1/2] ( I:0.67ns O:0.67ns )   --->   "%bnn_top_int_const_unsigned_int_const_int_const_unsigned_int_const_int_co_415 = load i9 %bnn_top_int_const_unsigned_int_const_int_const_unsigned_int_const_int_co_407" [bnn.cpp:119]   --->   Operation 297 'load' 'bnn_top_int_const_unsigned_int_const_int_const_unsigned_int_const_int_co_415' <Predicate = (!icmp_ln110 & trunc_ln111 == 1)> <Delay = 0.67> <CoreInst = "RAM">   --->   Core 82 'RAM' <Latency = 1> <II = 1> <Delay = 0.67> <Storage> <Opcode : 'load' 'store'> <Ports = 2> <Width = 1> <Depth = 512> <RAM>
ST_6 : Operation 298 [1/2] ( I:0.67ns O:0.67ns )   --->   "%bnn_top_int_const_unsigned_int_const_int_const_unsigned_int_const_int_co_416 = load i9 %bnn_top_int_const_unsigned_int_const_int_const_unsigned_int_const_int_co_408" [bnn.cpp:119]   --->   Operation 298 'load' 'bnn_top_int_const_unsigned_int_const_int_const_unsigned_int_const_int_co_416' <Predicate = (!icmp_ln110 & trunc_ln111 == 2)> <Delay = 0.67> <CoreInst = "RAM">   --->   Core 82 'RAM' <Latency = 1> <II = 1> <Delay = 0.67> <Storage> <Opcode : 'load' 'store'> <Ports = 2> <Width = 1> <Depth = 512> <RAM>
ST_6 : Operation 299 [1/2] ( I:0.67ns O:0.67ns )   --->   "%bnn_top_int_const_unsigned_int_const_int_const_unsigned_int_const_int_co_417 = load i9 %bnn_top_int_const_unsigned_int_const_int_const_unsigned_int_const_int_co_409" [bnn.cpp:119]   --->   Operation 299 'load' 'bnn_top_int_const_unsigned_int_const_int_const_unsigned_int_const_int_co_417' <Predicate = (!icmp_ln110 & trunc_ln111 == 3)> <Delay = 0.67> <CoreInst = "RAM">   --->   Core 82 'RAM' <Latency = 1> <II = 1> <Delay = 0.67> <Storage> <Opcode : 'load' 'store'> <Ports = 2> <Width = 1> <Depth = 512> <RAM>
ST_6 : Operation 300 [1/2] ( I:0.67ns O:0.67ns )   --->   "%bnn_top_int_const_unsigned_int_const_int_const_unsigned_int_const_int_co_418 = load i9 %bnn_top_int_const_unsigned_int_const_int_const_unsigned_int_const_int_co_410" [bnn.cpp:119]   --->   Operation 300 'load' 'bnn_top_int_const_unsigned_int_const_int_const_unsigned_int_const_int_co_418' <Predicate = (!icmp_ln110 & trunc_ln111 == 4)> <Delay = 0.67> <CoreInst = "RAM">   --->   Core 82 'RAM' <Latency = 1> <II = 1> <Delay = 0.67> <Storage> <Opcode : 'load' 'store'> <Ports = 2> <Width = 1> <Depth = 512> <RAM>
ST_6 : Operation 301 [1/2] ( I:0.67ns O:0.67ns )   --->   "%bnn_top_int_const_unsigned_int_const_int_const_unsigned_int_const_int_co_419 = load i9 %bnn_top_int_const_unsigned_int_const_int_const_unsigned_int_const_int_co_411" [bnn.cpp:119]   --->   Operation 301 'load' 'bnn_top_int_const_unsigned_int_const_int_const_unsigned_int_const_int_co_419' <Predicate = (!icmp_ln110 & trunc_ln111 == 5)> <Delay = 0.67> <CoreInst = "RAM">   --->   Core 82 'RAM' <Latency = 1> <II = 1> <Delay = 0.67> <Storage> <Opcode : 'load' 'store'> <Ports = 2> <Width = 1> <Depth = 512> <RAM>
ST_6 : Operation 302 [1/2] ( I:0.67ns O:0.67ns )   --->   "%bnn_top_int_const_unsigned_int_const_int_const_unsigned_int_const_int_co_420 = load i9 %bnn_top_int_const_unsigned_int_const_int_const_unsigned_int_const_int_co_412" [bnn.cpp:119]   --->   Operation 302 'load' 'bnn_top_int_const_unsigned_int_const_int_const_unsigned_int_const_int_co_420' <Predicate = (!icmp_ln110 & trunc_ln111 == 6)> <Delay = 0.67> <CoreInst = "RAM">   --->   Core 82 'RAM' <Latency = 1> <II = 1> <Delay = 0.67> <Storage> <Opcode : 'load' 'store'> <Ports = 2> <Width = 1> <Depth = 512> <RAM>
ST_6 : Operation 303 [1/2] ( I:0.67ns O:0.67ns )   --->   "%bnn_top_int_const_unsigned_int_const_int_const_unsigned_int_const_int_co_421 = load i9 %bnn_top_int_const_unsigned_int_const_int_const_unsigned_int_const_int_co_413" [bnn.cpp:119]   --->   Operation 303 'load' 'bnn_top_int_const_unsigned_int_const_int_const_unsigned_int_const_int_co_421' <Predicate = (!icmp_ln110 & trunc_ln111 == 7)> <Delay = 0.67> <CoreInst = "RAM">   --->   Core 82 'RAM' <Latency = 1> <II = 1> <Delay = 0.67> <Storage> <Opcode : 'load' 'store'> <Ports = 2> <Width = 1> <Depth = 512> <RAM>
ST_6 : Operation 304 [1/2] ( I:0.67ns O:0.67ns )   --->   "%bnn_top_int_const_unsigned_int_const_int_const_unsigned_int_const_int_co_422 = load i9 %bnn_top_int_const_unsigned_int_const_int_const_unsigned_int_const_int_co_414" [bnn.cpp:119]   --->   Operation 304 'load' 'bnn_top_int_const_unsigned_int_const_int_const_unsigned_int_const_int_co_422' <Predicate = (!icmp_ln110 & trunc_ln111 == 0)> <Delay = 0.67> <CoreInst = "RAM">   --->   Core 82 'RAM' <Latency = 1> <II = 1> <Delay = 0.67> <Storage> <Opcode : 'load' 'store'> <Ports = 2> <Width = 1> <Depth = 512> <RAM>
ST_6 : Operation 305 [1/1] (0.72ns)   --->   "%a_11 = sparsemux i1 @_ssdm_op_SparseMux.ap_auto.8i1.i1.i3, i3 1, i1 %bnn_top_int_const_unsigned_int_const_int_const_unsigned_int_const_int_co_415, i3 2, i1 %bnn_top_int_const_unsigned_int_const_int_const_unsigned_int_const_int_co_416, i3 3, i1 %bnn_top_int_const_unsigned_int_const_int_const_unsigned_int_const_int_co_417, i3 4, i1 %bnn_top_int_const_unsigned_int_const_int_const_unsigned_int_const_int_co_418, i3 5, i1 %bnn_top_int_const_unsigned_int_const_int_const_unsigned_int_const_int_co_419, i3 6, i1 %bnn_top_int_const_unsigned_int_const_int_const_unsigned_int_const_int_co_420, i3 7, i1 %bnn_top_int_const_unsigned_int_const_int_const_unsigned_int_const_int_co_421, i3 0, i1 %bnn_top_int_const_unsigned_int_const_int_const_unsigned_int_const_int_co_422, i1 0, i3 %trunc_ln111" [bnn.cpp:119]   --->   Operation 305 'sparsemux' 'a_11' <Predicate = (!icmp_ln110)> <Delay = 0.72> <CoreInst = "BinarySparseMux_DontCare">   --->   Core 149 'BinarySparseMux_DontCare' <Latency = 0> <II = 1> <Delay = 0.72> <FuncUnit> <Opcode : 'sparsemux'> <InPorts = 2> <OutPorts = 1>
ST_6 : Operation 306 [1/2] ( I:0.00ns O:0.00ns )   --->   "%W3_0_load_6 = load i10 %W3_0_addr_6" [bnn.cpp:120]   --->   Operation 306 'load' 'W3_0_load_6' <Predicate = (!icmp_ln110)> <Delay = 0.00> <CoreInst = "RAM">   --->   Core 82 'RAM' <Latency = 1> <II = 1> <Delay = 1.23> <Storage> <Opcode : 'load' 'store'> <Ports = 2> <Width = 32> <Depth = 576> <RAM>
ST_6 : Operation 307 [1/2] ( I:0.00ns O:0.00ns )   --->   "%W3_1_load_6 = load i10 %W3_1_addr_6" [bnn.cpp:120]   --->   Operation 307 'load' 'W3_1_load_6' <Predicate = (!icmp_ln110)> <Delay = 0.00> <CoreInst = "RAM">   --->   Core 82 'RAM' <Latency = 1> <II = 1> <Delay = 1.23> <Storage> <Opcode : 'load' 'store'> <Ports = 2> <Width = 32> <Depth = 576> <RAM>
ST_6 : Operation 308 [1/1] (0.44ns)   --->   "%select_ln120_6 = select i1 %tmp_71, i32 %W3_1_load_6, i32 %W3_0_load_6" [bnn.cpp:120]   --->   Operation 308 'select' 'select_ln120_6' <Predicate = (!icmp_ln110)> <Delay = 0.44> <CoreInst = "Sel">   --->   Core 73 'Sel' <Latency = 0> <II = 1> <Delay = 0.44> <FuncUnit> <Opcode : 'select'> <InPorts = 3> <OutPorts = 1>
ST_6 : Operation 309 [1/1] (0.78ns)   --->   "%add_ln120_12 = add i5 %trunc_ln120, i5 6" [bnn.cpp:120]   --->   Operation 309 'add' 'add_ln120_12' <Predicate = (!icmp_ln110)> <Delay = 0.78> <CoreInst = "Adder">   --->   Core 1 'Adder' <Latency = 0> <II = 1> <Delay = 0.78> <FuncUnit> <Opcode : 'add' 'sub'> <InPorts = 2> <OutPorts = 1>
ST_6 : Operation 310 [1/1] (0.00ns)   --->   "%zext_ln120_16 = zext i5 %add_ln120_12" [bnn.cpp:120]   --->   Operation 310 'zext' 'zext_ln120_16' <Predicate = (!icmp_ln110)> <Delay = 0.00>
ST_6 : Operation 311 [1/1] (1.38ns)   --->   "%lshr_ln120_11 = lshr i32 %select_ln120_6, i32 %zext_ln120_16" [bnn.cpp:120]   --->   Operation 311 'lshr' 'lshr_ln120_11' <Predicate = (!icmp_ln110)> <Delay = 1.38> <CoreInst = "Shifter">   --->   Core 75 'Shifter' <Latency = 0> <II = 1> <Delay = 1.38> <FuncUnit> <Opcode : 'shl' 'lshr' 'ashr'> <InPorts = 2> <OutPorts = 1>
ST_6 : Operation 312 [1/2] ( I:0.67ns O:0.67ns )   --->   "%bnn_top_int_const_unsigned_int_const_int_const_unsigned_int_const_int_co_431 = load i9 %bnn_top_int_const_unsigned_int_const_int_const_unsigned_int_const_int_co_423" [bnn.cpp:119]   --->   Operation 312 'load' 'bnn_top_int_const_unsigned_int_const_int_const_unsigned_int_const_int_co_431' <Predicate = (!icmp_ln110 & !tmp_55 & trunc_ln111 == 0)> <Delay = 0.67> <CoreInst = "RAM">   --->   Core 82 'RAM' <Latency = 1> <II = 1> <Delay = 0.67> <Storage> <Opcode : 'load' 'store'> <Ports = 2> <Width = 1> <Depth = 512> <RAM>
ST_6 : Operation 313 [1/2] ( I:0.67ns O:0.67ns )   --->   "%bnn_top_int_const_unsigned_int_const_int_const_unsigned_int_const_int_co_432 = load i9 %bnn_top_int_const_unsigned_int_const_int_const_unsigned_int_const_int_co_424" [bnn.cpp:119]   --->   Operation 313 'load' 'bnn_top_int_const_unsigned_int_const_int_const_unsigned_int_const_int_co_432' <Predicate = (!icmp_ln110 & !tmp_55 & trunc_ln111 == 1)> <Delay = 0.67> <CoreInst = "RAM">   --->   Core 82 'RAM' <Latency = 1> <II = 1> <Delay = 0.67> <Storage> <Opcode : 'load' 'store'> <Ports = 2> <Width = 1> <Depth = 512> <RAM>
ST_6 : Operation 314 [1/2] ( I:0.67ns O:0.67ns )   --->   "%bnn_top_int_const_unsigned_int_const_int_const_unsigned_int_const_int_co_433 = load i9 %bnn_top_int_const_unsigned_int_const_int_const_unsigned_int_const_int_co_425" [bnn.cpp:119]   --->   Operation 314 'load' 'bnn_top_int_const_unsigned_int_const_int_const_unsigned_int_const_int_co_433' <Predicate = (!icmp_ln110 & !tmp_55 & trunc_ln111 == 2)> <Delay = 0.67> <CoreInst = "RAM">   --->   Core 82 'RAM' <Latency = 1> <II = 1> <Delay = 0.67> <Storage> <Opcode : 'load' 'store'> <Ports = 2> <Width = 1> <Depth = 512> <RAM>
ST_6 : Operation 315 [1/2] ( I:0.67ns O:0.67ns )   --->   "%bnn_top_int_const_unsigned_int_const_int_const_unsigned_int_const_int_co_434 = load i9 %bnn_top_int_const_unsigned_int_const_int_const_unsigned_int_const_int_co_426" [bnn.cpp:119]   --->   Operation 315 'load' 'bnn_top_int_const_unsigned_int_const_int_const_unsigned_int_const_int_co_434' <Predicate = (!icmp_ln110 & !tmp_55 & trunc_ln111 == 3)> <Delay = 0.67> <CoreInst = "RAM">   --->   Core 82 'RAM' <Latency = 1> <II = 1> <Delay = 0.67> <Storage> <Opcode : 'load' 'store'> <Ports = 2> <Width = 1> <Depth = 512> <RAM>
ST_6 : Operation 316 [1/2] ( I:0.67ns O:0.67ns )   --->   "%bnn_top_int_const_unsigned_int_const_int_const_unsigned_int_const_int_co_435 = load i9 %bnn_top_int_const_unsigned_int_const_int_const_unsigned_int_const_int_co_427" [bnn.cpp:119]   --->   Operation 316 'load' 'bnn_top_int_const_unsigned_int_const_int_const_unsigned_int_const_int_co_435' <Predicate = (!icmp_ln110 & !tmp_55 & trunc_ln111 == 4)> <Delay = 0.67> <CoreInst = "RAM">   --->   Core 82 'RAM' <Latency = 1> <II = 1> <Delay = 0.67> <Storage> <Opcode : 'load' 'store'> <Ports = 2> <Width = 1> <Depth = 512> <RAM>
ST_6 : Operation 317 [1/2] ( I:0.67ns O:0.67ns )   --->   "%bnn_top_int_const_unsigned_int_const_int_const_unsigned_int_const_int_co_436 = load i9 %bnn_top_int_const_unsigned_int_const_int_const_unsigned_int_const_int_co_428" [bnn.cpp:119]   --->   Operation 317 'load' 'bnn_top_int_const_unsigned_int_const_int_const_unsigned_int_const_int_co_436' <Predicate = (!icmp_ln110 & !tmp_55 & trunc_ln111 == 5)> <Delay = 0.67> <CoreInst = "RAM">   --->   Core 82 'RAM' <Latency = 1> <II = 1> <Delay = 0.67> <Storage> <Opcode : 'load' 'store'> <Ports = 2> <Width = 1> <Depth = 512> <RAM>
ST_6 : Operation 318 [1/2] ( I:0.67ns O:0.67ns )   --->   "%bnn_top_int_const_unsigned_int_const_int_const_unsigned_int_const_int_co_437 = load i9 %bnn_top_int_const_unsigned_int_const_int_const_unsigned_int_const_int_co_429" [bnn.cpp:119]   --->   Operation 318 'load' 'bnn_top_int_const_unsigned_int_const_int_const_unsigned_int_const_int_co_437' <Predicate = (!icmp_ln110 & !tmp_55 & trunc_ln111 == 6)> <Delay = 0.67> <CoreInst = "RAM">   --->   Core 82 'RAM' <Latency = 1> <II = 1> <Delay = 0.67> <Storage> <Opcode : 'load' 'store'> <Ports = 2> <Width = 1> <Depth = 512> <RAM>
ST_6 : Operation 319 [1/2] ( I:0.67ns O:0.67ns )   --->   "%bnn_top_int_const_unsigned_int_const_int_const_unsigned_int_const_int_co_438 = load i9 %bnn_top_int_const_unsigned_int_const_int_const_unsigned_int_const_int_co_430" [bnn.cpp:119]   --->   Operation 319 'load' 'bnn_top_int_const_unsigned_int_const_int_const_unsigned_int_const_int_co_438' <Predicate = (!icmp_ln110 & !tmp_55 & trunc_ln111 == 7)> <Delay = 0.67> <CoreInst = "RAM">   --->   Core 82 'RAM' <Latency = 1> <II = 1> <Delay = 0.67> <Storage> <Opcode : 'load' 'store'> <Ports = 2> <Width = 1> <Depth = 512> <RAM>
ST_6 : Operation 320 [1/1] (0.72ns)   --->   "%a_12 = sparsemux i1 @_ssdm_op_SparseMux.ap_auto.8i1.i1.i3, i3 0, i1 %bnn_top_int_const_unsigned_int_const_int_const_unsigned_int_const_int_co_431, i3 1, i1 %bnn_top_int_const_unsigned_int_const_int_const_unsigned_int_const_int_co_432, i3 2, i1 %bnn_top_int_const_unsigned_int_const_int_const_unsigned_int_const_int_co_433, i3 3, i1 %bnn_top_int_const_unsigned_int_const_int_const_unsigned_int_const_int_co_434, i3 4, i1 %bnn_top_int_const_unsigned_int_const_int_const_unsigned_int_const_int_co_435, i3 5, i1 %bnn_top_int_const_unsigned_int_const_int_const_unsigned_int_const_int_co_436, i3 6, i1 %bnn_top_int_const_unsigned_int_const_int_const_unsigned_int_const_int_co_437, i3 7, i1 %bnn_top_int_const_unsigned_int_const_int_const_unsigned_int_const_int_co_438, i1 0, i3 %trunc_ln111" [bnn.cpp:119]   --->   Operation 320 'sparsemux' 'a_12' <Predicate = (!icmp_ln110 & !tmp_55)> <Delay = 0.72> <CoreInst = "BinarySparseMux_DontCare">   --->   Core 149 'BinarySparseMux_DontCare' <Latency = 0> <II = 1> <Delay = 0.72> <FuncUnit> <Opcode : 'sparsemux'> <InPorts = 2> <OutPorts = 1>
ST_6 : Operation 321 [1/2] ( I:0.00ns O:0.00ns )   --->   "%W3_0_load_7 = load i10 %W3_0_addr_7" [bnn.cpp:120]   --->   Operation 321 'load' 'W3_0_load_7' <Predicate = (!icmp_ln110 & !tmp_55)> <Delay = 0.00> <CoreInst = "RAM">   --->   Core 82 'RAM' <Latency = 1> <II = 1> <Delay = 1.23> <Storage> <Opcode : 'load' 'store'> <Ports = 2> <Width = 32> <Depth = 576> <RAM>
ST_6 : Operation 322 [1/2] ( I:0.00ns O:0.00ns )   --->   "%W3_1_load_7 = load i10 %W3_1_addr_7" [bnn.cpp:120]   --->   Operation 322 'load' 'W3_1_load_7' <Predicate = (!icmp_ln110 & !tmp_55)> <Delay = 0.00> <CoreInst = "RAM">   --->   Core 82 'RAM' <Latency = 1> <II = 1> <Delay = 1.23> <Storage> <Opcode : 'load' 'store'> <Ports = 2> <Width = 32> <Depth = 576> <RAM>
ST_6 : Operation 323 [1/1] (0.44ns)   --->   "%select_ln120_7 = select i1 %tmp_72, i32 %W3_1_load_7, i32 %W3_0_load_7" [bnn.cpp:120]   --->   Operation 323 'select' 'select_ln120_7' <Predicate = (!icmp_ln110 & !tmp_55)> <Delay = 0.44> <CoreInst = "Sel">   --->   Core 73 'Sel' <Latency = 0> <II = 1> <Delay = 0.44> <FuncUnit> <Opcode : 'select'> <InPorts = 3> <OutPorts = 1>
ST_6 : Operation 324 [1/1] (0.78ns)   --->   "%add_ln120_14 = add i5 %trunc_ln120, i5 7" [bnn.cpp:120]   --->   Operation 324 'add' 'add_ln120_14' <Predicate = (!icmp_ln110 & !tmp_55)> <Delay = 0.78> <CoreInst = "Adder">   --->   Core 1 'Adder' <Latency = 0> <II = 1> <Delay = 0.78> <FuncUnit> <Opcode : 'add' 'sub'> <InPorts = 2> <OutPorts = 1>
ST_6 : Operation 325 [1/1] (0.00ns)   --->   "%zext_ln120_17 = zext i5 %add_ln120_14" [bnn.cpp:120]   --->   Operation 325 'zext' 'zext_ln120_17' <Predicate = (!icmp_ln110 & !tmp_55)> <Delay = 0.00>
ST_6 : Operation 326 [1/1] (1.38ns)   --->   "%lshr_ln120_13 = lshr i32 %select_ln120_7, i32 %zext_ln120_17" [bnn.cpp:120]   --->   Operation 326 'lshr' 'lshr_ln120_13' <Predicate = (!icmp_ln110 & !tmp_55)> <Delay = 1.38> <CoreInst = "Shifter">   --->   Core 75 'Shifter' <Latency = 0> <II = 1> <Delay = 1.38> <FuncUnit> <Opcode : 'shl' 'lshr' 'ashr'> <InPorts = 2> <OutPorts = 1>
ST_6 : Operation 327 [1/1] (0.00ns)   --->   "%zext_ln119_8 = zext i9 %add_ln119_11" [bnn.cpp:119]   --->   Operation 327 'zext' 'zext_ln119_8' <Predicate = (!icmp_ln110)> <Delay = 0.00>
ST_6 : Operation 328 [1/1] (0.00ns)   --->   "%bnn_top_int_const_unsigned_int_const_int_const_unsigned_int_const_int_co_439 = getelementptr i1 %bnn_top_int_const_unsigned_int_const_int_const_unsigned_int_const_int_co_12, i64 0, i64 %zext_ln119_8" [bnn.cpp:119]   --->   Operation 328 'getelementptr' 'bnn_top_int_const_unsigned_int_const_int_const_unsigned_int_const_int_co_439' <Predicate = (!icmp_ln110 & trunc_ln111 == 7)> <Delay = 0.00>
ST_6 : Operation 329 [1/1] (0.00ns)   --->   "%bnn_top_int_const_unsigned_int_const_int_const_unsigned_int_const_int_co_440 = getelementptr i1 %bnn_top_int_const_unsigned_int_const_int_const_unsigned_int_const_int_co_6, i64 0, i64 %zext_ln119_8" [bnn.cpp:119]   --->   Operation 329 'getelementptr' 'bnn_top_int_const_unsigned_int_const_int_const_unsigned_int_const_int_co_440' <Predicate = (!icmp_ln110 & trunc_ln111 == 0)> <Delay = 0.00>
ST_6 : Operation 330 [1/1] (0.00ns)   --->   "%bnn_top_int_const_unsigned_int_const_int_const_unsigned_int_const_int_co_441 = getelementptr i1 %bnn_top_int_const_unsigned_int_const_int_const_unsigned_int_const_int_co_5, i64 0, i64 %zext_ln119_8" [bnn.cpp:119]   --->   Operation 330 'getelementptr' 'bnn_top_int_const_unsigned_int_const_int_const_unsigned_int_const_int_co_441' <Predicate = (!icmp_ln110 & trunc_ln111 == 1)> <Delay = 0.00>
ST_6 : Operation 331 [1/1] (0.00ns)   --->   "%bnn_top_int_const_unsigned_int_const_int_const_unsigned_int_const_int_co_442 = getelementptr i1 %bnn_top_int_const_unsigned_int_const_int_const_unsigned_int_const_int_co_11, i64 0, i64 %zext_ln119_8" [bnn.cpp:119]   --->   Operation 331 'getelementptr' 'bnn_top_int_const_unsigned_int_const_int_const_unsigned_int_const_int_co_442' <Predicate = (!icmp_ln110 & trunc_ln111 == 2)> <Delay = 0.00>
ST_6 : Operation 332 [1/1] (0.00ns)   --->   "%bnn_top_int_const_unsigned_int_const_int_const_unsigned_int_const_int_co_443 = getelementptr i1 %bnn_top_int_const_unsigned_int_const_int_const_unsigned_int_const_int_co_10, i64 0, i64 %zext_ln119_8" [bnn.cpp:119]   --->   Operation 332 'getelementptr' 'bnn_top_int_const_unsigned_int_const_int_const_unsigned_int_const_int_co_443' <Predicate = (!icmp_ln110 & trunc_ln111 == 3)> <Delay = 0.00>
ST_6 : Operation 333 [1/1] (0.00ns)   --->   "%bnn_top_int_const_unsigned_int_const_int_const_unsigned_int_const_int_co_444 = getelementptr i1 %bnn_top_int_const_unsigned_int_const_int_const_unsigned_int_const_int_co_9, i64 0, i64 %zext_ln119_8" [bnn.cpp:119]   --->   Operation 333 'getelementptr' 'bnn_top_int_const_unsigned_int_const_int_const_unsigned_int_const_int_co_444' <Predicate = (!icmp_ln110 & trunc_ln111 == 4)> <Delay = 0.00>
ST_6 : Operation 334 [1/1] (0.00ns)   --->   "%bnn_top_int_const_unsigned_int_const_int_const_unsigned_int_const_int_co_445 = getelementptr i1 %bnn_top_int_const_unsigned_int_const_int_const_unsigned_int_const_int_co_8, i64 0, i64 %zext_ln119_8" [bnn.cpp:119]   --->   Operation 334 'getelementptr' 'bnn_top_int_const_unsigned_int_const_int_const_unsigned_int_const_int_co_445' <Predicate = (!icmp_ln110 & trunc_ln111 == 5)> <Delay = 0.00>
ST_6 : Operation 335 [1/1] (0.00ns)   --->   "%bnn_top_int_const_unsigned_int_const_int_const_unsigned_int_const_int_co_446 = getelementptr i1 %bnn_top_int_const_unsigned_int_const_int_const_unsigned_int_const_int_co_7, i64 0, i64 %zext_ln119_8" [bnn.cpp:119]   --->   Operation 335 'getelementptr' 'bnn_top_int_const_unsigned_int_const_int_const_unsigned_int_const_int_co_446' <Predicate = (!icmp_ln110 & trunc_ln111 == 6)> <Delay = 0.00>
ST_6 : Operation 336 [2/2] (0.67ns)   --->   "%bnn_top_int_const_unsigned_int_const_int_const_unsigned_int_const_int_co_447 = load i9 %bnn_top_int_const_unsigned_int_const_int_const_unsigned_int_const_int_co_439" [bnn.cpp:119]   --->   Operation 336 'load' 'bnn_top_int_const_unsigned_int_const_int_const_unsigned_int_const_int_co_447' <Predicate = (!icmp_ln110 & trunc_ln111 == 7)> <Delay = 0.67> <CoreInst = "RAM">   --->   Core 82 'RAM' <Latency = 1> <II = 1> <Delay = 0.67> <Storage> <Opcode : 'load' 'store'> <Ports = 2> <Width = 1> <Depth = 512> <RAM>
ST_6 : Operation 337 [2/2] (0.67ns)   --->   "%bnn_top_int_const_unsigned_int_const_int_const_unsigned_int_const_int_co_448 = load i9 %bnn_top_int_const_unsigned_int_const_int_const_unsigned_int_const_int_co_440" [bnn.cpp:119]   --->   Operation 337 'load' 'bnn_top_int_const_unsigned_int_const_int_const_unsigned_int_const_int_co_448' <Predicate = (!icmp_ln110 & trunc_ln111 == 0)> <Delay = 0.67> <CoreInst = "RAM">   --->   Core 82 'RAM' <Latency = 1> <II = 1> <Delay = 0.67> <Storage> <Opcode : 'load' 'store'> <Ports = 2> <Width = 1> <Depth = 512> <RAM>
ST_6 : Operation 338 [2/2] (0.67ns)   --->   "%bnn_top_int_const_unsigned_int_const_int_const_unsigned_int_const_int_co_449 = load i9 %bnn_top_int_const_unsigned_int_const_int_const_unsigned_int_const_int_co_441" [bnn.cpp:119]   --->   Operation 338 'load' 'bnn_top_int_const_unsigned_int_const_int_const_unsigned_int_const_int_co_449' <Predicate = (!icmp_ln110 & trunc_ln111 == 1)> <Delay = 0.67> <CoreInst = "RAM">   --->   Core 82 'RAM' <Latency = 1> <II = 1> <Delay = 0.67> <Storage> <Opcode : 'load' 'store'> <Ports = 2> <Width = 1> <Depth = 512> <RAM>
ST_6 : Operation 339 [2/2] (0.67ns)   --->   "%bnn_top_int_const_unsigned_int_const_int_const_unsigned_int_const_int_co_450 = load i9 %bnn_top_int_const_unsigned_int_const_int_const_unsigned_int_const_int_co_442" [bnn.cpp:119]   --->   Operation 339 'load' 'bnn_top_int_const_unsigned_int_const_int_const_unsigned_int_const_int_co_450' <Predicate = (!icmp_ln110 & trunc_ln111 == 2)> <Delay = 0.67> <CoreInst = "RAM">   --->   Core 82 'RAM' <Latency = 1> <II = 1> <Delay = 0.67> <Storage> <Opcode : 'load' 'store'> <Ports = 2> <Width = 1> <Depth = 512> <RAM>
ST_6 : Operation 340 [2/2] (0.67ns)   --->   "%bnn_top_int_const_unsigned_int_const_int_const_unsigned_int_const_int_co_451 = load i9 %bnn_top_int_const_unsigned_int_const_int_const_unsigned_int_const_int_co_443" [bnn.cpp:119]   --->   Operation 340 'load' 'bnn_top_int_const_unsigned_int_const_int_const_unsigned_int_const_int_co_451' <Predicate = (!icmp_ln110 & trunc_ln111 == 3)> <Delay = 0.67> <CoreInst = "RAM">   --->   Core 82 'RAM' <Latency = 1> <II = 1> <Delay = 0.67> <Storage> <Opcode : 'load' 'store'> <Ports = 2> <Width = 1> <Depth = 512> <RAM>
ST_6 : Operation 341 [2/2] (0.67ns)   --->   "%bnn_top_int_const_unsigned_int_const_int_const_unsigned_int_const_int_co_452 = load i9 %bnn_top_int_const_unsigned_int_const_int_const_unsigned_int_const_int_co_444" [bnn.cpp:119]   --->   Operation 341 'load' 'bnn_top_int_const_unsigned_int_const_int_const_unsigned_int_const_int_co_452' <Predicate = (!icmp_ln110 & trunc_ln111 == 4)> <Delay = 0.67> <CoreInst = "RAM">   --->   Core 82 'RAM' <Latency = 1> <II = 1> <Delay = 0.67> <Storage> <Opcode : 'load' 'store'> <Ports = 2> <Width = 1> <Depth = 512> <RAM>
ST_6 : Operation 342 [2/2] (0.67ns)   --->   "%bnn_top_int_const_unsigned_int_const_int_const_unsigned_int_const_int_co_453 = load i9 %bnn_top_int_const_unsigned_int_const_int_const_unsigned_int_const_int_co_445" [bnn.cpp:119]   --->   Operation 342 'load' 'bnn_top_int_const_unsigned_int_const_int_const_unsigned_int_const_int_co_453' <Predicate = (!icmp_ln110 & trunc_ln111 == 5)> <Delay = 0.67> <CoreInst = "RAM">   --->   Core 82 'RAM' <Latency = 1> <II = 1> <Delay = 0.67> <Storage> <Opcode : 'load' 'store'> <Ports = 2> <Width = 1> <Depth = 512> <RAM>
ST_6 : Operation 343 [2/2] (0.67ns)   --->   "%bnn_top_int_const_unsigned_int_const_int_const_unsigned_int_const_int_co_454 = load i9 %bnn_top_int_const_unsigned_int_const_int_const_unsigned_int_const_int_co_446" [bnn.cpp:119]   --->   Operation 343 'load' 'bnn_top_int_const_unsigned_int_const_int_const_unsigned_int_const_int_co_454' <Predicate = (!icmp_ln110 & trunc_ln111 == 6)> <Delay = 0.67> <CoreInst = "RAM">   --->   Core 82 'RAM' <Latency = 1> <II = 1> <Delay = 0.67> <Storage> <Opcode : 'load' 'store'> <Ports = 2> <Width = 1> <Depth = 512> <RAM>
ST_6 : Operation 344 [1/1] (0.00ns)   --->   "%zext_ln120_8 = zext i10 %lshr_ln120_14" [bnn.cpp:120]   --->   Operation 344 'zext' 'zext_ln120_8' <Predicate = (!icmp_ln110)> <Delay = 0.00>
ST_6 : Operation 345 [1/1] (0.00ns)   --->   "%W3_0_addr_8 = getelementptr i32 %W3_0, i64 0, i64 %zext_ln120_8" [bnn.cpp:120]   --->   Operation 345 'getelementptr' 'W3_0_addr_8' <Predicate = (!icmp_ln110 & !tmp_73)> <Delay = 0.00>
ST_6 : Operation 346 [2/2] (0.00ns)   --->   "%W3_0_load_8 = load i10 %W3_0_addr_8" [bnn.cpp:120]   --->   Operation 346 'load' 'W3_0_load_8' <Predicate = (!icmp_ln110 & !tmp_73)> <Delay = 0.00> <CoreInst = "RAM">   --->   Core 82 'RAM' <Latency = 1> <II = 1> <Delay = 1.23> <Storage> <Opcode : 'load' 'store'> <Ports = 2> <Width = 32> <Depth = 576> <RAM>
ST_6 : Operation 347 [1/1] (0.00ns)   --->   "%W3_1_addr_8 = getelementptr i32 %W3_1, i64 0, i64 %zext_ln120_8" [bnn.cpp:120]   --->   Operation 347 'getelementptr' 'W3_1_addr_8' <Predicate = (!icmp_ln110 & tmp_73)> <Delay = 0.00>
ST_6 : Operation 348 [2/2] (0.00ns)   --->   "%W3_1_load_8 = load i10 %W3_1_addr_8" [bnn.cpp:120]   --->   Operation 348 'load' 'W3_1_load_8' <Predicate = (!icmp_ln110 & tmp_73)> <Delay = 0.00> <CoreInst = "RAM">   --->   Core 82 'RAM' <Latency = 1> <II = 1> <Delay = 1.23> <Storage> <Opcode : 'load' 'store'> <Ports = 2> <Width = 32> <Depth = 576> <RAM>
ST_6 : Operation 349 [5/9] (1.06ns)   --->   "%urem_ln125 = urem i5 %add_ln125, i5 5" [bnn.cpp:125]   --->   Operation 349 'urem' 'urem_ln125' <Predicate = (!icmp_ln110)> <Delay = 1.06> <CoreInst = "Divider">   --->   Core 6 'Divider' <Latency = 8> <II = 1> <Delay = 1.06> <FuncUnit> <Opcode : 'udiv' 'sdiv' 'urem' 'srem'> <InPorts = 2> <OutPorts = 1>
ST_6 : Operation 350 [1/1] (0.42ns)   --->   "%store_ln111 = store i4 %select_ln111, i4 %ow" [bnn.cpp:111]   --->   Operation 350 'store' 'store_ln111' <Predicate = (!icmp_ln110)> <Delay = 0.42>

State 7 <SV = 6> <Delay = 2.35>
ST_7 : Operation 351 [1/1] (0.00ns)   --->   "%zext_ln117_1 = zext i6 %shl_ln7" [bnn.cpp:117]   --->   Operation 351 'zext' 'zext_ln117_1' <Predicate = true> <Delay = 0.00>
ST_7 : Operation 352 [1/1] (0.00ns)   --->   "%zext_ln111 = zext i4 %select_ln111" [bnn.cpp:111]   --->   Operation 352 'zext' 'zext_ln111' <Predicate = true> <Delay = 0.00>
ST_7 : Operation 353 [1/1] (0.00ns)   --->   "%sext_ln118_1 = sext i4 %add_ln117_1" [bnn.cpp:118]   --->   Operation 353 'sext' 'sext_ln118_1' <Predicate = true> <Delay = 0.00>
ST_7 : Operation 354 [1/1] (0.00ns)   --->   "%zext_ln118_3 = zext i4 %add_ln117_2_mid2" [bnn.cpp:118]   --->   Operation 354 'zext' 'zext_ln118_3' <Predicate = true> <Delay = 0.00>
ST_7 : Operation 355 [1/1] (0.00ns)   --->   "%shl_ln119_1 = bitconcatenate i12 @_ssdm_op_BitConcatenate.i12.i6.i6, i6 %trunc_ln119, i6 0" [bnn.cpp:119]   --->   Operation 355 'bitconcatenate' 'shl_ln119_1' <Predicate = true> <Delay = 0.00>
ST_7 : Operation 356 [1/1] (0.00ns) (grouped into TernaryAdder)   --->   "%add_ln119 = add i12 %shl_ln119_1, i12 4088" [bnn.cpp:119]   --->   Operation 356 'add' 'add_ln119' <Predicate = true> <Delay = 0.00> <CoreInst = "TAddSub">   --->   Core 10 'TAddSub' <Latency = 0> <II = 1> <Delay = 0.43> <IPBlock> <Opcode : 'add' 'sub'> <InPorts = 3> <OutPorts = 1> <Sync> <CReg>
ST_7 : Operation 357 [1/1] (0.86ns) (root node of TernaryAdder)   --->   "%add_ln119_1 = add i12 %add_ln119, i12 %zext_ln117_1" [bnn.cpp:119]   --->   Operation 357 'add' 'add_ln119_1' <Predicate = true> <Delay = 0.86> <CoreInst = "TAddSub">   --->   Core 10 'TAddSub' <Latency = 0> <II = 1> <Delay = 0.43> <IPBlock> <Opcode : 'add' 'sub'> <InPorts = 3> <OutPorts = 1> <Sync> <CReg>
ST_7 : Operation 358 [1/1] (0.80ns)   --->   "%add_ln119_2 = add i12 %add_ln119_1, i12 %sext_ln118_1" [bnn.cpp:119]   --->   Operation 358 'add' 'add_ln119_2' <Predicate = true> <Delay = 0.80> <CoreInst = "Adder">   --->   Core 1 'Adder' <Latency = 0> <II = 1> <Delay = 0.80> <FuncUnit> <Opcode : 'add' 'sub'> <InPorts = 2> <OutPorts = 1>
ST_7 : Operation 359 [1/1] (0.00ns)   --->   "%lshr_ln119_1 = partselect i9 @_ssdm_op_PartSelect.i9.i12.i32.i32, i12 %add_ln119_2, i32 3, i32 11" [bnn.cpp:119]   --->   Operation 359 'partselect' 'lshr_ln119_1' <Predicate = true> <Delay = 0.00>
ST_7 : Operation 360 [1/1] (0.00ns)   --->   "%zext_ln119 = zext i9 %lshr_ln119_1" [bnn.cpp:119]   --->   Operation 360 'zext' 'zext_ln119' <Predicate = true> <Delay = 0.00>
ST_7 : Operation 361 [1/1] (0.00ns)   --->   "%bnn_top_int_const_unsigned_int_const_int_const_unsigned_int_const_int_co_311 = getelementptr i1 %bnn_top_int_const_unsigned_int_const_int_const_unsigned_int_const_int_co_12, i64 0, i64 %zext_ln119" [bnn.cpp:119]   --->   Operation 361 'getelementptr' 'bnn_top_int_const_unsigned_int_const_int_const_unsigned_int_const_int_co_311' <Predicate = (trunc_ln111 == 1)> <Delay = 0.00>
ST_7 : Operation 362 [1/1] (0.00ns)   --->   "%bnn_top_int_const_unsigned_int_const_int_const_unsigned_int_const_int_co_312 = getelementptr i1 %bnn_top_int_const_unsigned_int_const_int_const_unsigned_int_const_int_co_6, i64 0, i64 %zext_ln119" [bnn.cpp:119]   --->   Operation 362 'getelementptr' 'bnn_top_int_const_unsigned_int_const_int_const_unsigned_int_const_int_co_312' <Predicate = (trunc_ln111 == 2)> <Delay = 0.00>
ST_7 : Operation 363 [1/1] (0.00ns)   --->   "%bnn_top_int_const_unsigned_int_const_int_const_unsigned_int_const_int_co_313 = getelementptr i1 %bnn_top_int_const_unsigned_int_const_int_const_unsigned_int_const_int_co_5, i64 0, i64 %zext_ln119" [bnn.cpp:119]   --->   Operation 363 'getelementptr' 'bnn_top_int_const_unsigned_int_const_int_const_unsigned_int_const_int_co_313' <Predicate = (trunc_ln111 == 3)> <Delay = 0.00>
ST_7 : Operation 364 [1/1] (0.00ns)   --->   "%bnn_top_int_const_unsigned_int_const_int_const_unsigned_int_const_int_co_314 = getelementptr i1 %bnn_top_int_const_unsigned_int_const_int_const_unsigned_int_const_int_co_11, i64 0, i64 %zext_ln119" [bnn.cpp:119]   --->   Operation 364 'getelementptr' 'bnn_top_int_const_unsigned_int_const_int_const_unsigned_int_const_int_co_314' <Predicate = (trunc_ln111 == 4)> <Delay = 0.00>
ST_7 : Operation 365 [1/1] (0.00ns)   --->   "%bnn_top_int_const_unsigned_int_const_int_const_unsigned_int_const_int_co_315 = getelementptr i1 %bnn_top_int_const_unsigned_int_const_int_const_unsigned_int_const_int_co_10, i64 0, i64 %zext_ln119" [bnn.cpp:119]   --->   Operation 365 'getelementptr' 'bnn_top_int_const_unsigned_int_const_int_const_unsigned_int_const_int_co_315' <Predicate = (trunc_ln111 == 5)> <Delay = 0.00>
ST_7 : Operation 366 [1/1] (0.00ns)   --->   "%bnn_top_int_const_unsigned_int_const_int_const_unsigned_int_const_int_co_316 = getelementptr i1 %bnn_top_int_const_unsigned_int_const_int_const_unsigned_int_const_int_co_9, i64 0, i64 %zext_ln119" [bnn.cpp:119]   --->   Operation 366 'getelementptr' 'bnn_top_int_const_unsigned_int_const_int_const_unsigned_int_const_int_co_316' <Predicate = (trunc_ln111 == 6)> <Delay = 0.00>
ST_7 : Operation 367 [1/1] (0.00ns)   --->   "%bnn_top_int_const_unsigned_int_const_int_const_unsigned_int_const_int_co_317 = getelementptr i1 %bnn_top_int_const_unsigned_int_const_int_const_unsigned_int_const_int_co_8, i64 0, i64 %zext_ln119" [bnn.cpp:119]   --->   Operation 367 'getelementptr' 'bnn_top_int_const_unsigned_int_const_int_const_unsigned_int_const_int_co_317' <Predicate = (trunc_ln111 == 7)> <Delay = 0.00>
ST_7 : Operation 368 [1/1] (0.00ns)   --->   "%bnn_top_int_const_unsigned_int_const_int_const_unsigned_int_const_int_co_318 = getelementptr i1 %bnn_top_int_const_unsigned_int_const_int_const_unsigned_int_const_int_co_7, i64 0, i64 %zext_ln119" [bnn.cpp:119]   --->   Operation 368 'getelementptr' 'bnn_top_int_const_unsigned_int_const_int_const_unsigned_int_const_int_co_318' <Predicate = (trunc_ln111 == 0)> <Delay = 0.00>
ST_7 : Operation 369 [2/2] (0.67ns)   --->   "%bnn_top_int_const_unsigned_int_const_int_const_unsigned_int_const_int_co_319 = load i9 %bnn_top_int_const_unsigned_int_const_int_const_unsigned_int_const_int_co_311" [bnn.cpp:119]   --->   Operation 369 'load' 'bnn_top_int_const_unsigned_int_const_int_const_unsigned_int_const_int_co_319' <Predicate = (trunc_ln111 == 1)> <Delay = 0.67> <CoreInst = "RAM">   --->   Core 82 'RAM' <Latency = 1> <II = 1> <Delay = 0.67> <Storage> <Opcode : 'load' 'store'> <Ports = 2> <Width = 1> <Depth = 512> <RAM>
ST_7 : Operation 370 [2/2] (0.67ns)   --->   "%bnn_top_int_const_unsigned_int_const_int_const_unsigned_int_const_int_co_320 = load i9 %bnn_top_int_const_unsigned_int_const_int_const_unsigned_int_const_int_co_312" [bnn.cpp:119]   --->   Operation 370 'load' 'bnn_top_int_const_unsigned_int_const_int_const_unsigned_int_const_int_co_320' <Predicate = (trunc_ln111 == 2)> <Delay = 0.67> <CoreInst = "RAM">   --->   Core 82 'RAM' <Latency = 1> <II = 1> <Delay = 0.67> <Storage> <Opcode : 'load' 'store'> <Ports = 2> <Width = 1> <Depth = 512> <RAM>
ST_7 : Operation 371 [2/2] (0.67ns)   --->   "%bnn_top_int_const_unsigned_int_const_int_const_unsigned_int_const_int_co_321 = load i9 %bnn_top_int_const_unsigned_int_const_int_const_unsigned_int_const_int_co_313" [bnn.cpp:119]   --->   Operation 371 'load' 'bnn_top_int_const_unsigned_int_const_int_const_unsigned_int_const_int_co_321' <Predicate = (trunc_ln111 == 3)> <Delay = 0.67> <CoreInst = "RAM">   --->   Core 82 'RAM' <Latency = 1> <II = 1> <Delay = 0.67> <Storage> <Opcode : 'load' 'store'> <Ports = 2> <Width = 1> <Depth = 512> <RAM>
ST_7 : Operation 372 [2/2] (0.67ns)   --->   "%bnn_top_int_const_unsigned_int_const_int_const_unsigned_int_const_int_co_322 = load i9 %bnn_top_int_const_unsigned_int_const_int_const_unsigned_int_const_int_co_314" [bnn.cpp:119]   --->   Operation 372 'load' 'bnn_top_int_const_unsigned_int_const_int_const_unsigned_int_const_int_co_322' <Predicate = (trunc_ln111 == 4)> <Delay = 0.67> <CoreInst = "RAM">   --->   Core 82 'RAM' <Latency = 1> <II = 1> <Delay = 0.67> <Storage> <Opcode : 'load' 'store'> <Ports = 2> <Width = 1> <Depth = 512> <RAM>
ST_7 : Operation 373 [2/2] (0.67ns)   --->   "%bnn_top_int_const_unsigned_int_const_int_const_unsigned_int_const_int_co_323 = load i9 %bnn_top_int_const_unsigned_int_const_int_const_unsigned_int_const_int_co_315" [bnn.cpp:119]   --->   Operation 373 'load' 'bnn_top_int_const_unsigned_int_const_int_const_unsigned_int_const_int_co_323' <Predicate = (trunc_ln111 == 5)> <Delay = 0.67> <CoreInst = "RAM">   --->   Core 82 'RAM' <Latency = 1> <II = 1> <Delay = 0.67> <Storage> <Opcode : 'load' 'store'> <Ports = 2> <Width = 1> <Depth = 512> <RAM>
ST_7 : Operation 374 [2/2] (0.67ns)   --->   "%bnn_top_int_const_unsigned_int_const_int_const_unsigned_int_const_int_co_324 = load i9 %bnn_top_int_const_unsigned_int_const_int_const_unsigned_int_const_int_co_316" [bnn.cpp:119]   --->   Operation 374 'load' 'bnn_top_int_const_unsigned_int_const_int_const_unsigned_int_const_int_co_324' <Predicate = (trunc_ln111 == 6)> <Delay = 0.67> <CoreInst = "RAM">   --->   Core 82 'RAM' <Latency = 1> <II = 1> <Delay = 0.67> <Storage> <Opcode : 'load' 'store'> <Ports = 2> <Width = 1> <Depth = 512> <RAM>
ST_7 : Operation 375 [2/2] (0.67ns)   --->   "%bnn_top_int_const_unsigned_int_const_int_const_unsigned_int_const_int_co_325 = load i9 %bnn_top_int_const_unsigned_int_const_int_const_unsigned_int_const_int_co_317" [bnn.cpp:119]   --->   Operation 375 'load' 'bnn_top_int_const_unsigned_int_const_int_const_unsigned_int_const_int_co_325' <Predicate = (trunc_ln111 == 7)> <Delay = 0.67> <CoreInst = "RAM">   --->   Core 82 'RAM' <Latency = 1> <II = 1> <Delay = 0.67> <Storage> <Opcode : 'load' 'store'> <Ports = 2> <Width = 1> <Depth = 512> <RAM>
ST_7 : Operation 376 [2/2] (0.67ns)   --->   "%bnn_top_int_const_unsigned_int_const_int_const_unsigned_int_const_int_co_326 = load i9 %bnn_top_int_const_unsigned_int_const_int_const_unsigned_int_const_int_co_318" [bnn.cpp:119]   --->   Operation 376 'load' 'bnn_top_int_const_unsigned_int_const_int_const_unsigned_int_const_int_co_326' <Predicate = (trunc_ln111 == 0)> <Delay = 0.67> <CoreInst = "RAM">   --->   Core 82 'RAM' <Latency = 1> <II = 1> <Delay = 0.67> <Storage> <Opcode : 'load' 'store'> <Ports = 2> <Width = 1> <Depth = 512> <RAM>
ST_7 : Operation 377 [1/1] (0.80ns)   --->   "%add_ln119_3 = add i12 %add_ln119_1, i12 %zext_ln111" [bnn.cpp:119]   --->   Operation 377 'add' 'add_ln119_3' <Predicate = true> <Delay = 0.80> <CoreInst = "Adder">   --->   Core 1 'Adder' <Latency = 0> <II = 1> <Delay = 0.80> <FuncUnit> <Opcode : 'add' 'sub'> <InPorts = 2> <OutPorts = 1>
ST_7 : Operation 378 [1/1] (0.00ns)   --->   "%lshr_ln119_2 = partselect i9 @_ssdm_op_PartSelect.i9.i12.i32.i32, i12 %add_ln119_3, i32 3, i32 11" [bnn.cpp:119]   --->   Operation 378 'partselect' 'lshr_ln119_2' <Predicate = true> <Delay = 0.00>
ST_7 : Operation 379 [1/1] (0.00ns)   --->   "%zext_ln119_1 = zext i9 %lshr_ln119_2" [bnn.cpp:119]   --->   Operation 379 'zext' 'zext_ln119_1' <Predicate = true> <Delay = 0.00>
ST_7 : Operation 380 [1/1] (0.00ns)   --->   "%bnn_top_int_const_unsigned_int_const_int_const_unsigned_int_const_int_co_327 = getelementptr i1 %bnn_top_int_const_unsigned_int_const_int_const_unsigned_int_const_int_co_12, i64 0, i64 %zext_ln119_1" [bnn.cpp:119]   --->   Operation 380 'getelementptr' 'bnn_top_int_const_unsigned_int_const_int_const_unsigned_int_const_int_co_327' <Predicate = (trunc_ln111 == 0)> <Delay = 0.00>
ST_7 : Operation 381 [1/1] (0.00ns)   --->   "%bnn_top_int_const_unsigned_int_const_int_const_unsigned_int_const_int_co_328 = getelementptr i1 %bnn_top_int_const_unsigned_int_const_int_const_unsigned_int_const_int_co_6, i64 0, i64 %zext_ln119_1" [bnn.cpp:119]   --->   Operation 381 'getelementptr' 'bnn_top_int_const_unsigned_int_const_int_const_unsigned_int_const_int_co_328' <Predicate = (trunc_ln111 == 1)> <Delay = 0.00>
ST_7 : Operation 382 [1/1] (0.00ns)   --->   "%bnn_top_int_const_unsigned_int_const_int_const_unsigned_int_const_int_co_329 = getelementptr i1 %bnn_top_int_const_unsigned_int_const_int_const_unsigned_int_const_int_co_5, i64 0, i64 %zext_ln119_1" [bnn.cpp:119]   --->   Operation 382 'getelementptr' 'bnn_top_int_const_unsigned_int_const_int_const_unsigned_int_const_int_co_329' <Predicate = (trunc_ln111 == 2)> <Delay = 0.00>
ST_7 : Operation 383 [1/1] (0.00ns)   --->   "%bnn_top_int_const_unsigned_int_const_int_const_unsigned_int_const_int_co_330 = getelementptr i1 %bnn_top_int_const_unsigned_int_const_int_const_unsigned_int_const_int_co_11, i64 0, i64 %zext_ln119_1" [bnn.cpp:119]   --->   Operation 383 'getelementptr' 'bnn_top_int_const_unsigned_int_const_int_const_unsigned_int_const_int_co_330' <Predicate = (trunc_ln111 == 3)> <Delay = 0.00>
ST_7 : Operation 384 [1/1] (0.00ns)   --->   "%bnn_top_int_const_unsigned_int_const_int_const_unsigned_int_const_int_co_331 = getelementptr i1 %bnn_top_int_const_unsigned_int_const_int_const_unsigned_int_const_int_co_10, i64 0, i64 %zext_ln119_1" [bnn.cpp:119]   --->   Operation 384 'getelementptr' 'bnn_top_int_const_unsigned_int_const_int_const_unsigned_int_const_int_co_331' <Predicate = (trunc_ln111 == 4)> <Delay = 0.00>
ST_7 : Operation 385 [1/1] (0.00ns)   --->   "%bnn_top_int_const_unsigned_int_const_int_const_unsigned_int_const_int_co_332 = getelementptr i1 %bnn_top_int_const_unsigned_int_const_int_const_unsigned_int_const_int_co_9, i64 0, i64 %zext_ln119_1" [bnn.cpp:119]   --->   Operation 385 'getelementptr' 'bnn_top_int_const_unsigned_int_const_int_const_unsigned_int_const_int_co_332' <Predicate = (trunc_ln111 == 5)> <Delay = 0.00>
ST_7 : Operation 386 [1/1] (0.00ns)   --->   "%bnn_top_int_const_unsigned_int_const_int_const_unsigned_int_const_int_co_333 = getelementptr i1 %bnn_top_int_const_unsigned_int_const_int_const_unsigned_int_const_int_co_8, i64 0, i64 %zext_ln119_1" [bnn.cpp:119]   --->   Operation 386 'getelementptr' 'bnn_top_int_const_unsigned_int_const_int_const_unsigned_int_const_int_co_333' <Predicate = (trunc_ln111 == 6)> <Delay = 0.00>
ST_7 : Operation 387 [1/1] (0.00ns)   --->   "%bnn_top_int_const_unsigned_int_const_int_const_unsigned_int_const_int_co_334 = getelementptr i1 %bnn_top_int_const_unsigned_int_const_int_const_unsigned_int_const_int_co_7, i64 0, i64 %zext_ln119_1" [bnn.cpp:119]   --->   Operation 387 'getelementptr' 'bnn_top_int_const_unsigned_int_const_int_const_unsigned_int_const_int_co_334' <Predicate = (trunc_ln111 == 7)> <Delay = 0.00>
ST_7 : Operation 388 [2/2] (0.67ns)   --->   "%bnn_top_int_const_unsigned_int_const_int_const_unsigned_int_const_int_co_335 = load i9 %bnn_top_int_const_unsigned_int_const_int_const_unsigned_int_const_int_co_327" [bnn.cpp:119]   --->   Operation 388 'load' 'bnn_top_int_const_unsigned_int_const_int_const_unsigned_int_const_int_co_335' <Predicate = (trunc_ln111 == 0)> <Delay = 0.67> <CoreInst = "RAM">   --->   Core 82 'RAM' <Latency = 1> <II = 1> <Delay = 0.67> <Storage> <Opcode : 'load' 'store'> <Ports = 2> <Width = 1> <Depth = 512> <RAM>
ST_7 : Operation 389 [2/2] (0.67ns)   --->   "%bnn_top_int_const_unsigned_int_const_int_const_unsigned_int_const_int_co_336 = load i9 %bnn_top_int_const_unsigned_int_const_int_const_unsigned_int_const_int_co_328" [bnn.cpp:119]   --->   Operation 389 'load' 'bnn_top_int_const_unsigned_int_const_int_const_unsigned_int_const_int_co_336' <Predicate = (trunc_ln111 == 1)> <Delay = 0.67> <CoreInst = "RAM">   --->   Core 82 'RAM' <Latency = 1> <II = 1> <Delay = 0.67> <Storage> <Opcode : 'load' 'store'> <Ports = 2> <Width = 1> <Depth = 512> <RAM>
ST_7 : Operation 390 [2/2] (0.67ns)   --->   "%bnn_top_int_const_unsigned_int_const_int_const_unsigned_int_const_int_co_337 = load i9 %bnn_top_int_const_unsigned_int_const_int_const_unsigned_int_const_int_co_329" [bnn.cpp:119]   --->   Operation 390 'load' 'bnn_top_int_const_unsigned_int_const_int_const_unsigned_int_const_int_co_337' <Predicate = (trunc_ln111 == 2)> <Delay = 0.67> <CoreInst = "RAM">   --->   Core 82 'RAM' <Latency = 1> <II = 1> <Delay = 0.67> <Storage> <Opcode : 'load' 'store'> <Ports = 2> <Width = 1> <Depth = 512> <RAM>
ST_7 : Operation 391 [2/2] (0.67ns)   --->   "%bnn_top_int_const_unsigned_int_const_int_const_unsigned_int_const_int_co_338 = load i9 %bnn_top_int_const_unsigned_int_const_int_const_unsigned_int_const_int_co_330" [bnn.cpp:119]   --->   Operation 391 'load' 'bnn_top_int_const_unsigned_int_const_int_const_unsigned_int_const_int_co_338' <Predicate = (trunc_ln111 == 3)> <Delay = 0.67> <CoreInst = "RAM">   --->   Core 82 'RAM' <Latency = 1> <II = 1> <Delay = 0.67> <Storage> <Opcode : 'load' 'store'> <Ports = 2> <Width = 1> <Depth = 512> <RAM>
ST_7 : Operation 392 [2/2] (0.67ns)   --->   "%bnn_top_int_const_unsigned_int_const_int_const_unsigned_int_const_int_co_339 = load i9 %bnn_top_int_const_unsigned_int_const_int_const_unsigned_int_const_int_co_331" [bnn.cpp:119]   --->   Operation 392 'load' 'bnn_top_int_const_unsigned_int_const_int_const_unsigned_int_const_int_co_339' <Predicate = (trunc_ln111 == 4)> <Delay = 0.67> <CoreInst = "RAM">   --->   Core 82 'RAM' <Latency = 1> <II = 1> <Delay = 0.67> <Storage> <Opcode : 'load' 'store'> <Ports = 2> <Width = 1> <Depth = 512> <RAM>
ST_7 : Operation 393 [2/2] (0.67ns)   --->   "%bnn_top_int_const_unsigned_int_const_int_const_unsigned_int_const_int_co_340 = load i9 %bnn_top_int_const_unsigned_int_const_int_const_unsigned_int_const_int_co_332" [bnn.cpp:119]   --->   Operation 393 'load' 'bnn_top_int_const_unsigned_int_const_int_const_unsigned_int_const_int_co_340' <Predicate = (trunc_ln111 == 5)> <Delay = 0.67> <CoreInst = "RAM">   --->   Core 82 'RAM' <Latency = 1> <II = 1> <Delay = 0.67> <Storage> <Opcode : 'load' 'store'> <Ports = 2> <Width = 1> <Depth = 512> <RAM>
ST_7 : Operation 394 [2/2] (0.67ns)   --->   "%bnn_top_int_const_unsigned_int_const_int_const_unsigned_int_const_int_co_341 = load i9 %bnn_top_int_const_unsigned_int_const_int_const_unsigned_int_const_int_co_333" [bnn.cpp:119]   --->   Operation 394 'load' 'bnn_top_int_const_unsigned_int_const_int_const_unsigned_int_const_int_co_341' <Predicate = (trunc_ln111 == 6)> <Delay = 0.67> <CoreInst = "RAM">   --->   Core 82 'RAM' <Latency = 1> <II = 1> <Delay = 0.67> <Storage> <Opcode : 'load' 'store'> <Ports = 2> <Width = 1> <Depth = 512> <RAM>
ST_7 : Operation 395 [2/2] (0.67ns)   --->   "%bnn_top_int_const_unsigned_int_const_int_const_unsigned_int_const_int_co_342 = load i9 %bnn_top_int_const_unsigned_int_const_int_const_unsigned_int_const_int_co_334" [bnn.cpp:119]   --->   Operation 395 'load' 'bnn_top_int_const_unsigned_int_const_int_const_unsigned_int_const_int_co_342' <Predicate = (trunc_ln111 == 7)> <Delay = 0.67> <CoreInst = "RAM">   --->   Core 82 'RAM' <Latency = 1> <II = 1> <Delay = 0.67> <Storage> <Opcode : 'load' 'store'> <Ports = 2> <Width = 1> <Depth = 512> <RAM>
ST_7 : Operation 396 [1/1] (0.80ns)   --->   "%add_ln119_4 = add i12 %add_ln119_1, i12 %zext_ln118_3" [bnn.cpp:119]   --->   Operation 396 'add' 'add_ln119_4' <Predicate = true> <Delay = 0.80> <CoreInst = "Adder">   --->   Core 1 'Adder' <Latency = 0> <II = 1> <Delay = 0.80> <FuncUnit> <Opcode : 'add' 'sub'> <InPorts = 2> <OutPorts = 1>
ST_7 : Operation 397 [1/1] (0.00ns)   --->   "%lshr_ln119_3 = partselect i9 @_ssdm_op_PartSelect.i9.i12.i32.i32, i12 %add_ln119_4, i32 3, i32 11" [bnn.cpp:119]   --->   Operation 397 'partselect' 'lshr_ln119_3' <Predicate = true> <Delay = 0.00>
ST_7 : Operation 398 [1/1] (0.00ns)   --->   "%tmp8 = bitconcatenate i12 @_ssdm_op_BitConcatenate.i12.i6.i3.i3, i6 %trunc_ln119, i3 %trunc_ln125, i3 0" [bnn.cpp:119]   --->   Operation 398 'bitconcatenate' 'tmp8' <Predicate = (!tmp_59)> <Delay = 0.00>
ST_7 : Operation 399 [1/1] (0.80ns)   --->   "%add_ln119_5 = add i12 %tmp8, i12 %sext_ln118_1" [bnn.cpp:119]   --->   Operation 399 'add' 'add_ln119_5' <Predicate = (!tmp_59)> <Delay = 0.80> <CoreInst = "Adder">   --->   Core 1 'Adder' <Latency = 0> <II = 1> <Delay = 0.80> <FuncUnit> <Opcode : 'add' 'sub'> <InPorts = 2> <OutPorts = 1>
ST_7 : Operation 400 [1/1] (0.00ns)   --->   "%lshr_ln119_4 = partselect i9 @_ssdm_op_PartSelect.i9.i12.i32.i32, i12 %add_ln119_5, i32 3, i32 11" [bnn.cpp:119]   --->   Operation 400 'partselect' 'lshr_ln119_4' <Predicate = (!tmp_59)> <Delay = 0.00>
ST_7 : Operation 401 [1/2] ( I:0.67ns O:0.67ns )   --->   "%bnn_top_int_const_unsigned_int_const_int_const_unsigned_int_const_int_co_447 = load i9 %bnn_top_int_const_unsigned_int_const_int_const_unsigned_int_const_int_co_439" [bnn.cpp:119]   --->   Operation 401 'load' 'bnn_top_int_const_unsigned_int_const_int_const_unsigned_int_const_int_co_447' <Predicate = (trunc_ln111 == 7)> <Delay = 0.67> <CoreInst = "RAM">   --->   Core 82 'RAM' <Latency = 1> <II = 1> <Delay = 0.67> <Storage> <Opcode : 'load' 'store'> <Ports = 2> <Width = 1> <Depth = 512> <RAM>
ST_7 : Operation 402 [1/2] ( I:0.67ns O:0.67ns )   --->   "%bnn_top_int_const_unsigned_int_const_int_const_unsigned_int_const_int_co_448 = load i9 %bnn_top_int_const_unsigned_int_const_int_const_unsigned_int_const_int_co_440" [bnn.cpp:119]   --->   Operation 402 'load' 'bnn_top_int_const_unsigned_int_const_int_const_unsigned_int_const_int_co_448' <Predicate = (trunc_ln111 == 0)> <Delay = 0.67> <CoreInst = "RAM">   --->   Core 82 'RAM' <Latency = 1> <II = 1> <Delay = 0.67> <Storage> <Opcode : 'load' 'store'> <Ports = 2> <Width = 1> <Depth = 512> <RAM>
ST_7 : Operation 403 [1/2] ( I:0.67ns O:0.67ns )   --->   "%bnn_top_int_const_unsigned_int_const_int_const_unsigned_int_const_int_co_449 = load i9 %bnn_top_int_const_unsigned_int_const_int_const_unsigned_int_const_int_co_441" [bnn.cpp:119]   --->   Operation 403 'load' 'bnn_top_int_const_unsigned_int_const_int_const_unsigned_int_const_int_co_449' <Predicate = (trunc_ln111 == 1)> <Delay = 0.67> <CoreInst = "RAM">   --->   Core 82 'RAM' <Latency = 1> <II = 1> <Delay = 0.67> <Storage> <Opcode : 'load' 'store'> <Ports = 2> <Width = 1> <Depth = 512> <RAM>
ST_7 : Operation 404 [1/2] ( I:0.67ns O:0.67ns )   --->   "%bnn_top_int_const_unsigned_int_const_int_const_unsigned_int_const_int_co_450 = load i9 %bnn_top_int_const_unsigned_int_const_int_const_unsigned_int_const_int_co_442" [bnn.cpp:119]   --->   Operation 404 'load' 'bnn_top_int_const_unsigned_int_const_int_const_unsigned_int_const_int_co_450' <Predicate = (trunc_ln111 == 2)> <Delay = 0.67> <CoreInst = "RAM">   --->   Core 82 'RAM' <Latency = 1> <II = 1> <Delay = 0.67> <Storage> <Opcode : 'load' 'store'> <Ports = 2> <Width = 1> <Depth = 512> <RAM>
ST_7 : Operation 405 [1/2] ( I:0.67ns O:0.67ns )   --->   "%bnn_top_int_const_unsigned_int_const_int_const_unsigned_int_const_int_co_451 = load i9 %bnn_top_int_const_unsigned_int_const_int_const_unsigned_int_const_int_co_443" [bnn.cpp:119]   --->   Operation 405 'load' 'bnn_top_int_const_unsigned_int_const_int_const_unsigned_int_const_int_co_451' <Predicate = (trunc_ln111 == 3)> <Delay = 0.67> <CoreInst = "RAM">   --->   Core 82 'RAM' <Latency = 1> <II = 1> <Delay = 0.67> <Storage> <Opcode : 'load' 'store'> <Ports = 2> <Width = 1> <Depth = 512> <RAM>
ST_7 : Operation 406 [1/2] ( I:0.67ns O:0.67ns )   --->   "%bnn_top_int_const_unsigned_int_const_int_const_unsigned_int_const_int_co_452 = load i9 %bnn_top_int_const_unsigned_int_const_int_const_unsigned_int_const_int_co_444" [bnn.cpp:119]   --->   Operation 406 'load' 'bnn_top_int_const_unsigned_int_const_int_const_unsigned_int_const_int_co_452' <Predicate = (trunc_ln111 == 4)> <Delay = 0.67> <CoreInst = "RAM">   --->   Core 82 'RAM' <Latency = 1> <II = 1> <Delay = 0.67> <Storage> <Opcode : 'load' 'store'> <Ports = 2> <Width = 1> <Depth = 512> <RAM>
ST_7 : Operation 407 [1/2] ( I:0.67ns O:0.67ns )   --->   "%bnn_top_int_const_unsigned_int_const_int_const_unsigned_int_const_int_co_453 = load i9 %bnn_top_int_const_unsigned_int_const_int_const_unsigned_int_const_int_co_445" [bnn.cpp:119]   --->   Operation 407 'load' 'bnn_top_int_const_unsigned_int_const_int_const_unsigned_int_const_int_co_453' <Predicate = (trunc_ln111 == 5)> <Delay = 0.67> <CoreInst = "RAM">   --->   Core 82 'RAM' <Latency = 1> <II = 1> <Delay = 0.67> <Storage> <Opcode : 'load' 'store'> <Ports = 2> <Width = 1> <Depth = 512> <RAM>
ST_7 : Operation 408 [1/2] ( I:0.67ns O:0.67ns )   --->   "%bnn_top_int_const_unsigned_int_const_int_const_unsigned_int_const_int_co_454 = load i9 %bnn_top_int_const_unsigned_int_const_int_const_unsigned_int_const_int_co_446" [bnn.cpp:119]   --->   Operation 408 'load' 'bnn_top_int_const_unsigned_int_const_int_const_unsigned_int_const_int_co_454' <Predicate = (trunc_ln111 == 6)> <Delay = 0.67> <CoreInst = "RAM">   --->   Core 82 'RAM' <Latency = 1> <II = 1> <Delay = 0.67> <Storage> <Opcode : 'load' 'store'> <Ports = 2> <Width = 1> <Depth = 512> <RAM>
ST_7 : Operation 409 [1/1] (0.72ns)   --->   "%a_13 = sparsemux i1 @_ssdm_op_SparseMux.ap_auto.8i1.i1.i3, i3 7, i1 %bnn_top_int_const_unsigned_int_const_int_const_unsigned_int_const_int_co_447, i3 0, i1 %bnn_top_int_const_unsigned_int_const_int_const_unsigned_int_const_int_co_448, i3 1, i1 %bnn_top_int_const_unsigned_int_const_int_const_unsigned_int_const_int_co_449, i3 2, i1 %bnn_top_int_const_unsigned_int_const_int_const_unsigned_int_const_int_co_450, i3 3, i1 %bnn_top_int_const_unsigned_int_const_int_const_unsigned_int_const_int_co_451, i3 4, i1 %bnn_top_int_const_unsigned_int_const_int_const_unsigned_int_const_int_co_452, i3 5, i1 %bnn_top_int_const_unsigned_int_const_int_const_unsigned_int_const_int_co_453, i3 6, i1 %bnn_top_int_const_unsigned_int_const_int_const_unsigned_int_const_int_co_454, i1 0, i3 %trunc_ln111" [bnn.cpp:119]   --->   Operation 409 'sparsemux' 'a_13' <Predicate = true> <Delay = 0.72> <CoreInst = "BinarySparseMux_DontCare">   --->   Core 149 'BinarySparseMux_DontCare' <Latency = 0> <II = 1> <Delay = 0.72> <FuncUnit> <Opcode : 'sparsemux'> <InPorts = 2> <OutPorts = 1>
ST_7 : Operation 410 [1/2] ( I:0.00ns O:0.00ns )   --->   "%W3_0_load_8 = load i10 %W3_0_addr_8" [bnn.cpp:120]   --->   Operation 410 'load' 'W3_0_load_8' <Predicate = (!tmp_73)> <Delay = 0.00> <CoreInst = "RAM">   --->   Core 82 'RAM' <Latency = 1> <II = 1> <Delay = 1.23> <Storage> <Opcode : 'load' 'store'> <Ports = 2> <Width = 32> <Depth = 576> <RAM>
ST_7 : Operation 411 [1/2] ( I:0.00ns O:0.00ns )   --->   "%W3_1_load_8 = load i10 %W3_1_addr_8" [bnn.cpp:120]   --->   Operation 411 'load' 'W3_1_load_8' <Predicate = (tmp_73)> <Delay = 0.00> <CoreInst = "RAM">   --->   Core 82 'RAM' <Latency = 1> <II = 1> <Delay = 1.23> <Storage> <Opcode : 'load' 'store'> <Ports = 2> <Width = 32> <Depth = 576> <RAM>
ST_7 : Operation 412 [1/1] (0.44ns)   --->   "%select_ln120_8 = select i1 %tmp_73, i32 %W3_1_load_8, i32 %W3_0_load_8" [bnn.cpp:120]   --->   Operation 412 'select' 'select_ln120_8' <Predicate = true> <Delay = 0.44> <CoreInst = "Sel">   --->   Core 73 'Sel' <Latency = 0> <II = 1> <Delay = 0.44> <FuncUnit> <Opcode : 'select'> <InPorts = 3> <OutPorts = 1>
ST_7 : Operation 413 [1/1] (0.78ns)   --->   "%add_ln120_16 = add i5 %trunc_ln120, i5 8" [bnn.cpp:120]   --->   Operation 413 'add' 'add_ln120_16' <Predicate = true> <Delay = 0.78> <CoreInst = "Adder">   --->   Core 1 'Adder' <Latency = 0> <II = 1> <Delay = 0.78> <FuncUnit> <Opcode : 'add' 'sub'> <InPorts = 2> <OutPorts = 1>
ST_7 : Operation 414 [1/1] (0.00ns)   --->   "%zext_ln120_18 = zext i5 %add_ln120_16" [bnn.cpp:120]   --->   Operation 414 'zext' 'zext_ln120_18' <Predicate = true> <Delay = 0.00>
ST_7 : Operation 415 [1/1] (1.38ns)   --->   "%lshr_ln120_15 = lshr i32 %select_ln120_8, i32 %zext_ln120_18" [bnn.cpp:120]   --->   Operation 415 'lshr' 'lshr_ln120_15' <Predicate = true> <Delay = 1.38> <CoreInst = "Shifter">   --->   Core 75 'Shifter' <Latency = 0> <II = 1> <Delay = 1.38> <FuncUnit> <Opcode : 'shl' 'lshr' 'ashr'> <InPorts = 2> <OutPorts = 1>
ST_7 : Operation 416 [4/9] (1.06ns)   --->   "%urem_ln125 = urem i5 %add_ln125, i5 5" [bnn.cpp:125]   --->   Operation 416 'urem' 'urem_ln125' <Predicate = true> <Delay = 1.06> <CoreInst = "Divider">   --->   Core 6 'Divider' <Latency = 8> <II = 1> <Delay = 1.06> <FuncUnit> <Opcode : 'udiv' 'sdiv' 'urem' 'srem'> <InPorts = 2> <OutPorts = 1>

State 8 <SV = 7> <Delay = 4.32>
ST_8 : Operation 417 [1/1] (0.00ns)   --->   "%acc_27_load = load i32 %acc_27"   --->   Operation 417 'load' 'acc_27_load' <Predicate = (!empty)> <Delay = 0.00>
ST_8 : Operation 418 [1/1] (0.44ns)   --->   "%acc_27_mid2 = select i1 %empty, i32 0, i32 %acc_27_load" [bnn.cpp:110]   --->   Operation 418 'select' 'acc_27_mid2' <Predicate = true> <Delay = 0.44> <CoreInst = "Sel">   --->   Core 73 'Sel' <Latency = 0> <II = 1> <Delay = 0.44> <FuncUnit> <Opcode : 'select'> <InPorts = 3> <OutPorts = 1>
ST_8 : Operation 419 [1/1] (0.00ns)   --->   "%zext_ln118_1 = zext i3 %trunc_ln125" [bnn.cpp:118]   --->   Operation 419 'zext' 'zext_ln118_1' <Predicate = true> <Delay = 0.00>
ST_8 : Operation 420 [1/1] (0.67ns)   --->   "%add_ln118 = add i4 %zext_ln118_1, i4 15" [bnn.cpp:118]   --->   Operation 420 'add' 'add_ln118' <Predicate = true> <Delay = 0.67> <CoreInst = "Adder">   --->   Core 1 'Adder' <Latency = 0> <II = 1> <Delay = 0.67> <FuncUnit> <Opcode : 'add' 'sub'> <InPorts = 2> <OutPorts = 1>
ST_8 : Operation 421 [1/1] (0.00ns)   --->   "%tmp = bitselect i1 @_ssdm_op_BitSelect.i1.i4.i32, i4 %add_ln118, i32 3" [bnn.cpp:118]   --->   Operation 421 'bitselect' 'tmp' <Predicate = true> <Delay = 0.00>
ST_8 : Operation 422 [1/1] (0.00ns) (grouped into LUT with out node acc_35)   --->   "%or_ln118 = or i4 %add_ln117_1, i4 %add_ln118" [bnn.cpp:118]   --->   Operation 422 'or' 'or_ln118' <Predicate = true> <Delay = 0.00> <CoreInst = "LogicGate">   --->   Core 74 'LogicGate' <Latency = 0> <II = 1> <Delay = 0.35> <FuncUnit> <Opcode : 'and' 'or' 'xor'> <InPorts = 2> <OutPorts = 1>
ST_8 : Operation 423 [1/1] (0.00ns) (grouped into LUT with out node acc_35)   --->   "%tmp_56 = bitselect i1 @_ssdm_op_BitSelect.i1.i4.i32, i4 %or_ln118, i32 3" [bnn.cpp:118]   --->   Operation 423 'bitselect' 'tmp_56' <Predicate = true> <Delay = 0.00>
ST_8 : Operation 424 [1/1] (0.00ns) (grouped into LUT with out node icmp_ln118)   --->   "%or_ln118_1 = or i4 %add_ln118, i4 %add_ln117_2_mid2" [bnn.cpp:118]   --->   Operation 424 'or' 'or_ln118_1' <Predicate = true> <Delay = 0.00> <CoreInst = "LogicGate">   --->   Core 74 'LogicGate' <Latency = 0> <II = 1> <Delay = 0.35> <FuncUnit> <Opcode : 'and' 'or' 'xor'> <InPorts = 2> <OutPorts = 1>
ST_8 : Operation 425 [1/1] (0.00ns) (grouped into LUT with out node icmp_ln118)   --->   "%tmp_57 = bitselect i1 @_ssdm_op_BitSelect.i1.i4.i32, i4 %or_ln118_1, i32 3" [bnn.cpp:118]   --->   Operation 425 'bitselect' 'tmp_57' <Predicate = true> <Delay = 0.00>
ST_8 : Operation 426 [1/1] (0.00ns) (grouped into LUT with out node icmp_ln118)   --->   "%tmp_58 = bitconcatenate i2 @_ssdm_op_BitConcatenate.i2.i1.i1, i1 %tmp, i1 %tmp_57" [bnn.cpp:118]   --->   Operation 426 'bitconcatenate' 'tmp_58' <Predicate = true> <Delay = 0.00>
ST_8 : Operation 427 [1/1] (0.54ns) (out node of the LUT)   --->   "%icmp_ln118 = icmp_eq  i2 %tmp_58, i2 0" [bnn.cpp:118]   --->   Operation 427 'icmp' 'icmp_ln118' <Predicate = true> <Delay = 0.54> <CoreInst = "Cmp">   --->   Core 9 'Cmp' <Latency = 0> <II = 1> <Delay = 0.54> <FuncUnit> <Opcode : 'seteq' 'setne' 'setle' 'setge' 'setlt' 'setgt'> <InPorts = 2> <OutPorts = 1>
ST_8 : Operation 428 [1/1] (0.00ns) (grouped into LUT with out node icmp_ln118_1)   --->   "%or_ln118_2 = or i4 %add_ln117_1, i4 %select_ln110_1" [bnn.cpp:118]   --->   Operation 428 'or' 'or_ln118_2' <Predicate = true> <Delay = 0.00> <CoreInst = "LogicGate">   --->   Core 74 'LogicGate' <Latency = 0> <II = 1> <Delay = 0.35> <FuncUnit> <Opcode : 'and' 'or' 'xor'> <InPorts = 2> <OutPorts = 1>
ST_8 : Operation 429 [1/1] (0.00ns) (grouped into LUT with out node icmp_ln118_1)   --->   "%tmp_61 = bitselect i1 @_ssdm_op_BitSelect.i1.i4.i32, i4 %or_ln118_2, i32 3" [bnn.cpp:118]   --->   Operation 429 'bitselect' 'tmp_61' <Predicate = true> <Delay = 0.00>
ST_8 : Operation 430 [1/1] (0.00ns) (grouped into LUT with out node icmp_ln118_1)   --->   "%tmp_62 = bitconcatenate i2 @_ssdm_op_BitConcatenate.i2.i1.i1, i1 %tmp_59, i1 %tmp_61" [bnn.cpp:118]   --->   Operation 430 'bitconcatenate' 'tmp_62' <Predicate = true> <Delay = 0.00>
ST_8 : Operation 431 [1/1] (0.54ns) (out node of the LUT)   --->   "%icmp_ln118_1 = icmp_eq  i2 %tmp_62, i2 0" [bnn.cpp:118]   --->   Operation 431 'icmp' 'icmp_ln118_1' <Predicate = true> <Delay = 0.54> <CoreInst = "Cmp">   --->   Core 9 'Cmp' <Latency = 0> <II = 1> <Delay = 0.54> <FuncUnit> <Opcode : 'seteq' 'setne' 'setle' 'setge' 'setlt' 'setgt'> <InPorts = 2> <OutPorts = 1>
ST_8 : Operation 432 [1/2] ( I:0.67ns O:0.67ns )   --->   "%bnn_top_int_const_unsigned_int_const_int_const_unsigned_int_const_int_co_319 = load i9 %bnn_top_int_const_unsigned_int_const_int_const_unsigned_int_const_int_co_311" [bnn.cpp:119]   --->   Operation 432 'load' 'bnn_top_int_const_unsigned_int_const_int_const_unsigned_int_const_int_co_319' <Predicate = (trunc_ln111 == 1)> <Delay = 0.67> <CoreInst = "RAM">   --->   Core 82 'RAM' <Latency = 1> <II = 1> <Delay = 0.67> <Storage> <Opcode : 'load' 'store'> <Ports = 2> <Width = 1> <Depth = 512> <RAM>
ST_8 : Operation 433 [1/2] ( I:0.67ns O:0.67ns )   --->   "%bnn_top_int_const_unsigned_int_const_int_const_unsigned_int_const_int_co_320 = load i9 %bnn_top_int_const_unsigned_int_const_int_const_unsigned_int_const_int_co_312" [bnn.cpp:119]   --->   Operation 433 'load' 'bnn_top_int_const_unsigned_int_const_int_const_unsigned_int_const_int_co_320' <Predicate = (trunc_ln111 == 2)> <Delay = 0.67> <CoreInst = "RAM">   --->   Core 82 'RAM' <Latency = 1> <II = 1> <Delay = 0.67> <Storage> <Opcode : 'load' 'store'> <Ports = 2> <Width = 1> <Depth = 512> <RAM>
ST_8 : Operation 434 [1/2] ( I:0.67ns O:0.67ns )   --->   "%bnn_top_int_const_unsigned_int_const_int_const_unsigned_int_const_int_co_321 = load i9 %bnn_top_int_const_unsigned_int_const_int_const_unsigned_int_const_int_co_313" [bnn.cpp:119]   --->   Operation 434 'load' 'bnn_top_int_const_unsigned_int_const_int_const_unsigned_int_const_int_co_321' <Predicate = (trunc_ln111 == 3)> <Delay = 0.67> <CoreInst = "RAM">   --->   Core 82 'RAM' <Latency = 1> <II = 1> <Delay = 0.67> <Storage> <Opcode : 'load' 'store'> <Ports = 2> <Width = 1> <Depth = 512> <RAM>
ST_8 : Operation 435 [1/2] ( I:0.67ns O:0.67ns )   --->   "%bnn_top_int_const_unsigned_int_const_int_const_unsigned_int_const_int_co_322 = load i9 %bnn_top_int_const_unsigned_int_const_int_const_unsigned_int_const_int_co_314" [bnn.cpp:119]   --->   Operation 435 'load' 'bnn_top_int_const_unsigned_int_const_int_const_unsigned_int_const_int_co_322' <Predicate = (trunc_ln111 == 4)> <Delay = 0.67> <CoreInst = "RAM">   --->   Core 82 'RAM' <Latency = 1> <II = 1> <Delay = 0.67> <Storage> <Opcode : 'load' 'store'> <Ports = 2> <Width = 1> <Depth = 512> <RAM>
ST_8 : Operation 436 [1/2] ( I:0.67ns O:0.67ns )   --->   "%bnn_top_int_const_unsigned_int_const_int_const_unsigned_int_const_int_co_323 = load i9 %bnn_top_int_const_unsigned_int_const_int_const_unsigned_int_const_int_co_315" [bnn.cpp:119]   --->   Operation 436 'load' 'bnn_top_int_const_unsigned_int_const_int_const_unsigned_int_const_int_co_323' <Predicate = (trunc_ln111 == 5)> <Delay = 0.67> <CoreInst = "RAM">   --->   Core 82 'RAM' <Latency = 1> <II = 1> <Delay = 0.67> <Storage> <Opcode : 'load' 'store'> <Ports = 2> <Width = 1> <Depth = 512> <RAM>
ST_8 : Operation 437 [1/2] ( I:0.67ns O:0.67ns )   --->   "%bnn_top_int_const_unsigned_int_const_int_const_unsigned_int_const_int_co_324 = load i9 %bnn_top_int_const_unsigned_int_const_int_const_unsigned_int_const_int_co_316" [bnn.cpp:119]   --->   Operation 437 'load' 'bnn_top_int_const_unsigned_int_const_int_const_unsigned_int_const_int_co_324' <Predicate = (trunc_ln111 == 6)> <Delay = 0.67> <CoreInst = "RAM">   --->   Core 82 'RAM' <Latency = 1> <II = 1> <Delay = 0.67> <Storage> <Opcode : 'load' 'store'> <Ports = 2> <Width = 1> <Depth = 512> <RAM>
ST_8 : Operation 438 [1/2] ( I:0.67ns O:0.67ns )   --->   "%bnn_top_int_const_unsigned_int_const_int_const_unsigned_int_const_int_co_325 = load i9 %bnn_top_int_const_unsigned_int_const_int_const_unsigned_int_const_int_co_317" [bnn.cpp:119]   --->   Operation 438 'load' 'bnn_top_int_const_unsigned_int_const_int_const_unsigned_int_const_int_co_325' <Predicate = (trunc_ln111 == 7)> <Delay = 0.67> <CoreInst = "RAM">   --->   Core 82 'RAM' <Latency = 1> <II = 1> <Delay = 0.67> <Storage> <Opcode : 'load' 'store'> <Ports = 2> <Width = 1> <Depth = 512> <RAM>
ST_8 : Operation 439 [1/2] ( I:0.67ns O:0.67ns )   --->   "%bnn_top_int_const_unsigned_int_const_int_const_unsigned_int_const_int_co_326 = load i9 %bnn_top_int_const_unsigned_int_const_int_const_unsigned_int_const_int_co_318" [bnn.cpp:119]   --->   Operation 439 'load' 'bnn_top_int_const_unsigned_int_const_int_const_unsigned_int_const_int_co_326' <Predicate = (trunc_ln111 == 0)> <Delay = 0.67> <CoreInst = "RAM">   --->   Core 82 'RAM' <Latency = 1> <II = 1> <Delay = 0.67> <Storage> <Opcode : 'load' 'store'> <Ports = 2> <Width = 1> <Depth = 512> <RAM>
ST_8 : Operation 440 [1/1] (0.72ns)   --->   "%a_3 = sparsemux i1 @_ssdm_op_SparseMux.ap_auto.8i1.i1.i3, i3 1, i1 %bnn_top_int_const_unsigned_int_const_int_const_unsigned_int_const_int_co_319, i3 2, i1 %bnn_top_int_const_unsigned_int_const_int_const_unsigned_int_const_int_co_320, i3 3, i1 %bnn_top_int_const_unsigned_int_const_int_const_unsigned_int_const_int_co_321, i3 4, i1 %bnn_top_int_const_unsigned_int_const_int_const_unsigned_int_const_int_co_322, i3 5, i1 %bnn_top_int_const_unsigned_int_const_int_const_unsigned_int_const_int_co_323, i3 6, i1 %bnn_top_int_const_unsigned_int_const_int_const_unsigned_int_const_int_co_324, i3 7, i1 %bnn_top_int_const_unsigned_int_const_int_const_unsigned_int_const_int_co_325, i3 0, i1 %bnn_top_int_const_unsigned_int_const_int_const_unsigned_int_const_int_co_326, i1 0, i3 %trunc_ln111" [bnn.cpp:119]   --->   Operation 440 'sparsemux' 'a_3' <Predicate = true> <Delay = 0.72> <CoreInst = "BinarySparseMux_DontCare">   --->   Core 149 'BinarySparseMux_DontCare' <Latency = 0> <II = 1> <Delay = 0.72> <FuncUnit> <Opcode : 'sparsemux'> <InPorts = 2> <OutPorts = 1>
ST_8 : Operation 441 [1/1] (0.00ns) (grouped into LUT with out node acc)   --->   "%w = trunc i32 %lshr_ln120" [bnn.cpp:120]   --->   Operation 441 'trunc' 'w' <Predicate = true> <Delay = 0.00>
ST_8 : Operation 442 [1/1] (0.00ns) (grouped into LUT with out node acc)   --->   "%xor_ln121 = xor i1 %a_3, i1 %w" [bnn.cpp:121]   --->   Operation 442 'xor' 'xor_ln121' <Predicate = true> <Delay = 0.00> <CoreInst = "LogicGate">   --->   Core 74 'LogicGate' <Latency = 0> <II = 1> <Delay = 0.28> <FuncUnit> <Opcode : 'and' 'or' 'xor'> <InPorts = 2> <OutPorts = 1>
ST_8 : Operation 443 [1/1] (0.00ns) (grouped into LUT with out node acc)   --->   "%select_ln121 = select i1 %xor_ln121, i32 4294967295, i32 1" [bnn.cpp:121]   --->   Operation 443 'select' 'select_ln121' <Predicate = true> <Delay = 0.00> <CoreInst = "Sel">   --->   Core 73 'Sel' <Latency = 0> <II = 1> <Delay = 0.17> <FuncUnit> <Opcode : 'select'> <InPorts = 3> <OutPorts = 1>
ST_8 : Operation 444 [1/1] (1.01ns) (out node of the LUT)   --->   "%acc = add i32 %select_ln121, i32 %acc_27_mid2" [bnn.cpp:121]   --->   Operation 444 'add' 'acc' <Predicate = true> <Delay = 1.01> <CoreInst = "Adder">   --->   Core 1 'Adder' <Latency = 0> <II = 1> <Delay = 1.01> <FuncUnit> <Opcode : 'add' 'sub'> <InPorts = 2> <OutPorts = 1>
ST_8 : Operation 445 [1/1] (0.44ns) (out node of the LUT)   --->   "%acc_35 = select i1 %tmp_56, i32 %acc_27_mid2, i32 %acc" [bnn.cpp:118]   --->   Operation 445 'select' 'acc_35' <Predicate = true> <Delay = 0.44> <CoreInst = "Sel">   --->   Core 73 'Sel' <Latency = 0> <II = 1> <Delay = 0.44> <FuncUnit> <Opcode : 'select'> <InPorts = 3> <OutPorts = 1>
ST_8 : Operation 446 [1/2] ( I:0.67ns O:0.67ns )   --->   "%bnn_top_int_const_unsigned_int_const_int_const_unsigned_int_const_int_co_335 = load i9 %bnn_top_int_const_unsigned_int_const_int_const_unsigned_int_const_int_co_327" [bnn.cpp:119]   --->   Operation 446 'load' 'bnn_top_int_const_unsigned_int_const_int_const_unsigned_int_const_int_co_335' <Predicate = (trunc_ln111 == 0)> <Delay = 0.67> <CoreInst = "RAM">   --->   Core 82 'RAM' <Latency = 1> <II = 1> <Delay = 0.67> <Storage> <Opcode : 'load' 'store'> <Ports = 2> <Width = 1> <Depth = 512> <RAM>
ST_8 : Operation 447 [1/2] ( I:0.67ns O:0.67ns )   --->   "%bnn_top_int_const_unsigned_int_const_int_const_unsigned_int_const_int_co_336 = load i9 %bnn_top_int_const_unsigned_int_const_int_const_unsigned_int_const_int_co_328" [bnn.cpp:119]   --->   Operation 447 'load' 'bnn_top_int_const_unsigned_int_const_int_const_unsigned_int_const_int_co_336' <Predicate = (trunc_ln111 == 1)> <Delay = 0.67> <CoreInst = "RAM">   --->   Core 82 'RAM' <Latency = 1> <II = 1> <Delay = 0.67> <Storage> <Opcode : 'load' 'store'> <Ports = 2> <Width = 1> <Depth = 512> <RAM>
ST_8 : Operation 448 [1/2] ( I:0.67ns O:0.67ns )   --->   "%bnn_top_int_const_unsigned_int_const_int_const_unsigned_int_const_int_co_337 = load i9 %bnn_top_int_const_unsigned_int_const_int_const_unsigned_int_const_int_co_329" [bnn.cpp:119]   --->   Operation 448 'load' 'bnn_top_int_const_unsigned_int_const_int_const_unsigned_int_const_int_co_337' <Predicate = (trunc_ln111 == 2)> <Delay = 0.67> <CoreInst = "RAM">   --->   Core 82 'RAM' <Latency = 1> <II = 1> <Delay = 0.67> <Storage> <Opcode : 'load' 'store'> <Ports = 2> <Width = 1> <Depth = 512> <RAM>
ST_8 : Operation 449 [1/2] ( I:0.67ns O:0.67ns )   --->   "%bnn_top_int_const_unsigned_int_const_int_const_unsigned_int_const_int_co_338 = load i9 %bnn_top_int_const_unsigned_int_const_int_const_unsigned_int_const_int_co_330" [bnn.cpp:119]   --->   Operation 449 'load' 'bnn_top_int_const_unsigned_int_const_int_const_unsigned_int_const_int_co_338' <Predicate = (trunc_ln111 == 3)> <Delay = 0.67> <CoreInst = "RAM">   --->   Core 82 'RAM' <Latency = 1> <II = 1> <Delay = 0.67> <Storage> <Opcode : 'load' 'store'> <Ports = 2> <Width = 1> <Depth = 512> <RAM>
ST_8 : Operation 450 [1/2] ( I:0.67ns O:0.67ns )   --->   "%bnn_top_int_const_unsigned_int_const_int_const_unsigned_int_const_int_co_339 = load i9 %bnn_top_int_const_unsigned_int_const_int_const_unsigned_int_const_int_co_331" [bnn.cpp:119]   --->   Operation 450 'load' 'bnn_top_int_const_unsigned_int_const_int_const_unsigned_int_const_int_co_339' <Predicate = (trunc_ln111 == 4)> <Delay = 0.67> <CoreInst = "RAM">   --->   Core 82 'RAM' <Latency = 1> <II = 1> <Delay = 0.67> <Storage> <Opcode : 'load' 'store'> <Ports = 2> <Width = 1> <Depth = 512> <RAM>
ST_8 : Operation 451 [1/2] ( I:0.67ns O:0.67ns )   --->   "%bnn_top_int_const_unsigned_int_const_int_const_unsigned_int_const_int_co_340 = load i9 %bnn_top_int_const_unsigned_int_const_int_const_unsigned_int_const_int_co_332" [bnn.cpp:119]   --->   Operation 451 'load' 'bnn_top_int_const_unsigned_int_const_int_const_unsigned_int_const_int_co_340' <Predicate = (trunc_ln111 == 5)> <Delay = 0.67> <CoreInst = "RAM">   --->   Core 82 'RAM' <Latency = 1> <II = 1> <Delay = 0.67> <Storage> <Opcode : 'load' 'store'> <Ports = 2> <Width = 1> <Depth = 512> <RAM>
ST_8 : Operation 452 [1/2] ( I:0.67ns O:0.67ns )   --->   "%bnn_top_int_const_unsigned_int_const_int_const_unsigned_int_const_int_co_341 = load i9 %bnn_top_int_const_unsigned_int_const_int_const_unsigned_int_const_int_co_333" [bnn.cpp:119]   --->   Operation 452 'load' 'bnn_top_int_const_unsigned_int_const_int_const_unsigned_int_const_int_co_341' <Predicate = (trunc_ln111 == 6)> <Delay = 0.67> <CoreInst = "RAM">   --->   Core 82 'RAM' <Latency = 1> <II = 1> <Delay = 0.67> <Storage> <Opcode : 'load' 'store'> <Ports = 2> <Width = 1> <Depth = 512> <RAM>
ST_8 : Operation 453 [1/2] ( I:0.67ns O:0.67ns )   --->   "%bnn_top_int_const_unsigned_int_const_int_const_unsigned_int_const_int_co_342 = load i9 %bnn_top_int_const_unsigned_int_const_int_const_unsigned_int_const_int_co_334" [bnn.cpp:119]   --->   Operation 453 'load' 'bnn_top_int_const_unsigned_int_const_int_const_unsigned_int_const_int_co_342' <Predicate = (trunc_ln111 == 7)> <Delay = 0.67> <CoreInst = "RAM">   --->   Core 82 'RAM' <Latency = 1> <II = 1> <Delay = 0.67> <Storage> <Opcode : 'load' 'store'> <Ports = 2> <Width = 1> <Depth = 512> <RAM>
ST_8 : Operation 454 [1/1] (0.72ns)   --->   "%a_5 = sparsemux i1 @_ssdm_op_SparseMux.ap_auto.8i1.i1.i3, i3 0, i1 %bnn_top_int_const_unsigned_int_const_int_const_unsigned_int_const_int_co_335, i3 1, i1 %bnn_top_int_const_unsigned_int_const_int_const_unsigned_int_const_int_co_336, i3 2, i1 %bnn_top_int_const_unsigned_int_const_int_const_unsigned_int_const_int_co_337, i3 3, i1 %bnn_top_int_const_unsigned_int_const_int_const_unsigned_int_const_int_co_338, i3 4, i1 %bnn_top_int_const_unsigned_int_const_int_const_unsigned_int_const_int_co_339, i3 5, i1 %bnn_top_int_const_unsigned_int_const_int_const_unsigned_int_const_int_co_340, i3 6, i1 %bnn_top_int_const_unsigned_int_const_int_const_unsigned_int_const_int_co_341, i3 7, i1 %bnn_top_int_const_unsigned_int_const_int_const_unsigned_int_const_int_co_342, i1 0, i3 %trunc_ln111" [bnn.cpp:119]   --->   Operation 454 'sparsemux' 'a_5' <Predicate = true> <Delay = 0.72> <CoreInst = "BinarySparseMux_DontCare">   --->   Core 149 'BinarySparseMux_DontCare' <Latency = 0> <II = 1> <Delay = 0.72> <FuncUnit> <Opcode : 'sparsemux'> <InPorts = 2> <OutPorts = 1>
ST_8 : Operation 455 [1/1] (0.00ns) (grouped into LUT with out node acc_72)   --->   "%w_9 = trunc i32 %lshr_ln120_1" [bnn.cpp:120]   --->   Operation 455 'trunc' 'w_9' <Predicate = true> <Delay = 0.00>
ST_8 : Operation 456 [1/1] (0.00ns) (grouped into LUT with out node acc_72)   --->   "%xor_ln121_1 = xor i1 %a_5, i1 %w_9" [bnn.cpp:121]   --->   Operation 456 'xor' 'xor_ln121_1' <Predicate = true> <Delay = 0.00> <CoreInst = "LogicGate">   --->   Core 74 'LogicGate' <Latency = 0> <II = 1> <Delay = 0.28> <FuncUnit> <Opcode : 'and' 'or' 'xor'> <InPorts = 2> <OutPorts = 1>
ST_8 : Operation 457 [1/1] (0.00ns) (grouped into LUT with out node acc_72)   --->   "%select_ln121_1 = select i1 %xor_ln121_1, i32 4294967295, i32 1" [bnn.cpp:121]   --->   Operation 457 'select' 'select_ln121_1' <Predicate = true> <Delay = 0.00> <CoreInst = "Sel">   --->   Core 73 'Sel' <Latency = 0> <II = 1> <Delay = 0.17> <FuncUnit> <Opcode : 'select'> <InPorts = 3> <OutPorts = 1>
ST_8 : Operation 458 [1/1] (1.01ns) (out node of the LUT)   --->   "%acc_72 = add i32 %select_ln121_1, i32 %acc_35" [bnn.cpp:121]   --->   Operation 458 'add' 'acc_72' <Predicate = true> <Delay = 1.01> <CoreInst = "Adder">   --->   Core 1 'Adder' <Latency = 0> <II = 1> <Delay = 1.01> <FuncUnit> <Opcode : 'add' 'sub'> <InPorts = 2> <OutPorts = 1>
ST_8 : Operation 459 [1/1] (0.44ns)   --->   "%acc_43 = select i1 %tmp, i32 %acc_35, i32 %acc_72" [bnn.cpp:118]   --->   Operation 459 'select' 'acc_43' <Predicate = true> <Delay = 0.44> <CoreInst = "Sel">   --->   Core 73 'Sel' <Latency = 0> <II = 1> <Delay = 0.44> <FuncUnit> <Opcode : 'select'> <InPorts = 3> <OutPorts = 1>
ST_8 : Operation 460 [1/1] (0.00ns)   --->   "%zext_ln119_2 = zext i9 %lshr_ln119_3" [bnn.cpp:119]   --->   Operation 460 'zext' 'zext_ln119_2' <Predicate = true> <Delay = 0.00>
ST_8 : Operation 461 [1/1] (0.00ns)   --->   "%bnn_top_int_const_unsigned_int_const_int_const_unsigned_int_const_int_co_343 = getelementptr i1 %bnn_top_int_const_unsigned_int_const_int_const_unsigned_int_const_int_co_12, i64 0, i64 %zext_ln119_2" [bnn.cpp:119]   --->   Operation 461 'getelementptr' 'bnn_top_int_const_unsigned_int_const_int_const_unsigned_int_const_int_co_343' <Predicate = (trunc_ln111 == 7)> <Delay = 0.00>
ST_8 : Operation 462 [1/1] (0.00ns)   --->   "%bnn_top_int_const_unsigned_int_const_int_const_unsigned_int_const_int_co_344 = getelementptr i1 %bnn_top_int_const_unsigned_int_const_int_const_unsigned_int_const_int_co_6, i64 0, i64 %zext_ln119_2" [bnn.cpp:119]   --->   Operation 462 'getelementptr' 'bnn_top_int_const_unsigned_int_const_int_const_unsigned_int_const_int_co_344' <Predicate = (trunc_ln111 == 0)> <Delay = 0.00>
ST_8 : Operation 463 [1/1] (0.00ns)   --->   "%bnn_top_int_const_unsigned_int_const_int_const_unsigned_int_const_int_co_345 = getelementptr i1 %bnn_top_int_const_unsigned_int_const_int_const_unsigned_int_const_int_co_5, i64 0, i64 %zext_ln119_2" [bnn.cpp:119]   --->   Operation 463 'getelementptr' 'bnn_top_int_const_unsigned_int_const_int_const_unsigned_int_const_int_co_345' <Predicate = (trunc_ln111 == 1)> <Delay = 0.00>
ST_8 : Operation 464 [1/1] (0.00ns)   --->   "%bnn_top_int_const_unsigned_int_const_int_const_unsigned_int_const_int_co_346 = getelementptr i1 %bnn_top_int_const_unsigned_int_const_int_const_unsigned_int_const_int_co_11, i64 0, i64 %zext_ln119_2" [bnn.cpp:119]   --->   Operation 464 'getelementptr' 'bnn_top_int_const_unsigned_int_const_int_const_unsigned_int_const_int_co_346' <Predicate = (trunc_ln111 == 2)> <Delay = 0.00>
ST_8 : Operation 465 [1/1] (0.00ns)   --->   "%bnn_top_int_const_unsigned_int_const_int_const_unsigned_int_const_int_co_347 = getelementptr i1 %bnn_top_int_const_unsigned_int_const_int_const_unsigned_int_const_int_co_10, i64 0, i64 %zext_ln119_2" [bnn.cpp:119]   --->   Operation 465 'getelementptr' 'bnn_top_int_const_unsigned_int_const_int_const_unsigned_int_const_int_co_347' <Predicate = (trunc_ln111 == 3)> <Delay = 0.00>
ST_8 : Operation 466 [1/1] (0.00ns)   --->   "%bnn_top_int_const_unsigned_int_const_int_const_unsigned_int_const_int_co_348 = getelementptr i1 %bnn_top_int_const_unsigned_int_const_int_const_unsigned_int_const_int_co_9, i64 0, i64 %zext_ln119_2" [bnn.cpp:119]   --->   Operation 466 'getelementptr' 'bnn_top_int_const_unsigned_int_const_int_const_unsigned_int_const_int_co_348' <Predicate = (trunc_ln111 == 4)> <Delay = 0.00>
ST_8 : Operation 467 [1/1] (0.00ns)   --->   "%bnn_top_int_const_unsigned_int_const_int_const_unsigned_int_const_int_co_349 = getelementptr i1 %bnn_top_int_const_unsigned_int_const_int_const_unsigned_int_const_int_co_8, i64 0, i64 %zext_ln119_2" [bnn.cpp:119]   --->   Operation 467 'getelementptr' 'bnn_top_int_const_unsigned_int_const_int_const_unsigned_int_const_int_co_349' <Predicate = (trunc_ln111 == 5)> <Delay = 0.00>
ST_8 : Operation 468 [1/1] (0.00ns)   --->   "%bnn_top_int_const_unsigned_int_const_int_const_unsigned_int_const_int_co_350 = getelementptr i1 %bnn_top_int_const_unsigned_int_const_int_const_unsigned_int_const_int_co_7, i64 0, i64 %zext_ln119_2" [bnn.cpp:119]   --->   Operation 468 'getelementptr' 'bnn_top_int_const_unsigned_int_const_int_const_unsigned_int_const_int_co_350' <Predicate = (trunc_ln111 == 6)> <Delay = 0.00>
ST_8 : Operation 469 [2/2] (0.67ns)   --->   "%bnn_top_int_const_unsigned_int_const_int_const_unsigned_int_const_int_co_351 = load i9 %bnn_top_int_const_unsigned_int_const_int_const_unsigned_int_const_int_co_343" [bnn.cpp:119]   --->   Operation 469 'load' 'bnn_top_int_const_unsigned_int_const_int_const_unsigned_int_const_int_co_351' <Predicate = (trunc_ln111 == 7)> <Delay = 0.67> <CoreInst = "RAM">   --->   Core 82 'RAM' <Latency = 1> <II = 1> <Delay = 0.67> <Storage> <Opcode : 'load' 'store'> <Ports = 2> <Width = 1> <Depth = 512> <RAM>
ST_8 : Operation 470 [2/2] (0.67ns)   --->   "%bnn_top_int_const_unsigned_int_const_int_const_unsigned_int_const_int_co_352 = load i9 %bnn_top_int_const_unsigned_int_const_int_const_unsigned_int_const_int_co_344" [bnn.cpp:119]   --->   Operation 470 'load' 'bnn_top_int_const_unsigned_int_const_int_const_unsigned_int_const_int_co_352' <Predicate = (trunc_ln111 == 0)> <Delay = 0.67> <CoreInst = "RAM">   --->   Core 82 'RAM' <Latency = 1> <II = 1> <Delay = 0.67> <Storage> <Opcode : 'load' 'store'> <Ports = 2> <Width = 1> <Depth = 512> <RAM>
ST_8 : Operation 471 [2/2] (0.67ns)   --->   "%bnn_top_int_const_unsigned_int_const_int_const_unsigned_int_const_int_co_353 = load i9 %bnn_top_int_const_unsigned_int_const_int_const_unsigned_int_const_int_co_345" [bnn.cpp:119]   --->   Operation 471 'load' 'bnn_top_int_const_unsigned_int_const_int_const_unsigned_int_const_int_co_353' <Predicate = (trunc_ln111 == 1)> <Delay = 0.67> <CoreInst = "RAM">   --->   Core 82 'RAM' <Latency = 1> <II = 1> <Delay = 0.67> <Storage> <Opcode : 'load' 'store'> <Ports = 2> <Width = 1> <Depth = 512> <RAM>
ST_8 : Operation 472 [2/2] (0.67ns)   --->   "%bnn_top_int_const_unsigned_int_const_int_const_unsigned_int_const_int_co_354 = load i9 %bnn_top_int_const_unsigned_int_const_int_const_unsigned_int_const_int_co_346" [bnn.cpp:119]   --->   Operation 472 'load' 'bnn_top_int_const_unsigned_int_const_int_const_unsigned_int_const_int_co_354' <Predicate = (trunc_ln111 == 2)> <Delay = 0.67> <CoreInst = "RAM">   --->   Core 82 'RAM' <Latency = 1> <II = 1> <Delay = 0.67> <Storage> <Opcode : 'load' 'store'> <Ports = 2> <Width = 1> <Depth = 512> <RAM>
ST_8 : Operation 473 [2/2] (0.67ns)   --->   "%bnn_top_int_const_unsigned_int_const_int_const_unsigned_int_const_int_co_355 = load i9 %bnn_top_int_const_unsigned_int_const_int_const_unsigned_int_const_int_co_347" [bnn.cpp:119]   --->   Operation 473 'load' 'bnn_top_int_const_unsigned_int_const_int_const_unsigned_int_const_int_co_355' <Predicate = (trunc_ln111 == 3)> <Delay = 0.67> <CoreInst = "RAM">   --->   Core 82 'RAM' <Latency = 1> <II = 1> <Delay = 0.67> <Storage> <Opcode : 'load' 'store'> <Ports = 2> <Width = 1> <Depth = 512> <RAM>
ST_8 : Operation 474 [2/2] (0.67ns)   --->   "%bnn_top_int_const_unsigned_int_const_int_const_unsigned_int_const_int_co_356 = load i9 %bnn_top_int_const_unsigned_int_const_int_const_unsigned_int_const_int_co_348" [bnn.cpp:119]   --->   Operation 474 'load' 'bnn_top_int_const_unsigned_int_const_int_const_unsigned_int_const_int_co_356' <Predicate = (trunc_ln111 == 4)> <Delay = 0.67> <CoreInst = "RAM">   --->   Core 82 'RAM' <Latency = 1> <II = 1> <Delay = 0.67> <Storage> <Opcode : 'load' 'store'> <Ports = 2> <Width = 1> <Depth = 512> <RAM>
ST_8 : Operation 475 [2/2] (0.67ns)   --->   "%bnn_top_int_const_unsigned_int_const_int_const_unsigned_int_const_int_co_357 = load i9 %bnn_top_int_const_unsigned_int_const_int_const_unsigned_int_const_int_co_349" [bnn.cpp:119]   --->   Operation 475 'load' 'bnn_top_int_const_unsigned_int_const_int_const_unsigned_int_const_int_co_357' <Predicate = (trunc_ln111 == 5)> <Delay = 0.67> <CoreInst = "RAM">   --->   Core 82 'RAM' <Latency = 1> <II = 1> <Delay = 0.67> <Storage> <Opcode : 'load' 'store'> <Ports = 2> <Width = 1> <Depth = 512> <RAM>
ST_8 : Operation 476 [2/2] (0.67ns)   --->   "%bnn_top_int_const_unsigned_int_const_int_const_unsigned_int_const_int_co_358 = load i9 %bnn_top_int_const_unsigned_int_const_int_const_unsigned_int_const_int_co_350" [bnn.cpp:119]   --->   Operation 476 'load' 'bnn_top_int_const_unsigned_int_const_int_const_unsigned_int_const_int_co_358' <Predicate = (trunc_ln111 == 6)> <Delay = 0.67> <CoreInst = "RAM">   --->   Core 82 'RAM' <Latency = 1> <II = 1> <Delay = 0.67> <Storage> <Opcode : 'load' 'store'> <Ports = 2> <Width = 1> <Depth = 512> <RAM>
ST_8 : Operation 477 [1/1] (0.00ns)   --->   "%zext_ln119_3 = zext i9 %lshr_ln119_4" [bnn.cpp:119]   --->   Operation 477 'zext' 'zext_ln119_3' <Predicate = (!tmp_59)> <Delay = 0.00>
ST_8 : Operation 478 [1/1] (0.00ns)   --->   "%bnn_top_int_const_unsigned_int_const_int_const_unsigned_int_const_int_co_359 = getelementptr i1 %bnn_top_int_const_unsigned_int_const_int_const_unsigned_int_const_int_co_12, i64 0, i64 %zext_ln119_3" [bnn.cpp:119]   --->   Operation 478 'getelementptr' 'bnn_top_int_const_unsigned_int_const_int_const_unsigned_int_const_int_co_359' <Predicate = (!tmp_59 & trunc_ln111 == 1)> <Delay = 0.00>
ST_8 : Operation 479 [1/1] (0.00ns)   --->   "%bnn_top_int_const_unsigned_int_const_int_const_unsigned_int_const_int_co_360 = getelementptr i1 %bnn_top_int_const_unsigned_int_const_int_const_unsigned_int_const_int_co_6, i64 0, i64 %zext_ln119_3" [bnn.cpp:119]   --->   Operation 479 'getelementptr' 'bnn_top_int_const_unsigned_int_const_int_const_unsigned_int_const_int_co_360' <Predicate = (!tmp_59 & trunc_ln111 == 2)> <Delay = 0.00>
ST_8 : Operation 480 [1/1] (0.00ns)   --->   "%bnn_top_int_const_unsigned_int_const_int_const_unsigned_int_const_int_co_361 = getelementptr i1 %bnn_top_int_const_unsigned_int_const_int_const_unsigned_int_const_int_co_5, i64 0, i64 %zext_ln119_3" [bnn.cpp:119]   --->   Operation 480 'getelementptr' 'bnn_top_int_const_unsigned_int_const_int_const_unsigned_int_const_int_co_361' <Predicate = (!tmp_59 & trunc_ln111 == 3)> <Delay = 0.00>
ST_8 : Operation 481 [1/1] (0.00ns)   --->   "%bnn_top_int_const_unsigned_int_const_int_const_unsigned_int_const_int_co_362 = getelementptr i1 %bnn_top_int_const_unsigned_int_const_int_const_unsigned_int_const_int_co_11, i64 0, i64 %zext_ln119_3" [bnn.cpp:119]   --->   Operation 481 'getelementptr' 'bnn_top_int_const_unsigned_int_const_int_const_unsigned_int_const_int_co_362' <Predicate = (!tmp_59 & trunc_ln111 == 4)> <Delay = 0.00>
ST_8 : Operation 482 [1/1] (0.00ns)   --->   "%bnn_top_int_const_unsigned_int_const_int_const_unsigned_int_const_int_co_363 = getelementptr i1 %bnn_top_int_const_unsigned_int_const_int_const_unsigned_int_const_int_co_10, i64 0, i64 %zext_ln119_3" [bnn.cpp:119]   --->   Operation 482 'getelementptr' 'bnn_top_int_const_unsigned_int_const_int_const_unsigned_int_const_int_co_363' <Predicate = (!tmp_59 & trunc_ln111 == 5)> <Delay = 0.00>
ST_8 : Operation 483 [1/1] (0.00ns)   --->   "%bnn_top_int_const_unsigned_int_const_int_const_unsigned_int_const_int_co_364 = getelementptr i1 %bnn_top_int_const_unsigned_int_const_int_const_unsigned_int_const_int_co_9, i64 0, i64 %zext_ln119_3" [bnn.cpp:119]   --->   Operation 483 'getelementptr' 'bnn_top_int_const_unsigned_int_const_int_const_unsigned_int_const_int_co_364' <Predicate = (!tmp_59 & trunc_ln111 == 6)> <Delay = 0.00>
ST_8 : Operation 484 [1/1] (0.00ns)   --->   "%bnn_top_int_const_unsigned_int_const_int_const_unsigned_int_const_int_co_365 = getelementptr i1 %bnn_top_int_const_unsigned_int_const_int_const_unsigned_int_const_int_co_8, i64 0, i64 %zext_ln119_3" [bnn.cpp:119]   --->   Operation 484 'getelementptr' 'bnn_top_int_const_unsigned_int_const_int_const_unsigned_int_const_int_co_365' <Predicate = (!tmp_59 & trunc_ln111 == 7)> <Delay = 0.00>
ST_8 : Operation 485 [1/1] (0.00ns)   --->   "%bnn_top_int_const_unsigned_int_const_int_const_unsigned_int_const_int_co_366 = getelementptr i1 %bnn_top_int_const_unsigned_int_const_int_const_unsigned_int_const_int_co_7, i64 0, i64 %zext_ln119_3" [bnn.cpp:119]   --->   Operation 485 'getelementptr' 'bnn_top_int_const_unsigned_int_const_int_const_unsigned_int_const_int_co_366' <Predicate = (!tmp_59 & trunc_ln111 == 0)> <Delay = 0.00>
ST_8 : Operation 486 [2/2] (0.67ns)   --->   "%bnn_top_int_const_unsigned_int_const_int_const_unsigned_int_const_int_co_367 = load i9 %bnn_top_int_const_unsigned_int_const_int_const_unsigned_int_const_int_co_359" [bnn.cpp:119]   --->   Operation 486 'load' 'bnn_top_int_const_unsigned_int_const_int_const_unsigned_int_const_int_co_367' <Predicate = (!tmp_59 & trunc_ln111 == 1)> <Delay = 0.67> <CoreInst = "RAM">   --->   Core 82 'RAM' <Latency = 1> <II = 1> <Delay = 0.67> <Storage> <Opcode : 'load' 'store'> <Ports = 2> <Width = 1> <Depth = 512> <RAM>
ST_8 : Operation 487 [2/2] (0.67ns)   --->   "%bnn_top_int_const_unsigned_int_const_int_const_unsigned_int_const_int_co_368 = load i9 %bnn_top_int_const_unsigned_int_const_int_const_unsigned_int_const_int_co_360" [bnn.cpp:119]   --->   Operation 487 'load' 'bnn_top_int_const_unsigned_int_const_int_const_unsigned_int_const_int_co_368' <Predicate = (!tmp_59 & trunc_ln111 == 2)> <Delay = 0.67> <CoreInst = "RAM">   --->   Core 82 'RAM' <Latency = 1> <II = 1> <Delay = 0.67> <Storage> <Opcode : 'load' 'store'> <Ports = 2> <Width = 1> <Depth = 512> <RAM>
ST_8 : Operation 488 [2/2] (0.67ns)   --->   "%bnn_top_int_const_unsigned_int_const_int_const_unsigned_int_const_int_co_369 = load i9 %bnn_top_int_const_unsigned_int_const_int_const_unsigned_int_const_int_co_361" [bnn.cpp:119]   --->   Operation 488 'load' 'bnn_top_int_const_unsigned_int_const_int_const_unsigned_int_const_int_co_369' <Predicate = (!tmp_59 & trunc_ln111 == 3)> <Delay = 0.67> <CoreInst = "RAM">   --->   Core 82 'RAM' <Latency = 1> <II = 1> <Delay = 0.67> <Storage> <Opcode : 'load' 'store'> <Ports = 2> <Width = 1> <Depth = 512> <RAM>
ST_8 : Operation 489 [2/2] (0.67ns)   --->   "%bnn_top_int_const_unsigned_int_const_int_const_unsigned_int_const_int_co_370 = load i9 %bnn_top_int_const_unsigned_int_const_int_const_unsigned_int_const_int_co_362" [bnn.cpp:119]   --->   Operation 489 'load' 'bnn_top_int_const_unsigned_int_const_int_const_unsigned_int_const_int_co_370' <Predicate = (!tmp_59 & trunc_ln111 == 4)> <Delay = 0.67> <CoreInst = "RAM">   --->   Core 82 'RAM' <Latency = 1> <II = 1> <Delay = 0.67> <Storage> <Opcode : 'load' 'store'> <Ports = 2> <Width = 1> <Depth = 512> <RAM>
ST_8 : Operation 490 [2/2] (0.67ns)   --->   "%bnn_top_int_const_unsigned_int_const_int_const_unsigned_int_const_int_co_371 = load i9 %bnn_top_int_const_unsigned_int_const_int_const_unsigned_int_const_int_co_363" [bnn.cpp:119]   --->   Operation 490 'load' 'bnn_top_int_const_unsigned_int_const_int_const_unsigned_int_const_int_co_371' <Predicate = (!tmp_59 & trunc_ln111 == 5)> <Delay = 0.67> <CoreInst = "RAM">   --->   Core 82 'RAM' <Latency = 1> <II = 1> <Delay = 0.67> <Storage> <Opcode : 'load' 'store'> <Ports = 2> <Width = 1> <Depth = 512> <RAM>
ST_8 : Operation 491 [2/2] (0.67ns)   --->   "%bnn_top_int_const_unsigned_int_const_int_const_unsigned_int_const_int_co_372 = load i9 %bnn_top_int_const_unsigned_int_const_int_const_unsigned_int_const_int_co_364" [bnn.cpp:119]   --->   Operation 491 'load' 'bnn_top_int_const_unsigned_int_const_int_const_unsigned_int_const_int_co_372' <Predicate = (!tmp_59 & trunc_ln111 == 6)> <Delay = 0.67> <CoreInst = "RAM">   --->   Core 82 'RAM' <Latency = 1> <II = 1> <Delay = 0.67> <Storage> <Opcode : 'load' 'store'> <Ports = 2> <Width = 1> <Depth = 512> <RAM>
ST_8 : Operation 492 [2/2] (0.67ns)   --->   "%bnn_top_int_const_unsigned_int_const_int_const_unsigned_int_const_int_co_373 = load i9 %bnn_top_int_const_unsigned_int_const_int_const_unsigned_int_const_int_co_365" [bnn.cpp:119]   --->   Operation 492 'load' 'bnn_top_int_const_unsigned_int_const_int_const_unsigned_int_const_int_co_373' <Predicate = (!tmp_59 & trunc_ln111 == 7)> <Delay = 0.67> <CoreInst = "RAM">   --->   Core 82 'RAM' <Latency = 1> <II = 1> <Delay = 0.67> <Storage> <Opcode : 'load' 'store'> <Ports = 2> <Width = 1> <Depth = 512> <RAM>
ST_8 : Operation 493 [2/2] (0.67ns)   --->   "%bnn_top_int_const_unsigned_int_const_int_const_unsigned_int_const_int_co_374 = load i9 %bnn_top_int_const_unsigned_int_const_int_const_unsigned_int_const_int_co_366" [bnn.cpp:119]   --->   Operation 493 'load' 'bnn_top_int_const_unsigned_int_const_int_const_unsigned_int_const_int_co_374' <Predicate = (!tmp_59 & trunc_ln111 == 0)> <Delay = 0.67> <CoreInst = "RAM">   --->   Core 82 'RAM' <Latency = 1> <II = 1> <Delay = 0.67> <Storage> <Opcode : 'load' 'store'> <Ports = 2> <Width = 1> <Depth = 512> <RAM>
ST_8 : Operation 494 [3/9] (1.06ns)   --->   "%urem_ln125 = urem i5 %add_ln125, i5 5" [bnn.cpp:125]   --->   Operation 494 'urem' 'urem_ln125' <Predicate = true> <Delay = 1.06> <CoreInst = "Divider">   --->   Core 6 'Divider' <Latency = 8> <II = 1> <Delay = 1.06> <FuncUnit> <Opcode : 'udiv' 'sdiv' 'urem' 'srem'> <InPorts = 2> <OutPorts = 1>

State 9 <SV = 8> <Delay = 6.36>
ST_9 : Operation 495 [1/2] ( I:0.67ns O:0.67ns )   --->   "%bnn_top_int_const_unsigned_int_const_int_const_unsigned_int_const_int_co_351 = load i9 %bnn_top_int_const_unsigned_int_const_int_const_unsigned_int_const_int_co_343" [bnn.cpp:119]   --->   Operation 495 'load' 'bnn_top_int_const_unsigned_int_const_int_const_unsigned_int_const_int_co_351' <Predicate = (trunc_ln111 == 7)> <Delay = 0.67> <CoreInst = "RAM">   --->   Core 82 'RAM' <Latency = 1> <II = 1> <Delay = 0.67> <Storage> <Opcode : 'load' 'store'> <Ports = 2> <Width = 1> <Depth = 512> <RAM>
ST_9 : Operation 496 [1/2] ( I:0.67ns O:0.67ns )   --->   "%bnn_top_int_const_unsigned_int_const_int_const_unsigned_int_const_int_co_352 = load i9 %bnn_top_int_const_unsigned_int_const_int_const_unsigned_int_const_int_co_344" [bnn.cpp:119]   --->   Operation 496 'load' 'bnn_top_int_const_unsigned_int_const_int_const_unsigned_int_const_int_co_352' <Predicate = (trunc_ln111 == 0)> <Delay = 0.67> <CoreInst = "RAM">   --->   Core 82 'RAM' <Latency = 1> <II = 1> <Delay = 0.67> <Storage> <Opcode : 'load' 'store'> <Ports = 2> <Width = 1> <Depth = 512> <RAM>
ST_9 : Operation 497 [1/2] ( I:0.67ns O:0.67ns )   --->   "%bnn_top_int_const_unsigned_int_const_int_const_unsigned_int_const_int_co_353 = load i9 %bnn_top_int_const_unsigned_int_const_int_const_unsigned_int_const_int_co_345" [bnn.cpp:119]   --->   Operation 497 'load' 'bnn_top_int_const_unsigned_int_const_int_const_unsigned_int_const_int_co_353' <Predicate = (trunc_ln111 == 1)> <Delay = 0.67> <CoreInst = "RAM">   --->   Core 82 'RAM' <Latency = 1> <II = 1> <Delay = 0.67> <Storage> <Opcode : 'load' 'store'> <Ports = 2> <Width = 1> <Depth = 512> <RAM>
ST_9 : Operation 498 [1/2] ( I:0.67ns O:0.67ns )   --->   "%bnn_top_int_const_unsigned_int_const_int_const_unsigned_int_const_int_co_354 = load i9 %bnn_top_int_const_unsigned_int_const_int_const_unsigned_int_const_int_co_346" [bnn.cpp:119]   --->   Operation 498 'load' 'bnn_top_int_const_unsigned_int_const_int_const_unsigned_int_const_int_co_354' <Predicate = (trunc_ln111 == 2)> <Delay = 0.67> <CoreInst = "RAM">   --->   Core 82 'RAM' <Latency = 1> <II = 1> <Delay = 0.67> <Storage> <Opcode : 'load' 'store'> <Ports = 2> <Width = 1> <Depth = 512> <RAM>
ST_9 : Operation 499 [1/2] ( I:0.67ns O:0.67ns )   --->   "%bnn_top_int_const_unsigned_int_const_int_const_unsigned_int_const_int_co_355 = load i9 %bnn_top_int_const_unsigned_int_const_int_const_unsigned_int_const_int_co_347" [bnn.cpp:119]   --->   Operation 499 'load' 'bnn_top_int_const_unsigned_int_const_int_const_unsigned_int_const_int_co_355' <Predicate = (trunc_ln111 == 3)> <Delay = 0.67> <CoreInst = "RAM">   --->   Core 82 'RAM' <Latency = 1> <II = 1> <Delay = 0.67> <Storage> <Opcode : 'load' 'store'> <Ports = 2> <Width = 1> <Depth = 512> <RAM>
ST_9 : Operation 500 [1/2] ( I:0.67ns O:0.67ns )   --->   "%bnn_top_int_const_unsigned_int_const_int_const_unsigned_int_const_int_co_356 = load i9 %bnn_top_int_const_unsigned_int_const_int_const_unsigned_int_const_int_co_348" [bnn.cpp:119]   --->   Operation 500 'load' 'bnn_top_int_const_unsigned_int_const_int_const_unsigned_int_const_int_co_356' <Predicate = (trunc_ln111 == 4)> <Delay = 0.67> <CoreInst = "RAM">   --->   Core 82 'RAM' <Latency = 1> <II = 1> <Delay = 0.67> <Storage> <Opcode : 'load' 'store'> <Ports = 2> <Width = 1> <Depth = 512> <RAM>
ST_9 : Operation 501 [1/2] ( I:0.67ns O:0.67ns )   --->   "%bnn_top_int_const_unsigned_int_const_int_const_unsigned_int_const_int_co_357 = load i9 %bnn_top_int_const_unsigned_int_const_int_const_unsigned_int_const_int_co_349" [bnn.cpp:119]   --->   Operation 501 'load' 'bnn_top_int_const_unsigned_int_const_int_const_unsigned_int_const_int_co_357' <Predicate = (trunc_ln111 == 5)> <Delay = 0.67> <CoreInst = "RAM">   --->   Core 82 'RAM' <Latency = 1> <II = 1> <Delay = 0.67> <Storage> <Opcode : 'load' 'store'> <Ports = 2> <Width = 1> <Depth = 512> <RAM>
ST_9 : Operation 502 [1/2] ( I:0.67ns O:0.67ns )   --->   "%bnn_top_int_const_unsigned_int_const_int_const_unsigned_int_const_int_co_358 = load i9 %bnn_top_int_const_unsigned_int_const_int_const_unsigned_int_const_int_co_350" [bnn.cpp:119]   --->   Operation 502 'load' 'bnn_top_int_const_unsigned_int_const_int_const_unsigned_int_const_int_co_358' <Predicate = (trunc_ln111 == 6)> <Delay = 0.67> <CoreInst = "RAM">   --->   Core 82 'RAM' <Latency = 1> <II = 1> <Delay = 0.67> <Storage> <Opcode : 'load' 'store'> <Ports = 2> <Width = 1> <Depth = 512> <RAM>
ST_9 : Operation 503 [1/1] (0.72ns)   --->   "%a_8 = sparsemux i1 @_ssdm_op_SparseMux.ap_auto.8i1.i1.i3, i3 7, i1 %bnn_top_int_const_unsigned_int_const_int_const_unsigned_int_const_int_co_351, i3 0, i1 %bnn_top_int_const_unsigned_int_const_int_const_unsigned_int_const_int_co_352, i3 1, i1 %bnn_top_int_const_unsigned_int_const_int_const_unsigned_int_const_int_co_353, i3 2, i1 %bnn_top_int_const_unsigned_int_const_int_const_unsigned_int_const_int_co_354, i3 3, i1 %bnn_top_int_const_unsigned_int_const_int_const_unsigned_int_const_int_co_355, i3 4, i1 %bnn_top_int_const_unsigned_int_const_int_const_unsigned_int_const_int_co_356, i3 5, i1 %bnn_top_int_const_unsigned_int_const_int_const_unsigned_int_const_int_co_357, i3 6, i1 %bnn_top_int_const_unsigned_int_const_int_const_unsigned_int_const_int_co_358, i1 0, i3 %trunc_ln111" [bnn.cpp:119]   --->   Operation 503 'sparsemux' 'a_8' <Predicate = (icmp_ln118)> <Delay = 0.72> <CoreInst = "BinarySparseMux_DontCare">   --->   Core 149 'BinarySparseMux_DontCare' <Latency = 0> <II = 1> <Delay = 0.72> <FuncUnit> <Opcode : 'sparsemux'> <InPorts = 2> <OutPorts = 1>
ST_9 : Operation 504 [1/1] (0.00ns) (grouped into LUT with out node acc_73)   --->   "%w_10 = trunc i32 %lshr_ln120_3" [bnn.cpp:120]   --->   Operation 504 'trunc' 'w_10' <Predicate = (icmp_ln118)> <Delay = 0.00>
ST_9 : Operation 505 [1/1] (0.00ns) (grouped into LUT with out node acc_73)   --->   "%xor_ln121_2 = xor i1 %a_8, i1 %w_10" [bnn.cpp:121]   --->   Operation 505 'xor' 'xor_ln121_2' <Predicate = (icmp_ln118)> <Delay = 0.00> <CoreInst = "LogicGate">   --->   Core 74 'LogicGate' <Latency = 0> <II = 1> <Delay = 0.28> <FuncUnit> <Opcode : 'and' 'or' 'xor'> <InPorts = 2> <OutPorts = 1>
ST_9 : Operation 506 [1/1] (0.00ns) (grouped into LUT with out node acc_73)   --->   "%select_ln121_2 = select i1 %xor_ln121_2, i32 4294967295, i32 1" [bnn.cpp:121]   --->   Operation 506 'select' 'select_ln121_2' <Predicate = (icmp_ln118)> <Delay = 0.00> <CoreInst = "Sel">   --->   Core 73 'Sel' <Latency = 0> <II = 1> <Delay = 0.17> <FuncUnit> <Opcode : 'select'> <InPorts = 3> <OutPorts = 1>
ST_9 : Operation 507 [1/1] (1.01ns) (out node of the LUT)   --->   "%acc_73 = add i32 %select_ln121_2, i32 %acc_43" [bnn.cpp:121]   --->   Operation 507 'add' 'acc_73' <Predicate = (icmp_ln118)> <Delay = 1.01> <CoreInst = "Adder">   --->   Core 1 'Adder' <Latency = 0> <II = 1> <Delay = 1.01> <FuncUnit> <Opcode : 'add' 'sub'> <InPorts = 2> <OutPorts = 1>
ST_9 : Operation 508 [1/1] (0.44ns)   --->   "%acc_52 = select i1 %icmp_ln118, i32 %acc_73, i32 %acc_43" [bnn.cpp:118]   --->   Operation 508 'select' 'acc_52' <Predicate = true> <Delay = 0.44> <CoreInst = "Sel">   --->   Core 73 'Sel' <Latency = 0> <II = 1> <Delay = 0.44> <FuncUnit> <Opcode : 'select'> <InPorts = 3> <OutPorts = 1>
ST_9 : Operation 509 [1/2] ( I:0.67ns O:0.67ns )   --->   "%bnn_top_int_const_unsigned_int_const_int_const_unsigned_int_const_int_co_367 = load i9 %bnn_top_int_const_unsigned_int_const_int_const_unsigned_int_const_int_co_359" [bnn.cpp:119]   --->   Operation 509 'load' 'bnn_top_int_const_unsigned_int_const_int_const_unsigned_int_const_int_co_367' <Predicate = (!tmp_59 & trunc_ln111 == 1)> <Delay = 0.67> <CoreInst = "RAM">   --->   Core 82 'RAM' <Latency = 1> <II = 1> <Delay = 0.67> <Storage> <Opcode : 'load' 'store'> <Ports = 2> <Width = 1> <Depth = 512> <RAM>
ST_9 : Operation 510 [1/2] ( I:0.67ns O:0.67ns )   --->   "%bnn_top_int_const_unsigned_int_const_int_const_unsigned_int_const_int_co_368 = load i9 %bnn_top_int_const_unsigned_int_const_int_const_unsigned_int_const_int_co_360" [bnn.cpp:119]   --->   Operation 510 'load' 'bnn_top_int_const_unsigned_int_const_int_const_unsigned_int_const_int_co_368' <Predicate = (!tmp_59 & trunc_ln111 == 2)> <Delay = 0.67> <CoreInst = "RAM">   --->   Core 82 'RAM' <Latency = 1> <II = 1> <Delay = 0.67> <Storage> <Opcode : 'load' 'store'> <Ports = 2> <Width = 1> <Depth = 512> <RAM>
ST_9 : Operation 511 [1/2] ( I:0.67ns O:0.67ns )   --->   "%bnn_top_int_const_unsigned_int_const_int_const_unsigned_int_const_int_co_369 = load i9 %bnn_top_int_const_unsigned_int_const_int_const_unsigned_int_const_int_co_361" [bnn.cpp:119]   --->   Operation 511 'load' 'bnn_top_int_const_unsigned_int_const_int_const_unsigned_int_const_int_co_369' <Predicate = (!tmp_59 & trunc_ln111 == 3)> <Delay = 0.67> <CoreInst = "RAM">   --->   Core 82 'RAM' <Latency = 1> <II = 1> <Delay = 0.67> <Storage> <Opcode : 'load' 'store'> <Ports = 2> <Width = 1> <Depth = 512> <RAM>
ST_9 : Operation 512 [1/2] ( I:0.67ns O:0.67ns )   --->   "%bnn_top_int_const_unsigned_int_const_int_const_unsigned_int_const_int_co_370 = load i9 %bnn_top_int_const_unsigned_int_const_int_const_unsigned_int_const_int_co_362" [bnn.cpp:119]   --->   Operation 512 'load' 'bnn_top_int_const_unsigned_int_const_int_const_unsigned_int_const_int_co_370' <Predicate = (!tmp_59 & trunc_ln111 == 4)> <Delay = 0.67> <CoreInst = "RAM">   --->   Core 82 'RAM' <Latency = 1> <II = 1> <Delay = 0.67> <Storage> <Opcode : 'load' 'store'> <Ports = 2> <Width = 1> <Depth = 512> <RAM>
ST_9 : Operation 513 [1/2] ( I:0.67ns O:0.67ns )   --->   "%bnn_top_int_const_unsigned_int_const_int_const_unsigned_int_const_int_co_371 = load i9 %bnn_top_int_const_unsigned_int_const_int_const_unsigned_int_const_int_co_363" [bnn.cpp:119]   --->   Operation 513 'load' 'bnn_top_int_const_unsigned_int_const_int_const_unsigned_int_const_int_co_371' <Predicate = (!tmp_59 & trunc_ln111 == 5)> <Delay = 0.67> <CoreInst = "RAM">   --->   Core 82 'RAM' <Latency = 1> <II = 1> <Delay = 0.67> <Storage> <Opcode : 'load' 'store'> <Ports = 2> <Width = 1> <Depth = 512> <RAM>
ST_9 : Operation 514 [1/2] ( I:0.67ns O:0.67ns )   --->   "%bnn_top_int_const_unsigned_int_const_int_const_unsigned_int_const_int_co_372 = load i9 %bnn_top_int_const_unsigned_int_const_int_const_unsigned_int_const_int_co_364" [bnn.cpp:119]   --->   Operation 514 'load' 'bnn_top_int_const_unsigned_int_const_int_const_unsigned_int_const_int_co_372' <Predicate = (!tmp_59 & trunc_ln111 == 6)> <Delay = 0.67> <CoreInst = "RAM">   --->   Core 82 'RAM' <Latency = 1> <II = 1> <Delay = 0.67> <Storage> <Opcode : 'load' 'store'> <Ports = 2> <Width = 1> <Depth = 512> <RAM>
ST_9 : Operation 515 [1/2] ( I:0.67ns O:0.67ns )   --->   "%bnn_top_int_const_unsigned_int_const_int_const_unsigned_int_const_int_co_373 = load i9 %bnn_top_int_const_unsigned_int_const_int_const_unsigned_int_const_int_co_365" [bnn.cpp:119]   --->   Operation 515 'load' 'bnn_top_int_const_unsigned_int_const_int_const_unsigned_int_const_int_co_373' <Predicate = (!tmp_59 & trunc_ln111 == 7)> <Delay = 0.67> <CoreInst = "RAM">   --->   Core 82 'RAM' <Latency = 1> <II = 1> <Delay = 0.67> <Storage> <Opcode : 'load' 'store'> <Ports = 2> <Width = 1> <Depth = 512> <RAM>
ST_9 : Operation 516 [1/2] ( I:0.67ns O:0.67ns )   --->   "%bnn_top_int_const_unsigned_int_const_int_const_unsigned_int_const_int_co_374 = load i9 %bnn_top_int_const_unsigned_int_const_int_const_unsigned_int_const_int_co_366" [bnn.cpp:119]   --->   Operation 516 'load' 'bnn_top_int_const_unsigned_int_const_int_const_unsigned_int_const_int_co_374' <Predicate = (!tmp_59 & trunc_ln111 == 0)> <Delay = 0.67> <CoreInst = "RAM">   --->   Core 82 'RAM' <Latency = 1> <II = 1> <Delay = 0.67> <Storage> <Opcode : 'load' 'store'> <Ports = 2> <Width = 1> <Depth = 512> <RAM>
ST_9 : Operation 517 [1/1] (0.72ns)   --->   "%a = sparsemux i1 @_ssdm_op_SparseMux.ap_auto.8i1.i1.i3, i3 1, i1 %bnn_top_int_const_unsigned_int_const_int_const_unsigned_int_const_int_co_367, i3 2, i1 %bnn_top_int_const_unsigned_int_const_int_const_unsigned_int_const_int_co_368, i3 3, i1 %bnn_top_int_const_unsigned_int_const_int_const_unsigned_int_const_int_co_369, i3 4, i1 %bnn_top_int_const_unsigned_int_const_int_const_unsigned_int_const_int_co_370, i3 5, i1 %bnn_top_int_const_unsigned_int_const_int_const_unsigned_int_const_int_co_371, i3 6, i1 %bnn_top_int_const_unsigned_int_const_int_const_unsigned_int_const_int_co_372, i3 7, i1 %bnn_top_int_const_unsigned_int_const_int_const_unsigned_int_const_int_co_373, i3 0, i1 %bnn_top_int_const_unsigned_int_const_int_const_unsigned_int_const_int_co_374, i1 0, i3 %trunc_ln111" [bnn.cpp:119]   --->   Operation 517 'sparsemux' 'a' <Predicate = (!tmp_59)> <Delay = 0.72> <CoreInst = "BinarySparseMux_DontCare">   --->   Core 149 'BinarySparseMux_DontCare' <Latency = 0> <II = 1> <Delay = 0.72> <FuncUnit> <Opcode : 'sparsemux'> <InPorts = 2> <OutPorts = 1>
ST_9 : Operation 518 [1/1] (0.00ns) (grouped into LUT with out node acc_74)   --->   "%w_11 = trunc i32 %lshr_ln120_5" [bnn.cpp:120]   --->   Operation 518 'trunc' 'w_11' <Predicate = (!tmp_59)> <Delay = 0.00>
ST_9 : Operation 519 [1/1] (0.00ns) (grouped into LUT with out node acc_74)   --->   "%xor_ln121_3 = xor i1 %a, i1 %w_11" [bnn.cpp:121]   --->   Operation 519 'xor' 'xor_ln121_3' <Predicate = (!tmp_59)> <Delay = 0.00> <CoreInst = "LogicGate">   --->   Core 74 'LogicGate' <Latency = 0> <II = 1> <Delay = 0.28> <FuncUnit> <Opcode : 'and' 'or' 'xor'> <InPorts = 2> <OutPorts = 1>
ST_9 : Operation 520 [1/1] (0.00ns) (grouped into LUT with out node acc_74)   --->   "%select_ln121_3 = select i1 %xor_ln121_3, i32 4294967295, i32 1" [bnn.cpp:121]   --->   Operation 520 'select' 'select_ln121_3' <Predicate = (!tmp_59)> <Delay = 0.00> <CoreInst = "Sel">   --->   Core 73 'Sel' <Latency = 0> <II = 1> <Delay = 0.17> <FuncUnit> <Opcode : 'select'> <InPorts = 3> <OutPorts = 1>
ST_9 : Operation 521 [1/1] (1.01ns) (out node of the LUT)   --->   "%acc_74 = add i32 %select_ln121_3, i32 %acc_52" [bnn.cpp:121]   --->   Operation 521 'add' 'acc_74' <Predicate = (!tmp_59)> <Delay = 1.01> <CoreInst = "Adder">   --->   Core 1 'Adder' <Latency = 0> <II = 1> <Delay = 1.01> <FuncUnit> <Opcode : 'add' 'sub'> <InPorts = 2> <OutPorts = 1>
ST_9 : Operation 522 [1/1] (0.00ns) (grouped into LUT with out node acc_75)   --->   "%acc_56 = select i1 %tmp_59, i32 %acc_52, i32 %acc_74" [bnn.cpp:118]   --->   Operation 522 'select' 'acc_56' <Predicate = true> <Delay = 0.00> <CoreInst = "Sel">   --->   Core 73 'Sel' <Latency = 0> <II = 1> <Delay = 0.44> <FuncUnit> <Opcode : 'select'> <InPorts = 3> <OutPorts = 1>
ST_9 : Operation 523 [1/1] (0.00ns) (grouped into LUT with out node acc_75)   --->   "%w_12 = trunc i32 %lshr_ln120_7" [bnn.cpp:120]   --->   Operation 523 'trunc' 'w_12' <Predicate = true> <Delay = 0.00>
ST_9 : Operation 524 [1/1] (0.00ns) (grouped into LUT with out node acc_75)   --->   "%xor_ln121_4 = xor i1 %a_9, i1 %w_12" [bnn.cpp:121]   --->   Operation 524 'xor' 'xor_ln121_4' <Predicate = true> <Delay = 0.00> <CoreInst = "LogicGate">   --->   Core 74 'LogicGate' <Latency = 0> <II = 1> <Delay = 0.28> <FuncUnit> <Opcode : 'and' 'or' 'xor'> <InPorts = 2> <OutPorts = 1>
ST_9 : Operation 525 [1/1] (0.00ns) (grouped into LUT with out node acc_75)   --->   "%select_ln121_4 = select i1 %xor_ln121_4, i32 4294967295, i32 1" [bnn.cpp:121]   --->   Operation 525 'select' 'select_ln121_4' <Predicate = true> <Delay = 0.00> <CoreInst = "Sel">   --->   Core 73 'Sel' <Latency = 0> <II = 1> <Delay = 0.17> <FuncUnit> <Opcode : 'select'> <InPorts = 3> <OutPorts = 1>
ST_9 : Operation 526 [1/1] (1.01ns) (out node of the LUT)   --->   "%acc_75 = add i32 %select_ln121_4, i32 %acc_56" [bnn.cpp:121]   --->   Operation 526 'add' 'acc_75' <Predicate = true> <Delay = 1.01> <CoreInst = "Adder">   --->   Core 1 'Adder' <Latency = 0> <II = 1> <Delay = 1.01> <FuncUnit> <Opcode : 'add' 'sub'> <InPorts = 2> <OutPorts = 1>
ST_9 : Operation 527 [1/1] (0.00ns) (grouped into LUT with out node acc_76)   --->   "%w_13 = trunc i32 %lshr_ln120_9" [bnn.cpp:120]   --->   Operation 527 'trunc' 'w_13' <Predicate = (!tmp_60)> <Delay = 0.00>
ST_9 : Operation 528 [1/1] (0.00ns) (grouped into LUT with out node acc_76)   --->   "%xor_ln121_5 = xor i1 %a_10, i1 %w_13" [bnn.cpp:121]   --->   Operation 528 'xor' 'xor_ln121_5' <Predicate = (!tmp_60)> <Delay = 0.00> <CoreInst = "LogicGate">   --->   Core 74 'LogicGate' <Latency = 0> <II = 1> <Delay = 0.28> <FuncUnit> <Opcode : 'and' 'or' 'xor'> <InPorts = 2> <OutPorts = 1>
ST_9 : Operation 529 [1/1] (0.00ns) (grouped into LUT with out node acc_76)   --->   "%select_ln121_5 = select i1 %xor_ln121_5, i32 4294967295, i32 1" [bnn.cpp:121]   --->   Operation 529 'select' 'select_ln121_5' <Predicate = (!tmp_60)> <Delay = 0.00> <CoreInst = "Sel">   --->   Core 73 'Sel' <Latency = 0> <II = 1> <Delay = 0.17> <FuncUnit> <Opcode : 'select'> <InPorts = 3> <OutPorts = 1>
ST_9 : Operation 530 [1/1] (1.01ns) (out node of the LUT)   --->   "%acc_76 = add i32 %select_ln121_5, i32 %acc_75" [bnn.cpp:121]   --->   Operation 530 'add' 'acc_76' <Predicate = (!tmp_60)> <Delay = 1.01> <CoreInst = "Adder">   --->   Core 1 'Adder' <Latency = 0> <II = 1> <Delay = 1.01> <FuncUnit> <Opcode : 'add' 'sub'> <InPorts = 2> <OutPorts = 1>
ST_9 : Operation 531 [1/1] (0.44ns)   --->   "%acc_61 = select i1 %tmp_60, i32 %acc_75, i32 %acc_76" [bnn.cpp:118]   --->   Operation 531 'select' 'acc_61' <Predicate = true> <Delay = 0.44> <CoreInst = "Sel">   --->   Core 73 'Sel' <Latency = 0> <II = 1> <Delay = 0.44> <FuncUnit> <Opcode : 'select'> <InPorts = 3> <OutPorts = 1>
ST_9 : Operation 532 [2/9] (1.06ns)   --->   "%urem_ln125 = urem i5 %add_ln125, i5 5" [bnn.cpp:125]   --->   Operation 532 'urem' 'urem_ln125' <Predicate = true> <Delay = 1.06> <CoreInst = "Divider">   --->   Core 6 'Divider' <Latency = 8> <II = 1> <Delay = 1.06> <FuncUnit> <Opcode : 'udiv' 'sdiv' 'urem' 'srem'> <InPorts = 2> <OutPorts = 1>

State 10 <SV = 9> <Delay = 5.63>
ST_10 : Operation 533 [1/1] (0.00ns)   --->   "%specloopname_ln0 = specloopname void @_ssdm_op_SpecLoopName, void @VITIS_LOOP_110_17_VITIS_LOOP_111_18_VITIS_LOOP_113_19_str"   --->   Operation 533 'specloopname' 'specloopname_ln0' <Predicate = true> <Delay = 0.00>
ST_10 : Operation 534 [1/1] (0.00ns)   --->   "%speclooptripcount_ln0 = speclooptripcount void @_ssdm_op_SpecLoopTripCount, i64 4096, i64 4096, i64 4096"   --->   Operation 534 'speclooptripcount' 'speclooptripcount_ln0' <Predicate = true> <Delay = 0.00>
ST_10 : Operation 535 [1/1] (0.00ns) (grouped into LUT with out node acc_71)   --->   "%or_ln118_3 = or i4 %add_ln117_2_mid2, i4 %select_ln110_1" [bnn.cpp:118]   --->   Operation 535 'or' 'or_ln118_3' <Predicate = true> <Delay = 0.00> <CoreInst = "LogicGate">   --->   Core 74 'LogicGate' <Latency = 0> <II = 1> <Delay = 0.35> <FuncUnit> <Opcode : 'and' 'or' 'xor'> <InPorts = 2> <OutPorts = 1>
ST_10 : Operation 536 [1/1] (0.00ns) (grouped into LUT with out node acc_71)   --->   "%tmp_63 = bitselect i1 @_ssdm_op_BitSelect.i1.i4.i32, i4 %or_ln118_3, i32 3" [bnn.cpp:118]   --->   Operation 536 'bitselect' 'tmp_63' <Predicate = true> <Delay = 0.00>
ST_10 : Operation 537 [1/1] (0.00ns)   --->   "%specpipeline_ln114 = specpipeline void @_ssdm_op_SpecPipeline, i32 1, i32 0, i32 0, i32 0, i32 4294967295, void @empty_2" [bnn.cpp:114]   --->   Operation 537 'specpipeline' 'specpipeline_ln114' <Predicate = true> <Delay = 0.00>
ST_10 : Operation 538 [1/1] (0.00ns) (grouped into LUT with out node acc_77)   --->   "%w_14 = trunc i32 %lshr_ln120_11" [bnn.cpp:120]   --->   Operation 538 'trunc' 'w_14' <Predicate = (icmp_ln118_1)> <Delay = 0.00>
ST_10 : Operation 539 [1/1] (0.00ns) (grouped into LUT with out node acc_77)   --->   "%xor_ln121_6 = xor i1 %a_11, i1 %w_14" [bnn.cpp:121]   --->   Operation 539 'xor' 'xor_ln121_6' <Predicate = (icmp_ln118_1)> <Delay = 0.00> <CoreInst = "LogicGate">   --->   Core 74 'LogicGate' <Latency = 0> <II = 1> <Delay = 0.28> <FuncUnit> <Opcode : 'and' 'or' 'xor'> <InPorts = 2> <OutPorts = 1>
ST_10 : Operation 540 [1/1] (0.00ns) (grouped into LUT with out node acc_77)   --->   "%select_ln121_6 = select i1 %xor_ln121_6, i32 4294967295, i32 1" [bnn.cpp:121]   --->   Operation 540 'select' 'select_ln121_6' <Predicate = (icmp_ln118_1)> <Delay = 0.00> <CoreInst = "Sel">   --->   Core 73 'Sel' <Latency = 0> <II = 1> <Delay = 0.17> <FuncUnit> <Opcode : 'select'> <InPorts = 3> <OutPorts = 1>
ST_10 : Operation 541 [1/1] (1.01ns) (out node of the LUT)   --->   "%acc_77 = add i32 %select_ln121_6, i32 %acc_61" [bnn.cpp:121]   --->   Operation 541 'add' 'acc_77' <Predicate = (icmp_ln118_1)> <Delay = 1.01> <CoreInst = "Adder">   --->   Core 1 'Adder' <Latency = 0> <II = 1> <Delay = 1.01> <FuncUnit> <Opcode : 'add' 'sub'> <InPorts = 2> <OutPorts = 1>
ST_10 : Operation 542 [1/1] (0.44ns)   --->   "%acc_65 = select i1 %icmp_ln118_1, i32 %acc_77, i32 %acc_61" [bnn.cpp:118]   --->   Operation 542 'select' 'acc_65' <Predicate = true> <Delay = 0.44> <CoreInst = "Sel">   --->   Core 73 'Sel' <Latency = 0> <II = 1> <Delay = 0.44> <FuncUnit> <Opcode : 'select'> <InPorts = 3> <OutPorts = 1>
ST_10 : Operation 543 [1/1] (0.00ns) (grouped into LUT with out node acc_78)   --->   "%w_15 = trunc i32 %lshr_ln120_13" [bnn.cpp:120]   --->   Operation 543 'trunc' 'w_15' <Predicate = (!tmp_55)> <Delay = 0.00>
ST_10 : Operation 544 [1/1] (0.00ns) (grouped into LUT with out node acc_78)   --->   "%xor_ln121_7 = xor i1 %a_12, i1 %w_15" [bnn.cpp:121]   --->   Operation 544 'xor' 'xor_ln121_7' <Predicate = (!tmp_55)> <Delay = 0.00> <CoreInst = "LogicGate">   --->   Core 74 'LogicGate' <Latency = 0> <II = 1> <Delay = 0.28> <FuncUnit> <Opcode : 'and' 'or' 'xor'> <InPorts = 2> <OutPorts = 1>
ST_10 : Operation 545 [1/1] (0.00ns) (grouped into LUT with out node acc_78)   --->   "%select_ln121_7 = select i1 %xor_ln121_7, i32 4294967295, i32 1" [bnn.cpp:121]   --->   Operation 545 'select' 'select_ln121_7' <Predicate = (!tmp_55)> <Delay = 0.00> <CoreInst = "Sel">   --->   Core 73 'Sel' <Latency = 0> <II = 1> <Delay = 0.17> <FuncUnit> <Opcode : 'select'> <InPorts = 3> <OutPorts = 1>
ST_10 : Operation 546 [1/1] (1.01ns) (out node of the LUT)   --->   "%acc_78 = add i32 %select_ln121_7, i32 %acc_65" [bnn.cpp:121]   --->   Operation 546 'add' 'acc_78' <Predicate = (!tmp_55)> <Delay = 1.01> <CoreInst = "Adder">   --->   Core 1 'Adder' <Latency = 0> <II = 1> <Delay = 1.01> <FuncUnit> <Opcode : 'add' 'sub'> <InPorts = 2> <OutPorts = 1>
ST_10 : Operation 547 [1/1] (0.44ns)   --->   "%acc_69 = select i1 %tmp_55, i32 %acc_65, i32 %acc_78" [bnn.cpp:118]   --->   Operation 547 'select' 'acc_69' <Predicate = true> <Delay = 0.44> <CoreInst = "Sel">   --->   Core 73 'Sel' <Latency = 0> <II = 1> <Delay = 0.44> <FuncUnit> <Opcode : 'select'> <InPorts = 3> <OutPorts = 1>
ST_10 : Operation 548 [1/1] (0.00ns) (grouped into LUT with out node acc_79)   --->   "%w_16 = trunc i32 %lshr_ln120_15" [bnn.cpp:120]   --->   Operation 548 'trunc' 'w_16' <Predicate = true> <Delay = 0.00>
ST_10 : Operation 549 [1/1] (0.00ns) (grouped into LUT with out node acc_79)   --->   "%xor_ln121_8 = xor i1 %a_13, i1 %w_16" [bnn.cpp:121]   --->   Operation 549 'xor' 'xor_ln121_8' <Predicate = true> <Delay = 0.00> <CoreInst = "LogicGate">   --->   Core 74 'LogicGate' <Latency = 0> <II = 1> <Delay = 0.28> <FuncUnit> <Opcode : 'and' 'or' 'xor'> <InPorts = 2> <OutPorts = 1>
ST_10 : Operation 550 [1/1] (0.00ns) (grouped into LUT with out node acc_79)   --->   "%select_ln121_8 = select i1 %xor_ln121_8, i32 4294967295, i32 1" [bnn.cpp:121]   --->   Operation 550 'select' 'select_ln121_8' <Predicate = true> <Delay = 0.00> <CoreInst = "Sel">   --->   Core 73 'Sel' <Latency = 0> <II = 1> <Delay = 0.17> <FuncUnit> <Opcode : 'select'> <InPorts = 3> <OutPorts = 1>
ST_10 : Operation 551 [1/1] (1.01ns) (out node of the LUT)   --->   "%acc_79 = add i32 %select_ln121_8, i32 %acc_69" [bnn.cpp:121]   --->   Operation 551 'add' 'acc_79' <Predicate = true> <Delay = 1.01> <CoreInst = "Adder">   --->   Core 1 'Adder' <Latency = 0> <II = 1> <Delay = 1.01> <FuncUnit> <Opcode : 'add' 'sub'> <InPorts = 2> <OutPorts = 1>
ST_10 : Operation 552 [1/1] (0.44ns) (out node of the LUT)   --->   "%acc_71 = select i1 %tmp_63, i32 %acc_69, i32 %acc_79" [bnn.cpp:118]   --->   Operation 552 'select' 'acc_71' <Predicate = true> <Delay = 0.44> <CoreInst = "Sel">   --->   Core 73 'Sel' <Latency = 0> <II = 1> <Delay = 0.44> <FuncUnit> <Opcode : 'select'> <InPorts = 3> <OutPorts = 1>
ST_10 : Operation 553 [1/1] (0.00ns)   --->   "%zext_ln125_2 = zext i4 %tmp_74" [bnn.cpp:125]   --->   Operation 553 'zext' 'zext_ln125_2' <Predicate = true> <Delay = 0.00>
ST_10 : Operation 554 [1/9] (1.06ns)   --->   "%urem_ln125 = urem i5 %add_ln125, i5 5" [bnn.cpp:125]   --->   Operation 554 'urem' 'urem_ln125' <Predicate = true> <Delay = 1.06> <CoreInst = "Divider">   --->   Core 6 'Divider' <Latency = 8> <II = 1> <Delay = 1.06> <FuncUnit> <Opcode : 'udiv' 'sdiv' 'urem' 'srem'> <InPorts = 2> <OutPorts = 1>
ST_10 : Operation 555 [1/1] (0.00ns)   --->   "%trunc_ln125_1 = trunc i3 %urem_ln125" [bnn.cpp:125]   --->   Operation 555 'trunc' 'trunc_ln125_1' <Predicate = true> <Delay = 0.00>
ST_10 : Operation 556 [1/1] (0.00ns)   --->   "%bnn_top_int_const_unsigned_int_const_int_const_unsigned_int_const_int_co_455 = getelementptr i32 %bnn_top_int_const_unsigned_int_const_int_const_unsigned_int_const_int_co_4, i64 0, i64 %zext_ln125_2" [bnn.cpp:125]   --->   Operation 556 'getelementptr' 'bnn_top_int_const_unsigned_int_const_int_const_unsigned_int_const_int_co_455' <Predicate = true> <Delay = 0.00>
ST_10 : Operation 557 [1/1] (0.00ns)   --->   "%bnn_top_int_const_unsigned_int_const_int_const_unsigned_int_const_int_co_456 = getelementptr i32 %bnn_top_int_const_unsigned_int_const_int_const_unsigned_int_const_int_co_3, i64 0, i64 %zext_ln125_2" [bnn.cpp:125]   --->   Operation 557 'getelementptr' 'bnn_top_int_const_unsigned_int_const_int_const_unsigned_int_const_int_co_456' <Predicate = true> <Delay = 0.00>
ST_10 : Operation 558 [1/1] (0.00ns)   --->   "%bnn_top_int_const_unsigned_int_const_int_const_unsigned_int_const_int_co_457 = getelementptr i32 %bnn_top_int_const_unsigned_int_const_int_const_unsigned_int_const_int_co_2, i64 0, i64 %zext_ln125_2" [bnn.cpp:125]   --->   Operation 558 'getelementptr' 'bnn_top_int_const_unsigned_int_const_int_const_unsigned_int_const_int_co_457' <Predicate = true> <Delay = 0.00>
ST_10 : Operation 559 [1/1] (0.00ns)   --->   "%bnn_top_int_const_unsigned_int_const_int_const_unsigned_int_const_int_co_458 = getelementptr i32 %bnn_top_int_const_unsigned_int_const_int_const_unsigned_int_const_int_co_1, i64 0, i64 %zext_ln125_2" [bnn.cpp:125]   --->   Operation 559 'getelementptr' 'bnn_top_int_const_unsigned_int_const_int_const_unsigned_int_const_int_co_458' <Predicate = true> <Delay = 0.00>
ST_10 : Operation 560 [1/1] (0.00ns)   --->   "%bnn_top_int_const_unsigned_int_const_int_const_unsigned_int_const_int_co_459 = getelementptr i32 %bnn_top_int_const_unsigned_int_const_int_const_unsigned_int_const_int_co, i64 0, i64 %zext_ln125_2" [bnn.cpp:125]   --->   Operation 560 'getelementptr' 'bnn_top_int_const_unsigned_int_const_int_const_unsigned_int_const_int_co_459' <Predicate = true> <Delay = 0.00>
ST_10 : Operation 561 [1/1] (0.67ns)   --->   "%switch_ln125 = switch i3 %trunc_ln125_1, void %arrayidx371.case.4, i3 0, void %arrayidx371.case.0, i3 1, void %arrayidx371.case.1, i3 2, void %arrayidx371.case.2, i3 3, void %arrayidx371.case.3" [bnn.cpp:125]   --->   Operation 561 'switch' 'switch_ln125' <Predicate = (icmp_ln113_1)> <Delay = 0.67>
ST_10 : Operation 562 [1/1] ( I:1.23ns O:1.23ns )   --->   "%store_ln125 = store i32 %acc_71, i8 %bnn_top_int_const_unsigned_int_const_int_const_unsigned_int_const_int_co_458" [bnn.cpp:125]   --->   Operation 562 'store' 'store_ln125' <Predicate = (icmp_ln113_1 & trunc_ln125_1 == 3)> <Delay = 1.23> <CoreInst = "RAM">   --->   Core 82 'RAM' <Latency = 1> <II = 1> <Delay = 1.23> <Storage> <Opcode : 'load' 'store'> <Ports = 2> <Width = 32> <Depth = 205> <RAM>
ST_10 : Operation 563 [1/1] (0.00ns)   --->   "%br_ln125 = br void %arrayidx371.exit" [bnn.cpp:125]   --->   Operation 563 'br' 'br_ln125' <Predicate = (icmp_ln113_1 & trunc_ln125_1 == 3)> <Delay = 0.00>
ST_10 : Operation 564 [1/1] ( I:1.23ns O:1.23ns )   --->   "%store_ln125 = store i32 %acc_71, i8 %bnn_top_int_const_unsigned_int_const_int_const_unsigned_int_const_int_co_457" [bnn.cpp:125]   --->   Operation 564 'store' 'store_ln125' <Predicate = (icmp_ln113_1 & trunc_ln125_1 == 2)> <Delay = 1.23> <CoreInst = "RAM">   --->   Core 82 'RAM' <Latency = 1> <II = 1> <Delay = 1.23> <Storage> <Opcode : 'load' 'store'> <Ports = 2> <Width = 32> <Depth = 205> <RAM>
ST_10 : Operation 565 [1/1] (0.00ns)   --->   "%br_ln125 = br void %arrayidx371.exit" [bnn.cpp:125]   --->   Operation 565 'br' 'br_ln125' <Predicate = (icmp_ln113_1 & trunc_ln125_1 == 2)> <Delay = 0.00>
ST_10 : Operation 566 [1/1] ( I:1.23ns O:1.23ns )   --->   "%store_ln125 = store i32 %acc_71, i8 %bnn_top_int_const_unsigned_int_const_int_const_unsigned_int_const_int_co_456" [bnn.cpp:125]   --->   Operation 566 'store' 'store_ln125' <Predicate = (icmp_ln113_1 & trunc_ln125_1 == 1)> <Delay = 1.23> <CoreInst = "RAM">   --->   Core 82 'RAM' <Latency = 1> <II = 1> <Delay = 1.23> <Storage> <Opcode : 'load' 'store'> <Ports = 2> <Width = 32> <Depth = 205> <RAM>
ST_10 : Operation 567 [1/1] (0.00ns)   --->   "%br_ln125 = br void %arrayidx371.exit" [bnn.cpp:125]   --->   Operation 567 'br' 'br_ln125' <Predicate = (icmp_ln113_1 & trunc_ln125_1 == 1)> <Delay = 0.00>
ST_10 : Operation 568 [1/1] ( I:1.23ns O:1.23ns )   --->   "%store_ln125 = store i32 %acc_71, i8 %bnn_top_int_const_unsigned_int_const_int_const_unsigned_int_const_int_co_455" [bnn.cpp:125]   --->   Operation 568 'store' 'store_ln125' <Predicate = (icmp_ln113_1 & trunc_ln125_1 == 0)> <Delay = 1.23> <CoreInst = "RAM">   --->   Core 82 'RAM' <Latency = 1> <II = 1> <Delay = 1.23> <Storage> <Opcode : 'load' 'store'> <Ports = 2> <Width = 32> <Depth = 205> <RAM>
ST_10 : Operation 569 [1/1] (0.00ns)   --->   "%br_ln125 = br void %arrayidx371.exit" [bnn.cpp:125]   --->   Operation 569 'br' 'br_ln125' <Predicate = (icmp_ln113_1 & trunc_ln125_1 == 0)> <Delay = 0.00>
ST_10 : Operation 570 [1/1] ( I:1.23ns O:1.23ns )   --->   "%store_ln125 = store i32 %acc_71, i8 %bnn_top_int_const_unsigned_int_const_int_const_unsigned_int_const_int_co_459" [bnn.cpp:125]   --->   Operation 570 'store' 'store_ln125' <Predicate = (icmp_ln113_1 & trunc_ln125_1 != 0 & trunc_ln125_1 != 1 & trunc_ln125_1 != 2 & trunc_ln125_1 != 3)> <Delay = 1.23> <CoreInst = "RAM">   --->   Core 82 'RAM' <Latency = 1> <II = 1> <Delay = 1.23> <Storage> <Opcode : 'load' 'store'> <Ports = 2> <Width = 32> <Depth = 205> <RAM>
ST_10 : Operation 571 [1/1] (0.00ns)   --->   "%br_ln125 = br void %arrayidx371.exit" [bnn.cpp:125]   --->   Operation 571 'br' 'br_ln125' <Predicate = (icmp_ln113_1 & trunc_ln125_1 != 0 & trunc_ln125_1 != 1 & trunc_ln125_1 != 2 & trunc_ln125_1 != 3)> <Delay = 0.00>
ST_10 : Operation 572 [1/1] (0.42ns)   --->   "%store_ln112 = store i32 %acc_71, i32 %acc_27" [bnn.cpp:112]   --->   Operation 572 'store' 'store_ln112' <Predicate = true> <Delay = 0.42>
ST_10 : Operation 573 [1/1] (0.00ns)   --->   "%br_ln113 = br void %VITIS_LOOP_115_20" [bnn.cpp:113]   --->   Operation 573 'br' 'br_ln113' <Predicate = true> <Delay = 0.00>


============================================================
+ Verbose Summary: Binding
============================================================
STG Binding: 
---------------- STG Properties BEGIN ----------------
- Is combinational: 0
- Is one-state seq: 0
- Is datapath-only: 0
- Is pipelined: 0
- Is top level: 0
Port [ Return ] is wired: 1; IO mode=ap_ctrl_hs:ce=0
Port [ mul_ln110]:  wired=1; compound=0; hidden=0; nouse=0; global=0; static=0; extern=0; dir=0; type=0; pingpong=0; private_global=0; IO mode=ap_none:ce=0
Port [ W3_0]:  wired=1; compound=1; hidden=0; nouse=0; global=0; static=0; extern=0; dir=0; type=1; pingpong=0; private_global=0; MemPort=[11]; IO mode=ap_memory:ce=0
Port [ W3_1]:  wired=1; compound=1; hidden=0; nouse=0; global=0; static=0; extern=0; dir=0; type=1; pingpong=0; private_global=0; MemPort=[11]; IO mode=ap_memory:ce=0
Port [ bnn_top_int_const_unsigned_int_const_int_const_unsigned_int_const_int_co_4]:  wired=1; compound=1; hidden=0; nouse=0; global=1; static=1; extern=0; dir=1; type=1; pingpong=0; private_global=0; MemPort=[03]; IO mode=ap_memory:ce=0
Port [ bnn_top_int_const_unsigned_int_const_int_const_unsigned_int_const_int_co_12]:  wired=1; compound=1; hidden=0; nouse=0; global=1; static=1; extern=0; dir=0; type=1; pingpong=0; private_global=0; MemPort=[13]; IO mode=ap_memory:ce=0
Port [ bnn_top_int_const_unsigned_int_const_int_const_unsigned_int_const_int_co_6]:  wired=1; compound=1; hidden=0; nouse=0; global=1; static=1; extern=0; dir=0; type=1; pingpong=0; private_global=0; MemPort=[13]; IO mode=ap_memory:ce=0
Port [ bnn_top_int_const_unsigned_int_const_int_const_unsigned_int_const_int_co_5]:  wired=1; compound=1; hidden=0; nouse=0; global=1; static=1; extern=0; dir=0; type=1; pingpong=0; private_global=0; MemPort=[13]; IO mode=ap_memory:ce=0
Port [ bnn_top_int_const_unsigned_int_const_int_const_unsigned_int_const_int_co_11]:  wired=1; compound=1; hidden=0; nouse=0; global=1; static=1; extern=0; dir=0; type=1; pingpong=0; private_global=0; MemPort=[13]; IO mode=ap_memory:ce=0
Port [ bnn_top_int_const_unsigned_int_const_int_const_unsigned_int_const_int_co_10]:  wired=1; compound=1; hidden=0; nouse=0; global=1; static=1; extern=0; dir=0; type=1; pingpong=0; private_global=0; MemPort=[13]; IO mode=ap_memory:ce=0
Port [ bnn_top_int_const_unsigned_int_const_int_const_unsigned_int_const_int_co_9]:  wired=1; compound=1; hidden=0; nouse=0; global=1; static=1; extern=0; dir=0; type=1; pingpong=0; private_global=0; MemPort=[13]; IO mode=ap_memory:ce=0
Port [ bnn_top_int_const_unsigned_int_const_int_const_unsigned_int_const_int_co_8]:  wired=1; compound=1; hidden=0; nouse=0; global=1; static=1; extern=0; dir=0; type=1; pingpong=0; private_global=0; MemPort=[13]; IO mode=ap_memory:ce=0
Port [ bnn_top_int_const_unsigned_int_const_int_const_unsigned_int_const_int_co_7]:  wired=1; compound=1; hidden=0; nouse=0; global=1; static=1; extern=0; dir=0; type=1; pingpong=0; private_global=0; MemPort=[13]; IO mode=ap_memory:ce=0
Port [ bnn_top_int_const_unsigned_int_const_int_const_unsigned_int_const_int_co_3]:  wired=1; compound=1; hidden=0; nouse=0; global=1; static=1; extern=0; dir=1; type=1; pingpong=0; private_global=0; MemPort=[03]; IO mode=ap_memory:ce=0
Port [ bnn_top_int_const_unsigned_int_const_int_const_unsigned_int_const_int_co_2]:  wired=1; compound=1; hidden=0; nouse=0; global=1; static=1; extern=0; dir=1; type=1; pingpong=0; private_global=0; MemPort=[03]; IO mode=ap_memory:ce=0
Port [ bnn_top_int_const_unsigned_int_const_int_const_unsigned_int_const_int_co_1]:  wired=1; compound=1; hidden=0; nouse=0; global=1; static=1; extern=0; dir=1; type=1; pingpong=0; private_global=0; MemPort=[03]; IO mode=ap_memory:ce=0
Port [ bnn_top_int_const_unsigned_int_const_int_const_unsigned_int_const_int_co]:  wired=1; compound=1; hidden=0; nouse=0; global=1; static=1; extern=0; dir=1; type=1; pingpong=0; private_global=0; MemPort=[03]; IO mode=ap_memory:ce=0
---------------- STG Properties END ------------------

---------------- Datapath Model BEGIN ----------------

<LifeTime>
<method=bitvector/>
acc_27                                                                       (alloca           ) [ 01111111111]
ci                                                                           (alloca           ) [ 01100000000]
ow                                                                           (alloca           ) [ 01111110000]
indvar_flatten43                                                             (alloca           ) [ 01100000000]
oh                                                                           (alloca           ) [ 01111000000]
indvar_flatten59                                                             (alloca           ) [ 01100000000]
specinterface_ln0                                                            (specinterface    ) [ 00000000000]
specinterface_ln0                                                            (specinterface    ) [ 00000000000]
mul_ln110_read                                                               (read             ) [ 00100000000]
store_ln0                                                                    (store            ) [ 00000000000]
store_ln110                                                                  (store            ) [ 00000000000]
store_ln0                                                                    (store            ) [ 00000000000]
store_ln111                                                                  (store            ) [ 00000000000]
store_ln113                                                                  (store            ) [ 00000000000]
store_ln112                                                                  (store            ) [ 00000000000]
br_ln0                                                                       (br               ) [ 00000000000]
indvar_flatten43_load                                                        (load             ) [ 00000000000]
indvar_flatten59_load                                                        (load             ) [ 00000000000]
icmp_ln110                                                                   (icmp             ) [ 01111110000]
add_ln110                                                                    (add              ) [ 00000000000]
br_ln110                                                                     (br               ) [ 00000000000]
ci_load                                                                      (load             ) [ 00000000000]
ow_load                                                                      (load             ) [ 00000000000]
oh_load                                                                      (load             ) [ 00000000000]
icmp_ln111                                                                   (icmp             ) [ 00000000000]
select_ln110                                                                 (select           ) [ 00000000000]
add_ln117                                                                    (add              ) [ 00000000000]
add_ln117_2                                                                  (add              ) [ 00000000000]
select_ln110_1                                                               (select           ) [ 01111111111]
add_ln117_3                                                                  (add              ) [ 00000000000]
select_ln110_2                                                               (select           ) [ 00000000000]
xor_ln110                                                                    (xor              ) [ 00000000000]
icmp_ln113                                                                   (icmp             ) [ 00000000000]
and_ln110                                                                    (and              ) [ 00000000000]
select_ln110_3                                                               (select           ) [ 00011000000]
add_ln117_4                                                                  (add              ) [ 00000000000]
empty                                                                        (or               ) [ 01111111100]
ci_1_mid2                                                                    (select           ) [ 00000000000]
add_ln117_5                                                                  (add              ) [ 00000000000]
add_ln117_2_mid2                                                             (select           ) [ 01111111111]
select_ln111                                                                 (select           ) [ 01111111000]
zext_ln118                                                                   (zext             ) [ 00000000000]
zext_ln125                                                                   (zext             ) [ 00000000000]
trunc_ln125                                                                  (trunc            ) [ 01111111100]
p_shl1                                                                       (bitconcatenate   ) [ 00000000000]
sub_ln125                                                                    (sub              ) [ 00000000000]
tmp_55                                                                       (bitselect        ) [ 01111111111]
p_shl2                                                                       (bitconcatenate   ) [ 00000000000]
add_ln118_1                                                                  (add              ) [ 00000000000]
zext_ln111_1                                                                 (zext             ) [ 00000000000]
trunc_ln111                                                                  (trunc            ) [ 01111111110]
tmp_60                                                                       (bitselect        ) [ 01111111110]
zext_ln113_1                                                                 (zext             ) [ 00000000000]
trunc_ln119                                                                  (trunc            ) [ 01111111000]
tmp_64                                                                       (bitconcatenate   ) [ 00000000000]
zext_ln120_19                                                                (zext             ) [ 00000000000]
add_ln120_17                                                                 (add              ) [ 00000000000]
zext_ln120_9                                                                 (zext             ) [ 00000000000]
add_ln120                                                                    (add              ) [ 00011100000]
trunc_ln120                                                                  (trunc            ) [ 01111111000]
lshr_ln6                                                                     (partselect       ) [ 00000000000]
zext_ln120                                                                   (zext             ) [ 00000000000]
W3_0_addr                                                                    (getelementptr    ) [ 00010000000]
W3_1_addr                                                                    (getelementptr    ) [ 00010000000]
tmp_65                                                                       (bitselect        ) [ 00010000000]
add_ln120_1                                                                  (add              ) [ 00000000000]
lshr_ln120_2                                                                 (partselect       ) [ 00000000000]
zext_ln120_1                                                                 (zext             ) [ 00000000000]
W3_0_addr_1                                                                  (getelementptr    ) [ 00010000000]
W3_1_addr_1                                                                  (getelementptr    ) [ 00010000000]
tmp_66                                                                       (bitselect        ) [ 00010000000]
add_ln113                                                                    (add              ) [ 00000000000]
icmp_ln113_1                                                                 (icmp             ) [ 01111111111]
add_ln125                                                                    (add              ) [ 01111111111]
zext_ln125_1                                                                 (zext             ) [ 00000000000]
add_ln125_1                                                                  (add              ) [ 00000000000]
zext_ln125_3                                                                 (zext             ) [ 00000000000]
mul_ln125                                                                    (mul              ) [ 00000000000]
tmp_74                                                                       (partselect       ) [ 01111111111]
br_ln113                                                                     (br               ) [ 00000000000]
br_ln113                                                                     (br               ) [ 00000000000]
add_ln111                                                                    (add              ) [ 00000000000]
select_ln111_1                                                               (select           ) [ 00000000000]
store_ln110                                                                  (store            ) [ 00000000000]
store_ln111                                                                  (store            ) [ 00000000000]
store_ln113                                                                  (store            ) [ 00000000000]
W3_0_load                                                                    (load             ) [ 00000000000]
W3_1_load                                                                    (load             ) [ 00000000000]
select_ln120                                                                 (select           ) [ 00000000000]
zext_ln120_10                                                                (zext             ) [ 00000000000]
lshr_ln120                                                                   (lshr             ) [ 01111111100]
W3_0_load_1                                                                  (load             ) [ 00000000000]
W3_1_load_1                                                                  (load             ) [ 00000000000]
select_ln120_1                                                               (select           ) [ 00000000000]
add_ln120_2                                                                  (add              ) [ 00000000000]
zext_ln120_11                                                                (zext             ) [ 00000000000]
lshr_ln120_1                                                                 (lshr             ) [ 01111111100]
add_ln120_3                                                                  (add              ) [ 00000000000]
lshr_ln120_4                                                                 (partselect       ) [ 00000000000]
zext_ln120_2                                                                 (zext             ) [ 00000000000]
W3_0_addr_2                                                                  (getelementptr    ) [ 00001000000]
W3_1_addr_2                                                                  (getelementptr    ) [ 00001000000]
tmp_67                                                                       (bitselect        ) [ 00001000000]
add_ln120_5                                                                  (add              ) [ 00000000000]
lshr_ln120_6                                                                 (partselect       ) [ 00000000000]
zext_ln120_3                                                                 (zext             ) [ 00000000000]
W3_0_addr_3                                                                  (getelementptr    ) [ 00001000000]
W3_1_addr_3                                                                  (getelementptr    ) [ 00001000000]
tmp_68                                                                       (bitselect        ) [ 00001000000]
zext_ln110                                                                   (zext             ) [ 00000000000]
zext_ln113                                                                   (zext             ) [ 00000100000]
shl_ln8                                                                      (bitconcatenate   ) [ 00000100000]
W3_0_load_2                                                                  (load             ) [ 00000000000]
W3_1_load_2                                                                  (load             ) [ 00000000000]
select_ln120_2                                                               (select           ) [ 00000000000]
add_ln120_4                                                                  (add              ) [ 00000000000]
zext_ln120_12                                                                (zext             ) [ 00000000000]
lshr_ln120_3                                                                 (lshr             ) [ 01111111110]
W3_0_load_3                                                                  (load             ) [ 00000000000]
W3_1_load_3                                                                  (load             ) [ 00000000000]
select_ln120_3                                                               (select           ) [ 00000000000]
add_ln120_6                                                                  (add              ) [ 00000000000]
zext_ln120_13                                                                (zext             ) [ 00000000000]
lshr_ln120_5                                                                 (lshr             ) [ 01111111110]
add_ln119_6                                                                  (add              ) [ 00000000000]
zext_ln119_4                                                                 (zext             ) [ 00000000000]
bnn_top_int_const_unsigned_int_const_int_const_unsigned_int_const_int_co_375 (getelementptr    ) [ 00000100000]
bnn_top_int_const_unsigned_int_const_int_const_unsigned_int_const_int_co_376 (getelementptr    ) [ 00000100000]
bnn_top_int_const_unsigned_int_const_int_const_unsigned_int_const_int_co_377 (getelementptr    ) [ 00000100000]
bnn_top_int_const_unsigned_int_const_int_const_unsigned_int_const_int_co_378 (getelementptr    ) [ 00000100000]
bnn_top_int_const_unsigned_int_const_int_const_unsigned_int_const_int_co_379 (getelementptr    ) [ 00000100000]
bnn_top_int_const_unsigned_int_const_int_const_unsigned_int_const_int_co_380 (getelementptr    ) [ 00000100000]
bnn_top_int_const_unsigned_int_const_int_const_unsigned_int_const_int_co_381 (getelementptr    ) [ 00000100000]
bnn_top_int_const_unsigned_int_const_int_const_unsigned_int_const_int_co_382 (getelementptr    ) [ 00000100000]
add_ln120_7                                                                  (add              ) [ 00000000000]
lshr_ln120_8                                                                 (partselect       ) [ 00000000000]
zext_ln120_4                                                                 (zext             ) [ 00000000000]
W3_0_addr_4                                                                  (getelementptr    ) [ 00000100000]
W3_1_addr_4                                                                  (getelementptr    ) [ 00000100000]
tmp_69                                                                       (bitselect        ) [ 00000100000]
add_ln119_7                                                                  (add              ) [ 00000000000]
zext_ln119_5                                                                 (zext             ) [ 00000000000]
bnn_top_int_const_unsigned_int_const_int_const_unsigned_int_const_int_co_391 (getelementptr    ) [ 00000100000]
bnn_top_int_const_unsigned_int_const_int_const_unsigned_int_const_int_co_392 (getelementptr    ) [ 00000100000]
bnn_top_int_const_unsigned_int_const_int_const_unsigned_int_const_int_co_393 (getelementptr    ) [ 00000100000]
bnn_top_int_const_unsigned_int_const_int_const_unsigned_int_const_int_co_394 (getelementptr    ) [ 00000100000]
bnn_top_int_const_unsigned_int_const_int_const_unsigned_int_const_int_co_395 (getelementptr    ) [ 00000100000]
bnn_top_int_const_unsigned_int_const_int_const_unsigned_int_const_int_co_396 (getelementptr    ) [ 00000100000]
bnn_top_int_const_unsigned_int_const_int_const_unsigned_int_const_int_co_397 (getelementptr    ) [ 00000100000]
bnn_top_int_const_unsigned_int_const_int_const_unsigned_int_const_int_co_398 (getelementptr    ) [ 00000100000]
add_ln120_9                                                                  (add              ) [ 00000000000]
lshr_ln120_s                                                                 (partselect       ) [ 00000000000]
zext_ln120_5                                                                 (zext             ) [ 00000000000]
W3_0_addr_5                                                                  (getelementptr    ) [ 00000100000]
W3_1_addr_5                                                                  (getelementptr    ) [ 00000100000]
tmp_70                                                                       (bitselect        ) [ 00000100000]
store_ln110                                                                  (store            ) [ 00000000000]
shl_ln7                                                                      (bitconcatenate   ) [ 01100011000]
zext_ln117                                                                   (zext             ) [ 00000000000]
zext_ln118_2                                                                 (zext             ) [ 00000000000]
add_ln117_1                                                                  (add              ) [ 01110011100]
sext_ln118                                                                   (sext             ) [ 00000000000]
tmp_59                                                                       (bitselect        ) [ 01111011110]
bnn_top_int_const_unsigned_int_const_int_const_unsigned_int_const_int_co_383 (load             ) [ 00000000000]
bnn_top_int_const_unsigned_int_const_int_const_unsigned_int_const_int_co_384 (load             ) [ 00000000000]
bnn_top_int_const_unsigned_int_const_int_const_unsigned_int_const_int_co_385 (load             ) [ 00000000000]
bnn_top_int_const_unsigned_int_const_int_const_unsigned_int_const_int_co_386 (load             ) [ 00000000000]
bnn_top_int_const_unsigned_int_const_int_const_unsigned_int_const_int_co_387 (load             ) [ 00000000000]
bnn_top_int_const_unsigned_int_const_int_const_unsigned_int_const_int_co_388 (load             ) [ 00000000000]
bnn_top_int_const_unsigned_int_const_int_const_unsigned_int_const_int_co_389 (load             ) [ 00000000000]
bnn_top_int_const_unsigned_int_const_int_const_unsigned_int_const_int_co_390 (load             ) [ 00000000000]
a_9                                                                          (sparsemux        ) [ 01111011110]
W3_0_load_4                                                                  (load             ) [ 00000000000]
W3_1_load_4                                                                  (load             ) [ 00000000000]
select_ln120_4                                                               (select           ) [ 00000000000]
add_ln120_8                                                                  (add              ) [ 00000000000]
zext_ln120_14                                                                (zext             ) [ 00000000000]
lshr_ln120_7                                                                 (lshr             ) [ 01111011110]
bnn_top_int_const_unsigned_int_const_int_const_unsigned_int_const_int_co_399 (load             ) [ 00000000000]
bnn_top_int_const_unsigned_int_const_int_const_unsigned_int_const_int_co_400 (load             ) [ 00000000000]
bnn_top_int_const_unsigned_int_const_int_const_unsigned_int_const_int_co_401 (load             ) [ 00000000000]
bnn_top_int_const_unsigned_int_const_int_const_unsigned_int_const_int_co_402 (load             ) [ 00000000000]
bnn_top_int_const_unsigned_int_const_int_const_unsigned_int_const_int_co_403 (load             ) [ 00000000000]
bnn_top_int_const_unsigned_int_const_int_const_unsigned_int_const_int_co_404 (load             ) [ 00000000000]
bnn_top_int_const_unsigned_int_const_int_const_unsigned_int_const_int_co_405 (load             ) [ 00000000000]
bnn_top_int_const_unsigned_int_const_int_const_unsigned_int_const_int_co_406 (load             ) [ 00000000000]
a_10                                                                         (sparsemux        ) [ 01111011110]
W3_0_load_5                                                                  (load             ) [ 00000000000]
W3_1_load_5                                                                  (load             ) [ 00000000000]
select_ln120_5                                                               (select           ) [ 00000000000]
add_ln120_10                                                                 (add              ) [ 00000000000]
zext_ln120_15                                                                (zext             ) [ 00000000000]
lshr_ln120_9                                                                 (lshr             ) [ 01111011110]
add_ln119_8                                                                  (add              ) [ 00000000000]
sext_ln119                                                                   (sext             ) [ 00000000000]
or_ln                                                                        (bitconcatenate   ) [ 00000000000]
add_ln119_9                                                                  (add              ) [ 00000000000]
lshr_ln119_5                                                                 (partselect       ) [ 00000000000]
zext_ln119_6                                                                 (zext             ) [ 00000000000]
bnn_top_int_const_unsigned_int_const_int_const_unsigned_int_const_int_co_407 (getelementptr    ) [ 01000010000]
bnn_top_int_const_unsigned_int_const_int_const_unsigned_int_const_int_co_408 (getelementptr    ) [ 01000010000]
bnn_top_int_const_unsigned_int_const_int_const_unsigned_int_const_int_co_409 (getelementptr    ) [ 01000010000]
bnn_top_int_const_unsigned_int_const_int_const_unsigned_int_const_int_co_410 (getelementptr    ) [ 01000010000]
bnn_top_int_const_unsigned_int_const_int_const_unsigned_int_const_int_co_411 (getelementptr    ) [ 01000010000]
bnn_top_int_const_unsigned_int_const_int_const_unsigned_int_const_int_co_412 (getelementptr    ) [ 01000010000]
bnn_top_int_const_unsigned_int_const_int_const_unsigned_int_const_int_co_413 (getelementptr    ) [ 01000010000]
bnn_top_int_const_unsigned_int_const_int_const_unsigned_int_const_int_co_414 (getelementptr    ) [ 01000010000]
add_ln120_11                                                                 (add              ) [ 00000000000]
lshr_ln120_10                                                                (partselect       ) [ 00000000000]
zext_ln120_6                                                                 (zext             ) [ 00000000000]
W3_0_addr_6                                                                  (getelementptr    ) [ 01000010000]
W3_1_addr_6                                                                  (getelementptr    ) [ 01000010000]
tmp_71                                                                       (bitselect        ) [ 01000010000]
add_ln119_10                                                                 (add              ) [ 00000000000]
zext_ln119_7                                                                 (zext             ) [ 00000000000]
bnn_top_int_const_unsigned_int_const_int_const_unsigned_int_const_int_co_423 (getelementptr    ) [ 01000010000]
bnn_top_int_const_unsigned_int_const_int_const_unsigned_int_const_int_co_424 (getelementptr    ) [ 01000010000]
bnn_top_int_const_unsigned_int_const_int_const_unsigned_int_const_int_co_425 (getelementptr    ) [ 01000010000]
bnn_top_int_const_unsigned_int_const_int_const_unsigned_int_const_int_co_426 (getelementptr    ) [ 01000010000]
bnn_top_int_const_unsigned_int_const_int_const_unsigned_int_const_int_co_427 (getelementptr    ) [ 01000010000]
bnn_top_int_const_unsigned_int_const_int_const_unsigned_int_const_int_co_428 (getelementptr    ) [ 01000010000]
bnn_top_int_const_unsigned_int_const_int_const_unsigned_int_const_int_co_429 (getelementptr    ) [ 01000010000]
bnn_top_int_const_unsigned_int_const_int_const_unsigned_int_const_int_co_430 (getelementptr    ) [ 01000010000]
add_ln120_13                                                                 (add              ) [ 00000000000]
lshr_ln120_12                                                                (partselect       ) [ 00000000000]
zext_ln120_7                                                                 (zext             ) [ 00000000000]
W3_0_addr_7                                                                  (getelementptr    ) [ 01000010000]
W3_1_addr_7                                                                  (getelementptr    ) [ 01000010000]
tmp_72                                                                       (bitselect        ) [ 01000010000]
add_ln119_11                                                                 (add              ) [ 01000010000]
add_ln120_15                                                                 (add              ) [ 00000000000]
lshr_ln120_14                                                                (partselect       ) [ 01000010000]
tmp_73                                                                       (bitselect        ) [ 01100011000]
bnn_top_int_const_unsigned_int_const_int_const_unsigned_int_const_int_co_415 (load             ) [ 00000000000]
bnn_top_int_const_unsigned_int_const_int_const_unsigned_int_const_int_co_416 (load             ) [ 00000000000]
bnn_top_int_const_unsigned_int_const_int_const_unsigned_int_const_int_co_417 (load             ) [ 00000000000]
bnn_top_int_const_unsigned_int_const_int_const_unsigned_int_const_int_co_418 (load             ) [ 00000000000]
bnn_top_int_const_unsigned_int_const_int_const_unsigned_int_const_int_co_419 (load             ) [ 00000000000]
bnn_top_int_const_unsigned_int_const_int_const_unsigned_int_const_int_co_420 (load             ) [ 00000000000]
bnn_top_int_const_unsigned_int_const_int_const_unsigned_int_const_int_co_421 (load             ) [ 00000000000]
bnn_top_int_const_unsigned_int_const_int_const_unsigned_int_const_int_co_422 (load             ) [ 00000000000]
a_11                                                                         (sparsemux        ) [ 00111101111]
W3_0_load_6                                                                  (load             ) [ 00000000000]
W3_1_load_6                                                                  (load             ) [ 00000000000]
select_ln120_6                                                               (select           ) [ 00000000000]
add_ln120_12                                                                 (add              ) [ 00000000000]
zext_ln120_16                                                                (zext             ) [ 00000000000]
lshr_ln120_11                                                                (lshr             ) [ 00111101111]
bnn_top_int_const_unsigned_int_const_int_const_unsigned_int_const_int_co_431 (load             ) [ 00000000000]
bnn_top_int_const_unsigned_int_const_int_const_unsigned_int_const_int_co_432 (load             ) [ 00000000000]
bnn_top_int_const_unsigned_int_const_int_const_unsigned_int_const_int_co_433 (load             ) [ 00000000000]
bnn_top_int_const_unsigned_int_const_int_const_unsigned_int_const_int_co_434 (load             ) [ 00000000000]
bnn_top_int_const_unsigned_int_const_int_const_unsigned_int_const_int_co_435 (load             ) [ 00000000000]
bnn_top_int_const_unsigned_int_const_int_const_unsigned_int_const_int_co_436 (load             ) [ 00000000000]
bnn_top_int_const_unsigned_int_const_int_const_unsigned_int_const_int_co_437 (load             ) [ 00000000000]
bnn_top_int_const_unsigned_int_const_int_const_unsigned_int_const_int_co_438 (load             ) [ 00000000000]
a_12                                                                         (sparsemux        ) [ 00111101111]
W3_0_load_7                                                                  (load             ) [ 00000000000]
W3_1_load_7                                                                  (load             ) [ 00000000000]
select_ln120_7                                                               (select           ) [ 00000000000]
add_ln120_14                                                                 (add              ) [ 00000000000]
zext_ln120_17                                                                (zext             ) [ 00000000000]
lshr_ln120_13                                                                (lshr             ) [ 00111101111]
zext_ln119_8                                                                 (zext             ) [ 00000000000]
bnn_top_int_const_unsigned_int_const_int_const_unsigned_int_const_int_co_439 (getelementptr    ) [ 00100001000]
bnn_top_int_const_unsigned_int_const_int_const_unsigned_int_const_int_co_440 (getelementptr    ) [ 00100001000]
bnn_top_int_const_unsigned_int_const_int_const_unsigned_int_const_int_co_441 (getelementptr    ) [ 00100001000]
bnn_top_int_const_unsigned_int_const_int_const_unsigned_int_const_int_co_442 (getelementptr    ) [ 00100001000]
bnn_top_int_const_unsigned_int_const_int_const_unsigned_int_const_int_co_443 (getelementptr    ) [ 00100001000]
bnn_top_int_const_unsigned_int_const_int_const_unsigned_int_const_int_co_444 (getelementptr    ) [ 00100001000]
bnn_top_int_const_unsigned_int_const_int_const_unsigned_int_const_int_co_445 (getelementptr    ) [ 00100001000]
bnn_top_int_const_unsigned_int_const_int_const_unsigned_int_const_int_co_446 (getelementptr    ) [ 00100001000]
zext_ln120_8                                                                 (zext             ) [ 00000000000]
W3_0_addr_8                                                                  (getelementptr    ) [ 00100001000]
W3_1_addr_8                                                                  (getelementptr    ) [ 00100001000]
store_ln111                                                                  (store            ) [ 00000000000]
zext_ln117_1                                                                 (zext             ) [ 00000000000]
zext_ln111                                                                   (zext             ) [ 00000000000]
sext_ln118_1                                                                 (sext             ) [ 00000000000]
zext_ln118_3                                                                 (zext             ) [ 00000000000]
shl_ln119_1                                                                  (bitconcatenate   ) [ 00000000000]
add_ln119                                                                    (add              ) [ 00000000000]
add_ln119_1                                                                  (add              ) [ 00000000000]
add_ln119_2                                                                  (add              ) [ 00000000000]
lshr_ln119_1                                                                 (partselect       ) [ 00000000000]
zext_ln119                                                                   (zext             ) [ 00000000000]
bnn_top_int_const_unsigned_int_const_int_const_unsigned_int_const_int_co_311 (getelementptr    ) [ 00010000100]
bnn_top_int_const_unsigned_int_const_int_const_unsigned_int_const_int_co_312 (getelementptr    ) [ 00010000100]
bnn_top_int_const_unsigned_int_const_int_const_unsigned_int_const_int_co_313 (getelementptr    ) [ 00010000100]
bnn_top_int_const_unsigned_int_const_int_const_unsigned_int_const_int_co_314 (getelementptr    ) [ 00010000100]
bnn_top_int_const_unsigned_int_const_int_const_unsigned_int_const_int_co_315 (getelementptr    ) [ 00010000100]
bnn_top_int_const_unsigned_int_const_int_const_unsigned_int_const_int_co_316 (getelementptr    ) [ 00010000100]
bnn_top_int_const_unsigned_int_const_int_const_unsigned_int_const_int_co_317 (getelementptr    ) [ 00010000100]
bnn_top_int_const_unsigned_int_const_int_const_unsigned_int_const_int_co_318 (getelementptr    ) [ 00010000100]
add_ln119_3                                                                  (add              ) [ 00000000000]
lshr_ln119_2                                                                 (partselect       ) [ 00000000000]
zext_ln119_1                                                                 (zext             ) [ 00000000000]
bnn_top_int_const_unsigned_int_const_int_const_unsigned_int_const_int_co_327 (getelementptr    ) [ 00010000100]
bnn_top_int_const_unsigned_int_const_int_const_unsigned_int_const_int_co_328 (getelementptr    ) [ 00010000100]
bnn_top_int_const_unsigned_int_const_int_const_unsigned_int_const_int_co_329 (getelementptr    ) [ 00010000100]
bnn_top_int_const_unsigned_int_const_int_const_unsigned_int_const_int_co_330 (getelementptr    ) [ 00010000100]
bnn_top_int_const_unsigned_int_const_int_const_unsigned_int_const_int_co_331 (getelementptr    ) [ 00010000100]
bnn_top_int_const_unsigned_int_const_int_const_unsigned_int_const_int_co_332 (getelementptr    ) [ 00010000100]
bnn_top_int_const_unsigned_int_const_int_const_unsigned_int_const_int_co_333 (getelementptr    ) [ 00010000100]
bnn_top_int_const_unsigned_int_const_int_const_unsigned_int_const_int_co_334 (getelementptr    ) [ 00010000100]
add_ln119_4                                                                  (add              ) [ 00000000000]
lshr_ln119_3                                                                 (partselect       ) [ 00010000100]
tmp8                                                                         (bitconcatenate   ) [ 00000000000]
add_ln119_5                                                                  (add              ) [ 00000000000]
lshr_ln119_4                                                                 (partselect       ) [ 00010000100]
bnn_top_int_const_unsigned_int_const_int_const_unsigned_int_const_int_co_447 (load             ) [ 00000000000]
bnn_top_int_const_unsigned_int_const_int_const_unsigned_int_const_int_co_448 (load             ) [ 00000000000]
bnn_top_int_const_unsigned_int_const_int_const_unsigned_int_const_int_co_449 (load             ) [ 00000000000]
bnn_top_int_const_unsigned_int_const_int_const_unsigned_int_const_int_co_450 (load             ) [ 00000000000]
bnn_top_int_const_unsigned_int_const_int_const_unsigned_int_const_int_co_451 (load             ) [ 00000000000]
bnn_top_int_const_unsigned_int_const_int_const_unsigned_int_const_int_co_452 (load             ) [ 00000000000]
bnn_top_int_const_unsigned_int_const_int_const_unsigned_int_const_int_co_453 (load             ) [ 00000000000]
bnn_top_int_const_unsigned_int_const_int_const_unsigned_int_const_int_co_454 (load             ) [ 00000000000]
a_13                                                                         (sparsemux        ) [ 00011100111]
W3_0_load_8                                                                  (load             ) [ 00000000000]
W3_1_load_8                                                                  (load             ) [ 00000000000]
select_ln120_8                                                               (select           ) [ 00000000000]
add_ln120_16                                                                 (add              ) [ 00000000000]
zext_ln120_18                                                                (zext             ) [ 00000000000]
lshr_ln120_15                                                                (lshr             ) [ 00011100111]
acc_27_load                                                                  (load             ) [ 00000000000]
acc_27_mid2                                                                  (select           ) [ 00000000000]
zext_ln118_1                                                                 (zext             ) [ 00000000000]
add_ln118                                                                    (add              ) [ 00000000000]
tmp                                                                          (bitselect        ) [ 00000000000]
or_ln118                                                                     (or               ) [ 00000000000]
tmp_56                                                                       (bitselect        ) [ 00000000000]
or_ln118_1                                                                   (or               ) [ 00000000000]
tmp_57                                                                       (bitselect        ) [ 00000000000]
tmp_58                                                                       (bitconcatenate   ) [ 00000000000]
icmp_ln118                                                                   (icmp             ) [ 00001000010]
or_ln118_2                                                                   (or               ) [ 00000000000]
tmp_61                                                                       (bitselect        ) [ 00000000000]
tmp_62                                                                       (bitconcatenate   ) [ 00000000000]
icmp_ln118_1                                                                 (icmp             ) [ 00001100011]
bnn_top_int_const_unsigned_int_const_int_const_unsigned_int_const_int_co_319 (load             ) [ 00000000000]
bnn_top_int_const_unsigned_int_const_int_const_unsigned_int_const_int_co_320 (load             ) [ 00000000000]
bnn_top_int_const_unsigned_int_const_int_const_unsigned_int_const_int_co_321 (load             ) [ 00000000000]
bnn_top_int_const_unsigned_int_const_int_const_unsigned_int_const_int_co_322 (load             ) [ 00000000000]
bnn_top_int_const_unsigned_int_const_int_const_unsigned_int_const_int_co_323 (load             ) [ 00000000000]
bnn_top_int_const_unsigned_int_const_int_const_unsigned_int_const_int_co_324 (load             ) [ 00000000000]
bnn_top_int_const_unsigned_int_const_int_const_unsigned_int_const_int_co_325 (load             ) [ 00000000000]
bnn_top_int_const_unsigned_int_const_int_const_unsigned_int_const_int_co_326 (load             ) [ 00000000000]
a_3                                                                          (sparsemux        ) [ 00000000000]
w                                                                            (trunc            ) [ 00000000000]
xor_ln121                                                                    (xor              ) [ 00000000000]
select_ln121                                                                 (select           ) [ 00000000000]
acc                                                                          (add              ) [ 00000000000]
acc_35                                                                       (select           ) [ 00000000000]
bnn_top_int_const_unsigned_int_const_int_const_unsigned_int_const_int_co_335 (load             ) [ 00000000000]
bnn_top_int_const_unsigned_int_const_int_const_unsigned_int_const_int_co_336 (load             ) [ 00000000000]
bnn_top_int_const_unsigned_int_const_int_const_unsigned_int_const_int_co_337 (load             ) [ 00000000000]
bnn_top_int_const_unsigned_int_const_int_const_unsigned_int_const_int_co_338 (load             ) [ 00000000000]
bnn_top_int_const_unsigned_int_const_int_const_unsigned_int_const_int_co_339 (load             ) [ 00000000000]
bnn_top_int_const_unsigned_int_const_int_const_unsigned_int_const_int_co_340 (load             ) [ 00000000000]
bnn_top_int_const_unsigned_int_const_int_const_unsigned_int_const_int_co_341 (load             ) [ 00000000000]
bnn_top_int_const_unsigned_int_const_int_const_unsigned_int_const_int_co_342 (load             ) [ 00000000000]
a_5                                                                          (sparsemux        ) [ 00000000000]
w_9                                                                          (trunc            ) [ 00000000000]
xor_ln121_1                                                                  (xor              ) [ 00000000000]
select_ln121_1                                                               (select           ) [ 00000000000]
acc_72                                                                       (add              ) [ 00000000000]
acc_43                                                                       (select           ) [ 00001000010]
zext_ln119_2                                                                 (zext             ) [ 00000000000]
bnn_top_int_const_unsigned_int_const_int_const_unsigned_int_const_int_co_343 (getelementptr    ) [ 00001000010]
bnn_top_int_const_unsigned_int_const_int_const_unsigned_int_const_int_co_344 (getelementptr    ) [ 00001000010]
bnn_top_int_const_unsigned_int_const_int_const_unsigned_int_const_int_co_345 (getelementptr    ) [ 00001000010]
bnn_top_int_const_unsigned_int_const_int_const_unsigned_int_const_int_co_346 (getelementptr    ) [ 00001000010]
bnn_top_int_const_unsigned_int_const_int_const_unsigned_int_const_int_co_347 (getelementptr    ) [ 00001000010]
bnn_top_int_const_unsigned_int_const_int_const_unsigned_int_const_int_co_348 (getelementptr    ) [ 00001000010]
bnn_top_int_const_unsigned_int_const_int_const_unsigned_int_const_int_co_349 (getelementptr    ) [ 00001000010]
bnn_top_int_const_unsigned_int_const_int_const_unsigned_int_const_int_co_350 (getelementptr    ) [ 00001000010]
zext_ln119_3                                                                 (zext             ) [ 00000000000]
bnn_top_int_const_unsigned_int_const_int_const_unsigned_int_const_int_co_359 (getelementptr    ) [ 00001000010]
bnn_top_int_const_unsigned_int_const_int_const_unsigned_int_const_int_co_360 (getelementptr    ) [ 00001000010]
bnn_top_int_const_unsigned_int_const_int_const_unsigned_int_const_int_co_361 (getelementptr    ) [ 00001000010]
bnn_top_int_const_unsigned_int_const_int_const_unsigned_int_const_int_co_362 (getelementptr    ) [ 00001000010]
bnn_top_int_const_unsigned_int_const_int_const_unsigned_int_const_int_co_363 (getelementptr    ) [ 00001000010]
bnn_top_int_const_unsigned_int_const_int_const_unsigned_int_const_int_co_364 (getelementptr    ) [ 00001000010]
bnn_top_int_const_unsigned_int_const_int_const_unsigned_int_const_int_co_365 (getelementptr    ) [ 00001000010]
bnn_top_int_const_unsigned_int_const_int_const_unsigned_int_const_int_co_366 (getelementptr    ) [ 00001000010]
bnn_top_int_const_unsigned_int_const_int_const_unsigned_int_const_int_co_351 (load             ) [ 00000000000]
bnn_top_int_const_unsigned_int_const_int_const_unsigned_int_const_int_co_352 (load             ) [ 00000000000]
bnn_top_int_const_unsigned_int_const_int_const_unsigned_int_const_int_co_353 (load             ) [ 00000000000]
bnn_top_int_const_unsigned_int_const_int_const_unsigned_int_const_int_co_354 (load             ) [ 00000000000]
bnn_top_int_const_unsigned_int_const_int_const_unsigned_int_const_int_co_355 (load             ) [ 00000000000]
bnn_top_int_const_unsigned_int_const_int_const_unsigned_int_const_int_co_356 (load             ) [ 00000000000]
bnn_top_int_const_unsigned_int_const_int_const_unsigned_int_const_int_co_357 (load             ) [ 00000000000]
bnn_top_int_const_unsigned_int_const_int_const_unsigned_int_const_int_co_358 (load             ) [ 00000000000]
a_8                                                                          (sparsemux        ) [ 00000000000]
w_10                                                                         (trunc            ) [ 00000000000]
xor_ln121_2                                                                  (xor              ) [ 00000000000]
select_ln121_2                                                               (select           ) [ 00000000000]
acc_73                                                                       (add              ) [ 00000000000]
acc_52                                                                       (select           ) [ 00000000000]
bnn_top_int_const_unsigned_int_const_int_const_unsigned_int_const_int_co_367 (load             ) [ 00000000000]
bnn_top_int_const_unsigned_int_const_int_const_unsigned_int_const_int_co_368 (load             ) [ 00000000000]
bnn_top_int_const_unsigned_int_const_int_const_unsigned_int_const_int_co_369 (load             ) [ 00000000000]
bnn_top_int_const_unsigned_int_const_int_const_unsigned_int_const_int_co_370 (load             ) [ 00000000000]
bnn_top_int_const_unsigned_int_const_int_const_unsigned_int_const_int_co_371 (load             ) [ 00000000000]
bnn_top_int_const_unsigned_int_const_int_const_unsigned_int_const_int_co_372 (load             ) [ 00000000000]
bnn_top_int_const_unsigned_int_const_int_const_unsigned_int_const_int_co_373 (load             ) [ 00000000000]
bnn_top_int_const_unsigned_int_const_int_const_unsigned_int_const_int_co_374 (load             ) [ 00000000000]
a                                                                            (sparsemux        ) [ 00000000000]
w_11                                                                         (trunc            ) [ 00000000000]
xor_ln121_3                                                                  (xor              ) [ 00000000000]
select_ln121_3                                                               (select           ) [ 00000000000]
acc_74                                                                       (add              ) [ 00000000000]
acc_56                                                                       (select           ) [ 00000000000]
w_12                                                                         (trunc            ) [ 00000000000]
xor_ln121_4                                                                  (xor              ) [ 00000000000]
select_ln121_4                                                               (select           ) [ 00000000000]
acc_75                                                                       (add              ) [ 00000000000]
w_13                                                                         (trunc            ) [ 00000000000]
xor_ln121_5                                                                  (xor              ) [ 00000000000]
select_ln121_5                                                               (select           ) [ 00000000000]
acc_76                                                                       (add              ) [ 00000000000]
acc_61                                                                       (select           ) [ 00000100001]
specloopname_ln0                                                             (specloopname     ) [ 00000000000]
speclooptripcount_ln0                                                        (speclooptripcount) [ 00000000000]
or_ln118_3                                                                   (or               ) [ 00000000000]
tmp_63                                                                       (bitselect        ) [ 00000000000]
specpipeline_ln114                                                           (specpipeline     ) [ 00000000000]
w_14                                                                         (trunc            ) [ 00000000000]
xor_ln121_6                                                                  (xor              ) [ 00000000000]
select_ln121_6                                                               (select           ) [ 00000000000]
acc_77                                                                       (add              ) [ 00000000000]
acc_65                                                                       (select           ) [ 00000000000]
w_15                                                                         (trunc            ) [ 00000000000]
xor_ln121_7                                                                  (xor              ) [ 00000000000]
select_ln121_7                                                               (select           ) [ 00000000000]
acc_78                                                                       (add              ) [ 00000000000]
acc_69                                                                       (select           ) [ 00000000000]
w_16                                                                         (trunc            ) [ 00000000000]
xor_ln121_8                                                                  (xor              ) [ 00000000000]
select_ln121_8                                                               (select           ) [ 00000000000]
acc_79                                                                       (add              ) [ 00000000000]
acc_71                                                                       (select           ) [ 00000000000]
zext_ln125_2                                                                 (zext             ) [ 00000000000]
urem_ln125                                                                   (urem             ) [ 00000000000]
trunc_ln125_1                                                                (trunc            ) [ 00000100001]
bnn_top_int_const_unsigned_int_const_int_const_unsigned_int_const_int_co_455 (getelementptr    ) [ 00000000000]
bnn_top_int_const_unsigned_int_const_int_const_unsigned_int_const_int_co_456 (getelementptr    ) [ 00000000000]
bnn_top_int_const_unsigned_int_const_int_const_unsigned_int_const_int_co_457 (getelementptr    ) [ 00000000000]
bnn_top_int_const_unsigned_int_const_int_const_unsigned_int_const_int_co_458 (getelementptr    ) [ 00000000000]
bnn_top_int_const_unsigned_int_const_int_const_unsigned_int_const_int_co_459 (getelementptr    ) [ 00000000000]
switch_ln125                                                                 (switch           ) [ 00000000000]
store_ln125                                                                  (store            ) [ 00000000000]
br_ln125                                                                     (br               ) [ 00000000000]
store_ln125                                                                  (store            ) [ 00000000000]
br_ln125                                                                     (br               ) [ 00000000000]
store_ln125                                                                  (store            ) [ 00000000000]
br_ln125                                                                     (br               ) [ 00000000000]
store_ln125                                                                  (store            ) [ 00000000000]
br_ln125                                                                     (br               ) [ 00000000000]
store_ln125                                                                  (store            ) [ 00000000000]
br_ln125                                                                     (br               ) [ 00000000000]
store_ln112                                                                  (store            ) [ 00000000000]
br_ln113                                                                     (br               ) [ 00000000000]
ret_ln0                                                                      (ret              ) [ 00000000000]
</LifeTime>

<model>

<comp_list>
<comp id="0" class="1000" name="mul_ln110">
<pin_list>
<pin id="1" dir="1" index="0" bw="1" slack="0"/>
</pin_list>
<bind>
<StgValue><ssdm name="mul_ln110"/></StgValue>
</bind>
</comp>

<comp id="2" class="1000" name="W3_0">
<pin_list>
<pin id="3" dir="1" index="0" bw="1" slack="0"/>
</pin_list>
<bind>
<StgValue><ssdm name="W3_0"/><MemPortTyVec>1 1 </MemPortTyVec>
</StgValue>
</bind>
</comp>

<comp id="4" class="1000" name="W3_1">
<pin_list>
<pin id="5" dir="1" index="0" bw="1" slack="0"/>
</pin_list>
<bind>
<StgValue><ssdm name="W3_1"/><MemPortTyVec>1 1 </MemPortTyVec>
</StgValue>
</bind>
</comp>

<comp id="6" class="1000" name="bnn_top_int_const_unsigned_int_const_int_const_unsigned_int_const_int_co_4">
<pin_list>
<pin id="7" dir="1" index="0" bw="1" slack="0"/>
</pin_list>
<bind>
<StgValue><ssdm name="bnn_top_int_const_unsigned_int_const_int_const_unsigned_int_const_int_co_4"/><MemPortTyVec>0 3 </MemPortTyVec>
</StgValue>
</bind>
</comp>

<comp id="8" class="1000" name="bnn_top_int_const_unsigned_int_const_int_const_unsigned_int_const_int_co_12">
<pin_list>
<pin id="9" dir="1" index="0" bw="1" slack="0"/>
</pin_list>
<bind>
<StgValue><ssdm name="bnn_top_int_const_unsigned_int_const_int_const_unsigned_int_const_int_co_12"/><MemPortTyVec>1 3 </MemPortTyVec>
</StgValue>
</bind>
</comp>

<comp id="10" class="1000" name="bnn_top_int_const_unsigned_int_const_int_const_unsigned_int_const_int_co_6">
<pin_list>
<pin id="11" dir="1" index="0" bw="1" slack="0"/>
</pin_list>
<bind>
<StgValue><ssdm name="bnn_top_int_const_unsigned_int_const_int_const_unsigned_int_const_int_co_6"/><MemPortTyVec>1 3 </MemPortTyVec>
</StgValue>
</bind>
</comp>

<comp id="12" class="1000" name="bnn_top_int_const_unsigned_int_const_int_const_unsigned_int_const_int_co_5">
<pin_list>
<pin id="13" dir="1" index="0" bw="1" slack="0"/>
</pin_list>
<bind>
<StgValue><ssdm name="bnn_top_int_const_unsigned_int_const_int_const_unsigned_int_const_int_co_5"/><MemPortTyVec>1 3 </MemPortTyVec>
</StgValue>
</bind>
</comp>

<comp id="14" class="1000" name="bnn_top_int_const_unsigned_int_const_int_const_unsigned_int_const_int_co_11">
<pin_list>
<pin id="15" dir="1" index="0" bw="1" slack="0"/>
</pin_list>
<bind>
<StgValue><ssdm name="bnn_top_int_const_unsigned_int_const_int_const_unsigned_int_const_int_co_11"/><MemPortTyVec>1 3 </MemPortTyVec>
</StgValue>
</bind>
</comp>

<comp id="16" class="1000" name="bnn_top_int_const_unsigned_int_const_int_const_unsigned_int_const_int_co_10">
<pin_list>
<pin id="17" dir="1" index="0" bw="1" slack="0"/>
</pin_list>
<bind>
<StgValue><ssdm name="bnn_top_int_const_unsigned_int_const_int_const_unsigned_int_const_int_co_10"/><MemPortTyVec>1 3 </MemPortTyVec>
</StgValue>
</bind>
</comp>

<comp id="18" class="1000" name="bnn_top_int_const_unsigned_int_const_int_const_unsigned_int_const_int_co_9">
<pin_list>
<pin id="19" dir="1" index="0" bw="1" slack="0"/>
</pin_list>
<bind>
<StgValue><ssdm name="bnn_top_int_const_unsigned_int_const_int_const_unsigned_int_const_int_co_9"/><MemPortTyVec>1 3 </MemPortTyVec>
</StgValue>
</bind>
</comp>

<comp id="20" class="1000" name="bnn_top_int_const_unsigned_int_const_int_const_unsigned_int_const_int_co_8">
<pin_list>
<pin id="21" dir="1" index="0" bw="1" slack="0"/>
</pin_list>
<bind>
<StgValue><ssdm name="bnn_top_int_const_unsigned_int_const_int_const_unsigned_int_const_int_co_8"/><MemPortTyVec>1 3 </MemPortTyVec>
</StgValue>
</bind>
</comp>

<comp id="22" class="1000" name="bnn_top_int_const_unsigned_int_const_int_const_unsigned_int_const_int_co_7">
<pin_list>
<pin id="23" dir="1" index="0" bw="1" slack="0"/>
</pin_list>
<bind>
<StgValue><ssdm name="bnn_top_int_const_unsigned_int_const_int_const_unsigned_int_const_int_co_7"/><MemPortTyVec>1 3 </MemPortTyVec>
</StgValue>
</bind>
</comp>

<comp id="24" class="1000" name="bnn_top_int_const_unsigned_int_const_int_const_unsigned_int_const_int_co_3">
<pin_list>
<pin id="25" dir="1" index="0" bw="1" slack="0"/>
</pin_list>
<bind>
<StgValue><ssdm name="bnn_top_int_const_unsigned_int_const_int_const_unsigned_int_const_int_co_3"/><MemPortTyVec>0 3 </MemPortTyVec>
</StgValue>
</bind>
</comp>

<comp id="26" class="1000" name="bnn_top_int_const_unsigned_int_const_int_const_unsigned_int_const_int_co_2">
<pin_list>
<pin id="27" dir="1" index="0" bw="1" slack="0"/>
</pin_list>
<bind>
<StgValue><ssdm name="bnn_top_int_const_unsigned_int_const_int_const_unsigned_int_const_int_co_2"/><MemPortTyVec>0 3 </MemPortTyVec>
</StgValue>
</bind>
</comp>

<comp id="28" class="1000" name="bnn_top_int_const_unsigned_int_const_int_const_unsigned_int_const_int_co_1">
<pin_list>
<pin id="29" dir="1" index="0" bw="1" slack="0"/>
</pin_list>
<bind>
<StgValue><ssdm name="bnn_top_int_const_unsigned_int_const_int_const_unsigned_int_const_int_co_1"/><MemPortTyVec>0 3 </MemPortTyVec>
</StgValue>
</bind>
</comp>

<comp id="30" class="1000" name="bnn_top_int_const_unsigned_int_const_int_const_unsigned_int_const_int_co">
<pin_list>
<pin id="31" dir="1" index="0" bw="1" slack="0"/>
</pin_list>
<bind>
<StgValue><ssdm name="bnn_top_int_const_unsigned_int_const_int_const_unsigned_int_const_int_co"/><MemPortTyVec>0 3 </MemPortTyVec>
</StgValue>
</bind>
</comp>

<comp id="32" class="1001" name="const_32">
<pin_list>
<pin id="33" dir="1" index="0" bw="1" slack="0"/>
</pin_list>
<bind>
<StgValue><ssdm name=""/></StgValue>
</bind>
</comp>

<comp id="34" class="1001" name="const_34">
<pin_list>
<pin id="35" dir="1" index="0" bw="1" slack="2147483647"/>
</pin_list>
<bind>
<StgValue><ssdm name="_ssdm_op_SpecInterface"/></StgValue>
</bind>
</comp>

<comp id="36" class="1001" name="const_36">
<pin_list>
<pin id="37" dir="1" index="0" bw="1" slack="2147483647"/>
</pin_list>
<bind>
<StgValue><ssdm name="empty_5"/></StgValue>
</bind>
</comp>

<comp id="38" class="1001" name="const_38">
<pin_list>
<pin id="39" dir="1" index="0" bw="1" slack="0"/>
</pin_list>
<bind>
<StgValue><ssdm name=""/></StgValue>
</bind>
</comp>

<comp id="40" class="1001" name="const_40">
<pin_list>
<pin id="41" dir="1" index="0" bw="1" slack="2147483647"/>
</pin_list>
<bind>
<StgValue><ssdm name="empty_2"/></StgValue>
</bind>
</comp>

<comp id="42" class="1001" name="const_42">
<pin_list>
<pin id="43" dir="1" index="0" bw="1" slack="0"/>
</pin_list>
<bind>
<StgValue><ssdm name=""/></StgValue>
</bind>
</comp>

<comp id="44" class="1001" name="const_44">
<pin_list>
<pin id="45" dir="1" index="0" bw="1" slack="0"/>
</pin_list>
<bind>
<StgValue><ssdm name="_ssdm_op_Read.ap_auto.i16"/></StgValue>
</bind>
</comp>

<comp id="46" class="1001" name="const_46">
<pin_list>
<pin id="47" dir="1" index="0" bw="1" slack="0"/>
</pin_list>
<bind>
<StgValue><ssdm name=""/></StgValue>
</bind>
</comp>

<comp id="48" class="1001" name="const_48">
<pin_list>
<pin id="49" dir="1" index="0" bw="1" slack="0"/>
</pin_list>
<bind>
<StgValue><ssdm name=""/></StgValue>
</bind>
</comp>

<comp id="50" class="1001" name="const_50">
<pin_list>
<pin id="51" dir="1" index="0" bw="1" slack="0"/>
</pin_list>
<bind>
<StgValue><ssdm name=""/></StgValue>
</bind>
</comp>

<comp id="52" class="1001" name="const_52">
<pin_list>
<pin id="53" dir="1" index="0" bw="1" slack="0"/>
</pin_list>
<bind>
<StgValue><ssdm name=""/></StgValue>
</bind>
</comp>

<comp id="54" class="1001" name="const_54">
<pin_list>
<pin id="55" dir="1" index="0" bw="1" slack="0"/>
</pin_list>
<bind>
<StgValue><ssdm name=""/></StgValue>
</bind>
</comp>

<comp id="56" class="1001" name="const_56">
<pin_list>
<pin id="57" dir="1" index="0" bw="1" slack="0"/>
</pin_list>
<bind>
<StgValue><ssdm name=""/></StgValue>
</bind>
</comp>

<comp id="58" class="1001" name="const_58">
<pin_list>
<pin id="59" dir="1" index="0" bw="1" slack="0"/>
</pin_list>
<bind>
<StgValue><ssdm name=""/></StgValue>
</bind>
</comp>

<comp id="60" class="1001" name="const_60">
<pin_list>
<pin id="61" dir="1" index="0" bw="1" slack="0"/>
</pin_list>
<bind>
<StgValue><ssdm name=""/></StgValue>
</bind>
</comp>

<comp id="62" class="1001" name="const_62">
<pin_list>
<pin id="63" dir="1" index="0" bw="1" slack="0"/>
</pin_list>
<bind>
<StgValue><ssdm name=""/></StgValue>
</bind>
</comp>

<comp id="64" class="1001" name="const_64">
<pin_list>
<pin id="65" dir="1" index="0" bw="1" slack="0"/>
</pin_list>
<bind>
<StgValue><ssdm name=""/></StgValue>
</bind>
</comp>

<comp id="66" class="1001" name="const_66">
<pin_list>
<pin id="67" dir="1" index="0" bw="1" slack="0"/>
</pin_list>
<bind>
<StgValue><ssdm name=""/></StgValue>
</bind>
</comp>

<comp id="68" class="1001" name="const_68">
<pin_list>
<pin id="69" dir="1" index="0" bw="1" slack="0"/>
</pin_list>
<bind>
<StgValue><ssdm name="_ssdm_op_BitConcatenate.i5.i3.i2"/></StgValue>
</bind>
</comp>

<comp id="70" class="1001" name="const_70">
<pin_list>
<pin id="71" dir="1" index="0" bw="1" slack="0"/>
</pin_list>
<bind>
<StgValue><ssdm name=""/></StgValue>
</bind>
</comp>

<comp id="72" class="1001" name="const_72">
<pin_list>
<pin id="73" dir="1" index="0" bw="1" slack="0"/>
</pin_list>
<bind>
<StgValue><ssdm name="_ssdm_op_BitSelect.i1.i4.i32"/></StgValue>
</bind>
</comp>

<comp id="74" class="1001" name="const_74">
<pin_list>
<pin id="75" dir="1" index="0" bw="1" slack="0"/>
</pin_list>
<bind>
<StgValue><ssdm name=""/></StgValue>
</bind>
</comp>

<comp id="76" class="1001" name="const_76">
<pin_list>
<pin id="77" dir="1" index="0" bw="1" slack="0"/>
</pin_list>
<bind>
<StgValue><ssdm name="_ssdm_op_BitConcatenate.i6.i4.i2"/></StgValue>
</bind>
</comp>

<comp id="78" class="1001" name="const_78">
<pin_list>
<pin id="79" dir="1" index="0" bw="1" slack="0"/>
</pin_list>
<bind>
<StgValue><ssdm name="_ssdm_op_BitConcatenate.i10.i7.i3"/></StgValue>
</bind>
</comp>

<comp id="80" class="1001" name="const_80">
<pin_list>
<pin id="81" dir="1" index="0" bw="1" slack="0"/>
</pin_list>
<bind>
<StgValue><ssdm name=""/></StgValue>
</bind>
</comp>

<comp id="82" class="1001" name="const_82">
<pin_list>
<pin id="83" dir="1" index="0" bw="1" slack="0"/>
</pin_list>
<bind>
<StgValue><ssdm name="_ssdm_op_PartSelect.i10.i16.i32.i32"/></StgValue>
</bind>
</comp>

<comp id="84" class="1001" name="const_84">
<pin_list>
<pin id="85" dir="1" index="0" bw="1" slack="0"/>
</pin_list>
<bind>
<StgValue><ssdm name=""/></StgValue>
</bind>
</comp>

<comp id="86" class="1001" name="const_86">
<pin_list>
<pin id="87" dir="1" index="0" bw="1" slack="0"/>
</pin_list>
<bind>
<StgValue><ssdm name=""/></StgValue>
</bind>
</comp>

<comp id="88" class="1001" name="const_88">
<pin_list>
<pin id="89" dir="1" index="0" bw="1" slack="0"/>
</pin_list>
<bind>
<StgValue><ssdm name=""/></StgValue>
</bind>
</comp>

<comp id="90" class="1001" name="const_90">
<pin_list>
<pin id="91" dir="1" index="0" bw="1" slack="0"/>
</pin_list>
<bind>
<StgValue><ssdm name="_ssdm_op_BitSelect.i1.i16.i32"/></StgValue>
</bind>
</comp>

<comp id="92" class="1001" name="const_92">
<pin_list>
<pin id="93" dir="1" index="0" bw="1" slack="0"/>
</pin_list>
<bind>
<StgValue><ssdm name=""/></StgValue>
</bind>
</comp>

<comp id="94" class="1001" name="const_94">
<pin_list>
<pin id="95" dir="1" index="0" bw="1" slack="0"/>
</pin_list>
<bind>
<StgValue><ssdm name=""/></StgValue>
</bind>
</comp>

<comp id="96" class="1001" name="const_96">
<pin_list>
<pin id="97" dir="1" index="0" bw="1" slack="0"/>
</pin_list>
<bind>
<StgValue><ssdm name=""/></StgValue>
</bind>
</comp>

<comp id="98" class="1001" name="const_98">
<pin_list>
<pin id="99" dir="1" index="0" bw="1" slack="0"/>
</pin_list>
<bind>
<StgValue><ssdm name=""/></StgValue>
</bind>
</comp>

<comp id="100" class="1001" name="const_100">
<pin_list>
<pin id="101" dir="1" index="0" bw="1" slack="0"/>
</pin_list>
<bind>
<StgValue><ssdm name="_ssdm_op_PartSelect.i4.i13.i32.i32"/></StgValue>
</bind>
</comp>

<comp id="102" class="1001" name="const_102">
<pin_list>
<pin id="103" dir="1" index="0" bw="1" slack="0"/>
</pin_list>
<bind>
<StgValue><ssdm name=""/></StgValue>
</bind>
</comp>

<comp id="104" class="1001" name="const_104">
<pin_list>
<pin id="105" dir="1" index="0" bw="1" slack="0"/>
</pin_list>
<bind>
<StgValue><ssdm name=""/></StgValue>
</bind>
</comp>

<comp id="106" class="1001" name="const_106">
<pin_list>
<pin id="107" dir="1" index="0" bw="1" slack="0"/>
</pin_list>
<bind>
<StgValue><ssdm name=""/></StgValue>
</bind>
</comp>

<comp id="108" class="1001" name="const_108">
<pin_list>
<pin id="109" dir="1" index="0" bw="1" slack="0"/>
</pin_list>
<bind>
<StgValue><ssdm name=""/></StgValue>
</bind>
</comp>

<comp id="110" class="1001" name="const_110">
<pin_list>
<pin id="111" dir="1" index="0" bw="1" slack="0"/>
</pin_list>
<bind>
<StgValue><ssdm name=""/></StgValue>
</bind>
</comp>

<comp id="112" class="1001" name="const_112">
<pin_list>
<pin id="113" dir="1" index="0" bw="1" slack="0"/>
</pin_list>
<bind>
<StgValue><ssdm name=""/></StgValue>
</bind>
</comp>

<comp id="114" class="1001" name="const_114">
<pin_list>
<pin id="115" dir="1" index="0" bw="1" slack="0"/>
</pin_list>
<bind>
<StgValue><ssdm name=""/></StgValue>
</bind>
</comp>

<comp id="116" class="1001" name="const_116">
<pin_list>
<pin id="117" dir="1" index="0" bw="1" slack="0"/>
</pin_list>
<bind>
<StgValue><ssdm name="_ssdm_op_BitConcatenate.i9.i6.i3"/></StgValue>
</bind>
</comp>

<comp id="118" class="1001" name="const_118">
<pin_list>
<pin id="119" dir="1" index="0" bw="1" slack="0"/>
</pin_list>
<bind>
<StgValue><ssdm name=""/></StgValue>
</bind>
</comp>

<comp id="120" class="1001" name="const_120">
<pin_list>
<pin id="121" dir="1" index="0" bw="1" slack="0"/>
</pin_list>
<bind>
<StgValue><ssdm name=""/></StgValue>
</bind>
</comp>

<comp id="122" class="1001" name="const_122">
<pin_list>
<pin id="123" dir="1" index="0" bw="1" slack="0"/>
</pin_list>
<bind>
<StgValue><ssdm name=""/></StgValue>
</bind>
</comp>

<comp id="124" class="1001" name="const_124">
<pin_list>
<pin id="125" dir="1" index="0" bw="1" slack="0"/>
</pin_list>
<bind>
<StgValue><ssdm name=""/></StgValue>
</bind>
</comp>

<comp id="126" class="1001" name="const_126">
<pin_list>
<pin id="127" dir="1" index="0" bw="1" slack="0"/>
</pin_list>
<bind>
<StgValue><ssdm name="_ssdm_op_BitConcatenate.i6.i3.i3"/></StgValue>
</bind>
</comp>

<comp id="128" class="1001" name="const_128">
<pin_list>
<pin id="129" dir="1" index="0" bw="1" slack="0"/>
</pin_list>
<bind>
<StgValue><ssdm name=""/></StgValue>
</bind>
</comp>

<comp id="130" class="1001" name="const_130">
<pin_list>
<pin id="131" dir="1" index="0" bw="1" slack="0"/>
</pin_list>
<bind>
<StgValue><ssdm name="_ssdm_op_SparseMux.ap_auto.8i1.i1.i3"/></StgValue>
</bind>
</comp>

<comp id="132" class="1001" name="const_132">
<pin_list>
<pin id="133" dir="1" index="0" bw="1" slack="0"/>
</pin_list>
<bind>
<StgValue><ssdm name=""/></StgValue>
</bind>
</comp>

<comp id="134" class="1001" name="const_134">
<pin_list>
<pin id="135" dir="1" index="0" bw="1" slack="0"/>
</pin_list>
<bind>
<StgValue><ssdm name=""/></StgValue>
</bind>
</comp>

<comp id="136" class="1001" name="const_136">
<pin_list>
<pin id="137" dir="1" index="0" bw="1" slack="0"/>
</pin_list>
<bind>
<StgValue><ssdm name=""/></StgValue>
</bind>
</comp>

<comp id="138" class="1001" name="const_138">
<pin_list>
<pin id="139" dir="1" index="0" bw="1" slack="0"/>
</pin_list>
<bind>
<StgValue><ssdm name=""/></StgValue>
</bind>
</comp>

<comp id="140" class="1001" name="const_140">
<pin_list>
<pin id="141" dir="1" index="0" bw="1" slack="0"/>
</pin_list>
<bind>
<StgValue><ssdm name=""/></StgValue>
</bind>
</comp>

<comp id="142" class="1001" name="const_142">
<pin_list>
<pin id="143" dir="1" index="0" bw="1" slack="0"/>
</pin_list>
<bind>
<StgValue><ssdm name=""/></StgValue>
</bind>
</comp>

<comp id="144" class="1001" name="const_144">
<pin_list>
<pin id="145" dir="1" index="0" bw="1" slack="0"/>
</pin_list>
<bind>
<StgValue><ssdm name=""/></StgValue>
</bind>
</comp>

<comp id="146" class="1001" name="const_146">
<pin_list>
<pin id="147" dir="1" index="0" bw="1" slack="0"/>
</pin_list>
<bind>
<StgValue><ssdm name=""/></StgValue>
</bind>
</comp>

<comp id="148" class="1001" name="const_148">
<pin_list>
<pin id="149" dir="1" index="0" bw="1" slack="0"/>
</pin_list>
<bind>
<StgValue><ssdm name=""/></StgValue>
</bind>
</comp>

<comp id="150" class="1001" name="const_150">
<pin_list>
<pin id="151" dir="1" index="0" bw="1" slack="0"/>
</pin_list>
<bind>
<StgValue><ssdm name="_ssdm_op_BitConcatenate.i12.i6.i6"/></StgValue>
</bind>
</comp>

<comp id="152" class="1001" name="const_152">
<pin_list>
<pin id="153" dir="1" index="0" bw="1" slack="0"/>
</pin_list>
<bind>
<StgValue><ssdm name=""/></StgValue>
</bind>
</comp>

<comp id="154" class="1001" name="const_154">
<pin_list>
<pin id="155" dir="1" index="0" bw="1" slack="0"/>
</pin_list>
<bind>
<StgValue><ssdm name="_ssdm_op_PartSelect.i9.i12.i32.i32"/></StgValue>
</bind>
</comp>

<comp id="156" class="1001" name="const_156">
<pin_list>
<pin id="157" dir="1" index="0" bw="1" slack="0"/>
</pin_list>
<bind>
<StgValue><ssdm name=""/></StgValue>
</bind>
</comp>

<comp id="158" class="1001" name="const_158">
<pin_list>
<pin id="159" dir="1" index="0" bw="1" slack="0"/>
</pin_list>
<bind>
<StgValue><ssdm name=""/></StgValue>
</bind>
</comp>

<comp id="160" class="1001" name="const_160">
<pin_list>
<pin id="161" dir="1" index="0" bw="1" slack="0"/>
</pin_list>
<bind>
<StgValue><ssdm name=""/></StgValue>
</bind>
</comp>

<comp id="162" class="1001" name="const_162">
<pin_list>
<pin id="163" dir="1" index="0" bw="1" slack="0"/>
</pin_list>
<bind>
<StgValue><ssdm name=""/></StgValue>
</bind>
</comp>

<comp id="164" class="1001" name="const_164">
<pin_list>
<pin id="165" dir="1" index="0" bw="1" slack="0"/>
</pin_list>
<bind>
<StgValue><ssdm name=""/></StgValue>
</bind>
</comp>

<comp id="166" class="1001" name="const_166">
<pin_list>
<pin id="167" dir="1" index="0" bw="1" slack="0"/>
</pin_list>
<bind>
<StgValue><ssdm name=""/></StgValue>
</bind>
</comp>

<comp id="168" class="1001" name="const_168">
<pin_list>
<pin id="169" dir="1" index="0" bw="1" slack="0"/>
</pin_list>
<bind>
<StgValue><ssdm name=""/></StgValue>
</bind>
</comp>

<comp id="170" class="1001" name="const_170">
<pin_list>
<pin id="171" dir="1" index="0" bw="1" slack="0"/>
</pin_list>
<bind>
<StgValue><ssdm name=""/></StgValue>
</bind>
</comp>

<comp id="172" class="1001" name="const_172">
<pin_list>
<pin id="173" dir="1" index="0" bw="1" slack="0"/>
</pin_list>
<bind>
<StgValue><ssdm name="_ssdm_op_BitConcatenate.i12.i6.i3.i3"/></StgValue>
</bind>
</comp>

<comp id="174" class="1001" name="const_174">
<pin_list>
<pin id="175" dir="1" index="0" bw="1" slack="0"/>
</pin_list>
<bind>
<StgValue><ssdm name=""/></StgValue>
</bind>
</comp>

<comp id="176" class="1001" name="const_176">
<pin_list>
<pin id="177" dir="1" index="0" bw="1" slack="0"/>
</pin_list>
<bind>
<StgValue><ssdm name="_ssdm_op_BitConcatenate.i2.i1.i1"/></StgValue>
</bind>
</comp>

<comp id="178" class="1001" name="const_178">
<pin_list>
<pin id="179" dir="1" index="0" bw="1" slack="2147483647"/>
</pin_list>
<bind>
<StgValue><ssdm name="_ssdm_op_SpecLoopName"/></StgValue>
</bind>
</comp>

<comp id="180" class="1001" name="const_180">
<pin_list>
<pin id="181" dir="1" index="0" bw="1" slack="2147483647"/>
</pin_list>
<bind>
<StgValue><ssdm name="VITIS_LOOP_110_17_VITIS_LOOP_111_18_VITIS_LOOP_113_19_str"/></StgValue>
</bind>
</comp>

<comp id="182" class="1001" name="const_182">
<pin_list>
<pin id="183" dir="1" index="0" bw="1" slack="2147483647"/>
</pin_list>
<bind>
<StgValue><ssdm name="_ssdm_op_SpecLoopTripCount"/></StgValue>
</bind>
</comp>

<comp id="184" class="1001" name="const_184">
<pin_list>
<pin id="185" dir="1" index="0" bw="1" slack="2147483647"/>
</pin_list>
<bind>
<StgValue><ssdm name=""/></StgValue>
</bind>
</comp>

<comp id="186" class="1001" name="const_186">
<pin_list>
<pin id="187" dir="1" index="0" bw="1" slack="2147483647"/>
</pin_list>
<bind>
<StgValue><ssdm name="_ssdm_op_SpecPipeline"/></StgValue>
</bind>
</comp>

<comp id="188" class="1004" name="acc_27_fu_188">
<pin_list>
<pin id="189" dir="0" index="0" bw="1" slack="0"/>
<pin id="190" dir="1" index="1" bw="32" slack="0"/>
</pin_list>
<bind>
<opcode="alloca(26) " fcode="alloca"/>
<opset="acc_27/1 "/>
</bind>
</comp>

<comp id="192" class="1004" name="ci_fu_192">
<pin_list>
<pin id="193" dir="0" index="0" bw="1" slack="0"/>
<pin id="194" dir="1" index="1" bw="7" slack="0"/>
</pin_list>
<bind>
<opcode="alloca(26) " fcode="alloca"/>
<opset="ci/1 "/>
</bind>
</comp>

<comp id="196" class="1004" name="ow_fu_196">
<pin_list>
<pin id="197" dir="0" index="0" bw="1" slack="0"/>
<pin id="198" dir="1" index="1" bw="4" slack="0"/>
</pin_list>
<bind>
<opcode="alloca(26) " fcode="alloca"/>
<opset="ow/1 "/>
</bind>
</comp>

<comp id="200" class="1004" name="indvar_flatten43_fu_200">
<pin_list>
<pin id="201" dir="0" index="0" bw="1" slack="0"/>
<pin id="202" dir="1" index="1" bw="11" slack="0"/>
</pin_list>
<bind>
<opcode="alloca(26) " fcode="alloca"/>
<opset="indvar_flatten43/1 "/>
</bind>
</comp>

<comp id="204" class="1004" name="oh_fu_204">
<pin_list>
<pin id="205" dir="0" index="0" bw="1" slack="0"/>
<pin id="206" dir="1" index="1" bw="4" slack="0"/>
</pin_list>
<bind>
<opcode="alloca(26) " fcode="alloca"/>
<opset="oh/1 "/>
</bind>
</comp>

<comp id="208" class="1004" name="indvar_flatten59_fu_208">
<pin_list>
<pin id="209" dir="0" index="0" bw="1" slack="0"/>
<pin id="210" dir="1" index="1" bw="13" slack="0"/>
</pin_list>
<bind>
<opcode="alloca(26) " fcode="alloca"/>
<opset="indvar_flatten59/1 "/>
</bind>
</comp>

<comp id="212" class="1004" name="mul_ln110_read_read_fu_212">
<pin_list>
<pin id="213" dir="0" index="0" bw="16" slack="0"/>
<pin id="214" dir="0" index="1" bw="16" slack="0"/>
<pin id="215" dir="1" index="2" bw="16" slack="1"/>
</pin_list>
<bind>
<opcode="read(1150) " fcode="read"/>
<opset="mul_ln110_read/1 "/>
</bind>
</comp>

<comp id="218" class="1004" name="W3_0_addr_gep_fu_218">
<pin_list>
<pin id="219" dir="0" index="0" bw="32" slack="0"/>
<pin id="220" dir="0" index="1" bw="1" slack="0"/>
<pin id="221" dir="0" index="2" bw="10" slack="0"/>
<pin id="222" dir="1" index="3" bw="10" slack="0"/>
</pin_list>
<bind>
<opcode="getelementptr(29) " fcode="getelementptr"/>
<opset="W3_0_addr/2 "/>
</bind>
</comp>

<comp id="225" class="1004" name="grp_access_fu_225">
<pin_list>
<pin id="226" dir="0" index="0" bw="10" slack="0"/>
<pin id="227" dir="0" index="1" bw="32" slack="2147483647"/>
<pin id="228" dir="0" index="2" bw="0" slack="0"/>
<pin id="230" dir="0" index="4" bw="10" slack="2147483647"/>
<pin id="231" dir="0" index="5" bw="32" slack="2147483647"/>
<pin id="232" dir="0" index="6" bw="0" slack="2147483647"/>
<pin id="229" dir="1" index="3" bw="32" slack="0"/>
<pin id="233" dir="1" index="7" bw="32" slack="0"/>
</pin_list>
<bind>
<opcode="load(27) " fcode="load"/>
<opset="W3_0_load/2 W3_0_load_1/2 W3_0_load_2/3 W3_0_load_3/3 W3_0_load_4/4 W3_0_load_5/4 W3_0_load_6/5 W3_0_load_7/5 W3_0_load_8/6 "/>
</bind>
</comp>

<comp id="235" class="1004" name="W3_1_addr_gep_fu_235">
<pin_list>
<pin id="236" dir="0" index="0" bw="32" slack="0"/>
<pin id="237" dir="0" index="1" bw="1" slack="0"/>
<pin id="238" dir="0" index="2" bw="10" slack="0"/>
<pin id="239" dir="1" index="3" bw="10" slack="0"/>
</pin_list>
<bind>
<opcode="getelementptr(29) " fcode="getelementptr"/>
<opset="W3_1_addr/2 "/>
</bind>
</comp>

<comp id="242" class="1004" name="grp_access_fu_242">
<pin_list>
<pin id="243" dir="0" index="0" bw="10" slack="0"/>
<pin id="244" dir="0" index="1" bw="32" slack="2147483647"/>
<pin id="245" dir="0" index="2" bw="0" slack="0"/>
<pin id="247" dir="0" index="4" bw="10" slack="2147483647"/>
<pin id="248" dir="0" index="5" bw="32" slack="2147483647"/>
<pin id="249" dir="0" index="6" bw="0" slack="2147483647"/>
<pin id="246" dir="1" index="3" bw="32" slack="0"/>
<pin id="250" dir="1" index="7" bw="32" slack="0"/>
</pin_list>
<bind>
<opcode="load(27) " fcode="load"/>
<opset="W3_1_load/2 W3_1_load_1/2 W3_1_load_2/3 W3_1_load_3/3 W3_1_load_4/4 W3_1_load_5/4 W3_1_load_6/5 W3_1_load_7/5 W3_1_load_8/6 "/>
</bind>
</comp>

<comp id="252" class="1004" name="W3_0_addr_1_gep_fu_252">
<pin_list>
<pin id="253" dir="0" index="0" bw="32" slack="0"/>
<pin id="254" dir="0" index="1" bw="1" slack="0"/>
<pin id="255" dir="0" index="2" bw="10" slack="0"/>
<pin id="256" dir="1" index="3" bw="10" slack="0"/>
</pin_list>
<bind>
<opcode="getelementptr(29) " fcode="getelementptr"/>
<opset="W3_0_addr_1/2 "/>
</bind>
</comp>

<comp id="260" class="1004" name="W3_1_addr_1_gep_fu_260">
<pin_list>
<pin id="261" dir="0" index="0" bw="32" slack="0"/>
<pin id="262" dir="0" index="1" bw="1" slack="0"/>
<pin id="263" dir="0" index="2" bw="10" slack="0"/>
<pin id="264" dir="1" index="3" bw="10" slack="0"/>
</pin_list>
<bind>
<opcode="getelementptr(29) " fcode="getelementptr"/>
<opset="W3_1_addr_1/2 "/>
</bind>
</comp>

<comp id="268" class="1004" name="W3_0_addr_2_gep_fu_268">
<pin_list>
<pin id="269" dir="0" index="0" bw="32" slack="0"/>
<pin id="270" dir="0" index="1" bw="1" slack="0"/>
<pin id="271" dir="0" index="2" bw="10" slack="0"/>
<pin id="272" dir="1" index="3" bw="10" slack="0"/>
</pin_list>
<bind>
<opcode="getelementptr(29) " fcode="getelementptr"/>
<opset="W3_0_addr_2/3 "/>
</bind>
</comp>

<comp id="276" class="1004" name="W3_1_addr_2_gep_fu_276">
<pin_list>
<pin id="277" dir="0" index="0" bw="32" slack="0"/>
<pin id="278" dir="0" index="1" bw="1" slack="0"/>
<pin id="279" dir="0" index="2" bw="10" slack="0"/>
<pin id="280" dir="1" index="3" bw="10" slack="0"/>
</pin_list>
<bind>
<opcode="getelementptr(29) " fcode="getelementptr"/>
<opset="W3_1_addr_2/3 "/>
</bind>
</comp>

<comp id="284" class="1004" name="W3_0_addr_3_gep_fu_284">
<pin_list>
<pin id="285" dir="0" index="0" bw="32" slack="0"/>
<pin id="286" dir="0" index="1" bw="1" slack="0"/>
<pin id="287" dir="0" index="2" bw="10" slack="0"/>
<pin id="288" dir="1" index="3" bw="10" slack="0"/>
</pin_list>
<bind>
<opcode="getelementptr(29) " fcode="getelementptr"/>
<opset="W3_0_addr_3/3 "/>
</bind>
</comp>

<comp id="292" class="1004" name="W3_1_addr_3_gep_fu_292">
<pin_list>
<pin id="293" dir="0" index="0" bw="32" slack="0"/>
<pin id="294" dir="0" index="1" bw="1" slack="0"/>
<pin id="295" dir="0" index="2" bw="10" slack="0"/>
<pin id="296" dir="1" index="3" bw="10" slack="0"/>
</pin_list>
<bind>
<opcode="getelementptr(29) " fcode="getelementptr"/>
<opset="W3_1_addr_3/3 "/>
</bind>
</comp>

<comp id="300" class="1004" name="bnn_top_int_const_unsigned_int_const_int_const_unsigned_int_const_int_co_375_gep_fu_300">
<pin_list>
<pin id="301" dir="0" index="0" bw="1" slack="0"/>
<pin id="302" dir="0" index="1" bw="1" slack="0"/>
<pin id="303" dir="0" index="2" bw="9" slack="0"/>
<pin id="304" dir="1" index="3" bw="9" slack="0"/>
</pin_list>
<bind>
<opcode="getelementptr(29) " fcode="getelementptr"/>
<opset="bnn_top_int_const_unsigned_int_const_int_const_unsigned_int_const_int_co_375/4 "/>
</bind>
</comp>

<comp id="307" class="1004" name="bnn_top_int_const_unsigned_int_const_int_const_unsigned_int_const_int_co_376_gep_fu_307">
<pin_list>
<pin id="308" dir="0" index="0" bw="1" slack="0"/>
<pin id="309" dir="0" index="1" bw="1" slack="0"/>
<pin id="310" dir="0" index="2" bw="9" slack="0"/>
<pin id="311" dir="1" index="3" bw="9" slack="0"/>
</pin_list>
<bind>
<opcode="getelementptr(29) " fcode="getelementptr"/>
<opset="bnn_top_int_const_unsigned_int_const_int_const_unsigned_int_const_int_co_376/4 "/>
</bind>
</comp>

<comp id="314" class="1004" name="bnn_top_int_const_unsigned_int_const_int_const_unsigned_int_const_int_co_377_gep_fu_314">
<pin_list>
<pin id="315" dir="0" index="0" bw="1" slack="0"/>
<pin id="316" dir="0" index="1" bw="1" slack="0"/>
<pin id="317" dir="0" index="2" bw="9" slack="0"/>
<pin id="318" dir="1" index="3" bw="9" slack="0"/>
</pin_list>
<bind>
<opcode="getelementptr(29) " fcode="getelementptr"/>
<opset="bnn_top_int_const_unsigned_int_const_int_const_unsigned_int_const_int_co_377/4 "/>
</bind>
</comp>

<comp id="321" class="1004" name="bnn_top_int_const_unsigned_int_const_int_const_unsigned_int_const_int_co_378_gep_fu_321">
<pin_list>
<pin id="322" dir="0" index="0" bw="1" slack="0"/>
<pin id="323" dir="0" index="1" bw="1" slack="0"/>
<pin id="324" dir="0" index="2" bw="9" slack="0"/>
<pin id="325" dir="1" index="3" bw="9" slack="0"/>
</pin_list>
<bind>
<opcode="getelementptr(29) " fcode="getelementptr"/>
<opset="bnn_top_int_const_unsigned_int_const_int_const_unsigned_int_const_int_co_378/4 "/>
</bind>
</comp>

<comp id="328" class="1004" name="bnn_top_int_const_unsigned_int_const_int_const_unsigned_int_const_int_co_379_gep_fu_328">
<pin_list>
<pin id="329" dir="0" index="0" bw="1" slack="0"/>
<pin id="330" dir="0" index="1" bw="1" slack="0"/>
<pin id="331" dir="0" index="2" bw="9" slack="0"/>
<pin id="332" dir="1" index="3" bw="9" slack="0"/>
</pin_list>
<bind>
<opcode="getelementptr(29) " fcode="getelementptr"/>
<opset="bnn_top_int_const_unsigned_int_const_int_const_unsigned_int_const_int_co_379/4 "/>
</bind>
</comp>

<comp id="335" class="1004" name="bnn_top_int_const_unsigned_int_const_int_const_unsigned_int_const_int_co_380_gep_fu_335">
<pin_list>
<pin id="336" dir="0" index="0" bw="1" slack="0"/>
<pin id="337" dir="0" index="1" bw="1" slack="0"/>
<pin id="338" dir="0" index="2" bw="9" slack="0"/>
<pin id="339" dir="1" index="3" bw="9" slack="0"/>
</pin_list>
<bind>
<opcode="getelementptr(29) " fcode="getelementptr"/>
<opset="bnn_top_int_const_unsigned_int_const_int_const_unsigned_int_const_int_co_380/4 "/>
</bind>
</comp>

<comp id="342" class="1004" name="bnn_top_int_const_unsigned_int_const_int_const_unsigned_int_const_int_co_381_gep_fu_342">
<pin_list>
<pin id="343" dir="0" index="0" bw="1" slack="0"/>
<pin id="344" dir="0" index="1" bw="1" slack="0"/>
<pin id="345" dir="0" index="2" bw="9" slack="0"/>
<pin id="346" dir="1" index="3" bw="9" slack="0"/>
</pin_list>
<bind>
<opcode="getelementptr(29) " fcode="getelementptr"/>
<opset="bnn_top_int_const_unsigned_int_const_int_const_unsigned_int_const_int_co_381/4 "/>
</bind>
</comp>

<comp id="349" class="1004" name="bnn_top_int_const_unsigned_int_const_int_const_unsigned_int_const_int_co_382_gep_fu_349">
<pin_list>
<pin id="350" dir="0" index="0" bw="1" slack="0"/>
<pin id="351" dir="0" index="1" bw="1" slack="0"/>
<pin id="352" dir="0" index="2" bw="9" slack="0"/>
<pin id="353" dir="1" index="3" bw="9" slack="0"/>
</pin_list>
<bind>
<opcode="getelementptr(29) " fcode="getelementptr"/>
<opset="bnn_top_int_const_unsigned_int_const_int_const_unsigned_int_const_int_co_382/4 "/>
</bind>
</comp>

<comp id="356" class="1004" name="grp_access_fu_356">
<pin_list>
<pin id="357" dir="0" index="0" bw="9" slack="0"/>
<pin id="358" dir="0" index="1" bw="1" slack="2147483647"/>
<pin id="359" dir="0" index="2" bw="0" slack="2147483647"/>
<pin id="360" dir="1" index="3" bw="1" slack="0"/>
</pin_list>
<bind>
<opcode="load(27) " fcode="load"/>
<opset="bnn_top_int_const_unsigned_int_const_int_const_unsigned_int_const_int_co_383/4 bnn_top_int_const_unsigned_int_const_int_const_unsigned_int_const_int_co_399/4 bnn_top_int_const_unsigned_int_const_int_const_unsigned_int_const_int_co_415/5 bnn_top_int_const_unsigned_int_const_int_const_unsigned_int_const_int_co_431/5 bnn_top_int_const_unsigned_int_const_int_const_unsigned_int_const_int_co_447/6 bnn_top_int_const_unsigned_int_const_int_const_unsigned_int_const_int_co_319/7 bnn_top_int_const_unsigned_int_const_int_const_unsigned_int_const_int_co_335/7 bnn_top_int_const_unsigned_int_const_int_const_unsigned_int_const_int_co_351/8 bnn_top_int_const_unsigned_int_const_int_const_unsigned_int_const_int_co_367/8 "/>
</bind>
</comp>

<comp id="362" class="1004" name="grp_access_fu_362">
<pin_list>
<pin id="363" dir="0" index="0" bw="9" slack="0"/>
<pin id="364" dir="0" index="1" bw="1" slack="2147483647"/>
<pin id="365" dir="0" index="2" bw="0" slack="2147483647"/>
<pin id="366" dir="1" index="3" bw="1" slack="0"/>
</pin_list>
<bind>
<opcode="load(27) " fcode="load"/>
<opset="bnn_top_int_const_unsigned_int_const_int_const_unsigned_int_const_int_co_384/4 bnn_top_int_const_unsigned_int_const_int_const_unsigned_int_const_int_co_400/4 bnn_top_int_const_unsigned_int_const_int_const_unsigned_int_const_int_co_416/5 bnn_top_int_const_unsigned_int_const_int_const_unsigned_int_const_int_co_432/5 bnn_top_int_const_unsigned_int_const_int_const_unsigned_int_const_int_co_448/6 bnn_top_int_const_unsigned_int_const_int_const_unsigned_int_const_int_co_320/7 bnn_top_int_const_unsigned_int_const_int_const_unsigned_int_const_int_co_336/7 bnn_top_int_const_unsigned_int_const_int_const_unsigned_int_const_int_co_352/8 bnn_top_int_const_unsigned_int_const_int_const_unsigned_int_const_int_co_368/8 "/>
</bind>
</comp>

<comp id="368" class="1004" name="grp_access_fu_368">
<pin_list>
<pin id="369" dir="0" index="0" bw="9" slack="0"/>
<pin id="370" dir="0" index="1" bw="1" slack="2147483647"/>
<pin id="371" dir="0" index="2" bw="0" slack="2147483647"/>
<pin id="372" dir="1" index="3" bw="1" slack="0"/>
</pin_list>
<bind>
<opcode="load(27) " fcode="load"/>
<opset="bnn_top_int_const_unsigned_int_const_int_const_unsigned_int_const_int_co_385/4 bnn_top_int_const_unsigned_int_const_int_const_unsigned_int_const_int_co_401/4 bnn_top_int_const_unsigned_int_const_int_const_unsigned_int_const_int_co_417/5 bnn_top_int_const_unsigned_int_const_int_const_unsigned_int_const_int_co_433/5 bnn_top_int_const_unsigned_int_const_int_const_unsigned_int_const_int_co_449/6 bnn_top_int_const_unsigned_int_const_int_const_unsigned_int_const_int_co_321/7 bnn_top_int_const_unsigned_int_const_int_const_unsigned_int_const_int_co_337/7 bnn_top_int_const_unsigned_int_const_int_const_unsigned_int_const_int_co_353/8 bnn_top_int_const_unsigned_int_const_int_const_unsigned_int_const_int_co_369/8 "/>
</bind>
</comp>

<comp id="374" class="1004" name="grp_access_fu_374">
<pin_list>
<pin id="375" dir="0" index="0" bw="9" slack="0"/>
<pin id="376" dir="0" index="1" bw="1" slack="2147483647"/>
<pin id="377" dir="0" index="2" bw="0" slack="2147483647"/>
<pin id="378" dir="1" index="3" bw="1" slack="0"/>
</pin_list>
<bind>
<opcode="load(27) " fcode="load"/>
<opset="bnn_top_int_const_unsigned_int_const_int_const_unsigned_int_const_int_co_386/4 bnn_top_int_const_unsigned_int_const_int_const_unsigned_int_const_int_co_402/4 bnn_top_int_const_unsigned_int_const_int_const_unsigned_int_const_int_co_418/5 bnn_top_int_const_unsigned_int_const_int_const_unsigned_int_const_int_co_434/5 bnn_top_int_const_unsigned_int_const_int_const_unsigned_int_const_int_co_450/6 bnn_top_int_const_unsigned_int_const_int_const_unsigned_int_const_int_co_322/7 bnn_top_int_const_unsigned_int_const_int_const_unsigned_int_const_int_co_338/7 bnn_top_int_const_unsigned_int_const_int_const_unsigned_int_const_int_co_354/8 bnn_top_int_const_unsigned_int_const_int_const_unsigned_int_const_int_co_370/8 "/>
</bind>
</comp>

<comp id="380" class="1004" name="grp_access_fu_380">
<pin_list>
<pin id="381" dir="0" index="0" bw="9" slack="0"/>
<pin id="382" dir="0" index="1" bw="1" slack="2147483647"/>
<pin id="383" dir="0" index="2" bw="0" slack="2147483647"/>
<pin id="384" dir="1" index="3" bw="1" slack="0"/>
</pin_list>
<bind>
<opcode="load(27) " fcode="load"/>
<opset="bnn_top_int_const_unsigned_int_const_int_const_unsigned_int_const_int_co_387/4 bnn_top_int_const_unsigned_int_const_int_const_unsigned_int_const_int_co_403/4 bnn_top_int_const_unsigned_int_const_int_const_unsigned_int_const_int_co_419/5 bnn_top_int_const_unsigned_int_const_int_const_unsigned_int_const_int_co_435/5 bnn_top_int_const_unsigned_int_const_int_const_unsigned_int_const_int_co_451/6 bnn_top_int_const_unsigned_int_const_int_const_unsigned_int_const_int_co_323/7 bnn_top_int_const_unsigned_int_const_int_const_unsigned_int_const_int_co_339/7 bnn_top_int_const_unsigned_int_const_int_const_unsigned_int_const_int_co_355/8 bnn_top_int_const_unsigned_int_const_int_const_unsigned_int_const_int_co_371/8 "/>
</bind>
</comp>

<comp id="386" class="1004" name="grp_access_fu_386">
<pin_list>
<pin id="387" dir="0" index="0" bw="9" slack="0"/>
<pin id="388" dir="0" index="1" bw="1" slack="2147483647"/>
<pin id="389" dir="0" index="2" bw="0" slack="2147483647"/>
<pin id="390" dir="1" index="3" bw="1" slack="0"/>
</pin_list>
<bind>
<opcode="load(27) " fcode="load"/>
<opset="bnn_top_int_const_unsigned_int_const_int_const_unsigned_int_const_int_co_388/4 bnn_top_int_const_unsigned_int_const_int_const_unsigned_int_const_int_co_404/4 bnn_top_int_const_unsigned_int_const_int_const_unsigned_int_const_int_co_420/5 bnn_top_int_const_unsigned_int_const_int_const_unsigned_int_const_int_co_436/5 bnn_top_int_const_unsigned_int_const_int_const_unsigned_int_const_int_co_452/6 bnn_top_int_const_unsigned_int_const_int_const_unsigned_int_const_int_co_324/7 bnn_top_int_const_unsigned_int_const_int_const_unsigned_int_const_int_co_340/7 bnn_top_int_const_unsigned_int_const_int_const_unsigned_int_const_int_co_356/8 bnn_top_int_const_unsigned_int_const_int_const_unsigned_int_const_int_co_372/8 "/>
</bind>
</comp>

<comp id="392" class="1004" name="grp_access_fu_392">
<pin_list>
<pin id="393" dir="0" index="0" bw="9" slack="0"/>
<pin id="394" dir="0" index="1" bw="1" slack="2147483647"/>
<pin id="395" dir="0" index="2" bw="0" slack="2147483647"/>
<pin id="396" dir="1" index="3" bw="1" slack="0"/>
</pin_list>
<bind>
<opcode="load(27) " fcode="load"/>
<opset="bnn_top_int_const_unsigned_int_const_int_const_unsigned_int_const_int_co_389/4 bnn_top_int_const_unsigned_int_const_int_const_unsigned_int_const_int_co_405/4 bnn_top_int_const_unsigned_int_const_int_const_unsigned_int_const_int_co_421/5 bnn_top_int_const_unsigned_int_const_int_const_unsigned_int_const_int_co_437/5 bnn_top_int_const_unsigned_int_const_int_const_unsigned_int_const_int_co_453/6 bnn_top_int_const_unsigned_int_const_int_const_unsigned_int_const_int_co_325/7 bnn_top_int_const_unsigned_int_const_int_const_unsigned_int_const_int_co_341/7 bnn_top_int_const_unsigned_int_const_int_const_unsigned_int_const_int_co_357/8 bnn_top_int_const_unsigned_int_const_int_const_unsigned_int_const_int_co_373/8 "/>
</bind>
</comp>

<comp id="398" class="1004" name="grp_access_fu_398">
<pin_list>
<pin id="399" dir="0" index="0" bw="9" slack="0"/>
<pin id="400" dir="0" index="1" bw="1" slack="2147483647"/>
<pin id="401" dir="0" index="2" bw="0" slack="2147483647"/>
<pin id="402" dir="1" index="3" bw="1" slack="0"/>
</pin_list>
<bind>
<opcode="load(27) " fcode="load"/>
<opset="bnn_top_int_const_unsigned_int_const_int_const_unsigned_int_const_int_co_390/4 bnn_top_int_const_unsigned_int_const_int_const_unsigned_int_const_int_co_406/4 bnn_top_int_const_unsigned_int_const_int_const_unsigned_int_const_int_co_422/5 bnn_top_int_const_unsigned_int_const_int_const_unsigned_int_const_int_co_438/5 bnn_top_int_const_unsigned_int_const_int_const_unsigned_int_const_int_co_454/6 bnn_top_int_const_unsigned_int_const_int_const_unsigned_int_const_int_co_326/7 bnn_top_int_const_unsigned_int_const_int_const_unsigned_int_const_int_co_342/7 bnn_top_int_const_unsigned_int_const_int_const_unsigned_int_const_int_co_358/8 bnn_top_int_const_unsigned_int_const_int_const_unsigned_int_const_int_co_374/8 "/>
</bind>
</comp>

<comp id="404" class="1004" name="W3_0_addr_4_gep_fu_404">
<pin_list>
<pin id="405" dir="0" index="0" bw="32" slack="0"/>
<pin id="406" dir="0" index="1" bw="1" slack="0"/>
<pin id="407" dir="0" index="2" bw="10" slack="0"/>
<pin id="408" dir="1" index="3" bw="10" slack="0"/>
</pin_list>
<bind>
<opcode="getelementptr(29) " fcode="getelementptr"/>
<opset="W3_0_addr_4/4 "/>
</bind>
</comp>

<comp id="412" class="1004" name="W3_1_addr_4_gep_fu_412">
<pin_list>
<pin id="413" dir="0" index="0" bw="32" slack="0"/>
<pin id="414" dir="0" index="1" bw="1" slack="0"/>
<pin id="415" dir="0" index="2" bw="10" slack="0"/>
<pin id="416" dir="1" index="3" bw="10" slack="0"/>
</pin_list>
<bind>
<opcode="getelementptr(29) " fcode="getelementptr"/>
<opset="W3_1_addr_4/4 "/>
</bind>
</comp>

<comp id="420" class="1004" name="bnn_top_int_const_unsigned_int_const_int_const_unsigned_int_const_int_co_391_gep_fu_420">
<pin_list>
<pin id="421" dir="0" index="0" bw="1" slack="0"/>
<pin id="422" dir="0" index="1" bw="1" slack="0"/>
<pin id="423" dir="0" index="2" bw="9" slack="0"/>
<pin id="424" dir="1" index="3" bw="9" slack="0"/>
</pin_list>
<bind>
<opcode="getelementptr(29) " fcode="getelementptr"/>
<opset="bnn_top_int_const_unsigned_int_const_int_const_unsigned_int_const_int_co_391/4 "/>
</bind>
</comp>

<comp id="427" class="1004" name="bnn_top_int_const_unsigned_int_const_int_const_unsigned_int_const_int_co_392_gep_fu_427">
<pin_list>
<pin id="428" dir="0" index="0" bw="1" slack="0"/>
<pin id="429" dir="0" index="1" bw="1" slack="0"/>
<pin id="430" dir="0" index="2" bw="9" slack="0"/>
<pin id="431" dir="1" index="3" bw="9" slack="0"/>
</pin_list>
<bind>
<opcode="getelementptr(29) " fcode="getelementptr"/>
<opset="bnn_top_int_const_unsigned_int_const_int_const_unsigned_int_const_int_co_392/4 "/>
</bind>
</comp>

<comp id="434" class="1004" name="bnn_top_int_const_unsigned_int_const_int_const_unsigned_int_const_int_co_393_gep_fu_434">
<pin_list>
<pin id="435" dir="0" index="0" bw="1" slack="0"/>
<pin id="436" dir="0" index="1" bw="1" slack="0"/>
<pin id="437" dir="0" index="2" bw="9" slack="0"/>
<pin id="438" dir="1" index="3" bw="9" slack="0"/>
</pin_list>
<bind>
<opcode="getelementptr(29) " fcode="getelementptr"/>
<opset="bnn_top_int_const_unsigned_int_const_int_const_unsigned_int_const_int_co_393/4 "/>
</bind>
</comp>

<comp id="441" class="1004" name="bnn_top_int_const_unsigned_int_const_int_const_unsigned_int_const_int_co_394_gep_fu_441">
<pin_list>
<pin id="442" dir="0" index="0" bw="1" slack="0"/>
<pin id="443" dir="0" index="1" bw="1" slack="0"/>
<pin id="444" dir="0" index="2" bw="9" slack="0"/>
<pin id="445" dir="1" index="3" bw="9" slack="0"/>
</pin_list>
<bind>
<opcode="getelementptr(29) " fcode="getelementptr"/>
<opset="bnn_top_int_const_unsigned_int_const_int_const_unsigned_int_const_int_co_394/4 "/>
</bind>
</comp>

<comp id="448" class="1004" name="bnn_top_int_const_unsigned_int_const_int_const_unsigned_int_const_int_co_395_gep_fu_448">
<pin_list>
<pin id="449" dir="0" index="0" bw="1" slack="0"/>
<pin id="450" dir="0" index="1" bw="1" slack="0"/>
<pin id="451" dir="0" index="2" bw="9" slack="0"/>
<pin id="452" dir="1" index="3" bw="9" slack="0"/>
</pin_list>
<bind>
<opcode="getelementptr(29) " fcode="getelementptr"/>
<opset="bnn_top_int_const_unsigned_int_const_int_const_unsigned_int_const_int_co_395/4 "/>
</bind>
</comp>

<comp id="455" class="1004" name="bnn_top_int_const_unsigned_int_const_int_const_unsigned_int_const_int_co_396_gep_fu_455">
<pin_list>
<pin id="456" dir="0" index="0" bw="1" slack="0"/>
<pin id="457" dir="0" index="1" bw="1" slack="0"/>
<pin id="458" dir="0" index="2" bw="9" slack="0"/>
<pin id="459" dir="1" index="3" bw="9" slack="0"/>
</pin_list>
<bind>
<opcode="getelementptr(29) " fcode="getelementptr"/>
<opset="bnn_top_int_const_unsigned_int_const_int_const_unsigned_int_const_int_co_396/4 "/>
</bind>
</comp>

<comp id="462" class="1004" name="bnn_top_int_const_unsigned_int_const_int_const_unsigned_int_const_int_co_397_gep_fu_462">
<pin_list>
<pin id="463" dir="0" index="0" bw="1" slack="0"/>
<pin id="464" dir="0" index="1" bw="1" slack="0"/>
<pin id="465" dir="0" index="2" bw="9" slack="0"/>
<pin id="466" dir="1" index="3" bw="9" slack="0"/>
</pin_list>
<bind>
<opcode="getelementptr(29) " fcode="getelementptr"/>
<opset="bnn_top_int_const_unsigned_int_const_int_const_unsigned_int_const_int_co_397/4 "/>
</bind>
</comp>

<comp id="469" class="1004" name="bnn_top_int_const_unsigned_int_const_int_const_unsigned_int_const_int_co_398_gep_fu_469">
<pin_list>
<pin id="470" dir="0" index="0" bw="1" slack="0"/>
<pin id="471" dir="0" index="1" bw="1" slack="0"/>
<pin id="472" dir="0" index="2" bw="9" slack="0"/>
<pin id="473" dir="1" index="3" bw="9" slack="0"/>
</pin_list>
<bind>
<opcode="getelementptr(29) " fcode="getelementptr"/>
<opset="bnn_top_int_const_unsigned_int_const_int_const_unsigned_int_const_int_co_398/4 "/>
</bind>
</comp>

<comp id="484" class="1004" name="W3_0_addr_5_gep_fu_484">
<pin_list>
<pin id="485" dir="0" index="0" bw="32" slack="0"/>
<pin id="486" dir="0" index="1" bw="1" slack="0"/>
<pin id="487" dir="0" index="2" bw="10" slack="0"/>
<pin id="488" dir="1" index="3" bw="10" slack="0"/>
</pin_list>
<bind>
<opcode="getelementptr(29) " fcode="getelementptr"/>
<opset="W3_0_addr_5/4 "/>
</bind>
</comp>

<comp id="492" class="1004" name="W3_1_addr_5_gep_fu_492">
<pin_list>
<pin id="493" dir="0" index="0" bw="32" slack="0"/>
<pin id="494" dir="0" index="1" bw="1" slack="0"/>
<pin id="495" dir="0" index="2" bw="10" slack="0"/>
<pin id="496" dir="1" index="3" bw="10" slack="0"/>
</pin_list>
<bind>
<opcode="getelementptr(29) " fcode="getelementptr"/>
<opset="W3_1_addr_5/4 "/>
</bind>
</comp>

<comp id="500" class="1004" name="bnn_top_int_const_unsigned_int_const_int_const_unsigned_int_const_int_co_407_gep_fu_500">
<pin_list>
<pin id="501" dir="0" index="0" bw="1" slack="0"/>
<pin id="502" dir="0" index="1" bw="1" slack="0"/>
<pin id="503" dir="0" index="2" bw="9" slack="0"/>
<pin id="504" dir="1" index="3" bw="9" slack="0"/>
</pin_list>
<bind>
<opcode="getelementptr(29) " fcode="getelementptr"/>
<opset="bnn_top_int_const_unsigned_int_const_int_const_unsigned_int_const_int_co_407/5 "/>
</bind>
</comp>

<comp id="507" class="1004" name="bnn_top_int_const_unsigned_int_const_int_const_unsigned_int_const_int_co_408_gep_fu_507">
<pin_list>
<pin id="508" dir="0" index="0" bw="1" slack="0"/>
<pin id="509" dir="0" index="1" bw="1" slack="0"/>
<pin id="510" dir="0" index="2" bw="9" slack="0"/>
<pin id="511" dir="1" index="3" bw="9" slack="0"/>
</pin_list>
<bind>
<opcode="getelementptr(29) " fcode="getelementptr"/>
<opset="bnn_top_int_const_unsigned_int_const_int_const_unsigned_int_const_int_co_408/5 "/>
</bind>
</comp>

<comp id="514" class="1004" name="bnn_top_int_const_unsigned_int_const_int_const_unsigned_int_const_int_co_409_gep_fu_514">
<pin_list>
<pin id="515" dir="0" index="0" bw="1" slack="0"/>
<pin id="516" dir="0" index="1" bw="1" slack="0"/>
<pin id="517" dir="0" index="2" bw="9" slack="0"/>
<pin id="518" dir="1" index="3" bw="9" slack="0"/>
</pin_list>
<bind>
<opcode="getelementptr(29) " fcode="getelementptr"/>
<opset="bnn_top_int_const_unsigned_int_const_int_const_unsigned_int_const_int_co_409/5 "/>
</bind>
</comp>

<comp id="521" class="1004" name="bnn_top_int_const_unsigned_int_const_int_const_unsigned_int_const_int_co_410_gep_fu_521">
<pin_list>
<pin id="522" dir="0" index="0" bw="1" slack="0"/>
<pin id="523" dir="0" index="1" bw="1" slack="0"/>
<pin id="524" dir="0" index="2" bw="9" slack="0"/>
<pin id="525" dir="1" index="3" bw="9" slack="0"/>
</pin_list>
<bind>
<opcode="getelementptr(29) " fcode="getelementptr"/>
<opset="bnn_top_int_const_unsigned_int_const_int_const_unsigned_int_const_int_co_410/5 "/>
</bind>
</comp>

<comp id="528" class="1004" name="bnn_top_int_const_unsigned_int_const_int_const_unsigned_int_const_int_co_411_gep_fu_528">
<pin_list>
<pin id="529" dir="0" index="0" bw="1" slack="0"/>
<pin id="530" dir="0" index="1" bw="1" slack="0"/>
<pin id="531" dir="0" index="2" bw="9" slack="0"/>
<pin id="532" dir="1" index="3" bw="9" slack="0"/>
</pin_list>
<bind>
<opcode="getelementptr(29) " fcode="getelementptr"/>
<opset="bnn_top_int_const_unsigned_int_const_int_const_unsigned_int_const_int_co_411/5 "/>
</bind>
</comp>

<comp id="535" class="1004" name="bnn_top_int_const_unsigned_int_const_int_const_unsigned_int_const_int_co_412_gep_fu_535">
<pin_list>
<pin id="536" dir="0" index="0" bw="1" slack="0"/>
<pin id="537" dir="0" index="1" bw="1" slack="0"/>
<pin id="538" dir="0" index="2" bw="9" slack="0"/>
<pin id="539" dir="1" index="3" bw="9" slack="0"/>
</pin_list>
<bind>
<opcode="getelementptr(29) " fcode="getelementptr"/>
<opset="bnn_top_int_const_unsigned_int_const_int_const_unsigned_int_const_int_co_412/5 "/>
</bind>
</comp>

<comp id="542" class="1004" name="bnn_top_int_const_unsigned_int_const_int_const_unsigned_int_const_int_co_413_gep_fu_542">
<pin_list>
<pin id="543" dir="0" index="0" bw="1" slack="0"/>
<pin id="544" dir="0" index="1" bw="1" slack="0"/>
<pin id="545" dir="0" index="2" bw="9" slack="0"/>
<pin id="546" dir="1" index="3" bw="9" slack="0"/>
</pin_list>
<bind>
<opcode="getelementptr(29) " fcode="getelementptr"/>
<opset="bnn_top_int_const_unsigned_int_const_int_const_unsigned_int_const_int_co_413/5 "/>
</bind>
</comp>

<comp id="549" class="1004" name="bnn_top_int_const_unsigned_int_const_int_const_unsigned_int_const_int_co_414_gep_fu_549">
<pin_list>
<pin id="550" dir="0" index="0" bw="1" slack="0"/>
<pin id="551" dir="0" index="1" bw="1" slack="0"/>
<pin id="552" dir="0" index="2" bw="9" slack="0"/>
<pin id="553" dir="1" index="3" bw="9" slack="0"/>
</pin_list>
<bind>
<opcode="getelementptr(29) " fcode="getelementptr"/>
<opset="bnn_top_int_const_unsigned_int_const_int_const_unsigned_int_const_int_co_414/5 "/>
</bind>
</comp>

<comp id="564" class="1004" name="W3_0_addr_6_gep_fu_564">
<pin_list>
<pin id="565" dir="0" index="0" bw="32" slack="0"/>
<pin id="566" dir="0" index="1" bw="1" slack="0"/>
<pin id="567" dir="0" index="2" bw="10" slack="0"/>
<pin id="568" dir="1" index="3" bw="10" slack="0"/>
</pin_list>
<bind>
<opcode="getelementptr(29) " fcode="getelementptr"/>
<opset="W3_0_addr_6/5 "/>
</bind>
</comp>

<comp id="572" class="1004" name="W3_1_addr_6_gep_fu_572">
<pin_list>
<pin id="573" dir="0" index="0" bw="32" slack="0"/>
<pin id="574" dir="0" index="1" bw="1" slack="0"/>
<pin id="575" dir="0" index="2" bw="10" slack="0"/>
<pin id="576" dir="1" index="3" bw="10" slack="0"/>
</pin_list>
<bind>
<opcode="getelementptr(29) " fcode="getelementptr"/>
<opset="W3_1_addr_6/5 "/>
</bind>
</comp>

<comp id="580" class="1004" name="bnn_top_int_const_unsigned_int_const_int_const_unsigned_int_const_int_co_423_gep_fu_580">
<pin_list>
<pin id="581" dir="0" index="0" bw="1" slack="0"/>
<pin id="582" dir="0" index="1" bw="1" slack="0"/>
<pin id="583" dir="0" index="2" bw="9" slack="0"/>
<pin id="584" dir="1" index="3" bw="9" slack="0"/>
</pin_list>
<bind>
<opcode="getelementptr(29) " fcode="getelementptr"/>
<opset="bnn_top_int_const_unsigned_int_const_int_const_unsigned_int_const_int_co_423/5 "/>
</bind>
</comp>

<comp id="587" class="1004" name="bnn_top_int_const_unsigned_int_const_int_const_unsigned_int_const_int_co_424_gep_fu_587">
<pin_list>
<pin id="588" dir="0" index="0" bw="1" slack="0"/>
<pin id="589" dir="0" index="1" bw="1" slack="0"/>
<pin id="590" dir="0" index="2" bw="9" slack="0"/>
<pin id="591" dir="1" index="3" bw="9" slack="0"/>
</pin_list>
<bind>
<opcode="getelementptr(29) " fcode="getelementptr"/>
<opset="bnn_top_int_const_unsigned_int_const_int_const_unsigned_int_const_int_co_424/5 "/>
</bind>
</comp>

<comp id="594" class="1004" name="bnn_top_int_const_unsigned_int_const_int_const_unsigned_int_const_int_co_425_gep_fu_594">
<pin_list>
<pin id="595" dir="0" index="0" bw="1" slack="0"/>
<pin id="596" dir="0" index="1" bw="1" slack="0"/>
<pin id="597" dir="0" index="2" bw="9" slack="0"/>
<pin id="598" dir="1" index="3" bw="9" slack="0"/>
</pin_list>
<bind>
<opcode="getelementptr(29) " fcode="getelementptr"/>
<opset="bnn_top_int_const_unsigned_int_const_int_const_unsigned_int_const_int_co_425/5 "/>
</bind>
</comp>

<comp id="601" class="1004" name="bnn_top_int_const_unsigned_int_const_int_const_unsigned_int_const_int_co_426_gep_fu_601">
<pin_list>
<pin id="602" dir="0" index="0" bw="1" slack="0"/>
<pin id="603" dir="0" index="1" bw="1" slack="0"/>
<pin id="604" dir="0" index="2" bw="9" slack="0"/>
<pin id="605" dir="1" index="3" bw="9" slack="0"/>
</pin_list>
<bind>
<opcode="getelementptr(29) " fcode="getelementptr"/>
<opset="bnn_top_int_const_unsigned_int_const_int_const_unsigned_int_const_int_co_426/5 "/>
</bind>
</comp>

<comp id="608" class="1004" name="bnn_top_int_const_unsigned_int_const_int_const_unsigned_int_const_int_co_427_gep_fu_608">
<pin_list>
<pin id="609" dir="0" index="0" bw="1" slack="0"/>
<pin id="610" dir="0" index="1" bw="1" slack="0"/>
<pin id="611" dir="0" index="2" bw="9" slack="0"/>
<pin id="612" dir="1" index="3" bw="9" slack="0"/>
</pin_list>
<bind>
<opcode="getelementptr(29) " fcode="getelementptr"/>
<opset="bnn_top_int_const_unsigned_int_const_int_const_unsigned_int_const_int_co_427/5 "/>
</bind>
</comp>

<comp id="615" class="1004" name="bnn_top_int_const_unsigned_int_const_int_const_unsigned_int_const_int_co_428_gep_fu_615">
<pin_list>
<pin id="616" dir="0" index="0" bw="1" slack="0"/>
<pin id="617" dir="0" index="1" bw="1" slack="0"/>
<pin id="618" dir="0" index="2" bw="9" slack="0"/>
<pin id="619" dir="1" index="3" bw="9" slack="0"/>
</pin_list>
<bind>
<opcode="getelementptr(29) " fcode="getelementptr"/>
<opset="bnn_top_int_const_unsigned_int_const_int_const_unsigned_int_const_int_co_428/5 "/>
</bind>
</comp>

<comp id="622" class="1004" name="bnn_top_int_const_unsigned_int_const_int_const_unsigned_int_const_int_co_429_gep_fu_622">
<pin_list>
<pin id="623" dir="0" index="0" bw="1" slack="0"/>
<pin id="624" dir="0" index="1" bw="1" slack="0"/>
<pin id="625" dir="0" index="2" bw="9" slack="0"/>
<pin id="626" dir="1" index="3" bw="9" slack="0"/>
</pin_list>
<bind>
<opcode="getelementptr(29) " fcode="getelementptr"/>
<opset="bnn_top_int_const_unsigned_int_const_int_const_unsigned_int_const_int_co_429/5 "/>
</bind>
</comp>

<comp id="629" class="1004" name="bnn_top_int_const_unsigned_int_const_int_const_unsigned_int_const_int_co_430_gep_fu_629">
<pin_list>
<pin id="630" dir="0" index="0" bw="1" slack="0"/>
<pin id="631" dir="0" index="1" bw="1" slack="0"/>
<pin id="632" dir="0" index="2" bw="9" slack="0"/>
<pin id="633" dir="1" index="3" bw="9" slack="0"/>
</pin_list>
<bind>
<opcode="getelementptr(29) " fcode="getelementptr"/>
<opset="bnn_top_int_const_unsigned_int_const_int_const_unsigned_int_const_int_co_430/5 "/>
</bind>
</comp>

<comp id="644" class="1004" name="W3_0_addr_7_gep_fu_644">
<pin_list>
<pin id="645" dir="0" index="0" bw="32" slack="0"/>
<pin id="646" dir="0" index="1" bw="1" slack="0"/>
<pin id="647" dir="0" index="2" bw="10" slack="0"/>
<pin id="648" dir="1" index="3" bw="10" slack="0"/>
</pin_list>
<bind>
<opcode="getelementptr(29) " fcode="getelementptr"/>
<opset="W3_0_addr_7/5 "/>
</bind>
</comp>

<comp id="652" class="1004" name="W3_1_addr_7_gep_fu_652">
<pin_list>
<pin id="653" dir="0" index="0" bw="32" slack="0"/>
<pin id="654" dir="0" index="1" bw="1" slack="0"/>
<pin id="655" dir="0" index="2" bw="10" slack="0"/>
<pin id="656" dir="1" index="3" bw="10" slack="0"/>
</pin_list>
<bind>
<opcode="getelementptr(29) " fcode="getelementptr"/>
<opset="W3_1_addr_7/5 "/>
</bind>
</comp>

<comp id="660" class="1004" name="bnn_top_int_const_unsigned_int_const_int_const_unsigned_int_const_int_co_439_gep_fu_660">
<pin_list>
<pin id="661" dir="0" index="0" bw="1" slack="0"/>
<pin id="662" dir="0" index="1" bw="1" slack="0"/>
<pin id="663" dir="0" index="2" bw="9" slack="0"/>
<pin id="664" dir="1" index="3" bw="9" slack="0"/>
</pin_list>
<bind>
<opcode="getelementptr(29) " fcode="getelementptr"/>
<opset="bnn_top_int_const_unsigned_int_const_int_const_unsigned_int_const_int_co_439/6 "/>
</bind>
</comp>

<comp id="667" class="1004" name="bnn_top_int_const_unsigned_int_const_int_const_unsigned_int_const_int_co_440_gep_fu_667">
<pin_list>
<pin id="668" dir="0" index="0" bw="1" slack="0"/>
<pin id="669" dir="0" index="1" bw="1" slack="0"/>
<pin id="670" dir="0" index="2" bw="9" slack="0"/>
<pin id="671" dir="1" index="3" bw="9" slack="0"/>
</pin_list>
<bind>
<opcode="getelementptr(29) " fcode="getelementptr"/>
<opset="bnn_top_int_const_unsigned_int_const_int_const_unsigned_int_const_int_co_440/6 "/>
</bind>
</comp>

<comp id="674" class="1004" name="bnn_top_int_const_unsigned_int_const_int_const_unsigned_int_const_int_co_441_gep_fu_674">
<pin_list>
<pin id="675" dir="0" index="0" bw="1" slack="0"/>
<pin id="676" dir="0" index="1" bw="1" slack="0"/>
<pin id="677" dir="0" index="2" bw="9" slack="0"/>
<pin id="678" dir="1" index="3" bw="9" slack="0"/>
</pin_list>
<bind>
<opcode="getelementptr(29) " fcode="getelementptr"/>
<opset="bnn_top_int_const_unsigned_int_const_int_const_unsigned_int_const_int_co_441/6 "/>
</bind>
</comp>

<comp id="681" class="1004" name="bnn_top_int_const_unsigned_int_const_int_const_unsigned_int_const_int_co_442_gep_fu_681">
<pin_list>
<pin id="682" dir="0" index="0" bw="1" slack="0"/>
<pin id="683" dir="0" index="1" bw="1" slack="0"/>
<pin id="684" dir="0" index="2" bw="9" slack="0"/>
<pin id="685" dir="1" index="3" bw="9" slack="0"/>
</pin_list>
<bind>
<opcode="getelementptr(29) " fcode="getelementptr"/>
<opset="bnn_top_int_const_unsigned_int_const_int_const_unsigned_int_const_int_co_442/6 "/>
</bind>
</comp>

<comp id="688" class="1004" name="bnn_top_int_const_unsigned_int_const_int_const_unsigned_int_const_int_co_443_gep_fu_688">
<pin_list>
<pin id="689" dir="0" index="0" bw="1" slack="0"/>
<pin id="690" dir="0" index="1" bw="1" slack="0"/>
<pin id="691" dir="0" index="2" bw="9" slack="0"/>
<pin id="692" dir="1" index="3" bw="9" slack="0"/>
</pin_list>
<bind>
<opcode="getelementptr(29) " fcode="getelementptr"/>
<opset="bnn_top_int_const_unsigned_int_const_int_const_unsigned_int_const_int_co_443/6 "/>
</bind>
</comp>

<comp id="695" class="1004" name="bnn_top_int_const_unsigned_int_const_int_const_unsigned_int_const_int_co_444_gep_fu_695">
<pin_list>
<pin id="696" dir="0" index="0" bw="1" slack="0"/>
<pin id="697" dir="0" index="1" bw="1" slack="0"/>
<pin id="698" dir="0" index="2" bw="9" slack="0"/>
<pin id="699" dir="1" index="3" bw="9" slack="0"/>
</pin_list>
<bind>
<opcode="getelementptr(29) " fcode="getelementptr"/>
<opset="bnn_top_int_const_unsigned_int_const_int_const_unsigned_int_const_int_co_444/6 "/>
</bind>
</comp>

<comp id="702" class="1004" name="bnn_top_int_const_unsigned_int_const_int_const_unsigned_int_const_int_co_445_gep_fu_702">
<pin_list>
<pin id="703" dir="0" index="0" bw="1" slack="0"/>
<pin id="704" dir="0" index="1" bw="1" slack="0"/>
<pin id="705" dir="0" index="2" bw="9" slack="0"/>
<pin id="706" dir="1" index="3" bw="9" slack="0"/>
</pin_list>
<bind>
<opcode="getelementptr(29) " fcode="getelementptr"/>
<opset="bnn_top_int_const_unsigned_int_const_int_const_unsigned_int_const_int_co_445/6 "/>
</bind>
</comp>

<comp id="709" class="1004" name="bnn_top_int_const_unsigned_int_const_int_const_unsigned_int_const_int_co_446_gep_fu_709">
<pin_list>
<pin id="710" dir="0" index="0" bw="1" slack="0"/>
<pin id="711" dir="0" index="1" bw="1" slack="0"/>
<pin id="712" dir="0" index="2" bw="9" slack="0"/>
<pin id="713" dir="1" index="3" bw="9" slack="0"/>
</pin_list>
<bind>
<opcode="getelementptr(29) " fcode="getelementptr"/>
<opset="bnn_top_int_const_unsigned_int_const_int_const_unsigned_int_const_int_co_446/6 "/>
</bind>
</comp>

<comp id="724" class="1004" name="W3_0_addr_8_gep_fu_724">
<pin_list>
<pin id="725" dir="0" index="0" bw="32" slack="0"/>
<pin id="726" dir="0" index="1" bw="1" slack="0"/>
<pin id="727" dir="0" index="2" bw="10" slack="0"/>
<pin id="728" dir="1" index="3" bw="10" slack="0"/>
</pin_list>
<bind>
<opcode="getelementptr(29) " fcode="getelementptr"/>
<opset="W3_0_addr_8/6 "/>
</bind>
</comp>

<comp id="732" class="1004" name="W3_1_addr_8_gep_fu_732">
<pin_list>
<pin id="733" dir="0" index="0" bw="32" slack="0"/>
<pin id="734" dir="0" index="1" bw="1" slack="0"/>
<pin id="735" dir="0" index="2" bw="10" slack="0"/>
<pin id="736" dir="1" index="3" bw="10" slack="0"/>
</pin_list>
<bind>
<opcode="getelementptr(29) " fcode="getelementptr"/>
<opset="W3_1_addr_8/6 "/>
</bind>
</comp>

<comp id="740" class="1004" name="bnn_top_int_const_unsigned_int_const_int_const_unsigned_int_const_int_co_311_gep_fu_740">
<pin_list>
<pin id="741" dir="0" index="0" bw="1" slack="0"/>
<pin id="742" dir="0" index="1" bw="1" slack="0"/>
<pin id="743" dir="0" index="2" bw="9" slack="0"/>
<pin id="744" dir="1" index="3" bw="9" slack="0"/>
</pin_list>
<bind>
<opcode="getelementptr(29) " fcode="getelementptr"/>
<opset="bnn_top_int_const_unsigned_int_const_int_const_unsigned_int_const_int_co_311/7 "/>
</bind>
</comp>

<comp id="747" class="1004" name="bnn_top_int_const_unsigned_int_const_int_const_unsigned_int_const_int_co_312_gep_fu_747">
<pin_list>
<pin id="748" dir="0" index="0" bw="1" slack="0"/>
<pin id="749" dir="0" index="1" bw="1" slack="0"/>
<pin id="750" dir="0" index="2" bw="9" slack="0"/>
<pin id="751" dir="1" index="3" bw="9" slack="0"/>
</pin_list>
<bind>
<opcode="getelementptr(29) " fcode="getelementptr"/>
<opset="bnn_top_int_const_unsigned_int_const_int_const_unsigned_int_const_int_co_312/7 "/>
</bind>
</comp>

<comp id="754" class="1004" name="bnn_top_int_const_unsigned_int_const_int_const_unsigned_int_const_int_co_313_gep_fu_754">
<pin_list>
<pin id="755" dir="0" index="0" bw="1" slack="0"/>
<pin id="756" dir="0" index="1" bw="1" slack="0"/>
<pin id="757" dir="0" index="2" bw="9" slack="0"/>
<pin id="758" dir="1" index="3" bw="9" slack="0"/>
</pin_list>
<bind>
<opcode="getelementptr(29) " fcode="getelementptr"/>
<opset="bnn_top_int_const_unsigned_int_const_int_const_unsigned_int_const_int_co_313/7 "/>
</bind>
</comp>

<comp id="761" class="1004" name="bnn_top_int_const_unsigned_int_const_int_const_unsigned_int_const_int_co_314_gep_fu_761">
<pin_list>
<pin id="762" dir="0" index="0" bw="1" slack="0"/>
<pin id="763" dir="0" index="1" bw="1" slack="0"/>
<pin id="764" dir="0" index="2" bw="9" slack="0"/>
<pin id="765" dir="1" index="3" bw="9" slack="0"/>
</pin_list>
<bind>
<opcode="getelementptr(29) " fcode="getelementptr"/>
<opset="bnn_top_int_const_unsigned_int_const_int_const_unsigned_int_const_int_co_314/7 "/>
</bind>
</comp>

<comp id="768" class="1004" name="bnn_top_int_const_unsigned_int_const_int_const_unsigned_int_const_int_co_315_gep_fu_768">
<pin_list>
<pin id="769" dir="0" index="0" bw="1" slack="0"/>
<pin id="770" dir="0" index="1" bw="1" slack="0"/>
<pin id="771" dir="0" index="2" bw="9" slack="0"/>
<pin id="772" dir="1" index="3" bw="9" slack="0"/>
</pin_list>
<bind>
<opcode="getelementptr(29) " fcode="getelementptr"/>
<opset="bnn_top_int_const_unsigned_int_const_int_const_unsigned_int_const_int_co_315/7 "/>
</bind>
</comp>

<comp id="775" class="1004" name="bnn_top_int_const_unsigned_int_const_int_const_unsigned_int_const_int_co_316_gep_fu_775">
<pin_list>
<pin id="776" dir="0" index="0" bw="1" slack="0"/>
<pin id="777" dir="0" index="1" bw="1" slack="0"/>
<pin id="778" dir="0" index="2" bw="9" slack="0"/>
<pin id="779" dir="1" index="3" bw="9" slack="0"/>
</pin_list>
<bind>
<opcode="getelementptr(29) " fcode="getelementptr"/>
<opset="bnn_top_int_const_unsigned_int_const_int_const_unsigned_int_const_int_co_316/7 "/>
</bind>
</comp>

<comp id="782" class="1004" name="bnn_top_int_const_unsigned_int_const_int_const_unsigned_int_const_int_co_317_gep_fu_782">
<pin_list>
<pin id="783" dir="0" index="0" bw="1" slack="0"/>
<pin id="784" dir="0" index="1" bw="1" slack="0"/>
<pin id="785" dir="0" index="2" bw="9" slack="0"/>
<pin id="786" dir="1" index="3" bw="9" slack="0"/>
</pin_list>
<bind>
<opcode="getelementptr(29) " fcode="getelementptr"/>
<opset="bnn_top_int_const_unsigned_int_const_int_const_unsigned_int_const_int_co_317/7 "/>
</bind>
</comp>

<comp id="789" class="1004" name="bnn_top_int_const_unsigned_int_const_int_const_unsigned_int_const_int_co_318_gep_fu_789">
<pin_list>
<pin id="790" dir="0" index="0" bw="1" slack="0"/>
<pin id="791" dir="0" index="1" bw="1" slack="0"/>
<pin id="792" dir="0" index="2" bw="9" slack="0"/>
<pin id="793" dir="1" index="3" bw="9" slack="0"/>
</pin_list>
<bind>
<opcode="getelementptr(29) " fcode="getelementptr"/>
<opset="bnn_top_int_const_unsigned_int_const_int_const_unsigned_int_const_int_co_318/7 "/>
</bind>
</comp>

<comp id="804" class="1004" name="bnn_top_int_const_unsigned_int_const_int_const_unsigned_int_const_int_co_327_gep_fu_804">
<pin_list>
<pin id="805" dir="0" index="0" bw="1" slack="0"/>
<pin id="806" dir="0" index="1" bw="1" slack="0"/>
<pin id="807" dir="0" index="2" bw="9" slack="0"/>
<pin id="808" dir="1" index="3" bw="9" slack="0"/>
</pin_list>
<bind>
<opcode="getelementptr(29) " fcode="getelementptr"/>
<opset="bnn_top_int_const_unsigned_int_const_int_const_unsigned_int_const_int_co_327/7 "/>
</bind>
</comp>

<comp id="811" class="1004" name="bnn_top_int_const_unsigned_int_const_int_const_unsigned_int_const_int_co_328_gep_fu_811">
<pin_list>
<pin id="812" dir="0" index="0" bw="1" slack="0"/>
<pin id="813" dir="0" index="1" bw="1" slack="0"/>
<pin id="814" dir="0" index="2" bw="9" slack="0"/>
<pin id="815" dir="1" index="3" bw="9" slack="0"/>
</pin_list>
<bind>
<opcode="getelementptr(29) " fcode="getelementptr"/>
<opset="bnn_top_int_const_unsigned_int_const_int_const_unsigned_int_const_int_co_328/7 "/>
</bind>
</comp>

<comp id="818" class="1004" name="bnn_top_int_const_unsigned_int_const_int_const_unsigned_int_const_int_co_329_gep_fu_818">
<pin_list>
<pin id="819" dir="0" index="0" bw="1" slack="0"/>
<pin id="820" dir="0" index="1" bw="1" slack="0"/>
<pin id="821" dir="0" index="2" bw="9" slack="0"/>
<pin id="822" dir="1" index="3" bw="9" slack="0"/>
</pin_list>
<bind>
<opcode="getelementptr(29) " fcode="getelementptr"/>
<opset="bnn_top_int_const_unsigned_int_const_int_const_unsigned_int_const_int_co_329/7 "/>
</bind>
</comp>

<comp id="825" class="1004" name="bnn_top_int_const_unsigned_int_const_int_const_unsigned_int_const_int_co_330_gep_fu_825">
<pin_list>
<pin id="826" dir="0" index="0" bw="1" slack="0"/>
<pin id="827" dir="0" index="1" bw="1" slack="0"/>
<pin id="828" dir="0" index="2" bw="9" slack="0"/>
<pin id="829" dir="1" index="3" bw="9" slack="0"/>
</pin_list>
<bind>
<opcode="getelementptr(29) " fcode="getelementptr"/>
<opset="bnn_top_int_const_unsigned_int_const_int_const_unsigned_int_const_int_co_330/7 "/>
</bind>
</comp>

<comp id="832" class="1004" name="bnn_top_int_const_unsigned_int_const_int_const_unsigned_int_const_int_co_331_gep_fu_832">
<pin_list>
<pin id="833" dir="0" index="0" bw="1" slack="0"/>
<pin id="834" dir="0" index="1" bw="1" slack="0"/>
<pin id="835" dir="0" index="2" bw="9" slack="0"/>
<pin id="836" dir="1" index="3" bw="9" slack="0"/>
</pin_list>
<bind>
<opcode="getelementptr(29) " fcode="getelementptr"/>
<opset="bnn_top_int_const_unsigned_int_const_int_const_unsigned_int_const_int_co_331/7 "/>
</bind>
</comp>

<comp id="839" class="1004" name="bnn_top_int_const_unsigned_int_const_int_const_unsigned_int_const_int_co_332_gep_fu_839">
<pin_list>
<pin id="840" dir="0" index="0" bw="1" slack="0"/>
<pin id="841" dir="0" index="1" bw="1" slack="0"/>
<pin id="842" dir="0" index="2" bw="9" slack="0"/>
<pin id="843" dir="1" index="3" bw="9" slack="0"/>
</pin_list>
<bind>
<opcode="getelementptr(29) " fcode="getelementptr"/>
<opset="bnn_top_int_const_unsigned_int_const_int_const_unsigned_int_const_int_co_332/7 "/>
</bind>
</comp>

<comp id="846" class="1004" name="bnn_top_int_const_unsigned_int_const_int_const_unsigned_int_const_int_co_333_gep_fu_846">
<pin_list>
<pin id="847" dir="0" index="0" bw="1" slack="0"/>
<pin id="848" dir="0" index="1" bw="1" slack="0"/>
<pin id="849" dir="0" index="2" bw="9" slack="0"/>
<pin id="850" dir="1" index="3" bw="9" slack="0"/>
</pin_list>
<bind>
<opcode="getelementptr(29) " fcode="getelementptr"/>
<opset="bnn_top_int_const_unsigned_int_const_int_const_unsigned_int_const_int_co_333/7 "/>
</bind>
</comp>

<comp id="853" class="1004" name="bnn_top_int_const_unsigned_int_const_int_const_unsigned_int_const_int_co_334_gep_fu_853">
<pin_list>
<pin id="854" dir="0" index="0" bw="1" slack="0"/>
<pin id="855" dir="0" index="1" bw="1" slack="0"/>
<pin id="856" dir="0" index="2" bw="9" slack="0"/>
<pin id="857" dir="1" index="3" bw="9" slack="0"/>
</pin_list>
<bind>
<opcode="getelementptr(29) " fcode="getelementptr"/>
<opset="bnn_top_int_const_unsigned_int_const_int_const_unsigned_int_const_int_co_334/7 "/>
</bind>
</comp>

<comp id="868" class="1004" name="bnn_top_int_const_unsigned_int_const_int_const_unsigned_int_const_int_co_343_gep_fu_868">
<pin_list>
<pin id="869" dir="0" index="0" bw="1" slack="0"/>
<pin id="870" dir="0" index="1" bw="1" slack="0"/>
<pin id="871" dir="0" index="2" bw="9" slack="0"/>
<pin id="872" dir="1" index="3" bw="9" slack="0"/>
</pin_list>
<bind>
<opcode="getelementptr(29) " fcode="getelementptr"/>
<opset="bnn_top_int_const_unsigned_int_const_int_const_unsigned_int_const_int_co_343/8 "/>
</bind>
</comp>

<comp id="875" class="1004" name="bnn_top_int_const_unsigned_int_const_int_const_unsigned_int_const_int_co_344_gep_fu_875">
<pin_list>
<pin id="876" dir="0" index="0" bw="1" slack="0"/>
<pin id="877" dir="0" index="1" bw="1" slack="0"/>
<pin id="878" dir="0" index="2" bw="9" slack="0"/>
<pin id="879" dir="1" index="3" bw="9" slack="0"/>
</pin_list>
<bind>
<opcode="getelementptr(29) " fcode="getelementptr"/>
<opset="bnn_top_int_const_unsigned_int_const_int_const_unsigned_int_const_int_co_344/8 "/>
</bind>
</comp>

<comp id="882" class="1004" name="bnn_top_int_const_unsigned_int_const_int_const_unsigned_int_const_int_co_345_gep_fu_882">
<pin_list>
<pin id="883" dir="0" index="0" bw="1" slack="0"/>
<pin id="884" dir="0" index="1" bw="1" slack="0"/>
<pin id="885" dir="0" index="2" bw="9" slack="0"/>
<pin id="886" dir="1" index="3" bw="9" slack="0"/>
</pin_list>
<bind>
<opcode="getelementptr(29) " fcode="getelementptr"/>
<opset="bnn_top_int_const_unsigned_int_const_int_const_unsigned_int_const_int_co_345/8 "/>
</bind>
</comp>

<comp id="889" class="1004" name="bnn_top_int_const_unsigned_int_const_int_const_unsigned_int_const_int_co_346_gep_fu_889">
<pin_list>
<pin id="890" dir="0" index="0" bw="1" slack="0"/>
<pin id="891" dir="0" index="1" bw="1" slack="0"/>
<pin id="892" dir="0" index="2" bw="9" slack="0"/>
<pin id="893" dir="1" index="3" bw="9" slack="0"/>
</pin_list>
<bind>
<opcode="getelementptr(29) " fcode="getelementptr"/>
<opset="bnn_top_int_const_unsigned_int_const_int_const_unsigned_int_const_int_co_346/8 "/>
</bind>
</comp>

<comp id="896" class="1004" name="bnn_top_int_const_unsigned_int_const_int_const_unsigned_int_const_int_co_347_gep_fu_896">
<pin_list>
<pin id="897" dir="0" index="0" bw="1" slack="0"/>
<pin id="898" dir="0" index="1" bw="1" slack="0"/>
<pin id="899" dir="0" index="2" bw="9" slack="0"/>
<pin id="900" dir="1" index="3" bw="9" slack="0"/>
</pin_list>
<bind>
<opcode="getelementptr(29) " fcode="getelementptr"/>
<opset="bnn_top_int_const_unsigned_int_const_int_const_unsigned_int_const_int_co_347/8 "/>
</bind>
</comp>

<comp id="903" class="1004" name="bnn_top_int_const_unsigned_int_const_int_const_unsigned_int_const_int_co_348_gep_fu_903">
<pin_list>
<pin id="904" dir="0" index="0" bw="1" slack="0"/>
<pin id="905" dir="0" index="1" bw="1" slack="0"/>
<pin id="906" dir="0" index="2" bw="9" slack="0"/>
<pin id="907" dir="1" index="3" bw="9" slack="0"/>
</pin_list>
<bind>
<opcode="getelementptr(29) " fcode="getelementptr"/>
<opset="bnn_top_int_const_unsigned_int_const_int_const_unsigned_int_const_int_co_348/8 "/>
</bind>
</comp>

<comp id="910" class="1004" name="bnn_top_int_const_unsigned_int_const_int_const_unsigned_int_const_int_co_349_gep_fu_910">
<pin_list>
<pin id="911" dir="0" index="0" bw="1" slack="0"/>
<pin id="912" dir="0" index="1" bw="1" slack="0"/>
<pin id="913" dir="0" index="2" bw="9" slack="0"/>
<pin id="914" dir="1" index="3" bw="9" slack="0"/>
</pin_list>
<bind>
<opcode="getelementptr(29) " fcode="getelementptr"/>
<opset="bnn_top_int_const_unsigned_int_const_int_const_unsigned_int_const_int_co_349/8 "/>
</bind>
</comp>

<comp id="917" class="1004" name="bnn_top_int_const_unsigned_int_const_int_const_unsigned_int_const_int_co_350_gep_fu_917">
<pin_list>
<pin id="918" dir="0" index="0" bw="1" slack="0"/>
<pin id="919" dir="0" index="1" bw="1" slack="0"/>
<pin id="920" dir="0" index="2" bw="9" slack="0"/>
<pin id="921" dir="1" index="3" bw="9" slack="0"/>
</pin_list>
<bind>
<opcode="getelementptr(29) " fcode="getelementptr"/>
<opset="bnn_top_int_const_unsigned_int_const_int_const_unsigned_int_const_int_co_350/8 "/>
</bind>
</comp>

<comp id="932" class="1004" name="bnn_top_int_const_unsigned_int_const_int_const_unsigned_int_const_int_co_359_gep_fu_932">
<pin_list>
<pin id="933" dir="0" index="0" bw="1" slack="0"/>
<pin id="934" dir="0" index="1" bw="1" slack="0"/>
<pin id="935" dir="0" index="2" bw="9" slack="0"/>
<pin id="936" dir="1" index="3" bw="9" slack="0"/>
</pin_list>
<bind>
<opcode="getelementptr(29) " fcode="getelementptr"/>
<opset="bnn_top_int_const_unsigned_int_const_int_const_unsigned_int_const_int_co_359/8 "/>
</bind>
</comp>

<comp id="939" class="1004" name="bnn_top_int_const_unsigned_int_const_int_const_unsigned_int_const_int_co_360_gep_fu_939">
<pin_list>
<pin id="940" dir="0" index="0" bw="1" slack="0"/>
<pin id="941" dir="0" index="1" bw="1" slack="0"/>
<pin id="942" dir="0" index="2" bw="9" slack="0"/>
<pin id="943" dir="1" index="3" bw="9" slack="0"/>
</pin_list>
<bind>
<opcode="getelementptr(29) " fcode="getelementptr"/>
<opset="bnn_top_int_const_unsigned_int_const_int_const_unsigned_int_const_int_co_360/8 "/>
</bind>
</comp>

<comp id="946" class="1004" name="bnn_top_int_const_unsigned_int_const_int_const_unsigned_int_const_int_co_361_gep_fu_946">
<pin_list>
<pin id="947" dir="0" index="0" bw="1" slack="0"/>
<pin id="948" dir="0" index="1" bw="1" slack="0"/>
<pin id="949" dir="0" index="2" bw="9" slack="0"/>
<pin id="950" dir="1" index="3" bw="9" slack="0"/>
</pin_list>
<bind>
<opcode="getelementptr(29) " fcode="getelementptr"/>
<opset="bnn_top_int_const_unsigned_int_const_int_const_unsigned_int_const_int_co_361/8 "/>
</bind>
</comp>

<comp id="953" class="1004" name="bnn_top_int_const_unsigned_int_const_int_const_unsigned_int_const_int_co_362_gep_fu_953">
<pin_list>
<pin id="954" dir="0" index="0" bw="1" slack="0"/>
<pin id="955" dir="0" index="1" bw="1" slack="0"/>
<pin id="956" dir="0" index="2" bw="9" slack="0"/>
<pin id="957" dir="1" index="3" bw="9" slack="0"/>
</pin_list>
<bind>
<opcode="getelementptr(29) " fcode="getelementptr"/>
<opset="bnn_top_int_const_unsigned_int_const_int_const_unsigned_int_const_int_co_362/8 "/>
</bind>
</comp>

<comp id="960" class="1004" name="bnn_top_int_const_unsigned_int_const_int_const_unsigned_int_const_int_co_363_gep_fu_960">
<pin_list>
<pin id="961" dir="0" index="0" bw="1" slack="0"/>
<pin id="962" dir="0" index="1" bw="1" slack="0"/>
<pin id="963" dir="0" index="2" bw="9" slack="0"/>
<pin id="964" dir="1" index="3" bw="9" slack="0"/>
</pin_list>
<bind>
<opcode="getelementptr(29) " fcode="getelementptr"/>
<opset="bnn_top_int_const_unsigned_int_const_int_const_unsigned_int_const_int_co_363/8 "/>
</bind>
</comp>

<comp id="967" class="1004" name="bnn_top_int_const_unsigned_int_const_int_const_unsigned_int_const_int_co_364_gep_fu_967">
<pin_list>
<pin id="968" dir="0" index="0" bw="1" slack="0"/>
<pin id="969" dir="0" index="1" bw="1" slack="0"/>
<pin id="970" dir="0" index="2" bw="9" slack="0"/>
<pin id="971" dir="1" index="3" bw="9" slack="0"/>
</pin_list>
<bind>
<opcode="getelementptr(29) " fcode="getelementptr"/>
<opset="bnn_top_int_const_unsigned_int_const_int_const_unsigned_int_const_int_co_364/8 "/>
</bind>
</comp>

<comp id="974" class="1004" name="bnn_top_int_const_unsigned_int_const_int_const_unsigned_int_const_int_co_365_gep_fu_974">
<pin_list>
<pin id="975" dir="0" index="0" bw="1" slack="0"/>
<pin id="976" dir="0" index="1" bw="1" slack="0"/>
<pin id="977" dir="0" index="2" bw="9" slack="0"/>
<pin id="978" dir="1" index="3" bw="9" slack="0"/>
</pin_list>
<bind>
<opcode="getelementptr(29) " fcode="getelementptr"/>
<opset="bnn_top_int_const_unsigned_int_const_int_const_unsigned_int_const_int_co_365/8 "/>
</bind>
</comp>

<comp id="981" class="1004" name="bnn_top_int_const_unsigned_int_const_int_const_unsigned_int_const_int_co_366_gep_fu_981">
<pin_list>
<pin id="982" dir="0" index="0" bw="1" slack="0"/>
<pin id="983" dir="0" index="1" bw="1" slack="0"/>
<pin id="984" dir="0" index="2" bw="9" slack="0"/>
<pin id="985" dir="1" index="3" bw="9" slack="0"/>
</pin_list>
<bind>
<opcode="getelementptr(29) " fcode="getelementptr"/>
<opset="bnn_top_int_const_unsigned_int_const_int_const_unsigned_int_const_int_co_366/8 "/>
</bind>
</comp>

<comp id="996" class="1004" name="bnn_top_int_const_unsigned_int_const_int_const_unsigned_int_const_int_co_455_gep_fu_996">
<pin_list>
<pin id="997" dir="0" index="0" bw="32" slack="0"/>
<pin id="998" dir="0" index="1" bw="1" slack="0"/>
<pin id="999" dir="0" index="2" bw="4" slack="0"/>
<pin id="1000" dir="1" index="3" bw="8" slack="0"/>
</pin_list>
<bind>
<opcode="getelementptr(29) " fcode="getelementptr"/>
<opset="bnn_top_int_const_unsigned_int_const_int_const_unsigned_int_const_int_co_455/10 "/>
</bind>
</comp>

<comp id="1003" class="1004" name="bnn_top_int_const_unsigned_int_const_int_const_unsigned_int_const_int_co_456_gep_fu_1003">
<pin_list>
<pin id="1004" dir="0" index="0" bw="32" slack="0"/>
<pin id="1005" dir="0" index="1" bw="1" slack="0"/>
<pin id="1006" dir="0" index="2" bw="4" slack="0"/>
<pin id="1007" dir="1" index="3" bw="8" slack="0"/>
</pin_list>
<bind>
<opcode="getelementptr(29) " fcode="getelementptr"/>
<opset="bnn_top_int_const_unsigned_int_const_int_const_unsigned_int_const_int_co_456/10 "/>
</bind>
</comp>

<comp id="1010" class="1004" name="bnn_top_int_const_unsigned_int_const_int_const_unsigned_int_const_int_co_457_gep_fu_1010">
<pin_list>
<pin id="1011" dir="0" index="0" bw="32" slack="0"/>
<pin id="1012" dir="0" index="1" bw="1" slack="0"/>
<pin id="1013" dir="0" index="2" bw="4" slack="0"/>
<pin id="1014" dir="1" index="3" bw="8" slack="0"/>
</pin_list>
<bind>
<opcode="getelementptr(29) " fcode="getelementptr"/>
<opset="bnn_top_int_const_unsigned_int_const_int_const_unsigned_int_const_int_co_457/10 "/>
</bind>
</comp>

<comp id="1017" class="1004" name="bnn_top_int_const_unsigned_int_const_int_const_unsigned_int_const_int_co_458_gep_fu_1017">
<pin_list>
<pin id="1018" dir="0" index="0" bw="32" slack="0"/>
<pin id="1019" dir="0" index="1" bw="1" slack="0"/>
<pin id="1020" dir="0" index="2" bw="4" slack="0"/>
<pin id="1021" dir="1" index="3" bw="8" slack="0"/>
</pin_list>
<bind>
<opcode="getelementptr(29) " fcode="getelementptr"/>
<opset="bnn_top_int_const_unsigned_int_const_int_const_unsigned_int_const_int_co_458/10 "/>
</bind>
</comp>

<comp id="1024" class="1004" name="bnn_top_int_const_unsigned_int_const_int_const_unsigned_int_const_int_co_459_gep_fu_1024">
<pin_list>
<pin id="1025" dir="0" index="0" bw="32" slack="0"/>
<pin id="1026" dir="0" index="1" bw="1" slack="0"/>
<pin id="1027" dir="0" index="2" bw="4" slack="0"/>
<pin id="1028" dir="1" index="3" bw="8" slack="0"/>
</pin_list>
<bind>
<opcode="getelementptr(29) " fcode="getelementptr"/>
<opset="bnn_top_int_const_unsigned_int_const_int_const_unsigned_int_const_int_co_459/10 "/>
</bind>
</comp>

<comp id="1031" class="1004" name="store_ln125_access_fu_1031">
<pin_list>
<pin id="1032" dir="0" index="0" bw="8" slack="0"/>
<pin id="1033" dir="0" index="1" bw="32" slack="0"/>
<pin id="1034" dir="0" index="2" bw="0" slack="2147483647"/>
<pin id="1035" dir="1" index="3" bw="32" slack="2147483647"/>
</pin_list>
<bind>
<opcode="store(28) " fcode="store"/>
<opset="store_ln125/10 "/>
</bind>
</comp>

<comp id="1037" class="1004" name="store_ln125_access_fu_1037">
<pin_list>
<pin id="1038" dir="0" index="0" bw="8" slack="0"/>
<pin id="1039" dir="0" index="1" bw="32" slack="0"/>
<pin id="1040" dir="0" index="2" bw="0" slack="2147483647"/>
<pin id="1041" dir="1" index="3" bw="32" slack="2147483647"/>
</pin_list>
<bind>
<opcode="store(28) " fcode="store"/>
<opset="store_ln125/10 "/>
</bind>
</comp>

<comp id="1043" class="1004" name="store_ln125_access_fu_1043">
<pin_list>
<pin id="1044" dir="0" index="0" bw="8" slack="0"/>
<pin id="1045" dir="0" index="1" bw="32" slack="0"/>
<pin id="1046" dir="0" index="2" bw="0" slack="2147483647"/>
<pin id="1047" dir="1" index="3" bw="32" slack="2147483647"/>
</pin_list>
<bind>
<opcode="store(28) " fcode="store"/>
<opset="store_ln125/10 "/>
</bind>
</comp>

<comp id="1049" class="1004" name="store_ln125_access_fu_1049">
<pin_list>
<pin id="1050" dir="0" index="0" bw="8" slack="0"/>
<pin id="1051" dir="0" index="1" bw="32" slack="0"/>
<pin id="1052" dir="0" index="2" bw="0" slack="2147483647"/>
<pin id="1053" dir="1" index="3" bw="32" slack="2147483647"/>
</pin_list>
<bind>
<opcode="store(28) " fcode="store"/>
<opset="store_ln125/10 "/>
</bind>
</comp>

<comp id="1055" class="1004" name="store_ln125_access_fu_1055">
<pin_list>
<pin id="1056" dir="0" index="0" bw="8" slack="0"/>
<pin id="1057" dir="0" index="1" bw="32" slack="0"/>
<pin id="1058" dir="0" index="2" bw="0" slack="2147483647"/>
<pin id="1059" dir="1" index="3" bw="32" slack="2147483647"/>
</pin_list>
<bind>
<opcode="store(28) " fcode="store"/>
<opset="store_ln125/10 "/>
</bind>
</comp>

<comp id="1061" class="1004" name="grp_fu_1061">
<pin_list>
<pin id="1062" dir="0" index="0" bw="1" slack="0"/>
<pin id="1063" dir="0" index="1" bw="3" slack="0"/>
<pin id="1064" dir="0" index="2" bw="1" slack="0"/>
<pin id="1065" dir="0" index="3" bw="3" slack="0"/>
<pin id="1066" dir="0" index="4" bw="1" slack="0"/>
<pin id="1067" dir="0" index="5" bw="3" slack="0"/>
<pin id="1068" dir="0" index="6" bw="1" slack="0"/>
<pin id="1069" dir="0" index="7" bw="3" slack="0"/>
<pin id="1070" dir="0" index="8" bw="1" slack="0"/>
<pin id="1071" dir="0" index="9" bw="3" slack="0"/>
<pin id="1072" dir="0" index="10" bw="1" slack="0"/>
<pin id="1073" dir="0" index="11" bw="3" slack="0"/>
<pin id="1074" dir="0" index="12" bw="1" slack="0"/>
<pin id="1075" dir="0" index="13" bw="3" slack="0"/>
<pin id="1076" dir="0" index="14" bw="1" slack="0"/>
<pin id="1077" dir="0" index="15" bw="3" slack="0"/>
<pin id="1078" dir="0" index="16" bw="1" slack="0"/>
<pin id="1079" dir="0" index="17" bw="1" slack="0"/>
<pin id="1080" dir="0" index="18" bw="3" slack="4"/>
<pin id="1081" dir="1" index="19" bw="1" slack="0"/>
</pin_list>
<bind>
<opcode="sparsemux(1197) " fcode="sparsemux"/>
<opset="a_11/6 a_3/8 a/9 "/>
</bind>
</comp>

<comp id="1100" class="1004" name="grp_fu_1100">
<pin_list>
<pin id="1101" dir="0" index="0" bw="1" slack="0"/>
<pin id="1102" dir="0" index="1" bw="3" slack="0"/>
<pin id="1103" dir="0" index="2" bw="1" slack="0"/>
<pin id="1104" dir="0" index="3" bw="3" slack="0"/>
<pin id="1105" dir="0" index="4" bw="1" slack="0"/>
<pin id="1106" dir="0" index="5" bw="3" slack="0"/>
<pin id="1107" dir="0" index="6" bw="1" slack="0"/>
<pin id="1108" dir="0" index="7" bw="3" slack="0"/>
<pin id="1109" dir="0" index="8" bw="1" slack="0"/>
<pin id="1110" dir="0" index="9" bw="3" slack="0"/>
<pin id="1111" dir="0" index="10" bw="1" slack="0"/>
<pin id="1112" dir="0" index="11" bw="3" slack="0"/>
<pin id="1113" dir="0" index="12" bw="1" slack="0"/>
<pin id="1114" dir="0" index="13" bw="3" slack="0"/>
<pin id="1115" dir="0" index="14" bw="1" slack="0"/>
<pin id="1116" dir="0" index="15" bw="3" slack="0"/>
<pin id="1117" dir="0" index="16" bw="1" slack="0"/>
<pin id="1118" dir="0" index="17" bw="1" slack="0"/>
<pin id="1119" dir="0" index="18" bw="3" slack="4"/>
<pin id="1120" dir="1" index="19" bw="1" slack="0"/>
</pin_list>
<bind>
<opcode="sparsemux(1197) " fcode="sparsemux"/>
<opset="a_12/6 a_5/8 "/>
</bind>
</comp>

<comp id="1139" class="1004" name="grp_fu_1139">
<pin_list>
<pin id="1140" dir="0" index="0" bw="1" slack="0"/>
<pin id="1141" dir="0" index="1" bw="3" slack="0"/>
<pin id="1142" dir="0" index="2" bw="1" slack="0"/>
<pin id="1143" dir="0" index="3" bw="3" slack="0"/>
<pin id="1144" dir="0" index="4" bw="1" slack="0"/>
<pin id="1145" dir="0" index="5" bw="3" slack="0"/>
<pin id="1146" dir="0" index="6" bw="1" slack="0"/>
<pin id="1147" dir="0" index="7" bw="3" slack="0"/>
<pin id="1148" dir="0" index="8" bw="1" slack="0"/>
<pin id="1149" dir="0" index="9" bw="3" slack="0"/>
<pin id="1150" dir="0" index="10" bw="1" slack="0"/>
<pin id="1151" dir="0" index="11" bw="3" slack="0"/>
<pin id="1152" dir="0" index="12" bw="1" slack="0"/>
<pin id="1153" dir="0" index="13" bw="3" slack="0"/>
<pin id="1154" dir="0" index="14" bw="1" slack="0"/>
<pin id="1155" dir="0" index="15" bw="3" slack="0"/>
<pin id="1156" dir="0" index="16" bw="1" slack="0"/>
<pin id="1157" dir="0" index="17" bw="1" slack="0"/>
<pin id="1158" dir="0" index="18" bw="3" slack="5"/>
<pin id="1159" dir="1" index="19" bw="1" slack="0"/>
</pin_list>
<bind>
<opcode="sparsemux(1197) " fcode="sparsemux"/>
<opset="a_13/7 a_8/9 "/>
</bind>
</comp>

<comp id="1178" class="1004" name="store_ln0_store_fu_1178">
<pin_list>
<pin id="1179" dir="0" index="0" bw="1" slack="0"/>
<pin id="1180" dir="0" index="1" bw="13" slack="0"/>
<pin id="1181" dir="1" index="2" bw="0" slack="2147483647"/>
</pin_list>
<bind>
<opcode="store(28) " fcode="store"/>
<opset="store_ln0/1 "/>
</bind>
</comp>

<comp id="1183" class="1004" name="store_ln110_store_fu_1183">
<pin_list>
<pin id="1184" dir="0" index="0" bw="1" slack="0"/>
<pin id="1185" dir="0" index="1" bw="4" slack="0"/>
<pin id="1186" dir="1" index="2" bw="0" slack="2147483647"/>
</pin_list>
<bind>
<opcode="store(28) " fcode="store"/>
<opset="store_ln110/1 "/>
</bind>
</comp>

<comp id="1188" class="1004" name="store_ln0_store_fu_1188">
<pin_list>
<pin id="1189" dir="0" index="0" bw="1" slack="0"/>
<pin id="1190" dir="0" index="1" bw="11" slack="0"/>
<pin id="1191" dir="1" index="2" bw="0" slack="2147483647"/>
</pin_list>
<bind>
<opcode="store(28) " fcode="store"/>
<opset="store_ln0/1 "/>
</bind>
</comp>

<comp id="1193" class="1004" name="store_ln111_store_fu_1193">
<pin_list>
<pin id="1194" dir="0" index="0" bw="1" slack="0"/>
<pin id="1195" dir="0" index="1" bw="4" slack="0"/>
<pin id="1196" dir="1" index="2" bw="0" slack="2147483647"/>
</pin_list>
<bind>
<opcode="store(28) " fcode="store"/>
<opset="store_ln111/1 "/>
</bind>
</comp>

<comp id="1198" class="1004" name="store_ln113_store_fu_1198">
<pin_list>
<pin id="1199" dir="0" index="0" bw="1" slack="0"/>
<pin id="1200" dir="0" index="1" bw="7" slack="0"/>
<pin id="1201" dir="1" index="2" bw="0" slack="2147483647"/>
</pin_list>
<bind>
<opcode="store(28) " fcode="store"/>
<opset="store_ln113/1 "/>
</bind>
</comp>

<comp id="1203" class="1004" name="store_ln112_store_fu_1203">
<pin_list>
<pin id="1204" dir="0" index="0" bw="1" slack="0"/>
<pin id="1205" dir="0" index="1" bw="32" slack="0"/>
<pin id="1206" dir="1" index="2" bw="0" slack="2147483647"/>
</pin_list>
<bind>
<opcode="store(28) " fcode="store"/>
<opset="store_ln112/1 "/>
</bind>
</comp>

<comp id="1208" class="1004" name="indvar_flatten43_load_load_fu_1208">
<pin_list>
<pin id="1209" dir="0" index="0" bw="11" slack="1"/>
<pin id="1210" dir="1" index="1" bw="11" slack="0"/>
</pin_list>
<bind>
<opcode="load(27) " fcode="load"/>
<opset="indvar_flatten43_load/2 "/>
</bind>
</comp>

<comp id="1211" class="1004" name="indvar_flatten59_load_load_fu_1211">
<pin_list>
<pin id="1212" dir="0" index="0" bw="13" slack="1"/>
<pin id="1213" dir="1" index="1" bw="13" slack="0"/>
</pin_list>
<bind>
<opcode="load(27) " fcode="load"/>
<opset="indvar_flatten59_load/2 "/>
</bind>
</comp>

<comp id="1214" class="1004" name="icmp_ln110_fu_1214">
<pin_list>
<pin id="1215" dir="0" index="0" bw="13" slack="0"/>
<pin id="1216" dir="0" index="1" bw="13" slack="0"/>
<pin id="1217" dir="1" index="2" bw="1" slack="1"/>
</pin_list>
<bind>
<opcode="icmp(45) " fcode="icmp"/>
<opset="icmp_ln110/2 "/>
</bind>
</comp>

<comp id="1220" class="1004" name="add_ln110_fu_1220">
<pin_list>
<pin id="1221" dir="0" index="0" bw="13" slack="0"/>
<pin id="1222" dir="0" index="1" bw="1" slack="0"/>
<pin id="1223" dir="1" index="2" bw="13" slack="0"/>
</pin_list>
<bind>
<opcode="add(8) " fcode="add"/>
<opset="add_ln110/2 "/>
</bind>
</comp>

<comp id="1226" class="1004" name="ci_load_load_fu_1226">
<pin_list>
<pin id="1227" dir="0" index="0" bw="7" slack="1"/>
<pin id="1228" dir="1" index="1" bw="7" slack="0"/>
</pin_list>
<bind>
<opcode="load(27) " fcode="load"/>
<opset="ci_load/2 "/>
</bind>
</comp>

<comp id="1229" class="1004" name="ow_load_load_fu_1229">
<pin_list>
<pin id="1230" dir="0" index="0" bw="4" slack="1"/>
<pin id="1231" dir="1" index="1" bw="4" slack="0"/>
</pin_list>
<bind>
<opcode="load(27) " fcode="load"/>
<opset="ow_load/2 "/>
</bind>
</comp>

<comp id="1232" class="1004" name="oh_load_load_fu_1232">
<pin_list>
<pin id="1233" dir="0" index="0" bw="4" slack="1"/>
<pin id="1234" dir="1" index="1" bw="4" slack="0"/>
</pin_list>
<bind>
<opcode="load(27) " fcode="load"/>
<opset="oh_load/2 "/>
</bind>
</comp>

<comp id="1235" class="1004" name="icmp_ln111_fu_1235">
<pin_list>
<pin id="1236" dir="0" index="0" bw="11" slack="0"/>
<pin id="1237" dir="0" index="1" bw="11" slack="0"/>
<pin id="1238" dir="1" index="2" bw="1" slack="0"/>
</pin_list>
<bind>
<opcode="icmp(45) " fcode="icmp"/>
<opset="icmp_ln111/2 "/>
</bind>
</comp>

<comp id="1241" class="1004" name="select_ln110_fu_1241">
<pin_list>
<pin id="1242" dir="0" index="0" bw="1" slack="0"/>
<pin id="1243" dir="0" index="1" bw="1" slack="0"/>
<pin id="1244" dir="0" index="2" bw="4" slack="0"/>
<pin id="1245" dir="1" index="3" bw="4" slack="0"/>
</pin_list>
<bind>
<opcode="select(49) " fcode="select"/>
<opset="select_ln110/2 "/>
</bind>
</comp>

<comp id="1249" class="1004" name="add_ln117_fu_1249">
<pin_list>
<pin id="1250" dir="0" index="0" bw="4" slack="0"/>
<pin id="1251" dir="0" index="1" bw="3" slack="0"/>
<pin id="1252" dir="1" index="2" bw="4" slack="0"/>
</pin_list>
<bind>
<opcode="add(8) " fcode="add"/>
<opset="add_ln117/2 "/>
</bind>
</comp>

<comp id="1255" class="1004" name="add_ln117_2_fu_1255">
<pin_list>
<pin id="1256" dir="0" index="0" bw="4" slack="0"/>
<pin id="1257" dir="0" index="1" bw="1" slack="0"/>
<pin id="1258" dir="1" index="2" bw="4" slack="0"/>
</pin_list>
<bind>
<opcode="add(8) " fcode="add"/>
<opset="add_ln117_2/2 "/>
</bind>
</comp>

<comp id="1261" class="1004" name="select_ln110_1_fu_1261">
<pin_list>
<pin id="1262" dir="0" index="0" bw="1" slack="0"/>
<pin id="1263" dir="0" index="1" bw="4" slack="0"/>
<pin id="1264" dir="0" index="2" bw="4" slack="0"/>
<pin id="1265" dir="1" index="3" bw="4" slack="0"/>
</pin_list>
<bind>
<opcode="select(49) " fcode="select"/>
<opset="select_ln110_1/2 "/>
</bind>
</comp>

<comp id="1269" class="1004" name="add_ln117_3_fu_1269">
<pin_list>
<pin id="1270" dir="0" index="0" bw="4" slack="0"/>
<pin id="1271" dir="0" index="1" bw="1" slack="0"/>
<pin id="1272" dir="1" index="2" bw="4" slack="0"/>
</pin_list>
<bind>
<opcode="add(8) " fcode="add"/>
<opset="add_ln117_3/2 "/>
</bind>
</comp>

<comp id="1275" class="1004" name="select_ln110_2_fu_1275">
<pin_list>
<pin id="1276" dir="0" index="0" bw="1" slack="0"/>
<pin id="1277" dir="0" index="1" bw="1" slack="0"/>
<pin id="1278" dir="0" index="2" bw="4" slack="0"/>
<pin id="1279" dir="1" index="3" bw="4" slack="0"/>
</pin_list>
<bind>
<opcode="select(49) " fcode="select"/>
<opset="select_ln110_2/2 "/>
</bind>
</comp>

<comp id="1283" class="1004" name="xor_ln110_fu_1283">
<pin_list>
<pin id="1284" dir="0" index="0" bw="1" slack="0"/>
<pin id="1285" dir="0" index="1" bw="1" slack="0"/>
<pin id="1286" dir="1" index="2" bw="1" slack="0"/>
</pin_list>
<bind>
<opcode="xor(25) " fcode="xor"/>
<opset="xor_ln110/2 "/>
</bind>
</comp>

<comp id="1289" class="1004" name="icmp_ln113_fu_1289">
<pin_list>
<pin id="1290" dir="0" index="0" bw="7" slack="0"/>
<pin id="1291" dir="0" index="1" bw="7" slack="0"/>
<pin id="1292" dir="1" index="2" bw="1" slack="0"/>
</pin_list>
<bind>
<opcode="icmp(45) " fcode="icmp"/>
<opset="icmp_ln113/2 "/>
</bind>
</comp>

<comp id="1295" class="1004" name="and_ln110_fu_1295">
<pin_list>
<pin id="1296" dir="0" index="0" bw="1" slack="0"/>
<pin id="1297" dir="0" index="1" bw="1" slack="0"/>
<pin id="1298" dir="1" index="2" bw="1" slack="0"/>
</pin_list>
<bind>
<opcode="and(23) " fcode="and"/>
<opset="and_ln110/2 "/>
</bind>
</comp>

<comp id="1301" class="1004" name="select_ln110_3_fu_1301">
<pin_list>
<pin id="1302" dir="0" index="0" bw="1" slack="0"/>
<pin id="1303" dir="0" index="1" bw="4" slack="0"/>
<pin id="1304" dir="0" index="2" bw="4" slack="0"/>
<pin id="1305" dir="1" index="3" bw="4" slack="0"/>
</pin_list>
<bind>
<opcode="select(49) " fcode="select"/>
<opset="select_ln110_3/2 "/>
</bind>
</comp>

<comp id="1309" class="1004" name="add_ln117_4_fu_1309">
<pin_list>
<pin id="1310" dir="0" index="0" bw="4" slack="0"/>
<pin id="1311" dir="0" index="1" bw="1" slack="0"/>
<pin id="1312" dir="1" index="2" bw="4" slack="0"/>
</pin_list>
<bind>
<opcode="add(8) " fcode="add"/>
<opset="add_ln117_4/2 "/>
</bind>
</comp>

<comp id="1315" class="1004" name="empty_fu_1315">
<pin_list>
<pin id="1316" dir="0" index="0" bw="1" slack="0"/>
<pin id="1317" dir="0" index="1" bw="1" slack="0"/>
<pin id="1318" dir="1" index="2" bw="1" slack="0"/>
</pin_list>
<bind>
<opcode="or(24) " fcode="or"/>
<opset="empty/2 "/>
</bind>
</comp>

<comp id="1321" class="1004" name="ci_1_mid2_fu_1321">
<pin_list>
<pin id="1322" dir="0" index="0" bw="1" slack="0"/>
<pin id="1323" dir="0" index="1" bw="1" slack="0"/>
<pin id="1324" dir="0" index="2" bw="7" slack="0"/>
<pin id="1325" dir="1" index="3" bw="7" slack="0"/>
</pin_list>
<bind>
<opcode="select(49) " fcode="select"/>
<opset="ci_1_mid2/2 "/>
</bind>
</comp>

<comp id="1329" class="1004" name="add_ln117_5_fu_1329">
<pin_list>
<pin id="1330" dir="0" index="0" bw="4" slack="0"/>
<pin id="1331" dir="0" index="1" bw="3" slack="0"/>
<pin id="1332" dir="1" index="2" bw="4" slack="0"/>
</pin_list>
<bind>
<opcode="add(8) " fcode="add"/>
<opset="add_ln117_5/2 "/>
</bind>
</comp>

<comp id="1335" class="1004" name="add_ln117_2_mid2_fu_1335">
<pin_list>
<pin id="1336" dir="0" index="0" bw="1" slack="0"/>
<pin id="1337" dir="0" index="1" bw="4" slack="0"/>
<pin id="1338" dir="0" index="2" bw="4" slack="0"/>
<pin id="1339" dir="1" index="3" bw="4" slack="0"/>
</pin_list>
<bind>
<opcode="select(49) " fcode="select"/>
<opset="add_ln117_2_mid2/2 "/>
</bind>
</comp>

<comp id="1343" class="1004" name="select_ln111_fu_1343">
<pin_list>
<pin id="1344" dir="0" index="0" bw="1" slack="0"/>
<pin id="1345" dir="0" index="1" bw="4" slack="0"/>
<pin id="1346" dir="0" index="2" bw="4" slack="0"/>
<pin id="1347" dir="1" index="3" bw="4" slack="0"/>
</pin_list>
<bind>
<opcode="select(49) " fcode="select"/>
<opset="select_ln111/2 "/>
</bind>
</comp>

<comp id="1351" class="1004" name="zext_ln118_fu_1351">
<pin_list>
<pin id="1352" dir="0" index="0" bw="4" slack="0"/>
<pin id="1353" dir="1" index="1" bw="6" slack="0"/>
</pin_list>
<bind>
<opcode="zext(34) " fcode="zext"/>
<opset="zext_ln118/2 "/>
</bind>
</comp>

<comp id="1355" class="1004" name="zext_ln125_fu_1355">
<pin_list>
<pin id="1356" dir="0" index="0" bw="4" slack="0"/>
<pin id="1357" dir="1" index="1" bw="5" slack="0"/>
</pin_list>
<bind>
<opcode="zext(34) " fcode="zext"/>
<opset="zext_ln125/2 "/>
</bind>
</comp>

<comp id="1359" class="1004" name="trunc_ln125_fu_1359">
<pin_list>
<pin id="1360" dir="0" index="0" bw="4" slack="0"/>
<pin id="1361" dir="1" index="1" bw="3" slack="0"/>
</pin_list>
<bind>
<opcode="trunc(33) " fcode="trunc"/>
<opset="trunc_ln125/2 "/>
</bind>
</comp>

<comp id="1363" class="1004" name="p_shl1_fu_1363">
<pin_list>
<pin id="1364" dir="0" index="0" bw="5" slack="0"/>
<pin id="1365" dir="0" index="1" bw="3" slack="0"/>
<pin id="1366" dir="0" index="2" bw="1" slack="0"/>
<pin id="1367" dir="1" index="3" bw="5" slack="0"/>
</pin_list>
<bind>
<opcode="bitconcatenate(1004) " fcode="bitconcatenate"/>
<opset="p_shl1/2 "/>
</bind>
</comp>

<comp id="1371" class="1004" name="sub_ln125_fu_1371">
<pin_list>
<pin id="1372" dir="0" index="0" bw="5" slack="0"/>
<pin id="1373" dir="0" index="1" bw="4" slack="0"/>
<pin id="1374" dir="1" index="2" bw="5" slack="0"/>
</pin_list>
<bind>
<opcode="sub(10) " fcode="sub"/>
<opset="sub_ln125/2 "/>
</bind>
</comp>

<comp id="1377" class="1004" name="tmp_55_fu_1377">
<pin_list>
<pin id="1378" dir="0" index="0" bw="1" slack="0"/>
<pin id="1379" dir="0" index="1" bw="4" slack="0"/>
<pin id="1380" dir="0" index="2" bw="3" slack="0"/>
<pin id="1381" dir="1" index="3" bw="1" slack="3"/>
</pin_list>
<bind>
<opcode="bitselect(1000) " fcode="bitselect"/>
<opset="tmp_55/2 "/>
</bind>
</comp>

<comp id="1385" class="1004" name="p_shl2_fu_1385">
<pin_list>
<pin id="1386" dir="0" index="0" bw="6" slack="0"/>
<pin id="1387" dir="0" index="1" bw="4" slack="0"/>
<pin id="1388" dir="0" index="2" bw="1" slack="0"/>
<pin id="1389" dir="1" index="3" bw="6" slack="0"/>
</pin_list>
<bind>
<opcode="bitconcatenate(1004) " fcode="bitconcatenate"/>
<opset="p_shl2/2 "/>
</bind>
</comp>

<comp id="1393" class="1004" name="add_ln118_1_fu_1393">
<pin_list>
<pin id="1394" dir="0" index="0" bw="6" slack="0"/>
<pin id="1395" dir="0" index="1" bw="4" slack="0"/>
<pin id="1396" dir="1" index="2" bw="6" slack="0"/>
</pin_list>
<bind>
<opcode="add(8) " fcode="add"/>
<opset="add_ln118_1/2 "/>
</bind>
</comp>

<comp id="1399" class="1004" name="zext_ln111_1_fu_1399">
<pin_list>
<pin id="1400" dir="0" index="0" bw="4" slack="0"/>
<pin id="1401" dir="1" index="1" bw="5" slack="0"/>
</pin_list>
<bind>
<opcode="zext(34) " fcode="zext"/>
<opset="zext_ln111_1/2 "/>
</bind>
</comp>

<comp id="1403" class="1004" name="trunc_ln111_fu_1403">
<pin_list>
<pin id="1404" dir="0" index="0" bw="4" slack="0"/>
<pin id="1405" dir="1" index="1" bw="3" slack="2"/>
</pin_list>
<bind>
<opcode="trunc(33) " fcode="trunc"/>
<opset="trunc_ln111/2 "/>
</bind>
</comp>

<comp id="1407" class="1004" name="tmp_60_fu_1407">
<pin_list>
<pin id="1408" dir="0" index="0" bw="1" slack="0"/>
<pin id="1409" dir="0" index="1" bw="4" slack="0"/>
<pin id="1410" dir="0" index="2" bw="3" slack="0"/>
<pin id="1411" dir="1" index="3" bw="1" slack="2"/>
</pin_list>
<bind>
<opcode="bitselect(1000) " fcode="bitselect"/>
<opset="tmp_60/2 "/>
</bind>
</comp>

<comp id="1415" class="1004" name="zext_ln113_1_fu_1415">
<pin_list>
<pin id="1416" dir="0" index="0" bw="7" slack="0"/>
<pin id="1417" dir="1" index="1" bw="11" slack="0"/>
</pin_list>
<bind>
<opcode="zext(34) " fcode="zext"/>
<opset="zext_ln113_1/2 "/>
</bind>
</comp>

<comp id="1419" class="1004" name="trunc_ln119_fu_1419">
<pin_list>
<pin id="1420" dir="0" index="0" bw="7" slack="0"/>
<pin id="1421" dir="1" index="1" bw="6" slack="2"/>
</pin_list>
<bind>
<opcode="trunc(33) " fcode="trunc"/>
<opset="trunc_ln119/2 "/>
</bind>
</comp>

<comp id="1423" class="1004" name="tmp_64_fu_1423">
<pin_list>
<pin id="1424" dir="0" index="0" bw="10" slack="0"/>
<pin id="1425" dir="0" index="1" bw="7" slack="0"/>
<pin id="1426" dir="0" index="2" bw="1" slack="0"/>
<pin id="1427" dir="1" index="3" bw="10" slack="0"/>
</pin_list>
<bind>
<opcode="bitconcatenate(1004) " fcode="bitconcatenate"/>
<opset="tmp_64/2 "/>
</bind>
</comp>

<comp id="1431" class="1004" name="zext_ln120_19_fu_1431">
<pin_list>
<pin id="1432" dir="0" index="0" bw="10" slack="0"/>
<pin id="1433" dir="1" index="1" bw="11" slack="0"/>
</pin_list>
<bind>
<opcode="zext(34) " fcode="zext"/>
<opset="zext_ln120_19/2 "/>
</bind>
</comp>

<comp id="1435" class="1004" name="add_ln120_17_fu_1435">
<pin_list>
<pin id="1436" dir="0" index="0" bw="10" slack="0"/>
<pin id="1437" dir="0" index="1" bw="7" slack="0"/>
<pin id="1438" dir="1" index="2" bw="11" slack="0"/>
</pin_list>
<bind>
<opcode="add(8) " fcode="add"/>
<opset="add_ln120_17/2 "/>
</bind>
</comp>

<comp id="1441" class="1004" name="zext_ln120_9_fu_1441">
<pin_list>
<pin id="1442" dir="0" index="0" bw="11" slack="0"/>
<pin id="1443" dir="1" index="1" bw="16" slack="0"/>
</pin_list>
<bind>
<opcode="zext(34) " fcode="zext"/>
<opset="zext_ln120_9/2 "/>
</bind>
</comp>

<comp id="1445" class="1004" name="add_ln120_fu_1445">
<pin_list>
<pin id="1446" dir="0" index="0" bw="11" slack="0"/>
<pin id="1447" dir="0" index="1" bw="16" slack="1"/>
<pin id="1448" dir="1" index="2" bw="16" slack="0"/>
</pin_list>
<bind>
<opcode="add(8) " fcode="add"/>
<opset="add_ln120/2 "/>
</bind>
</comp>

<comp id="1450" class="1004" name="trunc_ln120_fu_1450">
<pin_list>
<pin id="1451" dir="0" index="0" bw="11" slack="0"/>
<pin id="1452" dir="1" index="1" bw="5" slack="1"/>
</pin_list>
<bind>
<opcode="trunc(33) " fcode="trunc"/>
<opset="trunc_ln120/2 "/>
</bind>
</comp>

<comp id="1454" class="1004" name="lshr_ln6_fu_1454">
<pin_list>
<pin id="1455" dir="0" index="0" bw="10" slack="0"/>
<pin id="1456" dir="0" index="1" bw="16" slack="0"/>
<pin id="1457" dir="0" index="2" bw="4" slack="0"/>
<pin id="1458" dir="0" index="3" bw="5" slack="0"/>
<pin id="1459" dir="1" index="4" bw="10" slack="0"/>
</pin_list>
<bind>
<opcode="partselect(1002) " fcode="partselect"/>
<opset="lshr_ln6/2 "/>
</bind>
</comp>

<comp id="1464" class="1004" name="zext_ln120_fu_1464">
<pin_list>
<pin id="1465" dir="0" index="0" bw="10" slack="0"/>
<pin id="1466" dir="1" index="1" bw="64" slack="0"/>
</pin_list>
<bind>
<opcode="zext(34) " fcode="zext"/>
<opset="zext_ln120/2 "/>
</bind>
</comp>

<comp id="1470" class="1004" name="tmp_65_fu_1470">
<pin_list>
<pin id="1471" dir="0" index="0" bw="1" slack="0"/>
<pin id="1472" dir="0" index="1" bw="16" slack="0"/>
<pin id="1473" dir="0" index="2" bw="4" slack="0"/>
<pin id="1474" dir="1" index="3" bw="1" slack="1"/>
</pin_list>
<bind>
<opcode="bitselect(1000) " fcode="bitselect"/>
<opset="tmp_65/2 "/>
</bind>
</comp>

<comp id="1478" class="1004" name="add_ln120_1_fu_1478">
<pin_list>
<pin id="1479" dir="0" index="0" bw="16" slack="0"/>
<pin id="1480" dir="0" index="1" bw="1" slack="0"/>
<pin id="1481" dir="1" index="2" bw="16" slack="0"/>
</pin_list>
<bind>
<opcode="add(8) " fcode="add"/>
<opset="add_ln120_1/2 "/>
</bind>
</comp>

<comp id="1484" class="1004" name="lshr_ln120_2_fu_1484">
<pin_list>
<pin id="1485" dir="0" index="0" bw="10" slack="0"/>
<pin id="1486" dir="0" index="1" bw="16" slack="0"/>
<pin id="1487" dir="0" index="2" bw="4" slack="0"/>
<pin id="1488" dir="0" index="3" bw="5" slack="0"/>
<pin id="1489" dir="1" index="4" bw="10" slack="0"/>
</pin_list>
<bind>
<opcode="partselect(1002) " fcode="partselect"/>
<opset="lshr_ln120_2/2 "/>
</bind>
</comp>

<comp id="1494" class="1004" name="zext_ln120_1_fu_1494">
<pin_list>
<pin id="1495" dir="0" index="0" bw="10" slack="0"/>
<pin id="1496" dir="1" index="1" bw="64" slack="0"/>
</pin_list>
<bind>
<opcode="zext(34) " fcode="zext"/>
<opset="zext_ln120_1/2 "/>
</bind>
</comp>

<comp id="1500" class="1004" name="tmp_66_fu_1500">
<pin_list>
<pin id="1501" dir="0" index="0" bw="1" slack="0"/>
<pin id="1502" dir="0" index="1" bw="16" slack="0"/>
<pin id="1503" dir="0" index="2" bw="4" slack="0"/>
<pin id="1504" dir="1" index="3" bw="1" slack="1"/>
</pin_list>
<bind>
<opcode="bitselect(1000) " fcode="bitselect"/>
<opset="tmp_66/2 "/>
</bind>
</comp>

<comp id="1508" class="1004" name="add_ln113_fu_1508">
<pin_list>
<pin id="1509" dir="0" index="0" bw="7" slack="0"/>
<pin id="1510" dir="0" index="1" bw="1" slack="0"/>
<pin id="1511" dir="1" index="2" bw="7" slack="0"/>
</pin_list>
<bind>
<opcode="add(8) " fcode="add"/>
<opset="add_ln113/2 "/>
</bind>
</comp>

<comp id="1514" class="1004" name="icmp_ln113_1_fu_1514">
<pin_list>
<pin id="1515" dir="0" index="0" bw="7" slack="0"/>
<pin id="1516" dir="0" index="1" bw="7" slack="0"/>
<pin id="1517" dir="1" index="2" bw="1" slack="8"/>
</pin_list>
<bind>
<opcode="icmp(45) " fcode="icmp"/>
<opset="icmp_ln113_1/2 "/>
</bind>
</comp>

<comp id="1520" class="1004" name="add_ln125_fu_1520">
<pin_list>
<pin id="1521" dir="0" index="0" bw="4" slack="0"/>
<pin id="1522" dir="0" index="1" bw="5" slack="0"/>
<pin id="1523" dir="1" index="2" bw="5" slack="0"/>
</pin_list>
<bind>
<opcode="add(8) " fcode="add"/>
<opset="add_ln125/2 "/>
</bind>
</comp>

<comp id="1526" class="1004" name="zext_ln125_1_fu_1526">
<pin_list>
<pin id="1527" dir="0" index="0" bw="5" slack="0"/>
<pin id="1528" dir="1" index="1" bw="6" slack="0"/>
</pin_list>
<bind>
<opcode="zext(34) " fcode="zext"/>
<opset="zext_ln125_1/2 "/>
</bind>
</comp>

<comp id="1530" class="1004" name="add_ln125_1_fu_1530">
<pin_list>
<pin id="1531" dir="0" index="0" bw="5" slack="0"/>
<pin id="1532" dir="0" index="1" bw="6" slack="0"/>
<pin id="1533" dir="1" index="2" bw="6" slack="0"/>
</pin_list>
<bind>
<opcode="add(8) " fcode="add"/>
<opset="add_ln125_1/2 "/>
</bind>
</comp>

<comp id="1536" class="1004" name="zext_ln125_3_fu_1536">
<pin_list>
<pin id="1537" dir="0" index="0" bw="6" slack="0"/>
<pin id="1538" dir="1" index="1" bw="13" slack="0"/>
</pin_list>
<bind>
<opcode="zext(34) " fcode="zext"/>
<opset="zext_ln125_3/2 "/>
</bind>
</comp>

<comp id="1540" class="1004" name="mul_ln125_fu_1540">
<pin_list>
<pin id="1541" dir="0" index="0" bw="6" slack="0"/>
<pin id="1542" dir="0" index="1" bw="8" slack="0"/>
<pin id="1543" dir="1" index="2" bw="13" slack="0"/>
</pin_list>
<bind>
<opcode="mul(12) " fcode="mul"/>
<opset="mul_ln125/2 "/>
</bind>
</comp>

<comp id="1546" class="1004" name="tmp_74_fu_1546">
<pin_list>
<pin id="1547" dir="0" index="0" bw="4" slack="0"/>
<pin id="1548" dir="0" index="1" bw="13" slack="0"/>
<pin id="1549" dir="0" index="2" bw="5" slack="0"/>
<pin id="1550" dir="0" index="3" bw="5" slack="0"/>
<pin id="1551" dir="1" index="4" bw="4" slack="8"/>
</pin_list>
<bind>
<opcode="partselect(1002) " fcode="partselect"/>
<opset="tmp_74/2 "/>
</bind>
</comp>

<comp id="1556" class="1004" name="grp_fu_1556">
<pin_list>
<pin id="1557" dir="0" index="0" bw="5" slack="0"/>
<pin id="1558" dir="0" index="1" bw="4" slack="0"/>
<pin id="1559" dir="1" index="2" bw="3" slack="0"/>
</pin_list>
<bind>
<opcode="urem(17) " fcode="urem"/>
<opset="urem_ln125/2 "/>
</bind>
</comp>

<comp id="1562" class="1004" name="add_ln111_fu_1562">
<pin_list>
<pin id="1563" dir="0" index="0" bw="11" slack="0"/>
<pin id="1564" dir="0" index="1" bw="1" slack="0"/>
<pin id="1565" dir="1" index="2" bw="11" slack="0"/>
</pin_list>
<bind>
<opcode="add(8) " fcode="add"/>
<opset="add_ln111/2 "/>
</bind>
</comp>

<comp id="1568" class="1004" name="select_ln111_1_fu_1568">
<pin_list>
<pin id="1569" dir="0" index="0" bw="1" slack="0"/>
<pin id="1570" dir="0" index="1" bw="1" slack="0"/>
<pin id="1571" dir="0" index="2" bw="11" slack="0"/>
<pin id="1572" dir="1" index="3" bw="11" slack="0"/>
</pin_list>
<bind>
<opcode="select(49) " fcode="select"/>
<opset="select_ln111_1/2 "/>
</bind>
</comp>

<comp id="1576" class="1004" name="store_ln110_store_fu_1576">
<pin_list>
<pin id="1577" dir="0" index="0" bw="13" slack="0"/>
<pin id="1578" dir="0" index="1" bw="13" slack="1"/>
<pin id="1579" dir="1" index="2" bw="0" slack="2147483647"/>
</pin_list>
<bind>
<opcode="store(28) " fcode="store"/>
<opset="store_ln110/2 "/>
</bind>
</comp>

<comp id="1581" class="1004" name="store_ln111_store_fu_1581">
<pin_list>
<pin id="1582" dir="0" index="0" bw="11" slack="0"/>
<pin id="1583" dir="0" index="1" bw="11" slack="1"/>
<pin id="1584" dir="1" index="2" bw="0" slack="2147483647"/>
</pin_list>
<bind>
<opcode="store(28) " fcode="store"/>
<opset="store_ln111/2 "/>
</bind>
</comp>

<comp id="1586" class="1004" name="store_ln113_store_fu_1586">
<pin_list>
<pin id="1587" dir="0" index="0" bw="7" slack="0"/>
<pin id="1588" dir="0" index="1" bw="7" slack="1"/>
<pin id="1589" dir="1" index="2" bw="0" slack="2147483647"/>
</pin_list>
<bind>
<opcode="store(28) " fcode="store"/>
<opset="store_ln113/2 "/>
</bind>
</comp>

<comp id="1591" class="1004" name="select_ln120_fu_1591">
<pin_list>
<pin id="1592" dir="0" index="0" bw="1" slack="1"/>
<pin id="1593" dir="0" index="1" bw="32" slack="0"/>
<pin id="1594" dir="0" index="2" bw="32" slack="0"/>
<pin id="1595" dir="1" index="3" bw="32" slack="0"/>
</pin_list>
<bind>
<opcode="select(49) " fcode="select"/>
<opset="select_ln120/3 "/>
</bind>
</comp>

<comp id="1598" class="1004" name="zext_ln120_10_fu_1598">
<pin_list>
<pin id="1599" dir="0" index="0" bw="5" slack="1"/>
<pin id="1600" dir="1" index="1" bw="32" slack="0"/>
</pin_list>
<bind>
<opcode="zext(34) " fcode="zext"/>
<opset="zext_ln120_10/3 "/>
</bind>
</comp>

<comp id="1601" class="1004" name="lshr_ln120_fu_1601">
<pin_list>
<pin id="1602" dir="0" index="0" bw="32" slack="0"/>
<pin id="1603" dir="0" index="1" bw="5" slack="0"/>
<pin id="1604" dir="1" index="2" bw="32" slack="5"/>
</pin_list>
<bind>
<opcode="lshr(21) " fcode="lshr"/>
<opset="lshr_ln120/3 "/>
</bind>
</comp>

<comp id="1607" class="1004" name="select_ln120_1_fu_1607">
<pin_list>
<pin id="1608" dir="0" index="0" bw="1" slack="1"/>
<pin id="1609" dir="0" index="1" bw="32" slack="0"/>
<pin id="1610" dir="0" index="2" bw="32" slack="0"/>
<pin id="1611" dir="1" index="3" bw="32" slack="0"/>
</pin_list>
<bind>
<opcode="select(49) " fcode="select"/>
<opset="select_ln120_1/3 "/>
</bind>
</comp>

<comp id="1614" class="1004" name="add_ln120_2_fu_1614">
<pin_list>
<pin id="1615" dir="0" index="0" bw="5" slack="1"/>
<pin id="1616" dir="0" index="1" bw="1" slack="0"/>
<pin id="1617" dir="1" index="2" bw="5" slack="0"/>
</pin_list>
<bind>
<opcode="add(8) " fcode="add"/>
<opset="add_ln120_2/3 "/>
</bind>
</comp>

<comp id="1619" class="1004" name="zext_ln120_11_fu_1619">
<pin_list>
<pin id="1620" dir="0" index="0" bw="5" slack="0"/>
<pin id="1621" dir="1" index="1" bw="32" slack="0"/>
</pin_list>
<bind>
<opcode="zext(34) " fcode="zext"/>
<opset="zext_ln120_11/3 "/>
</bind>
</comp>

<comp id="1623" class="1004" name="lshr_ln120_1_fu_1623">
<pin_list>
<pin id="1624" dir="0" index="0" bw="32" slack="0"/>
<pin id="1625" dir="0" index="1" bw="5" slack="0"/>
<pin id="1626" dir="1" index="2" bw="32" slack="5"/>
</pin_list>
<bind>
<opcode="lshr(21) " fcode="lshr"/>
<opset="lshr_ln120_1/3 "/>
</bind>
</comp>

<comp id="1629" class="1004" name="add_ln120_3_fu_1629">
<pin_list>
<pin id="1630" dir="0" index="0" bw="16" slack="1"/>
<pin id="1631" dir="0" index="1" bw="3" slack="0"/>
<pin id="1632" dir="1" index="2" bw="16" slack="0"/>
</pin_list>
<bind>
<opcode="add(8) " fcode="add"/>
<opset="add_ln120_3/3 "/>
</bind>
</comp>

<comp id="1634" class="1004" name="lshr_ln120_4_fu_1634">
<pin_list>
<pin id="1635" dir="0" index="0" bw="10" slack="0"/>
<pin id="1636" dir="0" index="1" bw="16" slack="0"/>
<pin id="1637" dir="0" index="2" bw="4" slack="0"/>
<pin id="1638" dir="0" index="3" bw="5" slack="0"/>
<pin id="1639" dir="1" index="4" bw="10" slack="0"/>
</pin_list>
<bind>
<opcode="partselect(1002) " fcode="partselect"/>
<opset="lshr_ln120_4/3 "/>
</bind>
</comp>

<comp id="1644" class="1004" name="zext_ln120_2_fu_1644">
<pin_list>
<pin id="1645" dir="0" index="0" bw="10" slack="0"/>
<pin id="1646" dir="1" index="1" bw="64" slack="0"/>
</pin_list>
<bind>
<opcode="zext(34) " fcode="zext"/>
<opset="zext_ln120_2/3 "/>
</bind>
</comp>

<comp id="1650" class="1004" name="tmp_67_fu_1650">
<pin_list>
<pin id="1651" dir="0" index="0" bw="1" slack="0"/>
<pin id="1652" dir="0" index="1" bw="16" slack="0"/>
<pin id="1653" dir="0" index="2" bw="4" slack="0"/>
<pin id="1654" dir="1" index="3" bw="1" slack="1"/>
</pin_list>
<bind>
<opcode="bitselect(1000) " fcode="bitselect"/>
<opset="tmp_67/3 "/>
</bind>
</comp>

<comp id="1658" class="1004" name="add_ln120_5_fu_1658">
<pin_list>
<pin id="1659" dir="0" index="0" bw="16" slack="1"/>
<pin id="1660" dir="0" index="1" bw="3" slack="0"/>
<pin id="1661" dir="1" index="2" bw="16" slack="0"/>
</pin_list>
<bind>
<opcode="add(8) " fcode="add"/>
<opset="add_ln120_5/3 "/>
</bind>
</comp>

<comp id="1663" class="1004" name="lshr_ln120_6_fu_1663">
<pin_list>
<pin id="1664" dir="0" index="0" bw="10" slack="0"/>
<pin id="1665" dir="0" index="1" bw="16" slack="0"/>
<pin id="1666" dir="0" index="2" bw="4" slack="0"/>
<pin id="1667" dir="0" index="3" bw="5" slack="0"/>
<pin id="1668" dir="1" index="4" bw="10" slack="0"/>
</pin_list>
<bind>
<opcode="partselect(1002) " fcode="partselect"/>
<opset="lshr_ln120_6/3 "/>
</bind>
</comp>

<comp id="1673" class="1004" name="zext_ln120_3_fu_1673">
<pin_list>
<pin id="1674" dir="0" index="0" bw="10" slack="0"/>
<pin id="1675" dir="1" index="1" bw="64" slack="0"/>
</pin_list>
<bind>
<opcode="zext(34) " fcode="zext"/>
<opset="zext_ln120_3/3 "/>
</bind>
</comp>

<comp id="1679" class="1004" name="tmp_68_fu_1679">
<pin_list>
<pin id="1680" dir="0" index="0" bw="1" slack="0"/>
<pin id="1681" dir="0" index="1" bw="16" slack="0"/>
<pin id="1682" dir="0" index="2" bw="4" slack="0"/>
<pin id="1683" dir="1" index="3" bw="1" slack="1"/>
</pin_list>
<bind>
<opcode="bitselect(1000) " fcode="bitselect"/>
<opset="tmp_68/3 "/>
</bind>
</comp>

<comp id="1687" class="1004" name="zext_ln110_fu_1687">
<pin_list>
<pin id="1688" dir="0" index="0" bw="4" slack="2"/>
<pin id="1689" dir="1" index="1" bw="9" slack="0"/>
</pin_list>
<bind>
<opcode="zext(34) " fcode="zext"/>
<opset="zext_ln110/4 "/>
</bind>
</comp>

<comp id="1690" class="1004" name="zext_ln113_fu_1690">
<pin_list>
<pin id="1691" dir="0" index="0" bw="1" slack="2"/>
<pin id="1692" dir="1" index="1" bw="9" slack="0"/>
</pin_list>
<bind>
<opcode="zext(34) " fcode="zext"/>
<opset="zext_ln113/4 "/>
</bind>
</comp>

<comp id="1693" class="1004" name="shl_ln8_fu_1693">
<pin_list>
<pin id="1694" dir="0" index="0" bw="9" slack="0"/>
<pin id="1695" dir="0" index="1" bw="6" slack="2"/>
<pin id="1696" dir="0" index="2" bw="1" slack="0"/>
<pin id="1697" dir="1" index="3" bw="9" slack="0"/>
</pin_list>
<bind>
<opcode="bitconcatenate(1004) " fcode="bitconcatenate"/>
<opset="shl_ln8/4 "/>
</bind>
</comp>

<comp id="1700" class="1004" name="select_ln120_2_fu_1700">
<pin_list>
<pin id="1701" dir="0" index="0" bw="1" slack="1"/>
<pin id="1702" dir="0" index="1" bw="32" slack="0"/>
<pin id="1703" dir="0" index="2" bw="32" slack="0"/>
<pin id="1704" dir="1" index="3" bw="32" slack="0"/>
</pin_list>
<bind>
<opcode="select(49) " fcode="select"/>
<opset="select_ln120_2/4 "/>
</bind>
</comp>

<comp id="1707" class="1004" name="add_ln120_4_fu_1707">
<pin_list>
<pin id="1708" dir="0" index="0" bw="5" slack="2"/>
<pin id="1709" dir="0" index="1" bw="3" slack="0"/>
<pin id="1710" dir="1" index="2" bw="5" slack="0"/>
</pin_list>
<bind>
<opcode="add(8) " fcode="add"/>
<opset="add_ln120_4/4 "/>
</bind>
</comp>

<comp id="1712" class="1004" name="zext_ln120_12_fu_1712">
<pin_list>
<pin id="1713" dir="0" index="0" bw="5" slack="0"/>
<pin id="1714" dir="1" index="1" bw="32" slack="0"/>
</pin_list>
<bind>
<opcode="zext(34) " fcode="zext"/>
<opset="zext_ln120_12/4 "/>
</bind>
</comp>

<comp id="1716" class="1004" name="lshr_ln120_3_fu_1716">
<pin_list>
<pin id="1717" dir="0" index="0" bw="32" slack="0"/>
<pin id="1718" dir="0" index="1" bw="5" slack="0"/>
<pin id="1719" dir="1" index="2" bw="32" slack="5"/>
</pin_list>
<bind>
<opcode="lshr(21) " fcode="lshr"/>
<opset="lshr_ln120_3/4 "/>
</bind>
</comp>

<comp id="1722" class="1004" name="select_ln120_3_fu_1722">
<pin_list>
<pin id="1723" dir="0" index="0" bw="1" slack="1"/>
<pin id="1724" dir="0" index="1" bw="32" slack="0"/>
<pin id="1725" dir="0" index="2" bw="32" slack="0"/>
<pin id="1726" dir="1" index="3" bw="32" slack="0"/>
</pin_list>
<bind>
<opcode="select(49) " fcode="select"/>
<opset="select_ln120_3/4 "/>
</bind>
</comp>

<comp id="1729" class="1004" name="add_ln120_6_fu_1729">
<pin_list>
<pin id="1730" dir="0" index="0" bw="5" slack="2"/>
<pin id="1731" dir="0" index="1" bw="3" slack="0"/>
<pin id="1732" dir="1" index="2" bw="5" slack="0"/>
</pin_list>
<bind>
<opcode="add(8) " fcode="add"/>
<opset="add_ln120_6/4 "/>
</bind>
</comp>

<comp id="1734" class="1004" name="zext_ln120_13_fu_1734">
<pin_list>
<pin id="1735" dir="0" index="0" bw="5" slack="0"/>
<pin id="1736" dir="1" index="1" bw="32" slack="0"/>
</pin_list>
<bind>
<opcode="zext(34) " fcode="zext"/>
<opset="zext_ln120_13/4 "/>
</bind>
</comp>

<comp id="1738" class="1004" name="lshr_ln120_5_fu_1738">
<pin_list>
<pin id="1739" dir="0" index="0" bw="32" slack="0"/>
<pin id="1740" dir="0" index="1" bw="5" slack="0"/>
<pin id="1741" dir="1" index="2" bw="32" slack="5"/>
</pin_list>
<bind>
<opcode="lshr(21) " fcode="lshr"/>
<opset="lshr_ln120_5/4 "/>
</bind>
</comp>

<comp id="1744" class="1004" name="add_ln119_6_fu_1744">
<pin_list>
<pin id="1745" dir="0" index="0" bw="9" slack="0"/>
<pin id="1746" dir="0" index="1" bw="4" slack="0"/>
<pin id="1747" dir="1" index="2" bw="9" slack="0"/>
</pin_list>
<bind>
<opcode="add(8) " fcode="add"/>
<opset="add_ln119_6/4 "/>
</bind>
</comp>

<comp id="1750" class="1004" name="zext_ln119_4_fu_1750">
<pin_list>
<pin id="1751" dir="0" index="0" bw="9" slack="0"/>
<pin id="1752" dir="1" index="1" bw="64" slack="0"/>
</pin_list>
<bind>
<opcode="zext(34) " fcode="zext"/>
<opset="zext_ln119_4/4 "/>
</bind>
</comp>

<comp id="1762" class="1004" name="add_ln120_7_fu_1762">
<pin_list>
<pin id="1763" dir="0" index="0" bw="16" slack="2"/>
<pin id="1764" dir="0" index="1" bw="4" slack="0"/>
<pin id="1765" dir="1" index="2" bw="16" slack="0"/>
</pin_list>
<bind>
<opcode="add(8) " fcode="add"/>
<opset="add_ln120_7/4 "/>
</bind>
</comp>

<comp id="1767" class="1004" name="lshr_ln120_8_fu_1767">
<pin_list>
<pin id="1768" dir="0" index="0" bw="10" slack="0"/>
<pin id="1769" dir="0" index="1" bw="16" slack="0"/>
<pin id="1770" dir="0" index="2" bw="4" slack="0"/>
<pin id="1771" dir="0" index="3" bw="5" slack="0"/>
<pin id="1772" dir="1" index="4" bw="10" slack="0"/>
</pin_list>
<bind>
<opcode="partselect(1002) " fcode="partselect"/>
<opset="lshr_ln120_8/4 "/>
</bind>
</comp>

<comp id="1777" class="1004" name="zext_ln120_4_fu_1777">
<pin_list>
<pin id="1778" dir="0" index="0" bw="10" slack="0"/>
<pin id="1779" dir="1" index="1" bw="64" slack="0"/>
</pin_list>
<bind>
<opcode="zext(34) " fcode="zext"/>
<opset="zext_ln120_4/4 "/>
</bind>
</comp>

<comp id="1783" class="1004" name="tmp_69_fu_1783">
<pin_list>
<pin id="1784" dir="0" index="0" bw="1" slack="0"/>
<pin id="1785" dir="0" index="1" bw="16" slack="0"/>
<pin id="1786" dir="0" index="2" bw="4" slack="0"/>
<pin id="1787" dir="1" index="3" bw="1" slack="1"/>
</pin_list>
<bind>
<opcode="bitselect(1000) " fcode="bitselect"/>
<opset="tmp_69/4 "/>
</bind>
</comp>

<comp id="1791" class="1004" name="add_ln119_7_fu_1791">
<pin_list>
<pin id="1792" dir="0" index="0" bw="9" slack="0"/>
<pin id="1793" dir="0" index="1" bw="1" slack="0"/>
<pin id="1794" dir="1" index="2" bw="9" slack="0"/>
</pin_list>
<bind>
<opcode="add(8) " fcode="add"/>
<opset="add_ln119_7/4 "/>
</bind>
</comp>

<comp id="1797" class="1004" name="zext_ln119_5_fu_1797">
<pin_list>
<pin id="1798" dir="0" index="0" bw="9" slack="0"/>
<pin id="1799" dir="1" index="1" bw="64" slack="0"/>
</pin_list>
<bind>
<opcode="zext(34) " fcode="zext"/>
<opset="zext_ln119_5/4 "/>
</bind>
</comp>

<comp id="1809" class="1004" name="add_ln120_9_fu_1809">
<pin_list>
<pin id="1810" dir="0" index="0" bw="16" slack="2"/>
<pin id="1811" dir="0" index="1" bw="4" slack="0"/>
<pin id="1812" dir="1" index="2" bw="16" slack="0"/>
</pin_list>
<bind>
<opcode="add(8) " fcode="add"/>
<opset="add_ln120_9/4 "/>
</bind>
</comp>

<comp id="1814" class="1004" name="lshr_ln120_s_fu_1814">
<pin_list>
<pin id="1815" dir="0" index="0" bw="10" slack="0"/>
<pin id="1816" dir="0" index="1" bw="16" slack="0"/>
<pin id="1817" dir="0" index="2" bw="4" slack="0"/>
<pin id="1818" dir="0" index="3" bw="5" slack="0"/>
<pin id="1819" dir="1" index="4" bw="10" slack="0"/>
</pin_list>
<bind>
<opcode="partselect(1002) " fcode="partselect"/>
<opset="lshr_ln120_s/4 "/>
</bind>
</comp>

<comp id="1824" class="1004" name="zext_ln120_5_fu_1824">
<pin_list>
<pin id="1825" dir="0" index="0" bw="10" slack="0"/>
<pin id="1826" dir="1" index="1" bw="64" slack="0"/>
</pin_list>
<bind>
<opcode="zext(34) " fcode="zext"/>
<opset="zext_ln120_5/4 "/>
</bind>
</comp>

<comp id="1830" class="1004" name="tmp_70_fu_1830">
<pin_list>
<pin id="1831" dir="0" index="0" bw="1" slack="0"/>
<pin id="1832" dir="0" index="1" bw="16" slack="0"/>
<pin id="1833" dir="0" index="2" bw="4" slack="0"/>
<pin id="1834" dir="1" index="3" bw="1" slack="1"/>
</pin_list>
<bind>
<opcode="bitselect(1000) " fcode="bitselect"/>
<opset="tmp_70/4 "/>
</bind>
</comp>

<comp id="1838" class="1004" name="store_ln110_store_fu_1838">
<pin_list>
<pin id="1839" dir="0" index="0" bw="4" slack="2"/>
<pin id="1840" dir="0" index="1" bw="4" slack="3"/>
<pin id="1841" dir="1" index="2" bw="0" slack="2147483647"/>
</pin_list>
<bind>
<opcode="store(28) " fcode="store"/>
<opset="store_ln110/4 "/>
</bind>
</comp>

<comp id="1842" class="1004" name="shl_ln7_fu_1842">
<pin_list>
<pin id="1843" dir="0" index="0" bw="6" slack="0"/>
<pin id="1844" dir="0" index="1" bw="3" slack="3"/>
<pin id="1845" dir="0" index="2" bw="1" slack="0"/>
<pin id="1846" dir="1" index="3" bw="6" slack="0"/>
</pin_list>
<bind>
<opcode="bitconcatenate(1004) " fcode="bitconcatenate"/>
<opset="shl_ln7/5 "/>
</bind>
</comp>

<comp id="1849" class="1004" name="zext_ln117_fu_1849">
<pin_list>
<pin id="1850" dir="0" index="0" bw="6" slack="0"/>
<pin id="1851" dir="1" index="1" bw="7" slack="0"/>
</pin_list>
<bind>
<opcode="zext(34) " fcode="zext"/>
<opset="zext_ln117/5 "/>
</bind>
</comp>

<comp id="1853" class="1004" name="zext_ln118_2_fu_1853">
<pin_list>
<pin id="1854" dir="0" index="0" bw="4" slack="3"/>
<pin id="1855" dir="1" index="1" bw="9" slack="0"/>
</pin_list>
<bind>
<opcode="zext(34) " fcode="zext"/>
<opset="zext_ln118_2/5 "/>
</bind>
</comp>

<comp id="1856" class="1004" name="add_ln117_1_fu_1856">
<pin_list>
<pin id="1857" dir="0" index="0" bw="4" slack="3"/>
<pin id="1858" dir="0" index="1" bw="1" slack="0"/>
<pin id="1859" dir="1" index="2" bw="4" slack="0"/>
</pin_list>
<bind>
<opcode="add(8) " fcode="add"/>
<opset="add_ln117_1/5 "/>
</bind>
</comp>

<comp id="1861" class="1004" name="sext_ln118_fu_1861">
<pin_list>
<pin id="1862" dir="0" index="0" bw="4" slack="0"/>
<pin id="1863" dir="1" index="1" bw="7" slack="0"/>
</pin_list>
<bind>
<opcode="sext(35) " fcode="sext"/>
<opset="sext_ln118/5 "/>
</bind>
</comp>

<comp id="1865" class="1004" name="tmp_59_fu_1865">
<pin_list>
<pin id="1866" dir="0" index="0" bw="1" slack="0"/>
<pin id="1867" dir="0" index="1" bw="4" slack="0"/>
<pin id="1868" dir="0" index="2" bw="3" slack="0"/>
<pin id="1869" dir="1" index="3" bw="1" slack="2"/>
</pin_list>
<bind>
<opcode="bitselect(1000) " fcode="bitselect"/>
<opset="tmp_59/5 "/>
</bind>
</comp>

<comp id="1873" class="1004" name="a_9_fu_1873">
<pin_list>
<pin id="1874" dir="0" index="0" bw="1" slack="0"/>
<pin id="1875" dir="0" index="1" bw="3" slack="0"/>
<pin id="1876" dir="0" index="2" bw="1" slack="0"/>
<pin id="1877" dir="0" index="3" bw="3" slack="0"/>
<pin id="1878" dir="0" index="4" bw="1" slack="0"/>
<pin id="1879" dir="0" index="5" bw="3" slack="0"/>
<pin id="1880" dir="0" index="6" bw="1" slack="0"/>
<pin id="1881" dir="0" index="7" bw="3" slack="0"/>
<pin id="1882" dir="0" index="8" bw="1" slack="0"/>
<pin id="1883" dir="0" index="9" bw="3" slack="0"/>
<pin id="1884" dir="0" index="10" bw="1" slack="0"/>
<pin id="1885" dir="0" index="11" bw="3" slack="0"/>
<pin id="1886" dir="0" index="12" bw="1" slack="0"/>
<pin id="1887" dir="0" index="13" bw="3" slack="0"/>
<pin id="1888" dir="0" index="14" bw="1" slack="0"/>
<pin id="1889" dir="0" index="15" bw="3" slack="0"/>
<pin id="1890" dir="0" index="16" bw="1" slack="0"/>
<pin id="1891" dir="0" index="17" bw="1" slack="0"/>
<pin id="1892" dir="0" index="18" bw="3" slack="3"/>
<pin id="1893" dir="1" index="19" bw="1" slack="4"/>
</pin_list>
<bind>
<opcode="sparsemux(1197) " fcode="sparsemux"/>
<opset="a_9/5 "/>
</bind>
</comp>

<comp id="1912" class="1004" name="select_ln120_4_fu_1912">
<pin_list>
<pin id="1913" dir="0" index="0" bw="1" slack="1"/>
<pin id="1914" dir="0" index="1" bw="32" slack="0"/>
<pin id="1915" dir="0" index="2" bw="32" slack="0"/>
<pin id="1916" dir="1" index="3" bw="32" slack="0"/>
</pin_list>
<bind>
<opcode="select(49) " fcode="select"/>
<opset="select_ln120_4/5 "/>
</bind>
</comp>

<comp id="1919" class="1004" name="add_ln120_8_fu_1919">
<pin_list>
<pin id="1920" dir="0" index="0" bw="5" slack="3"/>
<pin id="1921" dir="0" index="1" bw="4" slack="0"/>
<pin id="1922" dir="1" index="2" bw="5" slack="0"/>
</pin_list>
<bind>
<opcode="add(8) " fcode="add"/>
<opset="add_ln120_8/5 "/>
</bind>
</comp>

<comp id="1924" class="1004" name="zext_ln120_14_fu_1924">
<pin_list>
<pin id="1925" dir="0" index="0" bw="5" slack="0"/>
<pin id="1926" dir="1" index="1" bw="32" slack="0"/>
</pin_list>
<bind>
<opcode="zext(34) " fcode="zext"/>
<opset="zext_ln120_14/5 "/>
</bind>
</comp>

<comp id="1928" class="1004" name="lshr_ln120_7_fu_1928">
<pin_list>
<pin id="1929" dir="0" index="0" bw="32" slack="0"/>
<pin id="1930" dir="0" index="1" bw="5" slack="0"/>
<pin id="1931" dir="1" index="2" bw="32" slack="4"/>
</pin_list>
<bind>
<opcode="lshr(21) " fcode="lshr"/>
<opset="lshr_ln120_7/5 "/>
</bind>
</comp>

<comp id="1934" class="1004" name="a_10_fu_1934">
<pin_list>
<pin id="1935" dir="0" index="0" bw="1" slack="0"/>
<pin id="1936" dir="0" index="1" bw="3" slack="0"/>
<pin id="1937" dir="0" index="2" bw="1" slack="0"/>
<pin id="1938" dir="0" index="3" bw="3" slack="0"/>
<pin id="1939" dir="0" index="4" bw="1" slack="0"/>
<pin id="1940" dir="0" index="5" bw="3" slack="0"/>
<pin id="1941" dir="0" index="6" bw="1" slack="0"/>
<pin id="1942" dir="0" index="7" bw="3" slack="0"/>
<pin id="1943" dir="0" index="8" bw="1" slack="0"/>
<pin id="1944" dir="0" index="9" bw="3" slack="0"/>
<pin id="1945" dir="0" index="10" bw="1" slack="0"/>
<pin id="1946" dir="0" index="11" bw="3" slack="0"/>
<pin id="1947" dir="0" index="12" bw="1" slack="0"/>
<pin id="1948" dir="0" index="13" bw="3" slack="0"/>
<pin id="1949" dir="0" index="14" bw="1" slack="0"/>
<pin id="1950" dir="0" index="15" bw="3" slack="0"/>
<pin id="1951" dir="0" index="16" bw="1" slack="0"/>
<pin id="1952" dir="0" index="17" bw="1" slack="0"/>
<pin id="1953" dir="0" index="18" bw="3" slack="3"/>
<pin id="1954" dir="1" index="19" bw="1" slack="4"/>
</pin_list>
<bind>
<opcode="sparsemux(1197) " fcode="sparsemux"/>
<opset="a_10/5 "/>
</bind>
</comp>

<comp id="1973" class="1004" name="select_ln120_5_fu_1973">
<pin_list>
<pin id="1974" dir="0" index="0" bw="1" slack="1"/>
<pin id="1975" dir="0" index="1" bw="32" slack="0"/>
<pin id="1976" dir="0" index="2" bw="32" slack="0"/>
<pin id="1977" dir="1" index="3" bw="32" slack="0"/>
</pin_list>
<bind>
<opcode="select(49) " fcode="select"/>
<opset="select_ln120_5/5 "/>
</bind>
</comp>

<comp id="1980" class="1004" name="add_ln120_10_fu_1980">
<pin_list>
<pin id="1981" dir="0" index="0" bw="5" slack="3"/>
<pin id="1982" dir="0" index="1" bw="4" slack="0"/>
<pin id="1983" dir="1" index="2" bw="5" slack="0"/>
</pin_list>
<bind>
<opcode="add(8) " fcode="add"/>
<opset="add_ln120_10/5 "/>
</bind>
</comp>

<comp id="1985" class="1004" name="zext_ln120_15_fu_1985">
<pin_list>
<pin id="1986" dir="0" index="0" bw="5" slack="0"/>
<pin id="1987" dir="1" index="1" bw="32" slack="0"/>
</pin_list>
<bind>
<opcode="zext(34) " fcode="zext"/>
<opset="zext_ln120_15/5 "/>
</bind>
</comp>

<comp id="1989" class="1004" name="lshr_ln120_9_fu_1989">
<pin_list>
<pin id="1990" dir="0" index="0" bw="32" slack="0"/>
<pin id="1991" dir="0" index="1" bw="5" slack="0"/>
<pin id="1992" dir="1" index="2" bw="32" slack="4"/>
</pin_list>
<bind>
<opcode="lshr(21) " fcode="lshr"/>
<opset="lshr_ln120_9/5 "/>
</bind>
</comp>

<comp id="1995" class="1004" name="add_ln119_8_fu_1995">
<pin_list>
<pin id="1996" dir="0" index="0" bw="6" slack="0"/>
<pin id="1997" dir="0" index="1" bw="4" slack="0"/>
<pin id="1998" dir="1" index="2" bw="7" slack="0"/>
</pin_list>
<bind>
<opcode="add(8) " fcode="add"/>
<opset="add_ln119_8/5 "/>
</bind>
</comp>

<comp id="2001" class="1004" name="sext_ln119_fu_2001">
<pin_list>
<pin id="2002" dir="0" index="0" bw="7" slack="0"/>
<pin id="2003" dir="1" index="1" bw="12" slack="0"/>
</pin_list>
<bind>
<opcode="sext(35) " fcode="sext"/>
<opset="sext_ln119/5 "/>
</bind>
</comp>

<comp id="2005" class="1004" name="or_ln_fu_2005">
<pin_list>
<pin id="2006" dir="0" index="0" bw="12" slack="0"/>
<pin id="2007" dir="0" index="1" bw="6" slack="3"/>
<pin id="2008" dir="0" index="2" bw="5" slack="0"/>
<pin id="2009" dir="1" index="3" bw="12" slack="0"/>
</pin_list>
<bind>
<opcode="bitconcatenate(1004) " fcode="bitconcatenate"/>
<opset="or_ln/5 "/>
</bind>
</comp>

<comp id="2012" class="1004" name="add_ln119_9_fu_2012">
<pin_list>
<pin id="2013" dir="0" index="0" bw="12" slack="0"/>
<pin id="2014" dir="0" index="1" bw="7" slack="0"/>
<pin id="2015" dir="1" index="2" bw="12" slack="0"/>
</pin_list>
<bind>
<opcode="add(8) " fcode="add"/>
<opset="add_ln119_9/5 "/>
</bind>
</comp>

<comp id="2018" class="1004" name="lshr_ln119_5_fu_2018">
<pin_list>
<pin id="2019" dir="0" index="0" bw="9" slack="0"/>
<pin id="2020" dir="0" index="1" bw="12" slack="0"/>
<pin id="2021" dir="0" index="2" bw="3" slack="0"/>
<pin id="2022" dir="0" index="3" bw="5" slack="0"/>
<pin id="2023" dir="1" index="4" bw="9" slack="0"/>
</pin_list>
<bind>
<opcode="partselect(1002) " fcode="partselect"/>
<opset="lshr_ln119_5/5 "/>
</bind>
</comp>

<comp id="2028" class="1004" name="zext_ln119_6_fu_2028">
<pin_list>
<pin id="2029" dir="0" index="0" bw="9" slack="0"/>
<pin id="2030" dir="1" index="1" bw="64" slack="0"/>
</pin_list>
<bind>
<opcode="zext(34) " fcode="zext"/>
<opset="zext_ln119_6/5 "/>
</bind>
</comp>

<comp id="2040" class="1004" name="add_ln120_11_fu_2040">
<pin_list>
<pin id="2041" dir="0" index="0" bw="16" slack="3"/>
<pin id="2042" dir="0" index="1" bw="4" slack="0"/>
<pin id="2043" dir="1" index="2" bw="16" slack="0"/>
</pin_list>
<bind>
<opcode="add(8) " fcode="add"/>
<opset="add_ln120_11/5 "/>
</bind>
</comp>

<comp id="2045" class="1004" name="lshr_ln120_10_fu_2045">
<pin_list>
<pin id="2046" dir="0" index="0" bw="10" slack="0"/>
<pin id="2047" dir="0" index="1" bw="16" slack="0"/>
<pin id="2048" dir="0" index="2" bw="4" slack="0"/>
<pin id="2049" dir="0" index="3" bw="5" slack="0"/>
<pin id="2050" dir="1" index="4" bw="10" slack="0"/>
</pin_list>
<bind>
<opcode="partselect(1002) " fcode="partselect"/>
<opset="lshr_ln120_10/5 "/>
</bind>
</comp>

<comp id="2055" class="1004" name="zext_ln120_6_fu_2055">
<pin_list>
<pin id="2056" dir="0" index="0" bw="10" slack="0"/>
<pin id="2057" dir="1" index="1" bw="64" slack="0"/>
</pin_list>
<bind>
<opcode="zext(34) " fcode="zext"/>
<opset="zext_ln120_6/5 "/>
</bind>
</comp>

<comp id="2061" class="1004" name="tmp_71_fu_2061">
<pin_list>
<pin id="2062" dir="0" index="0" bw="1" slack="0"/>
<pin id="2063" dir="0" index="1" bw="16" slack="0"/>
<pin id="2064" dir="0" index="2" bw="4" slack="0"/>
<pin id="2065" dir="1" index="3" bw="1" slack="1"/>
</pin_list>
<bind>
<opcode="bitselect(1000) " fcode="bitselect"/>
<opset="tmp_71/5 "/>
</bind>
</comp>

<comp id="2069" class="1004" name="add_ln119_10_fu_2069">
<pin_list>
<pin id="2070" dir="0" index="0" bw="9" slack="1"/>
<pin id="2071" dir="0" index="1" bw="4" slack="0"/>
<pin id="2072" dir="1" index="2" bw="9" slack="0"/>
</pin_list>
<bind>
<opcode="add(8) " fcode="add"/>
<opset="add_ln119_10/5 "/>
</bind>
</comp>

<comp id="2074" class="1004" name="zext_ln119_7_fu_2074">
<pin_list>
<pin id="2075" dir="0" index="0" bw="9" slack="0"/>
<pin id="2076" dir="1" index="1" bw="64" slack="0"/>
</pin_list>
<bind>
<opcode="zext(34) " fcode="zext"/>
<opset="zext_ln119_7/5 "/>
</bind>
</comp>

<comp id="2086" class="1004" name="add_ln120_13_fu_2086">
<pin_list>
<pin id="2087" dir="0" index="0" bw="16" slack="3"/>
<pin id="2088" dir="0" index="1" bw="4" slack="0"/>
<pin id="2089" dir="1" index="2" bw="16" slack="0"/>
</pin_list>
<bind>
<opcode="add(8) " fcode="add"/>
<opset="add_ln120_13/5 "/>
</bind>
</comp>

<comp id="2091" class="1004" name="lshr_ln120_12_fu_2091">
<pin_list>
<pin id="2092" dir="0" index="0" bw="10" slack="0"/>
<pin id="2093" dir="0" index="1" bw="16" slack="0"/>
<pin id="2094" dir="0" index="2" bw="4" slack="0"/>
<pin id="2095" dir="0" index="3" bw="5" slack="0"/>
<pin id="2096" dir="1" index="4" bw="10" slack="0"/>
</pin_list>
<bind>
<opcode="partselect(1002) " fcode="partselect"/>
<opset="lshr_ln120_12/5 "/>
</bind>
</comp>

<comp id="2101" class="1004" name="zext_ln120_7_fu_2101">
<pin_list>
<pin id="2102" dir="0" index="0" bw="10" slack="0"/>
<pin id="2103" dir="1" index="1" bw="64" slack="0"/>
</pin_list>
<bind>
<opcode="zext(34) " fcode="zext"/>
<opset="zext_ln120_7/5 "/>
</bind>
</comp>

<comp id="2107" class="1004" name="tmp_72_fu_2107">
<pin_list>
<pin id="2108" dir="0" index="0" bw="1" slack="0"/>
<pin id="2109" dir="0" index="1" bw="16" slack="0"/>
<pin id="2110" dir="0" index="2" bw="4" slack="0"/>
<pin id="2111" dir="1" index="3" bw="1" slack="1"/>
</pin_list>
<bind>
<opcode="bitselect(1000) " fcode="bitselect"/>
<opset="tmp_72/5 "/>
</bind>
</comp>

<comp id="2115" class="1004" name="add_ln119_11_fu_2115">
<pin_list>
<pin id="2116" dir="0" index="0" bw="9" slack="0"/>
<pin id="2117" dir="0" index="1" bw="1" slack="1"/>
<pin id="2118" dir="1" index="2" bw="9" slack="1"/>
</pin_list>
<bind>
<opcode="add(8) " fcode="add"/>
<opset="add_ln119_11/5 "/>
</bind>
</comp>

<comp id="2120" class="1004" name="add_ln120_15_fu_2120">
<pin_list>
<pin id="2121" dir="0" index="0" bw="16" slack="3"/>
<pin id="2122" dir="0" index="1" bw="5" slack="0"/>
<pin id="2123" dir="1" index="2" bw="16" slack="0"/>
</pin_list>
<bind>
<opcode="add(8) " fcode="add"/>
<opset="add_ln120_15/5 "/>
</bind>
</comp>

<comp id="2125" class="1004" name="lshr_ln120_14_fu_2125">
<pin_list>
<pin id="2126" dir="0" index="0" bw="10" slack="0"/>
<pin id="2127" dir="0" index="1" bw="16" slack="0"/>
<pin id="2128" dir="0" index="2" bw="4" slack="0"/>
<pin id="2129" dir="0" index="3" bw="5" slack="0"/>
<pin id="2130" dir="1" index="4" bw="10" slack="1"/>
</pin_list>
<bind>
<opcode="partselect(1002) " fcode="partselect"/>
<opset="lshr_ln120_14/5 "/>
</bind>
</comp>

<comp id="2135" class="1004" name="tmp_73_fu_2135">
<pin_list>
<pin id="2136" dir="0" index="0" bw="1" slack="0"/>
<pin id="2137" dir="0" index="1" bw="16" slack="0"/>
<pin id="2138" dir="0" index="2" bw="4" slack="0"/>
<pin id="2139" dir="1" index="3" bw="1" slack="1"/>
</pin_list>
<bind>
<opcode="bitselect(1000) " fcode="bitselect"/>
<opset="tmp_73/5 "/>
</bind>
</comp>

<comp id="2143" class="1004" name="select_ln120_6_fu_2143">
<pin_list>
<pin id="2144" dir="0" index="0" bw="1" slack="1"/>
<pin id="2145" dir="0" index="1" bw="32" slack="0"/>
<pin id="2146" dir="0" index="2" bw="32" slack="0"/>
<pin id="2147" dir="1" index="3" bw="32" slack="0"/>
</pin_list>
<bind>
<opcode="select(49) " fcode="select"/>
<opset="select_ln120_6/6 "/>
</bind>
</comp>

<comp id="2150" class="1004" name="add_ln120_12_fu_2150">
<pin_list>
<pin id="2151" dir="0" index="0" bw="5" slack="4"/>
<pin id="2152" dir="0" index="1" bw="4" slack="0"/>
<pin id="2153" dir="1" index="2" bw="5" slack="0"/>
</pin_list>
<bind>
<opcode="add(8) " fcode="add"/>
<opset="add_ln120_12/6 "/>
</bind>
</comp>

<comp id="2155" class="1004" name="zext_ln120_16_fu_2155">
<pin_list>
<pin id="2156" dir="0" index="0" bw="5" slack="0"/>
<pin id="2157" dir="1" index="1" bw="32" slack="0"/>
</pin_list>
<bind>
<opcode="zext(34) " fcode="zext"/>
<opset="zext_ln120_16/6 "/>
</bind>
</comp>

<comp id="2159" class="1004" name="lshr_ln120_11_fu_2159">
<pin_list>
<pin id="2160" dir="0" index="0" bw="32" slack="0"/>
<pin id="2161" dir="0" index="1" bw="5" slack="0"/>
<pin id="2162" dir="1" index="2" bw="32" slack="4"/>
</pin_list>
<bind>
<opcode="lshr(21) " fcode="lshr"/>
<opset="lshr_ln120_11/6 "/>
</bind>
</comp>

<comp id="2165" class="1004" name="select_ln120_7_fu_2165">
<pin_list>
<pin id="2166" dir="0" index="0" bw="1" slack="1"/>
<pin id="2167" dir="0" index="1" bw="32" slack="0"/>
<pin id="2168" dir="0" index="2" bw="32" slack="0"/>
<pin id="2169" dir="1" index="3" bw="32" slack="0"/>
</pin_list>
<bind>
<opcode="select(49) " fcode="select"/>
<opset="select_ln120_7/6 "/>
</bind>
</comp>

<comp id="2172" class="1004" name="add_ln120_14_fu_2172">
<pin_list>
<pin id="2173" dir="0" index="0" bw="5" slack="4"/>
<pin id="2174" dir="0" index="1" bw="4" slack="0"/>
<pin id="2175" dir="1" index="2" bw="5" slack="0"/>
</pin_list>
<bind>
<opcode="add(8) " fcode="add"/>
<opset="add_ln120_14/6 "/>
</bind>
</comp>

<comp id="2177" class="1004" name="zext_ln120_17_fu_2177">
<pin_list>
<pin id="2178" dir="0" index="0" bw="5" slack="0"/>
<pin id="2179" dir="1" index="1" bw="32" slack="0"/>
</pin_list>
<bind>
<opcode="zext(34) " fcode="zext"/>
<opset="zext_ln120_17/6 "/>
</bind>
</comp>

<comp id="2181" class="1004" name="lshr_ln120_13_fu_2181">
<pin_list>
<pin id="2182" dir="0" index="0" bw="32" slack="0"/>
<pin id="2183" dir="0" index="1" bw="5" slack="0"/>
<pin id="2184" dir="1" index="2" bw="32" slack="4"/>
</pin_list>
<bind>
<opcode="lshr(21) " fcode="lshr"/>
<opset="lshr_ln120_13/6 "/>
</bind>
</comp>

<comp id="2187" class="1004" name="zext_ln119_8_fu_2187">
<pin_list>
<pin id="2188" dir="0" index="0" bw="9" slack="1"/>
<pin id="2189" dir="1" index="1" bw="64" slack="0"/>
</pin_list>
<bind>
<opcode="zext(34) " fcode="zext"/>
<opset="zext_ln119_8/6 "/>
</bind>
</comp>

<comp id="2198" class="1004" name="zext_ln120_8_fu_2198">
<pin_list>
<pin id="2199" dir="0" index="0" bw="10" slack="1"/>
<pin id="2200" dir="1" index="1" bw="64" slack="0"/>
</pin_list>
<bind>
<opcode="zext(34) " fcode="zext"/>
<opset="zext_ln120_8/6 "/>
</bind>
</comp>

<comp id="2203" class="1004" name="store_ln111_store_fu_2203">
<pin_list>
<pin id="2204" dir="0" index="0" bw="4" slack="4"/>
<pin id="2205" dir="0" index="1" bw="4" slack="5"/>
<pin id="2206" dir="1" index="2" bw="0" slack="2147483647"/>
</pin_list>
<bind>
<opcode="store(28) " fcode="store"/>
<opset="store_ln111/6 "/>
</bind>
</comp>

<comp id="2207" class="1004" name="zext_ln117_1_fu_2207">
<pin_list>
<pin id="2208" dir="0" index="0" bw="6" slack="2"/>
<pin id="2209" dir="1" index="1" bw="12" slack="0"/>
</pin_list>
<bind>
<opcode="zext(34) " fcode="zext"/>
<opset="zext_ln117_1/7 "/>
</bind>
</comp>

<comp id="2210" class="1004" name="zext_ln111_fu_2210">
<pin_list>
<pin id="2211" dir="0" index="0" bw="4" slack="5"/>
<pin id="2212" dir="1" index="1" bw="12" slack="0"/>
</pin_list>
<bind>
<opcode="zext(34) " fcode="zext"/>
<opset="zext_ln111/7 "/>
</bind>
</comp>

<comp id="2213" class="1004" name="sext_ln118_1_fu_2213">
<pin_list>
<pin id="2214" dir="0" index="0" bw="4" slack="2"/>
<pin id="2215" dir="1" index="1" bw="12" slack="0"/>
</pin_list>
<bind>
<opcode="sext(35) " fcode="sext"/>
<opset="sext_ln118_1/7 "/>
</bind>
</comp>

<comp id="2216" class="1004" name="zext_ln118_3_fu_2216">
<pin_list>
<pin id="2217" dir="0" index="0" bw="4" slack="5"/>
<pin id="2218" dir="1" index="1" bw="12" slack="0"/>
</pin_list>
<bind>
<opcode="zext(34) " fcode="zext"/>
<opset="zext_ln118_3/7 "/>
</bind>
</comp>

<comp id="2219" class="1004" name="shl_ln119_1_fu_2219">
<pin_list>
<pin id="2220" dir="0" index="0" bw="12" slack="0"/>
<pin id="2221" dir="0" index="1" bw="6" slack="5"/>
<pin id="2222" dir="0" index="2" bw="1" slack="0"/>
<pin id="2223" dir="1" index="3" bw="12" slack="0"/>
</pin_list>
<bind>
<opcode="bitconcatenate(1004) " fcode="bitconcatenate"/>
<opset="shl_ln119_1/7 "/>
</bind>
</comp>

<comp id="2226" class="1004" name="add_ln119_fu_2226">
<pin_list>
<pin id="2227" dir="0" index="0" bw="12" slack="0"/>
<pin id="2228" dir="0" index="1" bw="4" slack="0"/>
<pin id="2229" dir="1" index="2" bw="12" slack="0"/>
</pin_list>
<bind>
<opcode="add(8) " fcode="add"/>
<opset="add_ln119/7 "/>
</bind>
</comp>

<comp id="2232" class="1004" name="add_ln119_1_fu_2232">
<pin_list>
<pin id="2233" dir="0" index="0" bw="12" slack="0"/>
<pin id="2234" dir="0" index="1" bw="6" slack="0"/>
<pin id="2235" dir="1" index="2" bw="12" slack="0"/>
</pin_list>
<bind>
<opcode="add(8) " fcode="add"/>
<opset="add_ln119_1/7 "/>
</bind>
</comp>

<comp id="2238" class="1004" name="add_ln119_2_fu_2238">
<pin_list>
<pin id="2239" dir="0" index="0" bw="12" slack="0"/>
<pin id="2240" dir="0" index="1" bw="4" slack="0"/>
<pin id="2241" dir="1" index="2" bw="12" slack="0"/>
</pin_list>
<bind>
<opcode="add(8) " fcode="add"/>
<opset="add_ln119_2/7 "/>
</bind>
</comp>

<comp id="2244" class="1004" name="lshr_ln119_1_fu_2244">
<pin_list>
<pin id="2245" dir="0" index="0" bw="9" slack="0"/>
<pin id="2246" dir="0" index="1" bw="12" slack="0"/>
<pin id="2247" dir="0" index="2" bw="3" slack="0"/>
<pin id="2248" dir="0" index="3" bw="5" slack="0"/>
<pin id="2249" dir="1" index="4" bw="9" slack="0"/>
</pin_list>
<bind>
<opcode="partselect(1002) " fcode="partselect"/>
<opset="lshr_ln119_1/7 "/>
</bind>
</comp>

<comp id="2254" class="1004" name="zext_ln119_fu_2254">
<pin_list>
<pin id="2255" dir="0" index="0" bw="9" slack="0"/>
<pin id="2256" dir="1" index="1" bw="64" slack="0"/>
</pin_list>
<bind>
<opcode="zext(34) " fcode="zext"/>
<opset="zext_ln119/7 "/>
</bind>
</comp>

<comp id="2266" class="1004" name="add_ln119_3_fu_2266">
<pin_list>
<pin id="2267" dir="0" index="0" bw="12" slack="0"/>
<pin id="2268" dir="0" index="1" bw="4" slack="0"/>
<pin id="2269" dir="1" index="2" bw="12" slack="0"/>
</pin_list>
<bind>
<opcode="add(8) " fcode="add"/>
<opset="add_ln119_3/7 "/>
</bind>
</comp>

<comp id="2272" class="1004" name="lshr_ln119_2_fu_2272">
<pin_list>
<pin id="2273" dir="0" index="0" bw="9" slack="0"/>
<pin id="2274" dir="0" index="1" bw="12" slack="0"/>
<pin id="2275" dir="0" index="2" bw="3" slack="0"/>
<pin id="2276" dir="0" index="3" bw="5" slack="0"/>
<pin id="2277" dir="1" index="4" bw="9" slack="0"/>
</pin_list>
<bind>
<opcode="partselect(1002) " fcode="partselect"/>
<opset="lshr_ln119_2/7 "/>
</bind>
</comp>

<comp id="2282" class="1004" name="zext_ln119_1_fu_2282">
<pin_list>
<pin id="2283" dir="0" index="0" bw="9" slack="0"/>
<pin id="2284" dir="1" index="1" bw="64" slack="0"/>
</pin_list>
<bind>
<opcode="zext(34) " fcode="zext"/>
<opset="zext_ln119_1/7 "/>
</bind>
</comp>

<comp id="2294" class="1004" name="add_ln119_4_fu_2294">
<pin_list>
<pin id="2295" dir="0" index="0" bw="12" slack="0"/>
<pin id="2296" dir="0" index="1" bw="4" slack="0"/>
<pin id="2297" dir="1" index="2" bw="12" slack="0"/>
</pin_list>
<bind>
<opcode="add(8) " fcode="add"/>
<opset="add_ln119_4/7 "/>
</bind>
</comp>

<comp id="2300" class="1004" name="lshr_ln119_3_fu_2300">
<pin_list>
<pin id="2301" dir="0" index="0" bw="9" slack="0"/>
<pin id="2302" dir="0" index="1" bw="12" slack="0"/>
<pin id="2303" dir="0" index="2" bw="3" slack="0"/>
<pin id="2304" dir="0" index="3" bw="5" slack="0"/>
<pin id="2305" dir="1" index="4" bw="9" slack="1"/>
</pin_list>
<bind>
<opcode="partselect(1002) " fcode="partselect"/>
<opset="lshr_ln119_3/7 "/>
</bind>
</comp>

<comp id="2310" class="1004" name="tmp8_fu_2310">
<pin_list>
<pin id="2311" dir="0" index="0" bw="12" slack="0"/>
<pin id="2312" dir="0" index="1" bw="6" slack="5"/>
<pin id="2313" dir="0" index="2" bw="3" slack="5"/>
<pin id="2314" dir="0" index="3" bw="1" slack="0"/>
<pin id="2315" dir="1" index="4" bw="12" slack="0"/>
</pin_list>
<bind>
<opcode="bitconcatenate(1004) " fcode="bitconcatenate"/>
<opset="tmp8/7 "/>
</bind>
</comp>

<comp id="2318" class="1004" name="add_ln119_5_fu_2318">
<pin_list>
<pin id="2319" dir="0" index="0" bw="12" slack="0"/>
<pin id="2320" dir="0" index="1" bw="4" slack="0"/>
<pin id="2321" dir="1" index="2" bw="12" slack="0"/>
</pin_list>
<bind>
<opcode="add(8) " fcode="add"/>
<opset="add_ln119_5/7 "/>
</bind>
</comp>

<comp id="2324" class="1004" name="lshr_ln119_4_fu_2324">
<pin_list>
<pin id="2325" dir="0" index="0" bw="9" slack="0"/>
<pin id="2326" dir="0" index="1" bw="12" slack="0"/>
<pin id="2327" dir="0" index="2" bw="3" slack="0"/>
<pin id="2328" dir="0" index="3" bw="5" slack="0"/>
<pin id="2329" dir="1" index="4" bw="9" slack="1"/>
</pin_list>
<bind>
<opcode="partselect(1002) " fcode="partselect"/>
<opset="lshr_ln119_4/7 "/>
</bind>
</comp>

<comp id="2334" class="1004" name="select_ln120_8_fu_2334">
<pin_list>
<pin id="2335" dir="0" index="0" bw="1" slack="2"/>
<pin id="2336" dir="0" index="1" bw="32" slack="0"/>
<pin id="2337" dir="0" index="2" bw="32" slack="0"/>
<pin id="2338" dir="1" index="3" bw="32" slack="0"/>
</pin_list>
<bind>
<opcode="select(49) " fcode="select"/>
<opset="select_ln120_8/7 "/>
</bind>
</comp>

<comp id="2341" class="1004" name="add_ln120_16_fu_2341">
<pin_list>
<pin id="2342" dir="0" index="0" bw="5" slack="5"/>
<pin id="2343" dir="0" index="1" bw="5" slack="0"/>
<pin id="2344" dir="1" index="2" bw="5" slack="0"/>
</pin_list>
<bind>
<opcode="add(8) " fcode="add"/>
<opset="add_ln120_16/7 "/>
</bind>
</comp>

<comp id="2346" class="1004" name="zext_ln120_18_fu_2346">
<pin_list>
<pin id="2347" dir="0" index="0" bw="5" slack="0"/>
<pin id="2348" dir="1" index="1" bw="32" slack="0"/>
</pin_list>
<bind>
<opcode="zext(34) " fcode="zext"/>
<opset="zext_ln120_18/7 "/>
</bind>
</comp>

<comp id="2350" class="1004" name="lshr_ln120_15_fu_2350">
<pin_list>
<pin id="2351" dir="0" index="0" bw="32" slack="0"/>
<pin id="2352" dir="0" index="1" bw="5" slack="0"/>
<pin id="2353" dir="1" index="2" bw="32" slack="3"/>
</pin_list>
<bind>
<opcode="lshr(21) " fcode="lshr"/>
<opset="lshr_ln120_15/7 "/>
</bind>
</comp>

<comp id="2356" class="1004" name="acc_27_load_load_fu_2356">
<pin_list>
<pin id="2357" dir="0" index="0" bw="32" slack="7"/>
<pin id="2358" dir="1" index="1" bw="32" slack="0"/>
</pin_list>
<bind>
<opcode="load(27) " fcode="load"/>
<opset="acc_27_load/8 "/>
</bind>
</comp>

<comp id="2359" class="1004" name="acc_27_mid2_fu_2359">
<pin_list>
<pin id="2360" dir="0" index="0" bw="1" slack="6"/>
<pin id="2361" dir="0" index="1" bw="1" slack="0"/>
<pin id="2362" dir="0" index="2" bw="32" slack="0"/>
<pin id="2363" dir="1" index="3" bw="32" slack="0"/>
</pin_list>
<bind>
<opcode="select(49) " fcode="select"/>
<opset="acc_27_mid2/8 "/>
</bind>
</comp>

<comp id="2366" class="1004" name="zext_ln118_1_fu_2366">
<pin_list>
<pin id="2367" dir="0" index="0" bw="3" slack="6"/>
<pin id="2368" dir="1" index="1" bw="4" slack="0"/>
</pin_list>
<bind>
<opcode="zext(34) " fcode="zext"/>
<opset="zext_ln118_1/8 "/>
</bind>
</comp>

<comp id="2369" class="1004" name="add_ln118_fu_2369">
<pin_list>
<pin id="2370" dir="0" index="0" bw="3" slack="0"/>
<pin id="2371" dir="0" index="1" bw="1" slack="0"/>
<pin id="2372" dir="1" index="2" bw="4" slack="0"/>
</pin_list>
<bind>
<opcode="add(8) " fcode="add"/>
<opset="add_ln118/8 "/>
</bind>
</comp>

<comp id="2375" class="1004" name="tmp_fu_2375">
<pin_list>
<pin id="2376" dir="0" index="0" bw="1" slack="0"/>
<pin id="2377" dir="0" index="1" bw="4" slack="0"/>
<pin id="2378" dir="0" index="2" bw="3" slack="0"/>
<pin id="2379" dir="1" index="3" bw="1" slack="0"/>
</pin_list>
<bind>
<opcode="bitselect(1000) " fcode="bitselect"/>
<opset="tmp/8 "/>
</bind>
</comp>

<comp id="2383" class="1004" name="or_ln118_fu_2383">
<pin_list>
<pin id="2384" dir="0" index="0" bw="4" slack="3"/>
<pin id="2385" dir="0" index="1" bw="4" slack="0"/>
<pin id="2386" dir="1" index="2" bw="4" slack="0"/>
</pin_list>
<bind>
<opcode="or(24) " fcode="or"/>
<opset="or_ln118/8 "/>
</bind>
</comp>

<comp id="2388" class="1004" name="tmp_56_fu_2388">
<pin_list>
<pin id="2389" dir="0" index="0" bw="1" slack="0"/>
<pin id="2390" dir="0" index="1" bw="4" slack="0"/>
<pin id="2391" dir="0" index="2" bw="3" slack="0"/>
<pin id="2392" dir="1" index="3" bw="1" slack="0"/>
</pin_list>
<bind>
<opcode="bitselect(1000) " fcode="bitselect"/>
<opset="tmp_56/8 "/>
</bind>
</comp>

<comp id="2396" class="1004" name="or_ln118_1_fu_2396">
<pin_list>
<pin id="2397" dir="0" index="0" bw="4" slack="0"/>
<pin id="2398" dir="0" index="1" bw="4" slack="6"/>
<pin id="2399" dir="1" index="2" bw="4" slack="0"/>
</pin_list>
<bind>
<opcode="or(24) " fcode="or"/>
<opset="or_ln118_1/8 "/>
</bind>
</comp>

<comp id="2401" class="1004" name="tmp_57_fu_2401">
<pin_list>
<pin id="2402" dir="0" index="0" bw="1" slack="0"/>
<pin id="2403" dir="0" index="1" bw="4" slack="0"/>
<pin id="2404" dir="0" index="2" bw="3" slack="0"/>
<pin id="2405" dir="1" index="3" bw="1" slack="0"/>
</pin_list>
<bind>
<opcode="bitselect(1000) " fcode="bitselect"/>
<opset="tmp_57/8 "/>
</bind>
</comp>

<comp id="2409" class="1004" name="tmp_58_fu_2409">
<pin_list>
<pin id="2410" dir="0" index="0" bw="2" slack="0"/>
<pin id="2411" dir="0" index="1" bw="1" slack="0"/>
<pin id="2412" dir="0" index="2" bw="1" slack="0"/>
<pin id="2413" dir="1" index="3" bw="2" slack="0"/>
</pin_list>
<bind>
<opcode="bitconcatenate(1004) " fcode="bitconcatenate"/>
<opset="tmp_58/8 "/>
</bind>
</comp>

<comp id="2417" class="1004" name="icmp_ln118_fu_2417">
<pin_list>
<pin id="2418" dir="0" index="0" bw="2" slack="0"/>
<pin id="2419" dir="0" index="1" bw="1" slack="0"/>
<pin id="2420" dir="1" index="2" bw="1" slack="1"/>
</pin_list>
<bind>
<opcode="icmp(45) " fcode="icmp"/>
<opset="icmp_ln118/8 "/>
</bind>
</comp>

<comp id="2423" class="1004" name="or_ln118_2_fu_2423">
<pin_list>
<pin id="2424" dir="0" index="0" bw="4" slack="3"/>
<pin id="2425" dir="0" index="1" bw="4" slack="6"/>
<pin id="2426" dir="1" index="2" bw="4" slack="0"/>
</pin_list>
<bind>
<opcode="or(24) " fcode="or"/>
<opset="or_ln118_2/8 "/>
</bind>
</comp>

<comp id="2427" class="1004" name="tmp_61_fu_2427">
<pin_list>
<pin id="2428" dir="0" index="0" bw="1" slack="0"/>
<pin id="2429" dir="0" index="1" bw="4" slack="0"/>
<pin id="2430" dir="0" index="2" bw="3" slack="0"/>
<pin id="2431" dir="1" index="3" bw="1" slack="0"/>
</pin_list>
<bind>
<opcode="bitselect(1000) " fcode="bitselect"/>
<opset="tmp_61/8 "/>
</bind>
</comp>

<comp id="2435" class="1004" name="tmp_62_fu_2435">
<pin_list>
<pin id="2436" dir="0" index="0" bw="2" slack="0"/>
<pin id="2437" dir="0" index="1" bw="1" slack="3"/>
<pin id="2438" dir="0" index="2" bw="1" slack="0"/>
<pin id="2439" dir="1" index="3" bw="2" slack="0"/>
</pin_list>
<bind>
<opcode="bitconcatenate(1004) " fcode="bitconcatenate"/>
<opset="tmp_62/8 "/>
</bind>
</comp>

<comp id="2442" class="1004" name="icmp_ln118_1_fu_2442">
<pin_list>
<pin id="2443" dir="0" index="0" bw="2" slack="0"/>
<pin id="2444" dir="0" index="1" bw="1" slack="0"/>
<pin id="2445" dir="1" index="2" bw="1" slack="2"/>
</pin_list>
<bind>
<opcode="icmp(45) " fcode="icmp"/>
<opset="icmp_ln118_1/8 "/>
</bind>
</comp>

<comp id="2448" class="1004" name="w_fu_2448">
<pin_list>
<pin id="2449" dir="0" index="0" bw="32" slack="5"/>
<pin id="2450" dir="1" index="1" bw="1" slack="0"/>
</pin_list>
<bind>
<opcode="trunc(33) " fcode="trunc"/>
<opset="w/8 "/>
</bind>
</comp>

<comp id="2451" class="1004" name="xor_ln121_fu_2451">
<pin_list>
<pin id="2452" dir="0" index="0" bw="1" slack="0"/>
<pin id="2453" dir="0" index="1" bw="1" slack="0"/>
<pin id="2454" dir="1" index="2" bw="1" slack="0"/>
</pin_list>
<bind>
<opcode="xor(25) " fcode="xor"/>
<opset="xor_ln121/8 "/>
</bind>
</comp>

<comp id="2457" class="1004" name="select_ln121_fu_2457">
<pin_list>
<pin id="2458" dir="0" index="0" bw="1" slack="0"/>
<pin id="2459" dir="0" index="1" bw="1" slack="0"/>
<pin id="2460" dir="0" index="2" bw="1" slack="0"/>
<pin id="2461" dir="1" index="3" bw="32" slack="0"/>
</pin_list>
<bind>
<opcode="select(49) " fcode="select"/>
<opset="select_ln121/8 "/>
</bind>
</comp>

<comp id="2465" class="1004" name="acc_fu_2465">
<pin_list>
<pin id="2466" dir="0" index="0" bw="32" slack="0"/>
<pin id="2467" dir="0" index="1" bw="32" slack="0"/>
<pin id="2468" dir="1" index="2" bw="32" slack="0"/>
</pin_list>
<bind>
<opcode="add(8) " fcode="add"/>
<opset="acc/8 "/>
</bind>
</comp>

<comp id="2471" class="1004" name="acc_35_fu_2471">
<pin_list>
<pin id="2472" dir="0" index="0" bw="1" slack="0"/>
<pin id="2473" dir="0" index="1" bw="32" slack="0"/>
<pin id="2474" dir="0" index="2" bw="32" slack="0"/>
<pin id="2475" dir="1" index="3" bw="32" slack="0"/>
</pin_list>
<bind>
<opcode="select(49) " fcode="select"/>
<opset="acc_35/8 "/>
</bind>
</comp>

<comp id="2479" class="1004" name="w_9_fu_2479">
<pin_list>
<pin id="2480" dir="0" index="0" bw="32" slack="5"/>
<pin id="2481" dir="1" index="1" bw="1" slack="0"/>
</pin_list>
<bind>
<opcode="trunc(33) " fcode="trunc"/>
<opset="w_9/8 "/>
</bind>
</comp>

<comp id="2482" class="1004" name="xor_ln121_1_fu_2482">
<pin_list>
<pin id="2483" dir="0" index="0" bw="1" slack="0"/>
<pin id="2484" dir="0" index="1" bw="1" slack="0"/>
<pin id="2485" dir="1" index="2" bw="1" slack="0"/>
</pin_list>
<bind>
<opcode="xor(25) " fcode="xor"/>
<opset="xor_ln121_1/8 "/>
</bind>
</comp>

<comp id="2488" class="1004" name="select_ln121_1_fu_2488">
<pin_list>
<pin id="2489" dir="0" index="0" bw="1" slack="0"/>
<pin id="2490" dir="0" index="1" bw="1" slack="0"/>
<pin id="2491" dir="0" index="2" bw="1" slack="0"/>
<pin id="2492" dir="1" index="3" bw="32" slack="0"/>
</pin_list>
<bind>
<opcode="select(49) " fcode="select"/>
<opset="select_ln121_1/8 "/>
</bind>
</comp>

<comp id="2496" class="1004" name="acc_72_fu_2496">
<pin_list>
<pin id="2497" dir="0" index="0" bw="32" slack="0"/>
<pin id="2498" dir="0" index="1" bw="32" slack="0"/>
<pin id="2499" dir="1" index="2" bw="32" slack="0"/>
</pin_list>
<bind>
<opcode="add(8) " fcode="add"/>
<opset="acc_72/8 "/>
</bind>
</comp>

<comp id="2502" class="1004" name="acc_43_fu_2502">
<pin_list>
<pin id="2503" dir="0" index="0" bw="1" slack="0"/>
<pin id="2504" dir="0" index="1" bw="32" slack="0"/>
<pin id="2505" dir="0" index="2" bw="32" slack="0"/>
<pin id="2506" dir="1" index="3" bw="32" slack="1"/>
</pin_list>
<bind>
<opcode="select(49) " fcode="select"/>
<opset="acc_43/8 "/>
</bind>
</comp>

<comp id="2510" class="1004" name="zext_ln119_2_fu_2510">
<pin_list>
<pin id="2511" dir="0" index="0" bw="9" slack="1"/>
<pin id="2512" dir="1" index="1" bw="64" slack="0"/>
</pin_list>
<bind>
<opcode="zext(34) " fcode="zext"/>
<opset="zext_ln119_2/8 "/>
</bind>
</comp>

<comp id="2521" class="1004" name="zext_ln119_3_fu_2521">
<pin_list>
<pin id="2522" dir="0" index="0" bw="9" slack="1"/>
<pin id="2523" dir="1" index="1" bw="64" slack="0"/>
</pin_list>
<bind>
<opcode="zext(34) " fcode="zext"/>
<opset="zext_ln119_3/8 "/>
</bind>
</comp>

<comp id="2532" class="1004" name="w_10_fu_2532">
<pin_list>
<pin id="2533" dir="0" index="0" bw="32" slack="5"/>
<pin id="2534" dir="1" index="1" bw="1" slack="0"/>
</pin_list>
<bind>
<opcode="trunc(33) " fcode="trunc"/>
<opset="w_10/9 "/>
</bind>
</comp>

<comp id="2535" class="1004" name="xor_ln121_2_fu_2535">
<pin_list>
<pin id="2536" dir="0" index="0" bw="1" slack="0"/>
<pin id="2537" dir="0" index="1" bw="1" slack="0"/>
<pin id="2538" dir="1" index="2" bw="1" slack="0"/>
</pin_list>
<bind>
<opcode="xor(25) " fcode="xor"/>
<opset="xor_ln121_2/9 "/>
</bind>
</comp>

<comp id="2541" class="1004" name="select_ln121_2_fu_2541">
<pin_list>
<pin id="2542" dir="0" index="0" bw="1" slack="0"/>
<pin id="2543" dir="0" index="1" bw="1" slack="0"/>
<pin id="2544" dir="0" index="2" bw="1" slack="0"/>
<pin id="2545" dir="1" index="3" bw="32" slack="0"/>
</pin_list>
<bind>
<opcode="select(49) " fcode="select"/>
<opset="select_ln121_2/9 "/>
</bind>
</comp>

<comp id="2549" class="1004" name="acc_73_fu_2549">
<pin_list>
<pin id="2550" dir="0" index="0" bw="32" slack="0"/>
<pin id="2551" dir="0" index="1" bw="32" slack="1"/>
<pin id="2552" dir="1" index="2" bw="32" slack="0"/>
</pin_list>
<bind>
<opcode="add(8) " fcode="add"/>
<opset="acc_73/9 "/>
</bind>
</comp>

<comp id="2554" class="1004" name="acc_52_fu_2554">
<pin_list>
<pin id="2555" dir="0" index="0" bw="1" slack="1"/>
<pin id="2556" dir="0" index="1" bw="32" slack="0"/>
<pin id="2557" dir="0" index="2" bw="32" slack="1"/>
<pin id="2558" dir="1" index="3" bw="32" slack="0"/>
</pin_list>
<bind>
<opcode="select(49) " fcode="select"/>
<opset="acc_52/9 "/>
</bind>
</comp>

<comp id="2560" class="1004" name="w_11_fu_2560">
<pin_list>
<pin id="2561" dir="0" index="0" bw="32" slack="5"/>
<pin id="2562" dir="1" index="1" bw="1" slack="0"/>
</pin_list>
<bind>
<opcode="trunc(33) " fcode="trunc"/>
<opset="w_11/9 "/>
</bind>
</comp>

<comp id="2563" class="1004" name="xor_ln121_3_fu_2563">
<pin_list>
<pin id="2564" dir="0" index="0" bw="1" slack="0"/>
<pin id="2565" dir="0" index="1" bw="1" slack="0"/>
<pin id="2566" dir="1" index="2" bw="1" slack="0"/>
</pin_list>
<bind>
<opcode="xor(25) " fcode="xor"/>
<opset="xor_ln121_3/9 "/>
</bind>
</comp>

<comp id="2569" class="1004" name="select_ln121_3_fu_2569">
<pin_list>
<pin id="2570" dir="0" index="0" bw="1" slack="0"/>
<pin id="2571" dir="0" index="1" bw="1" slack="0"/>
<pin id="2572" dir="0" index="2" bw="1" slack="0"/>
<pin id="2573" dir="1" index="3" bw="32" slack="0"/>
</pin_list>
<bind>
<opcode="select(49) " fcode="select"/>
<opset="select_ln121_3/9 "/>
</bind>
</comp>

<comp id="2577" class="1004" name="acc_74_fu_2577">
<pin_list>
<pin id="2578" dir="0" index="0" bw="32" slack="0"/>
<pin id="2579" dir="0" index="1" bw="32" slack="0"/>
<pin id="2580" dir="1" index="2" bw="32" slack="0"/>
</pin_list>
<bind>
<opcode="add(8) " fcode="add"/>
<opset="acc_74/9 "/>
</bind>
</comp>

<comp id="2583" class="1004" name="acc_56_fu_2583">
<pin_list>
<pin id="2584" dir="0" index="0" bw="1" slack="4"/>
<pin id="2585" dir="0" index="1" bw="32" slack="0"/>
<pin id="2586" dir="0" index="2" bw="32" slack="0"/>
<pin id="2587" dir="1" index="3" bw="32" slack="0"/>
</pin_list>
<bind>
<opcode="select(49) " fcode="select"/>
<opset="acc_56/9 "/>
</bind>
</comp>

<comp id="2590" class="1004" name="w_12_fu_2590">
<pin_list>
<pin id="2591" dir="0" index="0" bw="32" slack="4"/>
<pin id="2592" dir="1" index="1" bw="1" slack="0"/>
</pin_list>
<bind>
<opcode="trunc(33) " fcode="trunc"/>
<opset="w_12/9 "/>
</bind>
</comp>

<comp id="2593" class="1004" name="xor_ln121_4_fu_2593">
<pin_list>
<pin id="2594" dir="0" index="0" bw="1" slack="4"/>
<pin id="2595" dir="0" index="1" bw="1" slack="0"/>
<pin id="2596" dir="1" index="2" bw="1" slack="0"/>
</pin_list>
<bind>
<opcode="xor(25) " fcode="xor"/>
<opset="xor_ln121_4/9 "/>
</bind>
</comp>

<comp id="2598" class="1004" name="select_ln121_4_fu_2598">
<pin_list>
<pin id="2599" dir="0" index="0" bw="1" slack="0"/>
<pin id="2600" dir="0" index="1" bw="1" slack="0"/>
<pin id="2601" dir="0" index="2" bw="1" slack="0"/>
<pin id="2602" dir="1" index="3" bw="32" slack="0"/>
</pin_list>
<bind>
<opcode="select(49) " fcode="select"/>
<opset="select_ln121_4/9 "/>
</bind>
</comp>

<comp id="2606" class="1004" name="acc_75_fu_2606">
<pin_list>
<pin id="2607" dir="0" index="0" bw="32" slack="0"/>
<pin id="2608" dir="0" index="1" bw="32" slack="0"/>
<pin id="2609" dir="1" index="2" bw="32" slack="0"/>
</pin_list>
<bind>
<opcode="add(8) " fcode="add"/>
<opset="acc_75/9 "/>
</bind>
</comp>

<comp id="2612" class="1004" name="w_13_fu_2612">
<pin_list>
<pin id="2613" dir="0" index="0" bw="32" slack="4"/>
<pin id="2614" dir="1" index="1" bw="1" slack="0"/>
</pin_list>
<bind>
<opcode="trunc(33) " fcode="trunc"/>
<opset="w_13/9 "/>
</bind>
</comp>

<comp id="2615" class="1004" name="xor_ln121_5_fu_2615">
<pin_list>
<pin id="2616" dir="0" index="0" bw="1" slack="4"/>
<pin id="2617" dir="0" index="1" bw="1" slack="0"/>
<pin id="2618" dir="1" index="2" bw="1" slack="0"/>
</pin_list>
<bind>
<opcode="xor(25) " fcode="xor"/>
<opset="xor_ln121_5/9 "/>
</bind>
</comp>

<comp id="2620" class="1004" name="select_ln121_5_fu_2620">
<pin_list>
<pin id="2621" dir="0" index="0" bw="1" slack="0"/>
<pin id="2622" dir="0" index="1" bw="1" slack="0"/>
<pin id="2623" dir="0" index="2" bw="1" slack="0"/>
<pin id="2624" dir="1" index="3" bw="32" slack="0"/>
</pin_list>
<bind>
<opcode="select(49) " fcode="select"/>
<opset="select_ln121_5/9 "/>
</bind>
</comp>

<comp id="2628" class="1004" name="acc_76_fu_2628">
<pin_list>
<pin id="2629" dir="0" index="0" bw="32" slack="0"/>
<pin id="2630" dir="0" index="1" bw="32" slack="0"/>
<pin id="2631" dir="1" index="2" bw="32" slack="0"/>
</pin_list>
<bind>
<opcode="add(8) " fcode="add"/>
<opset="acc_76/9 "/>
</bind>
</comp>

<comp id="2634" class="1004" name="acc_61_fu_2634">
<pin_list>
<pin id="2635" dir="0" index="0" bw="1" slack="7"/>
<pin id="2636" dir="0" index="1" bw="32" slack="0"/>
<pin id="2637" dir="0" index="2" bw="32" slack="0"/>
<pin id="2638" dir="1" index="3" bw="32" slack="1"/>
</pin_list>
<bind>
<opcode="select(49) " fcode="select"/>
<opset="acc_61/9 "/>
</bind>
</comp>

<comp id="2641" class="1004" name="or_ln118_3_fu_2641">
<pin_list>
<pin id="2642" dir="0" index="0" bw="4" slack="8"/>
<pin id="2643" dir="0" index="1" bw="4" slack="8"/>
<pin id="2644" dir="1" index="2" bw="4" slack="0"/>
</pin_list>
<bind>
<opcode="or(24) " fcode="or"/>
<opset="or_ln118_3/10 "/>
</bind>
</comp>

<comp id="2645" class="1004" name="tmp_63_fu_2645">
<pin_list>
<pin id="2646" dir="0" index="0" bw="1" slack="0"/>
<pin id="2647" dir="0" index="1" bw="4" slack="0"/>
<pin id="2648" dir="0" index="2" bw="3" slack="0"/>
<pin id="2649" dir="1" index="3" bw="1" slack="0"/>
</pin_list>
<bind>
<opcode="bitselect(1000) " fcode="bitselect"/>
<opset="tmp_63/10 "/>
</bind>
</comp>

<comp id="2653" class="1004" name="w_14_fu_2653">
<pin_list>
<pin id="2654" dir="0" index="0" bw="32" slack="4"/>
<pin id="2655" dir="1" index="1" bw="1" slack="0"/>
</pin_list>
<bind>
<opcode="trunc(33) " fcode="trunc"/>
<opset="w_14/10 "/>
</bind>
</comp>

<comp id="2656" class="1004" name="xor_ln121_6_fu_2656">
<pin_list>
<pin id="2657" dir="0" index="0" bw="1" slack="4"/>
<pin id="2658" dir="0" index="1" bw="1" slack="0"/>
<pin id="2659" dir="1" index="2" bw="1" slack="0"/>
</pin_list>
<bind>
<opcode="xor(25) " fcode="xor"/>
<opset="xor_ln121_6/10 "/>
</bind>
</comp>

<comp id="2661" class="1004" name="select_ln121_6_fu_2661">
<pin_list>
<pin id="2662" dir="0" index="0" bw="1" slack="0"/>
<pin id="2663" dir="0" index="1" bw="1" slack="0"/>
<pin id="2664" dir="0" index="2" bw="1" slack="0"/>
<pin id="2665" dir="1" index="3" bw="32" slack="0"/>
</pin_list>
<bind>
<opcode="select(49) " fcode="select"/>
<opset="select_ln121_6/10 "/>
</bind>
</comp>

<comp id="2669" class="1004" name="acc_77_fu_2669">
<pin_list>
<pin id="2670" dir="0" index="0" bw="32" slack="0"/>
<pin id="2671" dir="0" index="1" bw="32" slack="1"/>
<pin id="2672" dir="1" index="2" bw="32" slack="0"/>
</pin_list>
<bind>
<opcode="add(8) " fcode="add"/>
<opset="acc_77/10 "/>
</bind>
</comp>

<comp id="2674" class="1004" name="acc_65_fu_2674">
<pin_list>
<pin id="2675" dir="0" index="0" bw="1" slack="2"/>
<pin id="2676" dir="0" index="1" bw="32" slack="0"/>
<pin id="2677" dir="0" index="2" bw="32" slack="1"/>
<pin id="2678" dir="1" index="3" bw="32" slack="0"/>
</pin_list>
<bind>
<opcode="select(49) " fcode="select"/>
<opset="acc_65/10 "/>
</bind>
</comp>

<comp id="2680" class="1004" name="w_15_fu_2680">
<pin_list>
<pin id="2681" dir="0" index="0" bw="32" slack="4"/>
<pin id="2682" dir="1" index="1" bw="1" slack="0"/>
</pin_list>
<bind>
<opcode="trunc(33) " fcode="trunc"/>
<opset="w_15/10 "/>
</bind>
</comp>

<comp id="2683" class="1004" name="xor_ln121_7_fu_2683">
<pin_list>
<pin id="2684" dir="0" index="0" bw="1" slack="4"/>
<pin id="2685" dir="0" index="1" bw="1" slack="0"/>
<pin id="2686" dir="1" index="2" bw="1" slack="0"/>
</pin_list>
<bind>
<opcode="xor(25) " fcode="xor"/>
<opset="xor_ln121_7/10 "/>
</bind>
</comp>

<comp id="2688" class="1004" name="select_ln121_7_fu_2688">
<pin_list>
<pin id="2689" dir="0" index="0" bw="1" slack="0"/>
<pin id="2690" dir="0" index="1" bw="1" slack="0"/>
<pin id="2691" dir="0" index="2" bw="1" slack="0"/>
<pin id="2692" dir="1" index="3" bw="32" slack="0"/>
</pin_list>
<bind>
<opcode="select(49) " fcode="select"/>
<opset="select_ln121_7/10 "/>
</bind>
</comp>

<comp id="2696" class="1004" name="acc_78_fu_2696">
<pin_list>
<pin id="2697" dir="0" index="0" bw="32" slack="0"/>
<pin id="2698" dir="0" index="1" bw="32" slack="0"/>
<pin id="2699" dir="1" index="2" bw="32" slack="0"/>
</pin_list>
<bind>
<opcode="add(8) " fcode="add"/>
<opset="acc_78/10 "/>
</bind>
</comp>

<comp id="2702" class="1004" name="acc_69_fu_2702">
<pin_list>
<pin id="2703" dir="0" index="0" bw="1" slack="8"/>
<pin id="2704" dir="0" index="1" bw="32" slack="0"/>
<pin id="2705" dir="0" index="2" bw="32" slack="0"/>
<pin id="2706" dir="1" index="3" bw="32" slack="0"/>
</pin_list>
<bind>
<opcode="select(49) " fcode="select"/>
<opset="acc_69/10 "/>
</bind>
</comp>

<comp id="2709" class="1004" name="w_16_fu_2709">
<pin_list>
<pin id="2710" dir="0" index="0" bw="32" slack="3"/>
<pin id="2711" dir="1" index="1" bw="1" slack="0"/>
</pin_list>
<bind>
<opcode="trunc(33) " fcode="trunc"/>
<opset="w_16/10 "/>
</bind>
</comp>

<comp id="2712" class="1004" name="xor_ln121_8_fu_2712">
<pin_list>
<pin id="2713" dir="0" index="0" bw="1" slack="3"/>
<pin id="2714" dir="0" index="1" bw="1" slack="0"/>
<pin id="2715" dir="1" index="2" bw="1" slack="0"/>
</pin_list>
<bind>
<opcode="xor(25) " fcode="xor"/>
<opset="xor_ln121_8/10 "/>
</bind>
</comp>

<comp id="2717" class="1004" name="select_ln121_8_fu_2717">
<pin_list>
<pin id="2718" dir="0" index="0" bw="1" slack="0"/>
<pin id="2719" dir="0" index="1" bw="1" slack="0"/>
<pin id="2720" dir="0" index="2" bw="1" slack="0"/>
<pin id="2721" dir="1" index="3" bw="32" slack="0"/>
</pin_list>
<bind>
<opcode="select(49) " fcode="select"/>
<opset="select_ln121_8/10 "/>
</bind>
</comp>

<comp id="2725" class="1004" name="acc_79_fu_2725">
<pin_list>
<pin id="2726" dir="0" index="0" bw="32" slack="0"/>
<pin id="2727" dir="0" index="1" bw="32" slack="0"/>
<pin id="2728" dir="1" index="2" bw="32" slack="0"/>
</pin_list>
<bind>
<opcode="add(8) " fcode="add"/>
<opset="acc_79/10 "/>
</bind>
</comp>

<comp id="2731" class="1004" name="acc_71_fu_2731">
<pin_list>
<pin id="2732" dir="0" index="0" bw="1" slack="0"/>
<pin id="2733" dir="0" index="1" bw="32" slack="0"/>
<pin id="2734" dir="0" index="2" bw="32" slack="0"/>
<pin id="2735" dir="1" index="3" bw="32" slack="0"/>
</pin_list>
<bind>
<opcode="select(49) " fcode="select"/>
<opset="acc_71/10 "/>
</bind>
</comp>

<comp id="2744" class="1004" name="zext_ln125_2_fu_2744">
<pin_list>
<pin id="2745" dir="0" index="0" bw="4" slack="8"/>
<pin id="2746" dir="1" index="1" bw="64" slack="0"/>
</pin_list>
<bind>
<opcode="zext(34) " fcode="zext"/>
<opset="zext_ln125_2/10 "/>
</bind>
</comp>

<comp id="2752" class="1004" name="trunc_ln125_1_fu_2752">
<pin_list>
<pin id="2753" dir="0" index="0" bw="3" slack="0"/>
<pin id="2754" dir="1" index="1" bw="3" slack="0"/>
</pin_list>
<bind>
<opcode="trunc(33) " fcode="trunc"/>
<opset="trunc_ln125_1/10 "/>
</bind>
</comp>

<comp id="2756" class="1004" name="switch_ln125_fu_2756">
<pin_list>
<pin id="2757" dir="0" index="0" bw="3" slack="0"/>
<pin id="2758" dir="0" index="1" bw="1" slack="0"/>
<pin id="2759" dir="0" index="2" bw="1" slack="0"/>
<pin id="2760" dir="0" index="3" bw="3" slack="0"/>
<pin id="2761" dir="0" index="4" bw="3" slack="0"/>
<pin id="2762" dir="1" index="5" bw="0" slack="2147483647"/>
</pin_list>
<bind>
<opcode="switch(3) " fcode="switch"/>
<opset="switch_ln125/10 "/>
</bind>
</comp>

<comp id="2768" class="1004" name="store_ln112_store_fu_2768">
<pin_list>
<pin id="2769" dir="0" index="0" bw="32" slack="0"/>
<pin id="2770" dir="0" index="1" bw="32" slack="9"/>
<pin id="2771" dir="1" index="2" bw="0" slack="2147483647"/>
</pin_list>
<bind>
<opcode="store(28) " fcode="store"/>
<opset="store_ln112/10 "/>
</bind>
</comp>

<comp id="2773" class="1005" name="acc_27_reg_2773">
<pin_list>
<pin id="2774" dir="0" index="0" bw="32" slack="0"/>
<pin id="2775" dir="1" index="1" bw="32" slack="0"/>
</pin_list>
<bind>
<opset="acc_27 "/>
</bind>
</comp>

<comp id="2780" class="1005" name="ci_reg_2780">
<pin_list>
<pin id="2781" dir="0" index="0" bw="7" slack="0"/>
<pin id="2782" dir="1" index="1" bw="7" slack="0"/>
</pin_list>
<bind>
<opset="ci "/>
</bind>
</comp>

<comp id="2787" class="1005" name="ow_reg_2787">
<pin_list>
<pin id="2788" dir="0" index="0" bw="4" slack="0"/>
<pin id="2789" dir="1" index="1" bw="4" slack="0"/>
</pin_list>
<bind>
<opset="ow "/>
</bind>
</comp>

<comp id="2794" class="1005" name="indvar_flatten43_reg_2794">
<pin_list>
<pin id="2795" dir="0" index="0" bw="11" slack="0"/>
<pin id="2796" dir="1" index="1" bw="11" slack="0"/>
</pin_list>
<bind>
<opset="indvar_flatten43 "/>
</bind>
</comp>

<comp id="2801" class="1005" name="oh_reg_2801">
<pin_list>
<pin id="2802" dir="0" index="0" bw="4" slack="0"/>
<pin id="2803" dir="1" index="1" bw="4" slack="0"/>
</pin_list>
<bind>
<opset="oh "/>
</bind>
</comp>

<comp id="2808" class="1005" name="indvar_flatten59_reg_2808">
<pin_list>
<pin id="2809" dir="0" index="0" bw="13" slack="0"/>
<pin id="2810" dir="1" index="1" bw="13" slack="0"/>
</pin_list>
<bind>
<opset="indvar_flatten59 "/>
</bind>
</comp>

<comp id="2815" class="1005" name="mul_ln110_read_reg_2815">
<pin_list>
<pin id="2816" dir="0" index="0" bw="16" slack="1"/>
<pin id="2817" dir="1" index="1" bw="16" slack="1"/>
</pin_list>
<bind>
<opset="mul_ln110_read "/>
</bind>
</comp>

<comp id="2820" class="1005" name="icmp_ln110_reg_2820">
<pin_list>
<pin id="2821" dir="0" index="0" bw="1" slack="1"/>
<pin id="2822" dir="1" index="1" bw="1" slack="2147483647"/>
</pin_list>
<bind>
<opset="icmp_ln110 "/>
</bind>
</comp>

<comp id="2824" class="1005" name="select_ln110_1_reg_2824">
<pin_list>
<pin id="2825" dir="0" index="0" bw="4" slack="3"/>
<pin id="2826" dir="1" index="1" bw="4" slack="3"/>
</pin_list>
<bind>
<opset="select_ln110_1 "/>
</bind>
</comp>

<comp id="2831" class="1005" name="select_ln110_3_reg_2831">
<pin_list>
<pin id="2832" dir="0" index="0" bw="4" slack="2"/>
<pin id="2833" dir="1" index="1" bw="4" slack="2"/>
</pin_list>
<bind>
<opset="select_ln110_3 "/>
</bind>
</comp>

<comp id="2837" class="1005" name="empty_reg_2837">
<pin_list>
<pin id="2838" dir="0" index="0" bw="1" slack="6"/>
<pin id="2839" dir="1" index="1" bw="1" slack="6"/>
</pin_list>
<bind>
<opset="empty "/>
</bind>
</comp>

<comp id="2842" class="1005" name="add_ln117_2_mid2_reg_2842">
<pin_list>
<pin id="2843" dir="0" index="0" bw="4" slack="5"/>
<pin id="2844" dir="1" index="1" bw="4" slack="5"/>
</pin_list>
<bind>
<opset="add_ln117_2_mid2 "/>
</bind>
</comp>

<comp id="2849" class="1005" name="select_ln111_reg_2849">
<pin_list>
<pin id="2850" dir="0" index="0" bw="4" slack="3"/>
<pin id="2851" dir="1" index="1" bw="4" slack="3"/>
</pin_list>
<bind>
<opset="select_ln111 "/>
</bind>
</comp>

<comp id="2856" class="1005" name="trunc_ln125_reg_2856">
<pin_list>
<pin id="2857" dir="0" index="0" bw="3" slack="3"/>
<pin id="2858" dir="1" index="1" bw="3" slack="3"/>
</pin_list>
<bind>
<opset="trunc_ln125 "/>
</bind>
</comp>

<comp id="2863" class="1005" name="tmp_55_reg_2863">
<pin_list>
<pin id="2864" dir="0" index="0" bw="1" slack="3"/>
<pin id="2865" dir="1" index="1" bw="1" slack="8"/>
</pin_list>
<bind>
<opset="tmp_55 "/>
</bind>
</comp>

<comp id="2868" class="1005" name="trunc_ln111_reg_2868">
<pin_list>
<pin id="2869" dir="0" index="0" bw="3" slack="2"/>
<pin id="2870" dir="1" index="1" bw="3" slack="3"/>
</pin_list>
<bind>
<opset="trunc_ln111 "/>
</bind>
</comp>

<comp id="2877" class="1005" name="tmp_60_reg_2877">
<pin_list>
<pin id="2878" dir="0" index="0" bw="1" slack="2"/>
<pin id="2879" dir="1" index="1" bw="1" slack="2"/>
</pin_list>
<bind>
<opset="tmp_60 "/>
</bind>
</comp>

<comp id="2883" class="1005" name="trunc_ln119_reg_2883">
<pin_list>
<pin id="2884" dir="0" index="0" bw="6" slack="2"/>
<pin id="2885" dir="1" index="1" bw="6" slack="2"/>
</pin_list>
<bind>
<opset="trunc_ln119 "/>
</bind>
</comp>

<comp id="2891" class="1005" name="add_ln120_reg_2891">
<pin_list>
<pin id="2892" dir="0" index="0" bw="16" slack="1"/>
<pin id="2893" dir="1" index="1" bw="16" slack="1"/>
</pin_list>
<bind>
<opset="add_ln120 "/>
</bind>
</comp>

<comp id="2902" class="1005" name="trunc_ln120_reg_2902">
<pin_list>
<pin id="2903" dir="0" index="0" bw="5" slack="1"/>
<pin id="2904" dir="1" index="1" bw="5" slack="1"/>
</pin_list>
<bind>
<opset="trunc_ln120 "/>
</bind>
</comp>

<comp id="2915" class="1005" name="W3_0_addr_reg_2915">
<pin_list>
<pin id="2916" dir="0" index="0" bw="10" slack="1"/>
<pin id="2917" dir="1" index="1" bw="10" slack="1"/>
</pin_list>
<bind>
<opset="W3_0_addr "/>
</bind>
</comp>

<comp id="2920" class="1005" name="W3_1_addr_reg_2920">
<pin_list>
<pin id="2921" dir="0" index="0" bw="10" slack="1"/>
<pin id="2922" dir="1" index="1" bw="10" slack="1"/>
</pin_list>
<bind>
<opset="W3_1_addr "/>
</bind>
</comp>

<comp id="2925" class="1005" name="tmp_65_reg_2925">
<pin_list>
<pin id="2926" dir="0" index="0" bw="1" slack="1"/>
<pin id="2927" dir="1" index="1" bw="1" slack="1"/>
</pin_list>
<bind>
<opset="tmp_65 "/>
</bind>
</comp>

<comp id="2930" class="1005" name="W3_0_addr_1_reg_2930">
<pin_list>
<pin id="2931" dir="0" index="0" bw="10" slack="1"/>
<pin id="2932" dir="1" index="1" bw="10" slack="1"/>
</pin_list>
<bind>
<opset="W3_0_addr_1 "/>
</bind>
</comp>

<comp id="2935" class="1005" name="W3_1_addr_1_reg_2935">
<pin_list>
<pin id="2936" dir="0" index="0" bw="10" slack="1"/>
<pin id="2937" dir="1" index="1" bw="10" slack="1"/>
</pin_list>
<bind>
<opset="W3_1_addr_1 "/>
</bind>
</comp>

<comp id="2940" class="1005" name="tmp_66_reg_2940">
<pin_list>
<pin id="2941" dir="0" index="0" bw="1" slack="1"/>
<pin id="2942" dir="1" index="1" bw="1" slack="1"/>
</pin_list>
<bind>
<opset="tmp_66 "/>
</bind>
</comp>

<comp id="2945" class="1005" name="icmp_ln113_1_reg_2945">
<pin_list>
<pin id="2946" dir="0" index="0" bw="1" slack="8"/>
<pin id="2947" dir="1" index="1" bw="1" slack="2147483647"/>
</pin_list>
<bind>
<opset="icmp_ln113_1 "/>
</bind>
</comp>

<comp id="2949" class="1005" name="add_ln125_reg_2949">
<pin_list>
<pin id="2950" dir="0" index="0" bw="5" slack="1"/>
<pin id="2951" dir="1" index="1" bw="5" slack="1"/>
</pin_list>
<bind>
<opset="add_ln125 "/>
</bind>
</comp>

<comp id="2954" class="1005" name="tmp_74_reg_2954">
<pin_list>
<pin id="2955" dir="0" index="0" bw="4" slack="8"/>
<pin id="2956" dir="1" index="1" bw="4" slack="8"/>
</pin_list>
<bind>
<opset="tmp_74 "/>
</bind>
</comp>

<comp id="2959" class="1005" name="lshr_ln120_reg_2959">
<pin_list>
<pin id="2960" dir="0" index="0" bw="32" slack="5"/>
<pin id="2961" dir="1" index="1" bw="32" slack="5"/>
</pin_list>
<bind>
<opset="lshr_ln120 "/>
</bind>
</comp>

<comp id="2964" class="1005" name="lshr_ln120_1_reg_2964">
<pin_list>
<pin id="2965" dir="0" index="0" bw="32" slack="5"/>
<pin id="2966" dir="1" index="1" bw="32" slack="5"/>
</pin_list>
<bind>
<opset="lshr_ln120_1 "/>
</bind>
</comp>

<comp id="2969" class="1005" name="W3_0_addr_2_reg_2969">
<pin_list>
<pin id="2970" dir="0" index="0" bw="10" slack="1"/>
<pin id="2971" dir="1" index="1" bw="10" slack="1"/>
</pin_list>
<bind>
<opset="W3_0_addr_2 "/>
</bind>
</comp>

<comp id="2974" class="1005" name="W3_1_addr_2_reg_2974">
<pin_list>
<pin id="2975" dir="0" index="0" bw="10" slack="1"/>
<pin id="2976" dir="1" index="1" bw="10" slack="1"/>
</pin_list>
<bind>
<opset="W3_1_addr_2 "/>
</bind>
</comp>

<comp id="2979" class="1005" name="tmp_67_reg_2979">
<pin_list>
<pin id="2980" dir="0" index="0" bw="1" slack="1"/>
<pin id="2981" dir="1" index="1" bw="1" slack="1"/>
</pin_list>
<bind>
<opset="tmp_67 "/>
</bind>
</comp>

<comp id="2984" class="1005" name="W3_0_addr_3_reg_2984">
<pin_list>
<pin id="2985" dir="0" index="0" bw="10" slack="1"/>
<pin id="2986" dir="1" index="1" bw="10" slack="1"/>
</pin_list>
<bind>
<opset="W3_0_addr_3 "/>
</bind>
</comp>

<comp id="2989" class="1005" name="W3_1_addr_3_reg_2989">
<pin_list>
<pin id="2990" dir="0" index="0" bw="10" slack="1"/>
<pin id="2991" dir="1" index="1" bw="10" slack="1"/>
</pin_list>
<bind>
<opset="W3_1_addr_3 "/>
</bind>
</comp>

<comp id="2994" class="1005" name="tmp_68_reg_2994">
<pin_list>
<pin id="2995" dir="0" index="0" bw="1" slack="1"/>
<pin id="2996" dir="1" index="1" bw="1" slack="1"/>
</pin_list>
<bind>
<opset="tmp_68 "/>
</bind>
</comp>

<comp id="2999" class="1005" name="zext_ln113_reg_2999">
<pin_list>
<pin id="3000" dir="0" index="0" bw="9" slack="1"/>
<pin id="3001" dir="1" index="1" bw="9" slack="1"/>
</pin_list>
<bind>
<opset="zext_ln113 "/>
</bind>
</comp>

<comp id="3004" class="1005" name="shl_ln8_reg_3004">
<pin_list>
<pin id="3005" dir="0" index="0" bw="9" slack="1"/>
<pin id="3006" dir="1" index="1" bw="9" slack="1"/>
</pin_list>
<bind>
<opset="shl_ln8 "/>
</bind>
</comp>

<comp id="3009" class="1005" name="lshr_ln120_3_reg_3009">
<pin_list>
<pin id="3010" dir="0" index="0" bw="32" slack="5"/>
<pin id="3011" dir="1" index="1" bw="32" slack="5"/>
</pin_list>
<bind>
<opset="lshr_ln120_3 "/>
</bind>
</comp>

<comp id="3014" class="1005" name="lshr_ln120_5_reg_3014">
<pin_list>
<pin id="3015" dir="0" index="0" bw="32" slack="5"/>
<pin id="3016" dir="1" index="1" bw="32" slack="5"/>
</pin_list>
<bind>
<opset="lshr_ln120_5 "/>
</bind>
</comp>

<comp id="3019" class="1005" name="bnn_top_int_const_unsigned_int_const_int_const_unsigned_int_const_int_co_375_reg_3019">
<pin_list>
<pin id="3020" dir="0" index="0" bw="9" slack="1"/>
<pin id="3021" dir="1" index="1" bw="9" slack="1"/>
</pin_list>
<bind>
<opset="bnn_top_int_const_unsigned_int_const_int_const_unsigned_int_const_int_co_375 "/>
</bind>
</comp>

<comp id="3024" class="1005" name="bnn_top_int_const_unsigned_int_const_int_const_unsigned_int_const_int_co_376_reg_3024">
<pin_list>
<pin id="3025" dir="0" index="0" bw="9" slack="1"/>
<pin id="3026" dir="1" index="1" bw="9" slack="1"/>
</pin_list>
<bind>
<opset="bnn_top_int_const_unsigned_int_const_int_const_unsigned_int_const_int_co_376 "/>
</bind>
</comp>

<comp id="3029" class="1005" name="bnn_top_int_const_unsigned_int_const_int_const_unsigned_int_const_int_co_377_reg_3029">
<pin_list>
<pin id="3030" dir="0" index="0" bw="9" slack="1"/>
<pin id="3031" dir="1" index="1" bw="9" slack="1"/>
</pin_list>
<bind>
<opset="bnn_top_int_const_unsigned_int_const_int_const_unsigned_int_const_int_co_377 "/>
</bind>
</comp>

<comp id="3034" class="1005" name="bnn_top_int_const_unsigned_int_const_int_const_unsigned_int_const_int_co_378_reg_3034">
<pin_list>
<pin id="3035" dir="0" index="0" bw="9" slack="1"/>
<pin id="3036" dir="1" index="1" bw="9" slack="1"/>
</pin_list>
<bind>
<opset="bnn_top_int_const_unsigned_int_const_int_const_unsigned_int_const_int_co_378 "/>
</bind>
</comp>

<comp id="3039" class="1005" name="bnn_top_int_const_unsigned_int_const_int_const_unsigned_int_const_int_co_379_reg_3039">
<pin_list>
<pin id="3040" dir="0" index="0" bw="9" slack="1"/>
<pin id="3041" dir="1" index="1" bw="9" slack="1"/>
</pin_list>
<bind>
<opset="bnn_top_int_const_unsigned_int_const_int_const_unsigned_int_const_int_co_379 "/>
</bind>
</comp>

<comp id="3044" class="1005" name="bnn_top_int_const_unsigned_int_const_int_const_unsigned_int_const_int_co_380_reg_3044">
<pin_list>
<pin id="3045" dir="0" index="0" bw="9" slack="1"/>
<pin id="3046" dir="1" index="1" bw="9" slack="1"/>
</pin_list>
<bind>
<opset="bnn_top_int_const_unsigned_int_const_int_const_unsigned_int_const_int_co_380 "/>
</bind>
</comp>

<comp id="3049" class="1005" name="bnn_top_int_const_unsigned_int_const_int_const_unsigned_int_const_int_co_381_reg_3049">
<pin_list>
<pin id="3050" dir="0" index="0" bw="9" slack="1"/>
<pin id="3051" dir="1" index="1" bw="9" slack="1"/>
</pin_list>
<bind>
<opset="bnn_top_int_const_unsigned_int_const_int_const_unsigned_int_const_int_co_381 "/>
</bind>
</comp>

<comp id="3054" class="1005" name="bnn_top_int_const_unsigned_int_const_int_const_unsigned_int_const_int_co_382_reg_3054">
<pin_list>
<pin id="3055" dir="0" index="0" bw="9" slack="1"/>
<pin id="3056" dir="1" index="1" bw="9" slack="1"/>
</pin_list>
<bind>
<opset="bnn_top_int_const_unsigned_int_const_int_const_unsigned_int_const_int_co_382 "/>
</bind>
</comp>

<comp id="3059" class="1005" name="W3_0_addr_4_reg_3059">
<pin_list>
<pin id="3060" dir="0" index="0" bw="10" slack="1"/>
<pin id="3061" dir="1" index="1" bw="10" slack="1"/>
</pin_list>
<bind>
<opset="W3_0_addr_4 "/>
</bind>
</comp>

<comp id="3064" class="1005" name="W3_1_addr_4_reg_3064">
<pin_list>
<pin id="3065" dir="0" index="0" bw="10" slack="1"/>
<pin id="3066" dir="1" index="1" bw="10" slack="1"/>
</pin_list>
<bind>
<opset="W3_1_addr_4 "/>
</bind>
</comp>

<comp id="3069" class="1005" name="tmp_69_reg_3069">
<pin_list>
<pin id="3070" dir="0" index="0" bw="1" slack="1"/>
<pin id="3071" dir="1" index="1" bw="1" slack="1"/>
</pin_list>
<bind>
<opset="tmp_69 "/>
</bind>
</comp>

<comp id="3074" class="1005" name="bnn_top_int_const_unsigned_int_const_int_const_unsigned_int_const_int_co_391_reg_3074">
<pin_list>
<pin id="3075" dir="0" index="0" bw="9" slack="1"/>
<pin id="3076" dir="1" index="1" bw="9" slack="1"/>
</pin_list>
<bind>
<opset="bnn_top_int_const_unsigned_int_const_int_const_unsigned_int_const_int_co_391 "/>
</bind>
</comp>

<comp id="3079" class="1005" name="bnn_top_int_const_unsigned_int_const_int_const_unsigned_int_const_int_co_392_reg_3079">
<pin_list>
<pin id="3080" dir="0" index="0" bw="9" slack="1"/>
<pin id="3081" dir="1" index="1" bw="9" slack="1"/>
</pin_list>
<bind>
<opset="bnn_top_int_const_unsigned_int_const_int_const_unsigned_int_const_int_co_392 "/>
</bind>
</comp>

<comp id="3084" class="1005" name="bnn_top_int_const_unsigned_int_const_int_const_unsigned_int_const_int_co_393_reg_3084">
<pin_list>
<pin id="3085" dir="0" index="0" bw="9" slack="1"/>
<pin id="3086" dir="1" index="1" bw="9" slack="1"/>
</pin_list>
<bind>
<opset="bnn_top_int_const_unsigned_int_const_int_const_unsigned_int_const_int_co_393 "/>
</bind>
</comp>

<comp id="3089" class="1005" name="bnn_top_int_const_unsigned_int_const_int_const_unsigned_int_const_int_co_394_reg_3089">
<pin_list>
<pin id="3090" dir="0" index="0" bw="9" slack="1"/>
<pin id="3091" dir="1" index="1" bw="9" slack="1"/>
</pin_list>
<bind>
<opset="bnn_top_int_const_unsigned_int_const_int_const_unsigned_int_const_int_co_394 "/>
</bind>
</comp>

<comp id="3094" class="1005" name="bnn_top_int_const_unsigned_int_const_int_const_unsigned_int_const_int_co_395_reg_3094">
<pin_list>
<pin id="3095" dir="0" index="0" bw="9" slack="1"/>
<pin id="3096" dir="1" index="1" bw="9" slack="1"/>
</pin_list>
<bind>
<opset="bnn_top_int_const_unsigned_int_const_int_const_unsigned_int_const_int_co_395 "/>
</bind>
</comp>

<comp id="3099" class="1005" name="bnn_top_int_const_unsigned_int_const_int_const_unsigned_int_const_int_co_396_reg_3099">
<pin_list>
<pin id="3100" dir="0" index="0" bw="9" slack="1"/>
<pin id="3101" dir="1" index="1" bw="9" slack="1"/>
</pin_list>
<bind>
<opset="bnn_top_int_const_unsigned_int_const_int_const_unsigned_int_const_int_co_396 "/>
</bind>
</comp>

<comp id="3104" class="1005" name="bnn_top_int_const_unsigned_int_const_int_const_unsigned_int_const_int_co_397_reg_3104">
<pin_list>
<pin id="3105" dir="0" index="0" bw="9" slack="1"/>
<pin id="3106" dir="1" index="1" bw="9" slack="1"/>
</pin_list>
<bind>
<opset="bnn_top_int_const_unsigned_int_const_int_const_unsigned_int_const_int_co_397 "/>
</bind>
</comp>

<comp id="3109" class="1005" name="bnn_top_int_const_unsigned_int_const_int_const_unsigned_int_const_int_co_398_reg_3109">
<pin_list>
<pin id="3110" dir="0" index="0" bw="9" slack="1"/>
<pin id="3111" dir="1" index="1" bw="9" slack="1"/>
</pin_list>
<bind>
<opset="bnn_top_int_const_unsigned_int_const_int_const_unsigned_int_const_int_co_398 "/>
</bind>
</comp>

<comp id="3114" class="1005" name="W3_0_addr_5_reg_3114">
<pin_list>
<pin id="3115" dir="0" index="0" bw="10" slack="1"/>
<pin id="3116" dir="1" index="1" bw="10" slack="1"/>
</pin_list>
<bind>
<opset="W3_0_addr_5 "/>
</bind>
</comp>

<comp id="3119" class="1005" name="W3_1_addr_5_reg_3119">
<pin_list>
<pin id="3120" dir="0" index="0" bw="10" slack="1"/>
<pin id="3121" dir="1" index="1" bw="10" slack="1"/>
</pin_list>
<bind>
<opset="W3_1_addr_5 "/>
</bind>
</comp>

<comp id="3124" class="1005" name="tmp_70_reg_3124">
<pin_list>
<pin id="3125" dir="0" index="0" bw="1" slack="1"/>
<pin id="3126" dir="1" index="1" bw="1" slack="1"/>
</pin_list>
<bind>
<opset="tmp_70 "/>
</bind>
</comp>

<comp id="3129" class="1005" name="shl_ln7_reg_3129">
<pin_list>
<pin id="3130" dir="0" index="0" bw="6" slack="2"/>
<pin id="3131" dir="1" index="1" bw="6" slack="2"/>
</pin_list>
<bind>
<opset="shl_ln7 "/>
</bind>
</comp>

<comp id="3134" class="1005" name="add_ln117_1_reg_3134">
<pin_list>
<pin id="3135" dir="0" index="0" bw="4" slack="2"/>
<pin id="3136" dir="1" index="1" bw="4" slack="2"/>
</pin_list>
<bind>
<opset="add_ln117_1 "/>
</bind>
</comp>

<comp id="3141" class="1005" name="tmp_59_reg_3141">
<pin_list>
<pin id="3142" dir="0" index="0" bw="1" slack="2"/>
<pin id="3143" dir="1" index="1" bw="1" slack="3"/>
</pin_list>
<bind>
<opset="tmp_59 "/>
</bind>
</comp>

<comp id="3147" class="1005" name="a_9_reg_3147">
<pin_list>
<pin id="3148" dir="0" index="0" bw="1" slack="4"/>
<pin id="3149" dir="1" index="1" bw="1" slack="4"/>
</pin_list>
<bind>
<opset="a_9 "/>
</bind>
</comp>

<comp id="3152" class="1005" name="lshr_ln120_7_reg_3152">
<pin_list>
<pin id="3153" dir="0" index="0" bw="32" slack="4"/>
<pin id="3154" dir="1" index="1" bw="32" slack="4"/>
</pin_list>
<bind>
<opset="lshr_ln120_7 "/>
</bind>
</comp>

<comp id="3157" class="1005" name="a_10_reg_3157">
<pin_list>
<pin id="3158" dir="0" index="0" bw="1" slack="4"/>
<pin id="3159" dir="1" index="1" bw="1" slack="4"/>
</pin_list>
<bind>
<opset="a_10 "/>
</bind>
</comp>

<comp id="3162" class="1005" name="lshr_ln120_9_reg_3162">
<pin_list>
<pin id="3163" dir="0" index="0" bw="32" slack="4"/>
<pin id="3164" dir="1" index="1" bw="32" slack="4"/>
</pin_list>
<bind>
<opset="lshr_ln120_9 "/>
</bind>
</comp>

<comp id="3167" class="1005" name="bnn_top_int_const_unsigned_int_const_int_const_unsigned_int_const_int_co_407_reg_3167">
<pin_list>
<pin id="3168" dir="0" index="0" bw="9" slack="1"/>
<pin id="3169" dir="1" index="1" bw="9" slack="1"/>
</pin_list>
<bind>
<opset="bnn_top_int_const_unsigned_int_const_int_const_unsigned_int_const_int_co_407 "/>
</bind>
</comp>

<comp id="3172" class="1005" name="bnn_top_int_const_unsigned_int_const_int_const_unsigned_int_const_int_co_408_reg_3172">
<pin_list>
<pin id="3173" dir="0" index="0" bw="9" slack="1"/>
<pin id="3174" dir="1" index="1" bw="9" slack="1"/>
</pin_list>
<bind>
<opset="bnn_top_int_const_unsigned_int_const_int_const_unsigned_int_const_int_co_408 "/>
</bind>
</comp>

<comp id="3177" class="1005" name="bnn_top_int_const_unsigned_int_const_int_const_unsigned_int_const_int_co_409_reg_3177">
<pin_list>
<pin id="3178" dir="0" index="0" bw="9" slack="1"/>
<pin id="3179" dir="1" index="1" bw="9" slack="1"/>
</pin_list>
<bind>
<opset="bnn_top_int_const_unsigned_int_const_int_const_unsigned_int_const_int_co_409 "/>
</bind>
</comp>

<comp id="3182" class="1005" name="bnn_top_int_const_unsigned_int_const_int_const_unsigned_int_const_int_co_410_reg_3182">
<pin_list>
<pin id="3183" dir="0" index="0" bw="9" slack="1"/>
<pin id="3184" dir="1" index="1" bw="9" slack="1"/>
</pin_list>
<bind>
<opset="bnn_top_int_const_unsigned_int_const_int_const_unsigned_int_const_int_co_410 "/>
</bind>
</comp>

<comp id="3187" class="1005" name="bnn_top_int_const_unsigned_int_const_int_const_unsigned_int_const_int_co_411_reg_3187">
<pin_list>
<pin id="3188" dir="0" index="0" bw="9" slack="1"/>
<pin id="3189" dir="1" index="1" bw="9" slack="1"/>
</pin_list>
<bind>
<opset="bnn_top_int_const_unsigned_int_const_int_const_unsigned_int_const_int_co_411 "/>
</bind>
</comp>

<comp id="3192" class="1005" name="bnn_top_int_const_unsigned_int_const_int_const_unsigned_int_const_int_co_412_reg_3192">
<pin_list>
<pin id="3193" dir="0" index="0" bw="9" slack="1"/>
<pin id="3194" dir="1" index="1" bw="9" slack="1"/>
</pin_list>
<bind>
<opset="bnn_top_int_const_unsigned_int_const_int_const_unsigned_int_const_int_co_412 "/>
</bind>
</comp>

<comp id="3197" class="1005" name="bnn_top_int_const_unsigned_int_const_int_const_unsigned_int_const_int_co_413_reg_3197">
<pin_list>
<pin id="3198" dir="0" index="0" bw="9" slack="1"/>
<pin id="3199" dir="1" index="1" bw="9" slack="1"/>
</pin_list>
<bind>
<opset="bnn_top_int_const_unsigned_int_const_int_const_unsigned_int_const_int_co_413 "/>
</bind>
</comp>

<comp id="3202" class="1005" name="bnn_top_int_const_unsigned_int_const_int_const_unsigned_int_const_int_co_414_reg_3202">
<pin_list>
<pin id="3203" dir="0" index="0" bw="9" slack="1"/>
<pin id="3204" dir="1" index="1" bw="9" slack="1"/>
</pin_list>
<bind>
<opset="bnn_top_int_const_unsigned_int_const_int_const_unsigned_int_const_int_co_414 "/>
</bind>
</comp>

<comp id="3207" class="1005" name="W3_0_addr_6_reg_3207">
<pin_list>
<pin id="3208" dir="0" index="0" bw="10" slack="1"/>
<pin id="3209" dir="1" index="1" bw="10" slack="1"/>
</pin_list>
<bind>
<opset="W3_0_addr_6 "/>
</bind>
</comp>

<comp id="3212" class="1005" name="W3_1_addr_6_reg_3212">
<pin_list>
<pin id="3213" dir="0" index="0" bw="10" slack="1"/>
<pin id="3214" dir="1" index="1" bw="10" slack="1"/>
</pin_list>
<bind>
<opset="W3_1_addr_6 "/>
</bind>
</comp>

<comp id="3217" class="1005" name="tmp_71_reg_3217">
<pin_list>
<pin id="3218" dir="0" index="0" bw="1" slack="1"/>
<pin id="3219" dir="1" index="1" bw="1" slack="1"/>
</pin_list>
<bind>
<opset="tmp_71 "/>
</bind>
</comp>

<comp id="3222" class="1005" name="bnn_top_int_const_unsigned_int_const_int_const_unsigned_int_const_int_co_423_reg_3222">
<pin_list>
<pin id="3223" dir="0" index="0" bw="9" slack="1"/>
<pin id="3224" dir="1" index="1" bw="9" slack="1"/>
</pin_list>
<bind>
<opset="bnn_top_int_const_unsigned_int_const_int_const_unsigned_int_const_int_co_423 "/>
</bind>
</comp>

<comp id="3227" class="1005" name="bnn_top_int_const_unsigned_int_const_int_const_unsigned_int_const_int_co_424_reg_3227">
<pin_list>
<pin id="3228" dir="0" index="0" bw="9" slack="1"/>
<pin id="3229" dir="1" index="1" bw="9" slack="1"/>
</pin_list>
<bind>
<opset="bnn_top_int_const_unsigned_int_const_int_const_unsigned_int_const_int_co_424 "/>
</bind>
</comp>

<comp id="3232" class="1005" name="bnn_top_int_const_unsigned_int_const_int_const_unsigned_int_const_int_co_425_reg_3232">
<pin_list>
<pin id="3233" dir="0" index="0" bw="9" slack="1"/>
<pin id="3234" dir="1" index="1" bw="9" slack="1"/>
</pin_list>
<bind>
<opset="bnn_top_int_const_unsigned_int_const_int_const_unsigned_int_const_int_co_425 "/>
</bind>
</comp>

<comp id="3237" class="1005" name="bnn_top_int_const_unsigned_int_const_int_const_unsigned_int_const_int_co_426_reg_3237">
<pin_list>
<pin id="3238" dir="0" index="0" bw="9" slack="1"/>
<pin id="3239" dir="1" index="1" bw="9" slack="1"/>
</pin_list>
<bind>
<opset="bnn_top_int_const_unsigned_int_const_int_const_unsigned_int_const_int_co_426 "/>
</bind>
</comp>

<comp id="3242" class="1005" name="bnn_top_int_const_unsigned_int_const_int_const_unsigned_int_const_int_co_427_reg_3242">
<pin_list>
<pin id="3243" dir="0" index="0" bw="9" slack="1"/>
<pin id="3244" dir="1" index="1" bw="9" slack="1"/>
</pin_list>
<bind>
<opset="bnn_top_int_const_unsigned_int_const_int_const_unsigned_int_const_int_co_427 "/>
</bind>
</comp>

<comp id="3247" class="1005" name="bnn_top_int_const_unsigned_int_const_int_const_unsigned_int_const_int_co_428_reg_3247">
<pin_list>
<pin id="3248" dir="0" index="0" bw="9" slack="1"/>
<pin id="3249" dir="1" index="1" bw="9" slack="1"/>
</pin_list>
<bind>
<opset="bnn_top_int_const_unsigned_int_const_int_const_unsigned_int_const_int_co_428 "/>
</bind>
</comp>

<comp id="3252" class="1005" name="bnn_top_int_const_unsigned_int_const_int_const_unsigned_int_const_int_co_429_reg_3252">
<pin_list>
<pin id="3253" dir="0" index="0" bw="9" slack="1"/>
<pin id="3254" dir="1" index="1" bw="9" slack="1"/>
</pin_list>
<bind>
<opset="bnn_top_int_const_unsigned_int_const_int_const_unsigned_int_const_int_co_429 "/>
</bind>
</comp>

<comp id="3257" class="1005" name="bnn_top_int_const_unsigned_int_const_int_const_unsigned_int_const_int_co_430_reg_3257">
<pin_list>
<pin id="3258" dir="0" index="0" bw="9" slack="1"/>
<pin id="3259" dir="1" index="1" bw="9" slack="1"/>
</pin_list>
<bind>
<opset="bnn_top_int_const_unsigned_int_const_int_const_unsigned_int_const_int_co_430 "/>
</bind>
</comp>

<comp id="3262" class="1005" name="W3_0_addr_7_reg_3262">
<pin_list>
<pin id="3263" dir="0" index="0" bw="10" slack="1"/>
<pin id="3264" dir="1" index="1" bw="10" slack="1"/>
</pin_list>
<bind>
<opset="W3_0_addr_7 "/>
</bind>
</comp>

<comp id="3267" class="1005" name="W3_1_addr_7_reg_3267">
<pin_list>
<pin id="3268" dir="0" index="0" bw="10" slack="1"/>
<pin id="3269" dir="1" index="1" bw="10" slack="1"/>
</pin_list>
<bind>
<opset="W3_1_addr_7 "/>
</bind>
</comp>

<comp id="3272" class="1005" name="tmp_72_reg_3272">
<pin_list>
<pin id="3273" dir="0" index="0" bw="1" slack="1"/>
<pin id="3274" dir="1" index="1" bw="1" slack="1"/>
</pin_list>
<bind>
<opset="tmp_72 "/>
</bind>
</comp>

<comp id="3277" class="1005" name="add_ln119_11_reg_3277">
<pin_list>
<pin id="3278" dir="0" index="0" bw="9" slack="1"/>
<pin id="3279" dir="1" index="1" bw="9" slack="1"/>
</pin_list>
<bind>
<opset="add_ln119_11 "/>
</bind>
</comp>

<comp id="3282" class="1005" name="lshr_ln120_14_reg_3282">
<pin_list>
<pin id="3283" dir="0" index="0" bw="10" slack="1"/>
<pin id="3284" dir="1" index="1" bw="10" slack="1"/>
</pin_list>
<bind>
<opset="lshr_ln120_14 "/>
</bind>
</comp>

<comp id="3287" class="1005" name="tmp_73_reg_3287">
<pin_list>
<pin id="3288" dir="0" index="0" bw="1" slack="1"/>
<pin id="3289" dir="1" index="1" bw="1" slack="2"/>
</pin_list>
<bind>
<opset="tmp_73 "/>
</bind>
</comp>

<comp id="3292" class="1005" name="a_11_reg_3292">
<pin_list>
<pin id="3293" dir="0" index="0" bw="1" slack="4"/>
<pin id="3294" dir="1" index="1" bw="1" slack="4"/>
</pin_list>
<bind>
<opset="a_11 "/>
</bind>
</comp>

<comp id="3297" class="1005" name="lshr_ln120_11_reg_3297">
<pin_list>
<pin id="3298" dir="0" index="0" bw="32" slack="4"/>
<pin id="3299" dir="1" index="1" bw="32" slack="4"/>
</pin_list>
<bind>
<opset="lshr_ln120_11 "/>
</bind>
</comp>

<comp id="3302" class="1005" name="a_12_reg_3302">
<pin_list>
<pin id="3303" dir="0" index="0" bw="1" slack="4"/>
<pin id="3304" dir="1" index="1" bw="1" slack="4"/>
</pin_list>
<bind>
<opset="a_12 "/>
</bind>
</comp>

<comp id="3307" class="1005" name="lshr_ln120_13_reg_3307">
<pin_list>
<pin id="3308" dir="0" index="0" bw="32" slack="4"/>
<pin id="3309" dir="1" index="1" bw="32" slack="4"/>
</pin_list>
<bind>
<opset="lshr_ln120_13 "/>
</bind>
</comp>

<comp id="3312" class="1005" name="bnn_top_int_const_unsigned_int_const_int_const_unsigned_int_const_int_co_439_reg_3312">
<pin_list>
<pin id="3313" dir="0" index="0" bw="9" slack="1"/>
<pin id="3314" dir="1" index="1" bw="9" slack="1"/>
</pin_list>
<bind>
<opset="bnn_top_int_const_unsigned_int_const_int_const_unsigned_int_const_int_co_439 "/>
</bind>
</comp>

<comp id="3317" class="1005" name="bnn_top_int_const_unsigned_int_const_int_const_unsigned_int_const_int_co_440_reg_3317">
<pin_list>
<pin id="3318" dir="0" index="0" bw="9" slack="1"/>
<pin id="3319" dir="1" index="1" bw="9" slack="1"/>
</pin_list>
<bind>
<opset="bnn_top_int_const_unsigned_int_const_int_const_unsigned_int_const_int_co_440 "/>
</bind>
</comp>

<comp id="3322" class="1005" name="bnn_top_int_const_unsigned_int_const_int_const_unsigned_int_const_int_co_441_reg_3322">
<pin_list>
<pin id="3323" dir="0" index="0" bw="9" slack="1"/>
<pin id="3324" dir="1" index="1" bw="9" slack="1"/>
</pin_list>
<bind>
<opset="bnn_top_int_const_unsigned_int_const_int_const_unsigned_int_const_int_co_441 "/>
</bind>
</comp>

<comp id="3327" class="1005" name="bnn_top_int_const_unsigned_int_const_int_const_unsigned_int_const_int_co_442_reg_3327">
<pin_list>
<pin id="3328" dir="0" index="0" bw="9" slack="1"/>
<pin id="3329" dir="1" index="1" bw="9" slack="1"/>
</pin_list>
<bind>
<opset="bnn_top_int_const_unsigned_int_const_int_const_unsigned_int_const_int_co_442 "/>
</bind>
</comp>

<comp id="3332" class="1005" name="bnn_top_int_const_unsigned_int_const_int_const_unsigned_int_const_int_co_443_reg_3332">
<pin_list>
<pin id="3333" dir="0" index="0" bw="9" slack="1"/>
<pin id="3334" dir="1" index="1" bw="9" slack="1"/>
</pin_list>
<bind>
<opset="bnn_top_int_const_unsigned_int_const_int_const_unsigned_int_const_int_co_443 "/>
</bind>
</comp>

<comp id="3337" class="1005" name="bnn_top_int_const_unsigned_int_const_int_const_unsigned_int_const_int_co_444_reg_3337">
<pin_list>
<pin id="3338" dir="0" index="0" bw="9" slack="1"/>
<pin id="3339" dir="1" index="1" bw="9" slack="1"/>
</pin_list>
<bind>
<opset="bnn_top_int_const_unsigned_int_const_int_const_unsigned_int_const_int_co_444 "/>
</bind>
</comp>

<comp id="3342" class="1005" name="bnn_top_int_const_unsigned_int_const_int_const_unsigned_int_const_int_co_445_reg_3342">
<pin_list>
<pin id="3343" dir="0" index="0" bw="9" slack="1"/>
<pin id="3344" dir="1" index="1" bw="9" slack="1"/>
</pin_list>
<bind>
<opset="bnn_top_int_const_unsigned_int_const_int_const_unsigned_int_const_int_co_445 "/>
</bind>
</comp>

<comp id="3347" class="1005" name="bnn_top_int_const_unsigned_int_const_int_const_unsigned_int_const_int_co_446_reg_3347">
<pin_list>
<pin id="3348" dir="0" index="0" bw="9" slack="1"/>
<pin id="3349" dir="1" index="1" bw="9" slack="1"/>
</pin_list>
<bind>
<opset="bnn_top_int_const_unsigned_int_const_int_const_unsigned_int_const_int_co_446 "/>
</bind>
</comp>

<comp id="3352" class="1005" name="W3_0_addr_8_reg_3352">
<pin_list>
<pin id="3353" dir="0" index="0" bw="10" slack="1"/>
<pin id="3354" dir="1" index="1" bw="10" slack="1"/>
</pin_list>
<bind>
<opset="W3_0_addr_8 "/>
</bind>
</comp>

<comp id="3357" class="1005" name="W3_1_addr_8_reg_3357">
<pin_list>
<pin id="3358" dir="0" index="0" bw="10" slack="1"/>
<pin id="3359" dir="1" index="1" bw="10" slack="1"/>
</pin_list>
<bind>
<opset="W3_1_addr_8 "/>
</bind>
</comp>

<comp id="3362" class="1005" name="bnn_top_int_const_unsigned_int_const_int_const_unsigned_int_const_int_co_311_reg_3362">
<pin_list>
<pin id="3363" dir="0" index="0" bw="9" slack="1"/>
<pin id="3364" dir="1" index="1" bw="9" slack="1"/>
</pin_list>
<bind>
<opset="bnn_top_int_const_unsigned_int_const_int_const_unsigned_int_const_int_co_311 "/>
</bind>
</comp>

<comp id="3367" class="1005" name="bnn_top_int_const_unsigned_int_const_int_const_unsigned_int_const_int_co_312_reg_3367">
<pin_list>
<pin id="3368" dir="0" index="0" bw="9" slack="1"/>
<pin id="3369" dir="1" index="1" bw="9" slack="1"/>
</pin_list>
<bind>
<opset="bnn_top_int_const_unsigned_int_const_int_const_unsigned_int_const_int_co_312 "/>
</bind>
</comp>

<comp id="3372" class="1005" name="bnn_top_int_const_unsigned_int_const_int_const_unsigned_int_const_int_co_313_reg_3372">
<pin_list>
<pin id="3373" dir="0" index="0" bw="9" slack="1"/>
<pin id="3374" dir="1" index="1" bw="9" slack="1"/>
</pin_list>
<bind>
<opset="bnn_top_int_const_unsigned_int_const_int_const_unsigned_int_const_int_co_313 "/>
</bind>
</comp>

<comp id="3377" class="1005" name="bnn_top_int_const_unsigned_int_const_int_const_unsigned_int_const_int_co_314_reg_3377">
<pin_list>
<pin id="3378" dir="0" index="0" bw="9" slack="1"/>
<pin id="3379" dir="1" index="1" bw="9" slack="1"/>
</pin_list>
<bind>
<opset="bnn_top_int_const_unsigned_int_const_int_const_unsigned_int_const_int_co_314 "/>
</bind>
</comp>

<comp id="3382" class="1005" name="bnn_top_int_const_unsigned_int_const_int_const_unsigned_int_const_int_co_315_reg_3382">
<pin_list>
<pin id="3383" dir="0" index="0" bw="9" slack="1"/>
<pin id="3384" dir="1" index="1" bw="9" slack="1"/>
</pin_list>
<bind>
<opset="bnn_top_int_const_unsigned_int_const_int_const_unsigned_int_const_int_co_315 "/>
</bind>
</comp>

<comp id="3387" class="1005" name="bnn_top_int_const_unsigned_int_const_int_const_unsigned_int_const_int_co_316_reg_3387">
<pin_list>
<pin id="3388" dir="0" index="0" bw="9" slack="1"/>
<pin id="3389" dir="1" index="1" bw="9" slack="1"/>
</pin_list>
<bind>
<opset="bnn_top_int_const_unsigned_int_const_int_const_unsigned_int_const_int_co_316 "/>
</bind>
</comp>

<comp id="3392" class="1005" name="bnn_top_int_const_unsigned_int_const_int_const_unsigned_int_const_int_co_317_reg_3392">
<pin_list>
<pin id="3393" dir="0" index="0" bw="9" slack="1"/>
<pin id="3394" dir="1" index="1" bw="9" slack="1"/>
</pin_list>
<bind>
<opset="bnn_top_int_const_unsigned_int_const_int_const_unsigned_int_const_int_co_317 "/>
</bind>
</comp>

<comp id="3397" class="1005" name="bnn_top_int_const_unsigned_int_const_int_const_unsigned_int_const_int_co_318_reg_3397">
<pin_list>
<pin id="3398" dir="0" index="0" bw="9" slack="1"/>
<pin id="3399" dir="1" index="1" bw="9" slack="1"/>
</pin_list>
<bind>
<opset="bnn_top_int_const_unsigned_int_const_int_const_unsigned_int_const_int_co_318 "/>
</bind>
</comp>

<comp id="3402" class="1005" name="bnn_top_int_const_unsigned_int_const_int_const_unsigned_int_const_int_co_327_reg_3402">
<pin_list>
<pin id="3403" dir="0" index="0" bw="9" slack="1"/>
<pin id="3404" dir="1" index="1" bw="9" slack="1"/>
</pin_list>
<bind>
<opset="bnn_top_int_const_unsigned_int_const_int_const_unsigned_int_const_int_co_327 "/>
</bind>
</comp>

<comp id="3407" class="1005" name="bnn_top_int_const_unsigned_int_const_int_const_unsigned_int_const_int_co_328_reg_3407">
<pin_list>
<pin id="3408" dir="0" index="0" bw="9" slack="1"/>
<pin id="3409" dir="1" index="1" bw="9" slack="1"/>
</pin_list>
<bind>
<opset="bnn_top_int_const_unsigned_int_const_int_const_unsigned_int_const_int_co_328 "/>
</bind>
</comp>

<comp id="3412" class="1005" name="bnn_top_int_const_unsigned_int_const_int_const_unsigned_int_const_int_co_329_reg_3412">
<pin_list>
<pin id="3413" dir="0" index="0" bw="9" slack="1"/>
<pin id="3414" dir="1" index="1" bw="9" slack="1"/>
</pin_list>
<bind>
<opset="bnn_top_int_const_unsigned_int_const_int_const_unsigned_int_const_int_co_329 "/>
</bind>
</comp>

<comp id="3417" class="1005" name="bnn_top_int_const_unsigned_int_const_int_const_unsigned_int_const_int_co_330_reg_3417">
<pin_list>
<pin id="3418" dir="0" index="0" bw="9" slack="1"/>
<pin id="3419" dir="1" index="1" bw="9" slack="1"/>
</pin_list>
<bind>
<opset="bnn_top_int_const_unsigned_int_const_int_const_unsigned_int_const_int_co_330 "/>
</bind>
</comp>

<comp id="3422" class="1005" name="bnn_top_int_const_unsigned_int_const_int_const_unsigned_int_const_int_co_331_reg_3422">
<pin_list>
<pin id="3423" dir="0" index="0" bw="9" slack="1"/>
<pin id="3424" dir="1" index="1" bw="9" slack="1"/>
</pin_list>
<bind>
<opset="bnn_top_int_const_unsigned_int_const_int_const_unsigned_int_const_int_co_331 "/>
</bind>
</comp>

<comp id="3427" class="1005" name="bnn_top_int_const_unsigned_int_const_int_const_unsigned_int_const_int_co_332_reg_3427">
<pin_list>
<pin id="3428" dir="0" index="0" bw="9" slack="1"/>
<pin id="3429" dir="1" index="1" bw="9" slack="1"/>
</pin_list>
<bind>
<opset="bnn_top_int_const_unsigned_int_const_int_const_unsigned_int_const_int_co_332 "/>
</bind>
</comp>

<comp id="3432" class="1005" name="bnn_top_int_const_unsigned_int_const_int_const_unsigned_int_const_int_co_333_reg_3432">
<pin_list>
<pin id="3433" dir="0" index="0" bw="9" slack="1"/>
<pin id="3434" dir="1" index="1" bw="9" slack="1"/>
</pin_list>
<bind>
<opset="bnn_top_int_const_unsigned_int_const_int_const_unsigned_int_const_int_co_333 "/>
</bind>
</comp>

<comp id="3437" class="1005" name="bnn_top_int_const_unsigned_int_const_int_const_unsigned_int_const_int_co_334_reg_3437">
<pin_list>
<pin id="3438" dir="0" index="0" bw="9" slack="1"/>
<pin id="3439" dir="1" index="1" bw="9" slack="1"/>
</pin_list>
<bind>
<opset="bnn_top_int_const_unsigned_int_const_int_const_unsigned_int_const_int_co_334 "/>
</bind>
</comp>

<comp id="3442" class="1005" name="lshr_ln119_3_reg_3442">
<pin_list>
<pin id="3443" dir="0" index="0" bw="9" slack="1"/>
<pin id="3444" dir="1" index="1" bw="9" slack="1"/>
</pin_list>
<bind>
<opset="lshr_ln119_3 "/>
</bind>
</comp>

<comp id="3447" class="1005" name="lshr_ln119_4_reg_3447">
<pin_list>
<pin id="3448" dir="0" index="0" bw="9" slack="1"/>
<pin id="3449" dir="1" index="1" bw="9" slack="1"/>
</pin_list>
<bind>
<opset="lshr_ln119_4 "/>
</bind>
</comp>

<comp id="3452" class="1005" name="a_13_reg_3452">
<pin_list>
<pin id="3453" dir="0" index="0" bw="1" slack="3"/>
<pin id="3454" dir="1" index="1" bw="1" slack="3"/>
</pin_list>
<bind>
<opset="a_13 "/>
</bind>
</comp>

<comp id="3457" class="1005" name="lshr_ln120_15_reg_3457">
<pin_list>
<pin id="3458" dir="0" index="0" bw="32" slack="3"/>
<pin id="3459" dir="1" index="1" bw="32" slack="3"/>
</pin_list>
<bind>
<opset="lshr_ln120_15 "/>
</bind>
</comp>

<comp id="3462" class="1005" name="icmp_ln118_reg_3462">
<pin_list>
<pin id="3463" dir="0" index="0" bw="1" slack="1"/>
<pin id="3464" dir="1" index="1" bw="1" slack="1"/>
</pin_list>
<bind>
<opset="icmp_ln118 "/>
</bind>
</comp>

<comp id="3467" class="1005" name="icmp_ln118_1_reg_3467">
<pin_list>
<pin id="3468" dir="0" index="0" bw="1" slack="2"/>
<pin id="3469" dir="1" index="1" bw="1" slack="2"/>
</pin_list>
<bind>
<opset="icmp_ln118_1 "/>
</bind>
</comp>

<comp id="3472" class="1005" name="acc_43_reg_3472">
<pin_list>
<pin id="3473" dir="0" index="0" bw="32" slack="1"/>
<pin id="3474" dir="1" index="1" bw="32" slack="1"/>
</pin_list>
<bind>
<opset="acc_43 "/>
</bind>
</comp>

<comp id="3478" class="1005" name="bnn_top_int_const_unsigned_int_const_int_const_unsigned_int_const_int_co_343_reg_3478">
<pin_list>
<pin id="3479" dir="0" index="0" bw="9" slack="1"/>
<pin id="3480" dir="1" index="1" bw="9" slack="1"/>
</pin_list>
<bind>
<opset="bnn_top_int_const_unsigned_int_const_int_const_unsigned_int_const_int_co_343 "/>
</bind>
</comp>

<comp id="3483" class="1005" name="bnn_top_int_const_unsigned_int_const_int_const_unsigned_int_const_int_co_344_reg_3483">
<pin_list>
<pin id="3484" dir="0" index="0" bw="9" slack="1"/>
<pin id="3485" dir="1" index="1" bw="9" slack="1"/>
</pin_list>
<bind>
<opset="bnn_top_int_const_unsigned_int_const_int_const_unsigned_int_const_int_co_344 "/>
</bind>
</comp>

<comp id="3488" class="1005" name="bnn_top_int_const_unsigned_int_const_int_const_unsigned_int_const_int_co_345_reg_3488">
<pin_list>
<pin id="3489" dir="0" index="0" bw="9" slack="1"/>
<pin id="3490" dir="1" index="1" bw="9" slack="1"/>
</pin_list>
<bind>
<opset="bnn_top_int_const_unsigned_int_const_int_const_unsigned_int_const_int_co_345 "/>
</bind>
</comp>

<comp id="3493" class="1005" name="bnn_top_int_const_unsigned_int_const_int_const_unsigned_int_const_int_co_346_reg_3493">
<pin_list>
<pin id="3494" dir="0" index="0" bw="9" slack="1"/>
<pin id="3495" dir="1" index="1" bw="9" slack="1"/>
</pin_list>
<bind>
<opset="bnn_top_int_const_unsigned_int_const_int_const_unsigned_int_const_int_co_346 "/>
</bind>
</comp>

<comp id="3498" class="1005" name="bnn_top_int_const_unsigned_int_const_int_const_unsigned_int_const_int_co_347_reg_3498">
<pin_list>
<pin id="3499" dir="0" index="0" bw="9" slack="1"/>
<pin id="3500" dir="1" index="1" bw="9" slack="1"/>
</pin_list>
<bind>
<opset="bnn_top_int_const_unsigned_int_const_int_const_unsigned_int_const_int_co_347 "/>
</bind>
</comp>

<comp id="3503" class="1005" name="bnn_top_int_const_unsigned_int_const_int_const_unsigned_int_const_int_co_348_reg_3503">
<pin_list>
<pin id="3504" dir="0" index="0" bw="9" slack="1"/>
<pin id="3505" dir="1" index="1" bw="9" slack="1"/>
</pin_list>
<bind>
<opset="bnn_top_int_const_unsigned_int_const_int_const_unsigned_int_const_int_co_348 "/>
</bind>
</comp>

<comp id="3508" class="1005" name="bnn_top_int_const_unsigned_int_const_int_const_unsigned_int_const_int_co_349_reg_3508">
<pin_list>
<pin id="3509" dir="0" index="0" bw="9" slack="1"/>
<pin id="3510" dir="1" index="1" bw="9" slack="1"/>
</pin_list>
<bind>
<opset="bnn_top_int_const_unsigned_int_const_int_const_unsigned_int_const_int_co_349 "/>
</bind>
</comp>

<comp id="3513" class="1005" name="bnn_top_int_const_unsigned_int_const_int_const_unsigned_int_const_int_co_350_reg_3513">
<pin_list>
<pin id="3514" dir="0" index="0" bw="9" slack="1"/>
<pin id="3515" dir="1" index="1" bw="9" slack="1"/>
</pin_list>
<bind>
<opset="bnn_top_int_const_unsigned_int_const_int_const_unsigned_int_const_int_co_350 "/>
</bind>
</comp>

<comp id="3518" class="1005" name="bnn_top_int_const_unsigned_int_const_int_const_unsigned_int_const_int_co_359_reg_3518">
<pin_list>
<pin id="3519" dir="0" index="0" bw="9" slack="1"/>
<pin id="3520" dir="1" index="1" bw="9" slack="1"/>
</pin_list>
<bind>
<opset="bnn_top_int_const_unsigned_int_const_int_const_unsigned_int_const_int_co_359 "/>
</bind>
</comp>

<comp id="3523" class="1005" name="bnn_top_int_const_unsigned_int_const_int_const_unsigned_int_const_int_co_360_reg_3523">
<pin_list>
<pin id="3524" dir="0" index="0" bw="9" slack="1"/>
<pin id="3525" dir="1" index="1" bw="9" slack="1"/>
</pin_list>
<bind>
<opset="bnn_top_int_const_unsigned_int_const_int_const_unsigned_int_const_int_co_360 "/>
</bind>
</comp>

<comp id="3528" class="1005" name="bnn_top_int_const_unsigned_int_const_int_const_unsigned_int_const_int_co_361_reg_3528">
<pin_list>
<pin id="3529" dir="0" index="0" bw="9" slack="1"/>
<pin id="3530" dir="1" index="1" bw="9" slack="1"/>
</pin_list>
<bind>
<opset="bnn_top_int_const_unsigned_int_const_int_const_unsigned_int_const_int_co_361 "/>
</bind>
</comp>

<comp id="3533" class="1005" name="bnn_top_int_const_unsigned_int_const_int_const_unsigned_int_const_int_co_362_reg_3533">
<pin_list>
<pin id="3534" dir="0" index="0" bw="9" slack="1"/>
<pin id="3535" dir="1" index="1" bw="9" slack="1"/>
</pin_list>
<bind>
<opset="bnn_top_int_const_unsigned_int_const_int_const_unsigned_int_const_int_co_362 "/>
</bind>
</comp>

<comp id="3538" class="1005" name="bnn_top_int_const_unsigned_int_const_int_const_unsigned_int_const_int_co_363_reg_3538">
<pin_list>
<pin id="3539" dir="0" index="0" bw="9" slack="1"/>
<pin id="3540" dir="1" index="1" bw="9" slack="1"/>
</pin_list>
<bind>
<opset="bnn_top_int_const_unsigned_int_const_int_const_unsigned_int_const_int_co_363 "/>
</bind>
</comp>

<comp id="3543" class="1005" name="bnn_top_int_const_unsigned_int_const_int_const_unsigned_int_const_int_co_364_reg_3543">
<pin_list>
<pin id="3544" dir="0" index="0" bw="9" slack="1"/>
<pin id="3545" dir="1" index="1" bw="9" slack="1"/>
</pin_list>
<bind>
<opset="bnn_top_int_const_unsigned_int_const_int_const_unsigned_int_const_int_co_364 "/>
</bind>
</comp>

<comp id="3548" class="1005" name="bnn_top_int_const_unsigned_int_const_int_const_unsigned_int_const_int_co_365_reg_3548">
<pin_list>
<pin id="3549" dir="0" index="0" bw="9" slack="1"/>
<pin id="3550" dir="1" index="1" bw="9" slack="1"/>
</pin_list>
<bind>
<opset="bnn_top_int_const_unsigned_int_const_int_const_unsigned_int_const_int_co_365 "/>
</bind>
</comp>

<comp id="3553" class="1005" name="bnn_top_int_const_unsigned_int_const_int_const_unsigned_int_const_int_co_366_reg_3553">
<pin_list>
<pin id="3554" dir="0" index="0" bw="9" slack="1"/>
<pin id="3555" dir="1" index="1" bw="9" slack="1"/>
</pin_list>
<bind>
<opset="bnn_top_int_const_unsigned_int_const_int_const_unsigned_int_const_int_co_366 "/>
</bind>
</comp>

<comp id="3558" class="1005" name="acc_61_reg_3558">
<pin_list>
<pin id="3559" dir="0" index="0" bw="32" slack="1"/>
<pin id="3560" dir="1" index="1" bw="32" slack="1"/>
</pin_list>
<bind>
<opset="acc_61 "/>
</bind>
</comp>

</comp_list>

<net_list>
<net id="191"><net_src comp="32" pin="0"/><net_sink comp="188" pin=0"/></net>

<net id="195"><net_src comp="32" pin="0"/><net_sink comp="192" pin=0"/></net>

<net id="199"><net_src comp="32" pin="0"/><net_sink comp="196" pin=0"/></net>

<net id="203"><net_src comp="32" pin="0"/><net_sink comp="200" pin=0"/></net>

<net id="207"><net_src comp="32" pin="0"/><net_sink comp="204" pin=0"/></net>

<net id="211"><net_src comp="32" pin="0"/><net_sink comp="208" pin=0"/></net>

<net id="216"><net_src comp="44" pin="0"/><net_sink comp="212" pin=0"/></net>

<net id="217"><net_src comp="0" pin="0"/><net_sink comp="212" pin=1"/></net>

<net id="223"><net_src comp="2" pin="0"/><net_sink comp="218" pin=0"/></net>

<net id="224"><net_src comp="88" pin="0"/><net_sink comp="218" pin=1"/></net>

<net id="234"><net_src comp="218" pin="3"/><net_sink comp="225" pin=2"/></net>

<net id="240"><net_src comp="4" pin="0"/><net_sink comp="235" pin=0"/></net>

<net id="241"><net_src comp="88" pin="0"/><net_sink comp="235" pin=1"/></net>

<net id="251"><net_src comp="235" pin="3"/><net_sink comp="242" pin=2"/></net>

<net id="257"><net_src comp="2" pin="0"/><net_sink comp="252" pin=0"/></net>

<net id="258"><net_src comp="88" pin="0"/><net_sink comp="252" pin=1"/></net>

<net id="259"><net_src comp="252" pin="3"/><net_sink comp="225" pin=0"/></net>

<net id="265"><net_src comp="4" pin="0"/><net_sink comp="260" pin=0"/></net>

<net id="266"><net_src comp="88" pin="0"/><net_sink comp="260" pin=1"/></net>

<net id="267"><net_src comp="260" pin="3"/><net_sink comp="242" pin=0"/></net>

<net id="273"><net_src comp="2" pin="0"/><net_sink comp="268" pin=0"/></net>

<net id="274"><net_src comp="88" pin="0"/><net_sink comp="268" pin=1"/></net>

<net id="275"><net_src comp="268" pin="3"/><net_sink comp="225" pin=0"/></net>

<net id="281"><net_src comp="4" pin="0"/><net_sink comp="276" pin=0"/></net>

<net id="282"><net_src comp="88" pin="0"/><net_sink comp="276" pin=1"/></net>

<net id="283"><net_src comp="276" pin="3"/><net_sink comp="242" pin=0"/></net>

<net id="289"><net_src comp="2" pin="0"/><net_sink comp="284" pin=0"/></net>

<net id="290"><net_src comp="88" pin="0"/><net_sink comp="284" pin=1"/></net>

<net id="291"><net_src comp="284" pin="3"/><net_sink comp="225" pin=2"/></net>

<net id="297"><net_src comp="4" pin="0"/><net_sink comp="292" pin=0"/></net>

<net id="298"><net_src comp="88" pin="0"/><net_sink comp="292" pin=1"/></net>

<net id="299"><net_src comp="292" pin="3"/><net_sink comp="242" pin=2"/></net>

<net id="305"><net_src comp="8" pin="0"/><net_sink comp="300" pin=0"/></net>

<net id="306"><net_src comp="88" pin="0"/><net_sink comp="300" pin=1"/></net>

<net id="312"><net_src comp="10" pin="0"/><net_sink comp="307" pin=0"/></net>

<net id="313"><net_src comp="88" pin="0"/><net_sink comp="307" pin=1"/></net>

<net id="319"><net_src comp="12" pin="0"/><net_sink comp="314" pin=0"/></net>

<net id="320"><net_src comp="88" pin="0"/><net_sink comp="314" pin=1"/></net>

<net id="326"><net_src comp="14" pin="0"/><net_sink comp="321" pin=0"/></net>

<net id="327"><net_src comp="88" pin="0"/><net_sink comp="321" pin=1"/></net>

<net id="333"><net_src comp="16" pin="0"/><net_sink comp="328" pin=0"/></net>

<net id="334"><net_src comp="88" pin="0"/><net_sink comp="328" pin=1"/></net>

<net id="340"><net_src comp="18" pin="0"/><net_sink comp="335" pin=0"/></net>

<net id="341"><net_src comp="88" pin="0"/><net_sink comp="335" pin=1"/></net>

<net id="347"><net_src comp="20" pin="0"/><net_sink comp="342" pin=0"/></net>

<net id="348"><net_src comp="88" pin="0"/><net_sink comp="342" pin=1"/></net>

<net id="354"><net_src comp="22" pin="0"/><net_sink comp="349" pin=0"/></net>

<net id="355"><net_src comp="88" pin="0"/><net_sink comp="349" pin=1"/></net>

<net id="361"><net_src comp="300" pin="3"/><net_sink comp="356" pin=0"/></net>

<net id="367"><net_src comp="307" pin="3"/><net_sink comp="362" pin=0"/></net>

<net id="373"><net_src comp="314" pin="3"/><net_sink comp="368" pin=0"/></net>

<net id="379"><net_src comp="321" pin="3"/><net_sink comp="374" pin=0"/></net>

<net id="385"><net_src comp="328" pin="3"/><net_sink comp="380" pin=0"/></net>

<net id="391"><net_src comp="335" pin="3"/><net_sink comp="386" pin=0"/></net>

<net id="397"><net_src comp="342" pin="3"/><net_sink comp="392" pin=0"/></net>

<net id="403"><net_src comp="349" pin="3"/><net_sink comp="398" pin=0"/></net>

<net id="409"><net_src comp="2" pin="0"/><net_sink comp="404" pin=0"/></net>

<net id="410"><net_src comp="88" pin="0"/><net_sink comp="404" pin=1"/></net>

<net id="411"><net_src comp="404" pin="3"/><net_sink comp="225" pin=0"/></net>

<net id="417"><net_src comp="4" pin="0"/><net_sink comp="412" pin=0"/></net>

<net id="418"><net_src comp="88" pin="0"/><net_sink comp="412" pin=1"/></net>

<net id="419"><net_src comp="412" pin="3"/><net_sink comp="242" pin=0"/></net>

<net id="425"><net_src comp="8" pin="0"/><net_sink comp="420" pin=0"/></net>

<net id="426"><net_src comp="88" pin="0"/><net_sink comp="420" pin=1"/></net>

<net id="432"><net_src comp="10" pin="0"/><net_sink comp="427" pin=0"/></net>

<net id="433"><net_src comp="88" pin="0"/><net_sink comp="427" pin=1"/></net>

<net id="439"><net_src comp="12" pin="0"/><net_sink comp="434" pin=0"/></net>

<net id="440"><net_src comp="88" pin="0"/><net_sink comp="434" pin=1"/></net>

<net id="446"><net_src comp="14" pin="0"/><net_sink comp="441" pin=0"/></net>

<net id="447"><net_src comp="88" pin="0"/><net_sink comp="441" pin=1"/></net>

<net id="453"><net_src comp="16" pin="0"/><net_sink comp="448" pin=0"/></net>

<net id="454"><net_src comp="88" pin="0"/><net_sink comp="448" pin=1"/></net>

<net id="460"><net_src comp="18" pin="0"/><net_sink comp="455" pin=0"/></net>

<net id="461"><net_src comp="88" pin="0"/><net_sink comp="455" pin=1"/></net>

<net id="467"><net_src comp="20" pin="0"/><net_sink comp="462" pin=0"/></net>

<net id="468"><net_src comp="88" pin="0"/><net_sink comp="462" pin=1"/></net>

<net id="474"><net_src comp="22" pin="0"/><net_sink comp="469" pin=0"/></net>

<net id="475"><net_src comp="88" pin="0"/><net_sink comp="469" pin=1"/></net>

<net id="476"><net_src comp="420" pin="3"/><net_sink comp="356" pin=0"/></net>

<net id="477"><net_src comp="427" pin="3"/><net_sink comp="362" pin=0"/></net>

<net id="478"><net_src comp="434" pin="3"/><net_sink comp="368" pin=0"/></net>

<net id="479"><net_src comp="441" pin="3"/><net_sink comp="374" pin=0"/></net>

<net id="480"><net_src comp="448" pin="3"/><net_sink comp="380" pin=0"/></net>

<net id="481"><net_src comp="455" pin="3"/><net_sink comp="386" pin=0"/></net>

<net id="482"><net_src comp="462" pin="3"/><net_sink comp="392" pin=0"/></net>

<net id="483"><net_src comp="469" pin="3"/><net_sink comp="398" pin=0"/></net>

<net id="489"><net_src comp="2" pin="0"/><net_sink comp="484" pin=0"/></net>

<net id="490"><net_src comp="88" pin="0"/><net_sink comp="484" pin=1"/></net>

<net id="491"><net_src comp="484" pin="3"/><net_sink comp="225" pin=2"/></net>

<net id="497"><net_src comp="4" pin="0"/><net_sink comp="492" pin=0"/></net>

<net id="498"><net_src comp="88" pin="0"/><net_sink comp="492" pin=1"/></net>

<net id="499"><net_src comp="492" pin="3"/><net_sink comp="242" pin=2"/></net>

<net id="505"><net_src comp="8" pin="0"/><net_sink comp="500" pin=0"/></net>

<net id="506"><net_src comp="88" pin="0"/><net_sink comp="500" pin=1"/></net>

<net id="512"><net_src comp="10" pin="0"/><net_sink comp="507" pin=0"/></net>

<net id="513"><net_src comp="88" pin="0"/><net_sink comp="507" pin=1"/></net>

<net id="519"><net_src comp="12" pin="0"/><net_sink comp="514" pin=0"/></net>

<net id="520"><net_src comp="88" pin="0"/><net_sink comp="514" pin=1"/></net>

<net id="526"><net_src comp="14" pin="0"/><net_sink comp="521" pin=0"/></net>

<net id="527"><net_src comp="88" pin="0"/><net_sink comp="521" pin=1"/></net>

<net id="533"><net_src comp="16" pin="0"/><net_sink comp="528" pin=0"/></net>

<net id="534"><net_src comp="88" pin="0"/><net_sink comp="528" pin=1"/></net>

<net id="540"><net_src comp="18" pin="0"/><net_sink comp="535" pin=0"/></net>

<net id="541"><net_src comp="88" pin="0"/><net_sink comp="535" pin=1"/></net>

<net id="547"><net_src comp="20" pin="0"/><net_sink comp="542" pin=0"/></net>

<net id="548"><net_src comp="88" pin="0"/><net_sink comp="542" pin=1"/></net>

<net id="554"><net_src comp="22" pin="0"/><net_sink comp="549" pin=0"/></net>

<net id="555"><net_src comp="88" pin="0"/><net_sink comp="549" pin=1"/></net>

<net id="556"><net_src comp="500" pin="3"/><net_sink comp="356" pin=0"/></net>

<net id="557"><net_src comp="507" pin="3"/><net_sink comp="362" pin=0"/></net>

<net id="558"><net_src comp="514" pin="3"/><net_sink comp="368" pin=0"/></net>

<net id="559"><net_src comp="521" pin="3"/><net_sink comp="374" pin=0"/></net>

<net id="560"><net_src comp="528" pin="3"/><net_sink comp="380" pin=0"/></net>

<net id="561"><net_src comp="535" pin="3"/><net_sink comp="386" pin=0"/></net>

<net id="562"><net_src comp="542" pin="3"/><net_sink comp="392" pin=0"/></net>

<net id="563"><net_src comp="549" pin="3"/><net_sink comp="398" pin=0"/></net>

<net id="569"><net_src comp="2" pin="0"/><net_sink comp="564" pin=0"/></net>

<net id="570"><net_src comp="88" pin="0"/><net_sink comp="564" pin=1"/></net>

<net id="571"><net_src comp="564" pin="3"/><net_sink comp="225" pin=0"/></net>

<net id="577"><net_src comp="4" pin="0"/><net_sink comp="572" pin=0"/></net>

<net id="578"><net_src comp="88" pin="0"/><net_sink comp="572" pin=1"/></net>

<net id="579"><net_src comp="572" pin="3"/><net_sink comp="242" pin=0"/></net>

<net id="585"><net_src comp="8" pin="0"/><net_sink comp="580" pin=0"/></net>

<net id="586"><net_src comp="88" pin="0"/><net_sink comp="580" pin=1"/></net>

<net id="592"><net_src comp="10" pin="0"/><net_sink comp="587" pin=0"/></net>

<net id="593"><net_src comp="88" pin="0"/><net_sink comp="587" pin=1"/></net>

<net id="599"><net_src comp="12" pin="0"/><net_sink comp="594" pin=0"/></net>

<net id="600"><net_src comp="88" pin="0"/><net_sink comp="594" pin=1"/></net>

<net id="606"><net_src comp="14" pin="0"/><net_sink comp="601" pin=0"/></net>

<net id="607"><net_src comp="88" pin="0"/><net_sink comp="601" pin=1"/></net>

<net id="613"><net_src comp="16" pin="0"/><net_sink comp="608" pin=0"/></net>

<net id="614"><net_src comp="88" pin="0"/><net_sink comp="608" pin=1"/></net>

<net id="620"><net_src comp="18" pin="0"/><net_sink comp="615" pin=0"/></net>

<net id="621"><net_src comp="88" pin="0"/><net_sink comp="615" pin=1"/></net>

<net id="627"><net_src comp="20" pin="0"/><net_sink comp="622" pin=0"/></net>

<net id="628"><net_src comp="88" pin="0"/><net_sink comp="622" pin=1"/></net>

<net id="634"><net_src comp="22" pin="0"/><net_sink comp="629" pin=0"/></net>

<net id="635"><net_src comp="88" pin="0"/><net_sink comp="629" pin=1"/></net>

<net id="636"><net_src comp="580" pin="3"/><net_sink comp="356" pin=0"/></net>

<net id="637"><net_src comp="587" pin="3"/><net_sink comp="362" pin=0"/></net>

<net id="638"><net_src comp="594" pin="3"/><net_sink comp="368" pin=0"/></net>

<net id="639"><net_src comp="601" pin="3"/><net_sink comp="374" pin=0"/></net>

<net id="640"><net_src comp="608" pin="3"/><net_sink comp="380" pin=0"/></net>

<net id="641"><net_src comp="615" pin="3"/><net_sink comp="386" pin=0"/></net>

<net id="642"><net_src comp="622" pin="3"/><net_sink comp="392" pin=0"/></net>

<net id="643"><net_src comp="629" pin="3"/><net_sink comp="398" pin=0"/></net>

<net id="649"><net_src comp="2" pin="0"/><net_sink comp="644" pin=0"/></net>

<net id="650"><net_src comp="88" pin="0"/><net_sink comp="644" pin=1"/></net>

<net id="651"><net_src comp="644" pin="3"/><net_sink comp="225" pin=2"/></net>

<net id="657"><net_src comp="4" pin="0"/><net_sink comp="652" pin=0"/></net>

<net id="658"><net_src comp="88" pin="0"/><net_sink comp="652" pin=1"/></net>

<net id="659"><net_src comp="652" pin="3"/><net_sink comp="242" pin=2"/></net>

<net id="665"><net_src comp="8" pin="0"/><net_sink comp="660" pin=0"/></net>

<net id="666"><net_src comp="88" pin="0"/><net_sink comp="660" pin=1"/></net>

<net id="672"><net_src comp="10" pin="0"/><net_sink comp="667" pin=0"/></net>

<net id="673"><net_src comp="88" pin="0"/><net_sink comp="667" pin=1"/></net>

<net id="679"><net_src comp="12" pin="0"/><net_sink comp="674" pin=0"/></net>

<net id="680"><net_src comp="88" pin="0"/><net_sink comp="674" pin=1"/></net>

<net id="686"><net_src comp="14" pin="0"/><net_sink comp="681" pin=0"/></net>

<net id="687"><net_src comp="88" pin="0"/><net_sink comp="681" pin=1"/></net>

<net id="693"><net_src comp="16" pin="0"/><net_sink comp="688" pin=0"/></net>

<net id="694"><net_src comp="88" pin="0"/><net_sink comp="688" pin=1"/></net>

<net id="700"><net_src comp="18" pin="0"/><net_sink comp="695" pin=0"/></net>

<net id="701"><net_src comp="88" pin="0"/><net_sink comp="695" pin=1"/></net>

<net id="707"><net_src comp="20" pin="0"/><net_sink comp="702" pin=0"/></net>

<net id="708"><net_src comp="88" pin="0"/><net_sink comp="702" pin=1"/></net>

<net id="714"><net_src comp="22" pin="0"/><net_sink comp="709" pin=0"/></net>

<net id="715"><net_src comp="88" pin="0"/><net_sink comp="709" pin=1"/></net>

<net id="716"><net_src comp="660" pin="3"/><net_sink comp="356" pin=0"/></net>

<net id="717"><net_src comp="667" pin="3"/><net_sink comp="362" pin=0"/></net>

<net id="718"><net_src comp="674" pin="3"/><net_sink comp="368" pin=0"/></net>

<net id="719"><net_src comp="681" pin="3"/><net_sink comp="374" pin=0"/></net>

<net id="720"><net_src comp="688" pin="3"/><net_sink comp="380" pin=0"/></net>

<net id="721"><net_src comp="695" pin="3"/><net_sink comp="386" pin=0"/></net>

<net id="722"><net_src comp="702" pin="3"/><net_sink comp="392" pin=0"/></net>

<net id="723"><net_src comp="709" pin="3"/><net_sink comp="398" pin=0"/></net>

<net id="729"><net_src comp="2" pin="0"/><net_sink comp="724" pin=0"/></net>

<net id="730"><net_src comp="88" pin="0"/><net_sink comp="724" pin=1"/></net>

<net id="731"><net_src comp="724" pin="3"/><net_sink comp="225" pin=0"/></net>

<net id="737"><net_src comp="4" pin="0"/><net_sink comp="732" pin=0"/></net>

<net id="738"><net_src comp="88" pin="0"/><net_sink comp="732" pin=1"/></net>

<net id="739"><net_src comp="732" pin="3"/><net_sink comp="242" pin=0"/></net>

<net id="745"><net_src comp="8" pin="0"/><net_sink comp="740" pin=0"/></net>

<net id="746"><net_src comp="88" pin="0"/><net_sink comp="740" pin=1"/></net>

<net id="752"><net_src comp="10" pin="0"/><net_sink comp="747" pin=0"/></net>

<net id="753"><net_src comp="88" pin="0"/><net_sink comp="747" pin=1"/></net>

<net id="759"><net_src comp="12" pin="0"/><net_sink comp="754" pin=0"/></net>

<net id="760"><net_src comp="88" pin="0"/><net_sink comp="754" pin=1"/></net>

<net id="766"><net_src comp="14" pin="0"/><net_sink comp="761" pin=0"/></net>

<net id="767"><net_src comp="88" pin="0"/><net_sink comp="761" pin=1"/></net>

<net id="773"><net_src comp="16" pin="0"/><net_sink comp="768" pin=0"/></net>

<net id="774"><net_src comp="88" pin="0"/><net_sink comp="768" pin=1"/></net>

<net id="780"><net_src comp="18" pin="0"/><net_sink comp="775" pin=0"/></net>

<net id="781"><net_src comp="88" pin="0"/><net_sink comp="775" pin=1"/></net>

<net id="787"><net_src comp="20" pin="0"/><net_sink comp="782" pin=0"/></net>

<net id="788"><net_src comp="88" pin="0"/><net_sink comp="782" pin=1"/></net>

<net id="794"><net_src comp="22" pin="0"/><net_sink comp="789" pin=0"/></net>

<net id="795"><net_src comp="88" pin="0"/><net_sink comp="789" pin=1"/></net>

<net id="796"><net_src comp="740" pin="3"/><net_sink comp="356" pin=0"/></net>

<net id="797"><net_src comp="747" pin="3"/><net_sink comp="362" pin=0"/></net>

<net id="798"><net_src comp="754" pin="3"/><net_sink comp="368" pin=0"/></net>

<net id="799"><net_src comp="761" pin="3"/><net_sink comp="374" pin=0"/></net>

<net id="800"><net_src comp="768" pin="3"/><net_sink comp="380" pin=0"/></net>

<net id="801"><net_src comp="775" pin="3"/><net_sink comp="386" pin=0"/></net>

<net id="802"><net_src comp="782" pin="3"/><net_sink comp="392" pin=0"/></net>

<net id="803"><net_src comp="789" pin="3"/><net_sink comp="398" pin=0"/></net>

<net id="809"><net_src comp="8" pin="0"/><net_sink comp="804" pin=0"/></net>

<net id="810"><net_src comp="88" pin="0"/><net_sink comp="804" pin=1"/></net>

<net id="816"><net_src comp="10" pin="0"/><net_sink comp="811" pin=0"/></net>

<net id="817"><net_src comp="88" pin="0"/><net_sink comp="811" pin=1"/></net>

<net id="823"><net_src comp="12" pin="0"/><net_sink comp="818" pin=0"/></net>

<net id="824"><net_src comp="88" pin="0"/><net_sink comp="818" pin=1"/></net>

<net id="830"><net_src comp="14" pin="0"/><net_sink comp="825" pin=0"/></net>

<net id="831"><net_src comp="88" pin="0"/><net_sink comp="825" pin=1"/></net>

<net id="837"><net_src comp="16" pin="0"/><net_sink comp="832" pin=0"/></net>

<net id="838"><net_src comp="88" pin="0"/><net_sink comp="832" pin=1"/></net>

<net id="844"><net_src comp="18" pin="0"/><net_sink comp="839" pin=0"/></net>

<net id="845"><net_src comp="88" pin="0"/><net_sink comp="839" pin=1"/></net>

<net id="851"><net_src comp="20" pin="0"/><net_sink comp="846" pin=0"/></net>

<net id="852"><net_src comp="88" pin="0"/><net_sink comp="846" pin=1"/></net>

<net id="858"><net_src comp="22" pin="0"/><net_sink comp="853" pin=0"/></net>

<net id="859"><net_src comp="88" pin="0"/><net_sink comp="853" pin=1"/></net>

<net id="860"><net_src comp="804" pin="3"/><net_sink comp="356" pin=0"/></net>

<net id="861"><net_src comp="811" pin="3"/><net_sink comp="362" pin=0"/></net>

<net id="862"><net_src comp="818" pin="3"/><net_sink comp="368" pin=0"/></net>

<net id="863"><net_src comp="825" pin="3"/><net_sink comp="374" pin=0"/></net>

<net id="864"><net_src comp="832" pin="3"/><net_sink comp="380" pin=0"/></net>

<net id="865"><net_src comp="839" pin="3"/><net_sink comp="386" pin=0"/></net>

<net id="866"><net_src comp="846" pin="3"/><net_sink comp="392" pin=0"/></net>

<net id="867"><net_src comp="853" pin="3"/><net_sink comp="398" pin=0"/></net>

<net id="873"><net_src comp="8" pin="0"/><net_sink comp="868" pin=0"/></net>

<net id="874"><net_src comp="88" pin="0"/><net_sink comp="868" pin=1"/></net>

<net id="880"><net_src comp="10" pin="0"/><net_sink comp="875" pin=0"/></net>

<net id="881"><net_src comp="88" pin="0"/><net_sink comp="875" pin=1"/></net>

<net id="887"><net_src comp="12" pin="0"/><net_sink comp="882" pin=0"/></net>

<net id="888"><net_src comp="88" pin="0"/><net_sink comp="882" pin=1"/></net>

<net id="894"><net_src comp="14" pin="0"/><net_sink comp="889" pin=0"/></net>

<net id="895"><net_src comp="88" pin="0"/><net_sink comp="889" pin=1"/></net>

<net id="901"><net_src comp="16" pin="0"/><net_sink comp="896" pin=0"/></net>

<net id="902"><net_src comp="88" pin="0"/><net_sink comp="896" pin=1"/></net>

<net id="908"><net_src comp="18" pin="0"/><net_sink comp="903" pin=0"/></net>

<net id="909"><net_src comp="88" pin="0"/><net_sink comp="903" pin=1"/></net>

<net id="915"><net_src comp="20" pin="0"/><net_sink comp="910" pin=0"/></net>

<net id="916"><net_src comp="88" pin="0"/><net_sink comp="910" pin=1"/></net>

<net id="922"><net_src comp="22" pin="0"/><net_sink comp="917" pin=0"/></net>

<net id="923"><net_src comp="88" pin="0"/><net_sink comp="917" pin=1"/></net>

<net id="924"><net_src comp="868" pin="3"/><net_sink comp="356" pin=0"/></net>

<net id="925"><net_src comp="875" pin="3"/><net_sink comp="362" pin=0"/></net>

<net id="926"><net_src comp="882" pin="3"/><net_sink comp="368" pin=0"/></net>

<net id="927"><net_src comp="889" pin="3"/><net_sink comp="374" pin=0"/></net>

<net id="928"><net_src comp="896" pin="3"/><net_sink comp="380" pin=0"/></net>

<net id="929"><net_src comp="903" pin="3"/><net_sink comp="386" pin=0"/></net>

<net id="930"><net_src comp="910" pin="3"/><net_sink comp="392" pin=0"/></net>

<net id="931"><net_src comp="917" pin="3"/><net_sink comp="398" pin=0"/></net>

<net id="937"><net_src comp="8" pin="0"/><net_sink comp="932" pin=0"/></net>

<net id="938"><net_src comp="88" pin="0"/><net_sink comp="932" pin=1"/></net>

<net id="944"><net_src comp="10" pin="0"/><net_sink comp="939" pin=0"/></net>

<net id="945"><net_src comp="88" pin="0"/><net_sink comp="939" pin=1"/></net>

<net id="951"><net_src comp="12" pin="0"/><net_sink comp="946" pin=0"/></net>

<net id="952"><net_src comp="88" pin="0"/><net_sink comp="946" pin=1"/></net>

<net id="958"><net_src comp="14" pin="0"/><net_sink comp="953" pin=0"/></net>

<net id="959"><net_src comp="88" pin="0"/><net_sink comp="953" pin=1"/></net>

<net id="965"><net_src comp="16" pin="0"/><net_sink comp="960" pin=0"/></net>

<net id="966"><net_src comp="88" pin="0"/><net_sink comp="960" pin=1"/></net>

<net id="972"><net_src comp="18" pin="0"/><net_sink comp="967" pin=0"/></net>

<net id="973"><net_src comp="88" pin="0"/><net_sink comp="967" pin=1"/></net>

<net id="979"><net_src comp="20" pin="0"/><net_sink comp="974" pin=0"/></net>

<net id="980"><net_src comp="88" pin="0"/><net_sink comp="974" pin=1"/></net>

<net id="986"><net_src comp="22" pin="0"/><net_sink comp="981" pin=0"/></net>

<net id="987"><net_src comp="88" pin="0"/><net_sink comp="981" pin=1"/></net>

<net id="988"><net_src comp="932" pin="3"/><net_sink comp="356" pin=0"/></net>

<net id="989"><net_src comp="939" pin="3"/><net_sink comp="362" pin=0"/></net>

<net id="990"><net_src comp="946" pin="3"/><net_sink comp="368" pin=0"/></net>

<net id="991"><net_src comp="953" pin="3"/><net_sink comp="374" pin=0"/></net>

<net id="992"><net_src comp="960" pin="3"/><net_sink comp="380" pin=0"/></net>

<net id="993"><net_src comp="967" pin="3"/><net_sink comp="386" pin=0"/></net>

<net id="994"><net_src comp="974" pin="3"/><net_sink comp="392" pin=0"/></net>

<net id="995"><net_src comp="981" pin="3"/><net_sink comp="398" pin=0"/></net>

<net id="1001"><net_src comp="6" pin="0"/><net_sink comp="996" pin=0"/></net>

<net id="1002"><net_src comp="88" pin="0"/><net_sink comp="996" pin=1"/></net>

<net id="1008"><net_src comp="24" pin="0"/><net_sink comp="1003" pin=0"/></net>

<net id="1009"><net_src comp="88" pin="0"/><net_sink comp="1003" pin=1"/></net>

<net id="1015"><net_src comp="26" pin="0"/><net_sink comp="1010" pin=0"/></net>

<net id="1016"><net_src comp="88" pin="0"/><net_sink comp="1010" pin=1"/></net>

<net id="1022"><net_src comp="28" pin="0"/><net_sink comp="1017" pin=0"/></net>

<net id="1023"><net_src comp="88" pin="0"/><net_sink comp="1017" pin=1"/></net>

<net id="1029"><net_src comp="30" pin="0"/><net_sink comp="1024" pin=0"/></net>

<net id="1030"><net_src comp="88" pin="0"/><net_sink comp="1024" pin=1"/></net>

<net id="1036"><net_src comp="1017" pin="3"/><net_sink comp="1031" pin=0"/></net>

<net id="1042"><net_src comp="1010" pin="3"/><net_sink comp="1037" pin=0"/></net>

<net id="1048"><net_src comp="1003" pin="3"/><net_sink comp="1043" pin=0"/></net>

<net id="1054"><net_src comp="996" pin="3"/><net_sink comp="1049" pin=0"/></net>

<net id="1060"><net_src comp="1024" pin="3"/><net_sink comp="1055" pin=0"/></net>

<net id="1082"><net_src comp="130" pin="0"/><net_sink comp="1061" pin=0"/></net>

<net id="1083"><net_src comp="132" pin="0"/><net_sink comp="1061" pin=1"/></net>

<net id="1084"><net_src comp="356" pin="3"/><net_sink comp="1061" pin=2"/></net>

<net id="1085"><net_src comp="134" pin="0"/><net_sink comp="1061" pin=3"/></net>

<net id="1086"><net_src comp="362" pin="3"/><net_sink comp="1061" pin=4"/></net>

<net id="1087"><net_src comp="136" pin="0"/><net_sink comp="1061" pin=5"/></net>

<net id="1088"><net_src comp="368" pin="3"/><net_sink comp="1061" pin=6"/></net>

<net id="1089"><net_src comp="138" pin="0"/><net_sink comp="1061" pin=7"/></net>

<net id="1090"><net_src comp="374" pin="3"/><net_sink comp="1061" pin=8"/></net>

<net id="1091"><net_src comp="140" pin="0"/><net_sink comp="1061" pin=9"/></net>

<net id="1092"><net_src comp="380" pin="3"/><net_sink comp="1061" pin=10"/></net>

<net id="1093"><net_src comp="142" pin="0"/><net_sink comp="1061" pin=11"/></net>

<net id="1094"><net_src comp="386" pin="3"/><net_sink comp="1061" pin=12"/></net>

<net id="1095"><net_src comp="144" pin="0"/><net_sink comp="1061" pin=13"/></net>

<net id="1096"><net_src comp="392" pin="3"/><net_sink comp="1061" pin=14"/></net>

<net id="1097"><net_src comp="80" pin="0"/><net_sink comp="1061" pin=15"/></net>

<net id="1098"><net_src comp="398" pin="3"/><net_sink comp="1061" pin=16"/></net>

<net id="1099"><net_src comp="146" pin="0"/><net_sink comp="1061" pin=17"/></net>

<net id="1121"><net_src comp="130" pin="0"/><net_sink comp="1100" pin=0"/></net>

<net id="1122"><net_src comp="80" pin="0"/><net_sink comp="1100" pin=1"/></net>

<net id="1123"><net_src comp="356" pin="3"/><net_sink comp="1100" pin=2"/></net>

<net id="1124"><net_src comp="132" pin="0"/><net_sink comp="1100" pin=3"/></net>

<net id="1125"><net_src comp="362" pin="3"/><net_sink comp="1100" pin=4"/></net>

<net id="1126"><net_src comp="134" pin="0"/><net_sink comp="1100" pin=5"/></net>

<net id="1127"><net_src comp="368" pin="3"/><net_sink comp="1100" pin=6"/></net>

<net id="1128"><net_src comp="136" pin="0"/><net_sink comp="1100" pin=7"/></net>

<net id="1129"><net_src comp="374" pin="3"/><net_sink comp="1100" pin=8"/></net>

<net id="1130"><net_src comp="138" pin="0"/><net_sink comp="1100" pin=9"/></net>

<net id="1131"><net_src comp="380" pin="3"/><net_sink comp="1100" pin=10"/></net>

<net id="1132"><net_src comp="140" pin="0"/><net_sink comp="1100" pin=11"/></net>

<net id="1133"><net_src comp="386" pin="3"/><net_sink comp="1100" pin=12"/></net>

<net id="1134"><net_src comp="142" pin="0"/><net_sink comp="1100" pin=13"/></net>

<net id="1135"><net_src comp="392" pin="3"/><net_sink comp="1100" pin=14"/></net>

<net id="1136"><net_src comp="144" pin="0"/><net_sink comp="1100" pin=15"/></net>

<net id="1137"><net_src comp="398" pin="3"/><net_sink comp="1100" pin=16"/></net>

<net id="1138"><net_src comp="146" pin="0"/><net_sink comp="1100" pin=17"/></net>

<net id="1160"><net_src comp="130" pin="0"/><net_sink comp="1139" pin=0"/></net>

<net id="1161"><net_src comp="144" pin="0"/><net_sink comp="1139" pin=1"/></net>

<net id="1162"><net_src comp="356" pin="3"/><net_sink comp="1139" pin=2"/></net>

<net id="1163"><net_src comp="80" pin="0"/><net_sink comp="1139" pin=3"/></net>

<net id="1164"><net_src comp="362" pin="3"/><net_sink comp="1139" pin=4"/></net>

<net id="1165"><net_src comp="132" pin="0"/><net_sink comp="1139" pin=5"/></net>

<net id="1166"><net_src comp="368" pin="3"/><net_sink comp="1139" pin=6"/></net>

<net id="1167"><net_src comp="134" pin="0"/><net_sink comp="1139" pin=7"/></net>

<net id="1168"><net_src comp="374" pin="3"/><net_sink comp="1139" pin=8"/></net>

<net id="1169"><net_src comp="136" pin="0"/><net_sink comp="1139" pin=9"/></net>

<net id="1170"><net_src comp="380" pin="3"/><net_sink comp="1139" pin=10"/></net>

<net id="1171"><net_src comp="138" pin="0"/><net_sink comp="1139" pin=11"/></net>

<net id="1172"><net_src comp="386" pin="3"/><net_sink comp="1139" pin=12"/></net>

<net id="1173"><net_src comp="140" pin="0"/><net_sink comp="1139" pin=13"/></net>

<net id="1174"><net_src comp="392" pin="3"/><net_sink comp="1139" pin=14"/></net>

<net id="1175"><net_src comp="142" pin="0"/><net_sink comp="1139" pin=15"/></net>

<net id="1176"><net_src comp="398" pin="3"/><net_sink comp="1139" pin=16"/></net>

<net id="1177"><net_src comp="146" pin="0"/><net_sink comp="1139" pin=17"/></net>

<net id="1182"><net_src comp="46" pin="0"/><net_sink comp="1178" pin=0"/></net>

<net id="1187"><net_src comp="48" pin="0"/><net_sink comp="1183" pin=0"/></net>

<net id="1192"><net_src comp="50" pin="0"/><net_sink comp="1188" pin=0"/></net>

<net id="1197"><net_src comp="48" pin="0"/><net_sink comp="1193" pin=0"/></net>

<net id="1202"><net_src comp="52" pin="0"/><net_sink comp="1198" pin=0"/></net>

<net id="1207"><net_src comp="38" pin="0"/><net_sink comp="1203" pin=0"/></net>

<net id="1218"><net_src comp="1211" pin="1"/><net_sink comp="1214" pin=0"/></net>

<net id="1219"><net_src comp="54" pin="0"/><net_sink comp="1214" pin=1"/></net>

<net id="1224"><net_src comp="1211" pin="1"/><net_sink comp="1220" pin=0"/></net>

<net id="1225"><net_src comp="56" pin="0"/><net_sink comp="1220" pin=1"/></net>

<net id="1239"><net_src comp="1208" pin="1"/><net_sink comp="1235" pin=0"/></net>

<net id="1240"><net_src comp="58" pin="0"/><net_sink comp="1235" pin=1"/></net>

<net id="1246"><net_src comp="1235" pin="2"/><net_sink comp="1241" pin=0"/></net>

<net id="1247"><net_src comp="48" pin="0"/><net_sink comp="1241" pin=1"/></net>

<net id="1248"><net_src comp="1229" pin="1"/><net_sink comp="1241" pin=2"/></net>

<net id="1253"><net_src comp="1232" pin="1"/><net_sink comp="1249" pin=0"/></net>

<net id="1254"><net_src comp="60" pin="0"/><net_sink comp="1249" pin=1"/></net>

<net id="1259"><net_src comp="1232" pin="1"/><net_sink comp="1255" pin=0"/></net>

<net id="1260"><net_src comp="62" pin="0"/><net_sink comp="1255" pin=1"/></net>

<net id="1266"><net_src comp="1235" pin="2"/><net_sink comp="1261" pin=0"/></net>

<net id="1267"><net_src comp="1249" pin="2"/><net_sink comp="1261" pin=1"/></net>

<net id="1268"><net_src comp="1255" pin="2"/><net_sink comp="1261" pin=2"/></net>

<net id="1273"><net_src comp="1229" pin="1"/><net_sink comp="1269" pin=0"/></net>

<net id="1274"><net_src comp="62" pin="0"/><net_sink comp="1269" pin=1"/></net>

<net id="1280"><net_src comp="1235" pin="2"/><net_sink comp="1275" pin=0"/></net>

<net id="1281"><net_src comp="62" pin="0"/><net_sink comp="1275" pin=1"/></net>

<net id="1282"><net_src comp="1269" pin="2"/><net_sink comp="1275" pin=2"/></net>

<net id="1287"><net_src comp="1235" pin="2"/><net_sink comp="1283" pin=0"/></net>

<net id="1288"><net_src comp="64" pin="0"/><net_sink comp="1283" pin=1"/></net>

<net id="1293"><net_src comp="1226" pin="1"/><net_sink comp="1289" pin=0"/></net>

<net id="1294"><net_src comp="66" pin="0"/><net_sink comp="1289" pin=1"/></net>

<net id="1299"><net_src comp="1289" pin="2"/><net_sink comp="1295" pin=0"/></net>

<net id="1300"><net_src comp="1283" pin="2"/><net_sink comp="1295" pin=1"/></net>

<net id="1306"><net_src comp="1235" pin="2"/><net_sink comp="1301" pin=0"/></net>

<net id="1307"><net_src comp="1255" pin="2"/><net_sink comp="1301" pin=1"/></net>

<net id="1308"><net_src comp="1232" pin="1"/><net_sink comp="1301" pin=2"/></net>

<net id="1313"><net_src comp="1241" pin="3"/><net_sink comp="1309" pin=0"/></net>

<net id="1314"><net_src comp="62" pin="0"/><net_sink comp="1309" pin=1"/></net>

<net id="1319"><net_src comp="1295" pin="2"/><net_sink comp="1315" pin=0"/></net>

<net id="1320"><net_src comp="1235" pin="2"/><net_sink comp="1315" pin=1"/></net>

<net id="1326"><net_src comp="1315" pin="2"/><net_sink comp="1321" pin=0"/></net>

<net id="1327"><net_src comp="52" pin="0"/><net_sink comp="1321" pin=1"/></net>

<net id="1328"><net_src comp="1226" pin="1"/><net_sink comp="1321" pin=2"/></net>

<net id="1333"><net_src comp="1241" pin="3"/><net_sink comp="1329" pin=0"/></net>

<net id="1334"><net_src comp="60" pin="0"/><net_sink comp="1329" pin=1"/></net>

<net id="1340"><net_src comp="1295" pin="2"/><net_sink comp="1335" pin=0"/></net>

<net id="1341"><net_src comp="1329" pin="2"/><net_sink comp="1335" pin=1"/></net>

<net id="1342"><net_src comp="1275" pin="3"/><net_sink comp="1335" pin=2"/></net>

<net id="1348"><net_src comp="1295" pin="2"/><net_sink comp="1343" pin=0"/></net>

<net id="1349"><net_src comp="1309" pin="2"/><net_sink comp="1343" pin=1"/></net>

<net id="1350"><net_src comp="1241" pin="3"/><net_sink comp="1343" pin=2"/></net>

<net id="1354"><net_src comp="1301" pin="3"/><net_sink comp="1351" pin=0"/></net>

<net id="1358"><net_src comp="1301" pin="3"/><net_sink comp="1355" pin=0"/></net>

<net id="1362"><net_src comp="1301" pin="3"/><net_sink comp="1359" pin=0"/></net>

<net id="1368"><net_src comp="68" pin="0"/><net_sink comp="1363" pin=0"/></net>

<net id="1369"><net_src comp="1359" pin="1"/><net_sink comp="1363" pin=1"/></net>

<net id="1370"><net_src comp="70" pin="0"/><net_sink comp="1363" pin=2"/></net>

<net id="1375"><net_src comp="1363" pin="3"/><net_sink comp="1371" pin=0"/></net>

<net id="1376"><net_src comp="1355" pin="1"/><net_sink comp="1371" pin=1"/></net>

<net id="1382"><net_src comp="72" pin="0"/><net_sink comp="1377" pin=0"/></net>

<net id="1383"><net_src comp="1261" pin="3"/><net_sink comp="1377" pin=1"/></net>

<net id="1384"><net_src comp="74" pin="0"/><net_sink comp="1377" pin=2"/></net>

<net id="1390"><net_src comp="76" pin="0"/><net_sink comp="1385" pin=0"/></net>

<net id="1391"><net_src comp="1301" pin="3"/><net_sink comp="1385" pin=1"/></net>

<net id="1392"><net_src comp="70" pin="0"/><net_sink comp="1385" pin=2"/></net>

<net id="1397"><net_src comp="1385" pin="3"/><net_sink comp="1393" pin=0"/></net>

<net id="1398"><net_src comp="1351" pin="1"/><net_sink comp="1393" pin=1"/></net>

<net id="1402"><net_src comp="1343" pin="3"/><net_sink comp="1399" pin=0"/></net>

<net id="1406"><net_src comp="1343" pin="3"/><net_sink comp="1403" pin=0"/></net>

<net id="1412"><net_src comp="72" pin="0"/><net_sink comp="1407" pin=0"/></net>

<net id="1413"><net_src comp="1335" pin="3"/><net_sink comp="1407" pin=1"/></net>

<net id="1414"><net_src comp="74" pin="0"/><net_sink comp="1407" pin=2"/></net>

<net id="1418"><net_src comp="1321" pin="3"/><net_sink comp="1415" pin=0"/></net>

<net id="1422"><net_src comp="1321" pin="3"/><net_sink comp="1419" pin=0"/></net>

<net id="1428"><net_src comp="78" pin="0"/><net_sink comp="1423" pin=0"/></net>

<net id="1429"><net_src comp="1321" pin="3"/><net_sink comp="1423" pin=1"/></net>

<net id="1430"><net_src comp="80" pin="0"/><net_sink comp="1423" pin=2"/></net>

<net id="1434"><net_src comp="1423" pin="3"/><net_sink comp="1431" pin=0"/></net>

<net id="1439"><net_src comp="1431" pin="1"/><net_sink comp="1435" pin=0"/></net>

<net id="1440"><net_src comp="1415" pin="1"/><net_sink comp="1435" pin=1"/></net>

<net id="1444"><net_src comp="1435" pin="2"/><net_sink comp="1441" pin=0"/></net>

<net id="1449"><net_src comp="1441" pin="1"/><net_sink comp="1445" pin=0"/></net>

<net id="1453"><net_src comp="1435" pin="2"/><net_sink comp="1450" pin=0"/></net>

<net id="1460"><net_src comp="82" pin="0"/><net_sink comp="1454" pin=0"/></net>

<net id="1461"><net_src comp="1445" pin="2"/><net_sink comp="1454" pin=1"/></net>

<net id="1462"><net_src comp="84" pin="0"/><net_sink comp="1454" pin=2"/></net>

<net id="1463"><net_src comp="86" pin="0"/><net_sink comp="1454" pin=3"/></net>

<net id="1467"><net_src comp="1454" pin="4"/><net_sink comp="1464" pin=0"/></net>

<net id="1468"><net_src comp="1464" pin="1"/><net_sink comp="218" pin=2"/></net>

<net id="1469"><net_src comp="1464" pin="1"/><net_sink comp="235" pin=2"/></net>

<net id="1475"><net_src comp="90" pin="0"/><net_sink comp="1470" pin=0"/></net>

<net id="1476"><net_src comp="1445" pin="2"/><net_sink comp="1470" pin=1"/></net>

<net id="1477"><net_src comp="92" pin="0"/><net_sink comp="1470" pin=2"/></net>

<net id="1482"><net_src comp="1445" pin="2"/><net_sink comp="1478" pin=0"/></net>

<net id="1483"><net_src comp="94" pin="0"/><net_sink comp="1478" pin=1"/></net>

<net id="1490"><net_src comp="82" pin="0"/><net_sink comp="1484" pin=0"/></net>

<net id="1491"><net_src comp="1478" pin="2"/><net_sink comp="1484" pin=1"/></net>

<net id="1492"><net_src comp="84" pin="0"/><net_sink comp="1484" pin=2"/></net>

<net id="1493"><net_src comp="86" pin="0"/><net_sink comp="1484" pin=3"/></net>

<net id="1497"><net_src comp="1484" pin="4"/><net_sink comp="1494" pin=0"/></net>

<net id="1498"><net_src comp="1494" pin="1"/><net_sink comp="252" pin=2"/></net>

<net id="1499"><net_src comp="1494" pin="1"/><net_sink comp="260" pin=2"/></net>

<net id="1505"><net_src comp="90" pin="0"/><net_sink comp="1500" pin=0"/></net>

<net id="1506"><net_src comp="1478" pin="2"/><net_sink comp="1500" pin=1"/></net>

<net id="1507"><net_src comp="92" pin="0"/><net_sink comp="1500" pin=2"/></net>

<net id="1512"><net_src comp="1321" pin="3"/><net_sink comp="1508" pin=0"/></net>

<net id="1513"><net_src comp="96" pin="0"/><net_sink comp="1508" pin=1"/></net>

<net id="1518"><net_src comp="1508" pin="2"/><net_sink comp="1514" pin=0"/></net>

<net id="1519"><net_src comp="66" pin="0"/><net_sink comp="1514" pin=1"/></net>

<net id="1524"><net_src comp="1399" pin="1"/><net_sink comp="1520" pin=0"/></net>

<net id="1525"><net_src comp="1371" pin="2"/><net_sink comp="1520" pin=1"/></net>

<net id="1529"><net_src comp="1520" pin="2"/><net_sink comp="1526" pin=0"/></net>

<net id="1534"><net_src comp="1526" pin="1"/><net_sink comp="1530" pin=0"/></net>

<net id="1535"><net_src comp="1393" pin="2"/><net_sink comp="1530" pin=1"/></net>

<net id="1539"><net_src comp="1530" pin="2"/><net_sink comp="1536" pin=0"/></net>

<net id="1544"><net_src comp="1536" pin="1"/><net_sink comp="1540" pin=0"/></net>

<net id="1545"><net_src comp="98" pin="0"/><net_sink comp="1540" pin=1"/></net>

<net id="1552"><net_src comp="100" pin="0"/><net_sink comp="1546" pin=0"/></net>

<net id="1553"><net_src comp="1540" pin="2"/><net_sink comp="1546" pin=1"/></net>

<net id="1554"><net_src comp="102" pin="0"/><net_sink comp="1546" pin=2"/></net>

<net id="1555"><net_src comp="104" pin="0"/><net_sink comp="1546" pin=3"/></net>

<net id="1560"><net_src comp="1520" pin="2"/><net_sink comp="1556" pin=0"/></net>

<net id="1561"><net_src comp="106" pin="0"/><net_sink comp="1556" pin=1"/></net>

<net id="1566"><net_src comp="1208" pin="1"/><net_sink comp="1562" pin=0"/></net>

<net id="1567"><net_src comp="108" pin="0"/><net_sink comp="1562" pin=1"/></net>

<net id="1573"><net_src comp="1235" pin="2"/><net_sink comp="1568" pin=0"/></net>

<net id="1574"><net_src comp="108" pin="0"/><net_sink comp="1568" pin=1"/></net>

<net id="1575"><net_src comp="1562" pin="2"/><net_sink comp="1568" pin=2"/></net>

<net id="1580"><net_src comp="1220" pin="2"/><net_sink comp="1576" pin=0"/></net>

<net id="1585"><net_src comp="1568" pin="3"/><net_sink comp="1581" pin=0"/></net>

<net id="1590"><net_src comp="1508" pin="2"/><net_sink comp="1586" pin=0"/></net>

<net id="1596"><net_src comp="242" pin="7"/><net_sink comp="1591" pin=1"/></net>

<net id="1597"><net_src comp="225" pin="7"/><net_sink comp="1591" pin=2"/></net>

<net id="1605"><net_src comp="1591" pin="3"/><net_sink comp="1601" pin=0"/></net>

<net id="1606"><net_src comp="1598" pin="1"/><net_sink comp="1601" pin=1"/></net>

<net id="1612"><net_src comp="242" pin="3"/><net_sink comp="1607" pin=1"/></net>

<net id="1613"><net_src comp="225" pin="3"/><net_sink comp="1607" pin=2"/></net>

<net id="1618"><net_src comp="110" pin="0"/><net_sink comp="1614" pin=1"/></net>

<net id="1622"><net_src comp="1614" pin="2"/><net_sink comp="1619" pin=0"/></net>

<net id="1627"><net_src comp="1607" pin="3"/><net_sink comp="1623" pin=0"/></net>

<net id="1628"><net_src comp="1619" pin="1"/><net_sink comp="1623" pin=1"/></net>

<net id="1633"><net_src comp="112" pin="0"/><net_sink comp="1629" pin=1"/></net>

<net id="1640"><net_src comp="82" pin="0"/><net_sink comp="1634" pin=0"/></net>

<net id="1641"><net_src comp="1629" pin="2"/><net_sink comp="1634" pin=1"/></net>

<net id="1642"><net_src comp="84" pin="0"/><net_sink comp="1634" pin=2"/></net>

<net id="1643"><net_src comp="86" pin="0"/><net_sink comp="1634" pin=3"/></net>

<net id="1647"><net_src comp="1634" pin="4"/><net_sink comp="1644" pin=0"/></net>

<net id="1648"><net_src comp="1644" pin="1"/><net_sink comp="268" pin=2"/></net>

<net id="1649"><net_src comp="1644" pin="1"/><net_sink comp="276" pin=2"/></net>

<net id="1655"><net_src comp="90" pin="0"/><net_sink comp="1650" pin=0"/></net>

<net id="1656"><net_src comp="1629" pin="2"/><net_sink comp="1650" pin=1"/></net>

<net id="1657"><net_src comp="92" pin="0"/><net_sink comp="1650" pin=2"/></net>

<net id="1662"><net_src comp="114" pin="0"/><net_sink comp="1658" pin=1"/></net>

<net id="1669"><net_src comp="82" pin="0"/><net_sink comp="1663" pin=0"/></net>

<net id="1670"><net_src comp="1658" pin="2"/><net_sink comp="1663" pin=1"/></net>

<net id="1671"><net_src comp="84" pin="0"/><net_sink comp="1663" pin=2"/></net>

<net id="1672"><net_src comp="86" pin="0"/><net_sink comp="1663" pin=3"/></net>

<net id="1676"><net_src comp="1663" pin="4"/><net_sink comp="1673" pin=0"/></net>

<net id="1677"><net_src comp="1673" pin="1"/><net_sink comp="284" pin=2"/></net>

<net id="1678"><net_src comp="1673" pin="1"/><net_sink comp="292" pin=2"/></net>

<net id="1684"><net_src comp="90" pin="0"/><net_sink comp="1679" pin=0"/></net>

<net id="1685"><net_src comp="1658" pin="2"/><net_sink comp="1679" pin=1"/></net>

<net id="1686"><net_src comp="92" pin="0"/><net_sink comp="1679" pin=2"/></net>

<net id="1698"><net_src comp="116" pin="0"/><net_sink comp="1693" pin=0"/></net>

<net id="1699"><net_src comp="80" pin="0"/><net_sink comp="1693" pin=2"/></net>

<net id="1705"><net_src comp="242" pin="3"/><net_sink comp="1700" pin=1"/></net>

<net id="1706"><net_src comp="225" pin="3"/><net_sink comp="1700" pin=2"/></net>

<net id="1711"><net_src comp="118" pin="0"/><net_sink comp="1707" pin=1"/></net>

<net id="1715"><net_src comp="1707" pin="2"/><net_sink comp="1712" pin=0"/></net>

<net id="1720"><net_src comp="1700" pin="3"/><net_sink comp="1716" pin=0"/></net>

<net id="1721"><net_src comp="1712" pin="1"/><net_sink comp="1716" pin=1"/></net>

<net id="1727"><net_src comp="242" pin="7"/><net_sink comp="1722" pin=1"/></net>

<net id="1728"><net_src comp="225" pin="7"/><net_sink comp="1722" pin=2"/></net>

<net id="1733"><net_src comp="120" pin="0"/><net_sink comp="1729" pin=1"/></net>

<net id="1737"><net_src comp="1729" pin="2"/><net_sink comp="1734" pin=0"/></net>

<net id="1742"><net_src comp="1722" pin="3"/><net_sink comp="1738" pin=0"/></net>

<net id="1743"><net_src comp="1734" pin="1"/><net_sink comp="1738" pin=1"/></net>

<net id="1748"><net_src comp="1693" pin="3"/><net_sink comp="1744" pin=0"/></net>

<net id="1749"><net_src comp="1687" pin="1"/><net_sink comp="1744" pin=1"/></net>

<net id="1753"><net_src comp="1744" pin="2"/><net_sink comp="1750" pin=0"/></net>

<net id="1754"><net_src comp="1750" pin="1"/><net_sink comp="300" pin=2"/></net>

<net id="1755"><net_src comp="1750" pin="1"/><net_sink comp="307" pin=2"/></net>

<net id="1756"><net_src comp="1750" pin="1"/><net_sink comp="314" pin=2"/></net>

<net id="1757"><net_src comp="1750" pin="1"/><net_sink comp="321" pin=2"/></net>

<net id="1758"><net_src comp="1750" pin="1"/><net_sink comp="328" pin=2"/></net>

<net id="1759"><net_src comp="1750" pin="1"/><net_sink comp="335" pin=2"/></net>

<net id="1760"><net_src comp="1750" pin="1"/><net_sink comp="342" pin=2"/></net>

<net id="1761"><net_src comp="1750" pin="1"/><net_sink comp="349" pin=2"/></net>

<net id="1766"><net_src comp="122" pin="0"/><net_sink comp="1762" pin=1"/></net>

<net id="1773"><net_src comp="82" pin="0"/><net_sink comp="1767" pin=0"/></net>

<net id="1774"><net_src comp="1762" pin="2"/><net_sink comp="1767" pin=1"/></net>

<net id="1775"><net_src comp="84" pin="0"/><net_sink comp="1767" pin=2"/></net>

<net id="1776"><net_src comp="86" pin="0"/><net_sink comp="1767" pin=3"/></net>

<net id="1780"><net_src comp="1767" pin="4"/><net_sink comp="1777" pin=0"/></net>

<net id="1781"><net_src comp="1777" pin="1"/><net_sink comp="404" pin=2"/></net>

<net id="1782"><net_src comp="1777" pin="1"/><net_sink comp="412" pin=2"/></net>

<net id="1788"><net_src comp="90" pin="0"/><net_sink comp="1783" pin=0"/></net>

<net id="1789"><net_src comp="1762" pin="2"/><net_sink comp="1783" pin=1"/></net>

<net id="1790"><net_src comp="92" pin="0"/><net_sink comp="1783" pin=2"/></net>

<net id="1795"><net_src comp="1744" pin="2"/><net_sink comp="1791" pin=0"/></net>

<net id="1796"><net_src comp="1690" pin="1"/><net_sink comp="1791" pin=1"/></net>

<net id="1800"><net_src comp="1791" pin="2"/><net_sink comp="1797" pin=0"/></net>

<net id="1801"><net_src comp="1797" pin="1"/><net_sink comp="420" pin=2"/></net>

<net id="1802"><net_src comp="1797" pin="1"/><net_sink comp="427" pin=2"/></net>

<net id="1803"><net_src comp="1797" pin="1"/><net_sink comp="434" pin=2"/></net>

<net id="1804"><net_src comp="1797" pin="1"/><net_sink comp="441" pin=2"/></net>

<net id="1805"><net_src comp="1797" pin="1"/><net_sink comp="448" pin=2"/></net>

<net id="1806"><net_src comp="1797" pin="1"/><net_sink comp="455" pin=2"/></net>

<net id="1807"><net_src comp="1797" pin="1"/><net_sink comp="462" pin=2"/></net>

<net id="1808"><net_src comp="1797" pin="1"/><net_sink comp="469" pin=2"/></net>

<net id="1813"><net_src comp="124" pin="0"/><net_sink comp="1809" pin=1"/></net>

<net id="1820"><net_src comp="82" pin="0"/><net_sink comp="1814" pin=0"/></net>

<net id="1821"><net_src comp="1809" pin="2"/><net_sink comp="1814" pin=1"/></net>

<net id="1822"><net_src comp="84" pin="0"/><net_sink comp="1814" pin=2"/></net>

<net id="1823"><net_src comp="86" pin="0"/><net_sink comp="1814" pin=3"/></net>

<net id="1827"><net_src comp="1814" pin="4"/><net_sink comp="1824" pin=0"/></net>

<net id="1828"><net_src comp="1824" pin="1"/><net_sink comp="484" pin=2"/></net>

<net id="1829"><net_src comp="1824" pin="1"/><net_sink comp="492" pin=2"/></net>

<net id="1835"><net_src comp="90" pin="0"/><net_sink comp="1830" pin=0"/></net>

<net id="1836"><net_src comp="1809" pin="2"/><net_sink comp="1830" pin=1"/></net>

<net id="1837"><net_src comp="92" pin="0"/><net_sink comp="1830" pin=2"/></net>

<net id="1847"><net_src comp="126" pin="0"/><net_sink comp="1842" pin=0"/></net>

<net id="1848"><net_src comp="80" pin="0"/><net_sink comp="1842" pin=2"/></net>

<net id="1852"><net_src comp="1842" pin="3"/><net_sink comp="1849" pin=0"/></net>

<net id="1860"><net_src comp="128" pin="0"/><net_sink comp="1856" pin=1"/></net>

<net id="1864"><net_src comp="1856" pin="2"/><net_sink comp="1861" pin=0"/></net>

<net id="1870"><net_src comp="72" pin="0"/><net_sink comp="1865" pin=0"/></net>

<net id="1871"><net_src comp="1856" pin="2"/><net_sink comp="1865" pin=1"/></net>

<net id="1872"><net_src comp="74" pin="0"/><net_sink comp="1865" pin=2"/></net>

<net id="1894"><net_src comp="130" pin="0"/><net_sink comp="1873" pin=0"/></net>

<net id="1895"><net_src comp="80" pin="0"/><net_sink comp="1873" pin=1"/></net>

<net id="1896"><net_src comp="356" pin="3"/><net_sink comp="1873" pin=2"/></net>

<net id="1897"><net_src comp="132" pin="0"/><net_sink comp="1873" pin=3"/></net>

<net id="1898"><net_src comp="362" pin="3"/><net_sink comp="1873" pin=4"/></net>

<net id="1899"><net_src comp="134" pin="0"/><net_sink comp="1873" pin=5"/></net>

<net id="1900"><net_src comp="368" pin="3"/><net_sink comp="1873" pin=6"/></net>

<net id="1901"><net_src comp="136" pin="0"/><net_sink comp="1873" pin=7"/></net>

<net id="1902"><net_src comp="374" pin="3"/><net_sink comp="1873" pin=8"/></net>

<net id="1903"><net_src comp="138" pin="0"/><net_sink comp="1873" pin=9"/></net>

<net id="1904"><net_src comp="380" pin="3"/><net_sink comp="1873" pin=10"/></net>

<net id="1905"><net_src comp="140" pin="0"/><net_sink comp="1873" pin=11"/></net>

<net id="1906"><net_src comp="386" pin="3"/><net_sink comp="1873" pin=12"/></net>

<net id="1907"><net_src comp="142" pin="0"/><net_sink comp="1873" pin=13"/></net>

<net id="1908"><net_src comp="392" pin="3"/><net_sink comp="1873" pin=14"/></net>

<net id="1909"><net_src comp="144" pin="0"/><net_sink comp="1873" pin=15"/></net>

<net id="1910"><net_src comp="398" pin="3"/><net_sink comp="1873" pin=16"/></net>

<net id="1911"><net_src comp="146" pin="0"/><net_sink comp="1873" pin=17"/></net>

<net id="1917"><net_src comp="242" pin="3"/><net_sink comp="1912" pin=1"/></net>

<net id="1918"><net_src comp="225" pin="3"/><net_sink comp="1912" pin=2"/></net>

<net id="1923"><net_src comp="148" pin="0"/><net_sink comp="1919" pin=1"/></net>

<net id="1927"><net_src comp="1919" pin="2"/><net_sink comp="1924" pin=0"/></net>

<net id="1932"><net_src comp="1912" pin="3"/><net_sink comp="1928" pin=0"/></net>

<net id="1933"><net_src comp="1924" pin="1"/><net_sink comp="1928" pin=1"/></net>

<net id="1955"><net_src comp="130" pin="0"/><net_sink comp="1934" pin=0"/></net>

<net id="1956"><net_src comp="144" pin="0"/><net_sink comp="1934" pin=1"/></net>

<net id="1957"><net_src comp="356" pin="3"/><net_sink comp="1934" pin=2"/></net>

<net id="1958"><net_src comp="80" pin="0"/><net_sink comp="1934" pin=3"/></net>

<net id="1959"><net_src comp="362" pin="3"/><net_sink comp="1934" pin=4"/></net>

<net id="1960"><net_src comp="132" pin="0"/><net_sink comp="1934" pin=5"/></net>

<net id="1961"><net_src comp="368" pin="3"/><net_sink comp="1934" pin=6"/></net>

<net id="1962"><net_src comp="134" pin="0"/><net_sink comp="1934" pin=7"/></net>

<net id="1963"><net_src comp="374" pin="3"/><net_sink comp="1934" pin=8"/></net>

<net id="1964"><net_src comp="136" pin="0"/><net_sink comp="1934" pin=9"/></net>

<net id="1965"><net_src comp="380" pin="3"/><net_sink comp="1934" pin=10"/></net>

<net id="1966"><net_src comp="138" pin="0"/><net_sink comp="1934" pin=11"/></net>

<net id="1967"><net_src comp="386" pin="3"/><net_sink comp="1934" pin=12"/></net>

<net id="1968"><net_src comp="140" pin="0"/><net_sink comp="1934" pin=13"/></net>

<net id="1969"><net_src comp="392" pin="3"/><net_sink comp="1934" pin=14"/></net>

<net id="1970"><net_src comp="142" pin="0"/><net_sink comp="1934" pin=15"/></net>

<net id="1971"><net_src comp="398" pin="3"/><net_sink comp="1934" pin=16"/></net>

<net id="1972"><net_src comp="146" pin="0"/><net_sink comp="1934" pin=17"/></net>

<net id="1978"><net_src comp="242" pin="7"/><net_sink comp="1973" pin=1"/></net>

<net id="1979"><net_src comp="225" pin="7"/><net_sink comp="1973" pin=2"/></net>

<net id="1984"><net_src comp="106" pin="0"/><net_sink comp="1980" pin=1"/></net>

<net id="1988"><net_src comp="1980" pin="2"/><net_sink comp="1985" pin=0"/></net>

<net id="1993"><net_src comp="1973" pin="3"/><net_sink comp="1989" pin=0"/></net>

<net id="1994"><net_src comp="1985" pin="1"/><net_sink comp="1989" pin=1"/></net>

<net id="1999"><net_src comp="1849" pin="1"/><net_sink comp="1995" pin=0"/></net>

<net id="2000"><net_src comp="1861" pin="1"/><net_sink comp="1995" pin=1"/></net>

<net id="2004"><net_src comp="1995" pin="2"/><net_sink comp="2001" pin=0"/></net>

<net id="2010"><net_src comp="150" pin="0"/><net_sink comp="2005" pin=0"/></net>

<net id="2011"><net_src comp="152" pin="0"/><net_sink comp="2005" pin=2"/></net>

<net id="2016"><net_src comp="2005" pin="3"/><net_sink comp="2012" pin=0"/></net>

<net id="2017"><net_src comp="2001" pin="1"/><net_sink comp="2012" pin=1"/></net>

<net id="2024"><net_src comp="154" pin="0"/><net_sink comp="2018" pin=0"/></net>

<net id="2025"><net_src comp="2012" pin="2"/><net_sink comp="2018" pin=1"/></net>

<net id="2026"><net_src comp="74" pin="0"/><net_sink comp="2018" pin=2"/></net>

<net id="2027"><net_src comp="156" pin="0"/><net_sink comp="2018" pin=3"/></net>

<net id="2031"><net_src comp="2018" pin="4"/><net_sink comp="2028" pin=0"/></net>

<net id="2032"><net_src comp="2028" pin="1"/><net_sink comp="500" pin=2"/></net>

<net id="2033"><net_src comp="2028" pin="1"/><net_sink comp="507" pin=2"/></net>

<net id="2034"><net_src comp="2028" pin="1"/><net_sink comp="514" pin=2"/></net>

<net id="2035"><net_src comp="2028" pin="1"/><net_sink comp="521" pin=2"/></net>

<net id="2036"><net_src comp="2028" pin="1"/><net_sink comp="528" pin=2"/></net>

<net id="2037"><net_src comp="2028" pin="1"/><net_sink comp="535" pin=2"/></net>

<net id="2038"><net_src comp="2028" pin="1"/><net_sink comp="542" pin=2"/></net>

<net id="2039"><net_src comp="2028" pin="1"/><net_sink comp="549" pin=2"/></net>

<net id="2044"><net_src comp="158" pin="0"/><net_sink comp="2040" pin=1"/></net>

<net id="2051"><net_src comp="82" pin="0"/><net_sink comp="2045" pin=0"/></net>

<net id="2052"><net_src comp="2040" pin="2"/><net_sink comp="2045" pin=1"/></net>

<net id="2053"><net_src comp="84" pin="0"/><net_sink comp="2045" pin=2"/></net>

<net id="2054"><net_src comp="86" pin="0"/><net_sink comp="2045" pin=3"/></net>

<net id="2058"><net_src comp="2045" pin="4"/><net_sink comp="2055" pin=0"/></net>

<net id="2059"><net_src comp="2055" pin="1"/><net_sink comp="564" pin=2"/></net>

<net id="2060"><net_src comp="2055" pin="1"/><net_sink comp="572" pin=2"/></net>

<net id="2066"><net_src comp="90" pin="0"/><net_sink comp="2061" pin=0"/></net>

<net id="2067"><net_src comp="2040" pin="2"/><net_sink comp="2061" pin=1"/></net>

<net id="2068"><net_src comp="92" pin="0"/><net_sink comp="2061" pin=2"/></net>

<net id="2073"><net_src comp="1853" pin="1"/><net_sink comp="2069" pin=1"/></net>

<net id="2077"><net_src comp="2069" pin="2"/><net_sink comp="2074" pin=0"/></net>

<net id="2078"><net_src comp="2074" pin="1"/><net_sink comp="580" pin=2"/></net>

<net id="2079"><net_src comp="2074" pin="1"/><net_sink comp="587" pin=2"/></net>

<net id="2080"><net_src comp="2074" pin="1"/><net_sink comp="594" pin=2"/></net>

<net id="2081"><net_src comp="2074" pin="1"/><net_sink comp="601" pin=2"/></net>

<net id="2082"><net_src comp="2074" pin="1"/><net_sink comp="608" pin=2"/></net>

<net id="2083"><net_src comp="2074" pin="1"/><net_sink comp="615" pin=2"/></net>

<net id="2084"><net_src comp="2074" pin="1"/><net_sink comp="622" pin=2"/></net>

<net id="2085"><net_src comp="2074" pin="1"/><net_sink comp="629" pin=2"/></net>

<net id="2090"><net_src comp="160" pin="0"/><net_sink comp="2086" pin=1"/></net>

<net id="2097"><net_src comp="82" pin="0"/><net_sink comp="2091" pin=0"/></net>

<net id="2098"><net_src comp="2086" pin="2"/><net_sink comp="2091" pin=1"/></net>

<net id="2099"><net_src comp="84" pin="0"/><net_sink comp="2091" pin=2"/></net>

<net id="2100"><net_src comp="86" pin="0"/><net_sink comp="2091" pin=3"/></net>

<net id="2104"><net_src comp="2091" pin="4"/><net_sink comp="2101" pin=0"/></net>

<net id="2105"><net_src comp="2101" pin="1"/><net_sink comp="644" pin=2"/></net>

<net id="2106"><net_src comp="2101" pin="1"/><net_sink comp="652" pin=2"/></net>

<net id="2112"><net_src comp="90" pin="0"/><net_sink comp="2107" pin=0"/></net>

<net id="2113"><net_src comp="2086" pin="2"/><net_sink comp="2107" pin=1"/></net>

<net id="2114"><net_src comp="92" pin="0"/><net_sink comp="2107" pin=2"/></net>

<net id="2119"><net_src comp="2069" pin="2"/><net_sink comp="2115" pin=0"/></net>

<net id="2124"><net_src comp="162" pin="0"/><net_sink comp="2120" pin=1"/></net>

<net id="2131"><net_src comp="82" pin="0"/><net_sink comp="2125" pin=0"/></net>

<net id="2132"><net_src comp="2120" pin="2"/><net_sink comp="2125" pin=1"/></net>

<net id="2133"><net_src comp="84" pin="0"/><net_sink comp="2125" pin=2"/></net>

<net id="2134"><net_src comp="86" pin="0"/><net_sink comp="2125" pin=3"/></net>

<net id="2140"><net_src comp="90" pin="0"/><net_sink comp="2135" pin=0"/></net>

<net id="2141"><net_src comp="2120" pin="2"/><net_sink comp="2135" pin=1"/></net>

<net id="2142"><net_src comp="92" pin="0"/><net_sink comp="2135" pin=2"/></net>

<net id="2148"><net_src comp="242" pin="3"/><net_sink comp="2143" pin=1"/></net>

<net id="2149"><net_src comp="225" pin="3"/><net_sink comp="2143" pin=2"/></net>

<net id="2154"><net_src comp="164" pin="0"/><net_sink comp="2150" pin=1"/></net>

<net id="2158"><net_src comp="2150" pin="2"/><net_sink comp="2155" pin=0"/></net>

<net id="2163"><net_src comp="2143" pin="3"/><net_sink comp="2159" pin=0"/></net>

<net id="2164"><net_src comp="2155" pin="1"/><net_sink comp="2159" pin=1"/></net>

<net id="2170"><net_src comp="242" pin="7"/><net_sink comp="2165" pin=1"/></net>

<net id="2171"><net_src comp="225" pin="7"/><net_sink comp="2165" pin=2"/></net>

<net id="2176"><net_src comp="166" pin="0"/><net_sink comp="2172" pin=1"/></net>

<net id="2180"><net_src comp="2172" pin="2"/><net_sink comp="2177" pin=0"/></net>

<net id="2185"><net_src comp="2165" pin="3"/><net_sink comp="2181" pin=0"/></net>

<net id="2186"><net_src comp="2177" pin="1"/><net_sink comp="2181" pin=1"/></net>

<net id="2190"><net_src comp="2187" pin="1"/><net_sink comp="660" pin=2"/></net>

<net id="2191"><net_src comp="2187" pin="1"/><net_sink comp="667" pin=2"/></net>

<net id="2192"><net_src comp="2187" pin="1"/><net_sink comp="674" pin=2"/></net>

<net id="2193"><net_src comp="2187" pin="1"/><net_sink comp="681" pin=2"/></net>

<net id="2194"><net_src comp="2187" pin="1"/><net_sink comp="688" pin=2"/></net>

<net id="2195"><net_src comp="2187" pin="1"/><net_sink comp="695" pin=2"/></net>

<net id="2196"><net_src comp="2187" pin="1"/><net_sink comp="702" pin=2"/></net>

<net id="2197"><net_src comp="2187" pin="1"/><net_sink comp="709" pin=2"/></net>

<net id="2201"><net_src comp="2198" pin="1"/><net_sink comp="724" pin=2"/></net>

<net id="2202"><net_src comp="2198" pin="1"/><net_sink comp="732" pin=2"/></net>

<net id="2224"><net_src comp="150" pin="0"/><net_sink comp="2219" pin=0"/></net>

<net id="2225"><net_src comp="168" pin="0"/><net_sink comp="2219" pin=2"/></net>

<net id="2230"><net_src comp="2219" pin="3"/><net_sink comp="2226" pin=0"/></net>

<net id="2231"><net_src comp="170" pin="0"/><net_sink comp="2226" pin=1"/></net>

<net id="2236"><net_src comp="2226" pin="2"/><net_sink comp="2232" pin=0"/></net>

<net id="2237"><net_src comp="2207" pin="1"/><net_sink comp="2232" pin=1"/></net>

<net id="2242"><net_src comp="2232" pin="2"/><net_sink comp="2238" pin=0"/></net>

<net id="2243"><net_src comp="2213" pin="1"/><net_sink comp="2238" pin=1"/></net>

<net id="2250"><net_src comp="154" pin="0"/><net_sink comp="2244" pin=0"/></net>

<net id="2251"><net_src comp="2238" pin="2"/><net_sink comp="2244" pin=1"/></net>

<net id="2252"><net_src comp="74" pin="0"/><net_sink comp="2244" pin=2"/></net>

<net id="2253"><net_src comp="156" pin="0"/><net_sink comp="2244" pin=3"/></net>

<net id="2257"><net_src comp="2244" pin="4"/><net_sink comp="2254" pin=0"/></net>

<net id="2258"><net_src comp="2254" pin="1"/><net_sink comp="740" pin=2"/></net>

<net id="2259"><net_src comp="2254" pin="1"/><net_sink comp="747" pin=2"/></net>

<net id="2260"><net_src comp="2254" pin="1"/><net_sink comp="754" pin=2"/></net>

<net id="2261"><net_src comp="2254" pin="1"/><net_sink comp="761" pin=2"/></net>

<net id="2262"><net_src comp="2254" pin="1"/><net_sink comp="768" pin=2"/></net>

<net id="2263"><net_src comp="2254" pin="1"/><net_sink comp="775" pin=2"/></net>

<net id="2264"><net_src comp="2254" pin="1"/><net_sink comp="782" pin=2"/></net>

<net id="2265"><net_src comp="2254" pin="1"/><net_sink comp="789" pin=2"/></net>

<net id="2270"><net_src comp="2232" pin="2"/><net_sink comp="2266" pin=0"/></net>

<net id="2271"><net_src comp="2210" pin="1"/><net_sink comp="2266" pin=1"/></net>

<net id="2278"><net_src comp="154" pin="0"/><net_sink comp="2272" pin=0"/></net>

<net id="2279"><net_src comp="2266" pin="2"/><net_sink comp="2272" pin=1"/></net>

<net id="2280"><net_src comp="74" pin="0"/><net_sink comp="2272" pin=2"/></net>

<net id="2281"><net_src comp="156" pin="0"/><net_sink comp="2272" pin=3"/></net>

<net id="2285"><net_src comp="2272" pin="4"/><net_sink comp="2282" pin=0"/></net>

<net id="2286"><net_src comp="2282" pin="1"/><net_sink comp="804" pin=2"/></net>

<net id="2287"><net_src comp="2282" pin="1"/><net_sink comp="811" pin=2"/></net>

<net id="2288"><net_src comp="2282" pin="1"/><net_sink comp="818" pin=2"/></net>

<net id="2289"><net_src comp="2282" pin="1"/><net_sink comp="825" pin=2"/></net>

<net id="2290"><net_src comp="2282" pin="1"/><net_sink comp="832" pin=2"/></net>

<net id="2291"><net_src comp="2282" pin="1"/><net_sink comp="839" pin=2"/></net>

<net id="2292"><net_src comp="2282" pin="1"/><net_sink comp="846" pin=2"/></net>

<net id="2293"><net_src comp="2282" pin="1"/><net_sink comp="853" pin=2"/></net>

<net id="2298"><net_src comp="2232" pin="2"/><net_sink comp="2294" pin=0"/></net>

<net id="2299"><net_src comp="2216" pin="1"/><net_sink comp="2294" pin=1"/></net>

<net id="2306"><net_src comp="154" pin="0"/><net_sink comp="2300" pin=0"/></net>

<net id="2307"><net_src comp="2294" pin="2"/><net_sink comp="2300" pin=1"/></net>

<net id="2308"><net_src comp="74" pin="0"/><net_sink comp="2300" pin=2"/></net>

<net id="2309"><net_src comp="156" pin="0"/><net_sink comp="2300" pin=3"/></net>

<net id="2316"><net_src comp="172" pin="0"/><net_sink comp="2310" pin=0"/></net>

<net id="2317"><net_src comp="80" pin="0"/><net_sink comp="2310" pin=3"/></net>

<net id="2322"><net_src comp="2310" pin="4"/><net_sink comp="2318" pin=0"/></net>

<net id="2323"><net_src comp="2213" pin="1"/><net_sink comp="2318" pin=1"/></net>

<net id="2330"><net_src comp="154" pin="0"/><net_sink comp="2324" pin=0"/></net>

<net id="2331"><net_src comp="2318" pin="2"/><net_sink comp="2324" pin=1"/></net>

<net id="2332"><net_src comp="74" pin="0"/><net_sink comp="2324" pin=2"/></net>

<net id="2333"><net_src comp="156" pin="0"/><net_sink comp="2324" pin=3"/></net>

<net id="2339"><net_src comp="242" pin="3"/><net_sink comp="2334" pin=1"/></net>

<net id="2340"><net_src comp="225" pin="3"/><net_sink comp="2334" pin=2"/></net>

<net id="2345"><net_src comp="174" pin="0"/><net_sink comp="2341" pin=1"/></net>

<net id="2349"><net_src comp="2341" pin="2"/><net_sink comp="2346" pin=0"/></net>

<net id="2354"><net_src comp="2334" pin="3"/><net_sink comp="2350" pin=0"/></net>

<net id="2355"><net_src comp="2346" pin="1"/><net_sink comp="2350" pin=1"/></net>

<net id="2364"><net_src comp="38" pin="0"/><net_sink comp="2359" pin=1"/></net>

<net id="2365"><net_src comp="2356" pin="1"/><net_sink comp="2359" pin=2"/></net>

<net id="2373"><net_src comp="2366" pin="1"/><net_sink comp="2369" pin=0"/></net>

<net id="2374"><net_src comp="128" pin="0"/><net_sink comp="2369" pin=1"/></net>

<net id="2380"><net_src comp="72" pin="0"/><net_sink comp="2375" pin=0"/></net>

<net id="2381"><net_src comp="2369" pin="2"/><net_sink comp="2375" pin=1"/></net>

<net id="2382"><net_src comp="74" pin="0"/><net_sink comp="2375" pin=2"/></net>

<net id="2387"><net_src comp="2369" pin="2"/><net_sink comp="2383" pin=1"/></net>

<net id="2393"><net_src comp="72" pin="0"/><net_sink comp="2388" pin=0"/></net>

<net id="2394"><net_src comp="2383" pin="2"/><net_sink comp="2388" pin=1"/></net>

<net id="2395"><net_src comp="74" pin="0"/><net_sink comp="2388" pin=2"/></net>

<net id="2400"><net_src comp="2369" pin="2"/><net_sink comp="2396" pin=0"/></net>

<net id="2406"><net_src comp="72" pin="0"/><net_sink comp="2401" pin=0"/></net>

<net id="2407"><net_src comp="2396" pin="2"/><net_sink comp="2401" pin=1"/></net>

<net id="2408"><net_src comp="74" pin="0"/><net_sink comp="2401" pin=2"/></net>

<net id="2414"><net_src comp="176" pin="0"/><net_sink comp="2409" pin=0"/></net>

<net id="2415"><net_src comp="2375" pin="3"/><net_sink comp="2409" pin=1"/></net>

<net id="2416"><net_src comp="2401" pin="3"/><net_sink comp="2409" pin=2"/></net>

<net id="2421"><net_src comp="2409" pin="3"/><net_sink comp="2417" pin=0"/></net>

<net id="2422"><net_src comp="70" pin="0"/><net_sink comp="2417" pin=1"/></net>

<net id="2432"><net_src comp="72" pin="0"/><net_sink comp="2427" pin=0"/></net>

<net id="2433"><net_src comp="2423" pin="2"/><net_sink comp="2427" pin=1"/></net>

<net id="2434"><net_src comp="74" pin="0"/><net_sink comp="2427" pin=2"/></net>

<net id="2440"><net_src comp="176" pin="0"/><net_sink comp="2435" pin=0"/></net>

<net id="2441"><net_src comp="2427" pin="3"/><net_sink comp="2435" pin=2"/></net>

<net id="2446"><net_src comp="2435" pin="3"/><net_sink comp="2442" pin=0"/></net>

<net id="2447"><net_src comp="70" pin="0"/><net_sink comp="2442" pin=1"/></net>

<net id="2455"><net_src comp="1061" pin="19"/><net_sink comp="2451" pin=0"/></net>

<net id="2456"><net_src comp="2448" pin="1"/><net_sink comp="2451" pin=1"/></net>

<net id="2462"><net_src comp="2451" pin="2"/><net_sink comp="2457" pin=0"/></net>

<net id="2463"><net_src comp="42" pin="0"/><net_sink comp="2457" pin=1"/></net>

<net id="2464"><net_src comp="32" pin="0"/><net_sink comp="2457" pin=2"/></net>

<net id="2469"><net_src comp="2457" pin="3"/><net_sink comp="2465" pin=0"/></net>

<net id="2470"><net_src comp="2359" pin="3"/><net_sink comp="2465" pin=1"/></net>

<net id="2476"><net_src comp="2388" pin="3"/><net_sink comp="2471" pin=0"/></net>

<net id="2477"><net_src comp="2359" pin="3"/><net_sink comp="2471" pin=1"/></net>

<net id="2478"><net_src comp="2465" pin="2"/><net_sink comp="2471" pin=2"/></net>

<net id="2486"><net_src comp="1100" pin="19"/><net_sink comp="2482" pin=0"/></net>

<net id="2487"><net_src comp="2479" pin="1"/><net_sink comp="2482" pin=1"/></net>

<net id="2493"><net_src comp="2482" pin="2"/><net_sink comp="2488" pin=0"/></net>

<net id="2494"><net_src comp="42" pin="0"/><net_sink comp="2488" pin=1"/></net>

<net id="2495"><net_src comp="32" pin="0"/><net_sink comp="2488" pin=2"/></net>

<net id="2500"><net_src comp="2488" pin="3"/><net_sink comp="2496" pin=0"/></net>

<net id="2501"><net_src comp="2471" pin="3"/><net_sink comp="2496" pin=1"/></net>

<net id="2507"><net_src comp="2375" pin="3"/><net_sink comp="2502" pin=0"/></net>

<net id="2508"><net_src comp="2471" pin="3"/><net_sink comp="2502" pin=1"/></net>

<net id="2509"><net_src comp="2496" pin="2"/><net_sink comp="2502" pin=2"/></net>

<net id="2513"><net_src comp="2510" pin="1"/><net_sink comp="868" pin=2"/></net>

<net id="2514"><net_src comp="2510" pin="1"/><net_sink comp="875" pin=2"/></net>

<net id="2515"><net_src comp="2510" pin="1"/><net_sink comp="882" pin=2"/></net>

<net id="2516"><net_src comp="2510" pin="1"/><net_sink comp="889" pin=2"/></net>

<net id="2517"><net_src comp="2510" pin="1"/><net_sink comp="896" pin=2"/></net>

<net id="2518"><net_src comp="2510" pin="1"/><net_sink comp="903" pin=2"/></net>

<net id="2519"><net_src comp="2510" pin="1"/><net_sink comp="910" pin=2"/></net>

<net id="2520"><net_src comp="2510" pin="1"/><net_sink comp="917" pin=2"/></net>

<net id="2524"><net_src comp="2521" pin="1"/><net_sink comp="932" pin=2"/></net>

<net id="2525"><net_src comp="2521" pin="1"/><net_sink comp="939" pin=2"/></net>

<net id="2526"><net_src comp="2521" pin="1"/><net_sink comp="946" pin=2"/></net>

<net id="2527"><net_src comp="2521" pin="1"/><net_sink comp="953" pin=2"/></net>

<net id="2528"><net_src comp="2521" pin="1"/><net_sink comp="960" pin=2"/></net>

<net id="2529"><net_src comp="2521" pin="1"/><net_sink comp="967" pin=2"/></net>

<net id="2530"><net_src comp="2521" pin="1"/><net_sink comp="974" pin=2"/></net>

<net id="2531"><net_src comp="2521" pin="1"/><net_sink comp="981" pin=2"/></net>

<net id="2539"><net_src comp="1139" pin="19"/><net_sink comp="2535" pin=0"/></net>

<net id="2540"><net_src comp="2532" pin="1"/><net_sink comp="2535" pin=1"/></net>

<net id="2546"><net_src comp="2535" pin="2"/><net_sink comp="2541" pin=0"/></net>

<net id="2547"><net_src comp="42" pin="0"/><net_sink comp="2541" pin=1"/></net>

<net id="2548"><net_src comp="32" pin="0"/><net_sink comp="2541" pin=2"/></net>

<net id="2553"><net_src comp="2541" pin="3"/><net_sink comp="2549" pin=0"/></net>

<net id="2559"><net_src comp="2549" pin="2"/><net_sink comp="2554" pin=1"/></net>

<net id="2567"><net_src comp="1061" pin="19"/><net_sink comp="2563" pin=0"/></net>

<net id="2568"><net_src comp="2560" pin="1"/><net_sink comp="2563" pin=1"/></net>

<net id="2574"><net_src comp="2563" pin="2"/><net_sink comp="2569" pin=0"/></net>

<net id="2575"><net_src comp="42" pin="0"/><net_sink comp="2569" pin=1"/></net>

<net id="2576"><net_src comp="32" pin="0"/><net_sink comp="2569" pin=2"/></net>

<net id="2581"><net_src comp="2569" pin="3"/><net_sink comp="2577" pin=0"/></net>

<net id="2582"><net_src comp="2554" pin="3"/><net_sink comp="2577" pin=1"/></net>

<net id="2588"><net_src comp="2554" pin="3"/><net_sink comp="2583" pin=1"/></net>

<net id="2589"><net_src comp="2577" pin="2"/><net_sink comp="2583" pin=2"/></net>

<net id="2597"><net_src comp="2590" pin="1"/><net_sink comp="2593" pin=1"/></net>

<net id="2603"><net_src comp="2593" pin="2"/><net_sink comp="2598" pin=0"/></net>

<net id="2604"><net_src comp="42" pin="0"/><net_sink comp="2598" pin=1"/></net>

<net id="2605"><net_src comp="32" pin="0"/><net_sink comp="2598" pin=2"/></net>

<net id="2610"><net_src comp="2598" pin="3"/><net_sink comp="2606" pin=0"/></net>

<net id="2611"><net_src comp="2583" pin="3"/><net_sink comp="2606" pin=1"/></net>

<net id="2619"><net_src comp="2612" pin="1"/><net_sink comp="2615" pin=1"/></net>

<net id="2625"><net_src comp="2615" pin="2"/><net_sink comp="2620" pin=0"/></net>

<net id="2626"><net_src comp="42" pin="0"/><net_sink comp="2620" pin=1"/></net>

<net id="2627"><net_src comp="32" pin="0"/><net_sink comp="2620" pin=2"/></net>

<net id="2632"><net_src comp="2620" pin="3"/><net_sink comp="2628" pin=0"/></net>

<net id="2633"><net_src comp="2606" pin="2"/><net_sink comp="2628" pin=1"/></net>

<net id="2639"><net_src comp="2606" pin="2"/><net_sink comp="2634" pin=1"/></net>

<net id="2640"><net_src comp="2628" pin="2"/><net_sink comp="2634" pin=2"/></net>

<net id="2650"><net_src comp="72" pin="0"/><net_sink comp="2645" pin=0"/></net>

<net id="2651"><net_src comp="2641" pin="2"/><net_sink comp="2645" pin=1"/></net>

<net id="2652"><net_src comp="74" pin="0"/><net_sink comp="2645" pin=2"/></net>

<net id="2660"><net_src comp="2653" pin="1"/><net_sink comp="2656" pin=1"/></net>

<net id="2666"><net_src comp="2656" pin="2"/><net_sink comp="2661" pin=0"/></net>

<net id="2667"><net_src comp="42" pin="0"/><net_sink comp="2661" pin=1"/></net>

<net id="2668"><net_src comp="32" pin="0"/><net_sink comp="2661" pin=2"/></net>

<net id="2673"><net_src comp="2661" pin="3"/><net_sink comp="2669" pin=0"/></net>

<net id="2679"><net_src comp="2669" pin="2"/><net_sink comp="2674" pin=1"/></net>

<net id="2687"><net_src comp="2680" pin="1"/><net_sink comp="2683" pin=1"/></net>

<net id="2693"><net_src comp="2683" pin="2"/><net_sink comp="2688" pin=0"/></net>

<net id="2694"><net_src comp="42" pin="0"/><net_sink comp="2688" pin=1"/></net>

<net id="2695"><net_src comp="32" pin="0"/><net_sink comp="2688" pin=2"/></net>

<net id="2700"><net_src comp="2688" pin="3"/><net_sink comp="2696" pin=0"/></net>

<net id="2701"><net_src comp="2674" pin="3"/><net_sink comp="2696" pin=1"/></net>

<net id="2707"><net_src comp="2674" pin="3"/><net_sink comp="2702" pin=1"/></net>

<net id="2708"><net_src comp="2696" pin="2"/><net_sink comp="2702" pin=2"/></net>

<net id="2716"><net_src comp="2709" pin="1"/><net_sink comp="2712" pin=1"/></net>

<net id="2722"><net_src comp="2712" pin="2"/><net_sink comp="2717" pin=0"/></net>

<net id="2723"><net_src comp="42" pin="0"/><net_sink comp="2717" pin=1"/></net>

<net id="2724"><net_src comp="32" pin="0"/><net_sink comp="2717" pin=2"/></net>

<net id="2729"><net_src comp="2717" pin="3"/><net_sink comp="2725" pin=0"/></net>

<net id="2730"><net_src comp="2702" pin="3"/><net_sink comp="2725" pin=1"/></net>

<net id="2736"><net_src comp="2645" pin="3"/><net_sink comp="2731" pin=0"/></net>

<net id="2737"><net_src comp="2702" pin="3"/><net_sink comp="2731" pin=1"/></net>

<net id="2738"><net_src comp="2725" pin="2"/><net_sink comp="2731" pin=2"/></net>

<net id="2739"><net_src comp="2731" pin="3"/><net_sink comp="1031" pin=1"/></net>

<net id="2740"><net_src comp="2731" pin="3"/><net_sink comp="1037" pin=1"/></net>

<net id="2741"><net_src comp="2731" pin="3"/><net_sink comp="1043" pin=1"/></net>

<net id="2742"><net_src comp="2731" pin="3"/><net_sink comp="1049" pin=1"/></net>

<net id="2743"><net_src comp="2731" pin="3"/><net_sink comp="1055" pin=1"/></net>

<net id="2747"><net_src comp="2744" pin="1"/><net_sink comp="996" pin=2"/></net>

<net id="2748"><net_src comp="2744" pin="1"/><net_sink comp="1003" pin=2"/></net>

<net id="2749"><net_src comp="2744" pin="1"/><net_sink comp="1010" pin=2"/></net>

<net id="2750"><net_src comp="2744" pin="1"/><net_sink comp="1017" pin=2"/></net>

<net id="2751"><net_src comp="2744" pin="1"/><net_sink comp="1024" pin=2"/></net>

<net id="2755"><net_src comp="1556" pin="2"/><net_sink comp="2752" pin=0"/></net>

<net id="2763"><net_src comp="2752" pin="1"/><net_sink comp="2756" pin=0"/></net>

<net id="2764"><net_src comp="80" pin="0"/><net_sink comp="2756" pin=1"/></net>

<net id="2765"><net_src comp="132" pin="0"/><net_sink comp="2756" pin=2"/></net>

<net id="2766"><net_src comp="134" pin="0"/><net_sink comp="2756" pin=3"/></net>

<net id="2767"><net_src comp="136" pin="0"/><net_sink comp="2756" pin=4"/></net>

<net id="2772"><net_src comp="2731" pin="3"/><net_sink comp="2768" pin=0"/></net>

<net id="2776"><net_src comp="188" pin="1"/><net_sink comp="2773" pin=0"/></net>

<net id="2777"><net_src comp="2773" pin="1"/><net_sink comp="1203" pin=1"/></net>

<net id="2778"><net_src comp="2773" pin="1"/><net_sink comp="2356" pin=0"/></net>

<net id="2779"><net_src comp="2773" pin="1"/><net_sink comp="2768" pin=1"/></net>

<net id="2783"><net_src comp="192" pin="1"/><net_sink comp="2780" pin=0"/></net>

<net id="2784"><net_src comp="2780" pin="1"/><net_sink comp="1198" pin=1"/></net>

<net id="2785"><net_src comp="2780" pin="1"/><net_sink comp="1226" pin=0"/></net>

<net id="2786"><net_src comp="2780" pin="1"/><net_sink comp="1586" pin=1"/></net>

<net id="2790"><net_src comp="196" pin="1"/><net_sink comp="2787" pin=0"/></net>

<net id="2791"><net_src comp="2787" pin="1"/><net_sink comp="1193" pin=1"/></net>

<net id="2792"><net_src comp="2787" pin="1"/><net_sink comp="1229" pin=0"/></net>

<net id="2793"><net_src comp="2787" pin="1"/><net_sink comp="2203" pin=1"/></net>

<net id="2797"><net_src comp="200" pin="1"/><net_sink comp="2794" pin=0"/></net>

<net id="2798"><net_src comp="2794" pin="1"/><net_sink comp="1188" pin=1"/></net>

<net id="2799"><net_src comp="2794" pin="1"/><net_sink comp="1208" pin=0"/></net>

<net id="2800"><net_src comp="2794" pin="1"/><net_sink comp="1581" pin=1"/></net>

<net id="2804"><net_src comp="204" pin="1"/><net_sink comp="2801" pin=0"/></net>

<net id="2805"><net_src comp="2801" pin="1"/><net_sink comp="1183" pin=1"/></net>

<net id="2806"><net_src comp="2801" pin="1"/><net_sink comp="1232" pin=0"/></net>

<net id="2807"><net_src comp="2801" pin="1"/><net_sink comp="1838" pin=1"/></net>

<net id="2811"><net_src comp="208" pin="1"/><net_sink comp="2808" pin=0"/></net>

<net id="2812"><net_src comp="2808" pin="1"/><net_sink comp="1178" pin=1"/></net>

<net id="2813"><net_src comp="2808" pin="1"/><net_sink comp="1211" pin=0"/></net>

<net id="2814"><net_src comp="2808" pin="1"/><net_sink comp="1576" pin=1"/></net>

<net id="2818"><net_src comp="212" pin="2"/><net_sink comp="2815" pin=0"/></net>

<net id="2819"><net_src comp="2815" pin="1"/><net_sink comp="1445" pin=1"/></net>

<net id="2823"><net_src comp="1214" pin="2"/><net_sink comp="2820" pin=0"/></net>

<net id="2827"><net_src comp="1261" pin="3"/><net_sink comp="2824" pin=0"/></net>

<net id="2828"><net_src comp="2824" pin="1"/><net_sink comp="1853" pin=0"/></net>

<net id="2829"><net_src comp="2824" pin="1"/><net_sink comp="2423" pin=1"/></net>

<net id="2830"><net_src comp="2824" pin="1"/><net_sink comp="2641" pin=1"/></net>

<net id="2834"><net_src comp="1301" pin="3"/><net_sink comp="2831" pin=0"/></net>

<net id="2835"><net_src comp="2831" pin="1"/><net_sink comp="1687" pin=0"/></net>

<net id="2836"><net_src comp="2831" pin="1"/><net_sink comp="1838" pin=0"/></net>

<net id="2840"><net_src comp="1315" pin="2"/><net_sink comp="2837" pin=0"/></net>

<net id="2841"><net_src comp="2837" pin="1"/><net_sink comp="2359" pin=0"/></net>

<net id="2845"><net_src comp="1335" pin="3"/><net_sink comp="2842" pin=0"/></net>

<net id="2846"><net_src comp="2842" pin="1"/><net_sink comp="2216" pin=0"/></net>

<net id="2847"><net_src comp="2842" pin="1"/><net_sink comp="2396" pin=1"/></net>

<net id="2848"><net_src comp="2842" pin="1"/><net_sink comp="2641" pin=0"/></net>

<net id="2852"><net_src comp="1343" pin="3"/><net_sink comp="2849" pin=0"/></net>

<net id="2853"><net_src comp="2849" pin="1"/><net_sink comp="1856" pin=0"/></net>

<net id="2854"><net_src comp="2849" pin="1"/><net_sink comp="2203" pin=0"/></net>

<net id="2855"><net_src comp="2849" pin="1"/><net_sink comp="2210" pin=0"/></net>

<net id="2859"><net_src comp="1359" pin="1"/><net_sink comp="2856" pin=0"/></net>

<net id="2860"><net_src comp="2856" pin="1"/><net_sink comp="1842" pin=1"/></net>

<net id="2861"><net_src comp="2856" pin="1"/><net_sink comp="2310" pin=2"/></net>

<net id="2862"><net_src comp="2856" pin="1"/><net_sink comp="2366" pin=0"/></net>

<net id="2866"><net_src comp="1377" pin="3"/><net_sink comp="2863" pin=0"/></net>

<net id="2867"><net_src comp="2863" pin="1"/><net_sink comp="2702" pin=0"/></net>

<net id="2871"><net_src comp="1403" pin="1"/><net_sink comp="2868" pin=0"/></net>

<net id="2872"><net_src comp="2868" pin="1"/><net_sink comp="1873" pin=18"/></net>

<net id="2873"><net_src comp="2868" pin="1"/><net_sink comp="1934" pin=18"/></net>

<net id="2874"><net_src comp="2868" pin="1"/><net_sink comp="1061" pin=18"/></net>

<net id="2875"><net_src comp="2868" pin="1"/><net_sink comp="1100" pin=18"/></net>

<net id="2876"><net_src comp="2868" pin="1"/><net_sink comp="1139" pin=18"/></net>

<net id="2880"><net_src comp="1407" pin="3"/><net_sink comp="2877" pin=0"/></net>

<net id="2881"><net_src comp="2877" pin="1"/><net_sink comp="1690" pin=0"/></net>

<net id="2882"><net_src comp="2877" pin="1"/><net_sink comp="2634" pin=0"/></net>

<net id="2886"><net_src comp="1419" pin="1"/><net_sink comp="2883" pin=0"/></net>

<net id="2887"><net_src comp="2883" pin="1"/><net_sink comp="1693" pin=1"/></net>

<net id="2888"><net_src comp="2883" pin="1"/><net_sink comp="2005" pin=1"/></net>

<net id="2889"><net_src comp="2883" pin="1"/><net_sink comp="2219" pin=1"/></net>

<net id="2890"><net_src comp="2883" pin="1"/><net_sink comp="2310" pin=1"/></net>

<net id="2894"><net_src comp="1445" pin="2"/><net_sink comp="2891" pin=0"/></net>

<net id="2895"><net_src comp="2891" pin="1"/><net_sink comp="1629" pin=0"/></net>

<net id="2896"><net_src comp="2891" pin="1"/><net_sink comp="1658" pin=0"/></net>

<net id="2897"><net_src comp="2891" pin="1"/><net_sink comp="1762" pin=0"/></net>

<net id="2898"><net_src comp="2891" pin="1"/><net_sink comp="1809" pin=0"/></net>

<net id="2899"><net_src comp="2891" pin="1"/><net_sink comp="2040" pin=0"/></net>

<net id="2900"><net_src comp="2891" pin="1"/><net_sink comp="2086" pin=0"/></net>

<net id="2901"><net_src comp="2891" pin="1"/><net_sink comp="2120" pin=0"/></net>

<net id="2905"><net_src comp="1450" pin="1"/><net_sink comp="2902" pin=0"/></net>

<net id="2906"><net_src comp="2902" pin="1"/><net_sink comp="1598" pin=0"/></net>

<net id="2907"><net_src comp="2902" pin="1"/><net_sink comp="1614" pin=0"/></net>

<net id="2908"><net_src comp="2902" pin="1"/><net_sink comp="1707" pin=0"/></net>

<net id="2909"><net_src comp="2902" pin="1"/><net_sink comp="1729" pin=0"/></net>

<net id="2910"><net_src comp="2902" pin="1"/><net_sink comp="1919" pin=0"/></net>

<net id="2911"><net_src comp="2902" pin="1"/><net_sink comp="1980" pin=0"/></net>

<net id="2912"><net_src comp="2902" pin="1"/><net_sink comp="2150" pin=0"/></net>

<net id="2913"><net_src comp="2902" pin="1"/><net_sink comp="2172" pin=0"/></net>

<net id="2914"><net_src comp="2902" pin="1"/><net_sink comp="2341" pin=0"/></net>

<net id="2918"><net_src comp="218" pin="3"/><net_sink comp="2915" pin=0"/></net>

<net id="2919"><net_src comp="2915" pin="1"/><net_sink comp="225" pin=2"/></net>

<net id="2923"><net_src comp="235" pin="3"/><net_sink comp="2920" pin=0"/></net>

<net id="2924"><net_src comp="2920" pin="1"/><net_sink comp="242" pin=2"/></net>

<net id="2928"><net_src comp="1470" pin="3"/><net_sink comp="2925" pin=0"/></net>

<net id="2929"><net_src comp="2925" pin="1"/><net_sink comp="1591" pin=0"/></net>

<net id="2933"><net_src comp="252" pin="3"/><net_sink comp="2930" pin=0"/></net>

<net id="2934"><net_src comp="2930" pin="1"/><net_sink comp="225" pin=0"/></net>

<net id="2938"><net_src comp="260" pin="3"/><net_sink comp="2935" pin=0"/></net>

<net id="2939"><net_src comp="2935" pin="1"/><net_sink comp="242" pin=0"/></net>

<net id="2943"><net_src comp="1500" pin="3"/><net_sink comp="2940" pin=0"/></net>

<net id="2944"><net_src comp="2940" pin="1"/><net_sink comp="1607" pin=0"/></net>

<net id="2948"><net_src comp="1514" pin="2"/><net_sink comp="2945" pin=0"/></net>

<net id="2952"><net_src comp="1520" pin="2"/><net_sink comp="2949" pin=0"/></net>

<net id="2953"><net_src comp="2949" pin="1"/><net_sink comp="1556" pin=0"/></net>

<net id="2957"><net_src comp="1546" pin="4"/><net_sink comp="2954" pin=0"/></net>

<net id="2958"><net_src comp="2954" pin="1"/><net_sink comp="2744" pin=0"/></net>

<net id="2962"><net_src comp="1601" pin="2"/><net_sink comp="2959" pin=0"/></net>

<net id="2963"><net_src comp="2959" pin="1"/><net_sink comp="2448" pin=0"/></net>

<net id="2967"><net_src comp="1623" pin="2"/><net_sink comp="2964" pin=0"/></net>

<net id="2968"><net_src comp="2964" pin="1"/><net_sink comp="2479" pin=0"/></net>

<net id="2972"><net_src comp="268" pin="3"/><net_sink comp="2969" pin=0"/></net>

<net id="2973"><net_src comp="2969" pin="1"/><net_sink comp="225" pin=0"/></net>

<net id="2977"><net_src comp="276" pin="3"/><net_sink comp="2974" pin=0"/></net>

<net id="2978"><net_src comp="2974" pin="1"/><net_sink comp="242" pin=0"/></net>

<net id="2982"><net_src comp="1650" pin="3"/><net_sink comp="2979" pin=0"/></net>

<net id="2983"><net_src comp="2979" pin="1"/><net_sink comp="1700" pin=0"/></net>

<net id="2987"><net_src comp="284" pin="3"/><net_sink comp="2984" pin=0"/></net>

<net id="2988"><net_src comp="2984" pin="1"/><net_sink comp="225" pin=2"/></net>

<net id="2992"><net_src comp="292" pin="3"/><net_sink comp="2989" pin=0"/></net>

<net id="2993"><net_src comp="2989" pin="1"/><net_sink comp="242" pin=2"/></net>

<net id="2997"><net_src comp="1679" pin="3"/><net_sink comp="2994" pin=0"/></net>

<net id="2998"><net_src comp="2994" pin="1"/><net_sink comp="1722" pin=0"/></net>

<net id="3002"><net_src comp="1690" pin="1"/><net_sink comp="2999" pin=0"/></net>

<net id="3003"><net_src comp="2999" pin="1"/><net_sink comp="2115" pin=1"/></net>

<net id="3007"><net_src comp="1693" pin="3"/><net_sink comp="3004" pin=0"/></net>

<net id="3008"><net_src comp="3004" pin="1"/><net_sink comp="2069" pin=0"/></net>

<net id="3012"><net_src comp="1716" pin="2"/><net_sink comp="3009" pin=0"/></net>

<net id="3013"><net_src comp="3009" pin="1"/><net_sink comp="2532" pin=0"/></net>

<net id="3017"><net_src comp="1738" pin="2"/><net_sink comp="3014" pin=0"/></net>

<net id="3018"><net_src comp="3014" pin="1"/><net_sink comp="2560" pin=0"/></net>

<net id="3022"><net_src comp="300" pin="3"/><net_sink comp="3019" pin=0"/></net>

<net id="3023"><net_src comp="3019" pin="1"/><net_sink comp="356" pin=0"/></net>

<net id="3027"><net_src comp="307" pin="3"/><net_sink comp="3024" pin=0"/></net>

<net id="3028"><net_src comp="3024" pin="1"/><net_sink comp="362" pin=0"/></net>

<net id="3032"><net_src comp="314" pin="3"/><net_sink comp="3029" pin=0"/></net>

<net id="3033"><net_src comp="3029" pin="1"/><net_sink comp="368" pin=0"/></net>

<net id="3037"><net_src comp="321" pin="3"/><net_sink comp="3034" pin=0"/></net>

<net id="3038"><net_src comp="3034" pin="1"/><net_sink comp="374" pin=0"/></net>

<net id="3042"><net_src comp="328" pin="3"/><net_sink comp="3039" pin=0"/></net>

<net id="3043"><net_src comp="3039" pin="1"/><net_sink comp="380" pin=0"/></net>

<net id="3047"><net_src comp="335" pin="3"/><net_sink comp="3044" pin=0"/></net>

<net id="3048"><net_src comp="3044" pin="1"/><net_sink comp="386" pin=0"/></net>

<net id="3052"><net_src comp="342" pin="3"/><net_sink comp="3049" pin=0"/></net>

<net id="3053"><net_src comp="3049" pin="1"/><net_sink comp="392" pin=0"/></net>

<net id="3057"><net_src comp="349" pin="3"/><net_sink comp="3054" pin=0"/></net>

<net id="3058"><net_src comp="3054" pin="1"/><net_sink comp="398" pin=0"/></net>

<net id="3062"><net_src comp="404" pin="3"/><net_sink comp="3059" pin=0"/></net>

<net id="3063"><net_src comp="3059" pin="1"/><net_sink comp="225" pin=0"/></net>

<net id="3067"><net_src comp="412" pin="3"/><net_sink comp="3064" pin=0"/></net>

<net id="3068"><net_src comp="3064" pin="1"/><net_sink comp="242" pin=0"/></net>

<net id="3072"><net_src comp="1783" pin="3"/><net_sink comp="3069" pin=0"/></net>

<net id="3073"><net_src comp="3069" pin="1"/><net_sink comp="1912" pin=0"/></net>

<net id="3077"><net_src comp="420" pin="3"/><net_sink comp="3074" pin=0"/></net>

<net id="3078"><net_src comp="3074" pin="1"/><net_sink comp="356" pin=0"/></net>

<net id="3082"><net_src comp="427" pin="3"/><net_sink comp="3079" pin=0"/></net>

<net id="3083"><net_src comp="3079" pin="1"/><net_sink comp="362" pin=0"/></net>

<net id="3087"><net_src comp="434" pin="3"/><net_sink comp="3084" pin=0"/></net>

<net id="3088"><net_src comp="3084" pin="1"/><net_sink comp="368" pin=0"/></net>

<net id="3092"><net_src comp="441" pin="3"/><net_sink comp="3089" pin=0"/></net>

<net id="3093"><net_src comp="3089" pin="1"/><net_sink comp="374" pin=0"/></net>

<net id="3097"><net_src comp="448" pin="3"/><net_sink comp="3094" pin=0"/></net>

<net id="3098"><net_src comp="3094" pin="1"/><net_sink comp="380" pin=0"/></net>

<net id="3102"><net_src comp="455" pin="3"/><net_sink comp="3099" pin=0"/></net>

<net id="3103"><net_src comp="3099" pin="1"/><net_sink comp="386" pin=0"/></net>

<net id="3107"><net_src comp="462" pin="3"/><net_sink comp="3104" pin=0"/></net>

<net id="3108"><net_src comp="3104" pin="1"/><net_sink comp="392" pin=0"/></net>

<net id="3112"><net_src comp="469" pin="3"/><net_sink comp="3109" pin=0"/></net>

<net id="3113"><net_src comp="3109" pin="1"/><net_sink comp="398" pin=0"/></net>

<net id="3117"><net_src comp="484" pin="3"/><net_sink comp="3114" pin=0"/></net>

<net id="3118"><net_src comp="3114" pin="1"/><net_sink comp="225" pin=2"/></net>

<net id="3122"><net_src comp="492" pin="3"/><net_sink comp="3119" pin=0"/></net>

<net id="3123"><net_src comp="3119" pin="1"/><net_sink comp="242" pin=2"/></net>

<net id="3127"><net_src comp="1830" pin="3"/><net_sink comp="3124" pin=0"/></net>

<net id="3128"><net_src comp="3124" pin="1"/><net_sink comp="1973" pin=0"/></net>

<net id="3132"><net_src comp="1842" pin="3"/><net_sink comp="3129" pin=0"/></net>

<net id="3133"><net_src comp="3129" pin="1"/><net_sink comp="2207" pin=0"/></net>

<net id="3137"><net_src comp="1856" pin="2"/><net_sink comp="3134" pin=0"/></net>

<net id="3138"><net_src comp="3134" pin="1"/><net_sink comp="2213" pin=0"/></net>

<net id="3139"><net_src comp="3134" pin="1"/><net_sink comp="2383" pin=0"/></net>

<net id="3140"><net_src comp="3134" pin="1"/><net_sink comp="2423" pin=0"/></net>

<net id="3144"><net_src comp="1865" pin="3"/><net_sink comp="3141" pin=0"/></net>

<net id="3145"><net_src comp="3141" pin="1"/><net_sink comp="2435" pin=1"/></net>

<net id="3146"><net_src comp="3141" pin="1"/><net_sink comp="2583" pin=0"/></net>

<net id="3150"><net_src comp="1873" pin="19"/><net_sink comp="3147" pin=0"/></net>

<net id="3151"><net_src comp="3147" pin="1"/><net_sink comp="2593" pin=0"/></net>

<net id="3155"><net_src comp="1928" pin="2"/><net_sink comp="3152" pin=0"/></net>

<net id="3156"><net_src comp="3152" pin="1"/><net_sink comp="2590" pin=0"/></net>

<net id="3160"><net_src comp="1934" pin="19"/><net_sink comp="3157" pin=0"/></net>

<net id="3161"><net_src comp="3157" pin="1"/><net_sink comp="2615" pin=0"/></net>

<net id="3165"><net_src comp="1989" pin="2"/><net_sink comp="3162" pin=0"/></net>

<net id="3166"><net_src comp="3162" pin="1"/><net_sink comp="2612" pin=0"/></net>

<net id="3170"><net_src comp="500" pin="3"/><net_sink comp="3167" pin=0"/></net>

<net id="3171"><net_src comp="3167" pin="1"/><net_sink comp="356" pin=0"/></net>

<net id="3175"><net_src comp="507" pin="3"/><net_sink comp="3172" pin=0"/></net>

<net id="3176"><net_src comp="3172" pin="1"/><net_sink comp="362" pin=0"/></net>

<net id="3180"><net_src comp="514" pin="3"/><net_sink comp="3177" pin=0"/></net>

<net id="3181"><net_src comp="3177" pin="1"/><net_sink comp="368" pin=0"/></net>

<net id="3185"><net_src comp="521" pin="3"/><net_sink comp="3182" pin=0"/></net>

<net id="3186"><net_src comp="3182" pin="1"/><net_sink comp="374" pin=0"/></net>

<net id="3190"><net_src comp="528" pin="3"/><net_sink comp="3187" pin=0"/></net>

<net id="3191"><net_src comp="3187" pin="1"/><net_sink comp="380" pin=0"/></net>

<net id="3195"><net_src comp="535" pin="3"/><net_sink comp="3192" pin=0"/></net>

<net id="3196"><net_src comp="3192" pin="1"/><net_sink comp="386" pin=0"/></net>

<net id="3200"><net_src comp="542" pin="3"/><net_sink comp="3197" pin=0"/></net>

<net id="3201"><net_src comp="3197" pin="1"/><net_sink comp="392" pin=0"/></net>

<net id="3205"><net_src comp="549" pin="3"/><net_sink comp="3202" pin=0"/></net>

<net id="3206"><net_src comp="3202" pin="1"/><net_sink comp="398" pin=0"/></net>

<net id="3210"><net_src comp="564" pin="3"/><net_sink comp="3207" pin=0"/></net>

<net id="3211"><net_src comp="3207" pin="1"/><net_sink comp="225" pin=0"/></net>

<net id="3215"><net_src comp="572" pin="3"/><net_sink comp="3212" pin=0"/></net>

<net id="3216"><net_src comp="3212" pin="1"/><net_sink comp="242" pin=0"/></net>

<net id="3220"><net_src comp="2061" pin="3"/><net_sink comp="3217" pin=0"/></net>

<net id="3221"><net_src comp="3217" pin="1"/><net_sink comp="2143" pin=0"/></net>

<net id="3225"><net_src comp="580" pin="3"/><net_sink comp="3222" pin=0"/></net>

<net id="3226"><net_src comp="3222" pin="1"/><net_sink comp="356" pin=0"/></net>

<net id="3230"><net_src comp="587" pin="3"/><net_sink comp="3227" pin=0"/></net>

<net id="3231"><net_src comp="3227" pin="1"/><net_sink comp="362" pin=0"/></net>

<net id="3235"><net_src comp="594" pin="3"/><net_sink comp="3232" pin=0"/></net>

<net id="3236"><net_src comp="3232" pin="1"/><net_sink comp="368" pin=0"/></net>

<net id="3240"><net_src comp="601" pin="3"/><net_sink comp="3237" pin=0"/></net>

<net id="3241"><net_src comp="3237" pin="1"/><net_sink comp="374" pin=0"/></net>

<net id="3245"><net_src comp="608" pin="3"/><net_sink comp="3242" pin=0"/></net>

<net id="3246"><net_src comp="3242" pin="1"/><net_sink comp="380" pin=0"/></net>

<net id="3250"><net_src comp="615" pin="3"/><net_sink comp="3247" pin=0"/></net>

<net id="3251"><net_src comp="3247" pin="1"/><net_sink comp="386" pin=0"/></net>

<net id="3255"><net_src comp="622" pin="3"/><net_sink comp="3252" pin=0"/></net>

<net id="3256"><net_src comp="3252" pin="1"/><net_sink comp="392" pin=0"/></net>

<net id="3260"><net_src comp="629" pin="3"/><net_sink comp="3257" pin=0"/></net>

<net id="3261"><net_src comp="3257" pin="1"/><net_sink comp="398" pin=0"/></net>

<net id="3265"><net_src comp="644" pin="3"/><net_sink comp="3262" pin=0"/></net>

<net id="3266"><net_src comp="3262" pin="1"/><net_sink comp="225" pin=2"/></net>

<net id="3270"><net_src comp="652" pin="3"/><net_sink comp="3267" pin=0"/></net>

<net id="3271"><net_src comp="3267" pin="1"/><net_sink comp="242" pin=2"/></net>

<net id="3275"><net_src comp="2107" pin="3"/><net_sink comp="3272" pin=0"/></net>

<net id="3276"><net_src comp="3272" pin="1"/><net_sink comp="2165" pin=0"/></net>

<net id="3280"><net_src comp="2115" pin="2"/><net_sink comp="3277" pin=0"/></net>

<net id="3281"><net_src comp="3277" pin="1"/><net_sink comp="2187" pin=0"/></net>

<net id="3285"><net_src comp="2125" pin="4"/><net_sink comp="3282" pin=0"/></net>

<net id="3286"><net_src comp="3282" pin="1"/><net_sink comp="2198" pin=0"/></net>

<net id="3290"><net_src comp="2135" pin="3"/><net_sink comp="3287" pin=0"/></net>

<net id="3291"><net_src comp="3287" pin="1"/><net_sink comp="2334" pin=0"/></net>

<net id="3295"><net_src comp="1061" pin="19"/><net_sink comp="3292" pin=0"/></net>

<net id="3296"><net_src comp="3292" pin="1"/><net_sink comp="2656" pin=0"/></net>

<net id="3300"><net_src comp="2159" pin="2"/><net_sink comp="3297" pin=0"/></net>

<net id="3301"><net_src comp="3297" pin="1"/><net_sink comp="2653" pin=0"/></net>

<net id="3305"><net_src comp="1100" pin="19"/><net_sink comp="3302" pin=0"/></net>

<net id="3306"><net_src comp="3302" pin="1"/><net_sink comp="2683" pin=0"/></net>

<net id="3310"><net_src comp="2181" pin="2"/><net_sink comp="3307" pin=0"/></net>

<net id="3311"><net_src comp="3307" pin="1"/><net_sink comp="2680" pin=0"/></net>

<net id="3315"><net_src comp="660" pin="3"/><net_sink comp="3312" pin=0"/></net>

<net id="3316"><net_src comp="3312" pin="1"/><net_sink comp="356" pin=0"/></net>

<net id="3320"><net_src comp="667" pin="3"/><net_sink comp="3317" pin=0"/></net>

<net id="3321"><net_src comp="3317" pin="1"/><net_sink comp="362" pin=0"/></net>

<net id="3325"><net_src comp="674" pin="3"/><net_sink comp="3322" pin=0"/></net>

<net id="3326"><net_src comp="3322" pin="1"/><net_sink comp="368" pin=0"/></net>

<net id="3330"><net_src comp="681" pin="3"/><net_sink comp="3327" pin=0"/></net>

<net id="3331"><net_src comp="3327" pin="1"/><net_sink comp="374" pin=0"/></net>

<net id="3335"><net_src comp="688" pin="3"/><net_sink comp="3332" pin=0"/></net>

<net id="3336"><net_src comp="3332" pin="1"/><net_sink comp="380" pin=0"/></net>

<net id="3340"><net_src comp="695" pin="3"/><net_sink comp="3337" pin=0"/></net>

<net id="3341"><net_src comp="3337" pin="1"/><net_sink comp="386" pin=0"/></net>

<net id="3345"><net_src comp="702" pin="3"/><net_sink comp="3342" pin=0"/></net>

<net id="3346"><net_src comp="3342" pin="1"/><net_sink comp="392" pin=0"/></net>

<net id="3350"><net_src comp="709" pin="3"/><net_sink comp="3347" pin=0"/></net>

<net id="3351"><net_src comp="3347" pin="1"/><net_sink comp="398" pin=0"/></net>

<net id="3355"><net_src comp="724" pin="3"/><net_sink comp="3352" pin=0"/></net>

<net id="3356"><net_src comp="3352" pin="1"/><net_sink comp="225" pin=0"/></net>

<net id="3360"><net_src comp="732" pin="3"/><net_sink comp="3357" pin=0"/></net>

<net id="3361"><net_src comp="3357" pin="1"/><net_sink comp="242" pin=0"/></net>

<net id="3365"><net_src comp="740" pin="3"/><net_sink comp="3362" pin=0"/></net>

<net id="3366"><net_src comp="3362" pin="1"/><net_sink comp="356" pin=0"/></net>

<net id="3370"><net_src comp="747" pin="3"/><net_sink comp="3367" pin=0"/></net>

<net id="3371"><net_src comp="3367" pin="1"/><net_sink comp="362" pin=0"/></net>

<net id="3375"><net_src comp="754" pin="3"/><net_sink comp="3372" pin=0"/></net>

<net id="3376"><net_src comp="3372" pin="1"/><net_sink comp="368" pin=0"/></net>

<net id="3380"><net_src comp="761" pin="3"/><net_sink comp="3377" pin=0"/></net>

<net id="3381"><net_src comp="3377" pin="1"/><net_sink comp="374" pin=0"/></net>

<net id="3385"><net_src comp="768" pin="3"/><net_sink comp="3382" pin=0"/></net>

<net id="3386"><net_src comp="3382" pin="1"/><net_sink comp="380" pin=0"/></net>

<net id="3390"><net_src comp="775" pin="3"/><net_sink comp="3387" pin=0"/></net>

<net id="3391"><net_src comp="3387" pin="1"/><net_sink comp="386" pin=0"/></net>

<net id="3395"><net_src comp="782" pin="3"/><net_sink comp="3392" pin=0"/></net>

<net id="3396"><net_src comp="3392" pin="1"/><net_sink comp="392" pin=0"/></net>

<net id="3400"><net_src comp="789" pin="3"/><net_sink comp="3397" pin=0"/></net>

<net id="3401"><net_src comp="3397" pin="1"/><net_sink comp="398" pin=0"/></net>

<net id="3405"><net_src comp="804" pin="3"/><net_sink comp="3402" pin=0"/></net>

<net id="3406"><net_src comp="3402" pin="1"/><net_sink comp="356" pin=0"/></net>

<net id="3410"><net_src comp="811" pin="3"/><net_sink comp="3407" pin=0"/></net>

<net id="3411"><net_src comp="3407" pin="1"/><net_sink comp="362" pin=0"/></net>

<net id="3415"><net_src comp="818" pin="3"/><net_sink comp="3412" pin=0"/></net>

<net id="3416"><net_src comp="3412" pin="1"/><net_sink comp="368" pin=0"/></net>

<net id="3420"><net_src comp="825" pin="3"/><net_sink comp="3417" pin=0"/></net>

<net id="3421"><net_src comp="3417" pin="1"/><net_sink comp="374" pin=0"/></net>

<net id="3425"><net_src comp="832" pin="3"/><net_sink comp="3422" pin=0"/></net>

<net id="3426"><net_src comp="3422" pin="1"/><net_sink comp="380" pin=0"/></net>

<net id="3430"><net_src comp="839" pin="3"/><net_sink comp="3427" pin=0"/></net>

<net id="3431"><net_src comp="3427" pin="1"/><net_sink comp="386" pin=0"/></net>

<net id="3435"><net_src comp="846" pin="3"/><net_sink comp="3432" pin=0"/></net>

<net id="3436"><net_src comp="3432" pin="1"/><net_sink comp="392" pin=0"/></net>

<net id="3440"><net_src comp="853" pin="3"/><net_sink comp="3437" pin=0"/></net>

<net id="3441"><net_src comp="3437" pin="1"/><net_sink comp="398" pin=0"/></net>

<net id="3445"><net_src comp="2300" pin="4"/><net_sink comp="3442" pin=0"/></net>

<net id="3446"><net_src comp="3442" pin="1"/><net_sink comp="2510" pin=0"/></net>

<net id="3450"><net_src comp="2324" pin="4"/><net_sink comp="3447" pin=0"/></net>

<net id="3451"><net_src comp="3447" pin="1"/><net_sink comp="2521" pin=0"/></net>

<net id="3455"><net_src comp="1139" pin="19"/><net_sink comp="3452" pin=0"/></net>

<net id="3456"><net_src comp="3452" pin="1"/><net_sink comp="2712" pin=0"/></net>

<net id="3460"><net_src comp="2350" pin="2"/><net_sink comp="3457" pin=0"/></net>

<net id="3461"><net_src comp="3457" pin="1"/><net_sink comp="2709" pin=0"/></net>

<net id="3465"><net_src comp="2417" pin="2"/><net_sink comp="3462" pin=0"/></net>

<net id="3466"><net_src comp="3462" pin="1"/><net_sink comp="2554" pin=0"/></net>

<net id="3470"><net_src comp="2442" pin="2"/><net_sink comp="3467" pin=0"/></net>

<net id="3471"><net_src comp="3467" pin="1"/><net_sink comp="2674" pin=0"/></net>

<net id="3475"><net_src comp="2502" pin="3"/><net_sink comp="3472" pin=0"/></net>

<net id="3476"><net_src comp="3472" pin="1"/><net_sink comp="2549" pin=1"/></net>

<net id="3477"><net_src comp="3472" pin="1"/><net_sink comp="2554" pin=2"/></net>

<net id="3481"><net_src comp="868" pin="3"/><net_sink comp="3478" pin=0"/></net>

<net id="3482"><net_src comp="3478" pin="1"/><net_sink comp="356" pin=0"/></net>

<net id="3486"><net_src comp="875" pin="3"/><net_sink comp="3483" pin=0"/></net>

<net id="3487"><net_src comp="3483" pin="1"/><net_sink comp="362" pin=0"/></net>

<net id="3491"><net_src comp="882" pin="3"/><net_sink comp="3488" pin=0"/></net>

<net id="3492"><net_src comp="3488" pin="1"/><net_sink comp="368" pin=0"/></net>

<net id="3496"><net_src comp="889" pin="3"/><net_sink comp="3493" pin=0"/></net>

<net id="3497"><net_src comp="3493" pin="1"/><net_sink comp="374" pin=0"/></net>

<net id="3501"><net_src comp="896" pin="3"/><net_sink comp="3498" pin=0"/></net>

<net id="3502"><net_src comp="3498" pin="1"/><net_sink comp="380" pin=0"/></net>

<net id="3506"><net_src comp="903" pin="3"/><net_sink comp="3503" pin=0"/></net>

<net id="3507"><net_src comp="3503" pin="1"/><net_sink comp="386" pin=0"/></net>

<net id="3511"><net_src comp="910" pin="3"/><net_sink comp="3508" pin=0"/></net>

<net id="3512"><net_src comp="3508" pin="1"/><net_sink comp="392" pin=0"/></net>

<net id="3516"><net_src comp="917" pin="3"/><net_sink comp="3513" pin=0"/></net>

<net id="3517"><net_src comp="3513" pin="1"/><net_sink comp="398" pin=0"/></net>

<net id="3521"><net_src comp="932" pin="3"/><net_sink comp="3518" pin=0"/></net>

<net id="3522"><net_src comp="3518" pin="1"/><net_sink comp="356" pin=0"/></net>

<net id="3526"><net_src comp="939" pin="3"/><net_sink comp="3523" pin=0"/></net>

<net id="3527"><net_src comp="3523" pin="1"/><net_sink comp="362" pin=0"/></net>

<net id="3531"><net_src comp="946" pin="3"/><net_sink comp="3528" pin=0"/></net>

<net id="3532"><net_src comp="3528" pin="1"/><net_sink comp="368" pin=0"/></net>

<net id="3536"><net_src comp="953" pin="3"/><net_sink comp="3533" pin=0"/></net>

<net id="3537"><net_src comp="3533" pin="1"/><net_sink comp="374" pin=0"/></net>

<net id="3541"><net_src comp="960" pin="3"/><net_sink comp="3538" pin=0"/></net>

<net id="3542"><net_src comp="3538" pin="1"/><net_sink comp="380" pin=0"/></net>

<net id="3546"><net_src comp="967" pin="3"/><net_sink comp="3543" pin=0"/></net>

<net id="3547"><net_src comp="3543" pin="1"/><net_sink comp="386" pin=0"/></net>

<net id="3551"><net_src comp="974" pin="3"/><net_sink comp="3548" pin=0"/></net>

<net id="3552"><net_src comp="3548" pin="1"/><net_sink comp="392" pin=0"/></net>

<net id="3556"><net_src comp="981" pin="3"/><net_sink comp="3553" pin=0"/></net>

<net id="3557"><net_src comp="3553" pin="1"/><net_sink comp="398" pin=0"/></net>

<net id="3561"><net_src comp="2634" pin="3"/><net_sink comp="3558" pin=0"/></net>

<net id="3562"><net_src comp="3558" pin="1"/><net_sink comp="2669" pin=1"/></net>

<net id="3563"><net_src comp="3558" pin="1"/><net_sink comp="2674" pin=2"/></net>

</net_list>

</model> 
---------------- Datapath Model END ------------------

* FSMD analyzer results:
  - Output states:
	Port: bnn_top_int_const_unsigned_int_const_int_const_unsigned_int_const_int_co_4 | {10 }
	Port: bnn_top_int_const_unsigned_int_const_int_const_unsigned_int_const_int_co_3 | {10 }
	Port: bnn_top_int_const_unsigned_int_const_int_const_unsigned_int_const_int_co_2 | {10 }
	Port: bnn_top_int_const_unsigned_int_const_int_const_unsigned_int_const_int_co_1 | {10 }
	Port: bnn_top_int_const_unsigned_int_const_int_const_unsigned_int_const_int_co | {10 }
 - Input state : 
	Port: bnn_top_Pipeline_VITIS_LOOP_110_17_VITIS_LOOP_111_18_VITIS_LOOP_113_19 : mul_ln110 | {1 }
	Port: bnn_top_Pipeline_VITIS_LOOP_110_17_VITIS_LOOP_111_18_VITIS_LOOP_113_19 : W3_0 | {2 3 4 5 6 7 }
	Port: bnn_top_Pipeline_VITIS_LOOP_110_17_VITIS_LOOP_111_18_VITIS_LOOP_113_19 : W3_1 | {2 3 4 5 6 7 }
	Port: bnn_top_Pipeline_VITIS_LOOP_110_17_VITIS_LOOP_111_18_VITIS_LOOP_113_19 : bnn_top_int_const_unsigned_int_const_int_const_unsigned_int_const_int_co_12 | {4 5 6 7 8 9 }
	Port: bnn_top_Pipeline_VITIS_LOOP_110_17_VITIS_LOOP_111_18_VITIS_LOOP_113_19 : bnn_top_int_const_unsigned_int_const_int_const_unsigned_int_const_int_co_6 | {4 5 6 7 8 9 }
	Port: bnn_top_Pipeline_VITIS_LOOP_110_17_VITIS_LOOP_111_18_VITIS_LOOP_113_19 : bnn_top_int_const_unsigned_int_const_int_const_unsigned_int_const_int_co_5 | {4 5 6 7 8 9 }
	Port: bnn_top_Pipeline_VITIS_LOOP_110_17_VITIS_LOOP_111_18_VITIS_LOOP_113_19 : bnn_top_int_const_unsigned_int_const_int_const_unsigned_int_const_int_co_11 | {4 5 6 7 8 9 }
	Port: bnn_top_Pipeline_VITIS_LOOP_110_17_VITIS_LOOP_111_18_VITIS_LOOP_113_19 : bnn_top_int_const_unsigned_int_const_int_const_unsigned_int_const_int_co_10 | {4 5 6 7 8 9 }
	Port: bnn_top_Pipeline_VITIS_LOOP_110_17_VITIS_LOOP_111_18_VITIS_LOOP_113_19 : bnn_top_int_const_unsigned_int_const_int_const_unsigned_int_const_int_co_9 | {4 5 6 7 8 9 }
	Port: bnn_top_Pipeline_VITIS_LOOP_110_17_VITIS_LOOP_111_18_VITIS_LOOP_113_19 : bnn_top_int_const_unsigned_int_const_int_const_unsigned_int_const_int_co_8 | {4 5 6 7 8 9 }
	Port: bnn_top_Pipeline_VITIS_LOOP_110_17_VITIS_LOOP_111_18_VITIS_LOOP_113_19 : bnn_top_int_const_unsigned_int_const_int_const_unsigned_int_const_int_co_7 | {4 5 6 7 8 9 }
  - Chain level:
	State 1
		store_ln0 : 1
		store_ln110 : 1
		store_ln0 : 1
		store_ln111 : 1
		store_ln113 : 1
		store_ln112 : 1
	State 2
		icmp_ln110 : 1
		add_ln110 : 1
		br_ln110 : 2
		icmp_ln111 : 1
		select_ln110 : 2
		add_ln117 : 1
		add_ln117_2 : 1
		select_ln110_1 : 2
		add_ln117_3 : 1
		select_ln110_2 : 2
		xor_ln110 : 2
		icmp_ln113 : 1
		and_ln110 : 2
		select_ln110_3 : 2
		add_ln117_4 : 3
		empty : 2
		ci_1_mid2 : 2
		add_ln117_5 : 3
		add_ln117_2_mid2 : 2
		select_ln111 : 2
		zext_ln118 : 3
		zext_ln125 : 3
		trunc_ln125 : 3
		p_shl1 : 4
		sub_ln125 : 5
		tmp_55 : 3
		p_shl2 : 3
		add_ln118_1 : 4
		zext_ln111_1 : 3
		trunc_ln111 : 3
		tmp_60 : 3
		zext_ln113_1 : 3
		trunc_ln119 : 3
		tmp_64 : 3
		zext_ln120_19 : 4
		add_ln120_17 : 5
		zext_ln120_9 : 6
		add_ln120 : 7
		trunc_ln120 : 6
		lshr_ln6 : 8
		zext_ln120 : 9
		W3_0_addr : 10
		W3_0_load : 11
		W3_1_addr : 10
		W3_1_load : 11
		tmp_65 : 8
		add_ln120_1 : 8
		lshr_ln120_2 : 9
		zext_ln120_1 : 10
		W3_0_addr_1 : 11
		W3_0_load_1 : 12
		W3_1_addr_1 : 11
		W3_1_load_1 : 12
		tmp_66 : 9
		add_ln113 : 3
		icmp_ln113_1 : 4
		add_ln125 : 6
		zext_ln125_1 : 7
		add_ln125_1 : 8
		zext_ln125_3 : 9
		mul_ln125 : 10
		tmp_74 : 11
		urem_ln125 : 7
		br_ln113 : 5
		add_ln111 : 1
		select_ln111_1 : 2
		store_ln110 : 2
		store_ln111 : 3
		store_ln113 : 4
	State 3
		select_ln120 : 1
		lshr_ln120 : 2
		select_ln120_1 : 1
		zext_ln120_11 : 1
		lshr_ln120_1 : 2
		lshr_ln120_4 : 1
		zext_ln120_2 : 2
		W3_0_addr_2 : 3
		W3_0_load_2 : 4
		W3_1_addr_2 : 3
		W3_1_load_2 : 4
		tmp_67 : 1
		lshr_ln120_6 : 1
		zext_ln120_3 : 2
		W3_0_addr_3 : 3
		W3_0_load_3 : 4
		W3_1_addr_3 : 3
		W3_1_load_3 : 4
		tmp_68 : 1
	State 4
		select_ln120_2 : 1
		zext_ln120_12 : 1
		lshr_ln120_3 : 2
		select_ln120_3 : 1
		zext_ln120_13 : 1
		lshr_ln120_5 : 2
		add_ln119_6 : 1
		zext_ln119_4 : 2
		bnn_top_int_const_unsigned_int_const_int_const_unsigned_int_const_int_co_375 : 3
		bnn_top_int_const_unsigned_int_const_int_const_unsigned_int_const_int_co_376 : 3
		bnn_top_int_const_unsigned_int_const_int_const_unsigned_int_const_int_co_377 : 3
		bnn_top_int_const_unsigned_int_const_int_const_unsigned_int_const_int_co_378 : 3
		bnn_top_int_const_unsigned_int_const_int_const_unsigned_int_const_int_co_379 : 3
		bnn_top_int_const_unsigned_int_const_int_const_unsigned_int_const_int_co_380 : 3
		bnn_top_int_const_unsigned_int_const_int_const_unsigned_int_const_int_co_381 : 3
		bnn_top_int_const_unsigned_int_const_int_const_unsigned_int_const_int_co_382 : 3
		bnn_top_int_const_unsigned_int_const_int_const_unsigned_int_const_int_co_383 : 4
		bnn_top_int_const_unsigned_int_const_int_const_unsigned_int_const_int_co_384 : 4
		bnn_top_int_const_unsigned_int_const_int_const_unsigned_int_const_int_co_385 : 4
		bnn_top_int_const_unsigned_int_const_int_const_unsigned_int_const_int_co_386 : 4
		bnn_top_int_const_unsigned_int_const_int_const_unsigned_int_const_int_co_387 : 4
		bnn_top_int_const_unsigned_int_const_int_const_unsigned_int_const_int_co_388 : 4
		bnn_top_int_const_unsigned_int_const_int_const_unsigned_int_const_int_co_389 : 4
		bnn_top_int_const_unsigned_int_const_int_const_unsigned_int_const_int_co_390 : 4
		lshr_ln120_8 : 1
		zext_ln120_4 : 2
		W3_0_addr_4 : 3
		W3_0_load_4 : 4
		W3_1_addr_4 : 3
		W3_1_load_4 : 4
		tmp_69 : 1
		add_ln119_7 : 2
		zext_ln119_5 : 3
		bnn_top_int_const_unsigned_int_const_int_const_unsigned_int_const_int_co_391 : 4
		bnn_top_int_const_unsigned_int_const_int_const_unsigned_int_const_int_co_392 : 4
		bnn_top_int_const_unsigned_int_const_int_const_unsigned_int_const_int_co_393 : 4
		bnn_top_int_const_unsigned_int_const_int_const_unsigned_int_const_int_co_394 : 4
		bnn_top_int_const_unsigned_int_const_int_const_unsigned_int_const_int_co_395 : 4
		bnn_top_int_const_unsigned_int_const_int_const_unsigned_int_const_int_co_396 : 4
		bnn_top_int_const_unsigned_int_const_int_const_unsigned_int_const_int_co_397 : 4
		bnn_top_int_const_unsigned_int_const_int_const_unsigned_int_const_int_co_398 : 4
		bnn_top_int_const_unsigned_int_const_int_const_unsigned_int_const_int_co_399 : 5
		bnn_top_int_const_unsigned_int_const_int_const_unsigned_int_const_int_co_400 : 5
		bnn_top_int_const_unsigned_int_const_int_const_unsigned_int_const_int_co_401 : 5
		bnn_top_int_const_unsigned_int_const_int_const_unsigned_int_const_int_co_402 : 5
		bnn_top_int_const_unsigned_int_const_int_const_unsigned_int_const_int_co_403 : 5
		bnn_top_int_const_unsigned_int_const_int_const_unsigned_int_const_int_co_404 : 5
		bnn_top_int_const_unsigned_int_const_int_const_unsigned_int_const_int_co_405 : 5
		bnn_top_int_const_unsigned_int_const_int_const_unsigned_int_const_int_co_406 : 5
		lshr_ln120_s : 1
		zext_ln120_5 : 2
		W3_0_addr_5 : 3
		W3_0_load_5 : 4
		W3_1_addr_5 : 3
		W3_1_load_5 : 4
		tmp_70 : 1
	State 5
		zext_ln117 : 1
		sext_ln118 : 1
		tmp_59 : 1
		a_9 : 1
		select_ln120_4 : 1
		zext_ln120_14 : 1
		lshr_ln120_7 : 2
		a_10 : 1
		select_ln120_5 : 1
		zext_ln120_15 : 1
		lshr_ln120_9 : 2
		add_ln119_8 : 2
		sext_ln119 : 3
		add_ln119_9 : 4
		lshr_ln119_5 : 5
		zext_ln119_6 : 6
		bnn_top_int_const_unsigned_int_const_int_const_unsigned_int_const_int_co_407 : 7
		bnn_top_int_const_unsigned_int_const_int_const_unsigned_int_const_int_co_408 : 7
		bnn_top_int_const_unsigned_int_const_int_const_unsigned_int_const_int_co_409 : 7
		bnn_top_int_const_unsigned_int_const_int_const_unsigned_int_const_int_co_410 : 7
		bnn_top_int_const_unsigned_int_const_int_const_unsigned_int_const_int_co_411 : 7
		bnn_top_int_const_unsigned_int_const_int_const_unsigned_int_const_int_co_412 : 7
		bnn_top_int_const_unsigned_int_const_int_const_unsigned_int_const_int_co_413 : 7
		bnn_top_int_const_unsigned_int_const_int_const_unsigned_int_const_int_co_414 : 7
		bnn_top_int_const_unsigned_int_const_int_const_unsigned_int_const_int_co_415 : 8
		bnn_top_int_const_unsigned_int_const_int_const_unsigned_int_const_int_co_416 : 8
		bnn_top_int_const_unsigned_int_const_int_const_unsigned_int_const_int_co_417 : 8
		bnn_top_int_const_unsigned_int_const_int_const_unsigned_int_const_int_co_418 : 8
		bnn_top_int_const_unsigned_int_const_int_const_unsigned_int_const_int_co_419 : 8
		bnn_top_int_const_unsigned_int_const_int_const_unsigned_int_const_int_co_420 : 8
		bnn_top_int_const_unsigned_int_const_int_const_unsigned_int_const_int_co_421 : 8
		bnn_top_int_const_unsigned_int_const_int_const_unsigned_int_const_int_co_422 : 8
		lshr_ln120_10 : 1
		zext_ln120_6 : 2
		W3_0_addr_6 : 3
		W3_0_load_6 : 4
		W3_1_addr_6 : 3
		W3_1_load_6 : 4
		tmp_71 : 1
		add_ln119_10 : 1
		zext_ln119_7 : 2
		bnn_top_int_const_unsigned_int_const_int_const_unsigned_int_const_int_co_423 : 3
		bnn_top_int_const_unsigned_int_const_int_const_unsigned_int_const_int_co_424 : 3
		bnn_top_int_const_unsigned_int_const_int_const_unsigned_int_const_int_co_425 : 3
		bnn_top_int_const_unsigned_int_const_int_const_unsigned_int_const_int_co_426 : 3
		bnn_top_int_const_unsigned_int_const_int_const_unsigned_int_const_int_co_427 : 3
		bnn_top_int_const_unsigned_int_const_int_const_unsigned_int_const_int_co_428 : 3
		bnn_top_int_const_unsigned_int_const_int_const_unsigned_int_const_int_co_429 : 3
		bnn_top_int_const_unsigned_int_const_int_const_unsigned_int_const_int_co_430 : 3
		bnn_top_int_const_unsigned_int_const_int_const_unsigned_int_const_int_co_431 : 4
		bnn_top_int_const_unsigned_int_const_int_const_unsigned_int_const_int_co_432 : 4
		bnn_top_int_const_unsigned_int_const_int_const_unsigned_int_const_int_co_433 : 4
		bnn_top_int_const_unsigned_int_const_int_const_unsigned_int_const_int_co_434 : 4
		bnn_top_int_const_unsigned_int_const_int_const_unsigned_int_const_int_co_435 : 4
		bnn_top_int_const_unsigned_int_const_int_const_unsigned_int_const_int_co_436 : 4
		bnn_top_int_const_unsigned_int_const_int_const_unsigned_int_const_int_co_437 : 4
		bnn_top_int_const_unsigned_int_const_int_const_unsigned_int_const_int_co_438 : 4
		lshr_ln120_12 : 1
		zext_ln120_7 : 2
		W3_0_addr_7 : 3
		W3_0_load_7 : 4
		W3_1_addr_7 : 3
		W3_1_load_7 : 4
		tmp_72 : 1
		add_ln119_11 : 2
		lshr_ln120_14 : 1
		tmp_73 : 1
	State 6
		a_11 : 1
		select_ln120_6 : 1
		zext_ln120_16 : 1
		lshr_ln120_11 : 2
		a_12 : 1
		select_ln120_7 : 1
		zext_ln120_17 : 1
		lshr_ln120_13 : 2
		bnn_top_int_const_unsigned_int_const_int_const_unsigned_int_const_int_co_439 : 1
		bnn_top_int_const_unsigned_int_const_int_const_unsigned_int_const_int_co_440 : 1
		bnn_top_int_const_unsigned_int_const_int_const_unsigned_int_const_int_co_441 : 1
		bnn_top_int_const_unsigned_int_const_int_const_unsigned_int_const_int_co_442 : 1
		bnn_top_int_const_unsigned_int_const_int_const_unsigned_int_const_int_co_443 : 1
		bnn_top_int_const_unsigned_int_const_int_const_unsigned_int_const_int_co_444 : 1
		bnn_top_int_const_unsigned_int_const_int_const_unsigned_int_const_int_co_445 : 1
		bnn_top_int_const_unsigned_int_const_int_const_unsigned_int_const_int_co_446 : 1
		bnn_top_int_const_unsigned_int_const_int_const_unsigned_int_const_int_co_447 : 2
		bnn_top_int_const_unsigned_int_const_int_const_unsigned_int_const_int_co_448 : 2
		bnn_top_int_const_unsigned_int_const_int_const_unsigned_int_const_int_co_449 : 2
		bnn_top_int_const_unsigned_int_const_int_const_unsigned_int_const_int_co_450 : 2
		bnn_top_int_const_unsigned_int_const_int_const_unsigned_int_const_int_co_451 : 2
		bnn_top_int_const_unsigned_int_const_int_const_unsigned_int_const_int_co_452 : 2
		bnn_top_int_const_unsigned_int_const_int_const_unsigned_int_const_int_co_453 : 2
		bnn_top_int_const_unsigned_int_const_int_const_unsigned_int_const_int_co_454 : 2
		W3_0_addr_8 : 1
		W3_0_load_8 : 2
		W3_1_addr_8 : 1
		W3_1_load_8 : 2
	State 7
		add_ln119 : 1
		add_ln119_1 : 2
		add_ln119_2 : 3
		lshr_ln119_1 : 4
		zext_ln119 : 5
		bnn_top_int_const_unsigned_int_const_int_const_unsigned_int_const_int_co_311 : 6
		bnn_top_int_const_unsigned_int_const_int_const_unsigned_int_const_int_co_312 : 6
		bnn_top_int_const_unsigned_int_const_int_const_unsigned_int_const_int_co_313 : 6
		bnn_top_int_const_unsigned_int_const_int_const_unsigned_int_const_int_co_314 : 6
		bnn_top_int_const_unsigned_int_const_int_const_unsigned_int_const_int_co_315 : 6
		bnn_top_int_const_unsigned_int_const_int_const_unsigned_int_const_int_co_316 : 6
		bnn_top_int_const_unsigned_int_const_int_const_unsigned_int_const_int_co_317 : 6
		bnn_top_int_const_unsigned_int_const_int_const_unsigned_int_const_int_co_318 : 6
		bnn_top_int_const_unsigned_int_const_int_const_unsigned_int_const_int_co_319 : 7
		bnn_top_int_const_unsigned_int_const_int_const_unsigned_int_const_int_co_320 : 7
		bnn_top_int_const_unsigned_int_const_int_const_unsigned_int_const_int_co_321 : 7
		bnn_top_int_const_unsigned_int_const_int_const_unsigned_int_const_int_co_322 : 7
		bnn_top_int_const_unsigned_int_const_int_const_unsigned_int_const_int_co_323 : 7
		bnn_top_int_const_unsigned_int_const_int_const_unsigned_int_const_int_co_324 : 7
		bnn_top_int_const_unsigned_int_const_int_const_unsigned_int_const_int_co_325 : 7
		bnn_top_int_const_unsigned_int_const_int_const_unsigned_int_const_int_co_326 : 7
		add_ln119_3 : 3
		lshr_ln119_2 : 4
		zext_ln119_1 : 5
		bnn_top_int_const_unsigned_int_const_int_const_unsigned_int_const_int_co_327 : 6
		bnn_top_int_const_unsigned_int_const_int_const_unsigned_int_const_int_co_328 : 6
		bnn_top_int_const_unsigned_int_const_int_const_unsigned_int_const_int_co_329 : 6
		bnn_top_int_const_unsigned_int_const_int_const_unsigned_int_const_int_co_330 : 6
		bnn_top_int_const_unsigned_int_const_int_const_unsigned_int_const_int_co_331 : 6
		bnn_top_int_const_unsigned_int_const_int_const_unsigned_int_const_int_co_332 : 6
		bnn_top_int_const_unsigned_int_const_int_const_unsigned_int_const_int_co_333 : 6
		bnn_top_int_const_unsigned_int_const_int_const_unsigned_int_const_int_co_334 : 6
		bnn_top_int_const_unsigned_int_const_int_const_unsigned_int_const_int_co_335 : 7
		bnn_top_int_const_unsigned_int_const_int_const_unsigned_int_const_int_co_336 : 7
		bnn_top_int_const_unsigned_int_const_int_const_unsigned_int_const_int_co_337 : 7
		bnn_top_int_const_unsigned_int_const_int_const_unsigned_int_const_int_co_338 : 7
		bnn_top_int_const_unsigned_int_const_int_const_unsigned_int_const_int_co_339 : 7
		bnn_top_int_const_unsigned_int_const_int_const_unsigned_int_const_int_co_340 : 7
		bnn_top_int_const_unsigned_int_const_int_const_unsigned_int_const_int_co_341 : 7
		bnn_top_int_const_unsigned_int_const_int_const_unsigned_int_const_int_co_342 : 7
		add_ln119_4 : 3
		lshr_ln119_3 : 4
		add_ln119_5 : 1
		lshr_ln119_4 : 2
		a_13 : 1
		select_ln120_8 : 1
		zext_ln120_18 : 1
		lshr_ln120_15 : 2
	State 8
		acc_27_mid2 : 1
		add_ln118 : 1
		tmp : 2
		or_ln118 : 2
		tmp_56 : 2
		or_ln118_1 : 2
		tmp_57 : 2
		tmp_58 : 3
		icmp_ln118 : 4
		tmp_62 : 1
		icmp_ln118_1 : 2
		a_3 : 1
		xor_ln121 : 2
		select_ln121 : 2
		acc : 3
		acc_35 : 4
		a_5 : 1
		xor_ln121_1 : 2
		select_ln121_1 : 2
		acc_72 : 5
		acc_43 : 6
		bnn_top_int_const_unsigned_int_const_int_const_unsigned_int_const_int_co_343 : 1
		bnn_top_int_const_unsigned_int_const_int_const_unsigned_int_const_int_co_344 : 1
		bnn_top_int_const_unsigned_int_const_int_const_unsigned_int_const_int_co_345 : 1
		bnn_top_int_const_unsigned_int_const_int_const_unsigned_int_const_int_co_346 : 1
		bnn_top_int_const_unsigned_int_const_int_const_unsigned_int_const_int_co_347 : 1
		bnn_top_int_const_unsigned_int_const_int_const_unsigned_int_const_int_co_348 : 1
		bnn_top_int_const_unsigned_int_const_int_const_unsigned_int_const_int_co_349 : 1
		bnn_top_int_const_unsigned_int_const_int_const_unsigned_int_const_int_co_350 : 1
		bnn_top_int_const_unsigned_int_const_int_const_unsigned_int_const_int_co_351 : 2
		bnn_top_int_const_unsigned_int_const_int_const_unsigned_int_const_int_co_352 : 2
		bnn_top_int_const_unsigned_int_const_int_const_unsigned_int_const_int_co_353 : 2
		bnn_top_int_const_unsigned_int_const_int_const_unsigned_int_const_int_co_354 : 2
		bnn_top_int_const_unsigned_int_const_int_const_unsigned_int_const_int_co_355 : 2
		bnn_top_int_const_unsigned_int_const_int_const_unsigned_int_const_int_co_356 : 2
		bnn_top_int_const_unsigned_int_const_int_const_unsigned_int_const_int_co_357 : 2
		bnn_top_int_const_unsigned_int_const_int_const_unsigned_int_const_int_co_358 : 2
		bnn_top_int_const_unsigned_int_const_int_const_unsigned_int_const_int_co_359 : 1
		bnn_top_int_const_unsigned_int_const_int_const_unsigned_int_const_int_co_360 : 1
		bnn_top_int_const_unsigned_int_const_int_const_unsigned_int_const_int_co_361 : 1
		bnn_top_int_const_unsigned_int_const_int_const_unsigned_int_const_int_co_362 : 1
		bnn_top_int_const_unsigned_int_const_int_const_unsigned_int_const_int_co_363 : 1
		bnn_top_int_const_unsigned_int_const_int_const_unsigned_int_const_int_co_364 : 1
		bnn_top_int_const_unsigned_int_const_int_const_unsigned_int_const_int_co_365 : 1
		bnn_top_int_const_unsigned_int_const_int_const_unsigned_int_const_int_co_366 : 1
		bnn_top_int_const_unsigned_int_const_int_const_unsigned_int_const_int_co_367 : 2
		bnn_top_int_const_unsigned_int_const_int_const_unsigned_int_const_int_co_368 : 2
		bnn_top_int_const_unsigned_int_const_int_const_unsigned_int_const_int_co_369 : 2
		bnn_top_int_const_unsigned_int_const_int_const_unsigned_int_const_int_co_370 : 2
		bnn_top_int_const_unsigned_int_const_int_const_unsigned_int_const_int_co_371 : 2
		bnn_top_int_const_unsigned_int_const_int_const_unsigned_int_const_int_co_372 : 2
		bnn_top_int_const_unsigned_int_const_int_const_unsigned_int_const_int_co_373 : 2
		bnn_top_int_const_unsigned_int_const_int_const_unsigned_int_const_int_co_374 : 2
	State 9
		a_8 : 1
		xor_ln121_2 : 2
		select_ln121_2 : 2
		acc_73 : 3
		acc_52 : 4
		a : 1
		xor_ln121_3 : 2
		select_ln121_3 : 2
		acc_74 : 5
		acc_56 : 6
		xor_ln121_4 : 1
		select_ln121_4 : 1
		acc_75 : 7
		xor_ln121_5 : 1
		select_ln121_5 : 1
		acc_76 : 8
		acc_61 : 9
	State 10
		xor_ln121_6 : 1
		select_ln121_6 : 1
		acc_77 : 2
		acc_65 : 3
		xor_ln121_7 : 1
		select_ln121_7 : 1
		acc_78 : 4
		acc_69 : 5
		xor_ln121_8 : 1
		select_ln121_8 : 1
		acc_79 : 6
		acc_71 : 7
		trunc_ln125_1 : 1
		bnn_top_int_const_unsigned_int_const_int_const_unsigned_int_const_int_co_455 : 1
		bnn_top_int_const_unsigned_int_const_int_const_unsigned_int_const_int_co_456 : 1
		bnn_top_int_const_unsigned_int_const_int_const_unsigned_int_const_int_co_457 : 1
		bnn_top_int_const_unsigned_int_const_int_const_unsigned_int_const_int_co_458 : 1
		bnn_top_int_const_unsigned_int_const_int_const_unsigned_int_const_int_co_459 : 1
		switch_ln125 : 2
		store_ln125 : 8
		store_ln125 : 8
		store_ln125 : 8
		store_ln125 : 8
		store_ln125 : 8
		store_ln112 : 8


============================================================
+ Verbose Summary: Datapath Resource usage 
============================================================

* Functional unit list:
|----------|----------------------------|---------|---------|---------|
| Operation|       Functional Unit      |   DSP   |    FF   |   LUT   |
|----------|----------------------------|---------|---------|---------|
|          |      add_ln110_fu_1220     |    0    |    0    |    20   |
|          |      add_ln117_fu_1249     |    0    |    0    |    12   |
|          |     add_ln117_2_fu_1255    |    0    |    0    |    12   |
|          |     add_ln117_3_fu_1269    |    0    |    0    |    12   |
|          |     add_ln117_4_fu_1309    |    0    |    0    |    12   |
|          |     add_ln117_5_fu_1329    |    0    |    0    |    12   |
|          |     add_ln118_1_fu_1393    |    0    |    0    |    13   |
|          |    add_ln120_17_fu_1435    |    0    |    0    |    17   |
|          |      add_ln120_fu_1445     |    0    |    0    |    23   |
|          |     add_ln120_1_fu_1478    |    0    |    0    |    23   |
|          |      add_ln113_fu_1508     |    0    |    0    |    14   |
|          |      add_ln125_fu_1520     |    0    |    0    |    10   |
|          |     add_ln125_1_fu_1530    |    0    |    0    |    13   |
|          |      add_ln111_fu_1562     |    0    |    0    |    18   |
|          |     add_ln120_2_fu_1614    |    0    |    0    |    12   |
|          |     add_ln120_3_fu_1629    |    0    |    0    |    23   |
|          |     add_ln120_5_fu_1658    |    0    |    0    |    23   |
|          |     add_ln120_4_fu_1707    |    0    |    0    |    12   |
|          |     add_ln120_6_fu_1729    |    0    |    0    |    12   |
|          |     add_ln119_6_fu_1744    |    0    |    0    |    16   |
|          |     add_ln120_7_fu_1762    |    0    |    0    |    23   |
|          |     add_ln119_7_fu_1791    |    0    |    0    |    16   |
|          |     add_ln120_9_fu_1809    |    0    |    0    |    23   |
|          |     add_ln117_1_fu_1856    |    0    |    0    |    12   |
|          |     add_ln120_8_fu_1919    |    0    |    0    |    12   |
|    add   |    add_ln120_10_fu_1980    |    0    |    0    |    12   |
|          |     add_ln119_8_fu_1995    |    0    |    0    |    13   |
|          |     add_ln119_9_fu_2012    |    0    |    0    |    19   |
|          |    add_ln120_11_fu_2040    |    0    |    0    |    23   |
|          |    add_ln119_10_fu_2069    |    0    |    0    |    16   |
|          |    add_ln120_13_fu_2086    |    0    |    0    |    23   |
|          |    add_ln119_11_fu_2115    |    0    |    0    |    16   |
|          |    add_ln120_15_fu_2120    |    0    |    0    |    23   |
|          |    add_ln120_12_fu_2150    |    0    |    0    |    12   |
|          |    add_ln120_14_fu_2172    |    0    |    0    |    12   |
|          |      add_ln119_fu_2226     |    0    |    0    |    17   |
|          |     add_ln119_1_fu_2232    |    0    |    0    |    17   |
|          |     add_ln119_2_fu_2238    |    0    |    0    |    19   |
|          |     add_ln119_3_fu_2266    |    0    |    0    |    19   |
|          |     add_ln119_4_fu_2294    |    0    |    0    |    19   |
|          |     add_ln119_5_fu_2318    |    0    |    0    |    19   |
|          |    add_ln120_16_fu_2341    |    0    |    0    |    12   |
|          |      add_ln118_fu_2369     |    0    |    0    |    10   |
|          |         acc_fu_2465        |    0    |    0    |    39   |
|          |       acc_72_fu_2496       |    0    |    0    |    39   |
|          |       acc_73_fu_2549       |    0    |    0    |    39   |
|          |       acc_74_fu_2577       |    0    |    0    |    39   |
|          |       acc_75_fu_2606       |    0    |    0    |    39   |
|          |       acc_76_fu_2628       |    0    |    0    |    39   |
|          |       acc_77_fu_2669       |    0    |    0    |    39   |
|          |       acc_78_fu_2696       |    0    |    0    |    39   |
|          |       acc_79_fu_2725       |    0    |    0    |    39   |
|----------|----------------------------|---------|---------|---------|
|          |     lshr_ln120_fu_1601     |    0    |    0    |    96   |
|          |    lshr_ln120_1_fu_1623    |    0    |    0    |    96   |
|          |    lshr_ln120_3_fu_1716    |    0    |    0    |    96   |
|          |    lshr_ln120_5_fu_1738    |    0    |    0    |    96   |
|   lshr   |    lshr_ln120_7_fu_1928    |    0    |    0    |    96   |
|          |    lshr_ln120_9_fu_1989    |    0    |    0    |    96   |
|          |    lshr_ln120_11_fu_2159   |    0    |    0    |    96   |
|          |    lshr_ln120_13_fu_2181   |    0    |    0    |    96   |
|          |    lshr_ln120_15_fu_2350   |    0    |    0    |    96   |
|----------|----------------------------|---------|---------|---------|
|          |    select_ln110_fu_1241    |    0    |    0    |    4    |
|          |   select_ln110_1_fu_1261   |    0    |    0    |    4    |
|          |   select_ln110_2_fu_1275   |    0    |    0    |    4    |
|          |   select_ln110_3_fu_1301   |    0    |    0    |    4    |
|          |      ci_1_mid2_fu_1321     |    0    |    0    |    7    |
|          |  add_ln117_2_mid2_fu_1335  |    0    |    0    |    4    |
|          |    select_ln111_fu_1343    |    0    |    0    |    4    |
|          |   select_ln111_1_fu_1568   |    0    |    0    |    10   |
|          |    select_ln120_fu_1591    |    0    |    0    |    32   |
|          |   select_ln120_1_fu_1607   |    0    |    0    |    32   |
|          |   select_ln120_2_fu_1700   |    0    |    0    |    32   |
|          |   select_ln120_3_fu_1722   |    0    |    0    |    32   |
|          |   select_ln120_4_fu_1912   |    0    |    0    |    32   |
|          |   select_ln120_5_fu_1973   |    0    |    0    |    32   |
|          |   select_ln120_6_fu_2143   |    0    |    0    |    32   |
|          |   select_ln120_7_fu_2165   |    0    |    0    |    32   |
|          |   select_ln120_8_fu_2334   |    0    |    0    |    32   |
|  select  |     acc_27_mid2_fu_2359    |    0    |    0    |    32   |
|          |    select_ln121_fu_2457    |    0    |    0    |    2    |
|          |       acc_35_fu_2471       |    0    |    0    |    32   |
|          |   select_ln121_1_fu_2488   |    0    |    0    |    2    |
|          |       acc_43_fu_2502       |    0    |    0    |    32   |
|          |   select_ln121_2_fu_2541   |    0    |    0    |    2    |
|          |       acc_52_fu_2554       |    0    |    0    |    32   |
|          |   select_ln121_3_fu_2569   |    0    |    0    |    2    |
|          |       acc_56_fu_2583       |    0    |    0    |    32   |
|          |   select_ln121_4_fu_2598   |    0    |    0    |    2    |
|          |   select_ln121_5_fu_2620   |    0    |    0    |    2    |
|          |       acc_61_fu_2634       |    0    |    0    |    32   |
|          |   select_ln121_6_fu_2661   |    0    |    0    |    2    |
|          |       acc_65_fu_2674       |    0    |    0    |    32   |
|          |   select_ln121_7_fu_2688   |    0    |    0    |    2    |
|          |       acc_69_fu_2702       |    0    |    0    |    32   |
|          |   select_ln121_8_fu_2717   |    0    |    0    |    2    |
|          |       acc_71_fu_2731       |    0    |    0    |    32   |
|----------|----------------------------|---------|---------|---------|
|          |         grp_fu_1061        |    0    |    0    |    43   |
|          |         grp_fu_1100        |    0    |    0    |    43   |
| sparsemux|         grp_fu_1139        |    0    |    0    |    43   |
|          |         a_9_fu_1873        |    0    |    0    |    43   |
|          |        a_10_fu_1934        |    0    |    0    |    43   |
|----------|----------------------------|---------|---------|---------|
|   urem   |         grp_fu_1556        |    0    |    98   |    49   |
|----------|----------------------------|---------|---------|---------|
|          |     icmp_ln110_fu_1214     |    0    |    0    |    20   |
|          |     icmp_ln111_fu_1235     |    0    |    0    |    18   |
|   icmp   |     icmp_ln113_fu_1289     |    0    |    0    |    14   |
|          |    icmp_ln113_1_fu_1514    |    0    |    0    |    14   |
|          |     icmp_ln118_fu_2417     |    0    |    0    |    9    |
|          |    icmp_ln118_1_fu_2442    |    0    |    0    |    9    |
|----------|----------------------------|---------|---------|---------|
|    mul   |      mul_ln125_fu_1540     |    0    |    0    |    40   |
|----------|----------------------------|---------|---------|---------|
|          |      xor_ln110_fu_1283     |    0    |    0    |    2    |
|          |      xor_ln121_fu_2451     |    0    |    0    |    2    |
|          |     xor_ln121_1_fu_2482    |    0    |    0    |    2    |
|          |     xor_ln121_2_fu_2535    |    0    |    0    |    2    |
|    xor   |     xor_ln121_3_fu_2563    |    0    |    0    |    2    |
|          |     xor_ln121_4_fu_2593    |    0    |    0    |    2    |
|          |     xor_ln121_5_fu_2615    |    0    |    0    |    2    |
|          |     xor_ln121_6_fu_2656    |    0    |    0    |    2    |
|          |     xor_ln121_7_fu_2683    |    0    |    0    |    2    |
|          |     xor_ln121_8_fu_2712    |    0    |    0    |    2    |
|----------|----------------------------|---------|---------|---------|
|          |        empty_fu_1315       |    0    |    0    |    2    |
|          |      or_ln118_fu_2383      |    0    |    0    |    4    |
|    or    |     or_ln118_1_fu_2396     |    0    |    0    |    4    |
|          |     or_ln118_2_fu_2423     |    0    |    0    |    4    |
|          |     or_ln118_3_fu_2641     |    0    |    0    |    4    |
|----------|----------------------------|---------|---------|---------|
|    sub   |      sub_ln125_fu_1371     |    0    |    0    |    10   |
|----------|----------------------------|---------|---------|---------|
|    and   |      and_ln110_fu_1295     |    0    |    0    |    2    |
|----------|----------------------------|---------|---------|---------|
|   read   | mul_ln110_read_read_fu_212 |    0    |    0    |    0    |
|----------|----------------------------|---------|---------|---------|
|          |     zext_ln118_fu_1351     |    0    |    0    |    0    |
|          |     zext_ln125_fu_1355     |    0    |    0    |    0    |
|          |    zext_ln111_1_fu_1399    |    0    |    0    |    0    |
|          |    zext_ln113_1_fu_1415    |    0    |    0    |    0    |
|          |    zext_ln120_19_fu_1431   |    0    |    0    |    0    |
|          |    zext_ln120_9_fu_1441    |    0    |    0    |    0    |
|          |     zext_ln120_fu_1464     |    0    |    0    |    0    |
|          |    zext_ln120_1_fu_1494    |    0    |    0    |    0    |
|          |    zext_ln125_1_fu_1526    |    0    |    0    |    0    |
|          |    zext_ln125_3_fu_1536    |    0    |    0    |    0    |
|          |    zext_ln120_10_fu_1598   |    0    |    0    |    0    |
|          |    zext_ln120_11_fu_1619   |    0    |    0    |    0    |
|          |    zext_ln120_2_fu_1644    |    0    |    0    |    0    |
|          |    zext_ln120_3_fu_1673    |    0    |    0    |    0    |
|          |     zext_ln110_fu_1687     |    0    |    0    |    0    |
|          |     zext_ln113_fu_1690     |    0    |    0    |    0    |
|          |    zext_ln120_12_fu_1712   |    0    |    0    |    0    |
|          |    zext_ln120_13_fu_1734   |    0    |    0    |    0    |
|          |    zext_ln119_4_fu_1750    |    0    |    0    |    0    |
|          |    zext_ln120_4_fu_1777    |    0    |    0    |    0    |
|          |    zext_ln119_5_fu_1797    |    0    |    0    |    0    |
|   zext   |    zext_ln120_5_fu_1824    |    0    |    0    |    0    |
|          |     zext_ln117_fu_1849     |    0    |    0    |    0    |
|          |    zext_ln118_2_fu_1853    |    0    |    0    |    0    |
|          |    zext_ln120_14_fu_1924   |    0    |    0    |    0    |
|          |    zext_ln120_15_fu_1985   |    0    |    0    |    0    |
|          |    zext_ln119_6_fu_2028    |    0    |    0    |    0    |
|          |    zext_ln120_6_fu_2055    |    0    |    0    |    0    |
|          |    zext_ln119_7_fu_2074    |    0    |    0    |    0    |
|          |    zext_ln120_7_fu_2101    |    0    |    0    |    0    |
|          |    zext_ln120_16_fu_2155   |    0    |    0    |    0    |
|          |    zext_ln120_17_fu_2177   |    0    |    0    |    0    |
|          |    zext_ln119_8_fu_2187    |    0    |    0    |    0    |
|          |    zext_ln120_8_fu_2198    |    0    |    0    |    0    |
|          |    zext_ln117_1_fu_2207    |    0    |    0    |    0    |
|          |     zext_ln111_fu_2210     |    0    |    0    |    0    |
|          |    zext_ln118_3_fu_2216    |    0    |    0    |    0    |
|          |     zext_ln119_fu_2254     |    0    |    0    |    0    |
|          |    zext_ln119_1_fu_2282    |    0    |    0    |    0    |
|          |    zext_ln120_18_fu_2346   |    0    |    0    |    0    |
|          |    zext_ln118_1_fu_2366    |    0    |    0    |    0    |
|          |    zext_ln119_2_fu_2510    |    0    |    0    |    0    |
|          |    zext_ln119_3_fu_2521    |    0    |    0    |    0    |
|          |    zext_ln125_2_fu_2744    |    0    |    0    |    0    |
|----------|----------------------------|---------|---------|---------|
|          |     trunc_ln125_fu_1359    |    0    |    0    |    0    |
|          |     trunc_ln111_fu_1403    |    0    |    0    |    0    |
|          |     trunc_ln119_fu_1419    |    0    |    0    |    0    |
|          |     trunc_ln120_fu_1450    |    0    |    0    |    0    |
|          |          w_fu_2448         |    0    |    0    |    0    |
|          |         w_9_fu_2479        |    0    |    0    |    0    |
|   trunc  |        w_10_fu_2532        |    0    |    0    |    0    |
|          |        w_11_fu_2560        |    0    |    0    |    0    |
|          |        w_12_fu_2590        |    0    |    0    |    0    |
|          |        w_13_fu_2612        |    0    |    0    |    0    |
|          |        w_14_fu_2653        |    0    |    0    |    0    |
|          |        w_15_fu_2680        |    0    |    0    |    0    |
|          |        w_16_fu_2709        |    0    |    0    |    0    |
|          |    trunc_ln125_1_fu_2752   |    0    |    0    |    0    |
|----------|----------------------------|---------|---------|---------|
|          |       p_shl1_fu_1363       |    0    |    0    |    0    |
|          |       p_shl2_fu_1385       |    0    |    0    |    0    |
|          |       tmp_64_fu_1423       |    0    |    0    |    0    |
|          |       shl_ln8_fu_1693      |    0    |    0    |    0    |
|bitconcatenate|       shl_ln7_fu_1842      |    0    |    0    |    0    |
|          |        or_ln_fu_2005       |    0    |    0    |    0    |
|          |     shl_ln119_1_fu_2219    |    0    |    0    |    0    |
|          |        tmp8_fu_2310        |    0    |    0    |    0    |
|          |       tmp_58_fu_2409       |    0    |    0    |    0    |
|          |       tmp_62_fu_2435       |    0    |    0    |    0    |
|----------|----------------------------|---------|---------|---------|
|          |       tmp_55_fu_1377       |    0    |    0    |    0    |
|          |       tmp_60_fu_1407       |    0    |    0    |    0    |
|          |       tmp_65_fu_1470       |    0    |    0    |    0    |
|          |       tmp_66_fu_1500       |    0    |    0    |    0    |
|          |       tmp_67_fu_1650       |    0    |    0    |    0    |
|          |       tmp_68_fu_1679       |    0    |    0    |    0    |
|          |       tmp_69_fu_1783       |    0    |    0    |    0    |
|          |       tmp_70_fu_1830       |    0    |    0    |    0    |
| bitselect|       tmp_59_fu_1865       |    0    |    0    |    0    |
|          |       tmp_71_fu_2061       |    0    |    0    |    0    |
|          |       tmp_72_fu_2107       |    0    |    0    |    0    |
|          |       tmp_73_fu_2135       |    0    |    0    |    0    |
|          |         tmp_fu_2375        |    0    |    0    |    0    |
|          |       tmp_56_fu_2388       |    0    |    0    |    0    |
|          |       tmp_57_fu_2401       |    0    |    0    |    0    |
|          |       tmp_61_fu_2427       |    0    |    0    |    0    |
|          |       tmp_63_fu_2645       |    0    |    0    |    0    |
|----------|----------------------------|---------|---------|---------|
|          |      lshr_ln6_fu_1454      |    0    |    0    |    0    |
|          |    lshr_ln120_2_fu_1484    |    0    |    0    |    0    |
|          |       tmp_74_fu_1546       |    0    |    0    |    0    |
|          |    lshr_ln120_4_fu_1634    |    0    |    0    |    0    |
|          |    lshr_ln120_6_fu_1663    |    0    |    0    |    0    |
|          |    lshr_ln120_8_fu_1767    |    0    |    0    |    0    |
|          |    lshr_ln120_s_fu_1814    |    0    |    0    |    0    |
|partselect|    lshr_ln119_5_fu_2018    |    0    |    0    |    0    |
|          |    lshr_ln120_10_fu_2045   |    0    |    0    |    0    |
|          |    lshr_ln120_12_fu_2091   |    0    |    0    |    0    |
|          |    lshr_ln120_14_fu_2125   |    0    |    0    |    0    |
|          |    lshr_ln119_1_fu_2244    |    0    |    0    |    0    |
|          |    lshr_ln119_2_fu_2272    |    0    |    0    |    0    |
|          |    lshr_ln119_3_fu_2300    |    0    |    0    |    0    |
|          |    lshr_ln119_4_fu_2324    |    0    |    0    |    0    |
|----------|----------------------------|---------|---------|---------|
|          |     sext_ln118_fu_1861     |    0    |    0    |    0    |
|   sext   |     sext_ln119_fu_2001     |    0    |    0    |    0    |
|          |    sext_ln118_1_fu_2213    |    0    |    0    |    0    |
|----------|----------------------------|---------|---------|---------|
|  switch  |    switch_ln125_fu_2756    |    0    |    0    |    0    |
|----------|----------------------------|---------|---------|---------|
|   Total  |                            |    0    |    98   |   2984  |
|----------|----------------------------|---------|---------|---------|

Memories:
N/A

* Register list:
+-------------------------------------------------------------------------------------+--------+
|                                                                                     |   FF   |
+-------------------------------------------------------------------------------------+--------+
|                                 W3_0_addr_1_reg_2930                                |   10   |
|                                 W3_0_addr_2_reg_2969                                |   10   |
|                                 W3_0_addr_3_reg_2984                                |   10   |
|                                 W3_0_addr_4_reg_3059                                |   10   |
|                                 W3_0_addr_5_reg_3114                                |   10   |
|                                 W3_0_addr_6_reg_3207                                |   10   |
|                                 W3_0_addr_7_reg_3262                                |   10   |
|                                 W3_0_addr_8_reg_3352                                |   10   |
|                                  W3_0_addr_reg_2915                                 |   10   |
|                                 W3_1_addr_1_reg_2935                                |   10   |
|                                 W3_1_addr_2_reg_2974                                |   10   |
|                                 W3_1_addr_3_reg_2989                                |   10   |
|                                 W3_1_addr_4_reg_3064                                |   10   |
|                                 W3_1_addr_5_reg_3119                                |   10   |
|                                 W3_1_addr_6_reg_3212                                |   10   |
|                                 W3_1_addr_7_reg_3267                                |   10   |
|                                 W3_1_addr_8_reg_3357                                |   10   |
|                                  W3_1_addr_reg_2920                                 |   10   |
|                                    a_10_reg_3157                                    |    1   |
|                                    a_11_reg_3292                                    |    1   |
|                                    a_12_reg_3302                                    |    1   |
|                                    a_13_reg_3452                                    |    1   |
|                                     a_9_reg_3147                                    |    1   |
|                                   acc_27_reg_2773                                   |   32   |
|                                   acc_43_reg_3472                                   |   32   |
|                                   acc_61_reg_3558                                   |   32   |
|                                 add_ln117_1_reg_3134                                |    4   |
|                              add_ln117_2_mid2_reg_2842                              |    4   |
|                                add_ln119_11_reg_3277                                |    9   |
|                                  add_ln120_reg_2891                                 |   16   |
|                                  add_ln125_reg_2949                                 |    5   |
|bnn_top_int_const_unsigned_int_const_int_const_unsigned_int_const_int_co_311_reg_3362|    9   |
|bnn_top_int_const_unsigned_int_const_int_const_unsigned_int_const_int_co_312_reg_3367|    9   |
|bnn_top_int_const_unsigned_int_const_int_const_unsigned_int_const_int_co_313_reg_3372|    9   |
|bnn_top_int_const_unsigned_int_const_int_const_unsigned_int_const_int_co_314_reg_3377|    9   |
|bnn_top_int_const_unsigned_int_const_int_const_unsigned_int_const_int_co_315_reg_3382|    9   |
|bnn_top_int_const_unsigned_int_const_int_const_unsigned_int_const_int_co_316_reg_3387|    9   |
|bnn_top_int_const_unsigned_int_const_int_const_unsigned_int_const_int_co_317_reg_3392|    9   |
|bnn_top_int_const_unsigned_int_const_int_const_unsigned_int_const_int_co_318_reg_3397|    9   |
|bnn_top_int_const_unsigned_int_const_int_const_unsigned_int_const_int_co_327_reg_3402|    9   |
|bnn_top_int_const_unsigned_int_const_int_const_unsigned_int_const_int_co_328_reg_3407|    9   |
|bnn_top_int_const_unsigned_int_const_int_const_unsigned_int_const_int_co_329_reg_3412|    9   |
|bnn_top_int_const_unsigned_int_const_int_const_unsigned_int_const_int_co_330_reg_3417|    9   |
|bnn_top_int_const_unsigned_int_const_int_const_unsigned_int_const_int_co_331_reg_3422|    9   |
|bnn_top_int_const_unsigned_int_const_int_const_unsigned_int_const_int_co_332_reg_3427|    9   |
|bnn_top_int_const_unsigned_int_const_int_const_unsigned_int_const_int_co_333_reg_3432|    9   |
|bnn_top_int_const_unsigned_int_const_int_const_unsigned_int_const_int_co_334_reg_3437|    9   |
|bnn_top_int_const_unsigned_int_const_int_const_unsigned_int_const_int_co_343_reg_3478|    9   |
|bnn_top_int_const_unsigned_int_const_int_const_unsigned_int_const_int_co_344_reg_3483|    9   |
|bnn_top_int_const_unsigned_int_const_int_const_unsigned_int_const_int_co_345_reg_3488|    9   |
|bnn_top_int_const_unsigned_int_const_int_const_unsigned_int_const_int_co_346_reg_3493|    9   |
|bnn_top_int_const_unsigned_int_const_int_const_unsigned_int_const_int_co_347_reg_3498|    9   |
|bnn_top_int_const_unsigned_int_const_int_const_unsigned_int_const_int_co_348_reg_3503|    9   |
|bnn_top_int_const_unsigned_int_const_int_const_unsigned_int_const_int_co_349_reg_3508|    9   |
|bnn_top_int_const_unsigned_int_const_int_const_unsigned_int_const_int_co_350_reg_3513|    9   |
|bnn_top_int_const_unsigned_int_const_int_const_unsigned_int_const_int_co_359_reg_3518|    9   |
|bnn_top_int_const_unsigned_int_const_int_const_unsigned_int_const_int_co_360_reg_3523|    9   |
|bnn_top_int_const_unsigned_int_const_int_const_unsigned_int_const_int_co_361_reg_3528|    9   |
|bnn_top_int_const_unsigned_int_const_int_const_unsigned_int_const_int_co_362_reg_3533|    9   |
|bnn_top_int_const_unsigned_int_const_int_const_unsigned_int_const_int_co_363_reg_3538|    9   |
|bnn_top_int_const_unsigned_int_const_int_const_unsigned_int_const_int_co_364_reg_3543|    9   |
|bnn_top_int_const_unsigned_int_const_int_const_unsigned_int_const_int_co_365_reg_3548|    9   |
|bnn_top_int_const_unsigned_int_const_int_const_unsigned_int_const_int_co_366_reg_3553|    9   |
|bnn_top_int_const_unsigned_int_const_int_const_unsigned_int_const_int_co_375_reg_3019|    9   |
|bnn_top_int_const_unsigned_int_const_int_const_unsigned_int_const_int_co_376_reg_3024|    9   |
|bnn_top_int_const_unsigned_int_const_int_const_unsigned_int_const_int_co_377_reg_3029|    9   |
|bnn_top_int_const_unsigned_int_const_int_const_unsigned_int_const_int_co_378_reg_3034|    9   |
|bnn_top_int_const_unsigned_int_const_int_const_unsigned_int_const_int_co_379_reg_3039|    9   |
|bnn_top_int_const_unsigned_int_const_int_const_unsigned_int_const_int_co_380_reg_3044|    9   |
|bnn_top_int_const_unsigned_int_const_int_const_unsigned_int_const_int_co_381_reg_3049|    9   |
|bnn_top_int_const_unsigned_int_const_int_const_unsigned_int_const_int_co_382_reg_3054|    9   |
|bnn_top_int_const_unsigned_int_const_int_const_unsigned_int_const_int_co_391_reg_3074|    9   |
|bnn_top_int_const_unsigned_int_const_int_const_unsigned_int_const_int_co_392_reg_3079|    9   |
|bnn_top_int_const_unsigned_int_const_int_const_unsigned_int_const_int_co_393_reg_3084|    9   |
|bnn_top_int_const_unsigned_int_const_int_const_unsigned_int_const_int_co_394_reg_3089|    9   |
|bnn_top_int_const_unsigned_int_const_int_const_unsigned_int_const_int_co_395_reg_3094|    9   |
|bnn_top_int_const_unsigned_int_const_int_const_unsigned_int_const_int_co_396_reg_3099|    9   |
|bnn_top_int_const_unsigned_int_const_int_const_unsigned_int_const_int_co_397_reg_3104|    9   |
|bnn_top_int_const_unsigned_int_const_int_const_unsigned_int_const_int_co_398_reg_3109|    9   |
|bnn_top_int_const_unsigned_int_const_int_const_unsigned_int_const_int_co_407_reg_3167|    9   |
|bnn_top_int_const_unsigned_int_const_int_const_unsigned_int_const_int_co_408_reg_3172|    9   |
|bnn_top_int_const_unsigned_int_const_int_const_unsigned_int_const_int_co_409_reg_3177|    9   |
|bnn_top_int_const_unsigned_int_const_int_const_unsigned_int_const_int_co_410_reg_3182|    9   |
|bnn_top_int_const_unsigned_int_const_int_const_unsigned_int_const_int_co_411_reg_3187|    9   |
|bnn_top_int_const_unsigned_int_const_int_const_unsigned_int_const_int_co_412_reg_3192|    9   |
|bnn_top_int_const_unsigned_int_const_int_const_unsigned_int_const_int_co_413_reg_3197|    9   |
|bnn_top_int_const_unsigned_int_const_int_const_unsigned_int_const_int_co_414_reg_3202|    9   |
|bnn_top_int_const_unsigned_int_const_int_const_unsigned_int_const_int_co_423_reg_3222|    9   |
|bnn_top_int_const_unsigned_int_const_int_const_unsigned_int_const_int_co_424_reg_3227|    9   |
|bnn_top_int_const_unsigned_int_const_int_const_unsigned_int_const_int_co_425_reg_3232|    9   |
|bnn_top_int_const_unsigned_int_const_int_const_unsigned_int_const_int_co_426_reg_3237|    9   |
|bnn_top_int_const_unsigned_int_const_int_const_unsigned_int_const_int_co_427_reg_3242|    9   |
|bnn_top_int_const_unsigned_int_const_int_const_unsigned_int_const_int_co_428_reg_3247|    9   |
|bnn_top_int_const_unsigned_int_const_int_const_unsigned_int_const_int_co_429_reg_3252|    9   |
|bnn_top_int_const_unsigned_int_const_int_const_unsigned_int_const_int_co_430_reg_3257|    9   |
|bnn_top_int_const_unsigned_int_const_int_const_unsigned_int_const_int_co_439_reg_3312|    9   |
|bnn_top_int_const_unsigned_int_const_int_const_unsigned_int_const_int_co_440_reg_3317|    9   |
|bnn_top_int_const_unsigned_int_const_int_const_unsigned_int_const_int_co_441_reg_3322|    9   |
|bnn_top_int_const_unsigned_int_const_int_const_unsigned_int_const_int_co_442_reg_3327|    9   |
|bnn_top_int_const_unsigned_int_const_int_const_unsigned_int_const_int_co_443_reg_3332|    9   |
|bnn_top_int_const_unsigned_int_const_int_const_unsigned_int_const_int_co_444_reg_3337|    9   |
|bnn_top_int_const_unsigned_int_const_int_const_unsigned_int_const_int_co_445_reg_3342|    9   |
|bnn_top_int_const_unsigned_int_const_int_const_unsigned_int_const_int_co_446_reg_3347|    9   |
|                                     ci_reg_2780                                     |    7   |
|                                    empty_reg_2837                                   |    1   |
|                                 icmp_ln110_reg_2820                                 |    1   |
|                                icmp_ln113_1_reg_2945                                |    1   |
|                                icmp_ln118_1_reg_3467                                |    1   |
|                                 icmp_ln118_reg_3462                                 |    1   |
|                              indvar_flatten43_reg_2794                              |   11   |
|                              indvar_flatten59_reg_2808                              |   13   |
|                                lshr_ln119_3_reg_3442                                |    9   |
|                                lshr_ln119_4_reg_3447                                |    9   |
|                                lshr_ln120_11_reg_3297                               |   32   |
|                                lshr_ln120_13_reg_3307                               |   32   |
|                                lshr_ln120_14_reg_3282                               |   10   |
|                                lshr_ln120_15_reg_3457                               |   32   |
|                                lshr_ln120_1_reg_2964                                |   32   |
|                                lshr_ln120_3_reg_3009                                |   32   |
|                                lshr_ln120_5_reg_3014                                |   32   |
|                                lshr_ln120_7_reg_3152                                |   32   |
|                                lshr_ln120_9_reg_3162                                |   32   |
|                                 lshr_ln120_reg_2959                                 |   32   |
|                               mul_ln110_read_reg_2815                               |   16   |
|                                     oh_reg_2801                                     |    4   |
|                                     ow_reg_2787                                     |    4   |
|                               select_ln110_1_reg_2824                               |    4   |
|                               select_ln110_3_reg_2831                               |    4   |
|                                select_ln111_reg_2849                                |    4   |
|                                   shl_ln7_reg_3129                                  |    6   |
|                                   shl_ln8_reg_3004                                  |    9   |
|                                   tmp_55_reg_2863                                   |    1   |
|                                   tmp_59_reg_3141                                   |    1   |
|                                   tmp_60_reg_2877                                   |    1   |
|                                   tmp_65_reg_2925                                   |    1   |
|                                   tmp_66_reg_2940                                   |    1   |
|                                   tmp_67_reg_2979                                   |    1   |
|                                   tmp_68_reg_2994                                   |    1   |
|                                   tmp_69_reg_3069                                   |    1   |
|                                   tmp_70_reg_3124                                   |    1   |
|                                   tmp_71_reg_3217                                   |    1   |
|                                   tmp_72_reg_3272                                   |    1   |
|                                   tmp_73_reg_3287                                   |    1   |
|                                   tmp_74_reg_2954                                   |    4   |
|                                 trunc_ln111_reg_2868                                |    3   |
|                                 trunc_ln119_reg_2883                                |    6   |
|                                 trunc_ln120_reg_2902                                |    5   |
|                                 trunc_ln125_reg_2856                                |    3   |
|                                 zext_ln113_reg_2999                                 |    9   |
+-------------------------------------------------------------------------------------+--------+
|                                        Total                                        |  1412  |
+-------------------------------------------------------------------------------------+--------+

* Multiplexer (MUX) list: 
|-------------------|------|------|------|--------||---------||---------||---------|
|        Comp       |  Pin | Size |  BW  | S x BW ||  Delay  ||    FF   ||   LUT   |
|-------------------|------|------|------|--------||---------||---------||---------|
| grp_access_fu_225 |  p0  |  10  |  10  |   100  ||    0    ||    54   |
| grp_access_fu_225 |  p2  |   8  |   0  |    0   ||    0    ||    43   |
| grp_access_fu_242 |  p0  |  10  |  10  |   100  ||    0    ||    54   |
| grp_access_fu_242 |  p2  |   8  |   0  |    0   ||    0    ||    43   |
| grp_access_fu_356 |  p0  |  18  |   9  |   162  ||    0    ||    89   |
| grp_access_fu_362 |  p0  |  18  |   9  |   162  ||    0    ||    89   |
| grp_access_fu_368 |  p0  |  18  |   9  |   162  ||    0    ||    89   |
| grp_access_fu_374 |  p0  |  18  |   9  |   162  ||    0    ||    89   |
| grp_access_fu_380 |  p0  |  18  |   9  |   162  ||    0    ||    89   |
| grp_access_fu_386 |  p0  |  18  |   9  |   162  ||    0    ||    89   |
| grp_access_fu_392 |  p0  |  18  |   9  |   162  ||    0    ||    89   |
| grp_access_fu_398 |  p0  |  18  |   9  |   162  ||    0    ||    89   |
|    grp_fu_1556    |  p0  |   2  |   5  |   10   ||    0    ||    9    |
|-------------------|------|------|------|--------||---------||---------||---------|
|       Total       |      |      |      |  1506  || 9.28167 ||    0    ||   915   |
|-------------------|------|------|------|--------||---------||---------||---------|



* Summary:
+-----------+--------+--------+--------+--------+
|           |   DSP  |  Delay |   FF   |   LUT  |
+-----------+--------+--------+--------+--------+
|  Function |    0   |    -   |   98   |  2984  |
|   Memory  |    -   |    -   |    -   |    -   |
|Multiplexer|    -   |    9   |    0   |   915  |
|  Register |    -   |    -   |  1412  |    -   |
+-----------+--------+--------+--------+--------+
|   Total   |    0   |    9   |  1510  |  3899  |
+-----------+--------+--------+--------+--------+
