

================================================================
== Vitis HLS Report for 'bnn_top_Pipeline_VITIS_LOOP_79_9_VITIS_LOOP_80_10_VITIS_LOOP_82_11'
================================================================
* Date:           Mon Aug 24 01:28:40 2026

* Version:        2025.2 (Build 6295257 on Nov 12 2025)
* Project:        bnn_hls
* Solution:       sol1 (Vivado IP Flow Target)
* Product family: zynquplus
* Target device:  xczu7ev-ffvc1156-2-e


================================================================
== Performance Estimates
================================================================
+ Timing: 
    * Summary: 
    +--------+----------+----------+------------+
    |  Clock |  Target  | Estimated| Uncertainty|
    +--------+----------+----------+------------+
    |ap_clk  |  10.00 ns|  6.920 ns|     2.70 ns|
    +--------+----------+----------+------------+

+ Latency: 
    * Summary: 
    +---------+---------+----------+----------+-----+-----+-------------------+
    |  Latency (cycles) |  Latency (absolute) |  Interval |      Pipeline     |
    |   min   |   max   |    min   |    max   | min | max |        Type       |
    +---------+---------+----------+----------+-----+-----+-------------------+
    |    40965|    40965|  0.410 ms|  0.410 ms|    0|    0|  loop pipeline stp|
    +---------+---------+----------+----------+-----+-----+-------------------+

    + Detail: 
        * Instance: 
        N/A

        * Loop: 
        +-----------------------------------------------------+---------+---------+----------+-----------+-----------+------+----------+
        |                                                     |  Latency (cycles) | Iteration|  Initiation Interval  | Trip |          |
        |                      Loop Name                      |   min   |   max   |  Latency |  achieved |   target  | Count| Pipelined|
        +-----------------------------------------------------+---------+---------+----------+-----------+-----------+------+----------+
        |- VITIS_LOOP_79_9_VITIS_LOOP_80_10_VITIS_LOOP_82_11  |    40963|    40963|         9|          5|          1|  8192|       yes|
        +-----------------------------------------------------+---------+---------+----------+-----------+-----------+------+----------+

============================================================
+ Verbose Summary: Synthesis Manager
============================================================
InlineROM: 1
ExposeGlobal: 0
============================================================
+ Verbose Summary: CDFG Model
============================================================
IsTopModel: 0
ResetActiveHigh: 1
IsCombinational: 0
IsDatapathOnly: 0
HasWiredReturn: 1
HasMFsm: 2
HasVarLatency: 1
IsPipeline: 0
IsRtlPipelined: 0
IsInstanceOverlapped: 0
IsDontTouch: 0
HasImplIP: 0
IsGatedGlobalClock: 0

+ Individual pipeline summary: 
  * Pipeline-0: initiation interval (II) = 5, depth = 10


============================================================
+ Verbose Summary: Schedule
============================================================
* Number of FSM states : 10
* Pipeline : 1
  Pipeline-0 : II = 5, D = 10, States = { 1 2 3 4 5 6 7 8 9 10 }
* Dataflow Pipeline: 0

* FSM state transitions: 
1 --> 2 
2 --> 3 
3 --> 4 
4 --> 5 
5 --> 6 
6 --> 7 
7 --> 8 
8 --> 9 
9 --> 10 
10 --> 

* FSM state operations: 

State 1 <SV = 0> <Delay = 0.42>
ST_1 : Operation 12 [1/1] (0.00ns)   --->   "%acc = alloca i32 1" [bnn.cpp:81]   --->   Operation 12 'alloca' 'acc' <Predicate = true> <Delay = 0.00>
ST_1 : Operation 13 [1/1] (0.00ns)   --->   "%ci = alloca i32 1" [bnn.cpp:82]   --->   Operation 13 'alloca' 'ci' <Predicate = true> <Delay = 0.00>
ST_1 : Operation 14 [1/1] (0.00ns)   --->   "%ow = alloca i32 1" [bnn.cpp:80]   --->   Operation 14 'alloca' 'ow' <Predicate = true> <Delay = 0.00>
ST_1 : Operation 15 [1/1] (0.00ns)   --->   "%indvar_flatten13 = alloca i32 1"   --->   Operation 15 'alloca' 'indvar_flatten13' <Predicate = true> <Delay = 0.00>
ST_1 : Operation 16 [1/1] (0.00ns)   --->   "%oh = alloca i32 1" [bnn.cpp:79]   --->   Operation 16 'alloca' 'oh' <Predicate = true> <Delay = 0.00>
ST_1 : Operation 17 [1/1] (0.00ns)   --->   "%indvar_flatten29 = alloca i32 1"   --->   Operation 17 'alloca' 'indvar_flatten29' <Predicate = true> <Delay = 0.00>
ST_1 : Operation 18 [1/1] (0.00ns)   --->   "%specinterface_ln0 = specinterface void @_ssdm_op_SpecInterface, i32 %W2_1, void @empty_5, i32 0, i32 0, void @empty_2, i32 4294967295, i32 0, void @empty_2, void @empty_2, void @empty_2, i32 0, i32 0, i32 0, i32 0, void @empty_2, void @empty_2, i32 4294967295, i32 0, i32 0, i32 0"   --->   Operation 18 'specinterface' 'specinterface_ln0' <Predicate = true> <Delay = 0.00>
ST_1 : Operation 19 [1/1] (0.00ns)   --->   "%specinterface_ln0 = specinterface void @_ssdm_op_SpecInterface, i32 %W2_0, void @empty_5, i32 0, i32 0, void @empty_2, i32 4294967295, i32 0, void @empty_2, void @empty_2, void @empty_2, i32 0, i32 0, i32 0, i32 0, void @empty_2, void @empty_2, i32 4294967295, i32 0, i32 0, i32 0"   --->   Operation 19 'specinterface' 'specinterface_ln0' <Predicate = true> <Delay = 0.00>
ST_1 : Operation 20 [1/1] (0.00ns)   --->   "%mul_ln79_read = read i15 @_ssdm_op_Read.ap_auto.i15, i15 %mul_ln79"   --->   Operation 20 'read' 'mul_ln79_read' <Predicate = true> <Delay = 0.00>
ST_1 : Operation 21 [1/1] (0.42ns)   --->   "%store_ln0 = store i14 0, i14 %indvar_flatten29"   --->   Operation 21 'store' 'store_ln0' <Predicate = true> <Delay = 0.42>
ST_1 : Operation 22 [1/1] (0.42ns)   --->   "%store_ln79 = store i5 0, i5 %oh" [bnn.cpp:79]   --->   Operation 22 'store' 'store_ln79' <Predicate = true> <Delay = 0.42>
ST_1 : Operation 23 [1/1] (0.42ns)   --->   "%store_ln0 = store i11 0, i11 %indvar_flatten13"   --->   Operation 23 'store' 'store_ln0' <Predicate = true> <Delay = 0.42>
ST_1 : Operation 24 [1/1] (0.42ns)   --->   "%store_ln80 = store i5 0, i5 %ow" [bnn.cpp:80]   --->   Operation 24 'store' 'store_ln80' <Predicate = true> <Delay = 0.42>
ST_1 : Operation 25 [1/1] (0.42ns)   --->   "%store_ln82 = store i6 0, i6 %ci" [bnn.cpp:82]   --->   Operation 25 'store' 'store_ln82' <Predicate = true> <Delay = 0.42>
ST_1 : Operation 26 [1/1] (0.42ns)   --->   "%store_ln81 = store i32 0, i32 %acc" [bnn.cpp:81]   --->   Operation 26 'store' 'store_ln81' <Predicate = true> <Delay = 0.42>
ST_1 : Operation 27 [1/1] (0.00ns)   --->   "%br_ln0 = br void %VITIS_LOOP_84_12"   --->   Operation 27 'br' 'br_ln0' <Predicate = true> <Delay = 0.00>

State 2 <SV = 1> <Delay = 4.26>
ST_2 : Operation 28 [1/1] (0.00ns)   --->   "%indvar_flatten13_load = load i11 %indvar_flatten13" [bnn.cpp:80]   --->   Operation 28 'load' 'indvar_flatten13_load' <Predicate = true> <Delay = 0.00>
ST_2 : Operation 29 [1/1] (0.00ns)   --->   "%indvar_flatten29_load = load i14 %indvar_flatten29" [bnn.cpp:79]   --->   Operation 29 'load' 'indvar_flatten29_load' <Predicate = true> <Delay = 0.00>
ST_2 : Operation 30 [1/1] (0.83ns)   --->   "%icmp_ln79 = icmp_eq  i14 %indvar_flatten29_load, i14 8192" [bnn.cpp:79]   --->   Operation 30 'icmp' 'icmp_ln79' <Predicate = true> <Delay = 0.83> <CoreInst = "Cmp">   --->   Core 9 'Cmp' <Latency = 0> <II = 1> <Delay = 0.83> <FuncUnit> <Opcode : 'seteq' 'setne' 'setle' 'setge' 'setlt' 'setgt'> <InPorts = 2> <OutPorts = 1>
ST_2 : Operation 31 [1/1] (0.83ns)   --->   "%add_ln79 = add i14 %indvar_flatten29_load, i14 1" [bnn.cpp:79]   --->   Operation 31 'add' 'add_ln79' <Predicate = true> <Delay = 0.83> <CoreInst = "Adder">   --->   Core 1 'Adder' <Latency = 0> <II = 1> <Delay = 0.83> <FuncUnit> <Opcode : 'add' 'sub'> <InPorts = 2> <OutPorts = 1>
ST_2 : Operation 32 [1/1] (0.00ns)   --->   "%br_ln79 = br i1 %icmp_ln79, void %for.inc208, void %VITIS_LOOP_96_14.exitStub" [bnn.cpp:79]   --->   Operation 32 'br' 'br_ln79' <Predicate = true> <Delay = 0.00>
ST_2 : Operation 33 [1/1] (0.00ns)   --->   "%ci_load = load i6 %ci" [bnn.cpp:82]   --->   Operation 33 'load' 'ci_load' <Predicate = (!icmp_ln79)> <Delay = 0.00>
ST_2 : Operation 34 [1/1] (0.00ns)   --->   "%ow_load = load i5 %ow" [bnn.cpp:86]   --->   Operation 34 'load' 'ow_load' <Predicate = (!icmp_ln79)> <Delay = 0.00>
ST_2 : Operation 35 [1/1] (0.00ns)   --->   "%oh_load = load i5 %oh" [bnn.cpp:86]   --->   Operation 35 'load' 'oh_load' <Predicate = (!icmp_ln79)> <Delay = 0.00>
ST_2 : Operation 36 [1/1] (0.79ns)   --->   "%icmp_ln80 = icmp_eq  i11 %indvar_flatten13_load, i11 512" [bnn.cpp:80]   --->   Operation 36 'icmp' 'icmp_ln80' <Predicate = (!icmp_ln79)> <Delay = 0.79> <CoreInst = "Cmp">   --->   Core 9 'Cmp' <Latency = 0> <II = 1> <Delay = 0.79> <FuncUnit> <Opcode : 'seteq' 'setne' 'setle' 'setge' 'setlt' 'setgt'> <InPorts = 2> <OutPorts = 1>
ST_2 : Operation 37 [1/1] (0.41ns)   --->   "%select_ln79 = select i1 %icmp_ln80, i5 0, i5 %ow_load" [bnn.cpp:79]   --->   Operation 37 'select' 'select_ln79' <Predicate = (!icmp_ln79)> <Delay = 0.41> <CoreInst = "Sel">   --->   Core 73 'Sel' <Latency = 0> <II = 1> <Delay = 0.41> <FuncUnit> <Opcode : 'select'> <InPorts = 3> <OutPorts = 1>
ST_2 : Operation 38 [1/1] (0.78ns)   --->   "%add_ln86 = add i5 %oh_load, i5 2" [bnn.cpp:86]   --->   Operation 38 'add' 'add_ln86' <Predicate = (!icmp_ln79)> <Delay = 0.78> <CoreInst = "Adder">   --->   Core 1 'Adder' <Latency = 0> <II = 1> <Delay = 0.78> <FuncUnit> <Opcode : 'add' 'sub'> <InPorts = 2> <OutPorts = 1>
ST_2 : Operation 39 [1/1] (0.78ns)   --->   "%add_ln86_2 = add i5 %oh_load, i5 1" [bnn.cpp:86]   --->   Operation 39 'add' 'add_ln86_2' <Predicate = (!icmp_ln79)> <Delay = 0.78> <CoreInst = "Adder">   --->   Core 1 'Adder' <Latency = 0> <II = 1> <Delay = 0.78> <FuncUnit> <Opcode : 'add' 'sub'> <InPorts = 2> <OutPorts = 1>
ST_2 : Operation 40 [1/1] (0.41ns)   --->   "%select_ln79_1 = select i1 %icmp_ln80, i5 %add_ln86, i5 %add_ln86_2" [bnn.cpp:79]   --->   Operation 40 'select' 'select_ln79_1' <Predicate = (!icmp_ln79)> <Delay = 0.41> <CoreInst = "Sel">   --->   Core 73 'Sel' <Latency = 0> <II = 1> <Delay = 0.41> <FuncUnit> <Opcode : 'select'> <InPorts = 3> <OutPorts = 1>
ST_2 : Operation 41 [1/1] (0.78ns)   --->   "%add_ln86_3 = add i5 %ow_load, i5 1" [bnn.cpp:86]   --->   Operation 41 'add' 'add_ln86_3' <Predicate = (!icmp_ln79)> <Delay = 0.78> <CoreInst = "Adder">   --->   Core 1 'Adder' <Latency = 0> <II = 1> <Delay = 0.78> <FuncUnit> <Opcode : 'add' 'sub'> <InPorts = 2> <OutPorts = 1>
ST_2 : Operation 42 [1/1] (0.00ns) (grouped into LUT with out node add_ln86_2_mid2)   --->   "%select_ln79_2 = select i1 %icmp_ln80, i5 1, i5 %add_ln86_3" [bnn.cpp:79]   --->   Operation 42 'select' 'select_ln79_2' <Predicate = (!icmp_ln79)> <Delay = 0.00> <CoreInst = "Sel">   --->   Core 73 'Sel' <Latency = 0> <II = 1> <Delay = 0.41> <FuncUnit> <Opcode : 'select'> <InPorts = 3> <OutPorts = 1>
ST_2 : Operation 43 [1/1] (0.00ns) (grouped into LUT with out node and_ln79)   --->   "%xor_ln79 = xor i1 %icmp_ln80, i1 1" [bnn.cpp:79]   --->   Operation 43 'xor' 'xor_ln79' <Predicate = (!icmp_ln79)> <Delay = 0.00> <CoreInst = "LogicGate">   --->   Core 74 'LogicGate' <Latency = 0> <II = 1> <Delay = 0.28> <FuncUnit> <Opcode : 'and' 'or' 'xor'> <InPorts = 2> <OutPorts = 1>
ST_2 : Operation 44 [1/1] (0.78ns)   --->   "%icmp_ln82 = icmp_eq  i6 %ci_load, i6 32" [bnn.cpp:82]   --->   Operation 44 'icmp' 'icmp_ln82' <Predicate = (!icmp_ln79)> <Delay = 0.78> <CoreInst = "Cmp">   --->   Core 9 'Cmp' <Latency = 0> <II = 1> <Delay = 0.78> <FuncUnit> <Opcode : 'seteq' 'setne' 'setle' 'setge' 'setlt' 'setgt'> <InPorts = 2> <OutPorts = 1>
ST_2 : Operation 45 [1/1] (0.28ns) (out node of the LUT)   --->   "%and_ln79 = and i1 %icmp_ln82, i1 %xor_ln79" [bnn.cpp:79]   --->   Operation 45 'and' 'and_ln79' <Predicate = (!icmp_ln79)> <Delay = 0.28> <CoreInst = "LogicGate">   --->   Core 74 'LogicGate' <Latency = 0> <II = 1> <Delay = 0.28> <FuncUnit> <Opcode : 'and' 'or' 'xor'> <InPorts = 2> <OutPorts = 1>
ST_2 : Operation 46 [1/1] (0.41ns)   --->   "%select_ln79_3 = select i1 %icmp_ln80, i5 %add_ln86_2, i5 %oh_load" [bnn.cpp:79]   --->   Operation 46 'select' 'select_ln79_3' <Predicate = (!icmp_ln79)> <Delay = 0.41> <CoreInst = "Sel">   --->   Core 73 'Sel' <Latency = 0> <II = 1> <Delay = 0.41> <FuncUnit> <Opcode : 'select'> <InPorts = 3> <OutPorts = 1>
ST_2 : Operation 47 [1/1] (0.78ns)   --->   "%add_ln86_4 = add i5 %select_ln79, i5 1" [bnn.cpp:86]   --->   Operation 47 'add' 'add_ln86_4' <Predicate = (!icmp_ln79)> <Delay = 0.78> <CoreInst = "Adder">   --->   Core 1 'Adder' <Latency = 0> <II = 1> <Delay = 0.78> <FuncUnit> <Opcode : 'add' 'sub'> <InPorts = 2> <OutPorts = 1>
ST_2 : Operation 48 [1/1] (0.28ns)   --->   "%empty = or i1 %and_ln79, i1 %icmp_ln80" [bnn.cpp:79]   --->   Operation 48 'or' 'empty' <Predicate = (!icmp_ln79)> <Delay = 0.28> <CoreInst = "LogicGate">   --->   Core 74 'LogicGate' <Latency = 0> <II = 1> <Delay = 0.28> <FuncUnit> <Opcode : 'and' 'or' 'xor'> <InPorts = 2> <OutPorts = 1>
ST_2 : Operation 49 [1/1] (0.38ns)   --->   "%ci_mid2 = select i1 %empty, i6 0, i6 %ci_load" [bnn.cpp:79]   --->   Operation 49 'select' 'ci_mid2' <Predicate = (!icmp_ln79)> <Delay = 0.38> <CoreInst = "Sel">   --->   Core 73 'Sel' <Latency = 0> <II = 1> <Delay = 0.38> <FuncUnit> <Opcode : 'select'> <InPorts = 3> <OutPorts = 1>
ST_2 : Operation 50 [1/1] (0.78ns)   --->   "%add_ln86_5 = add i5 %select_ln79, i5 2" [bnn.cpp:86]   --->   Operation 50 'add' 'add_ln86_5' <Predicate = (!icmp_ln79)> <Delay = 0.78> <CoreInst = "Adder">   --->   Core 1 'Adder' <Latency = 0> <II = 1> <Delay = 0.78> <FuncUnit> <Opcode : 'add' 'sub'> <InPorts = 2> <OutPorts = 1>
ST_2 : Operation 51 [1/1] (0.41ns) (out node of the LUT)   --->   "%add_ln86_2_mid2 = select i1 %and_ln79, i5 %add_ln86_5, i5 %select_ln79_2" [bnn.cpp:79]   --->   Operation 51 'select' 'add_ln86_2_mid2' <Predicate = (!icmp_ln79)> <Delay = 0.41> <CoreInst = "Sel">   --->   Core 73 'Sel' <Latency = 0> <II = 1> <Delay = 0.41> <FuncUnit> <Opcode : 'select'> <InPorts = 3> <OutPorts = 1>
ST_2 : Operation 52 [1/1] (0.41ns)   --->   "%select_ln80 = select i1 %and_ln79, i5 %add_ln86_4, i5 %select_ln79" [bnn.cpp:80]   --->   Operation 52 'select' 'select_ln80' <Predicate = (!icmp_ln79)> <Delay = 0.41> <CoreInst = "Sel">   --->   Core 73 'Sel' <Latency = 0> <II = 1> <Delay = 0.41> <FuncUnit> <Opcode : 'select'> <InPorts = 3> <OutPorts = 1>
ST_2 : Operation 53 [1/1] (0.00ns)   --->   "%trunc_ln94 = trunc i5 %select_ln79_3" [bnn.cpp:94]   --->   Operation 53 'trunc' 'trunc_ln94' <Predicate = (!icmp_ln79)> <Delay = 0.00>
ST_2 : Operation 54 [1/1] (0.00ns)   --->   "%tmp_5 = bitselect i1 @_ssdm_op_BitSelect.i1.i5.i32, i5 %select_ln79_1, i32 4" [bnn.cpp:87]   --->   Operation 54 'bitselect' 'tmp_5' <Predicate = (!icmp_ln79)> <Delay = 0.00>
ST_2 : Operation 55 [1/1] (0.00ns)   --->   "%trunc_ln80 = trunc i5 %select_ln80" [bnn.cpp:80]   --->   Operation 55 'trunc' 'trunc_ln80' <Predicate = (!icmp_ln79)> <Delay = 0.00>
ST_2 : Operation 56 [1/1] (0.00ns)   --->   "%tmp_10 = bitselect i1 @_ssdm_op_BitSelect.i1.i5.i32, i5 %add_ln86_2_mid2, i32 4" [bnn.cpp:87]   --->   Operation 56 'bitselect' 'tmp_10' <Predicate = (!icmp_ln79)> <Delay = 0.00>
ST_2 : Operation 57 [1/1] (0.00ns)   --->   "%tmp_14 = bitselect i1 @_ssdm_op_BitSelect.i1.i5.i32, i5 %select_ln80, i32 3" [bnn.cpp:88]   --->   Operation 57 'bitselect' 'tmp_14' <Predicate = (!icmp_ln79)> <Delay = 0.00>
ST_2 : Operation 58 [1/1] (0.00ns)   --->   "%lshr_ln88_1 = partselect i2 @_ssdm_op_PartSelect.i2.i5.i32.i32, i5 %add_ln86_2_mid2, i32 3, i32 4" [bnn.cpp:88]   --->   Operation 58 'partselect' 'lshr_ln88_1' <Predicate = (!icmp_ln79)> <Delay = 0.00>
ST_2 : Operation 59 [1/1] (0.00ns)   --->   "%zext_ln82_1 = zext i6 %ci_mid2" [bnn.cpp:82]   --->   Operation 59 'zext' 'zext_ln82_1' <Predicate = (!icmp_ln79)> <Delay = 0.00>
ST_2 : Operation 60 [1/1] (0.00ns)   --->   "%trunc_ln88 = trunc i6 %ci_mid2" [bnn.cpp:88]   --->   Operation 60 'trunc' 'trunc_ln88' <Predicate = (!icmp_ln79)> <Delay = 0.00>
ST_2 : Operation 61 [1/1] (0.00ns)   --->   "%tmp_15 = bitconcatenate i9 @_ssdm_op_BitConcatenate.i9.i6.i3, i6 %ci_mid2, i3 0" [bnn.cpp:89]   --->   Operation 61 'bitconcatenate' 'tmp_15' <Predicate = (!icmp_ln79)> <Delay = 0.00>
ST_2 : Operation 62 [1/1] (0.00ns)   --->   "%zext_ln89_19 = zext i9 %tmp_15" [bnn.cpp:89]   --->   Operation 62 'zext' 'zext_ln89_19' <Predicate = (!icmp_ln79)> <Delay = 0.00>
ST_2 : Operation 63 [1/1] (0.77ns)   --->   "%add_ln89_17 = add i10 %zext_ln89_19, i10 %zext_ln82_1" [bnn.cpp:89]   --->   Operation 63 'add' 'add_ln89_17' <Predicate = (!icmp_ln79)> <Delay = 0.77> <CoreInst = "Adder">   --->   Core 1 'Adder' <Latency = 0> <II = 1> <Delay = 0.77> <FuncUnit> <Opcode : 'add' 'sub'> <InPorts = 2> <OutPorts = 1>
ST_2 : Operation 64 [1/1] (0.00ns)   --->   "%zext_ln89_9 = zext i10 %add_ln89_17" [bnn.cpp:89]   --->   Operation 64 'zext' 'zext_ln89_9' <Predicate = (!icmp_ln79)> <Delay = 0.00>
ST_2 : Operation 65 [1/1] (0.84ns)   --->   "%add_ln89 = add i15 %zext_ln89_9, i15 %mul_ln79_read" [bnn.cpp:89]   --->   Operation 65 'add' 'add_ln89' <Predicate = (!icmp_ln79)> <Delay = 0.84> <CoreInst = "Adder">   --->   Core 1 'Adder' <Latency = 0> <II = 1> <Delay = 0.84> <FuncUnit> <Opcode : 'add' 'sub'> <InPorts = 2> <OutPorts = 1>
ST_2 : Operation 66 [1/1] (0.00ns)   --->   "%trunc_ln89 = trunc i10 %add_ln89_17" [bnn.cpp:89]   --->   Operation 66 'trunc' 'trunc_ln89' <Predicate = (!icmp_ln79)> <Delay = 0.00>
ST_2 : Operation 67 [1/1] (0.00ns)   --->   "%lshr_ln2 = partselect i9 @_ssdm_op_PartSelect.i9.i15.i32.i32, i15 %add_ln89, i32 6, i32 14" [bnn.cpp:89]   --->   Operation 67 'partselect' 'lshr_ln2' <Predicate = (!icmp_ln79)> <Delay = 0.00>
ST_2 : Operation 68 [1/1] (0.00ns)   --->   "%zext_ln89 = zext i9 %lshr_ln2" [bnn.cpp:89]   --->   Operation 68 'zext' 'zext_ln89' <Predicate = (!icmp_ln79)> <Delay = 0.00>
ST_2 : Operation 69 [1/1] (0.00ns)   --->   "%W2_0_addr = getelementptr i32 %W2_0, i64 0, i64 %zext_ln89" [bnn.cpp:89]   --->   Operation 69 'getelementptr' 'W2_0_addr' <Predicate = (!icmp_ln79)> <Delay = 0.00>
ST_2 : Operation 70 [2/2] (0.00ns)   --->   "%W2_0_load = load i9 %W2_0_addr" [bnn.cpp:89]   --->   Operation 70 'load' 'W2_0_load' <Predicate = (!icmp_ln79)> <Delay = 0.00> <CoreInst = "RAM">   --->   Core 82 'RAM' <Latency = 1> <II = 1> <Delay = 1.23> <Storage> <Opcode : 'load' 'store'> <Ports = 2> <Width = 32> <Depth = 288> <RAM>
ST_2 : Operation 71 [1/1] (0.00ns)   --->   "%W2_1_addr = getelementptr i32 %W2_1, i64 0, i64 %zext_ln89" [bnn.cpp:89]   --->   Operation 71 'getelementptr' 'W2_1_addr' <Predicate = (!icmp_ln79)> <Delay = 0.00>
ST_2 : Operation 72 [2/2] (0.00ns)   --->   "%W2_1_load = load i9 %W2_1_addr" [bnn.cpp:89]   --->   Operation 72 'load' 'W2_1_load' <Predicate = (!icmp_ln79)> <Delay = 0.00> <CoreInst = "RAM">   --->   Core 82 'RAM' <Latency = 1> <II = 1> <Delay = 1.23> <Storage> <Opcode : 'load' 'store'> <Ports = 2> <Width = 32> <Depth = 288> <RAM>
ST_2 : Operation 73 [1/1] (0.00ns)   --->   "%tmp_16 = bitselect i1 @_ssdm_op_BitSelect.i1.i15.i32, i15 %add_ln89, i32 5" [bnn.cpp:89]   --->   Operation 73 'bitselect' 'tmp_16' <Predicate = (!icmp_ln79)> <Delay = 0.00>
ST_2 : Operation 74 [1/1] (0.84ns)   --->   "%add_ln89_1 = add i15 %add_ln89, i15 1" [bnn.cpp:89]   --->   Operation 74 'add' 'add_ln89_1' <Predicate = (!icmp_ln79)> <Delay = 0.84> <CoreInst = "Adder">   --->   Core 1 'Adder' <Latency = 0> <II = 1> <Delay = 0.84> <FuncUnit> <Opcode : 'add' 'sub'> <InPorts = 2> <OutPorts = 1>
ST_2 : Operation 75 [1/1] (0.00ns)   --->   "%lshr_ln89_2 = partselect i9 @_ssdm_op_PartSelect.i9.i15.i32.i32, i15 %add_ln89_1, i32 6, i32 14" [bnn.cpp:89]   --->   Operation 75 'partselect' 'lshr_ln89_2' <Predicate = (!icmp_ln79)> <Delay = 0.00>
ST_2 : Operation 76 [1/1] (0.00ns)   --->   "%zext_ln89_1 = zext i9 %lshr_ln89_2" [bnn.cpp:89]   --->   Operation 76 'zext' 'zext_ln89_1' <Predicate = (!icmp_ln79)> <Delay = 0.00>
ST_2 : Operation 77 [1/1] (0.00ns)   --->   "%W2_0_addr_1 = getelementptr i32 %W2_0, i64 0, i64 %zext_ln89_1" [bnn.cpp:89]   --->   Operation 77 'getelementptr' 'W2_0_addr_1' <Predicate = (!icmp_ln79)> <Delay = 0.00>
ST_2 : Operation 78 [2/2] (0.00ns)   --->   "%W2_0_load_1 = load i9 %W2_0_addr_1" [bnn.cpp:89]   --->   Operation 78 'load' 'W2_0_load_1' <Predicate = (!icmp_ln79)> <Delay = 0.00> <CoreInst = "RAM">   --->   Core 82 'RAM' <Latency = 1> <II = 1> <Delay = 1.23> <Storage> <Opcode : 'load' 'store'> <Ports = 2> <Width = 32> <Depth = 288> <RAM>
ST_2 : Operation 79 [1/1] (0.00ns)   --->   "%W2_1_addr_1 = getelementptr i32 %W2_1, i64 0, i64 %zext_ln89_1" [bnn.cpp:89]   --->   Operation 79 'getelementptr' 'W2_1_addr_1' <Predicate = (!icmp_ln79)> <Delay = 0.00>
ST_2 : Operation 80 [2/2] (0.00ns)   --->   "%W2_1_load_1 = load i9 %W2_1_addr_1" [bnn.cpp:89]   --->   Operation 80 'load' 'W2_1_load_1' <Predicate = (!icmp_ln79)> <Delay = 0.00> <CoreInst = "RAM">   --->   Core 82 'RAM' <Latency = 1> <II = 1> <Delay = 1.23> <Storage> <Opcode : 'load' 'store'> <Ports = 2> <Width = 32> <Depth = 288> <RAM>
ST_2 : Operation 81 [1/1] (0.00ns)   --->   "%tmp_17 = bitselect i1 @_ssdm_op_BitSelect.i1.i15.i32, i15 %add_ln89_1, i32 5" [bnn.cpp:89]   --->   Operation 81 'bitselect' 'tmp_17' <Predicate = (!icmp_ln79)> <Delay = 0.00>
ST_2 : Operation 82 [1/1] (0.78ns)   --->   "%add_ln82 = add i6 %ci_mid2, i6 1" [bnn.cpp:82]   --->   Operation 82 'add' 'add_ln82' <Predicate = (!icmp_ln79)> <Delay = 0.78> <CoreInst = "Adder">   --->   Core 1 'Adder' <Latency = 0> <II = 1> <Delay = 0.78> <FuncUnit> <Opcode : 'add' 'sub'> <InPorts = 2> <OutPorts = 1>
ST_2 : Operation 83 [1/1] (0.78ns)   --->   "%icmp_ln82_1 = icmp_eq  i6 %add_ln82, i6 32" [bnn.cpp:82]   --->   Operation 83 'icmp' 'icmp_ln82_1' <Predicate = (!icmp_ln79)> <Delay = 0.78> <CoreInst = "Cmp">   --->   Core 9 'Cmp' <Latency = 0> <II = 1> <Delay = 0.78> <FuncUnit> <Opcode : 'seteq' 'setne' 'setle' 'setge' 'setlt' 'setgt'> <InPorts = 2> <OutPorts = 1>
ST_2 : Operation 84 [1/1] (0.78ns)   --->   "%add_ln94 = add i5 %select_ln80, i5 %select_ln79_3" [bnn.cpp:94]   --->   Operation 84 'add' 'add_ln94' <Predicate = (!icmp_ln79)> <Delay = 0.78> <CoreInst = "Adder">   --->   Core 1 'Adder' <Latency = 0> <II = 1> <Delay = 0.78> <FuncUnit> <Opcode : 'add' 'sub'> <InPorts = 2> <OutPorts = 1>
ST_2 : Operation 85 [9/9] (1.06ns)   --->   "%urem_ln94 = urem i5 %add_ln94, i5 5" [bnn.cpp:94]   --->   Operation 85 'urem' 'urem_ln94' <Predicate = (!icmp_ln79)> <Delay = 1.06> <CoreInst = "Divider">   --->   Core 6 'Divider' <Latency = 8> <II = 1> <Delay = 1.06> <FuncUnit> <Opcode : 'udiv' 'sdiv' 'urem' 'srem'> <InPorts = 2> <OutPorts = 1>
ST_2 : Operation 86 [1/1] (0.00ns)   --->   "%br_ln82 = br i1 %icmp_ln82_1, void %new.latch.VITIS_LOOP_84_12.split_ifconv, void %last.iter.VITIS_LOOP_84_12.split_ifconv" [bnn.cpp:82]   --->   Operation 86 'br' 'br_ln82' <Predicate = (!icmp_ln79)> <Delay = 0.00>
ST_2 : Operation 87 [1/1] (0.00ns)   --->   "%br_ln82 = br void %new.latch.VITIS_LOOP_84_12.split_ifconv" [bnn.cpp:82]   --->   Operation 87 'br' 'br_ln82' <Predicate = (!icmp_ln79 & icmp_ln82_1)> <Delay = 0.00>
ST_2 : Operation 88 [1/1] (0.79ns)   --->   "%add_ln80 = add i11 %indvar_flatten13_load, i11 1" [bnn.cpp:80]   --->   Operation 88 'add' 'add_ln80' <Predicate = (!icmp_ln79)> <Delay = 0.79> <CoreInst = "Adder">   --->   Core 1 'Adder' <Latency = 0> <II = 1> <Delay = 0.79> <FuncUnit> <Opcode : 'add' 'sub'> <InPorts = 2> <OutPorts = 1>
ST_2 : Operation 89 [1/1] (0.38ns)   --->   "%select_ln80_1 = select i1 %icmp_ln80, i11 1, i11 %add_ln80" [bnn.cpp:80]   --->   Operation 89 'select' 'select_ln80_1' <Predicate = (!icmp_ln79)> <Delay = 0.38> <CoreInst = "Sel">   --->   Core 73 'Sel' <Latency = 0> <II = 1> <Delay = 0.38> <FuncUnit> <Opcode : 'select'> <InPorts = 3> <OutPorts = 1>
ST_2 : Operation 90 [1/1] (0.42ns)   --->   "%store_ln79 = store i14 %add_ln79, i14 %indvar_flatten29" [bnn.cpp:79]   --->   Operation 90 'store' 'store_ln79' <Predicate = (!icmp_ln79)> <Delay = 0.42>
ST_2 : Operation 91 [1/1] (0.42ns)   --->   "%store_ln79 = store i5 %select_ln79_3, i5 %oh" [bnn.cpp:79]   --->   Operation 91 'store' 'store_ln79' <Predicate = (!icmp_ln79)> <Delay = 0.42>
ST_2 : Operation 92 [1/1] (0.42ns)   --->   "%store_ln80 = store i11 %select_ln80_1, i11 %indvar_flatten13" [bnn.cpp:80]   --->   Operation 92 'store' 'store_ln80' <Predicate = (!icmp_ln79)> <Delay = 0.42>
ST_2 : Operation 93 [1/1] (0.42ns)   --->   "%store_ln82 = store i6 %add_ln82, i6 %ci" [bnn.cpp:82]   --->   Operation 93 'store' 'store_ln82' <Predicate = (!icmp_ln79)> <Delay = 0.42>

State 3 <SV = 2> <Delay = 2.17>
ST_3 : Operation 94 [1/2] ( I:0.00ns O:0.00ns )   --->   "%W2_0_load = load i9 %W2_0_addr" [bnn.cpp:89]   --->   Operation 94 'load' 'W2_0_load' <Predicate = (!icmp_ln79)> <Delay = 0.00> <CoreInst = "RAM">   --->   Core 82 'RAM' <Latency = 1> <II = 1> <Delay = 1.23> <Storage> <Opcode : 'load' 'store'> <Ports = 2> <Width = 32> <Depth = 288> <RAM>
ST_3 : Operation 95 [1/2] ( I:0.00ns O:0.00ns )   --->   "%W2_1_load = load i9 %W2_1_addr" [bnn.cpp:89]   --->   Operation 95 'load' 'W2_1_load' <Predicate = (!icmp_ln79)> <Delay = 0.00> <CoreInst = "RAM">   --->   Core 82 'RAM' <Latency = 1> <II = 1> <Delay = 1.23> <Storage> <Opcode : 'load' 'store'> <Ports = 2> <Width = 32> <Depth = 288> <RAM>
ST_3 : Operation 96 [1/1] (0.44ns)   --->   "%select_ln89 = select i1 %tmp_16, i32 %W2_1_load, i32 %W2_0_load" [bnn.cpp:89]   --->   Operation 96 'select' 'select_ln89' <Predicate = (!icmp_ln79)> <Delay = 0.44> <CoreInst = "Sel">   --->   Core 73 'Sel' <Latency = 0> <II = 1> <Delay = 0.44> <FuncUnit> <Opcode : 'select'> <InPorts = 3> <OutPorts = 1>
ST_3 : Operation 97 [1/1] (0.00ns)   --->   "%zext_ln89_10 = zext i5 %trunc_ln89" [bnn.cpp:89]   --->   Operation 97 'zext' 'zext_ln89_10' <Predicate = (!icmp_ln79)> <Delay = 0.00>
ST_3 : Operation 98 [1/1] (1.38ns)   --->   "%lshr_ln89 = lshr i32 %select_ln89, i32 %zext_ln89_10" [bnn.cpp:89]   --->   Operation 98 'lshr' 'lshr_ln89' <Predicate = (!icmp_ln79)> <Delay = 1.38> <CoreInst = "Shifter">   --->   Core 75 'Shifter' <Latency = 0> <II = 1> <Delay = 1.38> <FuncUnit> <Opcode : 'shl' 'lshr' 'ashr'> <InPorts = 2> <OutPorts = 1>
ST_3 : Operation 99 [1/2] ( I:0.00ns O:0.00ns )   --->   "%W2_0_load_1 = load i9 %W2_0_addr_1" [bnn.cpp:89]   --->   Operation 99 'load' 'W2_0_load_1' <Predicate = (!icmp_ln79)> <Delay = 0.00> <CoreInst = "RAM">   --->   Core 82 'RAM' <Latency = 1> <II = 1> <Delay = 1.23> <Storage> <Opcode : 'load' 'store'> <Ports = 2> <Width = 32> <Depth = 288> <RAM>
ST_3 : Operation 100 [1/2] ( I:0.00ns O:0.00ns )   --->   "%W2_1_load_1 = load i9 %W2_1_addr_1" [bnn.cpp:89]   --->   Operation 100 'load' 'W2_1_load_1' <Predicate = (!icmp_ln79)> <Delay = 0.00> <CoreInst = "RAM">   --->   Core 82 'RAM' <Latency = 1> <II = 1> <Delay = 1.23> <Storage> <Opcode : 'load' 'store'> <Ports = 2> <Width = 32> <Depth = 288> <RAM>
ST_3 : Operation 101 [1/1] (0.44ns)   --->   "%select_ln89_1 = select i1 %tmp_17, i32 %W2_1_load_1, i32 %W2_0_load_1" [bnn.cpp:89]   --->   Operation 101 'select' 'select_ln89_1' <Predicate = (!icmp_ln79)> <Delay = 0.44> <CoreInst = "Sel">   --->   Core 73 'Sel' <Latency = 0> <II = 1> <Delay = 0.44> <FuncUnit> <Opcode : 'select'> <InPorts = 3> <OutPorts = 1>
ST_3 : Operation 102 [1/1] (0.78ns)   --->   "%add_ln89_2 = add i5 %trunc_ln89, i5 1" [bnn.cpp:89]   --->   Operation 102 'add' 'add_ln89_2' <Predicate = (!icmp_ln79)> <Delay = 0.78> <CoreInst = "Adder">   --->   Core 1 'Adder' <Latency = 0> <II = 1> <Delay = 0.78> <FuncUnit> <Opcode : 'add' 'sub'> <InPorts = 2> <OutPorts = 1>
ST_3 : Operation 103 [1/1] (0.00ns)   --->   "%zext_ln89_11 = zext i5 %add_ln89_2" [bnn.cpp:89]   --->   Operation 103 'zext' 'zext_ln89_11' <Predicate = (!icmp_ln79)> <Delay = 0.00>
ST_3 : Operation 104 [1/1] (1.38ns)   --->   "%lshr_ln89_1 = lshr i32 %select_ln89_1, i32 %zext_ln89_11" [bnn.cpp:89]   --->   Operation 104 'lshr' 'lshr_ln89_1' <Predicate = (!icmp_ln79)> <Delay = 1.38> <CoreInst = "Shifter">   --->   Core 75 'Shifter' <Latency = 0> <II = 1> <Delay = 1.38> <FuncUnit> <Opcode : 'shl' 'lshr' 'ashr'> <InPorts = 2> <OutPorts = 1>
ST_3 : Operation 105 [1/1] (0.84ns)   --->   "%add_ln89_3 = add i15 %add_ln89, i15 2" [bnn.cpp:89]   --->   Operation 105 'add' 'add_ln89_3' <Predicate = (!icmp_ln79)> <Delay = 0.84> <CoreInst = "Adder">   --->   Core 1 'Adder' <Latency = 0> <II = 1> <Delay = 0.84> <FuncUnit> <Opcode : 'add' 'sub'> <InPorts = 2> <OutPorts = 1>
ST_3 : Operation 106 [1/1] (0.00ns)   --->   "%lshr_ln89_4 = partselect i9 @_ssdm_op_PartSelect.i9.i15.i32.i32, i15 %add_ln89_3, i32 6, i32 14" [bnn.cpp:89]   --->   Operation 106 'partselect' 'lshr_ln89_4' <Predicate = (!icmp_ln79)> <Delay = 0.00>
ST_3 : Operation 107 [1/1] (0.00ns)   --->   "%zext_ln89_2 = zext i9 %lshr_ln89_4" [bnn.cpp:89]   --->   Operation 107 'zext' 'zext_ln89_2' <Predicate = (!icmp_ln79)> <Delay = 0.00>
ST_3 : Operation 108 [1/1] (0.00ns)   --->   "%W2_0_addr_2 = getelementptr i32 %W2_0, i64 0, i64 %zext_ln89_2" [bnn.cpp:89]   --->   Operation 108 'getelementptr' 'W2_0_addr_2' <Predicate = (!icmp_ln79)> <Delay = 0.00>
ST_3 : Operation 109 [2/2] (0.00ns)   --->   "%W2_0_load_2 = load i9 %W2_0_addr_2" [bnn.cpp:89]   --->   Operation 109 'load' 'W2_0_load_2' <Predicate = (!icmp_ln79)> <Delay = 0.00> <CoreInst = "RAM">   --->   Core 82 'RAM' <Latency = 1> <II = 1> <Delay = 1.23> <Storage> <Opcode : 'load' 'store'> <Ports = 2> <Width = 32> <Depth = 288> <RAM>
ST_3 : Operation 110 [1/1] (0.00ns)   --->   "%W2_1_addr_2 = getelementptr i32 %W2_1, i64 0, i64 %zext_ln89_2" [bnn.cpp:89]   --->   Operation 110 'getelementptr' 'W2_1_addr_2' <Predicate = (!icmp_ln79)> <Delay = 0.00>
ST_3 : Operation 111 [2/2] (0.00ns)   --->   "%W2_1_load_2 = load i9 %W2_1_addr_2" [bnn.cpp:89]   --->   Operation 111 'load' 'W2_1_load_2' <Predicate = (!icmp_ln79)> <Delay = 0.00> <CoreInst = "RAM">   --->   Core 82 'RAM' <Latency = 1> <II = 1> <Delay = 1.23> <Storage> <Opcode : 'load' 'store'> <Ports = 2> <Width = 32> <Depth = 288> <RAM>
ST_3 : Operation 112 [1/1] (0.00ns)   --->   "%tmp_18 = bitselect i1 @_ssdm_op_BitSelect.i1.i15.i32, i15 %add_ln89_3, i32 5" [bnn.cpp:89]   --->   Operation 112 'bitselect' 'tmp_18' <Predicate = (!icmp_ln79)> <Delay = 0.00>
ST_3 : Operation 113 [1/1] (0.84ns)   --->   "%add_ln89_5 = add i15 %add_ln89, i15 3" [bnn.cpp:89]   --->   Operation 113 'add' 'add_ln89_5' <Predicate = (!icmp_ln79)> <Delay = 0.84> <CoreInst = "Adder">   --->   Core 1 'Adder' <Latency = 0> <II = 1> <Delay = 0.84> <FuncUnit> <Opcode : 'add' 'sub'> <InPorts = 2> <OutPorts = 1>
ST_3 : Operation 114 [1/1] (0.00ns)   --->   "%lshr_ln89_6 = partselect i9 @_ssdm_op_PartSelect.i9.i15.i32.i32, i15 %add_ln89_5, i32 6, i32 14" [bnn.cpp:89]   --->   Operation 114 'partselect' 'lshr_ln89_6' <Predicate = (!icmp_ln79)> <Delay = 0.00>
ST_3 : Operation 115 [1/1] (0.00ns)   --->   "%zext_ln89_3 = zext i9 %lshr_ln89_6" [bnn.cpp:89]   --->   Operation 115 'zext' 'zext_ln89_3' <Predicate = (!icmp_ln79)> <Delay = 0.00>
ST_3 : Operation 116 [1/1] (0.00ns)   --->   "%W2_0_addr_3 = getelementptr i32 %W2_0, i64 0, i64 %zext_ln89_3" [bnn.cpp:89]   --->   Operation 116 'getelementptr' 'W2_0_addr_3' <Predicate = (!icmp_ln79)> <Delay = 0.00>
ST_3 : Operation 117 [2/2] (0.00ns)   --->   "%W2_0_load_3 = load i9 %W2_0_addr_3" [bnn.cpp:89]   --->   Operation 117 'load' 'W2_0_load_3' <Predicate = (!icmp_ln79)> <Delay = 0.00> <CoreInst = "RAM">   --->   Core 82 'RAM' <Latency = 1> <II = 1> <Delay = 1.23> <Storage> <Opcode : 'load' 'store'> <Ports = 2> <Width = 32> <Depth = 288> <RAM>
ST_3 : Operation 118 [1/1] (0.00ns)   --->   "%W2_1_addr_3 = getelementptr i32 %W2_1, i64 0, i64 %zext_ln89_3" [bnn.cpp:89]   --->   Operation 118 'getelementptr' 'W2_1_addr_3' <Predicate = (!icmp_ln79)> <Delay = 0.00>
ST_3 : Operation 119 [2/2] (0.00ns)   --->   "%W2_1_load_3 = load i9 %W2_1_addr_3" [bnn.cpp:89]   --->   Operation 119 'load' 'W2_1_load_3' <Predicate = (!icmp_ln79)> <Delay = 0.00> <CoreInst = "RAM">   --->   Core 82 'RAM' <Latency = 1> <II = 1> <Delay = 1.23> <Storage> <Opcode : 'load' 'store'> <Ports = 2> <Width = 32> <Depth = 288> <RAM>
ST_3 : Operation 120 [1/1] (0.00ns)   --->   "%tmp_19 = bitselect i1 @_ssdm_op_BitSelect.i1.i15.i32, i15 %add_ln89_5, i32 5" [bnn.cpp:89]   --->   Operation 120 'bitselect' 'tmp_19' <Predicate = (!icmp_ln79)> <Delay = 0.00>
ST_3 : Operation 121 [8/9] (1.06ns)   --->   "%urem_ln94 = urem i5 %add_ln94, i5 5" [bnn.cpp:94]   --->   Operation 121 'urem' 'urem_ln94' <Predicate = (!icmp_ln79)> <Delay = 1.06> <CoreInst = "Divider">   --->   Core 6 'Divider' <Latency = 8> <II = 1> <Delay = 1.06> <FuncUnit> <Opcode : 'udiv' 'sdiv' 'urem' 'srem'> <InPorts = 2> <OutPorts = 1>

State 4 <SV = 3> <Delay = 2.17>
ST_4 : Operation 122 [1/1] (0.00ns)   --->   "%zext_ln82 = zext i2 %lshr_ln88_1" [bnn.cpp:82]   --->   Operation 122 'zext' 'zext_ln82' <Predicate = (!icmp_ln79)> <Delay = 0.00>
ST_4 : Operation 123 [1/2] ( I:0.00ns O:0.00ns )   --->   "%W2_0_load_2 = load i9 %W2_0_addr_2" [bnn.cpp:89]   --->   Operation 123 'load' 'W2_0_load_2' <Predicate = (!icmp_ln79)> <Delay = 0.00> <CoreInst = "RAM">   --->   Core 82 'RAM' <Latency = 1> <II = 1> <Delay = 1.23> <Storage> <Opcode : 'load' 'store'> <Ports = 2> <Width = 32> <Depth = 288> <RAM>
ST_4 : Operation 124 [1/2] ( I:0.00ns O:0.00ns )   --->   "%W2_1_load_2 = load i9 %W2_1_addr_2" [bnn.cpp:89]   --->   Operation 124 'load' 'W2_1_load_2' <Predicate = (!icmp_ln79)> <Delay = 0.00> <CoreInst = "RAM">   --->   Core 82 'RAM' <Latency = 1> <II = 1> <Delay = 1.23> <Storage> <Opcode : 'load' 'store'> <Ports = 2> <Width = 32> <Depth = 288> <RAM>
ST_4 : Operation 125 [1/1] (0.44ns)   --->   "%select_ln89_2 = select i1 %tmp_18, i32 %W2_1_load_2, i32 %W2_0_load_2" [bnn.cpp:89]   --->   Operation 125 'select' 'select_ln89_2' <Predicate = (!icmp_ln79)> <Delay = 0.44> <CoreInst = "Sel">   --->   Core 73 'Sel' <Latency = 0> <II = 1> <Delay = 0.44> <FuncUnit> <Opcode : 'select'> <InPorts = 3> <OutPorts = 1>
ST_4 : Operation 126 [1/1] (0.78ns)   --->   "%add_ln89_4 = add i5 %trunc_ln89, i5 2" [bnn.cpp:89]   --->   Operation 126 'add' 'add_ln89_4' <Predicate = (!icmp_ln79)> <Delay = 0.78> <CoreInst = "Adder">   --->   Core 1 'Adder' <Latency = 0> <II = 1> <Delay = 0.78> <FuncUnit> <Opcode : 'add' 'sub'> <InPorts = 2> <OutPorts = 1>
ST_4 : Operation 127 [1/1] (0.00ns)   --->   "%zext_ln89_12 = zext i5 %add_ln89_4" [bnn.cpp:89]   --->   Operation 127 'zext' 'zext_ln89_12' <Predicate = (!icmp_ln79)> <Delay = 0.00>
ST_4 : Operation 128 [1/1] (1.38ns)   --->   "%lshr_ln89_3 = lshr i32 %select_ln89_2, i32 %zext_ln89_12" [bnn.cpp:89]   --->   Operation 128 'lshr' 'lshr_ln89_3' <Predicate = (!icmp_ln79)> <Delay = 1.38> <CoreInst = "Shifter">   --->   Core 75 'Shifter' <Latency = 0> <II = 1> <Delay = 1.38> <FuncUnit> <Opcode : 'shl' 'lshr' 'ashr'> <InPorts = 2> <OutPorts = 1>
ST_4 : Operation 129 [1/2] ( I:0.00ns O:0.00ns )   --->   "%W2_0_load_3 = load i9 %W2_0_addr_3" [bnn.cpp:89]   --->   Operation 129 'load' 'W2_0_load_3' <Predicate = (!icmp_ln79)> <Delay = 0.00> <CoreInst = "RAM">   --->   Core 82 'RAM' <Latency = 1> <II = 1> <Delay = 1.23> <Storage> <Opcode : 'load' 'store'> <Ports = 2> <Width = 32> <Depth = 288> <RAM>
ST_4 : Operation 130 [1/2] ( I:0.00ns O:0.00ns )   --->   "%W2_1_load_3 = load i9 %W2_1_addr_3" [bnn.cpp:89]   --->   Operation 130 'load' 'W2_1_load_3' <Predicate = (!icmp_ln79)> <Delay = 0.00> <CoreInst = "RAM">   --->   Core 82 'RAM' <Latency = 1> <II = 1> <Delay = 1.23> <Storage> <Opcode : 'load' 'store'> <Ports = 2> <Width = 32> <Depth = 288> <RAM>
ST_4 : Operation 131 [1/1] (0.44ns)   --->   "%select_ln89_3 = select i1 %tmp_19, i32 %W2_1_load_3, i32 %W2_0_load_3" [bnn.cpp:89]   --->   Operation 131 'select' 'select_ln89_3' <Predicate = (!icmp_ln79)> <Delay = 0.44> <CoreInst = "Sel">   --->   Core 73 'Sel' <Latency = 0> <II = 1> <Delay = 0.44> <FuncUnit> <Opcode : 'select'> <InPorts = 3> <OutPorts = 1>
ST_4 : Operation 132 [1/1] (0.78ns)   --->   "%add_ln89_6 = add i5 %trunc_ln89, i5 3" [bnn.cpp:89]   --->   Operation 132 'add' 'add_ln89_6' <Predicate = (!icmp_ln79)> <Delay = 0.78> <CoreInst = "Adder">   --->   Core 1 'Adder' <Latency = 0> <II = 1> <Delay = 0.78> <FuncUnit> <Opcode : 'add' 'sub'> <InPorts = 2> <OutPorts = 1>
ST_4 : Operation 133 [1/1] (0.00ns)   --->   "%zext_ln89_13 = zext i5 %add_ln89_6" [bnn.cpp:89]   --->   Operation 133 'zext' 'zext_ln89_13' <Predicate = (!icmp_ln79)> <Delay = 0.00>
ST_4 : Operation 134 [1/1] (1.38ns)   --->   "%lshr_ln89_5 = lshr i32 %select_ln89_3, i32 %zext_ln89_13" [bnn.cpp:89]   --->   Operation 134 'lshr' 'lshr_ln89_5' <Predicate = (!icmp_ln79)> <Delay = 1.38> <CoreInst = "Shifter">   --->   Core 75 'Shifter' <Latency = 0> <II = 1> <Delay = 1.38> <FuncUnit> <Opcode : 'shl' 'lshr' 'ashr'> <InPorts = 2> <OutPorts = 1>
ST_4 : Operation 135 [1/1] (0.00ns)   --->   "%add_ln88_9 = bitconcatenate i10 @_ssdm_op_BitConcatenate.i10.i5.i4.i1, i5 %trunc_ln88, i4 %trunc_ln94, i1 0" [bnn.cpp:88]   --->   Operation 135 'bitconcatenate' 'add_ln88_9' <Predicate = (!icmp_ln79 & !tmp_10)> <Delay = 0.00>
ST_4 : Operation 136 [1/1] (0.00ns)   --->   "%add_ln88_s = bitconcatenate i10 @_ssdm_op_BitConcatenate.i10.i5.i4.i1, i5 %trunc_ln88, i4 %trunc_ln94, i1 %tmp_14" [bnn.cpp:88]   --->   Operation 136 'bitconcatenate' 'add_ln88_s' <Predicate = (!icmp_ln79)> <Delay = 0.00>
ST_4 : Operation 137 [1/1] (0.00ns)   --->   "%zext_ln88_5 = zext i10 %add_ln88_s" [bnn.cpp:88]   --->   Operation 137 'zext' 'zext_ln88_5' <Predicate = (!icmp_ln79)> <Delay = 0.00>
ST_4 : Operation 138 [1/1] (0.00ns)   --->   "%bnn_top_int_const_unsigned_int_const_int_const_unsigned_int_const_int_co_133 = getelementptr i1 %bnn_top_int_const_unsigned_int_const_int_const_unsigned_int_const_int_co_20, i64 0, i64 %zext_ln88_5" [bnn.cpp:88]   --->   Operation 138 'getelementptr' 'bnn_top_int_const_unsigned_int_const_int_const_unsigned_int_const_int_co_133' <Predicate = (!icmp_ln79 & trunc_ln80 == 0)> <Delay = 0.00>
ST_4 : Operation 139 [1/1] (0.00ns)   --->   "%bnn_top_int_const_unsigned_int_const_int_const_unsigned_int_const_int_co_134 = getelementptr i1 %bnn_top_int_const_unsigned_int_const_int_const_unsigned_int_const_int_co_19, i64 0, i64 %zext_ln88_5" [bnn.cpp:88]   --->   Operation 139 'getelementptr' 'bnn_top_int_const_unsigned_int_const_int_const_unsigned_int_const_int_co_134' <Predicate = (!icmp_ln79 & trunc_ln80 == 1)> <Delay = 0.00>
ST_4 : Operation 140 [1/1] (0.00ns)   --->   "%bnn_top_int_const_unsigned_int_const_int_const_unsigned_int_const_int_co_135 = getelementptr i1 %bnn_top_int_const_unsigned_int_const_int_const_unsigned_int_const_int_co_18, i64 0, i64 %zext_ln88_5" [bnn.cpp:88]   --->   Operation 140 'getelementptr' 'bnn_top_int_const_unsigned_int_const_int_const_unsigned_int_const_int_co_135' <Predicate = (!icmp_ln79 & trunc_ln80 == 2)> <Delay = 0.00>
ST_4 : Operation 141 [1/1] (0.00ns)   --->   "%bnn_top_int_const_unsigned_int_const_int_const_unsigned_int_const_int_co_136 = getelementptr i1 %bnn_top_int_const_unsigned_int_const_int_const_unsigned_int_const_int_co_17, i64 0, i64 %zext_ln88_5" [bnn.cpp:88]   --->   Operation 141 'getelementptr' 'bnn_top_int_const_unsigned_int_const_int_const_unsigned_int_const_int_co_136' <Predicate = (!icmp_ln79 & trunc_ln80 == 3)> <Delay = 0.00>
ST_4 : Operation 142 [1/1] (0.00ns)   --->   "%bnn_top_int_const_unsigned_int_const_int_const_unsigned_int_const_int_co_137 = getelementptr i1 %bnn_top_int_const_unsigned_int_const_int_const_unsigned_int_const_int_co_16, i64 0, i64 %zext_ln88_5" [bnn.cpp:88]   --->   Operation 142 'getelementptr' 'bnn_top_int_const_unsigned_int_const_int_const_unsigned_int_const_int_co_137' <Predicate = (!icmp_ln79 & trunc_ln80 == 4)> <Delay = 0.00>
ST_4 : Operation 143 [1/1] (0.00ns)   --->   "%bnn_top_int_const_unsigned_int_const_int_const_unsigned_int_const_int_co_138 = getelementptr i1 %bnn_top_int_const_unsigned_int_const_int_const_unsigned_int_const_int_co_15, i64 0, i64 %zext_ln88_5" [bnn.cpp:88]   --->   Operation 143 'getelementptr' 'bnn_top_int_const_unsigned_int_const_int_const_unsigned_int_const_int_co_138' <Predicate = (!icmp_ln79 & trunc_ln80 == 5)> <Delay = 0.00>
ST_4 : Operation 144 [1/1] (0.00ns)   --->   "%bnn_top_int_const_unsigned_int_const_int_const_unsigned_int_const_int_co_139 = getelementptr i1 %bnn_top_int_const_unsigned_int_const_int_const_unsigned_int_const_int_co_14, i64 0, i64 %zext_ln88_5" [bnn.cpp:88]   --->   Operation 144 'getelementptr' 'bnn_top_int_const_unsigned_int_const_int_const_unsigned_int_const_int_co_139' <Predicate = (!icmp_ln79 & trunc_ln80 == 6)> <Delay = 0.00>
ST_4 : Operation 145 [1/1] (0.00ns)   --->   "%bnn_top_int_const_unsigned_int_const_int_const_unsigned_int_const_int_co_140 = getelementptr i1 %bnn_top_int_const_unsigned_int_const_int_const_unsigned_int_const_int_co_13, i64 0, i64 %zext_ln88_5" [bnn.cpp:88]   --->   Operation 145 'getelementptr' 'bnn_top_int_const_unsigned_int_const_int_const_unsigned_int_const_int_co_140' <Predicate = (!icmp_ln79 & trunc_ln80 == 7)> <Delay = 0.00>
ST_4 : Operation 146 [2/2] (1.23ns)   --->   "%bnn_top_int_const_unsigned_int_const_int_const_unsigned_int_const_int_co_141 = load i10 %bnn_top_int_const_unsigned_int_const_int_const_unsigned_int_const_int_co_133" [bnn.cpp:88]   --->   Operation 146 'load' 'bnn_top_int_const_unsigned_int_const_int_const_unsigned_int_const_int_co_141' <Predicate = (!icmp_ln79 & trunc_ln80 == 0)> <Delay = 1.23> <CoreInst = "RAM">   --->   Core 82 'RAM' <Latency = 1> <II = 1> <Delay = 1.23> <Storage> <Opcode : 'load' 'store'> <Ports = 2> <Width = 1> <Depth = 1024> <RAM>
ST_4 : Operation 147 [2/2] (1.23ns)   --->   "%bnn_top_int_const_unsigned_int_const_int_const_unsigned_int_const_int_co_142 = load i10 %bnn_top_int_const_unsigned_int_const_int_const_unsigned_int_const_int_co_134" [bnn.cpp:88]   --->   Operation 147 'load' 'bnn_top_int_const_unsigned_int_const_int_const_unsigned_int_const_int_co_142' <Predicate = (!icmp_ln79 & trunc_ln80 == 1)> <Delay = 1.23> <CoreInst = "RAM">   --->   Core 82 'RAM' <Latency = 1> <II = 1> <Delay = 1.23> <Storage> <Opcode : 'load' 'store'> <Ports = 2> <Width = 1> <Depth = 1024> <RAM>
ST_4 : Operation 148 [2/2] (1.23ns)   --->   "%bnn_top_int_const_unsigned_int_const_int_const_unsigned_int_const_int_co_143 = load i10 %bnn_top_int_const_unsigned_int_const_int_const_unsigned_int_const_int_co_135" [bnn.cpp:88]   --->   Operation 148 'load' 'bnn_top_int_const_unsigned_int_const_int_const_unsigned_int_const_int_co_143' <Predicate = (!icmp_ln79 & trunc_ln80 == 2)> <Delay = 1.23> <CoreInst = "RAM">   --->   Core 82 'RAM' <Latency = 1> <II = 1> <Delay = 1.23> <Storage> <Opcode : 'load' 'store'> <Ports = 2> <Width = 1> <Depth = 1024> <RAM>
ST_4 : Operation 149 [2/2] (1.23ns)   --->   "%bnn_top_int_const_unsigned_int_const_int_const_unsigned_int_const_int_co_144 = load i10 %bnn_top_int_const_unsigned_int_const_int_const_unsigned_int_const_int_co_136" [bnn.cpp:88]   --->   Operation 149 'load' 'bnn_top_int_const_unsigned_int_const_int_const_unsigned_int_const_int_co_144' <Predicate = (!icmp_ln79 & trunc_ln80 == 3)> <Delay = 1.23> <CoreInst = "RAM">   --->   Core 82 'RAM' <Latency = 1> <II = 1> <Delay = 1.23> <Storage> <Opcode : 'load' 'store'> <Ports = 2> <Width = 1> <Depth = 1024> <RAM>
ST_4 : Operation 150 [2/2] (1.23ns)   --->   "%bnn_top_int_const_unsigned_int_const_int_const_unsigned_int_const_int_co_145 = load i10 %bnn_top_int_const_unsigned_int_const_int_const_unsigned_int_const_int_co_137" [bnn.cpp:88]   --->   Operation 150 'load' 'bnn_top_int_const_unsigned_int_const_int_const_unsigned_int_const_int_co_145' <Predicate = (!icmp_ln79 & trunc_ln80 == 4)> <Delay = 1.23> <CoreInst = "RAM">   --->   Core 82 'RAM' <Latency = 1> <II = 1> <Delay = 1.23> <Storage> <Opcode : 'load' 'store'> <Ports = 2> <Width = 1> <Depth = 1024> <RAM>
ST_4 : Operation 151 [2/2] (1.23ns)   --->   "%bnn_top_int_const_unsigned_int_const_int_const_unsigned_int_const_int_co_146 = load i10 %bnn_top_int_const_unsigned_int_const_int_const_unsigned_int_const_int_co_138" [bnn.cpp:88]   --->   Operation 151 'load' 'bnn_top_int_const_unsigned_int_const_int_const_unsigned_int_const_int_co_146' <Predicate = (!icmp_ln79 & trunc_ln80 == 5)> <Delay = 1.23> <CoreInst = "RAM">   --->   Core 82 'RAM' <Latency = 1> <II = 1> <Delay = 1.23> <Storage> <Opcode : 'load' 'store'> <Ports = 2> <Width = 1> <Depth = 1024> <RAM>
ST_4 : Operation 152 [2/2] (1.23ns)   --->   "%bnn_top_int_const_unsigned_int_const_int_const_unsigned_int_const_int_co_147 = load i10 %bnn_top_int_const_unsigned_int_const_int_const_unsigned_int_const_int_co_139" [bnn.cpp:88]   --->   Operation 152 'load' 'bnn_top_int_const_unsigned_int_const_int_const_unsigned_int_const_int_co_147' <Predicate = (!icmp_ln79 & trunc_ln80 == 6)> <Delay = 1.23> <CoreInst = "RAM">   --->   Core 82 'RAM' <Latency = 1> <II = 1> <Delay = 1.23> <Storage> <Opcode : 'load' 'store'> <Ports = 2> <Width = 1> <Depth = 1024> <RAM>
ST_4 : Operation 153 [2/2] (1.23ns)   --->   "%bnn_top_int_const_unsigned_int_const_int_const_unsigned_int_const_int_co_148 = load i10 %bnn_top_int_const_unsigned_int_const_int_const_unsigned_int_const_int_co_140" [bnn.cpp:88]   --->   Operation 153 'load' 'bnn_top_int_const_unsigned_int_const_int_const_unsigned_int_const_int_co_148' <Predicate = (!icmp_ln79 & trunc_ln80 == 7)> <Delay = 1.23> <CoreInst = "RAM">   --->   Core 82 'RAM' <Latency = 1> <II = 1> <Delay = 1.23> <Storage> <Opcode : 'load' 'store'> <Ports = 2> <Width = 1> <Depth = 1024> <RAM>
ST_4 : Operation 154 [1/1] (0.84ns)   --->   "%add_ln89_7 = add i15 %add_ln89, i15 4" [bnn.cpp:89]   --->   Operation 154 'add' 'add_ln89_7' <Predicate = (!icmp_ln79)> <Delay = 0.84> <CoreInst = "Adder">   --->   Core 1 'Adder' <Latency = 0> <II = 1> <Delay = 0.84> <FuncUnit> <Opcode : 'add' 'sub'> <InPorts = 2> <OutPorts = 1>
ST_4 : Operation 155 [1/1] (0.00ns)   --->   "%lshr_ln89_8 = partselect i9 @_ssdm_op_PartSelect.i9.i15.i32.i32, i15 %add_ln89_7, i32 6, i32 14" [bnn.cpp:89]   --->   Operation 155 'partselect' 'lshr_ln89_8' <Predicate = (!icmp_ln79)> <Delay = 0.00>
ST_4 : Operation 156 [1/1] (0.00ns)   --->   "%zext_ln89_4 = zext i9 %lshr_ln89_8" [bnn.cpp:89]   --->   Operation 156 'zext' 'zext_ln89_4' <Predicate = (!icmp_ln79)> <Delay = 0.00>
ST_4 : Operation 157 [1/1] (0.00ns)   --->   "%W2_0_addr_4 = getelementptr i32 %W2_0, i64 0, i64 %zext_ln89_4" [bnn.cpp:89]   --->   Operation 157 'getelementptr' 'W2_0_addr_4' <Predicate = (!icmp_ln79)> <Delay = 0.00>
ST_4 : Operation 158 [2/2] (0.00ns)   --->   "%W2_0_load_4 = load i9 %W2_0_addr_4" [bnn.cpp:89]   --->   Operation 158 'load' 'W2_0_load_4' <Predicate = (!icmp_ln79)> <Delay = 0.00> <CoreInst = "RAM">   --->   Core 82 'RAM' <Latency = 1> <II = 1> <Delay = 1.23> <Storage> <Opcode : 'load' 'store'> <Ports = 2> <Width = 32> <Depth = 288> <RAM>
ST_4 : Operation 159 [1/1] (0.00ns)   --->   "%W2_1_addr_4 = getelementptr i32 %W2_1, i64 0, i64 %zext_ln89_4" [bnn.cpp:89]   --->   Operation 159 'getelementptr' 'W2_1_addr_4' <Predicate = (!icmp_ln79)> <Delay = 0.00>
ST_4 : Operation 160 [2/2] (0.00ns)   --->   "%W2_1_load_4 = load i9 %W2_1_addr_4" [bnn.cpp:89]   --->   Operation 160 'load' 'W2_1_load_4' <Predicate = (!icmp_ln79)> <Delay = 0.00> <CoreInst = "RAM">   --->   Core 82 'RAM' <Latency = 1> <II = 1> <Delay = 1.23> <Storage> <Opcode : 'load' 'store'> <Ports = 2> <Width = 32> <Depth = 288> <RAM>
ST_4 : Operation 161 [1/1] (0.00ns)   --->   "%tmp_20 = bitselect i1 @_ssdm_op_BitSelect.i1.i15.i32, i15 %add_ln89_7, i32 5" [bnn.cpp:89]   --->   Operation 161 'bitselect' 'tmp_20' <Predicate = (!icmp_ln79)> <Delay = 0.00>
ST_4 : Operation 162 [1/1] (0.78ns)   --->   "%add_ln88_7 = add i10 %add_ln88_9, i10 %zext_ln82" [bnn.cpp:88]   --->   Operation 162 'add' 'add_ln88_7' <Predicate = (!icmp_ln79 & !tmp_10)> <Delay = 0.78> <CoreInst = "Adder">   --->   Core 1 'Adder' <Latency = 0> <II = 1> <Delay = 0.78> <FuncUnit> <Opcode : 'add' 'sub'> <InPorts = 2> <OutPorts = 1>
ST_4 : Operation 163 [1/1] (0.00ns)   --->   "%zext_ln88_6 = zext i10 %add_ln88_7" [bnn.cpp:88]   --->   Operation 163 'zext' 'zext_ln88_6' <Predicate = (!icmp_ln79 & !tmp_10)> <Delay = 0.00>
ST_4 : Operation 164 [1/1] (0.00ns)   --->   "%bnn_top_int_const_unsigned_int_const_int_const_unsigned_int_const_int_co_149 = getelementptr i1 %bnn_top_int_const_unsigned_int_const_int_const_unsigned_int_const_int_co_20, i64 0, i64 %zext_ln88_6" [bnn.cpp:88]   --->   Operation 164 'getelementptr' 'bnn_top_int_const_unsigned_int_const_int_const_unsigned_int_const_int_co_149' <Predicate = (!icmp_ln79 & !tmp_10 & trunc_ln80 == 7)> <Delay = 0.00>
ST_4 : Operation 165 [1/1] (0.00ns)   --->   "%bnn_top_int_const_unsigned_int_const_int_const_unsigned_int_const_int_co_150 = getelementptr i1 %bnn_top_int_const_unsigned_int_const_int_const_unsigned_int_const_int_co_19, i64 0, i64 %zext_ln88_6" [bnn.cpp:88]   --->   Operation 165 'getelementptr' 'bnn_top_int_const_unsigned_int_const_int_const_unsigned_int_const_int_co_150' <Predicate = (!icmp_ln79 & !tmp_10 & trunc_ln80 == 0)> <Delay = 0.00>
ST_4 : Operation 166 [1/1] (0.00ns)   --->   "%bnn_top_int_const_unsigned_int_const_int_const_unsigned_int_const_int_co_151 = getelementptr i1 %bnn_top_int_const_unsigned_int_const_int_const_unsigned_int_const_int_co_18, i64 0, i64 %zext_ln88_6" [bnn.cpp:88]   --->   Operation 166 'getelementptr' 'bnn_top_int_const_unsigned_int_const_int_const_unsigned_int_const_int_co_151' <Predicate = (!icmp_ln79 & !tmp_10 & trunc_ln80 == 1)> <Delay = 0.00>
ST_4 : Operation 167 [1/1] (0.00ns)   --->   "%bnn_top_int_const_unsigned_int_const_int_const_unsigned_int_const_int_co_152 = getelementptr i1 %bnn_top_int_const_unsigned_int_const_int_const_unsigned_int_const_int_co_17, i64 0, i64 %zext_ln88_6" [bnn.cpp:88]   --->   Operation 167 'getelementptr' 'bnn_top_int_const_unsigned_int_const_int_const_unsigned_int_const_int_co_152' <Predicate = (!icmp_ln79 & !tmp_10 & trunc_ln80 == 2)> <Delay = 0.00>
ST_4 : Operation 168 [1/1] (0.00ns)   --->   "%bnn_top_int_const_unsigned_int_const_int_const_unsigned_int_const_int_co_153 = getelementptr i1 %bnn_top_int_const_unsigned_int_const_int_const_unsigned_int_const_int_co_16, i64 0, i64 %zext_ln88_6" [bnn.cpp:88]   --->   Operation 168 'getelementptr' 'bnn_top_int_const_unsigned_int_const_int_const_unsigned_int_const_int_co_153' <Predicate = (!icmp_ln79 & !tmp_10 & trunc_ln80 == 3)> <Delay = 0.00>
ST_4 : Operation 169 [1/1] (0.00ns)   --->   "%bnn_top_int_const_unsigned_int_const_int_const_unsigned_int_const_int_co_154 = getelementptr i1 %bnn_top_int_const_unsigned_int_const_int_const_unsigned_int_const_int_co_15, i64 0, i64 %zext_ln88_6" [bnn.cpp:88]   --->   Operation 169 'getelementptr' 'bnn_top_int_const_unsigned_int_const_int_const_unsigned_int_const_int_co_154' <Predicate = (!icmp_ln79 & !tmp_10 & trunc_ln80 == 4)> <Delay = 0.00>
ST_4 : Operation 170 [1/1] (0.00ns)   --->   "%bnn_top_int_const_unsigned_int_const_int_const_unsigned_int_const_int_co_155 = getelementptr i1 %bnn_top_int_const_unsigned_int_const_int_const_unsigned_int_const_int_co_14, i64 0, i64 %zext_ln88_6" [bnn.cpp:88]   --->   Operation 170 'getelementptr' 'bnn_top_int_const_unsigned_int_const_int_const_unsigned_int_const_int_co_155' <Predicate = (!icmp_ln79 & !tmp_10 & trunc_ln80 == 5)> <Delay = 0.00>
ST_4 : Operation 171 [1/1] (0.00ns)   --->   "%bnn_top_int_const_unsigned_int_const_int_const_unsigned_int_const_int_co_156 = getelementptr i1 %bnn_top_int_const_unsigned_int_const_int_const_unsigned_int_const_int_co_13, i64 0, i64 %zext_ln88_6" [bnn.cpp:88]   --->   Operation 171 'getelementptr' 'bnn_top_int_const_unsigned_int_const_int_const_unsigned_int_const_int_co_156' <Predicate = (!icmp_ln79 & !tmp_10 & trunc_ln80 == 6)> <Delay = 0.00>
ST_4 : Operation 172 [2/2] (1.23ns)   --->   "%bnn_top_int_const_unsigned_int_const_int_const_unsigned_int_const_int_co_157 = load i10 %bnn_top_int_const_unsigned_int_const_int_const_unsigned_int_const_int_co_149" [bnn.cpp:88]   --->   Operation 172 'load' 'bnn_top_int_const_unsigned_int_const_int_const_unsigned_int_const_int_co_157' <Predicate = (!icmp_ln79 & !tmp_10 & trunc_ln80 == 7)> <Delay = 1.23> <CoreInst = "RAM">   --->   Core 82 'RAM' <Latency = 1> <II = 1> <Delay = 1.23> <Storage> <Opcode : 'load' 'store'> <Ports = 2> <Width = 1> <Depth = 1024> <RAM>
ST_4 : Operation 173 [2/2] (1.23ns)   --->   "%bnn_top_int_const_unsigned_int_const_int_const_unsigned_int_const_int_co_158 = load i10 %bnn_top_int_const_unsigned_int_const_int_const_unsigned_int_const_int_co_150" [bnn.cpp:88]   --->   Operation 173 'load' 'bnn_top_int_const_unsigned_int_const_int_const_unsigned_int_const_int_co_158' <Predicate = (!icmp_ln79 & !tmp_10 & trunc_ln80 == 0)> <Delay = 1.23> <CoreInst = "RAM">   --->   Core 82 'RAM' <Latency = 1> <II = 1> <Delay = 1.23> <Storage> <Opcode : 'load' 'store'> <Ports = 2> <Width = 1> <Depth = 1024> <RAM>
ST_4 : Operation 174 [2/2] (1.23ns)   --->   "%bnn_top_int_const_unsigned_int_const_int_const_unsigned_int_const_int_co_159 = load i10 %bnn_top_int_const_unsigned_int_const_int_const_unsigned_int_const_int_co_151" [bnn.cpp:88]   --->   Operation 174 'load' 'bnn_top_int_const_unsigned_int_const_int_const_unsigned_int_const_int_co_159' <Predicate = (!icmp_ln79 & !tmp_10 & trunc_ln80 == 1)> <Delay = 1.23> <CoreInst = "RAM">   --->   Core 82 'RAM' <Latency = 1> <II = 1> <Delay = 1.23> <Storage> <Opcode : 'load' 'store'> <Ports = 2> <Width = 1> <Depth = 1024> <RAM>
ST_4 : Operation 175 [2/2] (1.23ns)   --->   "%bnn_top_int_const_unsigned_int_const_int_const_unsigned_int_const_int_co_160 = load i10 %bnn_top_int_const_unsigned_int_const_int_const_unsigned_int_const_int_co_152" [bnn.cpp:88]   --->   Operation 175 'load' 'bnn_top_int_const_unsigned_int_const_int_const_unsigned_int_const_int_co_160' <Predicate = (!icmp_ln79 & !tmp_10 & trunc_ln80 == 2)> <Delay = 1.23> <CoreInst = "RAM">   --->   Core 82 'RAM' <Latency = 1> <II = 1> <Delay = 1.23> <Storage> <Opcode : 'load' 'store'> <Ports = 2> <Width = 1> <Depth = 1024> <RAM>
ST_4 : Operation 176 [2/2] (1.23ns)   --->   "%bnn_top_int_const_unsigned_int_const_int_const_unsigned_int_const_int_co_161 = load i10 %bnn_top_int_const_unsigned_int_const_int_const_unsigned_int_const_int_co_153" [bnn.cpp:88]   --->   Operation 176 'load' 'bnn_top_int_const_unsigned_int_const_int_const_unsigned_int_const_int_co_161' <Predicate = (!icmp_ln79 & !tmp_10 & trunc_ln80 == 3)> <Delay = 1.23> <CoreInst = "RAM">   --->   Core 82 'RAM' <Latency = 1> <II = 1> <Delay = 1.23> <Storage> <Opcode : 'load' 'store'> <Ports = 2> <Width = 1> <Depth = 1024> <RAM>
ST_4 : Operation 177 [2/2] (1.23ns)   --->   "%bnn_top_int_const_unsigned_int_const_int_const_unsigned_int_const_int_co_162 = load i10 %bnn_top_int_const_unsigned_int_const_int_const_unsigned_int_const_int_co_154" [bnn.cpp:88]   --->   Operation 177 'load' 'bnn_top_int_const_unsigned_int_const_int_const_unsigned_int_const_int_co_162' <Predicate = (!icmp_ln79 & !tmp_10 & trunc_ln80 == 4)> <Delay = 1.23> <CoreInst = "RAM">   --->   Core 82 'RAM' <Latency = 1> <II = 1> <Delay = 1.23> <Storage> <Opcode : 'load' 'store'> <Ports = 2> <Width = 1> <Depth = 1024> <RAM>
ST_4 : Operation 178 [2/2] (1.23ns)   --->   "%bnn_top_int_const_unsigned_int_const_int_const_unsigned_int_const_int_co_163 = load i10 %bnn_top_int_const_unsigned_int_const_int_const_unsigned_int_const_int_co_155" [bnn.cpp:88]   --->   Operation 178 'load' 'bnn_top_int_const_unsigned_int_const_int_const_unsigned_int_const_int_co_163' <Predicate = (!icmp_ln79 & !tmp_10 & trunc_ln80 == 5)> <Delay = 1.23> <CoreInst = "RAM">   --->   Core 82 'RAM' <Latency = 1> <II = 1> <Delay = 1.23> <Storage> <Opcode : 'load' 'store'> <Ports = 2> <Width = 1> <Depth = 1024> <RAM>
ST_4 : Operation 179 [2/2] (1.23ns)   --->   "%bnn_top_int_const_unsigned_int_const_int_const_unsigned_int_const_int_co_164 = load i10 %bnn_top_int_const_unsigned_int_const_int_const_unsigned_int_const_int_co_156" [bnn.cpp:88]   --->   Operation 179 'load' 'bnn_top_int_const_unsigned_int_const_int_const_unsigned_int_const_int_co_164' <Predicate = (!icmp_ln79 & !tmp_10 & trunc_ln80 == 6)> <Delay = 1.23> <CoreInst = "RAM">   --->   Core 82 'RAM' <Latency = 1> <II = 1> <Delay = 1.23> <Storage> <Opcode : 'load' 'store'> <Ports = 2> <Width = 1> <Depth = 1024> <RAM>
ST_4 : Operation 180 [1/1] (0.84ns)   --->   "%add_ln89_9 = add i15 %add_ln89, i15 5" [bnn.cpp:89]   --->   Operation 180 'add' 'add_ln89_9' <Predicate = (!icmp_ln79 & !tmp_10)> <Delay = 0.84> <CoreInst = "Adder">   --->   Core 1 'Adder' <Latency = 0> <II = 1> <Delay = 0.84> <FuncUnit> <Opcode : 'add' 'sub'> <InPorts = 2> <OutPorts = 1>
ST_4 : Operation 181 [1/1] (0.00ns)   --->   "%lshr_ln89_s = partselect i9 @_ssdm_op_PartSelect.i9.i15.i32.i32, i15 %add_ln89_9, i32 6, i32 14" [bnn.cpp:89]   --->   Operation 181 'partselect' 'lshr_ln89_s' <Predicate = (!icmp_ln79 & !tmp_10)> <Delay = 0.00>
ST_4 : Operation 182 [1/1] (0.00ns)   --->   "%zext_ln89_5 = zext i9 %lshr_ln89_s" [bnn.cpp:89]   --->   Operation 182 'zext' 'zext_ln89_5' <Predicate = (!icmp_ln79 & !tmp_10)> <Delay = 0.00>
ST_4 : Operation 183 [1/1] (0.00ns)   --->   "%W2_0_addr_5 = getelementptr i32 %W2_0, i64 0, i64 %zext_ln89_5" [bnn.cpp:89]   --->   Operation 183 'getelementptr' 'W2_0_addr_5' <Predicate = (!icmp_ln79 & !tmp_10)> <Delay = 0.00>
ST_4 : Operation 184 [2/2] (0.00ns)   --->   "%W2_0_load_5 = load i9 %W2_0_addr_5" [bnn.cpp:89]   --->   Operation 184 'load' 'W2_0_load_5' <Predicate = (!icmp_ln79 & !tmp_10)> <Delay = 0.00> <CoreInst = "RAM">   --->   Core 82 'RAM' <Latency = 1> <II = 1> <Delay = 1.23> <Storage> <Opcode : 'load' 'store'> <Ports = 2> <Width = 32> <Depth = 288> <RAM>
ST_4 : Operation 185 [1/1] (0.00ns)   --->   "%W2_1_addr_5 = getelementptr i32 %W2_1, i64 0, i64 %zext_ln89_5" [bnn.cpp:89]   --->   Operation 185 'getelementptr' 'W2_1_addr_5' <Predicate = (!icmp_ln79 & !tmp_10)> <Delay = 0.00>
ST_4 : Operation 186 [2/2] (0.00ns)   --->   "%W2_1_load_5 = load i9 %W2_1_addr_5" [bnn.cpp:89]   --->   Operation 186 'load' 'W2_1_load_5' <Predicate = (!icmp_ln79 & !tmp_10)> <Delay = 0.00> <CoreInst = "RAM">   --->   Core 82 'RAM' <Latency = 1> <II = 1> <Delay = 1.23> <Storage> <Opcode : 'load' 'store'> <Ports = 2> <Width = 32> <Depth = 288> <RAM>
ST_4 : Operation 187 [1/1] (0.00ns)   --->   "%tmp_21 = bitselect i1 @_ssdm_op_BitSelect.i1.i15.i32, i15 %add_ln89_9, i32 5" [bnn.cpp:89]   --->   Operation 187 'bitselect' 'tmp_21' <Predicate = (!icmp_ln79 & !tmp_10)> <Delay = 0.00>
ST_4 : Operation 188 [7/9] (1.06ns)   --->   "%urem_ln94 = urem i5 %add_ln94, i5 5" [bnn.cpp:94]   --->   Operation 188 'urem' 'urem_ln94' <Predicate = (!icmp_ln79)> <Delay = 1.06> <CoreInst = "Divider">   --->   Core 6 'Divider' <Latency = 8> <II = 1> <Delay = 1.06> <FuncUnit> <Opcode : 'udiv' 'sdiv' 'urem' 'srem'> <InPorts = 2> <OutPorts = 1>

State 5 <SV = 4> <Delay = 3.61>
ST_5 : Operation 189 [1/1] (0.00ns)   --->   "%zext_ln87 = zext i5 %select_ln79_3" [bnn.cpp:87]   --->   Operation 189 'zext' 'zext_ln87' <Predicate = (!icmp_ln79)> <Delay = 0.00>
ST_5 : Operation 190 [1/1] (0.00ns)   --->   "%shl_ln3 = bitconcatenate i8 @_ssdm_op_BitConcatenate.i8.i4.i4, i4 %trunc_ln94, i4 0" [bnn.cpp:94]   --->   Operation 190 'bitconcatenate' 'shl_ln3' <Predicate = (!icmp_ln79)> <Delay = 0.00>
ST_5 : Operation 191 [1/1] (0.00ns)   --->   "%zext_ln86 = zext i8 %shl_ln3" [bnn.cpp:86]   --->   Operation 191 'zext' 'zext_ln86' <Predicate = (!icmp_ln79)> <Delay = 0.00>
ST_5 : Operation 192 [1/1] (0.00ns) (grouped into LUT with out node add_ln88)   --->   "%shl_ln88 = shl i5 %select_ln79_3, i5 1" [bnn.cpp:88]   --->   Operation 192 'shl' 'shl_ln88' <Predicate = (!icmp_ln79)> <Delay = 0.00>
ST_5 : Operation 193 [1/1] (0.00ns) (grouped into LUT with out node add_ln88)   --->   "%zext_ln88 = zext i5 %shl_ln88" [bnn.cpp:88]   --->   Operation 193 'zext' 'zext_ln88' <Predicate = (!icmp_ln79)> <Delay = 0.00>
ST_5 : Operation 194 [1/1] (0.78ns) (out node of the LUT)   --->   "%add_ln88 = add i6 %zext_ln88, i6 2" [bnn.cpp:88]   --->   Operation 194 'add' 'add_ln88' <Predicate = (!icmp_ln79)> <Delay = 0.78> <CoreInst = "Adder">   --->   Core 1 'Adder' <Latency = 0> <II = 1> <Delay = 0.78> <FuncUnit> <Opcode : 'add' 'sub'> <InPorts = 2> <OutPorts = 1>
ST_5 : Operation 195 [1/1] (0.00ns)   --->   "%zext_ln94 = zext i6 %add_ln88" [bnn.cpp:94]   --->   Operation 195 'zext' 'zext_ln94' <Predicate = (!icmp_ln79)> <Delay = 0.00>
ST_5 : Operation 196 [1/1] (0.00ns) (grouped into TernaryAdder)   --->   "%sub_ln87 = sub i8 %shl_ln3, i8 %zext_ln87" [bnn.cpp:87]   --->   Operation 196 'sub' 'sub_ln87' <Predicate = (!icmp_ln79)> <Delay = 0.00> <CoreInst = "TAddSub">   --->   Core 10 'TAddSub' <Latency = 0> <II = 1> <Delay = 0.41> <IPBlock> <Opcode : 'add' 'sub'> <InPorts = 3> <OutPorts = 1> <Sync> <CReg>
ST_5 : Operation 197 [1/1] (0.78ns)   --->   "%add_ln86_1 = add i5 %select_ln80, i5 31" [bnn.cpp:86]   --->   Operation 197 'add' 'add_ln86_1' <Predicate = (!icmp_ln79)> <Delay = 0.78> <CoreInst = "Adder">   --->   Core 1 'Adder' <Latency = 0> <II = 1> <Delay = 0.78> <FuncUnit> <Opcode : 'add' 'sub'> <InPorts = 2> <OutPorts = 1>
ST_5 : Operation 198 [1/1] (0.00ns)   --->   "%sext_ln87 = sext i5 %add_ln86_1" [bnn.cpp:87]   --->   Operation 198 'sext' 'sext_ln87' <Predicate = (!icmp_ln79)> <Delay = 0.00>
ST_5 : Operation 199 [1/1] (0.00ns)   --->   "%tmp_9 = bitselect i1 @_ssdm_op_BitSelect.i1.i5.i32, i5 %add_ln86_1, i32 4" [bnn.cpp:87]   --->   Operation 199 'bitselect' 'tmp_9' <Predicate = (!icmp_ln79)> <Delay = 0.00>
ST_5 : Operation 200 [1/1] (0.00ns)   --->   "%shl_ln88_2 = bitconcatenate i10 @_ssdm_op_BitConcatenate.i10.i5.i5, i5 %trunc_ln88, i5 0" [bnn.cpp:88]   --->   Operation 200 'bitconcatenate' 'shl_ln88_2' <Predicate = (!icmp_ln79)> <Delay = 0.00>
ST_5 : Operation 201 [1/2] ( I:1.23ns O:1.23ns )   --->   "%bnn_top_int_const_unsigned_int_const_int_const_unsigned_int_const_int_co_141 = load i10 %bnn_top_int_const_unsigned_int_const_int_const_unsigned_int_const_int_co_133" [bnn.cpp:88]   --->   Operation 201 'load' 'bnn_top_int_const_unsigned_int_const_int_const_unsigned_int_const_int_co_141' <Predicate = (!icmp_ln79 & trunc_ln80 == 0)> <Delay = 1.23> <CoreInst = "RAM">   --->   Core 82 'RAM' <Latency = 1> <II = 1> <Delay = 1.23> <Storage> <Opcode : 'load' 'store'> <Ports = 2> <Width = 1> <Depth = 1024> <RAM>
ST_5 : Operation 202 [1/2] ( I:1.23ns O:1.23ns )   --->   "%bnn_top_int_const_unsigned_int_const_int_const_unsigned_int_const_int_co_142 = load i10 %bnn_top_int_const_unsigned_int_const_int_const_unsigned_int_const_int_co_134" [bnn.cpp:88]   --->   Operation 202 'load' 'bnn_top_int_const_unsigned_int_const_int_const_unsigned_int_const_int_co_142' <Predicate = (!icmp_ln79 & trunc_ln80 == 1)> <Delay = 1.23> <CoreInst = "RAM">   --->   Core 82 'RAM' <Latency = 1> <II = 1> <Delay = 1.23> <Storage> <Opcode : 'load' 'store'> <Ports = 2> <Width = 1> <Depth = 1024> <RAM>
ST_5 : Operation 203 [1/2] ( I:1.23ns O:1.23ns )   --->   "%bnn_top_int_const_unsigned_int_const_int_const_unsigned_int_const_int_co_143 = load i10 %bnn_top_int_const_unsigned_int_const_int_const_unsigned_int_const_int_co_135" [bnn.cpp:88]   --->   Operation 203 'load' 'bnn_top_int_const_unsigned_int_const_int_const_unsigned_int_const_int_co_143' <Predicate = (!icmp_ln79 & trunc_ln80 == 2)> <Delay = 1.23> <CoreInst = "RAM">   --->   Core 82 'RAM' <Latency = 1> <II = 1> <Delay = 1.23> <Storage> <Opcode : 'load' 'store'> <Ports = 2> <Width = 1> <Depth = 1024> <RAM>
ST_5 : Operation 204 [1/2] ( I:1.23ns O:1.23ns )   --->   "%bnn_top_int_const_unsigned_int_const_int_const_unsigned_int_const_int_co_144 = load i10 %bnn_top_int_const_unsigned_int_const_int_const_unsigned_int_const_int_co_136" [bnn.cpp:88]   --->   Operation 204 'load' 'bnn_top_int_const_unsigned_int_const_int_const_unsigned_int_const_int_co_144' <Predicate = (!icmp_ln79 & trunc_ln80 == 3)> <Delay = 1.23> <CoreInst = "RAM">   --->   Core 82 'RAM' <Latency = 1> <II = 1> <Delay = 1.23> <Storage> <Opcode : 'load' 'store'> <Ports = 2> <Width = 1> <Depth = 1024> <RAM>
ST_5 : Operation 205 [1/2] ( I:1.23ns O:1.23ns )   --->   "%bnn_top_int_const_unsigned_int_const_int_const_unsigned_int_const_int_co_145 = load i10 %bnn_top_int_const_unsigned_int_const_int_const_unsigned_int_const_int_co_137" [bnn.cpp:88]   --->   Operation 205 'load' 'bnn_top_int_const_unsigned_int_const_int_const_unsigned_int_const_int_co_145' <Predicate = (!icmp_ln79 & trunc_ln80 == 4)> <Delay = 1.23> <CoreInst = "RAM">   --->   Core 82 'RAM' <Latency = 1> <II = 1> <Delay = 1.23> <Storage> <Opcode : 'load' 'store'> <Ports = 2> <Width = 1> <Depth = 1024> <RAM>
ST_5 : Operation 206 [1/2] ( I:1.23ns O:1.23ns )   --->   "%bnn_top_int_const_unsigned_int_const_int_const_unsigned_int_const_int_co_146 = load i10 %bnn_top_int_const_unsigned_int_const_int_const_unsigned_int_const_int_co_138" [bnn.cpp:88]   --->   Operation 206 'load' 'bnn_top_int_const_unsigned_int_const_int_const_unsigned_int_const_int_co_146' <Predicate = (!icmp_ln79 & trunc_ln80 == 5)> <Delay = 1.23> <CoreInst = "RAM">   --->   Core 82 'RAM' <Latency = 1> <II = 1> <Delay = 1.23> <Storage> <Opcode : 'load' 'store'> <Ports = 2> <Width = 1> <Depth = 1024> <RAM>
ST_5 : Operation 207 [1/2] ( I:1.23ns O:1.23ns )   --->   "%bnn_top_int_const_unsigned_int_const_int_const_unsigned_int_const_int_co_147 = load i10 %bnn_top_int_const_unsigned_int_const_int_const_unsigned_int_const_int_co_139" [bnn.cpp:88]   --->   Operation 207 'load' 'bnn_top_int_const_unsigned_int_const_int_const_unsigned_int_const_int_co_147' <Predicate = (!icmp_ln79 & trunc_ln80 == 6)> <Delay = 1.23> <CoreInst = "RAM">   --->   Core 82 'RAM' <Latency = 1> <II = 1> <Delay = 1.23> <Storage> <Opcode : 'load' 'store'> <Ports = 2> <Width = 1> <Depth = 1024> <RAM>
ST_5 : Operation 208 [1/2] ( I:1.23ns O:1.23ns )   --->   "%bnn_top_int_const_unsigned_int_const_int_const_unsigned_int_const_int_co_148 = load i10 %bnn_top_int_const_unsigned_int_const_int_const_unsigned_int_const_int_co_140" [bnn.cpp:88]   --->   Operation 208 'load' 'bnn_top_int_const_unsigned_int_const_int_const_unsigned_int_const_int_co_148' <Predicate = (!icmp_ln79 & trunc_ln80 == 7)> <Delay = 1.23> <CoreInst = "RAM">   --->   Core 82 'RAM' <Latency = 1> <II = 1> <Delay = 1.23> <Storage> <Opcode : 'load' 'store'> <Ports = 2> <Width = 1> <Depth = 1024> <RAM>
ST_5 : Operation 209 [1/1] (0.72ns)   --->   "%a_4 = sparsemux i1 @_ssdm_op_SparseMux.ap_auto.8i1.i1.i3, i3 0, i1 %bnn_top_int_const_unsigned_int_const_int_const_unsigned_int_const_int_co_141, i3 1, i1 %bnn_top_int_const_unsigned_int_const_int_const_unsigned_int_const_int_co_142, i3 2, i1 %bnn_top_int_const_unsigned_int_const_int_const_unsigned_int_const_int_co_143, i3 3, i1 %bnn_top_int_const_unsigned_int_const_int_const_unsigned_int_const_int_co_144, i3 4, i1 %bnn_top_int_const_unsigned_int_const_int_const_unsigned_int_const_int_co_145, i3 5, i1 %bnn_top_int_const_unsigned_int_const_int_const_unsigned_int_const_int_co_146, i3 6, i1 %bnn_top_int_const_unsigned_int_const_int_const_unsigned_int_const_int_co_147, i3 7, i1 %bnn_top_int_const_unsigned_int_const_int_const_unsigned_int_const_int_co_148, i1 0, i3 %trunc_ln80" [bnn.cpp:88]   --->   Operation 209 'sparsemux' 'a_4' <Predicate = (!icmp_ln79)> <Delay = 0.72> <CoreInst = "BinarySparseMux_DontCare">   --->   Core 149 'BinarySparseMux_DontCare' <Latency = 0> <II = 1> <Delay = 0.72> <FuncUnit> <Opcode : 'sparsemux'> <InPorts = 2> <OutPorts = 1>
ST_5 : Operation 210 [1/2] ( I:0.00ns O:0.00ns )   --->   "%W2_0_load_4 = load i9 %W2_0_addr_4" [bnn.cpp:89]   --->   Operation 210 'load' 'W2_0_load_4' <Predicate = (!icmp_ln79)> <Delay = 0.00> <CoreInst = "RAM">   --->   Core 82 'RAM' <Latency = 1> <II = 1> <Delay = 1.23> <Storage> <Opcode : 'load' 'store'> <Ports = 2> <Width = 32> <Depth = 288> <RAM>
ST_5 : Operation 211 [1/2] ( I:0.00ns O:0.00ns )   --->   "%W2_1_load_4 = load i9 %W2_1_addr_4" [bnn.cpp:89]   --->   Operation 211 'load' 'W2_1_load_4' <Predicate = (!icmp_ln79)> <Delay = 0.00> <CoreInst = "RAM">   --->   Core 82 'RAM' <Latency = 1> <II = 1> <Delay = 1.23> <Storage> <Opcode : 'load' 'store'> <Ports = 2> <Width = 32> <Depth = 288> <RAM>
ST_5 : Operation 212 [1/1] (0.44ns)   --->   "%select_ln89_4 = select i1 %tmp_20, i32 %W2_1_load_4, i32 %W2_0_load_4" [bnn.cpp:89]   --->   Operation 212 'select' 'select_ln89_4' <Predicate = (!icmp_ln79)> <Delay = 0.44> <CoreInst = "Sel">   --->   Core 73 'Sel' <Latency = 0> <II = 1> <Delay = 0.44> <FuncUnit> <Opcode : 'select'> <InPorts = 3> <OutPorts = 1>
ST_5 : Operation 213 [1/1] (0.78ns)   --->   "%add_ln89_8 = add i5 %trunc_ln89, i5 4" [bnn.cpp:89]   --->   Operation 213 'add' 'add_ln89_8' <Predicate = (!icmp_ln79)> <Delay = 0.78> <CoreInst = "Adder">   --->   Core 1 'Adder' <Latency = 0> <II = 1> <Delay = 0.78> <FuncUnit> <Opcode : 'add' 'sub'> <InPorts = 2> <OutPorts = 1>
ST_5 : Operation 214 [1/1] (0.00ns)   --->   "%zext_ln89_14 = zext i5 %add_ln89_8" [bnn.cpp:89]   --->   Operation 214 'zext' 'zext_ln89_14' <Predicate = (!icmp_ln79)> <Delay = 0.00>
ST_5 : Operation 215 [1/1] (1.38ns)   --->   "%lshr_ln89_7 = lshr i32 %select_ln89_4, i32 %zext_ln89_14" [bnn.cpp:89]   --->   Operation 215 'lshr' 'lshr_ln89_7' <Predicate = (!icmp_ln79)> <Delay = 1.38> <CoreInst = "Shifter">   --->   Core 75 'Shifter' <Latency = 0> <II = 1> <Delay = 1.38> <FuncUnit> <Opcode : 'shl' 'lshr' 'ashr'> <InPorts = 2> <OutPorts = 1>
ST_5 : Operation 216 [1/2] ( I:1.23ns O:1.23ns )   --->   "%bnn_top_int_const_unsigned_int_const_int_const_unsigned_int_const_int_co_157 = load i10 %bnn_top_int_const_unsigned_int_const_int_const_unsigned_int_const_int_co_149" [bnn.cpp:88]   --->   Operation 216 'load' 'bnn_top_int_const_unsigned_int_const_int_const_unsigned_int_const_int_co_157' <Predicate = (!icmp_ln79 & !tmp_10 & trunc_ln80 == 7)> <Delay = 1.23> <CoreInst = "RAM">   --->   Core 82 'RAM' <Latency = 1> <II = 1> <Delay = 1.23> <Storage> <Opcode : 'load' 'store'> <Ports = 2> <Width = 1> <Depth = 1024> <RAM>
ST_5 : Operation 217 [1/2] ( I:1.23ns O:1.23ns )   --->   "%bnn_top_int_const_unsigned_int_const_int_const_unsigned_int_const_int_co_158 = load i10 %bnn_top_int_const_unsigned_int_const_int_const_unsigned_int_const_int_co_150" [bnn.cpp:88]   --->   Operation 217 'load' 'bnn_top_int_const_unsigned_int_const_int_const_unsigned_int_const_int_co_158' <Predicate = (!icmp_ln79 & !tmp_10 & trunc_ln80 == 0)> <Delay = 1.23> <CoreInst = "RAM">   --->   Core 82 'RAM' <Latency = 1> <II = 1> <Delay = 1.23> <Storage> <Opcode : 'load' 'store'> <Ports = 2> <Width = 1> <Depth = 1024> <RAM>
ST_5 : Operation 218 [1/2] ( I:1.23ns O:1.23ns )   --->   "%bnn_top_int_const_unsigned_int_const_int_const_unsigned_int_const_int_co_159 = load i10 %bnn_top_int_const_unsigned_int_const_int_const_unsigned_int_const_int_co_151" [bnn.cpp:88]   --->   Operation 218 'load' 'bnn_top_int_const_unsigned_int_const_int_const_unsigned_int_const_int_co_159' <Predicate = (!icmp_ln79 & !tmp_10 & trunc_ln80 == 1)> <Delay = 1.23> <CoreInst = "RAM">   --->   Core 82 'RAM' <Latency = 1> <II = 1> <Delay = 1.23> <Storage> <Opcode : 'load' 'store'> <Ports = 2> <Width = 1> <Depth = 1024> <RAM>
ST_5 : Operation 219 [1/2] ( I:1.23ns O:1.23ns )   --->   "%bnn_top_int_const_unsigned_int_const_int_const_unsigned_int_const_int_co_160 = load i10 %bnn_top_int_const_unsigned_int_const_int_const_unsigned_int_const_int_co_152" [bnn.cpp:88]   --->   Operation 219 'load' 'bnn_top_int_const_unsigned_int_const_int_const_unsigned_int_const_int_co_160' <Predicate = (!icmp_ln79 & !tmp_10 & trunc_ln80 == 2)> <Delay = 1.23> <CoreInst = "RAM">   --->   Core 82 'RAM' <Latency = 1> <II = 1> <Delay = 1.23> <Storage> <Opcode : 'load' 'store'> <Ports = 2> <Width = 1> <Depth = 1024> <RAM>
ST_5 : Operation 220 [1/2] ( I:1.23ns O:1.23ns )   --->   "%bnn_top_int_const_unsigned_int_const_int_const_unsigned_int_const_int_co_161 = load i10 %bnn_top_int_const_unsigned_int_const_int_const_unsigned_int_const_int_co_153" [bnn.cpp:88]   --->   Operation 220 'load' 'bnn_top_int_const_unsigned_int_const_int_const_unsigned_int_const_int_co_161' <Predicate = (!icmp_ln79 & !tmp_10 & trunc_ln80 == 3)> <Delay = 1.23> <CoreInst = "RAM">   --->   Core 82 'RAM' <Latency = 1> <II = 1> <Delay = 1.23> <Storage> <Opcode : 'load' 'store'> <Ports = 2> <Width = 1> <Depth = 1024> <RAM>
ST_5 : Operation 221 [1/2] ( I:1.23ns O:1.23ns )   --->   "%bnn_top_int_const_unsigned_int_const_int_const_unsigned_int_const_int_co_162 = load i10 %bnn_top_int_const_unsigned_int_const_int_const_unsigned_int_const_int_co_154" [bnn.cpp:88]   --->   Operation 221 'load' 'bnn_top_int_const_unsigned_int_const_int_const_unsigned_int_const_int_co_162' <Predicate = (!icmp_ln79 & !tmp_10 & trunc_ln80 == 4)> <Delay = 1.23> <CoreInst = "RAM">   --->   Core 82 'RAM' <Latency = 1> <II = 1> <Delay = 1.23> <Storage> <Opcode : 'load' 'store'> <Ports = 2> <Width = 1> <Depth = 1024> <RAM>
ST_5 : Operation 222 [1/2] ( I:1.23ns O:1.23ns )   --->   "%bnn_top_int_const_unsigned_int_const_int_const_unsigned_int_const_int_co_163 = load i10 %bnn_top_int_const_unsigned_int_const_int_const_unsigned_int_const_int_co_155" [bnn.cpp:88]   --->   Operation 222 'load' 'bnn_top_int_const_unsigned_int_const_int_const_unsigned_int_const_int_co_163' <Predicate = (!icmp_ln79 & !tmp_10 & trunc_ln80 == 5)> <Delay = 1.23> <CoreInst = "RAM">   --->   Core 82 'RAM' <Latency = 1> <II = 1> <Delay = 1.23> <Storage> <Opcode : 'load' 'store'> <Ports = 2> <Width = 1> <Depth = 1024> <RAM>
ST_5 : Operation 223 [1/2] ( I:1.23ns O:1.23ns )   --->   "%bnn_top_int_const_unsigned_int_const_int_const_unsigned_int_const_int_co_164 = load i10 %bnn_top_int_const_unsigned_int_const_int_const_unsigned_int_const_int_co_156" [bnn.cpp:88]   --->   Operation 223 'load' 'bnn_top_int_const_unsigned_int_const_int_const_unsigned_int_const_int_co_164' <Predicate = (!icmp_ln79 & !tmp_10 & trunc_ln80 == 6)> <Delay = 1.23> <CoreInst = "RAM">   --->   Core 82 'RAM' <Latency = 1> <II = 1> <Delay = 1.23> <Storage> <Opcode : 'load' 'store'> <Ports = 2> <Width = 1> <Depth = 1024> <RAM>
ST_5 : Operation 224 [1/1] (0.72ns)   --->   "%a_5 = sparsemux i1 @_ssdm_op_SparseMux.ap_auto.8i1.i1.i3, i3 7, i1 %bnn_top_int_const_unsigned_int_const_int_const_unsigned_int_const_int_co_157, i3 0, i1 %bnn_top_int_const_unsigned_int_const_int_const_unsigned_int_const_int_co_158, i3 1, i1 %bnn_top_int_const_unsigned_int_const_int_const_unsigned_int_const_int_co_159, i3 2, i1 %bnn_top_int_const_unsigned_int_const_int_const_unsigned_int_const_int_co_160, i3 3, i1 %bnn_top_int_const_unsigned_int_const_int_const_unsigned_int_const_int_co_161, i3 4, i1 %bnn_top_int_const_unsigned_int_const_int_const_unsigned_int_const_int_co_162, i3 5, i1 %bnn_top_int_const_unsigned_int_const_int_const_unsigned_int_const_int_co_163, i3 6, i1 %bnn_top_int_const_unsigned_int_const_int_const_unsigned_int_const_int_co_164, i1 0, i3 %trunc_ln80" [bnn.cpp:88]   --->   Operation 224 'sparsemux' 'a_5' <Predicate = (!icmp_ln79 & !tmp_10)> <Delay = 0.72> <CoreInst = "BinarySparseMux_DontCare">   --->   Core 149 'BinarySparseMux_DontCare' <Latency = 0> <II = 1> <Delay = 0.72> <FuncUnit> <Opcode : 'sparsemux'> <InPorts = 2> <OutPorts = 1>
ST_5 : Operation 225 [1/2] ( I:0.00ns O:0.00ns )   --->   "%W2_0_load_5 = load i9 %W2_0_addr_5" [bnn.cpp:89]   --->   Operation 225 'load' 'W2_0_load_5' <Predicate = (!icmp_ln79 & !tmp_10)> <Delay = 0.00> <CoreInst = "RAM">   --->   Core 82 'RAM' <Latency = 1> <II = 1> <Delay = 1.23> <Storage> <Opcode : 'load' 'store'> <Ports = 2> <Width = 32> <Depth = 288> <RAM>
ST_5 : Operation 226 [1/2] ( I:0.00ns O:0.00ns )   --->   "%W2_1_load_5 = load i9 %W2_1_addr_5" [bnn.cpp:89]   --->   Operation 226 'load' 'W2_1_load_5' <Predicate = (!icmp_ln79 & !tmp_10)> <Delay = 0.00> <CoreInst = "RAM">   --->   Core 82 'RAM' <Latency = 1> <II = 1> <Delay = 1.23> <Storage> <Opcode : 'load' 'store'> <Ports = 2> <Width = 32> <Depth = 288> <RAM>
ST_5 : Operation 227 [1/1] (0.44ns)   --->   "%select_ln89_5 = select i1 %tmp_21, i32 %W2_1_load_5, i32 %W2_0_load_5" [bnn.cpp:89]   --->   Operation 227 'select' 'select_ln89_5' <Predicate = (!icmp_ln79 & !tmp_10)> <Delay = 0.44> <CoreInst = "Sel">   --->   Core 73 'Sel' <Latency = 0> <II = 1> <Delay = 0.44> <FuncUnit> <Opcode : 'select'> <InPorts = 3> <OutPorts = 1>
ST_5 : Operation 228 [1/1] (0.78ns)   --->   "%add_ln89_10 = add i5 %trunc_ln89, i5 5" [bnn.cpp:89]   --->   Operation 228 'add' 'add_ln89_10' <Predicate = (!icmp_ln79 & !tmp_10)> <Delay = 0.78> <CoreInst = "Adder">   --->   Core 1 'Adder' <Latency = 0> <II = 1> <Delay = 0.78> <FuncUnit> <Opcode : 'add' 'sub'> <InPorts = 2> <OutPorts = 1>
ST_5 : Operation 229 [1/1] (0.00ns)   --->   "%zext_ln89_15 = zext i5 %add_ln89_10" [bnn.cpp:89]   --->   Operation 229 'zext' 'zext_ln89_15' <Predicate = (!icmp_ln79 & !tmp_10)> <Delay = 0.00>
ST_5 : Operation 230 [1/1] (1.38ns)   --->   "%lshr_ln89_9 = lshr i32 %select_ln89_5, i32 %zext_ln89_15" [bnn.cpp:89]   --->   Operation 230 'lshr' 'lshr_ln89_9' <Predicate = (!icmp_ln79 & !tmp_10)> <Delay = 1.38> <CoreInst = "Shifter">   --->   Core 75 'Shifter' <Latency = 0> <II = 1> <Delay = 1.38> <FuncUnit> <Opcode : 'shl' 'lshr' 'ashr'> <InPorts = 2> <OutPorts = 1>
ST_5 : Operation 231 [1/1] (0.76ns)   --->   "%add_ln88_8 = add i9 %zext_ln86, i9 %sext_ln87" [bnn.cpp:88]   --->   Operation 231 'add' 'add_ln88_8' <Predicate = (!icmp_ln79)> <Delay = 0.76> <CoreInst = "Adder">   --->   Core 1 'Adder' <Latency = 0> <II = 1> <Delay = 0.76> <FuncUnit> <Opcode : 'add' 'sub'> <InPorts = 2> <OutPorts = 1>
ST_5 : Operation 232 [1/1] (0.00ns)   --->   "%sext_ln88 = sext i9 %add_ln88_8" [bnn.cpp:88]   --->   Operation 232 'sext' 'sext_ln88' <Predicate = (!icmp_ln79)> <Delay = 0.00>
ST_5 : Operation 233 [1/1] (0.00ns)   --->   "%or_ln88_1 = bitconcatenate i13 @_ssdm_op_BitConcatenate.i13.i5.i8, i5 %trunc_ln88, i8 16" [bnn.cpp:88]   --->   Operation 233 'bitconcatenate' 'or_ln88_1' <Predicate = (!icmp_ln79)> <Delay = 0.00>
ST_5 : Operation 234 [1/1] (0.82ns)   --->   "%add_ln88_10 = add i13 %or_ln88_1, i13 %sext_ln88" [bnn.cpp:88]   --->   Operation 234 'add' 'add_ln88_10' <Predicate = (!icmp_ln79)> <Delay = 0.82> <CoreInst = "Adder">   --->   Core 1 'Adder' <Latency = 0> <II = 1> <Delay = 0.82> <FuncUnit> <Opcode : 'add' 'sub'> <InPorts = 2> <OutPorts = 1>
ST_5 : Operation 235 [1/1] (0.00ns)   --->   "%lshr_ln88_6 = partselect i10 @_ssdm_op_PartSelect.i10.i13.i32.i32, i13 %add_ln88_10, i32 3, i32 12" [bnn.cpp:88]   --->   Operation 235 'partselect' 'lshr_ln88_6' <Predicate = (!icmp_ln79)> <Delay = 0.00>
ST_5 : Operation 236 [1/1] (0.00ns)   --->   "%zext_ln88_7 = zext i10 %lshr_ln88_6" [bnn.cpp:88]   --->   Operation 236 'zext' 'zext_ln88_7' <Predicate = (!icmp_ln79)> <Delay = 0.00>
ST_5 : Operation 237 [1/1] (0.00ns)   --->   "%bnn_top_int_const_unsigned_int_const_int_const_unsigned_int_const_int_co_165 = getelementptr i1 %bnn_top_int_const_unsigned_int_const_int_const_unsigned_int_const_int_co_20, i64 0, i64 %zext_ln88_7" [bnn.cpp:88]   --->   Operation 237 'getelementptr' 'bnn_top_int_const_unsigned_int_const_int_const_unsigned_int_const_int_co_165' <Predicate = (!icmp_ln79 & trunc_ln80 == 1)> <Delay = 0.00>
ST_5 : Operation 238 [1/1] (0.00ns)   --->   "%bnn_top_int_const_unsigned_int_const_int_const_unsigned_int_const_int_co_166 = getelementptr i1 %bnn_top_int_const_unsigned_int_const_int_const_unsigned_int_const_int_co_19, i64 0, i64 %zext_ln88_7" [bnn.cpp:88]   --->   Operation 238 'getelementptr' 'bnn_top_int_const_unsigned_int_const_int_const_unsigned_int_const_int_co_166' <Predicate = (!icmp_ln79 & trunc_ln80 == 2)> <Delay = 0.00>
ST_5 : Operation 239 [1/1] (0.00ns)   --->   "%bnn_top_int_const_unsigned_int_const_int_const_unsigned_int_const_int_co_167 = getelementptr i1 %bnn_top_int_const_unsigned_int_const_int_const_unsigned_int_const_int_co_18, i64 0, i64 %zext_ln88_7" [bnn.cpp:88]   --->   Operation 239 'getelementptr' 'bnn_top_int_const_unsigned_int_const_int_const_unsigned_int_const_int_co_167' <Predicate = (!icmp_ln79 & trunc_ln80 == 3)> <Delay = 0.00>
ST_5 : Operation 240 [1/1] (0.00ns)   --->   "%bnn_top_int_const_unsigned_int_const_int_const_unsigned_int_const_int_co_168 = getelementptr i1 %bnn_top_int_const_unsigned_int_const_int_const_unsigned_int_const_int_co_17, i64 0, i64 %zext_ln88_7" [bnn.cpp:88]   --->   Operation 240 'getelementptr' 'bnn_top_int_const_unsigned_int_const_int_const_unsigned_int_const_int_co_168' <Predicate = (!icmp_ln79 & trunc_ln80 == 4)> <Delay = 0.00>
ST_5 : Operation 241 [1/1] (0.00ns)   --->   "%bnn_top_int_const_unsigned_int_const_int_const_unsigned_int_const_int_co_169 = getelementptr i1 %bnn_top_int_const_unsigned_int_const_int_const_unsigned_int_const_int_co_16, i64 0, i64 %zext_ln88_7" [bnn.cpp:88]   --->   Operation 241 'getelementptr' 'bnn_top_int_const_unsigned_int_const_int_const_unsigned_int_const_int_co_169' <Predicate = (!icmp_ln79 & trunc_ln80 == 5)> <Delay = 0.00>
ST_5 : Operation 242 [1/1] (0.00ns)   --->   "%bnn_top_int_const_unsigned_int_const_int_const_unsigned_int_const_int_co_170 = getelementptr i1 %bnn_top_int_const_unsigned_int_const_int_const_unsigned_int_const_int_co_15, i64 0, i64 %zext_ln88_7" [bnn.cpp:88]   --->   Operation 242 'getelementptr' 'bnn_top_int_const_unsigned_int_const_int_const_unsigned_int_const_int_co_170' <Predicate = (!icmp_ln79 & trunc_ln80 == 6)> <Delay = 0.00>
ST_5 : Operation 243 [1/1] (0.00ns)   --->   "%bnn_top_int_const_unsigned_int_const_int_const_unsigned_int_const_int_co_171 = getelementptr i1 %bnn_top_int_const_unsigned_int_const_int_const_unsigned_int_const_int_co_14, i64 0, i64 %zext_ln88_7" [bnn.cpp:88]   --->   Operation 243 'getelementptr' 'bnn_top_int_const_unsigned_int_const_int_const_unsigned_int_const_int_co_171' <Predicate = (!icmp_ln79 & trunc_ln80 == 7)> <Delay = 0.00>
ST_5 : Operation 244 [1/1] (0.00ns)   --->   "%bnn_top_int_const_unsigned_int_const_int_const_unsigned_int_const_int_co_172 = getelementptr i1 %bnn_top_int_const_unsigned_int_const_int_const_unsigned_int_const_int_co_13, i64 0, i64 %zext_ln88_7" [bnn.cpp:88]   --->   Operation 244 'getelementptr' 'bnn_top_int_const_unsigned_int_const_int_const_unsigned_int_const_int_co_172' <Predicate = (!icmp_ln79 & trunc_ln80 == 0)> <Delay = 0.00>
ST_5 : Operation 245 [2/2] (1.23ns)   --->   "%bnn_top_int_const_unsigned_int_const_int_const_unsigned_int_const_int_co_173 = load i10 %bnn_top_int_const_unsigned_int_const_int_const_unsigned_int_const_int_co_165" [bnn.cpp:88]   --->   Operation 245 'load' 'bnn_top_int_const_unsigned_int_const_int_const_unsigned_int_const_int_co_173' <Predicate = (!icmp_ln79 & trunc_ln80 == 1)> <Delay = 1.23> <CoreInst = "RAM">   --->   Core 82 'RAM' <Latency = 1> <II = 1> <Delay = 1.23> <Storage> <Opcode : 'load' 'store'> <Ports = 2> <Width = 1> <Depth = 1024> <RAM>
ST_5 : Operation 246 [2/2] (1.23ns)   --->   "%bnn_top_int_const_unsigned_int_const_int_const_unsigned_int_const_int_co_174 = load i10 %bnn_top_int_const_unsigned_int_const_int_const_unsigned_int_const_int_co_166" [bnn.cpp:88]   --->   Operation 246 'load' 'bnn_top_int_const_unsigned_int_const_int_const_unsigned_int_const_int_co_174' <Predicate = (!icmp_ln79 & trunc_ln80 == 2)> <Delay = 1.23> <CoreInst = "RAM">   --->   Core 82 'RAM' <Latency = 1> <II = 1> <Delay = 1.23> <Storage> <Opcode : 'load' 'store'> <Ports = 2> <Width = 1> <Depth = 1024> <RAM>
ST_5 : Operation 247 [2/2] (1.23ns)   --->   "%bnn_top_int_const_unsigned_int_const_int_const_unsigned_int_const_int_co_175 = load i10 %bnn_top_int_const_unsigned_int_const_int_const_unsigned_int_const_int_co_167" [bnn.cpp:88]   --->   Operation 247 'load' 'bnn_top_int_const_unsigned_int_const_int_const_unsigned_int_const_int_co_175' <Predicate = (!icmp_ln79 & trunc_ln80 == 3)> <Delay = 1.23> <CoreInst = "RAM">   --->   Core 82 'RAM' <Latency = 1> <II = 1> <Delay = 1.23> <Storage> <Opcode : 'load' 'store'> <Ports = 2> <Width = 1> <Depth = 1024> <RAM>
ST_5 : Operation 248 [2/2] (1.23ns)   --->   "%bnn_top_int_const_unsigned_int_const_int_const_unsigned_int_const_int_co_176 = load i10 %bnn_top_int_const_unsigned_int_const_int_const_unsigned_int_const_int_co_168" [bnn.cpp:88]   --->   Operation 248 'load' 'bnn_top_int_const_unsigned_int_const_int_const_unsigned_int_const_int_co_176' <Predicate = (!icmp_ln79 & trunc_ln80 == 4)> <Delay = 1.23> <CoreInst = "RAM">   --->   Core 82 'RAM' <Latency = 1> <II = 1> <Delay = 1.23> <Storage> <Opcode : 'load' 'store'> <Ports = 2> <Width = 1> <Depth = 1024> <RAM>
ST_5 : Operation 249 [2/2] (1.23ns)   --->   "%bnn_top_int_const_unsigned_int_const_int_const_unsigned_int_const_int_co_177 = load i10 %bnn_top_int_const_unsigned_int_const_int_const_unsigned_int_const_int_co_169" [bnn.cpp:88]   --->   Operation 249 'load' 'bnn_top_int_const_unsigned_int_const_int_const_unsigned_int_const_int_co_177' <Predicate = (!icmp_ln79 & trunc_ln80 == 5)> <Delay = 1.23> <CoreInst = "RAM">   --->   Core 82 'RAM' <Latency = 1> <II = 1> <Delay = 1.23> <Storage> <Opcode : 'load' 'store'> <Ports = 2> <Width = 1> <Depth = 1024> <RAM>
ST_5 : Operation 250 [2/2] (1.23ns)   --->   "%bnn_top_int_const_unsigned_int_const_int_const_unsigned_int_const_int_co_178 = load i10 %bnn_top_int_const_unsigned_int_const_int_const_unsigned_int_const_int_co_170" [bnn.cpp:88]   --->   Operation 250 'load' 'bnn_top_int_const_unsigned_int_const_int_const_unsigned_int_const_int_co_178' <Predicate = (!icmp_ln79 & trunc_ln80 == 6)> <Delay = 1.23> <CoreInst = "RAM">   --->   Core 82 'RAM' <Latency = 1> <II = 1> <Delay = 1.23> <Storage> <Opcode : 'load' 'store'> <Ports = 2> <Width = 1> <Depth = 1024> <RAM>
ST_5 : Operation 251 [2/2] (1.23ns)   --->   "%bnn_top_int_const_unsigned_int_const_int_const_unsigned_int_const_int_co_179 = load i10 %bnn_top_int_const_unsigned_int_const_int_const_unsigned_int_const_int_co_171" [bnn.cpp:88]   --->   Operation 251 'load' 'bnn_top_int_const_unsigned_int_const_int_const_unsigned_int_const_int_co_179' <Predicate = (!icmp_ln79 & trunc_ln80 == 7)> <Delay = 1.23> <CoreInst = "RAM">   --->   Core 82 'RAM' <Latency = 1> <II = 1> <Delay = 1.23> <Storage> <Opcode : 'load' 'store'> <Ports = 2> <Width = 1> <Depth = 1024> <RAM>
ST_5 : Operation 252 [2/2] (1.23ns)   --->   "%bnn_top_int_const_unsigned_int_const_int_const_unsigned_int_const_int_co_180 = load i10 %bnn_top_int_const_unsigned_int_const_int_const_unsigned_int_const_int_co_172" [bnn.cpp:88]   --->   Operation 252 'load' 'bnn_top_int_const_unsigned_int_const_int_const_unsigned_int_const_int_co_180' <Predicate = (!icmp_ln79 & trunc_ln80 == 0)> <Delay = 1.23> <CoreInst = "RAM">   --->   Core 82 'RAM' <Latency = 1> <II = 1> <Delay = 1.23> <Storage> <Opcode : 'load' 'store'> <Ports = 2> <Width = 1> <Depth = 1024> <RAM>
ST_5 : Operation 253 [1/1] (0.84ns)   --->   "%add_ln89_11 = add i15 %add_ln89, i15 6" [bnn.cpp:89]   --->   Operation 253 'add' 'add_ln89_11' <Predicate = (!icmp_ln79)> <Delay = 0.84> <CoreInst = "Adder">   --->   Core 1 'Adder' <Latency = 0> <II = 1> <Delay = 0.84> <FuncUnit> <Opcode : 'add' 'sub'> <InPorts = 2> <OutPorts = 1>
ST_5 : Operation 254 [1/1] (0.00ns)   --->   "%lshr_ln89_10 = partselect i9 @_ssdm_op_PartSelect.i9.i15.i32.i32, i15 %add_ln89_11, i32 6, i32 14" [bnn.cpp:89]   --->   Operation 254 'partselect' 'lshr_ln89_10' <Predicate = (!icmp_ln79)> <Delay = 0.00>
ST_5 : Operation 255 [1/1] (0.00ns)   --->   "%zext_ln89_6 = zext i9 %lshr_ln89_10" [bnn.cpp:89]   --->   Operation 255 'zext' 'zext_ln89_6' <Predicate = (!icmp_ln79)> <Delay = 0.00>
ST_5 : Operation 256 [1/1] (0.00ns)   --->   "%W2_0_addr_6 = getelementptr i32 %W2_0, i64 0, i64 %zext_ln89_6" [bnn.cpp:89]   --->   Operation 256 'getelementptr' 'W2_0_addr_6' <Predicate = (!icmp_ln79)> <Delay = 0.00>
ST_5 : Operation 257 [2/2] (0.00ns)   --->   "%W2_0_load_6 = load i9 %W2_0_addr_6" [bnn.cpp:89]   --->   Operation 257 'load' 'W2_0_load_6' <Predicate = (!icmp_ln79)> <Delay = 0.00> <CoreInst = "RAM">   --->   Core 82 'RAM' <Latency = 1> <II = 1> <Delay = 1.23> <Storage> <Opcode : 'load' 'store'> <Ports = 2> <Width = 32> <Depth = 288> <RAM>
ST_5 : Operation 258 [1/1] (0.00ns)   --->   "%W2_1_addr_6 = getelementptr i32 %W2_1, i64 0, i64 %zext_ln89_6" [bnn.cpp:89]   --->   Operation 258 'getelementptr' 'W2_1_addr_6' <Predicate = (!icmp_ln79)> <Delay = 0.00>
ST_5 : Operation 259 [2/2] (0.00ns)   --->   "%W2_1_load_6 = load i9 %W2_1_addr_6" [bnn.cpp:89]   --->   Operation 259 'load' 'W2_1_load_6' <Predicate = (!icmp_ln79)> <Delay = 0.00> <CoreInst = "RAM">   --->   Core 82 'RAM' <Latency = 1> <II = 1> <Delay = 1.23> <Storage> <Opcode : 'load' 'store'> <Ports = 2> <Width = 32> <Depth = 288> <RAM>
ST_5 : Operation 260 [1/1] (0.00ns)   --->   "%tmp_22 = bitselect i1 @_ssdm_op_BitSelect.i1.i15.i32, i15 %add_ln89_11, i32 5" [bnn.cpp:89]   --->   Operation 260 'bitselect' 'tmp_22' <Predicate = (!icmp_ln79)> <Delay = 0.00>
ST_5 : Operation 261 [1/1] (0.78ns)   --->   "%add_ln88_11 = add i10 %zext_ln94, i10 %shl_ln88_2" [bnn.cpp:88]   --->   Operation 261 'add' 'add_ln88_11' <Predicate = (!icmp_ln79)> <Delay = 0.78> <CoreInst = "Adder">   --->   Core 1 'Adder' <Latency = 0> <II = 1> <Delay = 0.78> <FuncUnit> <Opcode : 'add' 'sub'> <InPorts = 2> <OutPorts = 1>
ST_5 : Operation 262 [1/1] (0.00ns)   --->   "%tmp_s = partselect i9 @_ssdm_op_PartSelect.i9.i10.i32.i32, i10 %add_ln88_11, i32 1, i32 9" [bnn.cpp:88]   --->   Operation 262 'partselect' 'tmp_s' <Predicate = (!icmp_ln79 & !tmp_5)> <Delay = 0.00>
ST_5 : Operation 263 [1/1] (0.00ns)   --->   "%add_ln88_12 = bitconcatenate i10 @_ssdm_op_BitConcatenate.i10.i9.i1, i9 %tmp_s, i1 %tmp_14" [bnn.cpp:88]   --->   Operation 263 'bitconcatenate' 'add_ln88_12' <Predicate = (!icmp_ln79 & !tmp_5)> <Delay = 0.00>
ST_5 : Operation 264 [1/1] (0.00ns)   --->   "%zext_ln88_8 = zext i10 %add_ln88_12" [bnn.cpp:88]   --->   Operation 264 'zext' 'zext_ln88_8' <Predicate = (!icmp_ln79 & !tmp_5)> <Delay = 0.00>
ST_5 : Operation 265 [1/1] (0.00ns)   --->   "%bnn_top_int_const_unsigned_int_const_int_const_unsigned_int_const_int_co_181 = getelementptr i1 %bnn_top_int_const_unsigned_int_const_int_const_unsigned_int_const_int_co_20, i64 0, i64 %zext_ln88_8" [bnn.cpp:88]   --->   Operation 265 'getelementptr' 'bnn_top_int_const_unsigned_int_const_int_const_unsigned_int_const_int_co_181' <Predicate = (!icmp_ln79 & !tmp_5 & trunc_ln80 == 0)> <Delay = 0.00>
ST_5 : Operation 266 [1/1] (0.00ns)   --->   "%bnn_top_int_const_unsigned_int_const_int_const_unsigned_int_const_int_co_182 = getelementptr i1 %bnn_top_int_const_unsigned_int_const_int_const_unsigned_int_const_int_co_19, i64 0, i64 %zext_ln88_8" [bnn.cpp:88]   --->   Operation 266 'getelementptr' 'bnn_top_int_const_unsigned_int_const_int_const_unsigned_int_const_int_co_182' <Predicate = (!icmp_ln79 & !tmp_5 & trunc_ln80 == 1)> <Delay = 0.00>
ST_5 : Operation 267 [1/1] (0.00ns)   --->   "%bnn_top_int_const_unsigned_int_const_int_const_unsigned_int_const_int_co_183 = getelementptr i1 %bnn_top_int_const_unsigned_int_const_int_const_unsigned_int_const_int_co_18, i64 0, i64 %zext_ln88_8" [bnn.cpp:88]   --->   Operation 267 'getelementptr' 'bnn_top_int_const_unsigned_int_const_int_const_unsigned_int_const_int_co_183' <Predicate = (!icmp_ln79 & !tmp_5 & trunc_ln80 == 2)> <Delay = 0.00>
ST_5 : Operation 268 [1/1] (0.00ns)   --->   "%bnn_top_int_const_unsigned_int_const_int_const_unsigned_int_const_int_co_184 = getelementptr i1 %bnn_top_int_const_unsigned_int_const_int_const_unsigned_int_const_int_co_17, i64 0, i64 %zext_ln88_8" [bnn.cpp:88]   --->   Operation 268 'getelementptr' 'bnn_top_int_const_unsigned_int_const_int_const_unsigned_int_const_int_co_184' <Predicate = (!icmp_ln79 & !tmp_5 & trunc_ln80 == 3)> <Delay = 0.00>
ST_5 : Operation 269 [1/1] (0.00ns)   --->   "%bnn_top_int_const_unsigned_int_const_int_const_unsigned_int_const_int_co_185 = getelementptr i1 %bnn_top_int_const_unsigned_int_const_int_const_unsigned_int_const_int_co_16, i64 0, i64 %zext_ln88_8" [bnn.cpp:88]   --->   Operation 269 'getelementptr' 'bnn_top_int_const_unsigned_int_const_int_const_unsigned_int_const_int_co_185' <Predicate = (!icmp_ln79 & !tmp_5 & trunc_ln80 == 4)> <Delay = 0.00>
ST_5 : Operation 270 [1/1] (0.00ns)   --->   "%bnn_top_int_const_unsigned_int_const_int_const_unsigned_int_const_int_co_186 = getelementptr i1 %bnn_top_int_const_unsigned_int_const_int_const_unsigned_int_const_int_co_15, i64 0, i64 %zext_ln88_8" [bnn.cpp:88]   --->   Operation 270 'getelementptr' 'bnn_top_int_const_unsigned_int_const_int_const_unsigned_int_const_int_co_186' <Predicate = (!icmp_ln79 & !tmp_5 & trunc_ln80 == 5)> <Delay = 0.00>
ST_5 : Operation 271 [1/1] (0.00ns)   --->   "%bnn_top_int_const_unsigned_int_const_int_const_unsigned_int_const_int_co_187 = getelementptr i1 %bnn_top_int_const_unsigned_int_const_int_const_unsigned_int_const_int_co_14, i64 0, i64 %zext_ln88_8" [bnn.cpp:88]   --->   Operation 271 'getelementptr' 'bnn_top_int_const_unsigned_int_const_int_const_unsigned_int_const_int_co_187' <Predicate = (!icmp_ln79 & !tmp_5 & trunc_ln80 == 6)> <Delay = 0.00>
ST_5 : Operation 272 [1/1] (0.00ns)   --->   "%bnn_top_int_const_unsigned_int_const_int_const_unsigned_int_const_int_co_188 = getelementptr i1 %bnn_top_int_const_unsigned_int_const_int_const_unsigned_int_const_int_co_13, i64 0, i64 %zext_ln88_8" [bnn.cpp:88]   --->   Operation 272 'getelementptr' 'bnn_top_int_const_unsigned_int_const_int_const_unsigned_int_const_int_co_188' <Predicate = (!icmp_ln79 & !tmp_5 & trunc_ln80 == 7)> <Delay = 0.00>
ST_5 : Operation 273 [2/2] (1.23ns)   --->   "%bnn_top_int_const_unsigned_int_const_int_const_unsigned_int_const_int_co_189 = load i10 %bnn_top_int_const_unsigned_int_const_int_const_unsigned_int_const_int_co_181" [bnn.cpp:88]   --->   Operation 273 'load' 'bnn_top_int_const_unsigned_int_const_int_const_unsigned_int_const_int_co_189' <Predicate = (!icmp_ln79 & !tmp_5 & trunc_ln80 == 0)> <Delay = 1.23> <CoreInst = "RAM">   --->   Core 82 'RAM' <Latency = 1> <II = 1> <Delay = 1.23> <Storage> <Opcode : 'load' 'store'> <Ports = 2> <Width = 1> <Depth = 1024> <RAM>
ST_5 : Operation 274 [2/2] (1.23ns)   --->   "%bnn_top_int_const_unsigned_int_const_int_const_unsigned_int_const_int_co_190 = load i10 %bnn_top_int_const_unsigned_int_const_int_const_unsigned_int_const_int_co_182" [bnn.cpp:88]   --->   Operation 274 'load' 'bnn_top_int_const_unsigned_int_const_int_const_unsigned_int_const_int_co_190' <Predicate = (!icmp_ln79 & !tmp_5 & trunc_ln80 == 1)> <Delay = 1.23> <CoreInst = "RAM">   --->   Core 82 'RAM' <Latency = 1> <II = 1> <Delay = 1.23> <Storage> <Opcode : 'load' 'store'> <Ports = 2> <Width = 1> <Depth = 1024> <RAM>
ST_5 : Operation 275 [2/2] (1.23ns)   --->   "%bnn_top_int_const_unsigned_int_const_int_const_unsigned_int_const_int_co_191 = load i10 %bnn_top_int_const_unsigned_int_const_int_const_unsigned_int_const_int_co_183" [bnn.cpp:88]   --->   Operation 275 'load' 'bnn_top_int_const_unsigned_int_const_int_const_unsigned_int_const_int_co_191' <Predicate = (!icmp_ln79 & !tmp_5 & trunc_ln80 == 2)> <Delay = 1.23> <CoreInst = "RAM">   --->   Core 82 'RAM' <Latency = 1> <II = 1> <Delay = 1.23> <Storage> <Opcode : 'load' 'store'> <Ports = 2> <Width = 1> <Depth = 1024> <RAM>
ST_5 : Operation 276 [2/2] (1.23ns)   --->   "%bnn_top_int_const_unsigned_int_const_int_const_unsigned_int_const_int_co_192 = load i10 %bnn_top_int_const_unsigned_int_const_int_const_unsigned_int_const_int_co_184" [bnn.cpp:88]   --->   Operation 276 'load' 'bnn_top_int_const_unsigned_int_const_int_const_unsigned_int_const_int_co_192' <Predicate = (!icmp_ln79 & !tmp_5 & trunc_ln80 == 3)> <Delay = 1.23> <CoreInst = "RAM">   --->   Core 82 'RAM' <Latency = 1> <II = 1> <Delay = 1.23> <Storage> <Opcode : 'load' 'store'> <Ports = 2> <Width = 1> <Depth = 1024> <RAM>
ST_5 : Operation 277 [2/2] (1.23ns)   --->   "%bnn_top_int_const_unsigned_int_const_int_const_unsigned_int_const_int_co_193 = load i10 %bnn_top_int_const_unsigned_int_const_int_const_unsigned_int_const_int_co_185" [bnn.cpp:88]   --->   Operation 277 'load' 'bnn_top_int_const_unsigned_int_const_int_const_unsigned_int_const_int_co_193' <Predicate = (!icmp_ln79 & !tmp_5 & trunc_ln80 == 4)> <Delay = 1.23> <CoreInst = "RAM">   --->   Core 82 'RAM' <Latency = 1> <II = 1> <Delay = 1.23> <Storage> <Opcode : 'load' 'store'> <Ports = 2> <Width = 1> <Depth = 1024> <RAM>
ST_5 : Operation 278 [2/2] (1.23ns)   --->   "%bnn_top_int_const_unsigned_int_const_int_const_unsigned_int_const_int_co_194 = load i10 %bnn_top_int_const_unsigned_int_const_int_const_unsigned_int_const_int_co_186" [bnn.cpp:88]   --->   Operation 278 'load' 'bnn_top_int_const_unsigned_int_const_int_const_unsigned_int_const_int_co_194' <Predicate = (!icmp_ln79 & !tmp_5 & trunc_ln80 == 5)> <Delay = 1.23> <CoreInst = "RAM">   --->   Core 82 'RAM' <Latency = 1> <II = 1> <Delay = 1.23> <Storage> <Opcode : 'load' 'store'> <Ports = 2> <Width = 1> <Depth = 1024> <RAM>
ST_5 : Operation 279 [2/2] (1.23ns)   --->   "%bnn_top_int_const_unsigned_int_const_int_const_unsigned_int_const_int_co_195 = load i10 %bnn_top_int_const_unsigned_int_const_int_const_unsigned_int_const_int_co_187" [bnn.cpp:88]   --->   Operation 279 'load' 'bnn_top_int_const_unsigned_int_const_int_const_unsigned_int_const_int_co_195' <Predicate = (!icmp_ln79 & !tmp_5 & trunc_ln80 == 6)> <Delay = 1.23> <CoreInst = "RAM">   --->   Core 82 'RAM' <Latency = 1> <II = 1> <Delay = 1.23> <Storage> <Opcode : 'load' 'store'> <Ports = 2> <Width = 1> <Depth = 1024> <RAM>
ST_5 : Operation 280 [2/2] (1.23ns)   --->   "%bnn_top_int_const_unsigned_int_const_int_const_unsigned_int_const_int_co_196 = load i10 %bnn_top_int_const_unsigned_int_const_int_const_unsigned_int_const_int_co_188" [bnn.cpp:88]   --->   Operation 280 'load' 'bnn_top_int_const_unsigned_int_const_int_const_unsigned_int_const_int_co_196' <Predicate = (!icmp_ln79 & !tmp_5 & trunc_ln80 == 7)> <Delay = 1.23> <CoreInst = "RAM">   --->   Core 82 'RAM' <Latency = 1> <II = 1> <Delay = 1.23> <Storage> <Opcode : 'load' 'store'> <Ports = 2> <Width = 1> <Depth = 1024> <RAM>
ST_5 : Operation 281 [1/1] (0.84ns)   --->   "%add_ln89_13 = add i15 %add_ln89, i15 7" [bnn.cpp:89]   --->   Operation 281 'add' 'add_ln89_13' <Predicate = (!icmp_ln79 & !tmp_5)> <Delay = 0.84> <CoreInst = "Adder">   --->   Core 1 'Adder' <Latency = 0> <II = 1> <Delay = 0.84> <FuncUnit> <Opcode : 'add' 'sub'> <InPorts = 2> <OutPorts = 1>
ST_5 : Operation 282 [1/1] (0.00ns)   --->   "%lshr_ln89_12 = partselect i9 @_ssdm_op_PartSelect.i9.i15.i32.i32, i15 %add_ln89_13, i32 6, i32 14" [bnn.cpp:89]   --->   Operation 282 'partselect' 'lshr_ln89_12' <Predicate = (!icmp_ln79 & !tmp_5)> <Delay = 0.00>
ST_5 : Operation 283 [1/1] (0.00ns)   --->   "%zext_ln89_7 = zext i9 %lshr_ln89_12" [bnn.cpp:89]   --->   Operation 283 'zext' 'zext_ln89_7' <Predicate = (!icmp_ln79 & !tmp_5)> <Delay = 0.00>
ST_5 : Operation 284 [1/1] (0.00ns)   --->   "%W2_0_addr_7 = getelementptr i32 %W2_0, i64 0, i64 %zext_ln89_7" [bnn.cpp:89]   --->   Operation 284 'getelementptr' 'W2_0_addr_7' <Predicate = (!icmp_ln79 & !tmp_5)> <Delay = 0.00>
ST_5 : Operation 285 [2/2] (0.00ns)   --->   "%W2_0_load_7 = load i9 %W2_0_addr_7" [bnn.cpp:89]   --->   Operation 285 'load' 'W2_0_load_7' <Predicate = (!icmp_ln79 & !tmp_5)> <Delay = 0.00> <CoreInst = "RAM">   --->   Core 82 'RAM' <Latency = 1> <II = 1> <Delay = 1.23> <Storage> <Opcode : 'load' 'store'> <Ports = 2> <Width = 32> <Depth = 288> <RAM>
ST_5 : Operation 286 [1/1] (0.00ns)   --->   "%W2_1_addr_7 = getelementptr i32 %W2_1, i64 0, i64 %zext_ln89_7" [bnn.cpp:89]   --->   Operation 286 'getelementptr' 'W2_1_addr_7' <Predicate = (!icmp_ln79 & !tmp_5)> <Delay = 0.00>
ST_5 : Operation 287 [2/2] (0.00ns)   --->   "%W2_1_load_7 = load i9 %W2_1_addr_7" [bnn.cpp:89]   --->   Operation 287 'load' 'W2_1_load_7' <Predicate = (!icmp_ln79 & !tmp_5)> <Delay = 0.00> <CoreInst = "RAM">   --->   Core 82 'RAM' <Latency = 1> <II = 1> <Delay = 1.23> <Storage> <Opcode : 'load' 'store'> <Ports = 2> <Width = 32> <Depth = 288> <RAM>
ST_5 : Operation 288 [1/1] (0.00ns)   --->   "%tmp_23 = bitselect i1 @_ssdm_op_BitSelect.i1.i15.i32, i15 %add_ln89_13, i32 5" [bnn.cpp:89]   --->   Operation 288 'bitselect' 'tmp_23' <Predicate = (!icmp_ln79 & !tmp_5)> <Delay = 0.00>
ST_5 : Operation 289 [1/1] (0.78ns)   --->   "%add_ln88_13 = add i10 %add_ln88_11, i10 %zext_ln82" [bnn.cpp:88]   --->   Operation 289 'add' 'add_ln88_13' <Predicate = (!icmp_ln79)> <Delay = 0.78> <CoreInst = "Adder">   --->   Core 1 'Adder' <Latency = 0> <II = 1> <Delay = 0.78> <FuncUnit> <Opcode : 'add' 'sub'> <InPorts = 2> <OutPorts = 1>
ST_5 : Operation 290 [1/1] (0.84ns)   --->   "%add_ln89_15 = add i15 %add_ln89, i15 8" [bnn.cpp:89]   --->   Operation 290 'add' 'add_ln89_15' <Predicate = (!icmp_ln79)> <Delay = 0.84> <CoreInst = "Adder">   --->   Core 1 'Adder' <Latency = 0> <II = 1> <Delay = 0.84> <FuncUnit> <Opcode : 'add' 'sub'> <InPorts = 2> <OutPorts = 1>
ST_5 : Operation 291 [1/1] (0.00ns)   --->   "%lshr_ln89_14 = partselect i9 @_ssdm_op_PartSelect.i9.i15.i32.i32, i15 %add_ln89_15, i32 6, i32 14" [bnn.cpp:89]   --->   Operation 291 'partselect' 'lshr_ln89_14' <Predicate = (!icmp_ln79)> <Delay = 0.00>
ST_5 : Operation 292 [1/1] (0.00ns)   --->   "%tmp_24 = bitselect i1 @_ssdm_op_BitSelect.i1.i15.i32, i15 %add_ln89_15, i32 5" [bnn.cpp:89]   --->   Operation 292 'bitselect' 'tmp_24' <Predicate = (!icmp_ln79)> <Delay = 0.00>
ST_5 : Operation 293 [1/1] (0.00ns)   --->   "%zext_ln94_1 = zext i5 %add_ln94" [bnn.cpp:94]   --->   Operation 293 'zext' 'zext_ln94_1' <Predicate = (!icmp_ln79)> <Delay = 0.00>
ST_5 : Operation 294 [1/1] (1.05ns) (root node of TernaryAdder)   --->   "%add_ln94_1 = add i8 %zext_ln94_1, i8 %sub_ln87" [bnn.cpp:94]   --->   Operation 294 'add' 'add_ln94_1' <Predicate = (!icmp_ln79)> <Delay = 1.05> <CoreInst = "TAddSub">   --->   Core 10 'TAddSub' <Latency = 0> <II = 1> <Delay = 0.41> <IPBlock> <Opcode : 'add' 'sub'> <InPorts = 3> <OutPorts = 1> <Sync> <CReg>
ST_5 : Operation 295 [1/1] (0.00ns)   --->   "%zext_ln94_3 = zext i8 %add_ln94_1" [bnn.cpp:94]   --->   Operation 295 'zext' 'zext_ln94_3' <Predicate = (!icmp_ln79)> <Delay = 0.00>
ST_5 : Operation 296 [1/1] (2.11ns)   --->   "%mul_ln94 = mul i17 %zext_ln94_3, i17 410" [bnn.cpp:94]   --->   Operation 296 'mul' 'mul_ln94' <Predicate = (!icmp_ln79)> <Delay = 2.11> <CoreInst = "Multiplier">   --->   Core 3 'Multiplier' <Latency = 0> <II = 1> <Delay = 2.11> <FuncUnit> <Opcode : 'mul'> <InPorts = 2> <OutPorts = 1>
ST_5 : Operation 297 [1/1] (0.00ns)   --->   "%tmp_25 = partselect i6 @_ssdm_op_PartSelect.i6.i17.i32.i32, i17 %mul_ln94, i32 11, i32 16" [bnn.cpp:94]   --->   Operation 297 'partselect' 'tmp_25' <Predicate = (!icmp_ln79)> <Delay = 0.00>
ST_5 : Operation 298 [6/9] (1.06ns)   --->   "%urem_ln94 = urem i5 %add_ln94, i5 5" [bnn.cpp:94]   --->   Operation 298 'urem' 'urem_ln94' <Predicate = (!icmp_ln79)> <Delay = 1.06> <CoreInst = "Divider">   --->   Core 6 'Divider' <Latency = 8> <II = 1> <Delay = 1.06> <FuncUnit> <Opcode : 'udiv' 'sdiv' 'urem' 'srem'> <InPorts = 2> <OutPorts = 1>
ST_5 : Operation 576 [1/1] (0.42ns)   --->   "%ret_ln0 = ret"   --->   Operation 576 'ret' 'ret_ln0' <Predicate = (icmp_ln79)> <Delay = 0.42>

State 6 <SV = 5> <Delay = 2.17>
ST_6 : Operation 299 [1/2] ( I:1.23ns O:1.23ns )   --->   "%bnn_top_int_const_unsigned_int_const_int_const_unsigned_int_const_int_co_173 = load i10 %bnn_top_int_const_unsigned_int_const_int_const_unsigned_int_const_int_co_165" [bnn.cpp:88]   --->   Operation 299 'load' 'bnn_top_int_const_unsigned_int_const_int_const_unsigned_int_const_int_co_173' <Predicate = (!icmp_ln79 & trunc_ln80 == 1)> <Delay = 1.23> <CoreInst = "RAM">   --->   Core 82 'RAM' <Latency = 1> <II = 1> <Delay = 1.23> <Storage> <Opcode : 'load' 'store'> <Ports = 2> <Width = 1> <Depth = 1024> <RAM>
ST_6 : Operation 300 [1/2] ( I:1.23ns O:1.23ns )   --->   "%bnn_top_int_const_unsigned_int_const_int_const_unsigned_int_const_int_co_174 = load i10 %bnn_top_int_const_unsigned_int_const_int_const_unsigned_int_const_int_co_166" [bnn.cpp:88]   --->   Operation 300 'load' 'bnn_top_int_const_unsigned_int_const_int_const_unsigned_int_const_int_co_174' <Predicate = (!icmp_ln79 & trunc_ln80 == 2)> <Delay = 1.23> <CoreInst = "RAM">   --->   Core 82 'RAM' <Latency = 1> <II = 1> <Delay = 1.23> <Storage> <Opcode : 'load' 'store'> <Ports = 2> <Width = 1> <Depth = 1024> <RAM>
ST_6 : Operation 301 [1/2] ( I:1.23ns O:1.23ns )   --->   "%bnn_top_int_const_unsigned_int_const_int_const_unsigned_int_const_int_co_175 = load i10 %bnn_top_int_const_unsigned_int_const_int_const_unsigned_int_const_int_co_167" [bnn.cpp:88]   --->   Operation 301 'load' 'bnn_top_int_const_unsigned_int_const_int_const_unsigned_int_const_int_co_175' <Predicate = (!icmp_ln79 & trunc_ln80 == 3)> <Delay = 1.23> <CoreInst = "RAM">   --->   Core 82 'RAM' <Latency = 1> <II = 1> <Delay = 1.23> <Storage> <Opcode : 'load' 'store'> <Ports = 2> <Width = 1> <Depth = 1024> <RAM>
ST_6 : Operation 302 [1/2] ( I:1.23ns O:1.23ns )   --->   "%bnn_top_int_const_unsigned_int_const_int_const_unsigned_int_const_int_co_176 = load i10 %bnn_top_int_const_unsigned_int_const_int_const_unsigned_int_const_int_co_168" [bnn.cpp:88]   --->   Operation 302 'load' 'bnn_top_int_const_unsigned_int_const_int_const_unsigned_int_const_int_co_176' <Predicate = (!icmp_ln79 & trunc_ln80 == 4)> <Delay = 1.23> <CoreInst = "RAM">   --->   Core 82 'RAM' <Latency = 1> <II = 1> <Delay = 1.23> <Storage> <Opcode : 'load' 'store'> <Ports = 2> <Width = 1> <Depth = 1024> <RAM>
ST_6 : Operation 303 [1/2] ( I:1.23ns O:1.23ns )   --->   "%bnn_top_int_const_unsigned_int_const_int_const_unsigned_int_const_int_co_177 = load i10 %bnn_top_int_const_unsigned_int_const_int_const_unsigned_int_const_int_co_169" [bnn.cpp:88]   --->   Operation 303 'load' 'bnn_top_int_const_unsigned_int_const_int_const_unsigned_int_const_int_co_177' <Predicate = (!icmp_ln79 & trunc_ln80 == 5)> <Delay = 1.23> <CoreInst = "RAM">   --->   Core 82 'RAM' <Latency = 1> <II = 1> <Delay = 1.23> <Storage> <Opcode : 'load' 'store'> <Ports = 2> <Width = 1> <Depth = 1024> <RAM>
ST_6 : Operation 304 [1/2] ( I:1.23ns O:1.23ns )   --->   "%bnn_top_int_const_unsigned_int_const_int_const_unsigned_int_const_int_co_178 = load i10 %bnn_top_int_const_unsigned_int_const_int_const_unsigned_int_const_int_co_170" [bnn.cpp:88]   --->   Operation 304 'load' 'bnn_top_int_const_unsigned_int_const_int_const_unsigned_int_const_int_co_178' <Predicate = (!icmp_ln79 & trunc_ln80 == 6)> <Delay = 1.23> <CoreInst = "RAM">   --->   Core 82 'RAM' <Latency = 1> <II = 1> <Delay = 1.23> <Storage> <Opcode : 'load' 'store'> <Ports = 2> <Width = 1> <Depth = 1024> <RAM>
ST_6 : Operation 305 [1/2] ( I:1.23ns O:1.23ns )   --->   "%bnn_top_int_const_unsigned_int_const_int_const_unsigned_int_const_int_co_179 = load i10 %bnn_top_int_const_unsigned_int_const_int_const_unsigned_int_const_int_co_171" [bnn.cpp:88]   --->   Operation 305 'load' 'bnn_top_int_const_unsigned_int_const_int_const_unsigned_int_const_int_co_179' <Predicate = (!icmp_ln79 & trunc_ln80 == 7)> <Delay = 1.23> <CoreInst = "RAM">   --->   Core 82 'RAM' <Latency = 1> <II = 1> <Delay = 1.23> <Storage> <Opcode : 'load' 'store'> <Ports = 2> <Width = 1> <Depth = 1024> <RAM>
ST_6 : Operation 306 [1/2] ( I:1.23ns O:1.23ns )   --->   "%bnn_top_int_const_unsigned_int_const_int_const_unsigned_int_const_int_co_180 = load i10 %bnn_top_int_const_unsigned_int_const_int_const_unsigned_int_const_int_co_172" [bnn.cpp:88]   --->   Operation 306 'load' 'bnn_top_int_const_unsigned_int_const_int_const_unsigned_int_const_int_co_180' <Predicate = (!icmp_ln79 & trunc_ln80 == 0)> <Delay = 1.23> <CoreInst = "RAM">   --->   Core 82 'RAM' <Latency = 1> <II = 1> <Delay = 1.23> <Storage> <Opcode : 'load' 'store'> <Ports = 2> <Width = 1> <Depth = 1024> <RAM>
ST_6 : Operation 307 [1/1] (0.72ns)   --->   "%a_6 = sparsemux i1 @_ssdm_op_SparseMux.ap_auto.8i1.i1.i3, i3 1, i1 %bnn_top_int_const_unsigned_int_const_int_const_unsigned_int_const_int_co_173, i3 2, i1 %bnn_top_int_const_unsigned_int_const_int_const_unsigned_int_const_int_co_174, i3 3, i1 %bnn_top_int_const_unsigned_int_const_int_const_unsigned_int_const_int_co_175, i3 4, i1 %bnn_top_int_const_unsigned_int_const_int_const_unsigned_int_const_int_co_176, i3 5, i1 %bnn_top_int_const_unsigned_int_const_int_const_unsigned_int_const_int_co_177, i3 6, i1 %bnn_top_int_const_unsigned_int_const_int_const_unsigned_int_const_int_co_178, i3 7, i1 %bnn_top_int_const_unsigned_int_const_int_const_unsigned_int_const_int_co_179, i3 0, i1 %bnn_top_int_const_unsigned_int_const_int_const_unsigned_int_const_int_co_180, i1 0, i3 %trunc_ln80" [bnn.cpp:88]   --->   Operation 307 'sparsemux' 'a_6' <Predicate = (!icmp_ln79)> <Delay = 0.72> <CoreInst = "BinarySparseMux_DontCare">   --->   Core 149 'BinarySparseMux_DontCare' <Latency = 0> <II = 1> <Delay = 0.72> <FuncUnit> <Opcode : 'sparsemux'> <InPorts = 2> <OutPorts = 1>
ST_6 : Operation 308 [1/2] ( I:0.00ns O:0.00ns )   --->   "%W2_0_load_6 = load i9 %W2_0_addr_6" [bnn.cpp:89]   --->   Operation 308 'load' 'W2_0_load_6' <Predicate = (!icmp_ln79)> <Delay = 0.00> <CoreInst = "RAM">   --->   Core 82 'RAM' <Latency = 1> <II = 1> <Delay = 1.23> <Storage> <Opcode : 'load' 'store'> <Ports = 2> <Width = 32> <Depth = 288> <RAM>
ST_6 : Operation 309 [1/2] ( I:0.00ns O:0.00ns )   --->   "%W2_1_load_6 = load i9 %W2_1_addr_6" [bnn.cpp:89]   --->   Operation 309 'load' 'W2_1_load_6' <Predicate = (!icmp_ln79)> <Delay = 0.00> <CoreInst = "RAM">   --->   Core 82 'RAM' <Latency = 1> <II = 1> <Delay = 1.23> <Storage> <Opcode : 'load' 'store'> <Ports = 2> <Width = 32> <Depth = 288> <RAM>
ST_6 : Operation 310 [1/1] (0.44ns)   --->   "%select_ln89_6 = select i1 %tmp_22, i32 %W2_1_load_6, i32 %W2_0_load_6" [bnn.cpp:89]   --->   Operation 310 'select' 'select_ln89_6' <Predicate = (!icmp_ln79)> <Delay = 0.44> <CoreInst = "Sel">   --->   Core 73 'Sel' <Latency = 0> <II = 1> <Delay = 0.44> <FuncUnit> <Opcode : 'select'> <InPorts = 3> <OutPorts = 1>
ST_6 : Operation 311 [1/1] (0.78ns)   --->   "%add_ln89_12 = add i5 %trunc_ln89, i5 6" [bnn.cpp:89]   --->   Operation 311 'add' 'add_ln89_12' <Predicate = (!icmp_ln79)> <Delay = 0.78> <CoreInst = "Adder">   --->   Core 1 'Adder' <Latency = 0> <II = 1> <Delay = 0.78> <FuncUnit> <Opcode : 'add' 'sub'> <InPorts = 2> <OutPorts = 1>
ST_6 : Operation 312 [1/1] (0.00ns)   --->   "%zext_ln89_16 = zext i5 %add_ln89_12" [bnn.cpp:89]   --->   Operation 312 'zext' 'zext_ln89_16' <Predicate = (!icmp_ln79)> <Delay = 0.00>
ST_6 : Operation 313 [1/1] (1.38ns)   --->   "%lshr_ln89_11 = lshr i32 %select_ln89_6, i32 %zext_ln89_16" [bnn.cpp:89]   --->   Operation 313 'lshr' 'lshr_ln89_11' <Predicate = (!icmp_ln79)> <Delay = 1.38> <CoreInst = "Shifter">   --->   Core 75 'Shifter' <Latency = 0> <II = 1> <Delay = 1.38> <FuncUnit> <Opcode : 'shl' 'lshr' 'ashr'> <InPorts = 2> <OutPorts = 1>
ST_6 : Operation 314 [1/2] ( I:1.23ns O:1.23ns )   --->   "%bnn_top_int_const_unsigned_int_const_int_const_unsigned_int_const_int_co_189 = load i10 %bnn_top_int_const_unsigned_int_const_int_const_unsigned_int_const_int_co_181" [bnn.cpp:88]   --->   Operation 314 'load' 'bnn_top_int_const_unsigned_int_const_int_const_unsigned_int_const_int_co_189' <Predicate = (!icmp_ln79 & !tmp_5 & trunc_ln80 == 0)> <Delay = 1.23> <CoreInst = "RAM">   --->   Core 82 'RAM' <Latency = 1> <II = 1> <Delay = 1.23> <Storage> <Opcode : 'load' 'store'> <Ports = 2> <Width = 1> <Depth = 1024> <RAM>
ST_6 : Operation 315 [1/2] ( I:1.23ns O:1.23ns )   --->   "%bnn_top_int_const_unsigned_int_const_int_const_unsigned_int_const_int_co_190 = load i10 %bnn_top_int_const_unsigned_int_const_int_const_unsigned_int_const_int_co_182" [bnn.cpp:88]   --->   Operation 315 'load' 'bnn_top_int_const_unsigned_int_const_int_const_unsigned_int_const_int_co_190' <Predicate = (!icmp_ln79 & !tmp_5 & trunc_ln80 == 1)> <Delay = 1.23> <CoreInst = "RAM">   --->   Core 82 'RAM' <Latency = 1> <II = 1> <Delay = 1.23> <Storage> <Opcode : 'load' 'store'> <Ports = 2> <Width = 1> <Depth = 1024> <RAM>
ST_6 : Operation 316 [1/2] ( I:1.23ns O:1.23ns )   --->   "%bnn_top_int_const_unsigned_int_const_int_const_unsigned_int_const_int_co_191 = load i10 %bnn_top_int_const_unsigned_int_const_int_const_unsigned_int_const_int_co_183" [bnn.cpp:88]   --->   Operation 316 'load' 'bnn_top_int_const_unsigned_int_const_int_const_unsigned_int_const_int_co_191' <Predicate = (!icmp_ln79 & !tmp_5 & trunc_ln80 == 2)> <Delay = 1.23> <CoreInst = "RAM">   --->   Core 82 'RAM' <Latency = 1> <II = 1> <Delay = 1.23> <Storage> <Opcode : 'load' 'store'> <Ports = 2> <Width = 1> <Depth = 1024> <RAM>
ST_6 : Operation 317 [1/2] ( I:1.23ns O:1.23ns )   --->   "%bnn_top_int_const_unsigned_int_const_int_const_unsigned_int_const_int_co_192 = load i10 %bnn_top_int_const_unsigned_int_const_int_const_unsigned_int_const_int_co_184" [bnn.cpp:88]   --->   Operation 317 'load' 'bnn_top_int_const_unsigned_int_const_int_const_unsigned_int_const_int_co_192' <Predicate = (!icmp_ln79 & !tmp_5 & trunc_ln80 == 3)> <Delay = 1.23> <CoreInst = "RAM">   --->   Core 82 'RAM' <Latency = 1> <II = 1> <Delay = 1.23> <Storage> <Opcode : 'load' 'store'> <Ports = 2> <Width = 1> <Depth = 1024> <RAM>
ST_6 : Operation 318 [1/2] ( I:1.23ns O:1.23ns )   --->   "%bnn_top_int_const_unsigned_int_const_int_const_unsigned_int_const_int_co_193 = load i10 %bnn_top_int_const_unsigned_int_const_int_const_unsigned_int_const_int_co_185" [bnn.cpp:88]   --->   Operation 318 'load' 'bnn_top_int_const_unsigned_int_const_int_const_unsigned_int_const_int_co_193' <Predicate = (!icmp_ln79 & !tmp_5 & trunc_ln80 == 4)> <Delay = 1.23> <CoreInst = "RAM">   --->   Core 82 'RAM' <Latency = 1> <II = 1> <Delay = 1.23> <Storage> <Opcode : 'load' 'store'> <Ports = 2> <Width = 1> <Depth = 1024> <RAM>
ST_6 : Operation 319 [1/2] ( I:1.23ns O:1.23ns )   --->   "%bnn_top_int_const_unsigned_int_const_int_const_unsigned_int_const_int_co_194 = load i10 %bnn_top_int_const_unsigned_int_const_int_const_unsigned_int_const_int_co_186" [bnn.cpp:88]   --->   Operation 319 'load' 'bnn_top_int_const_unsigned_int_const_int_const_unsigned_int_const_int_co_194' <Predicate = (!icmp_ln79 & !tmp_5 & trunc_ln80 == 5)> <Delay = 1.23> <CoreInst = "RAM">   --->   Core 82 'RAM' <Latency = 1> <II = 1> <Delay = 1.23> <Storage> <Opcode : 'load' 'store'> <Ports = 2> <Width = 1> <Depth = 1024> <RAM>
ST_6 : Operation 320 [1/2] ( I:1.23ns O:1.23ns )   --->   "%bnn_top_int_const_unsigned_int_const_int_const_unsigned_int_const_int_co_195 = load i10 %bnn_top_int_const_unsigned_int_const_int_const_unsigned_int_const_int_co_187" [bnn.cpp:88]   --->   Operation 320 'load' 'bnn_top_int_const_unsigned_int_const_int_const_unsigned_int_const_int_co_195' <Predicate = (!icmp_ln79 & !tmp_5 & trunc_ln80 == 6)> <Delay = 1.23> <CoreInst = "RAM">   --->   Core 82 'RAM' <Latency = 1> <II = 1> <Delay = 1.23> <Storage> <Opcode : 'load' 'store'> <Ports = 2> <Width = 1> <Depth = 1024> <RAM>
ST_6 : Operation 321 [1/2] ( I:1.23ns O:1.23ns )   --->   "%bnn_top_int_const_unsigned_int_const_int_const_unsigned_int_const_int_co_196 = load i10 %bnn_top_int_const_unsigned_int_const_int_const_unsigned_int_const_int_co_188" [bnn.cpp:88]   --->   Operation 321 'load' 'bnn_top_int_const_unsigned_int_const_int_const_unsigned_int_const_int_co_196' <Predicate = (!icmp_ln79 & !tmp_5 & trunc_ln80 == 7)> <Delay = 1.23> <CoreInst = "RAM">   --->   Core 82 'RAM' <Latency = 1> <II = 1> <Delay = 1.23> <Storage> <Opcode : 'load' 'store'> <Ports = 2> <Width = 1> <Depth = 1024> <RAM>
ST_6 : Operation 322 [1/1] (0.72ns)   --->   "%a_7 = sparsemux i1 @_ssdm_op_SparseMux.ap_auto.8i1.i1.i3, i3 0, i1 %bnn_top_int_const_unsigned_int_const_int_const_unsigned_int_const_int_co_189, i3 1, i1 %bnn_top_int_const_unsigned_int_const_int_const_unsigned_int_const_int_co_190, i3 2, i1 %bnn_top_int_const_unsigned_int_const_int_const_unsigned_int_const_int_co_191, i3 3, i1 %bnn_top_int_const_unsigned_int_const_int_const_unsigned_int_const_int_co_192, i3 4, i1 %bnn_top_int_const_unsigned_int_const_int_const_unsigned_int_const_int_co_193, i3 5, i1 %bnn_top_int_const_unsigned_int_const_int_const_unsigned_int_const_int_co_194, i3 6, i1 %bnn_top_int_const_unsigned_int_const_int_const_unsigned_int_const_int_co_195, i3 7, i1 %bnn_top_int_const_unsigned_int_const_int_const_unsigned_int_const_int_co_196, i1 0, i3 %trunc_ln80" [bnn.cpp:88]   --->   Operation 322 'sparsemux' 'a_7' <Predicate = (!icmp_ln79 & !tmp_5)> <Delay = 0.72> <CoreInst = "BinarySparseMux_DontCare">   --->   Core 149 'BinarySparseMux_DontCare' <Latency = 0> <II = 1> <Delay = 0.72> <FuncUnit> <Opcode : 'sparsemux'> <InPorts = 2> <OutPorts = 1>
ST_6 : Operation 323 [1/2] ( I:0.00ns O:0.00ns )   --->   "%W2_0_load_7 = load i9 %W2_0_addr_7" [bnn.cpp:89]   --->   Operation 323 'load' 'W2_0_load_7' <Predicate = (!icmp_ln79 & !tmp_5)> <Delay = 0.00> <CoreInst = "RAM">   --->   Core 82 'RAM' <Latency = 1> <II = 1> <Delay = 1.23> <Storage> <Opcode : 'load' 'store'> <Ports = 2> <Width = 32> <Depth = 288> <RAM>
ST_6 : Operation 324 [1/2] ( I:0.00ns O:0.00ns )   --->   "%W2_1_load_7 = load i9 %W2_1_addr_7" [bnn.cpp:89]   --->   Operation 324 'load' 'W2_1_load_7' <Predicate = (!icmp_ln79 & !tmp_5)> <Delay = 0.00> <CoreInst = "RAM">   --->   Core 82 'RAM' <Latency = 1> <II = 1> <Delay = 1.23> <Storage> <Opcode : 'load' 'store'> <Ports = 2> <Width = 32> <Depth = 288> <RAM>
ST_6 : Operation 325 [1/1] (0.44ns)   --->   "%select_ln89_7 = select i1 %tmp_23, i32 %W2_1_load_7, i32 %W2_0_load_7" [bnn.cpp:89]   --->   Operation 325 'select' 'select_ln89_7' <Predicate = (!icmp_ln79 & !tmp_5)> <Delay = 0.44> <CoreInst = "Sel">   --->   Core 73 'Sel' <Latency = 0> <II = 1> <Delay = 0.44> <FuncUnit> <Opcode : 'select'> <InPorts = 3> <OutPorts = 1>
ST_6 : Operation 326 [1/1] (0.78ns)   --->   "%add_ln89_14 = add i5 %trunc_ln89, i5 7" [bnn.cpp:89]   --->   Operation 326 'add' 'add_ln89_14' <Predicate = (!icmp_ln79 & !tmp_5)> <Delay = 0.78> <CoreInst = "Adder">   --->   Core 1 'Adder' <Latency = 0> <II = 1> <Delay = 0.78> <FuncUnit> <Opcode : 'add' 'sub'> <InPorts = 2> <OutPorts = 1>
ST_6 : Operation 327 [1/1] (0.00ns)   --->   "%zext_ln89_17 = zext i5 %add_ln89_14" [bnn.cpp:89]   --->   Operation 327 'zext' 'zext_ln89_17' <Predicate = (!icmp_ln79 & !tmp_5)> <Delay = 0.00>
ST_6 : Operation 328 [1/1] (1.38ns)   --->   "%lshr_ln89_13 = lshr i32 %select_ln89_7, i32 %zext_ln89_17" [bnn.cpp:89]   --->   Operation 328 'lshr' 'lshr_ln89_13' <Predicate = (!icmp_ln79 & !tmp_5)> <Delay = 1.38> <CoreInst = "Shifter">   --->   Core 75 'Shifter' <Latency = 0> <II = 1> <Delay = 1.38> <FuncUnit> <Opcode : 'shl' 'lshr' 'ashr'> <InPorts = 2> <OutPorts = 1>
ST_6 : Operation 329 [1/1] (0.00ns)   --->   "%zext_ln88_9 = zext i10 %add_ln88_13" [bnn.cpp:88]   --->   Operation 329 'zext' 'zext_ln88_9' <Predicate = (!icmp_ln79)> <Delay = 0.00>
ST_6 : Operation 330 [1/1] (0.00ns)   --->   "%bnn_top_int_const_unsigned_int_const_int_const_unsigned_int_const_int_co_197 = getelementptr i1 %bnn_top_int_const_unsigned_int_const_int_const_unsigned_int_const_int_co_20, i64 0, i64 %zext_ln88_9" [bnn.cpp:88]   --->   Operation 330 'getelementptr' 'bnn_top_int_const_unsigned_int_const_int_const_unsigned_int_const_int_co_197' <Predicate = (!icmp_ln79 & trunc_ln80 == 7)> <Delay = 0.00>
ST_6 : Operation 331 [1/1] (0.00ns)   --->   "%bnn_top_int_const_unsigned_int_const_int_const_unsigned_int_const_int_co_198 = getelementptr i1 %bnn_top_int_const_unsigned_int_const_int_const_unsigned_int_const_int_co_19, i64 0, i64 %zext_ln88_9" [bnn.cpp:88]   --->   Operation 331 'getelementptr' 'bnn_top_int_const_unsigned_int_const_int_const_unsigned_int_const_int_co_198' <Predicate = (!icmp_ln79 & trunc_ln80 == 0)> <Delay = 0.00>
ST_6 : Operation 332 [1/1] (0.00ns)   --->   "%bnn_top_int_const_unsigned_int_const_int_const_unsigned_int_const_int_co_199 = getelementptr i1 %bnn_top_int_const_unsigned_int_const_int_const_unsigned_int_const_int_co_18, i64 0, i64 %zext_ln88_9" [bnn.cpp:88]   --->   Operation 332 'getelementptr' 'bnn_top_int_const_unsigned_int_const_int_const_unsigned_int_const_int_co_199' <Predicate = (!icmp_ln79 & trunc_ln80 == 1)> <Delay = 0.00>
ST_6 : Operation 333 [1/1] (0.00ns)   --->   "%bnn_top_int_const_unsigned_int_const_int_const_unsigned_int_const_int_co_200 = getelementptr i1 %bnn_top_int_const_unsigned_int_const_int_const_unsigned_int_const_int_co_17, i64 0, i64 %zext_ln88_9" [bnn.cpp:88]   --->   Operation 333 'getelementptr' 'bnn_top_int_const_unsigned_int_const_int_const_unsigned_int_const_int_co_200' <Predicate = (!icmp_ln79 & trunc_ln80 == 2)> <Delay = 0.00>
ST_6 : Operation 334 [1/1] (0.00ns)   --->   "%bnn_top_int_const_unsigned_int_const_int_const_unsigned_int_const_int_co_201 = getelementptr i1 %bnn_top_int_const_unsigned_int_const_int_const_unsigned_int_const_int_co_16, i64 0, i64 %zext_ln88_9" [bnn.cpp:88]   --->   Operation 334 'getelementptr' 'bnn_top_int_const_unsigned_int_const_int_const_unsigned_int_const_int_co_201' <Predicate = (!icmp_ln79 & trunc_ln80 == 3)> <Delay = 0.00>
ST_6 : Operation 335 [1/1] (0.00ns)   --->   "%bnn_top_int_const_unsigned_int_const_int_const_unsigned_int_const_int_co_202 = getelementptr i1 %bnn_top_int_const_unsigned_int_const_int_const_unsigned_int_const_int_co_15, i64 0, i64 %zext_ln88_9" [bnn.cpp:88]   --->   Operation 335 'getelementptr' 'bnn_top_int_const_unsigned_int_const_int_const_unsigned_int_const_int_co_202' <Predicate = (!icmp_ln79 & trunc_ln80 == 4)> <Delay = 0.00>
ST_6 : Operation 336 [1/1] (0.00ns)   --->   "%bnn_top_int_const_unsigned_int_const_int_const_unsigned_int_const_int_co_203 = getelementptr i1 %bnn_top_int_const_unsigned_int_const_int_const_unsigned_int_const_int_co_14, i64 0, i64 %zext_ln88_9" [bnn.cpp:88]   --->   Operation 336 'getelementptr' 'bnn_top_int_const_unsigned_int_const_int_const_unsigned_int_const_int_co_203' <Predicate = (!icmp_ln79 & trunc_ln80 == 5)> <Delay = 0.00>
ST_6 : Operation 337 [1/1] (0.00ns)   --->   "%bnn_top_int_const_unsigned_int_const_int_const_unsigned_int_const_int_co_204 = getelementptr i1 %bnn_top_int_const_unsigned_int_const_int_const_unsigned_int_const_int_co_13, i64 0, i64 %zext_ln88_9" [bnn.cpp:88]   --->   Operation 337 'getelementptr' 'bnn_top_int_const_unsigned_int_const_int_const_unsigned_int_const_int_co_204' <Predicate = (!icmp_ln79 & trunc_ln80 == 6)> <Delay = 0.00>
ST_6 : Operation 338 [2/2] (1.23ns)   --->   "%bnn_top_int_const_unsigned_int_const_int_const_unsigned_int_const_int_co_205 = load i10 %bnn_top_int_const_unsigned_int_const_int_const_unsigned_int_const_int_co_197" [bnn.cpp:88]   --->   Operation 338 'load' 'bnn_top_int_const_unsigned_int_const_int_const_unsigned_int_const_int_co_205' <Predicate = (!icmp_ln79 & trunc_ln80 == 7)> <Delay = 1.23> <CoreInst = "RAM">   --->   Core 82 'RAM' <Latency = 1> <II = 1> <Delay = 1.23> <Storage> <Opcode : 'load' 'store'> <Ports = 2> <Width = 1> <Depth = 1024> <RAM>
ST_6 : Operation 339 [2/2] (1.23ns)   --->   "%bnn_top_int_const_unsigned_int_const_int_const_unsigned_int_const_int_co_206 = load i10 %bnn_top_int_const_unsigned_int_const_int_const_unsigned_int_const_int_co_198" [bnn.cpp:88]   --->   Operation 339 'load' 'bnn_top_int_const_unsigned_int_const_int_const_unsigned_int_const_int_co_206' <Predicate = (!icmp_ln79 & trunc_ln80 == 0)> <Delay = 1.23> <CoreInst = "RAM">   --->   Core 82 'RAM' <Latency = 1> <II = 1> <Delay = 1.23> <Storage> <Opcode : 'load' 'store'> <Ports = 2> <Width = 1> <Depth = 1024> <RAM>
ST_6 : Operation 340 [2/2] (1.23ns)   --->   "%bnn_top_int_const_unsigned_int_const_int_const_unsigned_int_const_int_co_207 = load i10 %bnn_top_int_const_unsigned_int_const_int_const_unsigned_int_const_int_co_199" [bnn.cpp:88]   --->   Operation 340 'load' 'bnn_top_int_const_unsigned_int_const_int_const_unsigned_int_const_int_co_207' <Predicate = (!icmp_ln79 & trunc_ln80 == 1)> <Delay = 1.23> <CoreInst = "RAM">   --->   Core 82 'RAM' <Latency = 1> <II = 1> <Delay = 1.23> <Storage> <Opcode : 'load' 'store'> <Ports = 2> <Width = 1> <Depth = 1024> <RAM>
ST_6 : Operation 341 [2/2] (1.23ns)   --->   "%bnn_top_int_const_unsigned_int_const_int_const_unsigned_int_const_int_co_208 = load i10 %bnn_top_int_const_unsigned_int_const_int_const_unsigned_int_const_int_co_200" [bnn.cpp:88]   --->   Operation 341 'load' 'bnn_top_int_const_unsigned_int_const_int_const_unsigned_int_const_int_co_208' <Predicate = (!icmp_ln79 & trunc_ln80 == 2)> <Delay = 1.23> <CoreInst = "RAM">   --->   Core 82 'RAM' <Latency = 1> <II = 1> <Delay = 1.23> <Storage> <Opcode : 'load' 'store'> <Ports = 2> <Width = 1> <Depth = 1024> <RAM>
ST_6 : Operation 342 [2/2] (1.23ns)   --->   "%bnn_top_int_const_unsigned_int_const_int_const_unsigned_int_const_int_co_209 = load i10 %bnn_top_int_const_unsigned_int_const_int_const_unsigned_int_const_int_co_201" [bnn.cpp:88]   --->   Operation 342 'load' 'bnn_top_int_const_unsigned_int_const_int_const_unsigned_int_const_int_co_209' <Predicate = (!icmp_ln79 & trunc_ln80 == 3)> <Delay = 1.23> <CoreInst = "RAM">   --->   Core 82 'RAM' <Latency = 1> <II = 1> <Delay = 1.23> <Storage> <Opcode : 'load' 'store'> <Ports = 2> <Width = 1> <Depth = 1024> <RAM>
ST_6 : Operation 343 [2/2] (1.23ns)   --->   "%bnn_top_int_const_unsigned_int_const_int_const_unsigned_int_const_int_co_210 = load i10 %bnn_top_int_const_unsigned_int_const_int_const_unsigned_int_const_int_co_202" [bnn.cpp:88]   --->   Operation 343 'load' 'bnn_top_int_const_unsigned_int_const_int_const_unsigned_int_const_int_co_210' <Predicate = (!icmp_ln79 & trunc_ln80 == 4)> <Delay = 1.23> <CoreInst = "RAM">   --->   Core 82 'RAM' <Latency = 1> <II = 1> <Delay = 1.23> <Storage> <Opcode : 'load' 'store'> <Ports = 2> <Width = 1> <Depth = 1024> <RAM>
ST_6 : Operation 344 [2/2] (1.23ns)   --->   "%bnn_top_int_const_unsigned_int_const_int_const_unsigned_int_const_int_co_211 = load i10 %bnn_top_int_const_unsigned_int_const_int_const_unsigned_int_const_int_co_203" [bnn.cpp:88]   --->   Operation 344 'load' 'bnn_top_int_const_unsigned_int_const_int_const_unsigned_int_const_int_co_211' <Predicate = (!icmp_ln79 & trunc_ln80 == 5)> <Delay = 1.23> <CoreInst = "RAM">   --->   Core 82 'RAM' <Latency = 1> <II = 1> <Delay = 1.23> <Storage> <Opcode : 'load' 'store'> <Ports = 2> <Width = 1> <Depth = 1024> <RAM>
ST_6 : Operation 345 [2/2] (1.23ns)   --->   "%bnn_top_int_const_unsigned_int_const_int_const_unsigned_int_const_int_co_212 = load i10 %bnn_top_int_const_unsigned_int_const_int_const_unsigned_int_const_int_co_204" [bnn.cpp:88]   --->   Operation 345 'load' 'bnn_top_int_const_unsigned_int_const_int_const_unsigned_int_const_int_co_212' <Predicate = (!icmp_ln79 & trunc_ln80 == 6)> <Delay = 1.23> <CoreInst = "RAM">   --->   Core 82 'RAM' <Latency = 1> <II = 1> <Delay = 1.23> <Storage> <Opcode : 'load' 'store'> <Ports = 2> <Width = 1> <Depth = 1024> <RAM>
ST_6 : Operation 346 [1/1] (0.00ns)   --->   "%zext_ln89_8 = zext i9 %lshr_ln89_14" [bnn.cpp:89]   --->   Operation 346 'zext' 'zext_ln89_8' <Predicate = (!icmp_ln79)> <Delay = 0.00>
ST_6 : Operation 347 [1/1] (0.00ns)   --->   "%W2_0_addr_8 = getelementptr i32 %W2_0, i64 0, i64 %zext_ln89_8" [bnn.cpp:89]   --->   Operation 347 'getelementptr' 'W2_0_addr_8' <Predicate = (!icmp_ln79 & !tmp_24)> <Delay = 0.00>
ST_6 : Operation 348 [2/2] (0.00ns)   --->   "%W2_0_load_8 = load i9 %W2_0_addr_8" [bnn.cpp:89]   --->   Operation 348 'load' 'W2_0_load_8' <Predicate = (!icmp_ln79 & !tmp_24)> <Delay = 0.00> <CoreInst = "RAM">   --->   Core 82 'RAM' <Latency = 1> <II = 1> <Delay = 1.23> <Storage> <Opcode : 'load' 'store'> <Ports = 2> <Width = 32> <Depth = 288> <RAM>
ST_6 : Operation 349 [1/1] (0.00ns)   --->   "%W2_1_addr_8 = getelementptr i32 %W2_1, i64 0, i64 %zext_ln89_8" [bnn.cpp:89]   --->   Operation 349 'getelementptr' 'W2_1_addr_8' <Predicate = (!icmp_ln79 & tmp_24)> <Delay = 0.00>
ST_6 : Operation 350 [2/2] (0.00ns)   --->   "%W2_1_load_8 = load i9 %W2_1_addr_8" [bnn.cpp:89]   --->   Operation 350 'load' 'W2_1_load_8' <Predicate = (!icmp_ln79 & tmp_24)> <Delay = 0.00> <CoreInst = "RAM">   --->   Core 82 'RAM' <Latency = 1> <II = 1> <Delay = 1.23> <Storage> <Opcode : 'load' 'store'> <Ports = 2> <Width = 32> <Depth = 288> <RAM>
ST_6 : Operation 351 [5/9] (1.06ns)   --->   "%urem_ln94 = urem i5 %add_ln94, i5 5" [bnn.cpp:94]   --->   Operation 351 'urem' 'urem_ln94' <Predicate = (!icmp_ln79)> <Delay = 1.06> <CoreInst = "Divider">   --->   Core 6 'Divider' <Latency = 8> <II = 1> <Delay = 1.06> <FuncUnit> <Opcode : 'udiv' 'sdiv' 'urem' 'srem'> <InPorts = 2> <OutPorts = 1>
ST_6 : Operation 352 [1/1] (0.42ns)   --->   "%store_ln80 = store i5 %select_ln80, i5 %ow" [bnn.cpp:80]   --->   Operation 352 'store' 'store_ln80' <Predicate = (!icmp_ln79)> <Delay = 0.42>

State 7 <SV = 6> <Delay = 2.88>
ST_7 : Operation 353 [1/1] (0.00ns)   --->   "%zext_ln86_1 = zext i8 %shl_ln3" [bnn.cpp:86]   --->   Operation 353 'zext' 'zext_ln86_1' <Predicate = true> <Delay = 0.00>
ST_7 : Operation 354 [1/1] (0.00ns)   --->   "%zext_ln80 = zext i5 %select_ln80" [bnn.cpp:80]   --->   Operation 354 'zext' 'zext_ln80' <Predicate = true> <Delay = 0.00>
ST_7 : Operation 355 [1/1] (0.00ns)   --->   "%sext_ln87_1 = sext i5 %add_ln86_1" [bnn.cpp:87]   --->   Operation 355 'sext' 'sext_ln87_1' <Predicate = true> <Delay = 0.00>
ST_7 : Operation 356 [1/1] (0.00ns)   --->   "%zext_ln87_2 = zext i5 %add_ln86_2_mid2" [bnn.cpp:87]   --->   Operation 356 'zext' 'zext_ln87_2' <Predicate = true> <Delay = 0.00>
ST_7 : Operation 357 [1/1] (0.00ns)   --->   "%shl_ln88_1 = bitconcatenate i13 @_ssdm_op_BitConcatenate.i13.i5.i8, i5 %trunc_ln88, i8 0" [bnn.cpp:88]   --->   Operation 357 'bitconcatenate' 'shl_ln88_1' <Predicate = true> <Delay = 0.00>
ST_7 : Operation 358 [1/1] (0.00ns) (grouped into TernaryAdder)   --->   "%add_ln88_1 = add i13 %shl_ln88_1, i13 8176" [bnn.cpp:88]   --->   Operation 358 'add' 'add_ln88_1' <Predicate = true> <Delay = 0.00> <CoreInst = "TAddSub">   --->   Core 10 'TAddSub' <Latency = 0> <II = 1> <Delay = 0.41> <IPBlock> <Opcode : 'add' 'sub'> <InPorts = 3> <OutPorts = 1> <Sync> <CReg>
ST_7 : Operation 359 [1/1] (0.82ns) (root node of TernaryAdder)   --->   "%add_ln88_2 = add i13 %add_ln88_1, i13 %zext_ln86_1" [bnn.cpp:88]   --->   Operation 359 'add' 'add_ln88_2' <Predicate = true> <Delay = 0.82> <CoreInst = "TAddSub">   --->   Core 10 'TAddSub' <Latency = 0> <II = 1> <Delay = 0.41> <IPBlock> <Opcode : 'add' 'sub'> <InPorts = 3> <OutPorts = 1> <Sync> <CReg>
ST_7 : Operation 360 [1/1] (0.82ns)   --->   "%add_ln88_3 = add i13 %add_ln88_2, i13 %sext_ln87_1" [bnn.cpp:88]   --->   Operation 360 'add' 'add_ln88_3' <Predicate = true> <Delay = 0.82> <CoreInst = "Adder">   --->   Core 1 'Adder' <Latency = 0> <II = 1> <Delay = 0.82> <FuncUnit> <Opcode : 'add' 'sub'> <InPorts = 2> <OutPorts = 1>
ST_7 : Operation 361 [1/1] (0.00ns)   --->   "%lshr_ln88_2 = partselect i10 @_ssdm_op_PartSelect.i10.i13.i32.i32, i13 %add_ln88_3, i32 3, i32 12" [bnn.cpp:88]   --->   Operation 361 'partselect' 'lshr_ln88_2' <Predicate = true> <Delay = 0.00>
ST_7 : Operation 362 [1/1] (0.00ns)   --->   "%zext_ln88_1 = zext i10 %lshr_ln88_2" [bnn.cpp:88]   --->   Operation 362 'zext' 'zext_ln88_1' <Predicate = true> <Delay = 0.00>
ST_7 : Operation 363 [1/1] (0.00ns)   --->   "%bnn_top_int_const_unsigned_int_const_int_const_unsigned_int_const_int_co_69 = getelementptr i1 %bnn_top_int_const_unsigned_int_const_int_const_unsigned_int_const_int_co_20, i64 0, i64 %zext_ln88_1" [bnn.cpp:88]   --->   Operation 363 'getelementptr' 'bnn_top_int_const_unsigned_int_const_int_const_unsigned_int_const_int_co_69' <Predicate = (trunc_ln80 == 1)> <Delay = 0.00>
ST_7 : Operation 364 [1/1] (0.00ns)   --->   "%bnn_top_int_const_unsigned_int_const_int_const_unsigned_int_const_int_co_70 = getelementptr i1 %bnn_top_int_const_unsigned_int_const_int_const_unsigned_int_const_int_co_19, i64 0, i64 %zext_ln88_1" [bnn.cpp:88]   --->   Operation 364 'getelementptr' 'bnn_top_int_const_unsigned_int_const_int_const_unsigned_int_const_int_co_70' <Predicate = (trunc_ln80 == 2)> <Delay = 0.00>
ST_7 : Operation 365 [1/1] (0.00ns)   --->   "%bnn_top_int_const_unsigned_int_const_int_const_unsigned_int_const_int_co_71 = getelementptr i1 %bnn_top_int_const_unsigned_int_const_int_const_unsigned_int_const_int_co_18, i64 0, i64 %zext_ln88_1" [bnn.cpp:88]   --->   Operation 365 'getelementptr' 'bnn_top_int_const_unsigned_int_const_int_const_unsigned_int_const_int_co_71' <Predicate = (trunc_ln80 == 3)> <Delay = 0.00>
ST_7 : Operation 366 [1/1] (0.00ns)   --->   "%bnn_top_int_const_unsigned_int_const_int_const_unsigned_int_const_int_co_72 = getelementptr i1 %bnn_top_int_const_unsigned_int_const_int_const_unsigned_int_const_int_co_17, i64 0, i64 %zext_ln88_1" [bnn.cpp:88]   --->   Operation 366 'getelementptr' 'bnn_top_int_const_unsigned_int_const_int_const_unsigned_int_const_int_co_72' <Predicate = (trunc_ln80 == 4)> <Delay = 0.00>
ST_7 : Operation 367 [1/1] (0.00ns)   --->   "%bnn_top_int_const_unsigned_int_const_int_const_unsigned_int_const_int_co_73 = getelementptr i1 %bnn_top_int_const_unsigned_int_const_int_const_unsigned_int_const_int_co_16, i64 0, i64 %zext_ln88_1" [bnn.cpp:88]   --->   Operation 367 'getelementptr' 'bnn_top_int_const_unsigned_int_const_int_const_unsigned_int_const_int_co_73' <Predicate = (trunc_ln80 == 5)> <Delay = 0.00>
ST_7 : Operation 368 [1/1] (0.00ns)   --->   "%bnn_top_int_const_unsigned_int_const_int_const_unsigned_int_const_int_co_74 = getelementptr i1 %bnn_top_int_const_unsigned_int_const_int_const_unsigned_int_const_int_co_15, i64 0, i64 %zext_ln88_1" [bnn.cpp:88]   --->   Operation 368 'getelementptr' 'bnn_top_int_const_unsigned_int_const_int_const_unsigned_int_const_int_co_74' <Predicate = (trunc_ln80 == 6)> <Delay = 0.00>
ST_7 : Operation 369 [1/1] (0.00ns)   --->   "%bnn_top_int_const_unsigned_int_const_int_const_unsigned_int_const_int_co_75 = getelementptr i1 %bnn_top_int_const_unsigned_int_const_int_const_unsigned_int_const_int_co_14, i64 0, i64 %zext_ln88_1" [bnn.cpp:88]   --->   Operation 369 'getelementptr' 'bnn_top_int_const_unsigned_int_const_int_const_unsigned_int_const_int_co_75' <Predicate = (trunc_ln80 == 7)> <Delay = 0.00>
ST_7 : Operation 370 [1/1] (0.00ns)   --->   "%bnn_top_int_const_unsigned_int_const_int_const_unsigned_int_const_int_co_76 = getelementptr i1 %bnn_top_int_const_unsigned_int_const_int_const_unsigned_int_const_int_co_13, i64 0, i64 %zext_ln88_1" [bnn.cpp:88]   --->   Operation 370 'getelementptr' 'bnn_top_int_const_unsigned_int_const_int_const_unsigned_int_const_int_co_76' <Predicate = (trunc_ln80 == 0)> <Delay = 0.00>
ST_7 : Operation 371 [2/2] (1.23ns)   --->   "%bnn_top_int_const_unsigned_int_const_int_const_unsigned_int_const_int_co_77 = load i10 %bnn_top_int_const_unsigned_int_const_int_const_unsigned_int_const_int_co_69" [bnn.cpp:88]   --->   Operation 371 'load' 'bnn_top_int_const_unsigned_int_const_int_const_unsigned_int_const_int_co_77' <Predicate = (trunc_ln80 == 1)> <Delay = 1.23> <CoreInst = "RAM">   --->   Core 82 'RAM' <Latency = 1> <II = 1> <Delay = 1.23> <Storage> <Opcode : 'load' 'store'> <Ports = 2> <Width = 1> <Depth = 1024> <RAM>
ST_7 : Operation 372 [2/2] (1.23ns)   --->   "%bnn_top_int_const_unsigned_int_const_int_const_unsigned_int_const_int_co_78 = load i10 %bnn_top_int_const_unsigned_int_const_int_const_unsigned_int_const_int_co_70" [bnn.cpp:88]   --->   Operation 372 'load' 'bnn_top_int_const_unsigned_int_const_int_const_unsigned_int_const_int_co_78' <Predicate = (trunc_ln80 == 2)> <Delay = 1.23> <CoreInst = "RAM">   --->   Core 82 'RAM' <Latency = 1> <II = 1> <Delay = 1.23> <Storage> <Opcode : 'load' 'store'> <Ports = 2> <Width = 1> <Depth = 1024> <RAM>
ST_7 : Operation 373 [2/2] (1.23ns)   --->   "%bnn_top_int_const_unsigned_int_const_int_const_unsigned_int_const_int_co_79 = load i10 %bnn_top_int_const_unsigned_int_const_int_const_unsigned_int_const_int_co_71" [bnn.cpp:88]   --->   Operation 373 'load' 'bnn_top_int_const_unsigned_int_const_int_const_unsigned_int_const_int_co_79' <Predicate = (trunc_ln80 == 3)> <Delay = 1.23> <CoreInst = "RAM">   --->   Core 82 'RAM' <Latency = 1> <II = 1> <Delay = 1.23> <Storage> <Opcode : 'load' 'store'> <Ports = 2> <Width = 1> <Depth = 1024> <RAM>
ST_7 : Operation 374 [2/2] (1.23ns)   --->   "%bnn_top_int_const_unsigned_int_const_int_const_unsigned_int_const_int_co_80 = load i10 %bnn_top_int_const_unsigned_int_const_int_const_unsigned_int_const_int_co_72" [bnn.cpp:88]   --->   Operation 374 'load' 'bnn_top_int_const_unsigned_int_const_int_const_unsigned_int_const_int_co_80' <Predicate = (trunc_ln80 == 4)> <Delay = 1.23> <CoreInst = "RAM">   --->   Core 82 'RAM' <Latency = 1> <II = 1> <Delay = 1.23> <Storage> <Opcode : 'load' 'store'> <Ports = 2> <Width = 1> <Depth = 1024> <RAM>
ST_7 : Operation 375 [2/2] (1.23ns)   --->   "%bnn_top_int_const_unsigned_int_const_int_const_unsigned_int_const_int_co_81 = load i10 %bnn_top_int_const_unsigned_int_const_int_const_unsigned_int_const_int_co_73" [bnn.cpp:88]   --->   Operation 375 'load' 'bnn_top_int_const_unsigned_int_const_int_const_unsigned_int_const_int_co_81' <Predicate = (trunc_ln80 == 5)> <Delay = 1.23> <CoreInst = "RAM">   --->   Core 82 'RAM' <Latency = 1> <II = 1> <Delay = 1.23> <Storage> <Opcode : 'load' 'store'> <Ports = 2> <Width = 1> <Depth = 1024> <RAM>
ST_7 : Operation 376 [2/2] (1.23ns)   --->   "%bnn_top_int_const_unsigned_int_const_int_const_unsigned_int_const_int_co_82 = load i10 %bnn_top_int_const_unsigned_int_const_int_const_unsigned_int_const_int_co_74" [bnn.cpp:88]   --->   Operation 376 'load' 'bnn_top_int_const_unsigned_int_const_int_const_unsigned_int_const_int_co_82' <Predicate = (trunc_ln80 == 6)> <Delay = 1.23> <CoreInst = "RAM">   --->   Core 82 'RAM' <Latency = 1> <II = 1> <Delay = 1.23> <Storage> <Opcode : 'load' 'store'> <Ports = 2> <Width = 1> <Depth = 1024> <RAM>
ST_7 : Operation 377 [2/2] (1.23ns)   --->   "%bnn_top_int_const_unsigned_int_const_int_const_unsigned_int_const_int_co_83 = load i10 %bnn_top_int_const_unsigned_int_const_int_const_unsigned_int_const_int_co_75" [bnn.cpp:88]   --->   Operation 377 'load' 'bnn_top_int_const_unsigned_int_const_int_const_unsigned_int_const_int_co_83' <Predicate = (trunc_ln80 == 7)> <Delay = 1.23> <CoreInst = "RAM">   --->   Core 82 'RAM' <Latency = 1> <II = 1> <Delay = 1.23> <Storage> <Opcode : 'load' 'store'> <Ports = 2> <Width = 1> <Depth = 1024> <RAM>
ST_7 : Operation 378 [2/2] (1.23ns)   --->   "%bnn_top_int_const_unsigned_int_const_int_const_unsigned_int_const_int_co_84 = load i10 %bnn_top_int_const_unsigned_int_const_int_const_unsigned_int_const_int_co_76" [bnn.cpp:88]   --->   Operation 378 'load' 'bnn_top_int_const_unsigned_int_const_int_const_unsigned_int_const_int_co_84' <Predicate = (trunc_ln80 == 0)> <Delay = 1.23> <CoreInst = "RAM">   --->   Core 82 'RAM' <Latency = 1> <II = 1> <Delay = 1.23> <Storage> <Opcode : 'load' 'store'> <Ports = 2> <Width = 1> <Depth = 1024> <RAM>
ST_7 : Operation 379 [1/1] (0.82ns)   --->   "%add_ln88_4 = add i13 %add_ln88_2, i13 %zext_ln80" [bnn.cpp:88]   --->   Operation 379 'add' 'add_ln88_4' <Predicate = true> <Delay = 0.82> <CoreInst = "Adder">   --->   Core 1 'Adder' <Latency = 0> <II = 1> <Delay = 0.82> <FuncUnit> <Opcode : 'add' 'sub'> <InPorts = 2> <OutPorts = 1>
ST_7 : Operation 380 [1/1] (0.00ns)   --->   "%lshr_ln88_3 = partselect i10 @_ssdm_op_PartSelect.i10.i13.i32.i32, i13 %add_ln88_4, i32 3, i32 12" [bnn.cpp:88]   --->   Operation 380 'partselect' 'lshr_ln88_3' <Predicate = true> <Delay = 0.00>
ST_7 : Operation 381 [1/1] (0.00ns)   --->   "%zext_ln88_2 = zext i10 %lshr_ln88_3" [bnn.cpp:88]   --->   Operation 381 'zext' 'zext_ln88_2' <Predicate = true> <Delay = 0.00>
ST_7 : Operation 382 [1/1] (0.00ns)   --->   "%bnn_top_int_const_unsigned_int_const_int_const_unsigned_int_const_int_co_85 = getelementptr i1 %bnn_top_int_const_unsigned_int_const_int_const_unsigned_int_const_int_co_20, i64 0, i64 %zext_ln88_2" [bnn.cpp:88]   --->   Operation 382 'getelementptr' 'bnn_top_int_const_unsigned_int_const_int_const_unsigned_int_const_int_co_85' <Predicate = (trunc_ln80 == 0)> <Delay = 0.00>
ST_7 : Operation 383 [1/1] (0.00ns)   --->   "%bnn_top_int_const_unsigned_int_const_int_const_unsigned_int_const_int_co_86 = getelementptr i1 %bnn_top_int_const_unsigned_int_const_int_const_unsigned_int_const_int_co_19, i64 0, i64 %zext_ln88_2" [bnn.cpp:88]   --->   Operation 383 'getelementptr' 'bnn_top_int_const_unsigned_int_const_int_const_unsigned_int_const_int_co_86' <Predicate = (trunc_ln80 == 1)> <Delay = 0.00>
ST_7 : Operation 384 [1/1] (0.00ns)   --->   "%bnn_top_int_const_unsigned_int_const_int_const_unsigned_int_const_int_co_87 = getelementptr i1 %bnn_top_int_const_unsigned_int_const_int_const_unsigned_int_const_int_co_18, i64 0, i64 %zext_ln88_2" [bnn.cpp:88]   --->   Operation 384 'getelementptr' 'bnn_top_int_const_unsigned_int_const_int_const_unsigned_int_const_int_co_87' <Predicate = (trunc_ln80 == 2)> <Delay = 0.00>
ST_7 : Operation 385 [1/1] (0.00ns)   --->   "%bnn_top_int_const_unsigned_int_const_int_const_unsigned_int_const_int_co_88 = getelementptr i1 %bnn_top_int_const_unsigned_int_const_int_const_unsigned_int_const_int_co_17, i64 0, i64 %zext_ln88_2" [bnn.cpp:88]   --->   Operation 385 'getelementptr' 'bnn_top_int_const_unsigned_int_const_int_const_unsigned_int_const_int_co_88' <Predicate = (trunc_ln80 == 3)> <Delay = 0.00>
ST_7 : Operation 386 [1/1] (0.00ns)   --->   "%bnn_top_int_const_unsigned_int_const_int_const_unsigned_int_const_int_co_89 = getelementptr i1 %bnn_top_int_const_unsigned_int_const_int_const_unsigned_int_const_int_co_16, i64 0, i64 %zext_ln88_2" [bnn.cpp:88]   --->   Operation 386 'getelementptr' 'bnn_top_int_const_unsigned_int_const_int_const_unsigned_int_const_int_co_89' <Predicate = (trunc_ln80 == 4)> <Delay = 0.00>
ST_7 : Operation 387 [1/1] (0.00ns)   --->   "%bnn_top_int_const_unsigned_int_const_int_const_unsigned_int_const_int_co_90 = getelementptr i1 %bnn_top_int_const_unsigned_int_const_int_const_unsigned_int_const_int_co_15, i64 0, i64 %zext_ln88_2" [bnn.cpp:88]   --->   Operation 387 'getelementptr' 'bnn_top_int_const_unsigned_int_const_int_const_unsigned_int_const_int_co_90' <Predicate = (trunc_ln80 == 5)> <Delay = 0.00>
ST_7 : Operation 388 [1/1] (0.00ns)   --->   "%bnn_top_int_const_unsigned_int_const_int_const_unsigned_int_const_int_co_91 = getelementptr i1 %bnn_top_int_const_unsigned_int_const_int_const_unsigned_int_const_int_co_14, i64 0, i64 %zext_ln88_2" [bnn.cpp:88]   --->   Operation 388 'getelementptr' 'bnn_top_int_const_unsigned_int_const_int_const_unsigned_int_const_int_co_91' <Predicate = (trunc_ln80 == 6)> <Delay = 0.00>
ST_7 : Operation 389 [1/1] (0.00ns)   --->   "%bnn_top_int_const_unsigned_int_const_int_const_unsigned_int_const_int_co_92 = getelementptr i1 %bnn_top_int_const_unsigned_int_const_int_const_unsigned_int_const_int_co_13, i64 0, i64 %zext_ln88_2" [bnn.cpp:88]   --->   Operation 389 'getelementptr' 'bnn_top_int_const_unsigned_int_const_int_const_unsigned_int_const_int_co_92' <Predicate = (trunc_ln80 == 7)> <Delay = 0.00>
ST_7 : Operation 390 [2/2] (1.23ns)   --->   "%bnn_top_int_const_unsigned_int_const_int_const_unsigned_int_const_int_co_93 = load i10 %bnn_top_int_const_unsigned_int_const_int_const_unsigned_int_const_int_co_85" [bnn.cpp:88]   --->   Operation 390 'load' 'bnn_top_int_const_unsigned_int_const_int_const_unsigned_int_const_int_co_93' <Predicate = (trunc_ln80 == 0)> <Delay = 1.23> <CoreInst = "RAM">   --->   Core 82 'RAM' <Latency = 1> <II = 1> <Delay = 1.23> <Storage> <Opcode : 'load' 'store'> <Ports = 2> <Width = 1> <Depth = 1024> <RAM>
ST_7 : Operation 391 [2/2] (1.23ns)   --->   "%bnn_top_int_const_unsigned_int_const_int_const_unsigned_int_const_int_co_94 = load i10 %bnn_top_int_const_unsigned_int_const_int_const_unsigned_int_const_int_co_86" [bnn.cpp:88]   --->   Operation 391 'load' 'bnn_top_int_const_unsigned_int_const_int_const_unsigned_int_const_int_co_94' <Predicate = (trunc_ln80 == 1)> <Delay = 1.23> <CoreInst = "RAM">   --->   Core 82 'RAM' <Latency = 1> <II = 1> <Delay = 1.23> <Storage> <Opcode : 'load' 'store'> <Ports = 2> <Width = 1> <Depth = 1024> <RAM>
ST_7 : Operation 392 [2/2] (1.23ns)   --->   "%bnn_top_int_const_unsigned_int_const_int_const_unsigned_int_const_int_co_95 = load i10 %bnn_top_int_const_unsigned_int_const_int_const_unsigned_int_const_int_co_87" [bnn.cpp:88]   --->   Operation 392 'load' 'bnn_top_int_const_unsigned_int_const_int_const_unsigned_int_const_int_co_95' <Predicate = (trunc_ln80 == 2)> <Delay = 1.23> <CoreInst = "RAM">   --->   Core 82 'RAM' <Latency = 1> <II = 1> <Delay = 1.23> <Storage> <Opcode : 'load' 'store'> <Ports = 2> <Width = 1> <Depth = 1024> <RAM>
ST_7 : Operation 393 [2/2] (1.23ns)   --->   "%bnn_top_int_const_unsigned_int_const_int_const_unsigned_int_const_int_co_96 = load i10 %bnn_top_int_const_unsigned_int_const_int_const_unsigned_int_const_int_co_88" [bnn.cpp:88]   --->   Operation 393 'load' 'bnn_top_int_const_unsigned_int_const_int_const_unsigned_int_const_int_co_96' <Predicate = (trunc_ln80 == 3)> <Delay = 1.23> <CoreInst = "RAM">   --->   Core 82 'RAM' <Latency = 1> <II = 1> <Delay = 1.23> <Storage> <Opcode : 'load' 'store'> <Ports = 2> <Width = 1> <Depth = 1024> <RAM>
ST_7 : Operation 394 [2/2] (1.23ns)   --->   "%bnn_top_int_const_unsigned_int_const_int_const_unsigned_int_const_int_co_97 = load i10 %bnn_top_int_const_unsigned_int_const_int_const_unsigned_int_const_int_co_89" [bnn.cpp:88]   --->   Operation 394 'load' 'bnn_top_int_const_unsigned_int_const_int_const_unsigned_int_const_int_co_97' <Predicate = (trunc_ln80 == 4)> <Delay = 1.23> <CoreInst = "RAM">   --->   Core 82 'RAM' <Latency = 1> <II = 1> <Delay = 1.23> <Storage> <Opcode : 'load' 'store'> <Ports = 2> <Width = 1> <Depth = 1024> <RAM>
ST_7 : Operation 395 [2/2] (1.23ns)   --->   "%bnn_top_int_const_unsigned_int_const_int_const_unsigned_int_const_int_co_98 = load i10 %bnn_top_int_const_unsigned_int_const_int_const_unsigned_int_const_int_co_90" [bnn.cpp:88]   --->   Operation 395 'load' 'bnn_top_int_const_unsigned_int_const_int_const_unsigned_int_const_int_co_98' <Predicate = (trunc_ln80 == 5)> <Delay = 1.23> <CoreInst = "RAM">   --->   Core 82 'RAM' <Latency = 1> <II = 1> <Delay = 1.23> <Storage> <Opcode : 'load' 'store'> <Ports = 2> <Width = 1> <Depth = 1024> <RAM>
ST_7 : Operation 396 [2/2] (1.23ns)   --->   "%bnn_top_int_const_unsigned_int_const_int_const_unsigned_int_const_int_co_99 = load i10 %bnn_top_int_const_unsigned_int_const_int_const_unsigned_int_const_int_co_91" [bnn.cpp:88]   --->   Operation 396 'load' 'bnn_top_int_const_unsigned_int_const_int_const_unsigned_int_const_int_co_99' <Predicate = (trunc_ln80 == 6)> <Delay = 1.23> <CoreInst = "RAM">   --->   Core 82 'RAM' <Latency = 1> <II = 1> <Delay = 1.23> <Storage> <Opcode : 'load' 'store'> <Ports = 2> <Width = 1> <Depth = 1024> <RAM>
ST_7 : Operation 397 [2/2] (1.23ns)   --->   "%bnn_top_int_const_unsigned_int_const_int_const_unsigned_int_const_int_co_100 = load i10 %bnn_top_int_const_unsigned_int_const_int_const_unsigned_int_const_int_co_92" [bnn.cpp:88]   --->   Operation 397 'load' 'bnn_top_int_const_unsigned_int_const_int_const_unsigned_int_const_int_co_100' <Predicate = (trunc_ln80 == 7)> <Delay = 1.23> <CoreInst = "RAM">   --->   Core 82 'RAM' <Latency = 1> <II = 1> <Delay = 1.23> <Storage> <Opcode : 'load' 'store'> <Ports = 2> <Width = 1> <Depth = 1024> <RAM>
ST_7 : Operation 398 [1/1] (0.82ns)   --->   "%add_ln88_5 = add i13 %add_ln88_2, i13 %zext_ln87_2" [bnn.cpp:88]   --->   Operation 398 'add' 'add_ln88_5' <Predicate = true> <Delay = 0.82> <CoreInst = "Adder">   --->   Core 1 'Adder' <Latency = 0> <II = 1> <Delay = 0.82> <FuncUnit> <Opcode : 'add' 'sub'> <InPorts = 2> <OutPorts = 1>
ST_7 : Operation 399 [1/1] (0.00ns)   --->   "%lshr_ln88_4 = partselect i10 @_ssdm_op_PartSelect.i10.i13.i32.i32, i13 %add_ln88_5, i32 3, i32 12" [bnn.cpp:88]   --->   Operation 399 'partselect' 'lshr_ln88_4' <Predicate = true> <Delay = 0.00>
ST_7 : Operation 400 [1/1] (0.00ns)   --->   "%tmp2 = bitconcatenate i13 @_ssdm_op_BitConcatenate.i13.i5.i4.i4, i5 %trunc_ln88, i4 %trunc_ln94, i4 0" [bnn.cpp:88]   --->   Operation 400 'bitconcatenate' 'tmp2' <Predicate = (!tmp_9)> <Delay = 0.00>
ST_7 : Operation 401 [1/1] (0.82ns)   --->   "%add_ln88_6 = add i13 %tmp2, i13 %sext_ln87_1" [bnn.cpp:88]   --->   Operation 401 'add' 'add_ln88_6' <Predicate = (!tmp_9)> <Delay = 0.82> <CoreInst = "Adder">   --->   Core 1 'Adder' <Latency = 0> <II = 1> <Delay = 0.82> <FuncUnit> <Opcode : 'add' 'sub'> <InPorts = 2> <OutPorts = 1>
ST_7 : Operation 402 [1/1] (0.00ns)   --->   "%lshr_ln88_5 = partselect i10 @_ssdm_op_PartSelect.i10.i13.i32.i32, i13 %add_ln88_6, i32 3, i32 12" [bnn.cpp:88]   --->   Operation 402 'partselect' 'lshr_ln88_5' <Predicate = (!tmp_9)> <Delay = 0.00>
ST_7 : Operation 403 [1/2] ( I:1.23ns O:1.23ns )   --->   "%bnn_top_int_const_unsigned_int_const_int_const_unsigned_int_const_int_co_205 = load i10 %bnn_top_int_const_unsigned_int_const_int_const_unsigned_int_const_int_co_197" [bnn.cpp:88]   --->   Operation 403 'load' 'bnn_top_int_const_unsigned_int_const_int_const_unsigned_int_const_int_co_205' <Predicate = (trunc_ln80 == 7)> <Delay = 1.23> <CoreInst = "RAM">   --->   Core 82 'RAM' <Latency = 1> <II = 1> <Delay = 1.23> <Storage> <Opcode : 'load' 'store'> <Ports = 2> <Width = 1> <Depth = 1024> <RAM>
ST_7 : Operation 404 [1/2] ( I:1.23ns O:1.23ns )   --->   "%bnn_top_int_const_unsigned_int_const_int_const_unsigned_int_const_int_co_206 = load i10 %bnn_top_int_const_unsigned_int_const_int_const_unsigned_int_const_int_co_198" [bnn.cpp:88]   --->   Operation 404 'load' 'bnn_top_int_const_unsigned_int_const_int_const_unsigned_int_const_int_co_206' <Predicate = (trunc_ln80 == 0)> <Delay = 1.23> <CoreInst = "RAM">   --->   Core 82 'RAM' <Latency = 1> <II = 1> <Delay = 1.23> <Storage> <Opcode : 'load' 'store'> <Ports = 2> <Width = 1> <Depth = 1024> <RAM>
ST_7 : Operation 405 [1/2] ( I:1.23ns O:1.23ns )   --->   "%bnn_top_int_const_unsigned_int_const_int_const_unsigned_int_const_int_co_207 = load i10 %bnn_top_int_const_unsigned_int_const_int_const_unsigned_int_const_int_co_199" [bnn.cpp:88]   --->   Operation 405 'load' 'bnn_top_int_const_unsigned_int_const_int_const_unsigned_int_const_int_co_207' <Predicate = (trunc_ln80 == 1)> <Delay = 1.23> <CoreInst = "RAM">   --->   Core 82 'RAM' <Latency = 1> <II = 1> <Delay = 1.23> <Storage> <Opcode : 'load' 'store'> <Ports = 2> <Width = 1> <Depth = 1024> <RAM>
ST_7 : Operation 406 [1/2] ( I:1.23ns O:1.23ns )   --->   "%bnn_top_int_const_unsigned_int_const_int_const_unsigned_int_const_int_co_208 = load i10 %bnn_top_int_const_unsigned_int_const_int_const_unsigned_int_const_int_co_200" [bnn.cpp:88]   --->   Operation 406 'load' 'bnn_top_int_const_unsigned_int_const_int_const_unsigned_int_const_int_co_208' <Predicate = (trunc_ln80 == 2)> <Delay = 1.23> <CoreInst = "RAM">   --->   Core 82 'RAM' <Latency = 1> <II = 1> <Delay = 1.23> <Storage> <Opcode : 'load' 'store'> <Ports = 2> <Width = 1> <Depth = 1024> <RAM>
ST_7 : Operation 407 [1/2] ( I:1.23ns O:1.23ns )   --->   "%bnn_top_int_const_unsigned_int_const_int_const_unsigned_int_const_int_co_209 = load i10 %bnn_top_int_const_unsigned_int_const_int_const_unsigned_int_const_int_co_201" [bnn.cpp:88]   --->   Operation 407 'load' 'bnn_top_int_const_unsigned_int_const_int_const_unsigned_int_const_int_co_209' <Predicate = (trunc_ln80 == 3)> <Delay = 1.23> <CoreInst = "RAM">   --->   Core 82 'RAM' <Latency = 1> <II = 1> <Delay = 1.23> <Storage> <Opcode : 'load' 'store'> <Ports = 2> <Width = 1> <Depth = 1024> <RAM>
ST_7 : Operation 408 [1/2] ( I:1.23ns O:1.23ns )   --->   "%bnn_top_int_const_unsigned_int_const_int_const_unsigned_int_const_int_co_210 = load i10 %bnn_top_int_const_unsigned_int_const_int_const_unsigned_int_const_int_co_202" [bnn.cpp:88]   --->   Operation 408 'load' 'bnn_top_int_const_unsigned_int_const_int_const_unsigned_int_const_int_co_210' <Predicate = (trunc_ln80 == 4)> <Delay = 1.23> <CoreInst = "RAM">   --->   Core 82 'RAM' <Latency = 1> <II = 1> <Delay = 1.23> <Storage> <Opcode : 'load' 'store'> <Ports = 2> <Width = 1> <Depth = 1024> <RAM>
ST_7 : Operation 409 [1/2] ( I:1.23ns O:1.23ns )   --->   "%bnn_top_int_const_unsigned_int_const_int_const_unsigned_int_const_int_co_211 = load i10 %bnn_top_int_const_unsigned_int_const_int_const_unsigned_int_const_int_co_203" [bnn.cpp:88]   --->   Operation 409 'load' 'bnn_top_int_const_unsigned_int_const_int_const_unsigned_int_const_int_co_211' <Predicate = (trunc_ln80 == 5)> <Delay = 1.23> <CoreInst = "RAM">   --->   Core 82 'RAM' <Latency = 1> <II = 1> <Delay = 1.23> <Storage> <Opcode : 'load' 'store'> <Ports = 2> <Width = 1> <Depth = 1024> <RAM>
ST_7 : Operation 410 [1/2] ( I:1.23ns O:1.23ns )   --->   "%bnn_top_int_const_unsigned_int_const_int_const_unsigned_int_const_int_co_212 = load i10 %bnn_top_int_const_unsigned_int_const_int_const_unsigned_int_const_int_co_204" [bnn.cpp:88]   --->   Operation 410 'load' 'bnn_top_int_const_unsigned_int_const_int_const_unsigned_int_const_int_co_212' <Predicate = (trunc_ln80 == 6)> <Delay = 1.23> <CoreInst = "RAM">   --->   Core 82 'RAM' <Latency = 1> <II = 1> <Delay = 1.23> <Storage> <Opcode : 'load' 'store'> <Ports = 2> <Width = 1> <Depth = 1024> <RAM>
ST_7 : Operation 411 [1/1] (0.72ns)   --->   "%a_8 = sparsemux i1 @_ssdm_op_SparseMux.ap_auto.8i1.i1.i3, i3 7, i1 %bnn_top_int_const_unsigned_int_const_int_const_unsigned_int_const_int_co_205, i3 0, i1 %bnn_top_int_const_unsigned_int_const_int_const_unsigned_int_const_int_co_206, i3 1, i1 %bnn_top_int_const_unsigned_int_const_int_const_unsigned_int_const_int_co_207, i3 2, i1 %bnn_top_int_const_unsigned_int_const_int_const_unsigned_int_const_int_co_208, i3 3, i1 %bnn_top_int_const_unsigned_int_const_int_const_unsigned_int_const_int_co_209, i3 4, i1 %bnn_top_int_const_unsigned_int_const_int_const_unsigned_int_const_int_co_210, i3 5, i1 %bnn_top_int_const_unsigned_int_const_int_const_unsigned_int_const_int_co_211, i3 6, i1 %bnn_top_int_const_unsigned_int_const_int_const_unsigned_int_const_int_co_212, i1 0, i3 %trunc_ln80" [bnn.cpp:88]   --->   Operation 411 'sparsemux' 'a_8' <Predicate = true> <Delay = 0.72> <CoreInst = "BinarySparseMux_DontCare">   --->   Core 149 'BinarySparseMux_DontCare' <Latency = 0> <II = 1> <Delay = 0.72> <FuncUnit> <Opcode : 'sparsemux'> <InPorts = 2> <OutPorts = 1>
ST_7 : Operation 412 [1/2] ( I:0.00ns O:0.00ns )   --->   "%W2_0_load_8 = load i9 %W2_0_addr_8" [bnn.cpp:89]   --->   Operation 412 'load' 'W2_0_load_8' <Predicate = (!tmp_24)> <Delay = 0.00> <CoreInst = "RAM">   --->   Core 82 'RAM' <Latency = 1> <II = 1> <Delay = 1.23> <Storage> <Opcode : 'load' 'store'> <Ports = 2> <Width = 32> <Depth = 288> <RAM>
ST_7 : Operation 413 [1/2] ( I:0.00ns O:0.00ns )   --->   "%W2_1_load_8 = load i9 %W2_1_addr_8" [bnn.cpp:89]   --->   Operation 413 'load' 'W2_1_load_8' <Predicate = (tmp_24)> <Delay = 0.00> <CoreInst = "RAM">   --->   Core 82 'RAM' <Latency = 1> <II = 1> <Delay = 1.23> <Storage> <Opcode : 'load' 'store'> <Ports = 2> <Width = 32> <Depth = 288> <RAM>
ST_7 : Operation 414 [1/1] (0.44ns)   --->   "%select_ln89_8 = select i1 %tmp_24, i32 %W2_1_load_8, i32 %W2_0_load_8" [bnn.cpp:89]   --->   Operation 414 'select' 'select_ln89_8' <Predicate = true> <Delay = 0.44> <CoreInst = "Sel">   --->   Core 73 'Sel' <Latency = 0> <II = 1> <Delay = 0.44> <FuncUnit> <Opcode : 'select'> <InPorts = 3> <OutPorts = 1>
ST_7 : Operation 415 [1/1] (0.78ns)   --->   "%add_ln89_16 = add i5 %trunc_ln89, i5 8" [bnn.cpp:89]   --->   Operation 415 'add' 'add_ln89_16' <Predicate = true> <Delay = 0.78> <CoreInst = "Adder">   --->   Core 1 'Adder' <Latency = 0> <II = 1> <Delay = 0.78> <FuncUnit> <Opcode : 'add' 'sub'> <InPorts = 2> <OutPorts = 1>
ST_7 : Operation 416 [1/1] (0.00ns)   --->   "%zext_ln89_18 = zext i5 %add_ln89_16" [bnn.cpp:89]   --->   Operation 416 'zext' 'zext_ln89_18' <Predicate = true> <Delay = 0.00>
ST_7 : Operation 417 [1/1] (1.38ns)   --->   "%lshr_ln89_15 = lshr i32 %select_ln89_8, i32 %zext_ln89_18" [bnn.cpp:89]   --->   Operation 417 'lshr' 'lshr_ln89_15' <Predicate = true> <Delay = 1.38> <CoreInst = "Shifter">   --->   Core 75 'Shifter' <Latency = 0> <II = 1> <Delay = 1.38> <FuncUnit> <Opcode : 'shl' 'lshr' 'ashr'> <InPorts = 2> <OutPorts = 1>
ST_7 : Operation 418 [4/9] (1.06ns)   --->   "%urem_ln94 = urem i5 %add_ln94, i5 5" [bnn.cpp:94]   --->   Operation 418 'urem' 'urem_ln94' <Predicate = true> <Delay = 1.06> <CoreInst = "Divider">   --->   Core 6 'Divider' <Latency = 8> <II = 1> <Delay = 1.06> <FuncUnit> <Opcode : 'udiv' 'sdiv' 'urem' 'srem'> <InPorts = 2> <OutPorts = 1>

State 8 <SV = 7> <Delay = 4.88>
ST_8 : Operation 419 [1/1] (0.00ns)   --->   "%acc_load = load i32 %acc"   --->   Operation 419 'load' 'acc_load' <Predicate = (!empty)> <Delay = 0.00>
ST_8 : Operation 420 [1/1] (0.44ns)   --->   "%acc_13_mid2 = select i1 %empty, i32 0, i32 %acc_load" [bnn.cpp:79]   --->   Operation 420 'select' 'acc_13_mid2' <Predicate = true> <Delay = 0.44> <CoreInst = "Sel">   --->   Core 73 'Sel' <Latency = 0> <II = 1> <Delay = 0.44> <FuncUnit> <Opcode : 'select'> <InPorts = 3> <OutPorts = 1>
ST_8 : Operation 421 [1/1] (0.00ns)   --->   "%zext_ln87_1 = zext i4 %trunc_ln94" [bnn.cpp:87]   --->   Operation 421 'zext' 'zext_ln87_1' <Predicate = true> <Delay = 0.00>
ST_8 : Operation 422 [1/1] (0.79ns)   --->   "%add_ln87 = add i5 %zext_ln87_1, i5 31" [bnn.cpp:87]   --->   Operation 422 'add' 'add_ln87' <Predicate = true> <Delay = 0.79> <CoreInst = "Adder">   --->   Core 1 'Adder' <Latency = 0> <II = 1> <Delay = 0.79> <FuncUnit> <Opcode : 'add' 'sub'> <InPorts = 2> <OutPorts = 1>
ST_8 : Operation 423 [1/1] (0.00ns)   --->   "%tmp = bitselect i1 @_ssdm_op_BitSelect.i1.i5.i32, i5 %add_ln87, i32 4" [bnn.cpp:87]   --->   Operation 423 'bitselect' 'tmp' <Predicate = true> <Delay = 0.00>
ST_8 : Operation 424 [1/1] (0.00ns) (grouped into LUT with out node acc_2)   --->   "%or_ln87 = or i5 %add_ln86_1, i5 %add_ln87" [bnn.cpp:87]   --->   Operation 424 'or' 'or_ln87' <Predicate = true> <Delay = 0.00> <CoreInst = "LogicGate">   --->   Core 74 'LogicGate' <Latency = 0> <II = 1> <Delay = 0.19> <FuncUnit> <Opcode : 'and' 'or' 'xor'> <InPorts = 2> <OutPorts = 1>
ST_8 : Operation 425 [1/1] (0.00ns) (grouped into LUT with out node acc_2)   --->   "%tmp_6 = bitselect i1 @_ssdm_op_BitSelect.i1.i5.i32, i5 %or_ln87, i32 4" [bnn.cpp:87]   --->   Operation 425 'bitselect' 'tmp_6' <Predicate = true> <Delay = 0.00>
ST_8 : Operation 426 [1/1] (0.00ns) (grouped into LUT with out node icmp_ln87)   --->   "%or_ln87_1 = or i5 %add_ln87, i5 %add_ln86_2_mid2" [bnn.cpp:87]   --->   Operation 426 'or' 'or_ln87_1' <Predicate = true> <Delay = 0.00> <CoreInst = "LogicGate">   --->   Core 74 'LogicGate' <Latency = 0> <II = 1> <Delay = 0.19> <FuncUnit> <Opcode : 'and' 'or' 'xor'> <InPorts = 2> <OutPorts = 1>
ST_8 : Operation 427 [1/1] (0.00ns) (grouped into LUT with out node icmp_ln87)   --->   "%tmp_7 = bitselect i1 @_ssdm_op_BitSelect.i1.i5.i32, i5 %or_ln87_1, i32 4" [bnn.cpp:87]   --->   Operation 427 'bitselect' 'tmp_7' <Predicate = true> <Delay = 0.00>
ST_8 : Operation 428 [1/1] (0.00ns) (grouped into LUT with out node icmp_ln87)   --->   "%tmp_8 = bitconcatenate i2 @_ssdm_op_BitConcatenate.i2.i1.i1, i1 %tmp, i1 %tmp_7" [bnn.cpp:87]   --->   Operation 428 'bitconcatenate' 'tmp_8' <Predicate = true> <Delay = 0.00>
ST_8 : Operation 429 [1/1] (0.54ns) (out node of the LUT)   --->   "%icmp_ln87 = icmp_eq  i2 %tmp_8, i2 0" [bnn.cpp:87]   --->   Operation 429 'icmp' 'icmp_ln87' <Predicate = true> <Delay = 0.54> <CoreInst = "Cmp">   --->   Core 9 'Cmp' <Latency = 0> <II = 1> <Delay = 0.54> <FuncUnit> <Opcode : 'seteq' 'setne' 'setle' 'setge' 'setlt' 'setgt'> <InPorts = 2> <OutPorts = 1>
ST_8 : Operation 430 [1/1] (0.00ns) (grouped into LUT with out node icmp_ln87_1)   --->   "%or_ln87_2 = or i5 %add_ln86_1, i5 %select_ln79_1" [bnn.cpp:87]   --->   Operation 430 'or' 'or_ln87_2' <Predicate = true> <Delay = 0.00> <CoreInst = "LogicGate">   --->   Core 74 'LogicGate' <Latency = 0> <II = 1> <Delay = 0.19> <FuncUnit> <Opcode : 'and' 'or' 'xor'> <InPorts = 2> <OutPorts = 1>
ST_8 : Operation 431 [1/1] (0.00ns) (grouped into LUT with out node icmp_ln87_1)   --->   "%tmp_11 = bitselect i1 @_ssdm_op_BitSelect.i1.i5.i32, i5 %or_ln87_2, i32 4" [bnn.cpp:87]   --->   Operation 431 'bitselect' 'tmp_11' <Predicate = true> <Delay = 0.00>
ST_8 : Operation 432 [1/1] (0.00ns) (grouped into LUT with out node icmp_ln87_1)   --->   "%tmp_12 = bitconcatenate i2 @_ssdm_op_BitConcatenate.i2.i1.i1, i1 %tmp_9, i1 %tmp_11" [bnn.cpp:87]   --->   Operation 432 'bitconcatenate' 'tmp_12' <Predicate = true> <Delay = 0.00>
ST_8 : Operation 433 [1/1] (0.54ns) (out node of the LUT)   --->   "%icmp_ln87_1 = icmp_eq  i2 %tmp_12, i2 0" [bnn.cpp:87]   --->   Operation 433 'icmp' 'icmp_ln87_1' <Predicate = true> <Delay = 0.54> <CoreInst = "Cmp">   --->   Core 9 'Cmp' <Latency = 0> <II = 1> <Delay = 0.54> <FuncUnit> <Opcode : 'seteq' 'setne' 'setle' 'setge' 'setlt' 'setgt'> <InPorts = 2> <OutPorts = 1>
ST_8 : Operation 434 [1/2] ( I:1.23ns O:1.23ns )   --->   "%bnn_top_int_const_unsigned_int_const_int_const_unsigned_int_const_int_co_77 = load i10 %bnn_top_int_const_unsigned_int_const_int_const_unsigned_int_const_int_co_69" [bnn.cpp:88]   --->   Operation 434 'load' 'bnn_top_int_const_unsigned_int_const_int_const_unsigned_int_const_int_co_77' <Predicate = (trunc_ln80 == 1)> <Delay = 1.23> <CoreInst = "RAM">   --->   Core 82 'RAM' <Latency = 1> <II = 1> <Delay = 1.23> <Storage> <Opcode : 'load' 'store'> <Ports = 2> <Width = 1> <Depth = 1024> <RAM>
ST_8 : Operation 435 [1/2] ( I:1.23ns O:1.23ns )   --->   "%bnn_top_int_const_unsigned_int_const_int_const_unsigned_int_const_int_co_78 = load i10 %bnn_top_int_const_unsigned_int_const_int_const_unsigned_int_const_int_co_70" [bnn.cpp:88]   --->   Operation 435 'load' 'bnn_top_int_const_unsigned_int_const_int_const_unsigned_int_const_int_co_78' <Predicate = (trunc_ln80 == 2)> <Delay = 1.23> <CoreInst = "RAM">   --->   Core 82 'RAM' <Latency = 1> <II = 1> <Delay = 1.23> <Storage> <Opcode : 'load' 'store'> <Ports = 2> <Width = 1> <Depth = 1024> <RAM>
ST_8 : Operation 436 [1/2] ( I:1.23ns O:1.23ns )   --->   "%bnn_top_int_const_unsigned_int_const_int_const_unsigned_int_const_int_co_79 = load i10 %bnn_top_int_const_unsigned_int_const_int_const_unsigned_int_const_int_co_71" [bnn.cpp:88]   --->   Operation 436 'load' 'bnn_top_int_const_unsigned_int_const_int_const_unsigned_int_const_int_co_79' <Predicate = (trunc_ln80 == 3)> <Delay = 1.23> <CoreInst = "RAM">   --->   Core 82 'RAM' <Latency = 1> <II = 1> <Delay = 1.23> <Storage> <Opcode : 'load' 'store'> <Ports = 2> <Width = 1> <Depth = 1024> <RAM>
ST_8 : Operation 437 [1/2] ( I:1.23ns O:1.23ns )   --->   "%bnn_top_int_const_unsigned_int_const_int_const_unsigned_int_const_int_co_80 = load i10 %bnn_top_int_const_unsigned_int_const_int_const_unsigned_int_const_int_co_72" [bnn.cpp:88]   --->   Operation 437 'load' 'bnn_top_int_const_unsigned_int_const_int_const_unsigned_int_const_int_co_80' <Predicate = (trunc_ln80 == 4)> <Delay = 1.23> <CoreInst = "RAM">   --->   Core 82 'RAM' <Latency = 1> <II = 1> <Delay = 1.23> <Storage> <Opcode : 'load' 'store'> <Ports = 2> <Width = 1> <Depth = 1024> <RAM>
ST_8 : Operation 438 [1/2] ( I:1.23ns O:1.23ns )   --->   "%bnn_top_int_const_unsigned_int_const_int_const_unsigned_int_const_int_co_81 = load i10 %bnn_top_int_const_unsigned_int_const_int_const_unsigned_int_const_int_co_73" [bnn.cpp:88]   --->   Operation 438 'load' 'bnn_top_int_const_unsigned_int_const_int_const_unsigned_int_const_int_co_81' <Predicate = (trunc_ln80 == 5)> <Delay = 1.23> <CoreInst = "RAM">   --->   Core 82 'RAM' <Latency = 1> <II = 1> <Delay = 1.23> <Storage> <Opcode : 'load' 'store'> <Ports = 2> <Width = 1> <Depth = 1024> <RAM>
ST_8 : Operation 439 [1/2] ( I:1.23ns O:1.23ns )   --->   "%bnn_top_int_const_unsigned_int_const_int_const_unsigned_int_const_int_co_82 = load i10 %bnn_top_int_const_unsigned_int_const_int_const_unsigned_int_const_int_co_74" [bnn.cpp:88]   --->   Operation 439 'load' 'bnn_top_int_const_unsigned_int_const_int_const_unsigned_int_const_int_co_82' <Predicate = (trunc_ln80 == 6)> <Delay = 1.23> <CoreInst = "RAM">   --->   Core 82 'RAM' <Latency = 1> <II = 1> <Delay = 1.23> <Storage> <Opcode : 'load' 'store'> <Ports = 2> <Width = 1> <Depth = 1024> <RAM>
ST_8 : Operation 440 [1/2] ( I:1.23ns O:1.23ns )   --->   "%bnn_top_int_const_unsigned_int_const_int_const_unsigned_int_const_int_co_83 = load i10 %bnn_top_int_const_unsigned_int_const_int_const_unsigned_int_const_int_co_75" [bnn.cpp:88]   --->   Operation 440 'load' 'bnn_top_int_const_unsigned_int_const_int_const_unsigned_int_const_int_co_83' <Predicate = (trunc_ln80 == 7)> <Delay = 1.23> <CoreInst = "RAM">   --->   Core 82 'RAM' <Latency = 1> <II = 1> <Delay = 1.23> <Storage> <Opcode : 'load' 'store'> <Ports = 2> <Width = 1> <Depth = 1024> <RAM>
ST_8 : Operation 441 [1/2] ( I:1.23ns O:1.23ns )   --->   "%bnn_top_int_const_unsigned_int_const_int_const_unsigned_int_const_int_co_84 = load i10 %bnn_top_int_const_unsigned_int_const_int_const_unsigned_int_const_int_co_76" [bnn.cpp:88]   --->   Operation 441 'load' 'bnn_top_int_const_unsigned_int_const_int_const_unsigned_int_const_int_co_84' <Predicate = (trunc_ln80 == 0)> <Delay = 1.23> <CoreInst = "RAM">   --->   Core 82 'RAM' <Latency = 1> <II = 1> <Delay = 1.23> <Storage> <Opcode : 'load' 'store'> <Ports = 2> <Width = 1> <Depth = 1024> <RAM>
ST_8 : Operation 442 [1/1] (0.72ns)   --->   "%a = sparsemux i1 @_ssdm_op_SparseMux.ap_auto.8i1.i1.i3, i3 1, i1 %bnn_top_int_const_unsigned_int_const_int_const_unsigned_int_const_int_co_77, i3 2, i1 %bnn_top_int_const_unsigned_int_const_int_const_unsigned_int_const_int_co_78, i3 3, i1 %bnn_top_int_const_unsigned_int_const_int_const_unsigned_int_const_int_co_79, i3 4, i1 %bnn_top_int_const_unsigned_int_const_int_const_unsigned_int_const_int_co_80, i3 5, i1 %bnn_top_int_const_unsigned_int_const_int_const_unsigned_int_const_int_co_81, i3 6, i1 %bnn_top_int_const_unsigned_int_const_int_const_unsigned_int_const_int_co_82, i3 7, i1 %bnn_top_int_const_unsigned_int_const_int_const_unsigned_int_const_int_co_83, i3 0, i1 %bnn_top_int_const_unsigned_int_const_int_const_unsigned_int_const_int_co_84, i1 0, i3 %trunc_ln80" [bnn.cpp:88]   --->   Operation 442 'sparsemux' 'a' <Predicate = true> <Delay = 0.72> <CoreInst = "BinarySparseMux_DontCare">   --->   Core 149 'BinarySparseMux_DontCare' <Latency = 0> <II = 1> <Delay = 0.72> <FuncUnit> <Opcode : 'sparsemux'> <InPorts = 2> <OutPorts = 1>
ST_8 : Operation 443 [1/1] (0.00ns) (grouped into LUT with out node acc_1)   --->   "%w = trunc i32 %lshr_ln89" [bnn.cpp:89]   --->   Operation 443 'trunc' 'w' <Predicate = true> <Delay = 0.00>
ST_8 : Operation 444 [1/1] (0.00ns) (grouped into LUT with out node acc_1)   --->   "%xor_ln90 = xor i1 %a, i1 %w" [bnn.cpp:90]   --->   Operation 444 'xor' 'xor_ln90' <Predicate = true> <Delay = 0.00> <CoreInst = "LogicGate">   --->   Core 74 'LogicGate' <Latency = 0> <II = 1> <Delay = 0.28> <FuncUnit> <Opcode : 'and' 'or' 'xor'> <InPorts = 2> <OutPorts = 1>
ST_8 : Operation 445 [1/1] (0.00ns) (grouped into LUT with out node acc_1)   --->   "%select_ln90 = select i1 %xor_ln90, i32 4294967295, i32 1" [bnn.cpp:90]   --->   Operation 445 'select' 'select_ln90' <Predicate = true> <Delay = 0.00> <CoreInst = "Sel">   --->   Core 73 'Sel' <Latency = 0> <II = 1> <Delay = 0.17> <FuncUnit> <Opcode : 'select'> <InPorts = 3> <OutPorts = 1>
ST_8 : Operation 446 [1/1] (1.01ns) (out node of the LUT)   --->   "%acc_1 = add i32 %select_ln90, i32 %acc_13_mid2" [bnn.cpp:90]   --->   Operation 446 'add' 'acc_1' <Predicate = true> <Delay = 1.01> <CoreInst = "Adder">   --->   Core 1 'Adder' <Latency = 0> <II = 1> <Delay = 1.01> <FuncUnit> <Opcode : 'add' 'sub'> <InPorts = 2> <OutPorts = 1>
ST_8 : Operation 447 [1/1] (0.44ns) (out node of the LUT)   --->   "%acc_2 = select i1 %tmp_6, i32 %acc_13_mid2, i32 %acc_1" [bnn.cpp:87]   --->   Operation 447 'select' 'acc_2' <Predicate = true> <Delay = 0.44> <CoreInst = "Sel">   --->   Core 73 'Sel' <Latency = 0> <II = 1> <Delay = 0.44> <FuncUnit> <Opcode : 'select'> <InPorts = 3> <OutPorts = 1>
ST_8 : Operation 448 [1/2] ( I:1.23ns O:1.23ns )   --->   "%bnn_top_int_const_unsigned_int_const_int_const_unsigned_int_const_int_co_93 = load i10 %bnn_top_int_const_unsigned_int_const_int_const_unsigned_int_const_int_co_85" [bnn.cpp:88]   --->   Operation 448 'load' 'bnn_top_int_const_unsigned_int_const_int_const_unsigned_int_const_int_co_93' <Predicate = (trunc_ln80 == 0)> <Delay = 1.23> <CoreInst = "RAM">   --->   Core 82 'RAM' <Latency = 1> <II = 1> <Delay = 1.23> <Storage> <Opcode : 'load' 'store'> <Ports = 2> <Width = 1> <Depth = 1024> <RAM>
ST_8 : Operation 449 [1/2] ( I:1.23ns O:1.23ns )   --->   "%bnn_top_int_const_unsigned_int_const_int_const_unsigned_int_const_int_co_94 = load i10 %bnn_top_int_const_unsigned_int_const_int_const_unsigned_int_const_int_co_86" [bnn.cpp:88]   --->   Operation 449 'load' 'bnn_top_int_const_unsigned_int_const_int_const_unsigned_int_const_int_co_94' <Predicate = (trunc_ln80 == 1)> <Delay = 1.23> <CoreInst = "RAM">   --->   Core 82 'RAM' <Latency = 1> <II = 1> <Delay = 1.23> <Storage> <Opcode : 'load' 'store'> <Ports = 2> <Width = 1> <Depth = 1024> <RAM>
ST_8 : Operation 450 [1/2] ( I:1.23ns O:1.23ns )   --->   "%bnn_top_int_const_unsigned_int_const_int_const_unsigned_int_const_int_co_95 = load i10 %bnn_top_int_const_unsigned_int_const_int_const_unsigned_int_const_int_co_87" [bnn.cpp:88]   --->   Operation 450 'load' 'bnn_top_int_const_unsigned_int_const_int_const_unsigned_int_const_int_co_95' <Predicate = (trunc_ln80 == 2)> <Delay = 1.23> <CoreInst = "RAM">   --->   Core 82 'RAM' <Latency = 1> <II = 1> <Delay = 1.23> <Storage> <Opcode : 'load' 'store'> <Ports = 2> <Width = 1> <Depth = 1024> <RAM>
ST_8 : Operation 451 [1/2] ( I:1.23ns O:1.23ns )   --->   "%bnn_top_int_const_unsigned_int_const_int_const_unsigned_int_const_int_co_96 = load i10 %bnn_top_int_const_unsigned_int_const_int_const_unsigned_int_const_int_co_88" [bnn.cpp:88]   --->   Operation 451 'load' 'bnn_top_int_const_unsigned_int_const_int_const_unsigned_int_const_int_co_96' <Predicate = (trunc_ln80 == 3)> <Delay = 1.23> <CoreInst = "RAM">   --->   Core 82 'RAM' <Latency = 1> <II = 1> <Delay = 1.23> <Storage> <Opcode : 'load' 'store'> <Ports = 2> <Width = 1> <Depth = 1024> <RAM>
ST_8 : Operation 452 [1/2] ( I:1.23ns O:1.23ns )   --->   "%bnn_top_int_const_unsigned_int_const_int_const_unsigned_int_const_int_co_97 = load i10 %bnn_top_int_const_unsigned_int_const_int_const_unsigned_int_const_int_co_89" [bnn.cpp:88]   --->   Operation 452 'load' 'bnn_top_int_const_unsigned_int_const_int_const_unsigned_int_const_int_co_97' <Predicate = (trunc_ln80 == 4)> <Delay = 1.23> <CoreInst = "RAM">   --->   Core 82 'RAM' <Latency = 1> <II = 1> <Delay = 1.23> <Storage> <Opcode : 'load' 'store'> <Ports = 2> <Width = 1> <Depth = 1024> <RAM>
ST_8 : Operation 453 [1/2] ( I:1.23ns O:1.23ns )   --->   "%bnn_top_int_const_unsigned_int_const_int_const_unsigned_int_const_int_co_98 = load i10 %bnn_top_int_const_unsigned_int_const_int_const_unsigned_int_const_int_co_90" [bnn.cpp:88]   --->   Operation 453 'load' 'bnn_top_int_const_unsigned_int_const_int_const_unsigned_int_const_int_co_98' <Predicate = (trunc_ln80 == 5)> <Delay = 1.23> <CoreInst = "RAM">   --->   Core 82 'RAM' <Latency = 1> <II = 1> <Delay = 1.23> <Storage> <Opcode : 'load' 'store'> <Ports = 2> <Width = 1> <Depth = 1024> <RAM>
ST_8 : Operation 454 [1/2] ( I:1.23ns O:1.23ns )   --->   "%bnn_top_int_const_unsigned_int_const_int_const_unsigned_int_const_int_co_99 = load i10 %bnn_top_int_const_unsigned_int_const_int_const_unsigned_int_const_int_co_91" [bnn.cpp:88]   --->   Operation 454 'load' 'bnn_top_int_const_unsigned_int_const_int_const_unsigned_int_const_int_co_99' <Predicate = (trunc_ln80 == 6)> <Delay = 1.23> <CoreInst = "RAM">   --->   Core 82 'RAM' <Latency = 1> <II = 1> <Delay = 1.23> <Storage> <Opcode : 'load' 'store'> <Ports = 2> <Width = 1> <Depth = 1024> <RAM>
ST_8 : Operation 455 [1/2] ( I:1.23ns O:1.23ns )   --->   "%bnn_top_int_const_unsigned_int_const_int_const_unsigned_int_const_int_co_100 = load i10 %bnn_top_int_const_unsigned_int_const_int_const_unsigned_int_const_int_co_92" [bnn.cpp:88]   --->   Operation 455 'load' 'bnn_top_int_const_unsigned_int_const_int_const_unsigned_int_const_int_co_100' <Predicate = (trunc_ln80 == 7)> <Delay = 1.23> <CoreInst = "RAM">   --->   Core 82 'RAM' <Latency = 1> <II = 1> <Delay = 1.23> <Storage> <Opcode : 'load' 'store'> <Ports = 2> <Width = 1> <Depth = 1024> <RAM>
ST_8 : Operation 456 [1/1] (0.72ns)   --->   "%a_1 = sparsemux i1 @_ssdm_op_SparseMux.ap_auto.8i1.i1.i3, i3 0, i1 %bnn_top_int_const_unsigned_int_const_int_const_unsigned_int_const_int_co_93, i3 1, i1 %bnn_top_int_const_unsigned_int_const_int_const_unsigned_int_const_int_co_94, i3 2, i1 %bnn_top_int_const_unsigned_int_const_int_const_unsigned_int_const_int_co_95, i3 3, i1 %bnn_top_int_const_unsigned_int_const_int_const_unsigned_int_const_int_co_96, i3 4, i1 %bnn_top_int_const_unsigned_int_const_int_const_unsigned_int_const_int_co_97, i3 5, i1 %bnn_top_int_const_unsigned_int_const_int_const_unsigned_int_const_int_co_98, i3 6, i1 %bnn_top_int_const_unsigned_int_const_int_const_unsigned_int_const_int_co_99, i3 7, i1 %bnn_top_int_const_unsigned_int_const_int_const_unsigned_int_const_int_co_100, i1 0, i3 %trunc_ln80" [bnn.cpp:88]   --->   Operation 456 'sparsemux' 'a_1' <Predicate = true> <Delay = 0.72> <CoreInst = "BinarySparseMux_DontCare">   --->   Core 149 'BinarySparseMux_DontCare' <Latency = 0> <II = 1> <Delay = 0.72> <FuncUnit> <Opcode : 'sparsemux'> <InPorts = 2> <OutPorts = 1>
ST_8 : Operation 457 [1/1] (0.00ns) (grouped into LUT with out node acc_3)   --->   "%w_1 = trunc i32 %lshr_ln89_1" [bnn.cpp:89]   --->   Operation 457 'trunc' 'w_1' <Predicate = true> <Delay = 0.00>
ST_8 : Operation 458 [1/1] (0.00ns) (grouped into LUT with out node acc_3)   --->   "%xor_ln90_1 = xor i1 %a_1, i1 %w_1" [bnn.cpp:90]   --->   Operation 458 'xor' 'xor_ln90_1' <Predicate = true> <Delay = 0.00> <CoreInst = "LogicGate">   --->   Core 74 'LogicGate' <Latency = 0> <II = 1> <Delay = 0.28> <FuncUnit> <Opcode : 'and' 'or' 'xor'> <InPorts = 2> <OutPorts = 1>
ST_8 : Operation 459 [1/1] (0.00ns) (grouped into LUT with out node acc_3)   --->   "%select_ln90_1 = select i1 %xor_ln90_1, i32 4294967295, i32 1" [bnn.cpp:90]   --->   Operation 459 'select' 'select_ln90_1' <Predicate = true> <Delay = 0.00> <CoreInst = "Sel">   --->   Core 73 'Sel' <Latency = 0> <II = 1> <Delay = 0.17> <FuncUnit> <Opcode : 'select'> <InPorts = 3> <OutPorts = 1>
ST_8 : Operation 460 [1/1] (1.01ns) (out node of the LUT)   --->   "%acc_3 = add i32 %select_ln90_1, i32 %acc_2" [bnn.cpp:90]   --->   Operation 460 'add' 'acc_3' <Predicate = true> <Delay = 1.01> <CoreInst = "Adder">   --->   Core 1 'Adder' <Latency = 0> <II = 1> <Delay = 1.01> <FuncUnit> <Opcode : 'add' 'sub'> <InPorts = 2> <OutPorts = 1>
ST_8 : Operation 461 [1/1] (0.44ns)   --->   "%acc_4 = select i1 %tmp, i32 %acc_2, i32 %acc_3" [bnn.cpp:87]   --->   Operation 461 'select' 'acc_4' <Predicate = true> <Delay = 0.44> <CoreInst = "Sel">   --->   Core 73 'Sel' <Latency = 0> <II = 1> <Delay = 0.44> <FuncUnit> <Opcode : 'select'> <InPorts = 3> <OutPorts = 1>
ST_8 : Operation 462 [1/1] (0.00ns)   --->   "%zext_ln88_3 = zext i10 %lshr_ln88_4" [bnn.cpp:88]   --->   Operation 462 'zext' 'zext_ln88_3' <Predicate = true> <Delay = 0.00>
ST_8 : Operation 463 [1/1] (0.00ns)   --->   "%bnn_top_int_const_unsigned_int_const_int_const_unsigned_int_const_int_co_101 = getelementptr i1 %bnn_top_int_const_unsigned_int_const_int_const_unsigned_int_const_int_co_20, i64 0, i64 %zext_ln88_3" [bnn.cpp:88]   --->   Operation 463 'getelementptr' 'bnn_top_int_const_unsigned_int_const_int_const_unsigned_int_const_int_co_101' <Predicate = (trunc_ln80 == 7)> <Delay = 0.00>
ST_8 : Operation 464 [1/1] (0.00ns)   --->   "%bnn_top_int_const_unsigned_int_const_int_const_unsigned_int_const_int_co_102 = getelementptr i1 %bnn_top_int_const_unsigned_int_const_int_const_unsigned_int_const_int_co_19, i64 0, i64 %zext_ln88_3" [bnn.cpp:88]   --->   Operation 464 'getelementptr' 'bnn_top_int_const_unsigned_int_const_int_const_unsigned_int_const_int_co_102' <Predicate = (trunc_ln80 == 0)> <Delay = 0.00>
ST_8 : Operation 465 [1/1] (0.00ns)   --->   "%bnn_top_int_const_unsigned_int_const_int_const_unsigned_int_const_int_co_103 = getelementptr i1 %bnn_top_int_const_unsigned_int_const_int_const_unsigned_int_const_int_co_18, i64 0, i64 %zext_ln88_3" [bnn.cpp:88]   --->   Operation 465 'getelementptr' 'bnn_top_int_const_unsigned_int_const_int_const_unsigned_int_const_int_co_103' <Predicate = (trunc_ln80 == 1)> <Delay = 0.00>
ST_8 : Operation 466 [1/1] (0.00ns)   --->   "%bnn_top_int_const_unsigned_int_const_int_const_unsigned_int_const_int_co_104 = getelementptr i1 %bnn_top_int_const_unsigned_int_const_int_const_unsigned_int_const_int_co_17, i64 0, i64 %zext_ln88_3" [bnn.cpp:88]   --->   Operation 466 'getelementptr' 'bnn_top_int_const_unsigned_int_const_int_const_unsigned_int_const_int_co_104' <Predicate = (trunc_ln80 == 2)> <Delay = 0.00>
ST_8 : Operation 467 [1/1] (0.00ns)   --->   "%bnn_top_int_const_unsigned_int_const_int_const_unsigned_int_const_int_co_105 = getelementptr i1 %bnn_top_int_const_unsigned_int_const_int_const_unsigned_int_const_int_co_16, i64 0, i64 %zext_ln88_3" [bnn.cpp:88]   --->   Operation 467 'getelementptr' 'bnn_top_int_const_unsigned_int_const_int_const_unsigned_int_const_int_co_105' <Predicate = (trunc_ln80 == 3)> <Delay = 0.00>
ST_8 : Operation 468 [1/1] (0.00ns)   --->   "%bnn_top_int_const_unsigned_int_const_int_const_unsigned_int_const_int_co_106 = getelementptr i1 %bnn_top_int_const_unsigned_int_const_int_const_unsigned_int_const_int_co_15, i64 0, i64 %zext_ln88_3" [bnn.cpp:88]   --->   Operation 468 'getelementptr' 'bnn_top_int_const_unsigned_int_const_int_const_unsigned_int_const_int_co_106' <Predicate = (trunc_ln80 == 4)> <Delay = 0.00>
ST_8 : Operation 469 [1/1] (0.00ns)   --->   "%bnn_top_int_const_unsigned_int_const_int_const_unsigned_int_const_int_co_107 = getelementptr i1 %bnn_top_int_const_unsigned_int_const_int_const_unsigned_int_const_int_co_14, i64 0, i64 %zext_ln88_3" [bnn.cpp:88]   --->   Operation 469 'getelementptr' 'bnn_top_int_const_unsigned_int_const_int_const_unsigned_int_const_int_co_107' <Predicate = (trunc_ln80 == 5)> <Delay = 0.00>
ST_8 : Operation 470 [1/1] (0.00ns)   --->   "%bnn_top_int_const_unsigned_int_const_int_const_unsigned_int_const_int_co_108 = getelementptr i1 %bnn_top_int_const_unsigned_int_const_int_const_unsigned_int_const_int_co_13, i64 0, i64 %zext_ln88_3" [bnn.cpp:88]   --->   Operation 470 'getelementptr' 'bnn_top_int_const_unsigned_int_const_int_const_unsigned_int_const_int_co_108' <Predicate = (trunc_ln80 == 6)> <Delay = 0.00>
ST_8 : Operation 471 [2/2] (1.23ns)   --->   "%bnn_top_int_const_unsigned_int_const_int_const_unsigned_int_const_int_co_109 = load i10 %bnn_top_int_const_unsigned_int_const_int_const_unsigned_int_const_int_co_101" [bnn.cpp:88]   --->   Operation 471 'load' 'bnn_top_int_const_unsigned_int_const_int_const_unsigned_int_const_int_co_109' <Predicate = (trunc_ln80 == 7)> <Delay = 1.23> <CoreInst = "RAM">   --->   Core 82 'RAM' <Latency = 1> <II = 1> <Delay = 1.23> <Storage> <Opcode : 'load' 'store'> <Ports = 2> <Width = 1> <Depth = 1024> <RAM>
ST_8 : Operation 472 [2/2] (1.23ns)   --->   "%bnn_top_int_const_unsigned_int_const_int_const_unsigned_int_const_int_co_110 = load i10 %bnn_top_int_const_unsigned_int_const_int_const_unsigned_int_const_int_co_102" [bnn.cpp:88]   --->   Operation 472 'load' 'bnn_top_int_const_unsigned_int_const_int_const_unsigned_int_const_int_co_110' <Predicate = (trunc_ln80 == 0)> <Delay = 1.23> <CoreInst = "RAM">   --->   Core 82 'RAM' <Latency = 1> <II = 1> <Delay = 1.23> <Storage> <Opcode : 'load' 'store'> <Ports = 2> <Width = 1> <Depth = 1024> <RAM>
ST_8 : Operation 473 [2/2] (1.23ns)   --->   "%bnn_top_int_const_unsigned_int_const_int_const_unsigned_int_const_int_co_111 = load i10 %bnn_top_int_const_unsigned_int_const_int_const_unsigned_int_const_int_co_103" [bnn.cpp:88]   --->   Operation 473 'load' 'bnn_top_int_const_unsigned_int_const_int_const_unsigned_int_const_int_co_111' <Predicate = (trunc_ln80 == 1)> <Delay = 1.23> <CoreInst = "RAM">   --->   Core 82 'RAM' <Latency = 1> <II = 1> <Delay = 1.23> <Storage> <Opcode : 'load' 'store'> <Ports = 2> <Width = 1> <Depth = 1024> <RAM>
ST_8 : Operation 474 [2/2] (1.23ns)   --->   "%bnn_top_int_const_unsigned_int_const_int_const_unsigned_int_const_int_co_112 = load i10 %bnn_top_int_const_unsigned_int_const_int_const_unsigned_int_const_int_co_104" [bnn.cpp:88]   --->   Operation 474 'load' 'bnn_top_int_const_unsigned_int_const_int_const_unsigned_int_const_int_co_112' <Predicate = (trunc_ln80 == 2)> <Delay = 1.23> <CoreInst = "RAM">   --->   Core 82 'RAM' <Latency = 1> <II = 1> <Delay = 1.23> <Storage> <Opcode : 'load' 'store'> <Ports = 2> <Width = 1> <Depth = 1024> <RAM>
ST_8 : Operation 475 [2/2] (1.23ns)   --->   "%bnn_top_int_const_unsigned_int_const_int_const_unsigned_int_const_int_co_113 = load i10 %bnn_top_int_const_unsigned_int_const_int_const_unsigned_int_const_int_co_105" [bnn.cpp:88]   --->   Operation 475 'load' 'bnn_top_int_const_unsigned_int_const_int_const_unsigned_int_const_int_co_113' <Predicate = (trunc_ln80 == 3)> <Delay = 1.23> <CoreInst = "RAM">   --->   Core 82 'RAM' <Latency = 1> <II = 1> <Delay = 1.23> <Storage> <Opcode : 'load' 'store'> <Ports = 2> <Width = 1> <Depth = 1024> <RAM>
ST_8 : Operation 476 [2/2] (1.23ns)   --->   "%bnn_top_int_const_unsigned_int_const_int_const_unsigned_int_const_int_co_114 = load i10 %bnn_top_int_const_unsigned_int_const_int_const_unsigned_int_const_int_co_106" [bnn.cpp:88]   --->   Operation 476 'load' 'bnn_top_int_const_unsigned_int_const_int_const_unsigned_int_const_int_co_114' <Predicate = (trunc_ln80 == 4)> <Delay = 1.23> <CoreInst = "RAM">   --->   Core 82 'RAM' <Latency = 1> <II = 1> <Delay = 1.23> <Storage> <Opcode : 'load' 'store'> <Ports = 2> <Width = 1> <Depth = 1024> <RAM>
ST_8 : Operation 477 [2/2] (1.23ns)   --->   "%bnn_top_int_const_unsigned_int_const_int_const_unsigned_int_const_int_co_115 = load i10 %bnn_top_int_const_unsigned_int_const_int_const_unsigned_int_const_int_co_107" [bnn.cpp:88]   --->   Operation 477 'load' 'bnn_top_int_const_unsigned_int_const_int_const_unsigned_int_const_int_co_115' <Predicate = (trunc_ln80 == 5)> <Delay = 1.23> <CoreInst = "RAM">   --->   Core 82 'RAM' <Latency = 1> <II = 1> <Delay = 1.23> <Storage> <Opcode : 'load' 'store'> <Ports = 2> <Width = 1> <Depth = 1024> <RAM>
ST_8 : Operation 478 [2/2] (1.23ns)   --->   "%bnn_top_int_const_unsigned_int_const_int_const_unsigned_int_const_int_co_116 = load i10 %bnn_top_int_const_unsigned_int_const_int_const_unsigned_int_const_int_co_108" [bnn.cpp:88]   --->   Operation 478 'load' 'bnn_top_int_const_unsigned_int_const_int_const_unsigned_int_const_int_co_116' <Predicate = (trunc_ln80 == 6)> <Delay = 1.23> <CoreInst = "RAM">   --->   Core 82 'RAM' <Latency = 1> <II = 1> <Delay = 1.23> <Storage> <Opcode : 'load' 'store'> <Ports = 2> <Width = 1> <Depth = 1024> <RAM>
ST_8 : Operation 479 [1/1] (0.00ns)   --->   "%zext_ln88_4 = zext i10 %lshr_ln88_5" [bnn.cpp:88]   --->   Operation 479 'zext' 'zext_ln88_4' <Predicate = (!tmp_9)> <Delay = 0.00>
ST_8 : Operation 480 [1/1] (0.00ns)   --->   "%bnn_top_int_const_unsigned_int_const_int_const_unsigned_int_const_int_co_117 = getelementptr i1 %bnn_top_int_const_unsigned_int_const_int_const_unsigned_int_const_int_co_20, i64 0, i64 %zext_ln88_4" [bnn.cpp:88]   --->   Operation 480 'getelementptr' 'bnn_top_int_const_unsigned_int_const_int_const_unsigned_int_const_int_co_117' <Predicate = (!tmp_9 & trunc_ln80 == 1)> <Delay = 0.00>
ST_8 : Operation 481 [1/1] (0.00ns)   --->   "%bnn_top_int_const_unsigned_int_const_int_const_unsigned_int_const_int_co_118 = getelementptr i1 %bnn_top_int_const_unsigned_int_const_int_const_unsigned_int_const_int_co_19, i64 0, i64 %zext_ln88_4" [bnn.cpp:88]   --->   Operation 481 'getelementptr' 'bnn_top_int_const_unsigned_int_const_int_const_unsigned_int_const_int_co_118' <Predicate = (!tmp_9 & trunc_ln80 == 2)> <Delay = 0.00>
ST_8 : Operation 482 [1/1] (0.00ns)   --->   "%bnn_top_int_const_unsigned_int_const_int_const_unsigned_int_const_int_co_119 = getelementptr i1 %bnn_top_int_const_unsigned_int_const_int_const_unsigned_int_const_int_co_18, i64 0, i64 %zext_ln88_4" [bnn.cpp:88]   --->   Operation 482 'getelementptr' 'bnn_top_int_const_unsigned_int_const_int_const_unsigned_int_const_int_co_119' <Predicate = (!tmp_9 & trunc_ln80 == 3)> <Delay = 0.00>
ST_8 : Operation 483 [1/1] (0.00ns)   --->   "%bnn_top_int_const_unsigned_int_const_int_const_unsigned_int_const_int_co_120 = getelementptr i1 %bnn_top_int_const_unsigned_int_const_int_const_unsigned_int_const_int_co_17, i64 0, i64 %zext_ln88_4" [bnn.cpp:88]   --->   Operation 483 'getelementptr' 'bnn_top_int_const_unsigned_int_const_int_const_unsigned_int_const_int_co_120' <Predicate = (!tmp_9 & trunc_ln80 == 4)> <Delay = 0.00>
ST_8 : Operation 484 [1/1] (0.00ns)   --->   "%bnn_top_int_const_unsigned_int_const_int_const_unsigned_int_const_int_co_121 = getelementptr i1 %bnn_top_int_const_unsigned_int_const_int_const_unsigned_int_const_int_co_16, i64 0, i64 %zext_ln88_4" [bnn.cpp:88]   --->   Operation 484 'getelementptr' 'bnn_top_int_const_unsigned_int_const_int_const_unsigned_int_const_int_co_121' <Predicate = (!tmp_9 & trunc_ln80 == 5)> <Delay = 0.00>
ST_8 : Operation 485 [1/1] (0.00ns)   --->   "%bnn_top_int_const_unsigned_int_const_int_const_unsigned_int_const_int_co_122 = getelementptr i1 %bnn_top_int_const_unsigned_int_const_int_const_unsigned_int_const_int_co_15, i64 0, i64 %zext_ln88_4" [bnn.cpp:88]   --->   Operation 485 'getelementptr' 'bnn_top_int_const_unsigned_int_const_int_const_unsigned_int_const_int_co_122' <Predicate = (!tmp_9 & trunc_ln80 == 6)> <Delay = 0.00>
ST_8 : Operation 486 [1/1] (0.00ns)   --->   "%bnn_top_int_const_unsigned_int_const_int_const_unsigned_int_const_int_co_123 = getelementptr i1 %bnn_top_int_const_unsigned_int_const_int_const_unsigned_int_const_int_co_14, i64 0, i64 %zext_ln88_4" [bnn.cpp:88]   --->   Operation 486 'getelementptr' 'bnn_top_int_const_unsigned_int_const_int_const_unsigned_int_const_int_co_123' <Predicate = (!tmp_9 & trunc_ln80 == 7)> <Delay = 0.00>
ST_8 : Operation 487 [1/1] (0.00ns)   --->   "%bnn_top_int_const_unsigned_int_const_int_const_unsigned_int_const_int_co_124 = getelementptr i1 %bnn_top_int_const_unsigned_int_const_int_const_unsigned_int_const_int_co_13, i64 0, i64 %zext_ln88_4" [bnn.cpp:88]   --->   Operation 487 'getelementptr' 'bnn_top_int_const_unsigned_int_const_int_const_unsigned_int_const_int_co_124' <Predicate = (!tmp_9 & trunc_ln80 == 0)> <Delay = 0.00>
ST_8 : Operation 488 [2/2] (1.23ns)   --->   "%bnn_top_int_const_unsigned_int_const_int_const_unsigned_int_const_int_co_125 = load i10 %bnn_top_int_const_unsigned_int_const_int_const_unsigned_int_const_int_co_117" [bnn.cpp:88]   --->   Operation 488 'load' 'bnn_top_int_const_unsigned_int_const_int_const_unsigned_int_const_int_co_125' <Predicate = (!tmp_9 & trunc_ln80 == 1)> <Delay = 1.23> <CoreInst = "RAM">   --->   Core 82 'RAM' <Latency = 1> <II = 1> <Delay = 1.23> <Storage> <Opcode : 'load' 'store'> <Ports = 2> <Width = 1> <Depth = 1024> <RAM>
ST_8 : Operation 489 [2/2] (1.23ns)   --->   "%bnn_top_int_const_unsigned_int_const_int_const_unsigned_int_const_int_co_126 = load i10 %bnn_top_int_const_unsigned_int_const_int_const_unsigned_int_const_int_co_118" [bnn.cpp:88]   --->   Operation 489 'load' 'bnn_top_int_const_unsigned_int_const_int_const_unsigned_int_const_int_co_126' <Predicate = (!tmp_9 & trunc_ln80 == 2)> <Delay = 1.23> <CoreInst = "RAM">   --->   Core 82 'RAM' <Latency = 1> <II = 1> <Delay = 1.23> <Storage> <Opcode : 'load' 'store'> <Ports = 2> <Width = 1> <Depth = 1024> <RAM>
ST_8 : Operation 490 [2/2] (1.23ns)   --->   "%bnn_top_int_const_unsigned_int_const_int_const_unsigned_int_const_int_co_127 = load i10 %bnn_top_int_const_unsigned_int_const_int_const_unsigned_int_const_int_co_119" [bnn.cpp:88]   --->   Operation 490 'load' 'bnn_top_int_const_unsigned_int_const_int_const_unsigned_int_const_int_co_127' <Predicate = (!tmp_9 & trunc_ln80 == 3)> <Delay = 1.23> <CoreInst = "RAM">   --->   Core 82 'RAM' <Latency = 1> <II = 1> <Delay = 1.23> <Storage> <Opcode : 'load' 'store'> <Ports = 2> <Width = 1> <Depth = 1024> <RAM>
ST_8 : Operation 491 [2/2] (1.23ns)   --->   "%bnn_top_int_const_unsigned_int_const_int_const_unsigned_int_const_int_co_128 = load i10 %bnn_top_int_const_unsigned_int_const_int_const_unsigned_int_const_int_co_120" [bnn.cpp:88]   --->   Operation 491 'load' 'bnn_top_int_const_unsigned_int_const_int_const_unsigned_int_const_int_co_128' <Predicate = (!tmp_9 & trunc_ln80 == 4)> <Delay = 1.23> <CoreInst = "RAM">   --->   Core 82 'RAM' <Latency = 1> <II = 1> <Delay = 1.23> <Storage> <Opcode : 'load' 'store'> <Ports = 2> <Width = 1> <Depth = 1024> <RAM>
ST_8 : Operation 492 [2/2] (1.23ns)   --->   "%bnn_top_int_const_unsigned_int_const_int_const_unsigned_int_const_int_co_129 = load i10 %bnn_top_int_const_unsigned_int_const_int_const_unsigned_int_const_int_co_121" [bnn.cpp:88]   --->   Operation 492 'load' 'bnn_top_int_const_unsigned_int_const_int_const_unsigned_int_const_int_co_129' <Predicate = (!tmp_9 & trunc_ln80 == 5)> <Delay = 1.23> <CoreInst = "RAM">   --->   Core 82 'RAM' <Latency = 1> <II = 1> <Delay = 1.23> <Storage> <Opcode : 'load' 'store'> <Ports = 2> <Width = 1> <Depth = 1024> <RAM>
ST_8 : Operation 493 [2/2] (1.23ns)   --->   "%bnn_top_int_const_unsigned_int_const_int_const_unsigned_int_const_int_co_130 = load i10 %bnn_top_int_const_unsigned_int_const_int_const_unsigned_int_const_int_co_122" [bnn.cpp:88]   --->   Operation 493 'load' 'bnn_top_int_const_unsigned_int_const_int_const_unsigned_int_const_int_co_130' <Predicate = (!tmp_9 & trunc_ln80 == 6)> <Delay = 1.23> <CoreInst = "RAM">   --->   Core 82 'RAM' <Latency = 1> <II = 1> <Delay = 1.23> <Storage> <Opcode : 'load' 'store'> <Ports = 2> <Width = 1> <Depth = 1024> <RAM>
ST_8 : Operation 494 [2/2] (1.23ns)   --->   "%bnn_top_int_const_unsigned_int_const_int_const_unsigned_int_const_int_co_131 = load i10 %bnn_top_int_const_unsigned_int_const_int_const_unsigned_int_const_int_co_123" [bnn.cpp:88]   --->   Operation 494 'load' 'bnn_top_int_const_unsigned_int_const_int_const_unsigned_int_const_int_co_131' <Predicate = (!tmp_9 & trunc_ln80 == 7)> <Delay = 1.23> <CoreInst = "RAM">   --->   Core 82 'RAM' <Latency = 1> <II = 1> <Delay = 1.23> <Storage> <Opcode : 'load' 'store'> <Ports = 2> <Width = 1> <Depth = 1024> <RAM>
ST_8 : Operation 495 [2/2] (1.23ns)   --->   "%bnn_top_int_const_unsigned_int_const_int_const_unsigned_int_const_int_co_132 = load i10 %bnn_top_int_const_unsigned_int_const_int_const_unsigned_int_const_int_co_124" [bnn.cpp:88]   --->   Operation 495 'load' 'bnn_top_int_const_unsigned_int_const_int_const_unsigned_int_const_int_co_132' <Predicate = (!tmp_9 & trunc_ln80 == 0)> <Delay = 1.23> <CoreInst = "RAM">   --->   Core 82 'RAM' <Latency = 1> <II = 1> <Delay = 1.23> <Storage> <Opcode : 'load' 'store'> <Ports = 2> <Width = 1> <Depth = 1024> <RAM>
ST_8 : Operation 496 [3/9] (1.06ns)   --->   "%urem_ln94 = urem i5 %add_ln94, i5 5" [bnn.cpp:94]   --->   Operation 496 'urem' 'urem_ln94' <Predicate = true> <Delay = 1.06> <CoreInst = "Divider">   --->   Core 6 'Divider' <Latency = 8> <II = 1> <Delay = 1.06> <FuncUnit> <Opcode : 'udiv' 'sdiv' 'urem' 'srem'> <InPorts = 2> <OutPorts = 1>

State 9 <SV = 8> <Delay = 6.92>
ST_9 : Operation 497 [1/2] ( I:1.23ns O:1.23ns )   --->   "%bnn_top_int_const_unsigned_int_const_int_const_unsigned_int_const_int_co_109 = load i10 %bnn_top_int_const_unsigned_int_const_int_const_unsigned_int_const_int_co_101" [bnn.cpp:88]   --->   Operation 497 'load' 'bnn_top_int_const_unsigned_int_const_int_const_unsigned_int_const_int_co_109' <Predicate = (trunc_ln80 == 7)> <Delay = 1.23> <CoreInst = "RAM">   --->   Core 82 'RAM' <Latency = 1> <II = 1> <Delay = 1.23> <Storage> <Opcode : 'load' 'store'> <Ports = 2> <Width = 1> <Depth = 1024> <RAM>
ST_9 : Operation 498 [1/2] ( I:1.23ns O:1.23ns )   --->   "%bnn_top_int_const_unsigned_int_const_int_const_unsigned_int_const_int_co_110 = load i10 %bnn_top_int_const_unsigned_int_const_int_const_unsigned_int_const_int_co_102" [bnn.cpp:88]   --->   Operation 498 'load' 'bnn_top_int_const_unsigned_int_const_int_const_unsigned_int_const_int_co_110' <Predicate = (trunc_ln80 == 0)> <Delay = 1.23> <CoreInst = "RAM">   --->   Core 82 'RAM' <Latency = 1> <II = 1> <Delay = 1.23> <Storage> <Opcode : 'load' 'store'> <Ports = 2> <Width = 1> <Depth = 1024> <RAM>
ST_9 : Operation 499 [1/2] ( I:1.23ns O:1.23ns )   --->   "%bnn_top_int_const_unsigned_int_const_int_const_unsigned_int_const_int_co_111 = load i10 %bnn_top_int_const_unsigned_int_const_int_const_unsigned_int_const_int_co_103" [bnn.cpp:88]   --->   Operation 499 'load' 'bnn_top_int_const_unsigned_int_const_int_const_unsigned_int_const_int_co_111' <Predicate = (trunc_ln80 == 1)> <Delay = 1.23> <CoreInst = "RAM">   --->   Core 82 'RAM' <Latency = 1> <II = 1> <Delay = 1.23> <Storage> <Opcode : 'load' 'store'> <Ports = 2> <Width = 1> <Depth = 1024> <RAM>
ST_9 : Operation 500 [1/2] ( I:1.23ns O:1.23ns )   --->   "%bnn_top_int_const_unsigned_int_const_int_const_unsigned_int_const_int_co_112 = load i10 %bnn_top_int_const_unsigned_int_const_int_const_unsigned_int_const_int_co_104" [bnn.cpp:88]   --->   Operation 500 'load' 'bnn_top_int_const_unsigned_int_const_int_const_unsigned_int_const_int_co_112' <Predicate = (trunc_ln80 == 2)> <Delay = 1.23> <CoreInst = "RAM">   --->   Core 82 'RAM' <Latency = 1> <II = 1> <Delay = 1.23> <Storage> <Opcode : 'load' 'store'> <Ports = 2> <Width = 1> <Depth = 1024> <RAM>
ST_9 : Operation 501 [1/2] ( I:1.23ns O:1.23ns )   --->   "%bnn_top_int_const_unsigned_int_const_int_const_unsigned_int_const_int_co_113 = load i10 %bnn_top_int_const_unsigned_int_const_int_const_unsigned_int_const_int_co_105" [bnn.cpp:88]   --->   Operation 501 'load' 'bnn_top_int_const_unsigned_int_const_int_const_unsigned_int_const_int_co_113' <Predicate = (trunc_ln80 == 3)> <Delay = 1.23> <CoreInst = "RAM">   --->   Core 82 'RAM' <Latency = 1> <II = 1> <Delay = 1.23> <Storage> <Opcode : 'load' 'store'> <Ports = 2> <Width = 1> <Depth = 1024> <RAM>
ST_9 : Operation 502 [1/2] ( I:1.23ns O:1.23ns )   --->   "%bnn_top_int_const_unsigned_int_const_int_const_unsigned_int_const_int_co_114 = load i10 %bnn_top_int_const_unsigned_int_const_int_const_unsigned_int_const_int_co_106" [bnn.cpp:88]   --->   Operation 502 'load' 'bnn_top_int_const_unsigned_int_const_int_const_unsigned_int_const_int_co_114' <Predicate = (trunc_ln80 == 4)> <Delay = 1.23> <CoreInst = "RAM">   --->   Core 82 'RAM' <Latency = 1> <II = 1> <Delay = 1.23> <Storage> <Opcode : 'load' 'store'> <Ports = 2> <Width = 1> <Depth = 1024> <RAM>
ST_9 : Operation 503 [1/2] ( I:1.23ns O:1.23ns )   --->   "%bnn_top_int_const_unsigned_int_const_int_const_unsigned_int_const_int_co_115 = load i10 %bnn_top_int_const_unsigned_int_const_int_const_unsigned_int_const_int_co_107" [bnn.cpp:88]   --->   Operation 503 'load' 'bnn_top_int_const_unsigned_int_const_int_const_unsigned_int_const_int_co_115' <Predicate = (trunc_ln80 == 5)> <Delay = 1.23> <CoreInst = "RAM">   --->   Core 82 'RAM' <Latency = 1> <II = 1> <Delay = 1.23> <Storage> <Opcode : 'load' 'store'> <Ports = 2> <Width = 1> <Depth = 1024> <RAM>
ST_9 : Operation 504 [1/2] ( I:1.23ns O:1.23ns )   --->   "%bnn_top_int_const_unsigned_int_const_int_const_unsigned_int_const_int_co_116 = load i10 %bnn_top_int_const_unsigned_int_const_int_const_unsigned_int_const_int_co_108" [bnn.cpp:88]   --->   Operation 504 'load' 'bnn_top_int_const_unsigned_int_const_int_const_unsigned_int_const_int_co_116' <Predicate = (trunc_ln80 == 6)> <Delay = 1.23> <CoreInst = "RAM">   --->   Core 82 'RAM' <Latency = 1> <II = 1> <Delay = 1.23> <Storage> <Opcode : 'load' 'store'> <Ports = 2> <Width = 1> <Depth = 1024> <RAM>
ST_9 : Operation 505 [1/1] (0.72ns)   --->   "%a_2 = sparsemux i1 @_ssdm_op_SparseMux.ap_auto.8i1.i1.i3, i3 7, i1 %bnn_top_int_const_unsigned_int_const_int_const_unsigned_int_const_int_co_109, i3 0, i1 %bnn_top_int_const_unsigned_int_const_int_const_unsigned_int_const_int_co_110, i3 1, i1 %bnn_top_int_const_unsigned_int_const_int_const_unsigned_int_const_int_co_111, i3 2, i1 %bnn_top_int_const_unsigned_int_const_int_const_unsigned_int_const_int_co_112, i3 3, i1 %bnn_top_int_const_unsigned_int_const_int_const_unsigned_int_const_int_co_113, i3 4, i1 %bnn_top_int_const_unsigned_int_const_int_const_unsigned_int_const_int_co_114, i3 5, i1 %bnn_top_int_const_unsigned_int_const_int_const_unsigned_int_const_int_co_115, i3 6, i1 %bnn_top_int_const_unsigned_int_const_int_const_unsigned_int_const_int_co_116, i1 0, i3 %trunc_ln80" [bnn.cpp:88]   --->   Operation 505 'sparsemux' 'a_2' <Predicate = (icmp_ln87)> <Delay = 0.72> <CoreInst = "BinarySparseMux_DontCare">   --->   Core 149 'BinarySparseMux_DontCare' <Latency = 0> <II = 1> <Delay = 0.72> <FuncUnit> <Opcode : 'sparsemux'> <InPorts = 2> <OutPorts = 1>
ST_9 : Operation 506 [1/1] (0.00ns) (grouped into LUT with out node acc_5)   --->   "%w_2 = trunc i32 %lshr_ln89_3" [bnn.cpp:89]   --->   Operation 506 'trunc' 'w_2' <Predicate = (icmp_ln87)> <Delay = 0.00>
ST_9 : Operation 507 [1/1] (0.00ns) (grouped into LUT with out node acc_5)   --->   "%xor_ln90_2 = xor i1 %a_2, i1 %w_2" [bnn.cpp:90]   --->   Operation 507 'xor' 'xor_ln90_2' <Predicate = (icmp_ln87)> <Delay = 0.00> <CoreInst = "LogicGate">   --->   Core 74 'LogicGate' <Latency = 0> <II = 1> <Delay = 0.28> <FuncUnit> <Opcode : 'and' 'or' 'xor'> <InPorts = 2> <OutPorts = 1>
ST_9 : Operation 508 [1/1] (0.00ns) (grouped into LUT with out node acc_5)   --->   "%select_ln90_2 = select i1 %xor_ln90_2, i32 4294967295, i32 1" [bnn.cpp:90]   --->   Operation 508 'select' 'select_ln90_2' <Predicate = (icmp_ln87)> <Delay = 0.00> <CoreInst = "Sel">   --->   Core 73 'Sel' <Latency = 0> <II = 1> <Delay = 0.17> <FuncUnit> <Opcode : 'select'> <InPorts = 3> <OutPorts = 1>
ST_9 : Operation 509 [1/1] (1.01ns) (out node of the LUT)   --->   "%acc_5 = add i32 %select_ln90_2, i32 %acc_4" [bnn.cpp:90]   --->   Operation 509 'add' 'acc_5' <Predicate = (icmp_ln87)> <Delay = 1.01> <CoreInst = "Adder">   --->   Core 1 'Adder' <Latency = 0> <II = 1> <Delay = 1.01> <FuncUnit> <Opcode : 'add' 'sub'> <InPorts = 2> <OutPorts = 1>
ST_9 : Operation 510 [1/1] (0.44ns)   --->   "%acc_6 = select i1 %icmp_ln87, i32 %acc_5, i32 %acc_4" [bnn.cpp:87]   --->   Operation 510 'select' 'acc_6' <Predicate = true> <Delay = 0.44> <CoreInst = "Sel">   --->   Core 73 'Sel' <Latency = 0> <II = 1> <Delay = 0.44> <FuncUnit> <Opcode : 'select'> <InPorts = 3> <OutPorts = 1>
ST_9 : Operation 511 [1/2] ( I:1.23ns O:1.23ns )   --->   "%bnn_top_int_const_unsigned_int_const_int_const_unsigned_int_const_int_co_125 = load i10 %bnn_top_int_const_unsigned_int_const_int_const_unsigned_int_const_int_co_117" [bnn.cpp:88]   --->   Operation 511 'load' 'bnn_top_int_const_unsigned_int_const_int_const_unsigned_int_const_int_co_125' <Predicate = (!tmp_9 & trunc_ln80 == 1)> <Delay = 1.23> <CoreInst = "RAM">   --->   Core 82 'RAM' <Latency = 1> <II = 1> <Delay = 1.23> <Storage> <Opcode : 'load' 'store'> <Ports = 2> <Width = 1> <Depth = 1024> <RAM>
ST_9 : Operation 512 [1/2] ( I:1.23ns O:1.23ns )   --->   "%bnn_top_int_const_unsigned_int_const_int_const_unsigned_int_const_int_co_126 = load i10 %bnn_top_int_const_unsigned_int_const_int_const_unsigned_int_const_int_co_118" [bnn.cpp:88]   --->   Operation 512 'load' 'bnn_top_int_const_unsigned_int_const_int_const_unsigned_int_const_int_co_126' <Predicate = (!tmp_9 & trunc_ln80 == 2)> <Delay = 1.23> <CoreInst = "RAM">   --->   Core 82 'RAM' <Latency = 1> <II = 1> <Delay = 1.23> <Storage> <Opcode : 'load' 'store'> <Ports = 2> <Width = 1> <Depth = 1024> <RAM>
ST_9 : Operation 513 [1/2] ( I:1.23ns O:1.23ns )   --->   "%bnn_top_int_const_unsigned_int_const_int_const_unsigned_int_const_int_co_127 = load i10 %bnn_top_int_const_unsigned_int_const_int_const_unsigned_int_const_int_co_119" [bnn.cpp:88]   --->   Operation 513 'load' 'bnn_top_int_const_unsigned_int_const_int_const_unsigned_int_const_int_co_127' <Predicate = (!tmp_9 & trunc_ln80 == 3)> <Delay = 1.23> <CoreInst = "RAM">   --->   Core 82 'RAM' <Latency = 1> <II = 1> <Delay = 1.23> <Storage> <Opcode : 'load' 'store'> <Ports = 2> <Width = 1> <Depth = 1024> <RAM>
ST_9 : Operation 514 [1/2] ( I:1.23ns O:1.23ns )   --->   "%bnn_top_int_const_unsigned_int_const_int_const_unsigned_int_const_int_co_128 = load i10 %bnn_top_int_const_unsigned_int_const_int_const_unsigned_int_const_int_co_120" [bnn.cpp:88]   --->   Operation 514 'load' 'bnn_top_int_const_unsigned_int_const_int_const_unsigned_int_const_int_co_128' <Predicate = (!tmp_9 & trunc_ln80 == 4)> <Delay = 1.23> <CoreInst = "RAM">   --->   Core 82 'RAM' <Latency = 1> <II = 1> <Delay = 1.23> <Storage> <Opcode : 'load' 'store'> <Ports = 2> <Width = 1> <Depth = 1024> <RAM>
ST_9 : Operation 515 [1/2] ( I:1.23ns O:1.23ns )   --->   "%bnn_top_int_const_unsigned_int_const_int_const_unsigned_int_const_int_co_129 = load i10 %bnn_top_int_const_unsigned_int_const_int_const_unsigned_int_const_int_co_121" [bnn.cpp:88]   --->   Operation 515 'load' 'bnn_top_int_const_unsigned_int_const_int_const_unsigned_int_const_int_co_129' <Predicate = (!tmp_9 & trunc_ln80 == 5)> <Delay = 1.23> <CoreInst = "RAM">   --->   Core 82 'RAM' <Latency = 1> <II = 1> <Delay = 1.23> <Storage> <Opcode : 'load' 'store'> <Ports = 2> <Width = 1> <Depth = 1024> <RAM>
ST_9 : Operation 516 [1/2] ( I:1.23ns O:1.23ns )   --->   "%bnn_top_int_const_unsigned_int_const_int_const_unsigned_int_const_int_co_130 = load i10 %bnn_top_int_const_unsigned_int_const_int_const_unsigned_int_const_int_co_122" [bnn.cpp:88]   --->   Operation 516 'load' 'bnn_top_int_const_unsigned_int_const_int_const_unsigned_int_const_int_co_130' <Predicate = (!tmp_9 & trunc_ln80 == 6)> <Delay = 1.23> <CoreInst = "RAM">   --->   Core 82 'RAM' <Latency = 1> <II = 1> <Delay = 1.23> <Storage> <Opcode : 'load' 'store'> <Ports = 2> <Width = 1> <Depth = 1024> <RAM>
ST_9 : Operation 517 [1/2] ( I:1.23ns O:1.23ns )   --->   "%bnn_top_int_const_unsigned_int_const_int_const_unsigned_int_const_int_co_131 = load i10 %bnn_top_int_const_unsigned_int_const_int_const_unsigned_int_const_int_co_123" [bnn.cpp:88]   --->   Operation 517 'load' 'bnn_top_int_const_unsigned_int_const_int_const_unsigned_int_const_int_co_131' <Predicate = (!tmp_9 & trunc_ln80 == 7)> <Delay = 1.23> <CoreInst = "RAM">   --->   Core 82 'RAM' <Latency = 1> <II = 1> <Delay = 1.23> <Storage> <Opcode : 'load' 'store'> <Ports = 2> <Width = 1> <Depth = 1024> <RAM>
ST_9 : Operation 518 [1/2] ( I:1.23ns O:1.23ns )   --->   "%bnn_top_int_const_unsigned_int_const_int_const_unsigned_int_const_int_co_132 = load i10 %bnn_top_int_const_unsigned_int_const_int_const_unsigned_int_const_int_co_124" [bnn.cpp:88]   --->   Operation 518 'load' 'bnn_top_int_const_unsigned_int_const_int_const_unsigned_int_const_int_co_132' <Predicate = (!tmp_9 & trunc_ln80 == 0)> <Delay = 1.23> <CoreInst = "RAM">   --->   Core 82 'RAM' <Latency = 1> <II = 1> <Delay = 1.23> <Storage> <Opcode : 'load' 'store'> <Ports = 2> <Width = 1> <Depth = 1024> <RAM>
ST_9 : Operation 519 [1/1] (0.72ns)   --->   "%a_3 = sparsemux i1 @_ssdm_op_SparseMux.ap_auto.8i1.i1.i3, i3 1, i1 %bnn_top_int_const_unsigned_int_const_int_const_unsigned_int_const_int_co_125, i3 2, i1 %bnn_top_int_const_unsigned_int_const_int_const_unsigned_int_const_int_co_126, i3 3, i1 %bnn_top_int_const_unsigned_int_const_int_const_unsigned_int_const_int_co_127, i3 4, i1 %bnn_top_int_const_unsigned_int_const_int_const_unsigned_int_const_int_co_128, i3 5, i1 %bnn_top_int_const_unsigned_int_const_int_const_unsigned_int_const_int_co_129, i3 6, i1 %bnn_top_int_const_unsigned_int_const_int_const_unsigned_int_const_int_co_130, i3 7, i1 %bnn_top_int_const_unsigned_int_const_int_const_unsigned_int_const_int_co_131, i3 0, i1 %bnn_top_int_const_unsigned_int_const_int_const_unsigned_int_const_int_co_132, i1 0, i3 %trunc_ln80" [bnn.cpp:88]   --->   Operation 519 'sparsemux' 'a_3' <Predicate = (!tmp_9)> <Delay = 0.72> <CoreInst = "BinarySparseMux_DontCare">   --->   Core 149 'BinarySparseMux_DontCare' <Latency = 0> <II = 1> <Delay = 0.72> <FuncUnit> <Opcode : 'sparsemux'> <InPorts = 2> <OutPorts = 1>
ST_9 : Operation 520 [1/1] (0.00ns) (grouped into LUT with out node acc_7)   --->   "%w_3 = trunc i32 %lshr_ln89_5" [bnn.cpp:89]   --->   Operation 520 'trunc' 'w_3' <Predicate = (!tmp_9)> <Delay = 0.00>
ST_9 : Operation 521 [1/1] (0.00ns) (grouped into LUT with out node acc_7)   --->   "%xor_ln90_3 = xor i1 %a_3, i1 %w_3" [bnn.cpp:90]   --->   Operation 521 'xor' 'xor_ln90_3' <Predicate = (!tmp_9)> <Delay = 0.00> <CoreInst = "LogicGate">   --->   Core 74 'LogicGate' <Latency = 0> <II = 1> <Delay = 0.28> <FuncUnit> <Opcode : 'and' 'or' 'xor'> <InPorts = 2> <OutPorts = 1>
ST_9 : Operation 522 [1/1] (0.00ns) (grouped into LUT with out node acc_7)   --->   "%select_ln90_3 = select i1 %xor_ln90_3, i32 4294967295, i32 1" [bnn.cpp:90]   --->   Operation 522 'select' 'select_ln90_3' <Predicate = (!tmp_9)> <Delay = 0.00> <CoreInst = "Sel">   --->   Core 73 'Sel' <Latency = 0> <II = 1> <Delay = 0.17> <FuncUnit> <Opcode : 'select'> <InPorts = 3> <OutPorts = 1>
ST_9 : Operation 523 [1/1] (1.01ns) (out node of the LUT)   --->   "%acc_7 = add i32 %select_ln90_3, i32 %acc_6" [bnn.cpp:90]   --->   Operation 523 'add' 'acc_7' <Predicate = (!tmp_9)> <Delay = 1.01> <CoreInst = "Adder">   --->   Core 1 'Adder' <Latency = 0> <II = 1> <Delay = 1.01> <FuncUnit> <Opcode : 'add' 'sub'> <InPorts = 2> <OutPorts = 1>
ST_9 : Operation 524 [1/1] (0.00ns) (grouped into LUT with out node acc_9)   --->   "%acc_8 = select i1 %tmp_9, i32 %acc_6, i32 %acc_7" [bnn.cpp:87]   --->   Operation 524 'select' 'acc_8' <Predicate = true> <Delay = 0.00> <CoreInst = "Sel">   --->   Core 73 'Sel' <Latency = 0> <II = 1> <Delay = 0.44> <FuncUnit> <Opcode : 'select'> <InPorts = 3> <OutPorts = 1>
ST_9 : Operation 525 [1/1] (0.00ns) (grouped into LUT with out node acc_9)   --->   "%w_4 = trunc i32 %lshr_ln89_7" [bnn.cpp:89]   --->   Operation 525 'trunc' 'w_4' <Predicate = true> <Delay = 0.00>
ST_9 : Operation 526 [1/1] (0.00ns) (grouped into LUT with out node acc_9)   --->   "%xor_ln90_4 = xor i1 %a_4, i1 %w_4" [bnn.cpp:90]   --->   Operation 526 'xor' 'xor_ln90_4' <Predicate = true> <Delay = 0.00> <CoreInst = "LogicGate">   --->   Core 74 'LogicGate' <Latency = 0> <II = 1> <Delay = 0.28> <FuncUnit> <Opcode : 'and' 'or' 'xor'> <InPorts = 2> <OutPorts = 1>
ST_9 : Operation 527 [1/1] (0.00ns) (grouped into LUT with out node acc_9)   --->   "%select_ln90_4 = select i1 %xor_ln90_4, i32 4294967295, i32 1" [bnn.cpp:90]   --->   Operation 527 'select' 'select_ln90_4' <Predicate = true> <Delay = 0.00> <CoreInst = "Sel">   --->   Core 73 'Sel' <Latency = 0> <II = 1> <Delay = 0.17> <FuncUnit> <Opcode : 'select'> <InPorts = 3> <OutPorts = 1>
ST_9 : Operation 528 [1/1] (1.01ns) (out node of the LUT)   --->   "%acc_9 = add i32 %select_ln90_4, i32 %acc_8" [bnn.cpp:90]   --->   Operation 528 'add' 'acc_9' <Predicate = true> <Delay = 1.01> <CoreInst = "Adder">   --->   Core 1 'Adder' <Latency = 0> <II = 1> <Delay = 1.01> <FuncUnit> <Opcode : 'add' 'sub'> <InPorts = 2> <OutPorts = 1>
ST_9 : Operation 529 [1/1] (0.00ns) (grouped into LUT with out node acc_10)   --->   "%w_5 = trunc i32 %lshr_ln89_9" [bnn.cpp:89]   --->   Operation 529 'trunc' 'w_5' <Predicate = (!tmp_10)> <Delay = 0.00>
ST_9 : Operation 530 [1/1] (0.00ns) (grouped into LUT with out node acc_10)   --->   "%xor_ln90_5 = xor i1 %a_5, i1 %w_5" [bnn.cpp:90]   --->   Operation 530 'xor' 'xor_ln90_5' <Predicate = (!tmp_10)> <Delay = 0.00> <CoreInst = "LogicGate">   --->   Core 74 'LogicGate' <Latency = 0> <II = 1> <Delay = 0.28> <FuncUnit> <Opcode : 'and' 'or' 'xor'> <InPorts = 2> <OutPorts = 1>
ST_9 : Operation 531 [1/1] (0.00ns) (grouped into LUT with out node acc_10)   --->   "%select_ln90_5 = select i1 %xor_ln90_5, i32 4294967295, i32 1" [bnn.cpp:90]   --->   Operation 531 'select' 'select_ln90_5' <Predicate = (!tmp_10)> <Delay = 0.00> <CoreInst = "Sel">   --->   Core 73 'Sel' <Latency = 0> <II = 1> <Delay = 0.17> <FuncUnit> <Opcode : 'select'> <InPorts = 3> <OutPorts = 1>
ST_9 : Operation 532 [1/1] (1.01ns) (out node of the LUT)   --->   "%acc_10 = add i32 %select_ln90_5, i32 %acc_9" [bnn.cpp:90]   --->   Operation 532 'add' 'acc_10' <Predicate = (!tmp_10)> <Delay = 1.01> <CoreInst = "Adder">   --->   Core 1 'Adder' <Latency = 0> <II = 1> <Delay = 1.01> <FuncUnit> <Opcode : 'add' 'sub'> <InPorts = 2> <OutPorts = 1>
ST_9 : Operation 533 [1/1] (0.44ns)   --->   "%acc_11 = select i1 %tmp_10, i32 %acc_9, i32 %acc_10" [bnn.cpp:87]   --->   Operation 533 'select' 'acc_11' <Predicate = true> <Delay = 0.44> <CoreInst = "Sel">   --->   Core 73 'Sel' <Latency = 0> <II = 1> <Delay = 0.44> <FuncUnit> <Opcode : 'select'> <InPorts = 3> <OutPorts = 1>
ST_9 : Operation 534 [2/9] (1.06ns)   --->   "%urem_ln94 = urem i5 %add_ln94, i5 5" [bnn.cpp:94]   --->   Operation 534 'urem' 'urem_ln94' <Predicate = true> <Delay = 1.06> <CoreInst = "Divider">   --->   Core 6 'Divider' <Latency = 8> <II = 1> <Delay = 1.06> <FuncUnit> <Opcode : 'udiv' 'sdiv' 'urem' 'srem'> <InPorts = 2> <OutPorts = 1>

State 10 <SV = 9> <Delay = 5.63>
ST_10 : Operation 535 [1/1] (0.00ns)   --->   "%specloopname_ln0 = specloopname void @_ssdm_op_SpecLoopName, void @VITIS_LOOP_79_9_VITIS_LOOP_80_10_VITIS_LOOP_82_11_str"   --->   Operation 535 'specloopname' 'specloopname_ln0' <Predicate = true> <Delay = 0.00>
ST_10 : Operation 536 [1/1] (0.00ns)   --->   "%speclooptripcount_ln0 = speclooptripcount void @_ssdm_op_SpecLoopTripCount, i64 8192, i64 8192, i64 8192"   --->   Operation 536 'speclooptripcount' 'speclooptripcount_ln0' <Predicate = true> <Delay = 0.00>
ST_10 : Operation 537 [1/1] (0.00ns) (grouped into LUT with out node acc_17)   --->   "%or_ln87_3 = or i5 %add_ln86_2_mid2, i5 %select_ln79_1" [bnn.cpp:87]   --->   Operation 537 'or' 'or_ln87_3' <Predicate = true> <Delay = 0.00> <CoreInst = "LogicGate">   --->   Core 74 'LogicGate' <Latency = 0> <II = 1> <Delay = 0.19> <FuncUnit> <Opcode : 'and' 'or' 'xor'> <InPorts = 2> <OutPorts = 1>
ST_10 : Operation 538 [1/1] (0.00ns) (grouped into LUT with out node acc_17)   --->   "%tmp_13 = bitselect i1 @_ssdm_op_BitSelect.i1.i5.i32, i5 %or_ln87_3, i32 4" [bnn.cpp:87]   --->   Operation 538 'bitselect' 'tmp_13' <Predicate = true> <Delay = 0.00>
ST_10 : Operation 539 [1/1] (0.00ns)   --->   "%specpipeline_ln83 = specpipeline void @_ssdm_op_SpecPipeline, i32 1, i32 0, i32 0, i32 0, i32 4294967295, void @empty_2" [bnn.cpp:83]   --->   Operation 539 'specpipeline' 'specpipeline_ln83' <Predicate = true> <Delay = 0.00>
ST_10 : Operation 540 [1/1] (0.00ns) (grouped into LUT with out node acc_12)   --->   "%w_6 = trunc i32 %lshr_ln89_11" [bnn.cpp:89]   --->   Operation 540 'trunc' 'w_6' <Predicate = (icmp_ln87_1)> <Delay = 0.00>
ST_10 : Operation 541 [1/1] (0.00ns) (grouped into LUT with out node acc_12)   --->   "%xor_ln90_6 = xor i1 %a_6, i1 %w_6" [bnn.cpp:90]   --->   Operation 541 'xor' 'xor_ln90_6' <Predicate = (icmp_ln87_1)> <Delay = 0.00> <CoreInst = "LogicGate">   --->   Core 74 'LogicGate' <Latency = 0> <II = 1> <Delay = 0.28> <FuncUnit> <Opcode : 'and' 'or' 'xor'> <InPorts = 2> <OutPorts = 1>
ST_10 : Operation 542 [1/1] (0.00ns) (grouped into LUT with out node acc_12)   --->   "%select_ln90_6 = select i1 %xor_ln90_6, i32 4294967295, i32 1" [bnn.cpp:90]   --->   Operation 542 'select' 'select_ln90_6' <Predicate = (icmp_ln87_1)> <Delay = 0.00> <CoreInst = "Sel">   --->   Core 73 'Sel' <Latency = 0> <II = 1> <Delay = 0.17> <FuncUnit> <Opcode : 'select'> <InPorts = 3> <OutPorts = 1>
ST_10 : Operation 543 [1/1] (1.01ns) (out node of the LUT)   --->   "%acc_12 = add i32 %select_ln90_6, i32 %acc_11" [bnn.cpp:90]   --->   Operation 543 'add' 'acc_12' <Predicate = (icmp_ln87_1)> <Delay = 1.01> <CoreInst = "Adder">   --->   Core 1 'Adder' <Latency = 0> <II = 1> <Delay = 1.01> <FuncUnit> <Opcode : 'add' 'sub'> <InPorts = 2> <OutPorts = 1>
ST_10 : Operation 544 [1/1] (0.44ns)   --->   "%acc_13 = select i1 %icmp_ln87_1, i32 %acc_12, i32 %acc_11" [bnn.cpp:87]   --->   Operation 544 'select' 'acc_13' <Predicate = true> <Delay = 0.44> <CoreInst = "Sel">   --->   Core 73 'Sel' <Latency = 0> <II = 1> <Delay = 0.44> <FuncUnit> <Opcode : 'select'> <InPorts = 3> <OutPorts = 1>
ST_10 : Operation 545 [1/1] (0.00ns) (grouped into LUT with out node acc_14)   --->   "%w_7 = trunc i32 %lshr_ln89_13" [bnn.cpp:89]   --->   Operation 545 'trunc' 'w_7' <Predicate = (!tmp_5)> <Delay = 0.00>
ST_10 : Operation 546 [1/1] (0.00ns) (grouped into LUT with out node acc_14)   --->   "%xor_ln90_7 = xor i1 %a_7, i1 %w_7" [bnn.cpp:90]   --->   Operation 546 'xor' 'xor_ln90_7' <Predicate = (!tmp_5)> <Delay = 0.00> <CoreInst = "LogicGate">   --->   Core 74 'LogicGate' <Latency = 0> <II = 1> <Delay = 0.28> <FuncUnit> <Opcode : 'and' 'or' 'xor'> <InPorts = 2> <OutPorts = 1>
ST_10 : Operation 547 [1/1] (0.00ns) (grouped into LUT with out node acc_14)   --->   "%select_ln90_7 = select i1 %xor_ln90_7, i32 4294967295, i32 1" [bnn.cpp:90]   --->   Operation 547 'select' 'select_ln90_7' <Predicate = (!tmp_5)> <Delay = 0.00> <CoreInst = "Sel">   --->   Core 73 'Sel' <Latency = 0> <II = 1> <Delay = 0.17> <FuncUnit> <Opcode : 'select'> <InPorts = 3> <OutPorts = 1>
ST_10 : Operation 548 [1/1] (1.01ns) (out node of the LUT)   --->   "%acc_14 = add i32 %select_ln90_7, i32 %acc_13" [bnn.cpp:90]   --->   Operation 548 'add' 'acc_14' <Predicate = (!tmp_5)> <Delay = 1.01> <CoreInst = "Adder">   --->   Core 1 'Adder' <Latency = 0> <II = 1> <Delay = 1.01> <FuncUnit> <Opcode : 'add' 'sub'> <InPorts = 2> <OutPorts = 1>
ST_10 : Operation 549 [1/1] (0.44ns)   --->   "%acc_15 = select i1 %tmp_5, i32 %acc_13, i32 %acc_14" [bnn.cpp:87]   --->   Operation 549 'select' 'acc_15' <Predicate = true> <Delay = 0.44> <CoreInst = "Sel">   --->   Core 73 'Sel' <Latency = 0> <II = 1> <Delay = 0.44> <FuncUnit> <Opcode : 'select'> <InPorts = 3> <OutPorts = 1>
ST_10 : Operation 550 [1/1] (0.00ns) (grouped into LUT with out node acc_16)   --->   "%w_8 = trunc i32 %lshr_ln89_15" [bnn.cpp:89]   --->   Operation 550 'trunc' 'w_8' <Predicate = true> <Delay = 0.00>
ST_10 : Operation 551 [1/1] (0.00ns) (grouped into LUT with out node acc_16)   --->   "%xor_ln90_8 = xor i1 %a_8, i1 %w_8" [bnn.cpp:90]   --->   Operation 551 'xor' 'xor_ln90_8' <Predicate = true> <Delay = 0.00> <CoreInst = "LogicGate">   --->   Core 74 'LogicGate' <Latency = 0> <II = 1> <Delay = 0.28> <FuncUnit> <Opcode : 'and' 'or' 'xor'> <InPorts = 2> <OutPorts = 1>
ST_10 : Operation 552 [1/1] (0.00ns) (grouped into LUT with out node acc_16)   --->   "%select_ln90_8 = select i1 %xor_ln90_8, i32 4294967295, i32 1" [bnn.cpp:90]   --->   Operation 552 'select' 'select_ln90_8' <Predicate = true> <Delay = 0.00> <CoreInst = "Sel">   --->   Core 73 'Sel' <Latency = 0> <II = 1> <Delay = 0.17> <FuncUnit> <Opcode : 'select'> <InPorts = 3> <OutPorts = 1>
ST_10 : Operation 553 [1/1] (1.01ns) (out node of the LUT)   --->   "%acc_16 = add i32 %select_ln90_8, i32 %acc_15" [bnn.cpp:90]   --->   Operation 553 'add' 'acc_16' <Predicate = true> <Delay = 1.01> <CoreInst = "Adder">   --->   Core 1 'Adder' <Latency = 0> <II = 1> <Delay = 1.01> <FuncUnit> <Opcode : 'add' 'sub'> <InPorts = 2> <OutPorts = 1>
ST_10 : Operation 554 [1/1] (0.44ns) (out node of the LUT)   --->   "%acc_17 = select i1 %tmp_13, i32 %acc_15, i32 %acc_16" [bnn.cpp:87]   --->   Operation 554 'select' 'acc_17' <Predicate = true> <Delay = 0.44> <CoreInst = "Sel">   --->   Core 73 'Sel' <Latency = 0> <II = 1> <Delay = 0.44> <FuncUnit> <Opcode : 'select'> <InPorts = 3> <OutPorts = 1>
ST_10 : Operation 555 [1/1] (0.00ns)   --->   "%zext_ln94_2 = zext i6 %tmp_25" [bnn.cpp:94]   --->   Operation 555 'zext' 'zext_ln94_2' <Predicate = true> <Delay = 0.00>
ST_10 : Operation 556 [1/9] (1.06ns)   --->   "%urem_ln94 = urem i5 %add_ln94, i5 5" [bnn.cpp:94]   --->   Operation 556 'urem' 'urem_ln94' <Predicate = true> <Delay = 1.06> <CoreInst = "Divider">   --->   Core 6 'Divider' <Latency = 8> <II = 1> <Delay = 1.06> <FuncUnit> <Opcode : 'udiv' 'sdiv' 'urem' 'srem'> <InPorts = 2> <OutPorts = 1>
ST_10 : Operation 557 [1/1] (0.00ns)   --->   "%trunc_ln94_1 = trunc i3 %urem_ln94" [bnn.cpp:94]   --->   Operation 557 'trunc' 'trunc_ln94_1' <Predicate = true> <Delay = 0.00>
ST_10 : Operation 558 [1/1] (0.00ns)   --->   "%bnn_top_int_const_unsigned_int_const_int_const_unsigned_int_const_int_co_213 = getelementptr i32 %bnn_top_int_const_unsigned_int_const_int_const_unsigned_int_const_int_co_4, i64 0, i64 %zext_ln94_2" [bnn.cpp:94]   --->   Operation 558 'getelementptr' 'bnn_top_int_const_unsigned_int_const_int_const_unsigned_int_const_int_co_213' <Predicate = true> <Delay = 0.00>
ST_10 : Operation 559 [1/1] (0.00ns)   --->   "%bnn_top_int_const_unsigned_int_const_int_const_unsigned_int_const_int_co_214 = getelementptr i32 %bnn_top_int_const_unsigned_int_const_int_const_unsigned_int_const_int_co_3, i64 0, i64 %zext_ln94_2" [bnn.cpp:94]   --->   Operation 559 'getelementptr' 'bnn_top_int_const_unsigned_int_const_int_const_unsigned_int_const_int_co_214' <Predicate = true> <Delay = 0.00>
ST_10 : Operation 560 [1/1] (0.00ns)   --->   "%bnn_top_int_const_unsigned_int_const_int_const_unsigned_int_const_int_co_215 = getelementptr i32 %bnn_top_int_const_unsigned_int_const_int_const_unsigned_int_const_int_co_2, i64 0, i64 %zext_ln94_2" [bnn.cpp:94]   --->   Operation 560 'getelementptr' 'bnn_top_int_const_unsigned_int_const_int_const_unsigned_int_const_int_co_215' <Predicate = true> <Delay = 0.00>
ST_10 : Operation 561 [1/1] (0.00ns)   --->   "%bnn_top_int_const_unsigned_int_const_int_const_unsigned_int_const_int_co_216 = getelementptr i32 %bnn_top_int_const_unsigned_int_const_int_const_unsigned_int_const_int_co_1, i64 0, i64 %zext_ln94_2" [bnn.cpp:94]   --->   Operation 561 'getelementptr' 'bnn_top_int_const_unsigned_int_const_int_const_unsigned_int_const_int_co_216' <Predicate = true> <Delay = 0.00>
ST_10 : Operation 562 [1/1] (0.00ns)   --->   "%bnn_top_int_const_unsigned_int_const_int_const_unsigned_int_const_int_co_217 = getelementptr i32 %bnn_top_int_const_unsigned_int_const_int_const_unsigned_int_const_int_co, i64 0, i64 %zext_ln94_2" [bnn.cpp:94]   --->   Operation 562 'getelementptr' 'bnn_top_int_const_unsigned_int_const_int_const_unsigned_int_const_int_co_217' <Predicate = true> <Delay = 0.00>
ST_10 : Operation 563 [1/1] (0.67ns)   --->   "%switch_ln94 = switch i3 %trunc_ln94_1, void %arrayidx204.case.4, i3 0, void %arrayidx204.case.0, i3 1, void %arrayidx204.case.1, i3 2, void %arrayidx204.case.2, i3 3, void %arrayidx204.case.3" [bnn.cpp:94]   --->   Operation 563 'switch' 'switch_ln94' <Predicate = (icmp_ln82_1)> <Delay = 0.67>
ST_10 : Operation 564 [1/1] ( I:1.23ns O:1.23ns )   --->   "%store_ln94 = store i32 %acc_17, i8 %bnn_top_int_const_unsigned_int_const_int_const_unsigned_int_const_int_co_216" [bnn.cpp:94]   --->   Operation 564 'store' 'store_ln94' <Predicate = (icmp_ln82_1 & trunc_ln94_1 == 3)> <Delay = 1.23> <CoreInst = "RAM">   --->   Core 82 'RAM' <Latency = 1> <II = 1> <Delay = 1.23> <Storage> <Opcode : 'load' 'store'> <Ports = 2> <Width = 32> <Depth = 205> <RAM>
ST_10 : Operation 565 [1/1] (0.00ns)   --->   "%br_ln94 = br void %arrayidx204.exit" [bnn.cpp:94]   --->   Operation 565 'br' 'br_ln94' <Predicate = (icmp_ln82_1 & trunc_ln94_1 == 3)> <Delay = 0.00>
ST_10 : Operation 566 [1/1] ( I:1.23ns O:1.23ns )   --->   "%store_ln94 = store i32 %acc_17, i8 %bnn_top_int_const_unsigned_int_const_int_const_unsigned_int_const_int_co_215" [bnn.cpp:94]   --->   Operation 566 'store' 'store_ln94' <Predicate = (icmp_ln82_1 & trunc_ln94_1 == 2)> <Delay = 1.23> <CoreInst = "RAM">   --->   Core 82 'RAM' <Latency = 1> <II = 1> <Delay = 1.23> <Storage> <Opcode : 'load' 'store'> <Ports = 2> <Width = 32> <Depth = 205> <RAM>
ST_10 : Operation 567 [1/1] (0.00ns)   --->   "%br_ln94 = br void %arrayidx204.exit" [bnn.cpp:94]   --->   Operation 567 'br' 'br_ln94' <Predicate = (icmp_ln82_1 & trunc_ln94_1 == 2)> <Delay = 0.00>
ST_10 : Operation 568 [1/1] ( I:1.23ns O:1.23ns )   --->   "%store_ln94 = store i32 %acc_17, i8 %bnn_top_int_const_unsigned_int_const_int_const_unsigned_int_const_int_co_214" [bnn.cpp:94]   --->   Operation 568 'store' 'store_ln94' <Predicate = (icmp_ln82_1 & trunc_ln94_1 == 1)> <Delay = 1.23> <CoreInst = "RAM">   --->   Core 82 'RAM' <Latency = 1> <II = 1> <Delay = 1.23> <Storage> <Opcode : 'load' 'store'> <Ports = 2> <Width = 32> <Depth = 205> <RAM>
ST_10 : Operation 569 [1/1] (0.00ns)   --->   "%br_ln94 = br void %arrayidx204.exit" [bnn.cpp:94]   --->   Operation 569 'br' 'br_ln94' <Predicate = (icmp_ln82_1 & trunc_ln94_1 == 1)> <Delay = 0.00>
ST_10 : Operation 570 [1/1] ( I:1.23ns O:1.23ns )   --->   "%store_ln94 = store i32 %acc_17, i8 %bnn_top_int_const_unsigned_int_const_int_const_unsigned_int_const_int_co_213" [bnn.cpp:94]   --->   Operation 570 'store' 'store_ln94' <Predicate = (icmp_ln82_1 & trunc_ln94_1 == 0)> <Delay = 1.23> <CoreInst = "RAM">   --->   Core 82 'RAM' <Latency = 1> <II = 1> <Delay = 1.23> <Storage> <Opcode : 'load' 'store'> <Ports = 2> <Width = 32> <Depth = 205> <RAM>
ST_10 : Operation 571 [1/1] (0.00ns)   --->   "%br_ln94 = br void %arrayidx204.exit" [bnn.cpp:94]   --->   Operation 571 'br' 'br_ln94' <Predicate = (icmp_ln82_1 & trunc_ln94_1 == 0)> <Delay = 0.00>
ST_10 : Operation 572 [1/1] ( I:1.23ns O:1.23ns )   --->   "%store_ln94 = store i32 %acc_17, i8 %bnn_top_int_const_unsigned_int_const_int_const_unsigned_int_const_int_co_217" [bnn.cpp:94]   --->   Operation 572 'store' 'store_ln94' <Predicate = (icmp_ln82_1 & trunc_ln94_1 != 0 & trunc_ln94_1 != 1 & trunc_ln94_1 != 2 & trunc_ln94_1 != 3)> <Delay = 1.23> <CoreInst = "RAM">   --->   Core 82 'RAM' <Latency = 1> <II = 1> <Delay = 1.23> <Storage> <Opcode : 'load' 'store'> <Ports = 2> <Width = 32> <Depth = 205> <RAM>
ST_10 : Operation 573 [1/1] (0.00ns)   --->   "%br_ln94 = br void %arrayidx204.exit" [bnn.cpp:94]   --->   Operation 573 'br' 'br_ln94' <Predicate = (icmp_ln82_1 & trunc_ln94_1 != 0 & trunc_ln94_1 != 1 & trunc_ln94_1 != 2 & trunc_ln94_1 != 3)> <Delay = 0.00>
ST_10 : Operation 574 [1/1] (0.42ns)   --->   "%store_ln81 = store i32 %acc_17, i32 %acc" [bnn.cpp:81]   --->   Operation 574 'store' 'store_ln81' <Predicate = true> <Delay = 0.42>
ST_10 : Operation 575 [1/1] (0.00ns)   --->   "%br_ln82 = br void %VITIS_LOOP_84_12" [bnn.cpp:82]   --->   Operation 575 'br' 'br_ln82' <Predicate = true> <Delay = 0.00>


============================================================
+ Verbose Summary: Binding
============================================================
STG Binding: 
---------------- STG Properties BEGIN ----------------
- Is combinational: 0
- Is one-state seq: 0
- Is datapath-only: 0
- Is pipelined: 0
- Is top level: 0
Port [ Return ] is wired: 1; IO mode=ap_ctrl_hs:ce=0
Port [ mul_ln79]:  wired=1; compound=0; hidden=0; nouse=0; global=0; static=0; extern=0; dir=0; type=0; pingpong=0; private_global=0; IO mode=ap_none:ce=0
Port [ W2_0]:  wired=1; compound=1; hidden=0; nouse=0; global=0; static=0; extern=0; dir=0; type=1; pingpong=0; private_global=0; MemPort=[11]; IO mode=ap_memory:ce=0
Port [ W2_1]:  wired=1; compound=1; hidden=0; nouse=0; global=0; static=0; extern=0; dir=0; type=1; pingpong=0; private_global=0; MemPort=[11]; IO mode=ap_memory:ce=0
Port [ bnn_top_int_const_unsigned_int_const_int_const_unsigned_int_const_int_co_4]:  wired=1; compound=1; hidden=0; nouse=0; global=1; static=1; extern=0; dir=1; type=1; pingpong=0; private_global=0; MemPort=[03]; IO mode=ap_memory:ce=0
Port [ bnn_top_int_const_unsigned_int_const_int_const_unsigned_int_const_int_co_20]:  wired=1; compound=1; hidden=0; nouse=0; global=1; static=1; extern=0; dir=0; type=1; pingpong=0; private_global=0; MemPort=[13]; IO mode=ap_memory:ce=0
Port [ bnn_top_int_const_unsigned_int_const_int_const_unsigned_int_const_int_co_19]:  wired=1; compound=1; hidden=0; nouse=0; global=1; static=1; extern=0; dir=0; type=1; pingpong=0; private_global=0; MemPort=[13]; IO mode=ap_memory:ce=0
Port [ bnn_top_int_const_unsigned_int_const_int_const_unsigned_int_const_int_co_18]:  wired=1; compound=1; hidden=0; nouse=0; global=1; static=1; extern=0; dir=0; type=1; pingpong=0; private_global=0; MemPort=[13]; IO mode=ap_memory:ce=0
Port [ bnn_top_int_const_unsigned_int_const_int_const_unsigned_int_const_int_co_17]:  wired=1; compound=1; hidden=0; nouse=0; global=1; static=1; extern=0; dir=0; type=1; pingpong=0; private_global=0; MemPort=[13]; IO mode=ap_memory:ce=0
Port [ bnn_top_int_const_unsigned_int_const_int_const_unsigned_int_const_int_co_16]:  wired=1; compound=1; hidden=0; nouse=0; global=1; static=1; extern=0; dir=0; type=1; pingpong=0; private_global=0; MemPort=[13]; IO mode=ap_memory:ce=0
Port [ bnn_top_int_const_unsigned_int_const_int_const_unsigned_int_const_int_co_15]:  wired=1; compound=1; hidden=0; nouse=0; global=1; static=1; extern=0; dir=0; type=1; pingpong=0; private_global=0; MemPort=[13]; IO mode=ap_memory:ce=0
Port [ bnn_top_int_const_unsigned_int_const_int_const_unsigned_int_const_int_co_14]:  wired=1; compound=1; hidden=0; nouse=0; global=1; static=1; extern=0; dir=0; type=1; pingpong=0; private_global=0; MemPort=[13]; IO mode=ap_memory:ce=0
Port [ bnn_top_int_const_unsigned_int_const_int_const_unsigned_int_const_int_co_13]:  wired=1; compound=1; hidden=0; nouse=0; global=1; static=1; extern=0; dir=0; type=1; pingpong=0; private_global=0; MemPort=[13]; IO mode=ap_memory:ce=0
Port [ bnn_top_int_const_unsigned_int_const_int_const_unsigned_int_const_int_co_3]:  wired=1; compound=1; hidden=0; nouse=0; global=1; static=1; extern=0; dir=1; type=1; pingpong=0; private_global=0; MemPort=[03]; IO mode=ap_memory:ce=0
Port [ bnn_top_int_const_unsigned_int_const_int_const_unsigned_int_const_int_co_2]:  wired=1; compound=1; hidden=0; nouse=0; global=1; static=1; extern=0; dir=1; type=1; pingpong=0; private_global=0; MemPort=[03]; IO mode=ap_memory:ce=0
Port [ bnn_top_int_const_unsigned_int_const_int_const_unsigned_int_const_int_co_1]:  wired=1; compound=1; hidden=0; nouse=0; global=1; static=1; extern=0; dir=1; type=1; pingpong=0; private_global=0; MemPort=[03]; IO mode=ap_memory:ce=0
Port [ bnn_top_int_const_unsigned_int_const_int_const_unsigned_int_const_int_co]:  wired=1; compound=1; hidden=0; nouse=0; global=1; static=1; extern=0; dir=1; type=1; pingpong=0; private_global=0; MemPort=[03]; IO mode=ap_memory:ce=0
---------------- STG Properties END ------------------

---------------- Datapath Model BEGIN ----------------

<LifeTime>
<method=bitvector/>
acc                                                                          (alloca           ) [ 01111111111]
ci                                                                           (alloca           ) [ 01100000000]
ow                                                                           (alloca           ) [ 01111110000]
indvar_flatten13                                                             (alloca           ) [ 01100000000]
oh                                                                           (alloca           ) [ 01100000000]
indvar_flatten29                                                             (alloca           ) [ 01100000000]
specinterface_ln0                                                            (specinterface    ) [ 00000000000]
specinterface_ln0                                                            (specinterface    ) [ 00000000000]
mul_ln79_read                                                                (read             ) [ 00100000000]
store_ln0                                                                    (store            ) [ 00000000000]
store_ln79                                                                   (store            ) [ 00000000000]
store_ln0                                                                    (store            ) [ 00000000000]
store_ln80                                                                   (store            ) [ 00000000000]
store_ln82                                                                   (store            ) [ 00000000000]
store_ln81                                                                   (store            ) [ 00000000000]
br_ln0                                                                       (br               ) [ 00000000000]
indvar_flatten13_load                                                        (load             ) [ 00000000000]
indvar_flatten29_load                                                        (load             ) [ 00000000000]
icmp_ln79                                                                    (icmp             ) [ 01111110000]
add_ln79                                                                     (add              ) [ 00000000000]
br_ln79                                                                      (br               ) [ 00000000000]
ci_load                                                                      (load             ) [ 00000000000]
ow_load                                                                      (load             ) [ 00000000000]
oh_load                                                                      (load             ) [ 00000000000]
icmp_ln80                                                                    (icmp             ) [ 00000000000]
select_ln79                                                                  (select           ) [ 00000000000]
add_ln86                                                                     (add              ) [ 00000000000]
add_ln86_2                                                                   (add              ) [ 00000000000]
select_ln79_1                                                                (select           ) [ 01111111111]
add_ln86_3                                                                   (add              ) [ 00000000000]
select_ln79_2                                                                (select           ) [ 00000000000]
xor_ln79                                                                     (xor              ) [ 00000000000]
icmp_ln82                                                                    (icmp             ) [ 00000000000]
and_ln79                                                                     (and              ) [ 00000000000]
select_ln79_3                                                                (select           ) [ 00011100000]
add_ln86_4                                                                   (add              ) [ 00000000000]
empty                                                                        (or               ) [ 01111111100]
ci_mid2                                                                      (select           ) [ 00000000000]
add_ln86_5                                                                   (add              ) [ 00000000000]
add_ln86_2_mid2                                                              (select           ) [ 01111111111]
select_ln80                                                                  (select           ) [ 01111111000]
trunc_ln94                                                                   (trunc            ) [ 01111111100]
tmp_5                                                                        (bitselect        ) [ 01111111111]
trunc_ln80                                                                   (trunc            ) [ 01111111110]
tmp_10                                                                       (bitselect        ) [ 01111111110]
tmp_14                                                                       (bitselect        ) [ 00011100000]
lshr_ln88_1                                                                  (partselect       ) [ 00011000000]
zext_ln82_1                                                                  (zext             ) [ 00000000000]
trunc_ln88                                                                   (trunc            ) [ 01111111000]
tmp_15                                                                       (bitconcatenate   ) [ 00000000000]
zext_ln89_19                                                                 (zext             ) [ 00000000000]
add_ln89_17                                                                  (add              ) [ 00000000000]
zext_ln89_9                                                                  (zext             ) [ 00000000000]
add_ln89                                                                     (add              ) [ 00011100000]
trunc_ln89                                                                   (trunc            ) [ 01111111000]
lshr_ln2                                                                     (partselect       ) [ 00000000000]
zext_ln89                                                                    (zext             ) [ 00000000000]
W2_0_addr                                                                    (getelementptr    ) [ 00010000000]
W2_1_addr                                                                    (getelementptr    ) [ 00010000000]
tmp_16                                                                       (bitselect        ) [ 00010000000]
add_ln89_1                                                                   (add              ) [ 00000000000]
lshr_ln89_2                                                                  (partselect       ) [ 00000000000]
zext_ln89_1                                                                  (zext             ) [ 00000000000]
W2_0_addr_1                                                                  (getelementptr    ) [ 00010000000]
W2_1_addr_1                                                                  (getelementptr    ) [ 00010000000]
tmp_17                                                                       (bitselect        ) [ 00010000000]
add_ln82                                                                     (add              ) [ 00000000000]
icmp_ln82_1                                                                  (icmp             ) [ 01111111111]
add_ln94                                                                     (add              ) [ 01111111111]
br_ln82                                                                      (br               ) [ 00000000000]
br_ln82                                                                      (br               ) [ 00000000000]
add_ln80                                                                     (add              ) [ 00000000000]
select_ln80_1                                                                (select           ) [ 00000000000]
store_ln79                                                                   (store            ) [ 00000000000]
store_ln79                                                                   (store            ) [ 00000000000]
store_ln80                                                                   (store            ) [ 00000000000]
store_ln82                                                                   (store            ) [ 00000000000]
W2_0_load                                                                    (load             ) [ 00000000000]
W2_1_load                                                                    (load             ) [ 00000000000]
select_ln89                                                                  (select           ) [ 00000000000]
zext_ln89_10                                                                 (zext             ) [ 00000000000]
lshr_ln89                                                                    (lshr             ) [ 01111111100]
W2_0_load_1                                                                  (load             ) [ 00000000000]
W2_1_load_1                                                                  (load             ) [ 00000000000]
select_ln89_1                                                                (select           ) [ 00000000000]
add_ln89_2                                                                   (add              ) [ 00000000000]
zext_ln89_11                                                                 (zext             ) [ 00000000000]
lshr_ln89_1                                                                  (lshr             ) [ 01111111100]
add_ln89_3                                                                   (add              ) [ 00000000000]
lshr_ln89_4                                                                  (partselect       ) [ 00000000000]
zext_ln89_2                                                                  (zext             ) [ 00000000000]
W2_0_addr_2                                                                  (getelementptr    ) [ 00001000000]
W2_1_addr_2                                                                  (getelementptr    ) [ 00001000000]
tmp_18                                                                       (bitselect        ) [ 00001000000]
add_ln89_5                                                                   (add              ) [ 00000000000]
lshr_ln89_6                                                                  (partselect       ) [ 00000000000]
zext_ln89_3                                                                  (zext             ) [ 00000000000]
W2_0_addr_3                                                                  (getelementptr    ) [ 00001000000]
W2_1_addr_3                                                                  (getelementptr    ) [ 00001000000]
tmp_19                                                                       (bitselect        ) [ 00001000000]
zext_ln82                                                                    (zext             ) [ 00000100000]
W2_0_load_2                                                                  (load             ) [ 00000000000]
W2_1_load_2                                                                  (load             ) [ 00000000000]
select_ln89_2                                                                (select           ) [ 00000000000]
add_ln89_4                                                                   (add              ) [ 00000000000]
zext_ln89_12                                                                 (zext             ) [ 00000000000]
lshr_ln89_3                                                                  (lshr             ) [ 01111111110]
W2_0_load_3                                                                  (load             ) [ 00000000000]
W2_1_load_3                                                                  (load             ) [ 00000000000]
select_ln89_3                                                                (select           ) [ 00000000000]
add_ln89_6                                                                   (add              ) [ 00000000000]
zext_ln89_13                                                                 (zext             ) [ 00000000000]
lshr_ln89_5                                                                  (lshr             ) [ 01111111110]
add_ln88_9                                                                   (bitconcatenate   ) [ 00000000000]
add_ln88_s                                                                   (bitconcatenate   ) [ 00000000000]
zext_ln88_5                                                                  (zext             ) [ 00000000000]
bnn_top_int_const_unsigned_int_const_int_const_unsigned_int_const_int_co_133 (getelementptr    ) [ 00000100000]
bnn_top_int_const_unsigned_int_const_int_const_unsigned_int_const_int_co_134 (getelementptr    ) [ 00000100000]
bnn_top_int_const_unsigned_int_const_int_const_unsigned_int_const_int_co_135 (getelementptr    ) [ 00000100000]
bnn_top_int_const_unsigned_int_const_int_const_unsigned_int_const_int_co_136 (getelementptr    ) [ 00000100000]
bnn_top_int_const_unsigned_int_const_int_const_unsigned_int_const_int_co_137 (getelementptr    ) [ 00000100000]
bnn_top_int_const_unsigned_int_const_int_const_unsigned_int_const_int_co_138 (getelementptr    ) [ 00000100000]
bnn_top_int_const_unsigned_int_const_int_const_unsigned_int_const_int_co_139 (getelementptr    ) [ 00000100000]
bnn_top_int_const_unsigned_int_const_int_const_unsigned_int_const_int_co_140 (getelementptr    ) [ 00000100000]
add_ln89_7                                                                   (add              ) [ 00000000000]
lshr_ln89_8                                                                  (partselect       ) [ 00000000000]
zext_ln89_4                                                                  (zext             ) [ 00000000000]
W2_0_addr_4                                                                  (getelementptr    ) [ 00000100000]
W2_1_addr_4                                                                  (getelementptr    ) [ 00000100000]
tmp_20                                                                       (bitselect        ) [ 00000100000]
add_ln88_7                                                                   (add              ) [ 00000000000]
zext_ln88_6                                                                  (zext             ) [ 00000000000]
bnn_top_int_const_unsigned_int_const_int_const_unsigned_int_const_int_co_149 (getelementptr    ) [ 00000100000]
bnn_top_int_const_unsigned_int_const_int_const_unsigned_int_const_int_co_150 (getelementptr    ) [ 00000100000]
bnn_top_int_const_unsigned_int_const_int_const_unsigned_int_const_int_co_151 (getelementptr    ) [ 00000100000]
bnn_top_int_const_unsigned_int_const_int_const_unsigned_int_const_int_co_152 (getelementptr    ) [ 00000100000]
bnn_top_int_const_unsigned_int_const_int_const_unsigned_int_const_int_co_153 (getelementptr    ) [ 00000100000]
bnn_top_int_const_unsigned_int_const_int_const_unsigned_int_const_int_co_154 (getelementptr    ) [ 00000100000]
bnn_top_int_const_unsigned_int_const_int_const_unsigned_int_const_int_co_155 (getelementptr    ) [ 00000100000]
bnn_top_int_const_unsigned_int_const_int_const_unsigned_int_const_int_co_156 (getelementptr    ) [ 00000100000]
add_ln89_9                                                                   (add              ) [ 00000000000]
lshr_ln89_s                                                                  (partselect       ) [ 00000000000]
zext_ln89_5                                                                  (zext             ) [ 00000000000]
W2_0_addr_5                                                                  (getelementptr    ) [ 00000100000]
W2_1_addr_5                                                                  (getelementptr    ) [ 00000100000]
tmp_21                                                                       (bitselect        ) [ 00000100000]
zext_ln87                                                                    (zext             ) [ 00000000000]
shl_ln3                                                                      (bitconcatenate   ) [ 01100011000]
zext_ln86                                                                    (zext             ) [ 00000000000]
shl_ln88                                                                     (shl              ) [ 00000000000]
zext_ln88                                                                    (zext             ) [ 00000000000]
add_ln88                                                                     (add              ) [ 00000000000]
zext_ln94                                                                    (zext             ) [ 00000000000]
sub_ln87                                                                     (sub              ) [ 00000000000]
add_ln86_1                                                                   (add              ) [ 01110011100]
sext_ln87                                                                    (sext             ) [ 00000000000]
tmp_9                                                                        (bitselect        ) [ 01111011110]
shl_ln88_2                                                                   (bitconcatenate   ) [ 00000000000]
bnn_top_int_const_unsigned_int_const_int_const_unsigned_int_const_int_co_141 (load             ) [ 00000000000]
bnn_top_int_const_unsigned_int_const_int_const_unsigned_int_const_int_co_142 (load             ) [ 00000000000]
bnn_top_int_const_unsigned_int_const_int_const_unsigned_int_const_int_co_143 (load             ) [ 00000000000]
bnn_top_int_const_unsigned_int_const_int_const_unsigned_int_const_int_co_144 (load             ) [ 00000000000]
bnn_top_int_const_unsigned_int_const_int_const_unsigned_int_const_int_co_145 (load             ) [ 00000000000]
bnn_top_int_const_unsigned_int_const_int_const_unsigned_int_const_int_co_146 (load             ) [ 00000000000]
bnn_top_int_const_unsigned_int_const_int_const_unsigned_int_const_int_co_147 (load             ) [ 00000000000]
bnn_top_int_const_unsigned_int_const_int_const_unsigned_int_const_int_co_148 (load             ) [ 00000000000]
a_4                                                                          (sparsemux        ) [ 01111011110]
W2_0_load_4                                                                  (load             ) [ 00000000000]
W2_1_load_4                                                                  (load             ) [ 00000000000]
select_ln89_4                                                                (select           ) [ 00000000000]
add_ln89_8                                                                   (add              ) [ 00000000000]
zext_ln89_14                                                                 (zext             ) [ 00000000000]
lshr_ln89_7                                                                  (lshr             ) [ 01111011110]
bnn_top_int_const_unsigned_int_const_int_const_unsigned_int_const_int_co_157 (load             ) [ 00000000000]
bnn_top_int_const_unsigned_int_const_int_const_unsigned_int_const_int_co_158 (load             ) [ 00000000000]
bnn_top_int_const_unsigned_int_const_int_const_unsigned_int_const_int_co_159 (load             ) [ 00000000000]
bnn_top_int_const_unsigned_int_const_int_const_unsigned_int_const_int_co_160 (load             ) [ 00000000000]
bnn_top_int_const_unsigned_int_const_int_const_unsigned_int_const_int_co_161 (load             ) [ 00000000000]
bnn_top_int_const_unsigned_int_const_int_const_unsigned_int_const_int_co_162 (load             ) [ 00000000000]
bnn_top_int_const_unsigned_int_const_int_const_unsigned_int_const_int_co_163 (load             ) [ 00000000000]
bnn_top_int_const_unsigned_int_const_int_const_unsigned_int_const_int_co_164 (load             ) [ 00000000000]
a_5                                                                          (sparsemux        ) [ 01111011110]
W2_0_load_5                                                                  (load             ) [ 00000000000]
W2_1_load_5                                                                  (load             ) [ 00000000000]
select_ln89_5                                                                (select           ) [ 00000000000]
add_ln89_10                                                                  (add              ) [ 00000000000]
zext_ln89_15                                                                 (zext             ) [ 00000000000]
lshr_ln89_9                                                                  (lshr             ) [ 01111011110]
add_ln88_8                                                                   (add              ) [ 00000000000]
sext_ln88                                                                    (sext             ) [ 00000000000]
or_ln88_1                                                                    (bitconcatenate   ) [ 00000000000]
add_ln88_10                                                                  (add              ) [ 00000000000]
lshr_ln88_6                                                                  (partselect       ) [ 00000000000]
zext_ln88_7                                                                  (zext             ) [ 00000000000]
bnn_top_int_const_unsigned_int_const_int_const_unsigned_int_const_int_co_165 (getelementptr    ) [ 01000010000]
bnn_top_int_const_unsigned_int_const_int_const_unsigned_int_const_int_co_166 (getelementptr    ) [ 01000010000]
bnn_top_int_const_unsigned_int_const_int_const_unsigned_int_const_int_co_167 (getelementptr    ) [ 01000010000]
bnn_top_int_const_unsigned_int_const_int_const_unsigned_int_const_int_co_168 (getelementptr    ) [ 01000010000]
bnn_top_int_const_unsigned_int_const_int_const_unsigned_int_const_int_co_169 (getelementptr    ) [ 01000010000]
bnn_top_int_const_unsigned_int_const_int_const_unsigned_int_const_int_co_170 (getelementptr    ) [ 01000010000]
bnn_top_int_const_unsigned_int_const_int_const_unsigned_int_const_int_co_171 (getelementptr    ) [ 01000010000]
bnn_top_int_const_unsigned_int_const_int_const_unsigned_int_const_int_co_172 (getelementptr    ) [ 01000010000]
add_ln89_11                                                                  (add              ) [ 00000000000]
lshr_ln89_10                                                                 (partselect       ) [ 00000000000]
zext_ln89_6                                                                  (zext             ) [ 00000000000]
W2_0_addr_6                                                                  (getelementptr    ) [ 01000010000]
W2_1_addr_6                                                                  (getelementptr    ) [ 01000010000]
tmp_22                                                                       (bitselect        ) [ 01000010000]
add_ln88_11                                                                  (add              ) [ 00000000000]
tmp_s                                                                        (partselect       ) [ 00000000000]
add_ln88_12                                                                  (bitconcatenate   ) [ 00000000000]
zext_ln88_8                                                                  (zext             ) [ 00000000000]
bnn_top_int_const_unsigned_int_const_int_const_unsigned_int_const_int_co_181 (getelementptr    ) [ 01000010000]
bnn_top_int_const_unsigned_int_const_int_const_unsigned_int_const_int_co_182 (getelementptr    ) [ 01000010000]
bnn_top_int_const_unsigned_int_const_int_const_unsigned_int_const_int_co_183 (getelementptr    ) [ 01000010000]
bnn_top_int_const_unsigned_int_const_int_const_unsigned_int_const_int_co_184 (getelementptr    ) [ 01000010000]
bnn_top_int_const_unsigned_int_const_int_const_unsigned_int_const_int_co_185 (getelementptr    ) [ 01000010000]
bnn_top_int_const_unsigned_int_const_int_const_unsigned_int_const_int_co_186 (getelementptr    ) [ 01000010000]
bnn_top_int_const_unsigned_int_const_int_const_unsigned_int_const_int_co_187 (getelementptr    ) [ 01000010000]
bnn_top_int_const_unsigned_int_const_int_const_unsigned_int_const_int_co_188 (getelementptr    ) [ 01000010000]
add_ln89_13                                                                  (add              ) [ 00000000000]
lshr_ln89_12                                                                 (partselect       ) [ 00000000000]
zext_ln89_7                                                                  (zext             ) [ 00000000000]
W2_0_addr_7                                                                  (getelementptr    ) [ 01000010000]
W2_1_addr_7                                                                  (getelementptr    ) [ 01000010000]
tmp_23                                                                       (bitselect        ) [ 01000010000]
add_ln88_13                                                                  (add              ) [ 01000010000]
add_ln89_15                                                                  (add              ) [ 00000000000]
lshr_ln89_14                                                                 (partselect       ) [ 01000010000]
tmp_24                                                                       (bitselect        ) [ 01100011000]
zext_ln94_1                                                                  (zext             ) [ 00000000000]
add_ln94_1                                                                   (add              ) [ 00000000000]
zext_ln94_3                                                                  (zext             ) [ 00000000000]
mul_ln94                                                                     (mul              ) [ 00000000000]
tmp_25                                                                       (partselect       ) [ 01111111111]
bnn_top_int_const_unsigned_int_const_int_const_unsigned_int_const_int_co_173 (load             ) [ 00000000000]
bnn_top_int_const_unsigned_int_const_int_const_unsigned_int_const_int_co_174 (load             ) [ 00000000000]
bnn_top_int_const_unsigned_int_const_int_const_unsigned_int_const_int_co_175 (load             ) [ 00000000000]
bnn_top_int_const_unsigned_int_const_int_const_unsigned_int_const_int_co_176 (load             ) [ 00000000000]
bnn_top_int_const_unsigned_int_const_int_const_unsigned_int_const_int_co_177 (load             ) [ 00000000000]
bnn_top_int_const_unsigned_int_const_int_const_unsigned_int_const_int_co_178 (load             ) [ 00000000000]
bnn_top_int_const_unsigned_int_const_int_const_unsigned_int_const_int_co_179 (load             ) [ 00000000000]
bnn_top_int_const_unsigned_int_const_int_const_unsigned_int_const_int_co_180 (load             ) [ 00000000000]
a_6                                                                          (sparsemux        ) [ 00111101111]
W2_0_load_6                                                                  (load             ) [ 00000000000]
W2_1_load_6                                                                  (load             ) [ 00000000000]
select_ln89_6                                                                (select           ) [ 00000000000]
add_ln89_12                                                                  (add              ) [ 00000000000]
zext_ln89_16                                                                 (zext             ) [ 00000000000]
lshr_ln89_11                                                                 (lshr             ) [ 00111101111]
bnn_top_int_const_unsigned_int_const_int_const_unsigned_int_const_int_co_189 (load             ) [ 00000000000]
bnn_top_int_const_unsigned_int_const_int_const_unsigned_int_const_int_co_190 (load             ) [ 00000000000]
bnn_top_int_const_unsigned_int_const_int_const_unsigned_int_const_int_co_191 (load             ) [ 00000000000]
bnn_top_int_const_unsigned_int_const_int_const_unsigned_int_const_int_co_192 (load             ) [ 00000000000]
bnn_top_int_const_unsigned_int_const_int_const_unsigned_int_const_int_co_193 (load             ) [ 00000000000]
bnn_top_int_const_unsigned_int_const_int_const_unsigned_int_const_int_co_194 (load             ) [ 00000000000]
bnn_top_int_const_unsigned_int_const_int_const_unsigned_int_const_int_co_195 (load             ) [ 00000000000]
bnn_top_int_const_unsigned_int_const_int_const_unsigned_int_const_int_co_196 (load             ) [ 00000000000]
a_7                                                                          (sparsemux        ) [ 00111101111]
W2_0_load_7                                                                  (load             ) [ 00000000000]
W2_1_load_7                                                                  (load             ) [ 00000000000]
select_ln89_7                                                                (select           ) [ 00000000000]
add_ln89_14                                                                  (add              ) [ 00000000000]
zext_ln89_17                                                                 (zext             ) [ 00000000000]
lshr_ln89_13                                                                 (lshr             ) [ 00111101111]
zext_ln88_9                                                                  (zext             ) [ 00000000000]
bnn_top_int_const_unsigned_int_const_int_const_unsigned_int_const_int_co_197 (getelementptr    ) [ 00100001000]
bnn_top_int_const_unsigned_int_const_int_const_unsigned_int_const_int_co_198 (getelementptr    ) [ 00100001000]
bnn_top_int_const_unsigned_int_const_int_const_unsigned_int_const_int_co_199 (getelementptr    ) [ 00100001000]
bnn_top_int_const_unsigned_int_const_int_const_unsigned_int_const_int_co_200 (getelementptr    ) [ 00100001000]
bnn_top_int_const_unsigned_int_const_int_const_unsigned_int_const_int_co_201 (getelementptr    ) [ 00100001000]
bnn_top_int_const_unsigned_int_const_int_const_unsigned_int_const_int_co_202 (getelementptr    ) [ 00100001000]
bnn_top_int_const_unsigned_int_const_int_const_unsigned_int_const_int_co_203 (getelementptr    ) [ 00100001000]
bnn_top_int_const_unsigned_int_const_int_const_unsigned_int_const_int_co_204 (getelementptr    ) [ 00100001000]
zext_ln89_8                                                                  (zext             ) [ 00000000000]
W2_0_addr_8                                                                  (getelementptr    ) [ 00100001000]
W2_1_addr_8                                                                  (getelementptr    ) [ 00100001000]
store_ln80                                                                   (store            ) [ 00000000000]
zext_ln86_1                                                                  (zext             ) [ 00000000000]
zext_ln80                                                                    (zext             ) [ 00000000000]
sext_ln87_1                                                                  (sext             ) [ 00000000000]
zext_ln87_2                                                                  (zext             ) [ 00000000000]
shl_ln88_1                                                                   (bitconcatenate   ) [ 00000000000]
add_ln88_1                                                                   (add              ) [ 00000000000]
add_ln88_2                                                                   (add              ) [ 00000000000]
add_ln88_3                                                                   (add              ) [ 00000000000]
lshr_ln88_2                                                                  (partselect       ) [ 00000000000]
zext_ln88_1                                                                  (zext             ) [ 00000000000]
bnn_top_int_const_unsigned_int_const_int_const_unsigned_int_const_int_co_69  (getelementptr    ) [ 00010000100]
bnn_top_int_const_unsigned_int_const_int_const_unsigned_int_const_int_co_70  (getelementptr    ) [ 00010000100]
bnn_top_int_const_unsigned_int_const_int_const_unsigned_int_const_int_co_71  (getelementptr    ) [ 00010000100]
bnn_top_int_const_unsigned_int_const_int_const_unsigned_int_const_int_co_72  (getelementptr    ) [ 00010000100]
bnn_top_int_const_unsigned_int_const_int_const_unsigned_int_const_int_co_73  (getelementptr    ) [ 00010000100]
bnn_top_int_const_unsigned_int_const_int_const_unsigned_int_const_int_co_74  (getelementptr    ) [ 00010000100]
bnn_top_int_const_unsigned_int_const_int_const_unsigned_int_const_int_co_75  (getelementptr    ) [ 00010000100]
bnn_top_int_const_unsigned_int_const_int_const_unsigned_int_const_int_co_76  (getelementptr    ) [ 00010000100]
add_ln88_4                                                                   (add              ) [ 00000000000]
lshr_ln88_3                                                                  (partselect       ) [ 00000000000]
zext_ln88_2                                                                  (zext             ) [ 00000000000]
bnn_top_int_const_unsigned_int_const_int_const_unsigned_int_const_int_co_85  (getelementptr    ) [ 00010000100]
bnn_top_int_const_unsigned_int_const_int_const_unsigned_int_const_int_co_86  (getelementptr    ) [ 00010000100]
bnn_top_int_const_unsigned_int_const_int_const_unsigned_int_const_int_co_87  (getelementptr    ) [ 00010000100]
bnn_top_int_const_unsigned_int_const_int_const_unsigned_int_const_int_co_88  (getelementptr    ) [ 00010000100]
bnn_top_int_const_unsigned_int_const_int_const_unsigned_int_const_int_co_89  (getelementptr    ) [ 00010000100]
bnn_top_int_const_unsigned_int_const_int_const_unsigned_int_const_int_co_90  (getelementptr    ) [ 00010000100]
bnn_top_int_const_unsigned_int_const_int_const_unsigned_int_const_int_co_91  (getelementptr    ) [ 00010000100]
bnn_top_int_const_unsigned_int_const_int_const_unsigned_int_const_int_co_92  (getelementptr    ) [ 00010000100]
add_ln88_5                                                                   (add              ) [ 00000000000]
lshr_ln88_4                                                                  (partselect       ) [ 00010000100]
tmp2                                                                         (bitconcatenate   ) [ 00000000000]
add_ln88_6                                                                   (add              ) [ 00000000000]
lshr_ln88_5                                                                  (partselect       ) [ 00010000100]
bnn_top_int_const_unsigned_int_const_int_const_unsigned_int_const_int_co_205 (load             ) [ 00000000000]
bnn_top_int_const_unsigned_int_const_int_const_unsigned_int_const_int_co_206 (load             ) [ 00000000000]
bnn_top_int_const_unsigned_int_const_int_const_unsigned_int_const_int_co_207 (load             ) [ 00000000000]
bnn_top_int_const_unsigned_int_const_int_const_unsigned_int_const_int_co_208 (load             ) [ 00000000000]
bnn_top_int_const_unsigned_int_const_int_const_unsigned_int_const_int_co_209 (load             ) [ 00000000000]
bnn_top_int_const_unsigned_int_const_int_const_unsigned_int_const_int_co_210 (load             ) [ 00000000000]
bnn_top_int_const_unsigned_int_const_int_const_unsigned_int_const_int_co_211 (load             ) [ 00000000000]
bnn_top_int_const_unsigned_int_const_int_const_unsigned_int_const_int_co_212 (load             ) [ 00000000000]
a_8                                                                          (sparsemux        ) [ 00011100111]
W2_0_load_8                                                                  (load             ) [ 00000000000]
W2_1_load_8                                                                  (load             ) [ 00000000000]
select_ln89_8                                                                (select           ) [ 00000000000]
add_ln89_16                                                                  (add              ) [ 00000000000]
zext_ln89_18                                                                 (zext             ) [ 00000000000]
lshr_ln89_15                                                                 (lshr             ) [ 00011100111]
acc_load                                                                     (load             ) [ 00000000000]
acc_13_mid2                                                                  (select           ) [ 00000000000]
zext_ln87_1                                                                  (zext             ) [ 00000000000]
add_ln87                                                                     (add              ) [ 00000000000]
tmp                                                                          (bitselect        ) [ 00000000000]
or_ln87                                                                      (or               ) [ 00000000000]
tmp_6                                                                        (bitselect        ) [ 00000000000]
or_ln87_1                                                                    (or               ) [ 00000000000]
tmp_7                                                                        (bitselect        ) [ 00000000000]
tmp_8                                                                        (bitconcatenate   ) [ 00000000000]
icmp_ln87                                                                    (icmp             ) [ 00001000010]
or_ln87_2                                                                    (or               ) [ 00000000000]
tmp_11                                                                       (bitselect        ) [ 00000000000]
tmp_12                                                                       (bitconcatenate   ) [ 00000000000]
icmp_ln87_1                                                                  (icmp             ) [ 00001100011]
bnn_top_int_const_unsigned_int_const_int_const_unsigned_int_const_int_co_77  (load             ) [ 00000000000]
bnn_top_int_const_unsigned_int_const_int_const_unsigned_int_const_int_co_78  (load             ) [ 00000000000]
bnn_top_int_const_unsigned_int_const_int_const_unsigned_int_const_int_co_79  (load             ) [ 00000000000]
bnn_top_int_const_unsigned_int_const_int_const_unsigned_int_const_int_co_80  (load             ) [ 00000000000]
bnn_top_int_const_unsigned_int_const_int_const_unsigned_int_const_int_co_81  (load             ) [ 00000000000]
bnn_top_int_const_unsigned_int_const_int_const_unsigned_int_const_int_co_82  (load             ) [ 00000000000]
bnn_top_int_const_unsigned_int_const_int_const_unsigned_int_const_int_co_83  (load             ) [ 00000000000]
bnn_top_int_const_unsigned_int_const_int_const_unsigned_int_const_int_co_84  (load             ) [ 00000000000]
a                                                                            (sparsemux        ) [ 00000000000]
w                                                                            (trunc            ) [ 00000000000]
xor_ln90                                                                     (xor              ) [ 00000000000]
select_ln90                                                                  (select           ) [ 00000000000]
acc_1                                                                        (add              ) [ 00000000000]
acc_2                                                                        (select           ) [ 00000000000]
bnn_top_int_const_unsigned_int_const_int_const_unsigned_int_const_int_co_93  (load             ) [ 00000000000]
bnn_top_int_const_unsigned_int_const_int_const_unsigned_int_const_int_co_94  (load             ) [ 00000000000]
bnn_top_int_const_unsigned_int_const_int_const_unsigned_int_const_int_co_95  (load             ) [ 00000000000]
bnn_top_int_const_unsigned_int_const_int_const_unsigned_int_const_int_co_96  (load             ) [ 00000000000]
bnn_top_int_const_unsigned_int_const_int_const_unsigned_int_const_int_co_97  (load             ) [ 00000000000]
bnn_top_int_const_unsigned_int_const_int_const_unsigned_int_const_int_co_98  (load             ) [ 00000000000]
bnn_top_int_const_unsigned_int_const_int_const_unsigned_int_const_int_co_99  (load             ) [ 00000000000]
bnn_top_int_const_unsigned_int_const_int_const_unsigned_int_const_int_co_100 (load             ) [ 00000000000]
a_1                                                                          (sparsemux        ) [ 00000000000]
w_1                                                                          (trunc            ) [ 00000000000]
xor_ln90_1                                                                   (xor              ) [ 00000000000]
select_ln90_1                                                                (select           ) [ 00000000000]
acc_3                                                                        (add              ) [ 00000000000]
acc_4                                                                        (select           ) [ 00001000010]
zext_ln88_3                                                                  (zext             ) [ 00000000000]
bnn_top_int_const_unsigned_int_const_int_const_unsigned_int_const_int_co_101 (getelementptr    ) [ 00001000010]
bnn_top_int_const_unsigned_int_const_int_const_unsigned_int_const_int_co_102 (getelementptr    ) [ 00001000010]
bnn_top_int_const_unsigned_int_const_int_const_unsigned_int_const_int_co_103 (getelementptr    ) [ 00001000010]
bnn_top_int_const_unsigned_int_const_int_const_unsigned_int_const_int_co_104 (getelementptr    ) [ 00001000010]
bnn_top_int_const_unsigned_int_const_int_const_unsigned_int_const_int_co_105 (getelementptr    ) [ 00001000010]
bnn_top_int_const_unsigned_int_const_int_const_unsigned_int_const_int_co_106 (getelementptr    ) [ 00001000010]
bnn_top_int_const_unsigned_int_const_int_const_unsigned_int_const_int_co_107 (getelementptr    ) [ 00001000010]
bnn_top_int_const_unsigned_int_const_int_const_unsigned_int_const_int_co_108 (getelementptr    ) [ 00001000010]
zext_ln88_4                                                                  (zext             ) [ 00000000000]
bnn_top_int_const_unsigned_int_const_int_const_unsigned_int_const_int_co_117 (getelementptr    ) [ 00001000010]
bnn_top_int_const_unsigned_int_const_int_const_unsigned_int_const_int_co_118 (getelementptr    ) [ 00001000010]
bnn_top_int_const_unsigned_int_const_int_const_unsigned_int_const_int_co_119 (getelementptr    ) [ 00001000010]
bnn_top_int_const_unsigned_int_const_int_const_unsigned_int_const_int_co_120 (getelementptr    ) [ 00001000010]
bnn_top_int_const_unsigned_int_const_int_const_unsigned_int_const_int_co_121 (getelementptr    ) [ 00001000010]
bnn_top_int_const_unsigned_int_const_int_const_unsigned_int_const_int_co_122 (getelementptr    ) [ 00001000010]
bnn_top_int_const_unsigned_int_const_int_const_unsigned_int_const_int_co_123 (getelementptr    ) [ 00001000010]
bnn_top_int_const_unsigned_int_const_int_const_unsigned_int_const_int_co_124 (getelementptr    ) [ 00001000010]
bnn_top_int_const_unsigned_int_const_int_const_unsigned_int_const_int_co_109 (load             ) [ 00000000000]
bnn_top_int_const_unsigned_int_const_int_const_unsigned_int_const_int_co_110 (load             ) [ 00000000000]
bnn_top_int_const_unsigned_int_const_int_const_unsigned_int_const_int_co_111 (load             ) [ 00000000000]
bnn_top_int_const_unsigned_int_const_int_const_unsigned_int_const_int_co_112 (load             ) [ 00000000000]
bnn_top_int_const_unsigned_int_const_int_const_unsigned_int_const_int_co_113 (load             ) [ 00000000000]
bnn_top_int_const_unsigned_int_const_int_const_unsigned_int_const_int_co_114 (load             ) [ 00000000000]
bnn_top_int_const_unsigned_int_const_int_const_unsigned_int_const_int_co_115 (load             ) [ 00000000000]
bnn_top_int_const_unsigned_int_const_int_const_unsigned_int_const_int_co_116 (load             ) [ 00000000000]
a_2                                                                          (sparsemux        ) [ 00000000000]
w_2                                                                          (trunc            ) [ 00000000000]
xor_ln90_2                                                                   (xor              ) [ 00000000000]
select_ln90_2                                                                (select           ) [ 00000000000]
acc_5                                                                        (add              ) [ 00000000000]
acc_6                                                                        (select           ) [ 00000000000]
bnn_top_int_const_unsigned_int_const_int_const_unsigned_int_const_int_co_125 (load             ) [ 00000000000]
bnn_top_int_const_unsigned_int_const_int_const_unsigned_int_const_int_co_126 (load             ) [ 00000000000]
bnn_top_int_const_unsigned_int_const_int_const_unsigned_int_const_int_co_127 (load             ) [ 00000000000]
bnn_top_int_const_unsigned_int_const_int_const_unsigned_int_const_int_co_128 (load             ) [ 00000000000]
bnn_top_int_const_unsigned_int_const_int_const_unsigned_int_const_int_co_129 (load             ) [ 00000000000]
bnn_top_int_const_unsigned_int_const_int_const_unsigned_int_const_int_co_130 (load             ) [ 00000000000]
bnn_top_int_const_unsigned_int_const_int_const_unsigned_int_const_int_co_131 (load             ) [ 00000000000]
bnn_top_int_const_unsigned_int_const_int_const_unsigned_int_const_int_co_132 (load             ) [ 00000000000]
a_3                                                                          (sparsemux        ) [ 00000000000]
w_3                                                                          (trunc            ) [ 00000000000]
xor_ln90_3                                                                   (xor              ) [ 00000000000]
select_ln90_3                                                                (select           ) [ 00000000000]
acc_7                                                                        (add              ) [ 00000000000]
acc_8                                                                        (select           ) [ 00000000000]
w_4                                                                          (trunc            ) [ 00000000000]
xor_ln90_4                                                                   (xor              ) [ 00000000000]
select_ln90_4                                                                (select           ) [ 00000000000]
acc_9                                                                        (add              ) [ 00000000000]
w_5                                                                          (trunc            ) [ 00000000000]
xor_ln90_5                                                                   (xor              ) [ 00000000000]
select_ln90_5                                                                (select           ) [ 00000000000]
acc_10                                                                       (add              ) [ 00000000000]
acc_11                                                                       (select           ) [ 00000100001]
specloopname_ln0                                                             (specloopname     ) [ 00000000000]
speclooptripcount_ln0                                                        (speclooptripcount) [ 00000000000]
or_ln87_3                                                                    (or               ) [ 00000000000]
tmp_13                                                                       (bitselect        ) [ 00000000000]
specpipeline_ln83                                                            (specpipeline     ) [ 00000000000]
w_6                                                                          (trunc            ) [ 00000000000]
xor_ln90_6                                                                   (xor              ) [ 00000000000]
select_ln90_6                                                                (select           ) [ 00000000000]
acc_12                                                                       (add              ) [ 00000000000]
acc_13                                                                       (select           ) [ 00000000000]
w_7                                                                          (trunc            ) [ 00000000000]
xor_ln90_7                                                                   (xor              ) [ 00000000000]
select_ln90_7                                                                (select           ) [ 00000000000]
acc_14                                                                       (add              ) [ 00000000000]
acc_15                                                                       (select           ) [ 00000000000]
w_8                                                                          (trunc            ) [ 00000000000]
xor_ln90_8                                                                   (xor              ) [ 00000000000]
select_ln90_8                                                                (select           ) [ 00000000000]
acc_16                                                                       (add              ) [ 00000000000]
acc_17                                                                       (select           ) [ 00000000000]
zext_ln94_2                                                                  (zext             ) [ 00000000000]
urem_ln94                                                                    (urem             ) [ 00000000000]
trunc_ln94_1                                                                 (trunc            ) [ 00000100001]
bnn_top_int_const_unsigned_int_const_int_const_unsigned_int_const_int_co_213 (getelementptr    ) [ 00000000000]
bnn_top_int_const_unsigned_int_const_int_const_unsigned_int_const_int_co_214 (getelementptr    ) [ 00000000000]
bnn_top_int_const_unsigned_int_const_int_const_unsigned_int_const_int_co_215 (getelementptr    ) [ 00000000000]
bnn_top_int_const_unsigned_int_const_int_const_unsigned_int_const_int_co_216 (getelementptr    ) [ 00000000000]
bnn_top_int_const_unsigned_int_const_int_const_unsigned_int_const_int_co_217 (getelementptr    ) [ 00000000000]
switch_ln94                                                                  (switch           ) [ 00000000000]
store_ln94                                                                   (store            ) [ 00000000000]
br_ln94                                                                      (br               ) [ 00000000000]
store_ln94                                                                   (store            ) [ 00000000000]
br_ln94                                                                      (br               ) [ 00000000000]
store_ln94                                                                   (store            ) [ 00000000000]
br_ln94                                                                      (br               ) [ 00000000000]
store_ln94                                                                   (store            ) [ 00000000000]
br_ln94                                                                      (br               ) [ 00000000000]
store_ln94                                                                   (store            ) [ 00000000000]
br_ln94                                                                      (br               ) [ 00000000000]
store_ln81                                                                   (store            ) [ 00000000000]
br_ln82                                                                      (br               ) [ 00000000000]
ret_ln0                                                                      (ret              ) [ 00000000000]
</LifeTime>

<model>

<comp_list>
<comp id="0" class="1000" name="mul_ln79">
<pin_list>
<pin id="1" dir="1" index="0" bw="1" slack="0"/>
</pin_list>
<bind>
<StgValue><ssdm name="mul_ln79"/></StgValue>
</bind>
</comp>

<comp id="2" class="1000" name="W2_0">
<pin_list>
<pin id="3" dir="1" index="0" bw="1" slack="0"/>
</pin_list>
<bind>
<StgValue><ssdm name="W2_0"/><MemPortTyVec>1 1 </MemPortTyVec>
</StgValue>
</bind>
</comp>

<comp id="4" class="1000" name="W2_1">
<pin_list>
<pin id="5" dir="1" index="0" bw="1" slack="0"/>
</pin_list>
<bind>
<StgValue><ssdm name="W2_1"/><MemPortTyVec>1 1 </MemPortTyVec>
</StgValue>
</bind>
</comp>

<comp id="6" class="1000" name="bnn_top_int_const_unsigned_int_const_int_const_unsigned_int_const_int_co_4">
<pin_list>
<pin id="7" dir="1" index="0" bw="1" slack="0"/>
</pin_list>
<bind>
<StgValue><ssdm name="bnn_top_int_const_unsigned_int_const_int_const_unsigned_int_const_int_co_4"/><MemPortTyVec>0 3 </MemPortTyVec>
</StgValue>
</bind>
</comp>

<comp id="8" class="1000" name="bnn_top_int_const_unsigned_int_const_int_const_unsigned_int_const_int_co_20">
<pin_list>
<pin id="9" dir="1" index="0" bw="1" slack="0"/>
</pin_list>
<bind>
<StgValue><ssdm name="bnn_top_int_const_unsigned_int_const_int_const_unsigned_int_const_int_co_20"/><MemPortTyVec>1 3 </MemPortTyVec>
</StgValue>
</bind>
</comp>

<comp id="10" class="1000" name="bnn_top_int_const_unsigned_int_const_int_const_unsigned_int_const_int_co_19">
<pin_list>
<pin id="11" dir="1" index="0" bw="1" slack="0"/>
</pin_list>
<bind>
<StgValue><ssdm name="bnn_top_int_const_unsigned_int_const_int_const_unsigned_int_const_int_co_19"/><MemPortTyVec>1 3 </MemPortTyVec>
</StgValue>
</bind>
</comp>

<comp id="12" class="1000" name="bnn_top_int_const_unsigned_int_const_int_const_unsigned_int_const_int_co_18">
<pin_list>
<pin id="13" dir="1" index="0" bw="1" slack="0"/>
</pin_list>
<bind>
<StgValue><ssdm name="bnn_top_int_const_unsigned_int_const_int_const_unsigned_int_const_int_co_18"/><MemPortTyVec>1 3 </MemPortTyVec>
</StgValue>
</bind>
</comp>

<comp id="14" class="1000" name="bnn_top_int_const_unsigned_int_const_int_const_unsigned_int_const_int_co_17">
<pin_list>
<pin id="15" dir="1" index="0" bw="1" slack="0"/>
</pin_list>
<bind>
<StgValue><ssdm name="bnn_top_int_const_unsigned_int_const_int_const_unsigned_int_const_int_co_17"/><MemPortTyVec>1 3 </MemPortTyVec>
</StgValue>
</bind>
</comp>

<comp id="16" class="1000" name="bnn_top_int_const_unsigned_int_const_int_const_unsigned_int_const_int_co_16">
<pin_list>
<pin id="17" dir="1" index="0" bw="1" slack="0"/>
</pin_list>
<bind>
<StgValue><ssdm name="bnn_top_int_const_unsigned_int_const_int_const_unsigned_int_const_int_co_16"/><MemPortTyVec>1 3 </MemPortTyVec>
</StgValue>
</bind>
</comp>

<comp id="18" class="1000" name="bnn_top_int_const_unsigned_int_const_int_const_unsigned_int_const_int_co_15">
<pin_list>
<pin id="19" dir="1" index="0" bw="1" slack="0"/>
</pin_list>
<bind>
<StgValue><ssdm name="bnn_top_int_const_unsigned_int_const_int_const_unsigned_int_const_int_co_15"/><MemPortTyVec>1 3 </MemPortTyVec>
</StgValue>
</bind>
</comp>

<comp id="20" class="1000" name="bnn_top_int_const_unsigned_int_const_int_const_unsigned_int_const_int_co_14">
<pin_list>
<pin id="21" dir="1" index="0" bw="1" slack="0"/>
</pin_list>
<bind>
<StgValue><ssdm name="bnn_top_int_const_unsigned_int_const_int_const_unsigned_int_const_int_co_14"/><MemPortTyVec>1 3 </MemPortTyVec>
</StgValue>
</bind>
</comp>

<comp id="22" class="1000" name="bnn_top_int_const_unsigned_int_const_int_const_unsigned_int_const_int_co_13">
<pin_list>
<pin id="23" dir="1" index="0" bw="1" slack="0"/>
</pin_list>
<bind>
<StgValue><ssdm name="bnn_top_int_const_unsigned_int_const_int_const_unsigned_int_const_int_co_13"/><MemPortTyVec>1 3 </MemPortTyVec>
</StgValue>
</bind>
</comp>

<comp id="24" class="1000" name="bnn_top_int_const_unsigned_int_const_int_const_unsigned_int_const_int_co_3">
<pin_list>
<pin id="25" dir="1" index="0" bw="1" slack="0"/>
</pin_list>
<bind>
<StgValue><ssdm name="bnn_top_int_const_unsigned_int_const_int_const_unsigned_int_const_int_co_3"/><MemPortTyVec>0 3 </MemPortTyVec>
</StgValue>
</bind>
</comp>

<comp id="26" class="1000" name="bnn_top_int_const_unsigned_int_const_int_const_unsigned_int_const_int_co_2">
<pin_list>
<pin id="27" dir="1" index="0" bw="1" slack="0"/>
</pin_list>
<bind>
<StgValue><ssdm name="bnn_top_int_const_unsigned_int_const_int_const_unsigned_int_const_int_co_2"/><MemPortTyVec>0 3 </MemPortTyVec>
</StgValue>
</bind>
</comp>

<comp id="28" class="1000" name="bnn_top_int_const_unsigned_int_const_int_const_unsigned_int_const_int_co_1">
<pin_list>
<pin id="29" dir="1" index="0" bw="1" slack="0"/>
</pin_list>
<bind>
<StgValue><ssdm name="bnn_top_int_const_unsigned_int_const_int_const_unsigned_int_const_int_co_1"/><MemPortTyVec>0 3 </MemPortTyVec>
</StgValue>
</bind>
</comp>

<comp id="30" class="1000" name="bnn_top_int_const_unsigned_int_const_int_const_unsigned_int_const_int_co">
<pin_list>
<pin id="31" dir="1" index="0" bw="1" slack="0"/>
</pin_list>
<bind>
<StgValue><ssdm name="bnn_top_int_const_unsigned_int_const_int_const_unsigned_int_const_int_co"/><MemPortTyVec>0 3 </MemPortTyVec>
</StgValue>
</bind>
</comp>

<comp id="32" class="1001" name="const_32">
<pin_list>
<pin id="33" dir="1" index="0" bw="1" slack="0"/>
</pin_list>
<bind>
<StgValue><ssdm name=""/></StgValue>
</bind>
</comp>

<comp id="34" class="1001" name="const_34">
<pin_list>
<pin id="35" dir="1" index="0" bw="1" slack="2147483647"/>
</pin_list>
<bind>
<StgValue><ssdm name="_ssdm_op_SpecInterface"/></StgValue>
</bind>
</comp>

<comp id="36" class="1001" name="const_36">
<pin_list>
<pin id="37" dir="1" index="0" bw="1" slack="2147483647"/>
</pin_list>
<bind>
<StgValue><ssdm name="empty_5"/></StgValue>
</bind>
</comp>

<comp id="38" class="1001" name="const_38">
<pin_list>
<pin id="39" dir="1" index="0" bw="1" slack="0"/>
</pin_list>
<bind>
<StgValue><ssdm name=""/></StgValue>
</bind>
</comp>

<comp id="40" class="1001" name="const_40">
<pin_list>
<pin id="41" dir="1" index="0" bw="1" slack="2147483647"/>
</pin_list>
<bind>
<StgValue><ssdm name="empty_2"/></StgValue>
</bind>
</comp>

<comp id="42" class="1001" name="const_42">
<pin_list>
<pin id="43" dir="1" index="0" bw="1" slack="0"/>
</pin_list>
<bind>
<StgValue><ssdm name=""/></StgValue>
</bind>
</comp>

<comp id="44" class="1001" name="const_44">
<pin_list>
<pin id="45" dir="1" index="0" bw="1" slack="0"/>
</pin_list>
<bind>
<StgValue><ssdm name="_ssdm_op_Read.ap_auto.i15"/></StgValue>
</bind>
</comp>

<comp id="46" class="1001" name="const_46">
<pin_list>
<pin id="47" dir="1" index="0" bw="1" slack="0"/>
</pin_list>
<bind>
<StgValue><ssdm name=""/></StgValue>
</bind>
</comp>

<comp id="48" class="1001" name="const_48">
<pin_list>
<pin id="49" dir="1" index="0" bw="1" slack="0"/>
</pin_list>
<bind>
<StgValue><ssdm name=""/></StgValue>
</bind>
</comp>

<comp id="50" class="1001" name="const_50">
<pin_list>
<pin id="51" dir="1" index="0" bw="1" slack="0"/>
</pin_list>
<bind>
<StgValue><ssdm name=""/></StgValue>
</bind>
</comp>

<comp id="52" class="1001" name="const_52">
<pin_list>
<pin id="53" dir="1" index="0" bw="1" slack="0"/>
</pin_list>
<bind>
<StgValue><ssdm name=""/></StgValue>
</bind>
</comp>

<comp id="54" class="1001" name="const_54">
<pin_list>
<pin id="55" dir="1" index="0" bw="1" slack="0"/>
</pin_list>
<bind>
<StgValue><ssdm name=""/></StgValue>
</bind>
</comp>

<comp id="56" class="1001" name="const_56">
<pin_list>
<pin id="57" dir="1" index="0" bw="1" slack="0"/>
</pin_list>
<bind>
<StgValue><ssdm name=""/></StgValue>
</bind>
</comp>

<comp id="58" class="1001" name="const_58">
<pin_list>
<pin id="59" dir="1" index="0" bw="1" slack="0"/>
</pin_list>
<bind>
<StgValue><ssdm name=""/></StgValue>
</bind>
</comp>

<comp id="60" class="1001" name="const_60">
<pin_list>
<pin id="61" dir="1" index="0" bw="1" slack="0"/>
</pin_list>
<bind>
<StgValue><ssdm name=""/></StgValue>
</bind>
</comp>

<comp id="62" class="1001" name="const_62">
<pin_list>
<pin id="63" dir="1" index="0" bw="1" slack="0"/>
</pin_list>
<bind>
<StgValue><ssdm name=""/></StgValue>
</bind>
</comp>

<comp id="64" class="1001" name="const_64">
<pin_list>
<pin id="65" dir="1" index="0" bw="1" slack="0"/>
</pin_list>
<bind>
<StgValue><ssdm name=""/></StgValue>
</bind>
</comp>

<comp id="66" class="1001" name="const_66">
<pin_list>
<pin id="67" dir="1" index="0" bw="1" slack="0"/>
</pin_list>
<bind>
<StgValue><ssdm name=""/></StgValue>
</bind>
</comp>

<comp id="68" class="1001" name="const_68">
<pin_list>
<pin id="69" dir="1" index="0" bw="1" slack="0"/>
</pin_list>
<bind>
<StgValue><ssdm name="_ssdm_op_BitSelect.i1.i5.i32"/></StgValue>
</bind>
</comp>

<comp id="70" class="1001" name="const_70">
<pin_list>
<pin id="71" dir="1" index="0" bw="1" slack="0"/>
</pin_list>
<bind>
<StgValue><ssdm name=""/></StgValue>
</bind>
</comp>

<comp id="72" class="1001" name="const_72">
<pin_list>
<pin id="73" dir="1" index="0" bw="1" slack="0"/>
</pin_list>
<bind>
<StgValue><ssdm name=""/></StgValue>
</bind>
</comp>

<comp id="74" class="1001" name="const_74">
<pin_list>
<pin id="75" dir="1" index="0" bw="1" slack="0"/>
</pin_list>
<bind>
<StgValue><ssdm name="_ssdm_op_PartSelect.i2.i5.i32.i32"/></StgValue>
</bind>
</comp>

<comp id="76" class="1001" name="const_76">
<pin_list>
<pin id="77" dir="1" index="0" bw="1" slack="0"/>
</pin_list>
<bind>
<StgValue><ssdm name="_ssdm_op_BitConcatenate.i9.i6.i3"/></StgValue>
</bind>
</comp>

<comp id="78" class="1001" name="const_78">
<pin_list>
<pin id="79" dir="1" index="0" bw="1" slack="0"/>
</pin_list>
<bind>
<StgValue><ssdm name=""/></StgValue>
</bind>
</comp>

<comp id="80" class="1001" name="const_80">
<pin_list>
<pin id="81" dir="1" index="0" bw="1" slack="0"/>
</pin_list>
<bind>
<StgValue><ssdm name="_ssdm_op_PartSelect.i9.i15.i32.i32"/></StgValue>
</bind>
</comp>

<comp id="82" class="1001" name="const_82">
<pin_list>
<pin id="83" dir="1" index="0" bw="1" slack="0"/>
</pin_list>
<bind>
<StgValue><ssdm name=""/></StgValue>
</bind>
</comp>

<comp id="84" class="1001" name="const_84">
<pin_list>
<pin id="85" dir="1" index="0" bw="1" slack="0"/>
</pin_list>
<bind>
<StgValue><ssdm name=""/></StgValue>
</bind>
</comp>

<comp id="86" class="1001" name="const_86">
<pin_list>
<pin id="87" dir="1" index="0" bw="1" slack="0"/>
</pin_list>
<bind>
<StgValue><ssdm name=""/></StgValue>
</bind>
</comp>

<comp id="88" class="1001" name="const_88">
<pin_list>
<pin id="89" dir="1" index="0" bw="1" slack="0"/>
</pin_list>
<bind>
<StgValue><ssdm name="_ssdm_op_BitSelect.i1.i15.i32"/></StgValue>
</bind>
</comp>

<comp id="90" class="1001" name="const_90">
<pin_list>
<pin id="91" dir="1" index="0" bw="1" slack="0"/>
</pin_list>
<bind>
<StgValue><ssdm name=""/></StgValue>
</bind>
</comp>

<comp id="92" class="1001" name="const_92">
<pin_list>
<pin id="93" dir="1" index="0" bw="1" slack="0"/>
</pin_list>
<bind>
<StgValue><ssdm name=""/></StgValue>
</bind>
</comp>

<comp id="94" class="1001" name="const_94">
<pin_list>
<pin id="95" dir="1" index="0" bw="1" slack="0"/>
</pin_list>
<bind>
<StgValue><ssdm name=""/></StgValue>
</bind>
</comp>

<comp id="96" class="1001" name="const_96">
<pin_list>
<pin id="97" dir="1" index="0" bw="1" slack="0"/>
</pin_list>
<bind>
<StgValue><ssdm name=""/></StgValue>
</bind>
</comp>

<comp id="98" class="1001" name="const_98">
<pin_list>
<pin id="99" dir="1" index="0" bw="1" slack="0"/>
</pin_list>
<bind>
<StgValue><ssdm name=""/></StgValue>
</bind>
</comp>

<comp id="100" class="1001" name="const_100">
<pin_list>
<pin id="101" dir="1" index="0" bw="1" slack="0"/>
</pin_list>
<bind>
<StgValue><ssdm name=""/></StgValue>
</bind>
</comp>

<comp id="102" class="1001" name="const_102">
<pin_list>
<pin id="103" dir="1" index="0" bw="1" slack="0"/>
</pin_list>
<bind>
<StgValue><ssdm name=""/></StgValue>
</bind>
</comp>

<comp id="104" class="1001" name="const_104">
<pin_list>
<pin id="105" dir="1" index="0" bw="1" slack="0"/>
</pin_list>
<bind>
<StgValue><ssdm name=""/></StgValue>
</bind>
</comp>

<comp id="106" class="1001" name="const_106">
<pin_list>
<pin id="107" dir="1" index="0" bw="1" slack="0"/>
</pin_list>
<bind>
<StgValue><ssdm name="_ssdm_op_BitConcatenate.i10.i5.i4.i1"/></StgValue>
</bind>
</comp>

<comp id="108" class="1001" name="const_108">
<pin_list>
<pin id="109" dir="1" index="0" bw="1" slack="0"/>
</pin_list>
<bind>
<StgValue><ssdm name=""/></StgValue>
</bind>
</comp>

<comp id="110" class="1001" name="const_110">
<pin_list>
<pin id="111" dir="1" index="0" bw="1" slack="0"/>
</pin_list>
<bind>
<StgValue><ssdm name=""/></StgValue>
</bind>
</comp>

<comp id="112" class="1001" name="const_112">
<pin_list>
<pin id="113" dir="1" index="0" bw="1" slack="0"/>
</pin_list>
<bind>
<StgValue><ssdm name=""/></StgValue>
</bind>
</comp>

<comp id="114" class="1001" name="const_114">
<pin_list>
<pin id="115" dir="1" index="0" bw="1" slack="0"/>
</pin_list>
<bind>
<StgValue><ssdm name="_ssdm_op_BitConcatenate.i8.i4.i4"/></StgValue>
</bind>
</comp>

<comp id="116" class="1001" name="const_116">
<pin_list>
<pin id="117" dir="1" index="0" bw="1" slack="0"/>
</pin_list>
<bind>
<StgValue><ssdm name=""/></StgValue>
</bind>
</comp>

<comp id="118" class="1001" name="const_118">
<pin_list>
<pin id="119" dir="1" index="0" bw="1" slack="0"/>
</pin_list>
<bind>
<StgValue><ssdm name=""/></StgValue>
</bind>
</comp>

<comp id="120" class="1001" name="const_120">
<pin_list>
<pin id="121" dir="1" index="0" bw="1" slack="0"/>
</pin_list>
<bind>
<StgValue><ssdm name=""/></StgValue>
</bind>
</comp>

<comp id="122" class="1001" name="const_122">
<pin_list>
<pin id="123" dir="1" index="0" bw="1" slack="0"/>
</pin_list>
<bind>
<StgValue><ssdm name="_ssdm_op_BitConcatenate.i10.i5.i5"/></StgValue>
</bind>
</comp>

<comp id="124" class="1001" name="const_124">
<pin_list>
<pin id="125" dir="1" index="0" bw="1" slack="0"/>
</pin_list>
<bind>
<StgValue><ssdm name="_ssdm_op_SparseMux.ap_auto.8i1.i1.i3"/></StgValue>
</bind>
</comp>

<comp id="126" class="1001" name="const_126">
<pin_list>
<pin id="127" dir="1" index="0" bw="1" slack="0"/>
</pin_list>
<bind>
<StgValue><ssdm name=""/></StgValue>
</bind>
</comp>

<comp id="128" class="1001" name="const_128">
<pin_list>
<pin id="129" dir="1" index="0" bw="1" slack="0"/>
</pin_list>
<bind>
<StgValue><ssdm name=""/></StgValue>
</bind>
</comp>

<comp id="130" class="1001" name="const_130">
<pin_list>
<pin id="131" dir="1" index="0" bw="1" slack="0"/>
</pin_list>
<bind>
<StgValue><ssdm name=""/></StgValue>
</bind>
</comp>

<comp id="132" class="1001" name="const_132">
<pin_list>
<pin id="133" dir="1" index="0" bw="1" slack="0"/>
</pin_list>
<bind>
<StgValue><ssdm name=""/></StgValue>
</bind>
</comp>

<comp id="134" class="1001" name="const_134">
<pin_list>
<pin id="135" dir="1" index="0" bw="1" slack="0"/>
</pin_list>
<bind>
<StgValue><ssdm name=""/></StgValue>
</bind>
</comp>

<comp id="136" class="1001" name="const_136">
<pin_list>
<pin id="137" dir="1" index="0" bw="1" slack="0"/>
</pin_list>
<bind>
<StgValue><ssdm name=""/></StgValue>
</bind>
</comp>

<comp id="138" class="1001" name="const_138">
<pin_list>
<pin id="139" dir="1" index="0" bw="1" slack="0"/>
</pin_list>
<bind>
<StgValue><ssdm name=""/></StgValue>
</bind>
</comp>

<comp id="140" class="1001" name="const_140">
<pin_list>
<pin id="141" dir="1" index="0" bw="1" slack="0"/>
</pin_list>
<bind>
<StgValue><ssdm name=""/></StgValue>
</bind>
</comp>

<comp id="142" class="1001" name="const_142">
<pin_list>
<pin id="143" dir="1" index="0" bw="1" slack="0"/>
</pin_list>
<bind>
<StgValue><ssdm name=""/></StgValue>
</bind>
</comp>

<comp id="144" class="1001" name="const_144">
<pin_list>
<pin id="145" dir="1" index="0" bw="1" slack="0"/>
</pin_list>
<bind>
<StgValue><ssdm name="_ssdm_op_BitConcatenate.i13.i5.i8"/></StgValue>
</bind>
</comp>

<comp id="146" class="1001" name="const_146">
<pin_list>
<pin id="147" dir="1" index="0" bw="1" slack="0"/>
</pin_list>
<bind>
<StgValue><ssdm name=""/></StgValue>
</bind>
</comp>

<comp id="148" class="1001" name="const_148">
<pin_list>
<pin id="149" dir="1" index="0" bw="1" slack="0"/>
</pin_list>
<bind>
<StgValue><ssdm name="_ssdm_op_PartSelect.i10.i13.i32.i32"/></StgValue>
</bind>
</comp>

<comp id="150" class="1001" name="const_150">
<pin_list>
<pin id="151" dir="1" index="0" bw="1" slack="0"/>
</pin_list>
<bind>
<StgValue><ssdm name=""/></StgValue>
</bind>
</comp>

<comp id="152" class="1001" name="const_152">
<pin_list>
<pin id="153" dir="1" index="0" bw="1" slack="0"/>
</pin_list>
<bind>
<StgValue><ssdm name=""/></StgValue>
</bind>
</comp>

<comp id="154" class="1001" name="const_154">
<pin_list>
<pin id="155" dir="1" index="0" bw="1" slack="0"/>
</pin_list>
<bind>
<StgValue><ssdm name="_ssdm_op_PartSelect.i9.i10.i32.i32"/></StgValue>
</bind>
</comp>

<comp id="156" class="1001" name="const_156">
<pin_list>
<pin id="157" dir="1" index="0" bw="1" slack="0"/>
</pin_list>
<bind>
<StgValue><ssdm name=""/></StgValue>
</bind>
</comp>

<comp id="158" class="1001" name="const_158">
<pin_list>
<pin id="159" dir="1" index="0" bw="1" slack="0"/>
</pin_list>
<bind>
<StgValue><ssdm name="_ssdm_op_BitConcatenate.i10.i9.i1"/></StgValue>
</bind>
</comp>

<comp id="160" class="1001" name="const_160">
<pin_list>
<pin id="161" dir="1" index="0" bw="1" slack="0"/>
</pin_list>
<bind>
<StgValue><ssdm name=""/></StgValue>
</bind>
</comp>

<comp id="162" class="1001" name="const_162">
<pin_list>
<pin id="163" dir="1" index="0" bw="1" slack="0"/>
</pin_list>
<bind>
<StgValue><ssdm name=""/></StgValue>
</bind>
</comp>

<comp id="164" class="1001" name="const_164">
<pin_list>
<pin id="165" dir="1" index="0" bw="1" slack="0"/>
</pin_list>
<bind>
<StgValue><ssdm name=""/></StgValue>
</bind>
</comp>

<comp id="166" class="1001" name="const_166">
<pin_list>
<pin id="167" dir="1" index="0" bw="1" slack="0"/>
</pin_list>
<bind>
<StgValue><ssdm name="_ssdm_op_PartSelect.i6.i17.i32.i32"/></StgValue>
</bind>
</comp>

<comp id="168" class="1001" name="const_168">
<pin_list>
<pin id="169" dir="1" index="0" bw="1" slack="0"/>
</pin_list>
<bind>
<StgValue><ssdm name=""/></StgValue>
</bind>
</comp>

<comp id="170" class="1001" name="const_170">
<pin_list>
<pin id="171" dir="1" index="0" bw="1" slack="0"/>
</pin_list>
<bind>
<StgValue><ssdm name=""/></StgValue>
</bind>
</comp>

<comp id="172" class="1001" name="const_172">
<pin_list>
<pin id="173" dir="1" index="0" bw="1" slack="0"/>
</pin_list>
<bind>
<StgValue><ssdm name=""/></StgValue>
</bind>
</comp>

<comp id="174" class="1001" name="const_174">
<pin_list>
<pin id="175" dir="1" index="0" bw="1" slack="0"/>
</pin_list>
<bind>
<StgValue><ssdm name=""/></StgValue>
</bind>
</comp>

<comp id="176" class="1001" name="const_176">
<pin_list>
<pin id="177" dir="1" index="0" bw="1" slack="0"/>
</pin_list>
<bind>
<StgValue><ssdm name=""/></StgValue>
</bind>
</comp>

<comp id="178" class="1001" name="const_178">
<pin_list>
<pin id="179" dir="1" index="0" bw="1" slack="0"/>
</pin_list>
<bind>
<StgValue><ssdm name=""/></StgValue>
</bind>
</comp>

<comp id="180" class="1001" name="const_180">
<pin_list>
<pin id="181" dir="1" index="0" bw="1" slack="0"/>
</pin_list>
<bind>
<StgValue><ssdm name="_ssdm_op_BitConcatenate.i13.i5.i4.i4"/></StgValue>
</bind>
</comp>

<comp id="182" class="1001" name="const_182">
<pin_list>
<pin id="183" dir="1" index="0" bw="1" slack="0"/>
</pin_list>
<bind>
<StgValue><ssdm name=""/></StgValue>
</bind>
</comp>

<comp id="184" class="1001" name="const_184">
<pin_list>
<pin id="185" dir="1" index="0" bw="1" slack="0"/>
</pin_list>
<bind>
<StgValue><ssdm name="_ssdm_op_BitConcatenate.i2.i1.i1"/></StgValue>
</bind>
</comp>

<comp id="186" class="1001" name="const_186">
<pin_list>
<pin id="187" dir="1" index="0" bw="1" slack="0"/>
</pin_list>
<bind>
<StgValue><ssdm name=""/></StgValue>
</bind>
</comp>

<comp id="188" class="1001" name="const_188">
<pin_list>
<pin id="189" dir="1" index="0" bw="1" slack="2147483647"/>
</pin_list>
<bind>
<StgValue><ssdm name="_ssdm_op_SpecLoopName"/></StgValue>
</bind>
</comp>

<comp id="190" class="1001" name="const_190">
<pin_list>
<pin id="191" dir="1" index="0" bw="1" slack="2147483647"/>
</pin_list>
<bind>
<StgValue><ssdm name="VITIS_LOOP_79_9_VITIS_LOOP_80_10_VITIS_LOOP_82_11_str"/></StgValue>
</bind>
</comp>

<comp id="192" class="1001" name="const_192">
<pin_list>
<pin id="193" dir="1" index="0" bw="1" slack="2147483647"/>
</pin_list>
<bind>
<StgValue><ssdm name="_ssdm_op_SpecLoopTripCount"/></StgValue>
</bind>
</comp>

<comp id="194" class="1001" name="const_194">
<pin_list>
<pin id="195" dir="1" index="0" bw="1" slack="2147483647"/>
</pin_list>
<bind>
<StgValue><ssdm name=""/></StgValue>
</bind>
</comp>

<comp id="196" class="1001" name="const_196">
<pin_list>
<pin id="197" dir="1" index="0" bw="1" slack="2147483647"/>
</pin_list>
<bind>
<StgValue><ssdm name="_ssdm_op_SpecPipeline"/></StgValue>
</bind>
</comp>

<comp id="198" class="1004" name="acc_fu_198">
<pin_list>
<pin id="199" dir="0" index="0" bw="1" slack="0"/>
<pin id="200" dir="1" index="1" bw="32" slack="0"/>
</pin_list>
<bind>
<opcode="alloca(26) " fcode="alloca"/>
<opset="acc/1 "/>
</bind>
</comp>

<comp id="202" class="1004" name="ci_fu_202">
<pin_list>
<pin id="203" dir="0" index="0" bw="1" slack="0"/>
<pin id="204" dir="1" index="1" bw="6" slack="0"/>
</pin_list>
<bind>
<opcode="alloca(26) " fcode="alloca"/>
<opset="ci/1 "/>
</bind>
</comp>

<comp id="206" class="1004" name="ow_fu_206">
<pin_list>
<pin id="207" dir="0" index="0" bw="1" slack="0"/>
<pin id="208" dir="1" index="1" bw="5" slack="0"/>
</pin_list>
<bind>
<opcode="alloca(26) " fcode="alloca"/>
<opset="ow/1 "/>
</bind>
</comp>

<comp id="210" class="1004" name="indvar_flatten13_fu_210">
<pin_list>
<pin id="211" dir="0" index="0" bw="1" slack="0"/>
<pin id="212" dir="1" index="1" bw="11" slack="0"/>
</pin_list>
<bind>
<opcode="alloca(26) " fcode="alloca"/>
<opset="indvar_flatten13/1 "/>
</bind>
</comp>

<comp id="214" class="1004" name="oh_fu_214">
<pin_list>
<pin id="215" dir="0" index="0" bw="1" slack="0"/>
<pin id="216" dir="1" index="1" bw="5" slack="0"/>
</pin_list>
<bind>
<opcode="alloca(26) " fcode="alloca"/>
<opset="oh/1 "/>
</bind>
</comp>

<comp id="218" class="1004" name="indvar_flatten29_fu_218">
<pin_list>
<pin id="219" dir="0" index="0" bw="1" slack="0"/>
<pin id="220" dir="1" index="1" bw="14" slack="0"/>
</pin_list>
<bind>
<opcode="alloca(26) " fcode="alloca"/>
<opset="indvar_flatten29/1 "/>
</bind>
</comp>

<comp id="222" class="1004" name="mul_ln79_read_read_fu_222">
<pin_list>
<pin id="223" dir="0" index="0" bw="15" slack="0"/>
<pin id="224" dir="0" index="1" bw="15" slack="0"/>
<pin id="225" dir="1" index="2" bw="15" slack="1"/>
</pin_list>
<bind>
<opcode="read(1150) " fcode="read"/>
<opset="mul_ln79_read/1 "/>
</bind>
</comp>

<comp id="228" class="1004" name="W2_0_addr_gep_fu_228">
<pin_list>
<pin id="229" dir="0" index="0" bw="32" slack="0"/>
<pin id="230" dir="0" index="1" bw="1" slack="0"/>
<pin id="231" dir="0" index="2" bw="9" slack="0"/>
<pin id="232" dir="1" index="3" bw="9" slack="0"/>
</pin_list>
<bind>
<opcode="getelementptr(29) " fcode="getelementptr"/>
<opset="W2_0_addr/2 "/>
</bind>
</comp>

<comp id="235" class="1004" name="grp_access_fu_235">
<pin_list>
<pin id="236" dir="0" index="0" bw="9" slack="0"/>
<pin id="237" dir="0" index="1" bw="32" slack="2147483647"/>
<pin id="238" dir="0" index="2" bw="0" slack="0"/>
<pin id="240" dir="0" index="4" bw="9" slack="2147483647"/>
<pin id="241" dir="0" index="5" bw="32" slack="2147483647"/>
<pin id="242" dir="0" index="6" bw="0" slack="2147483647"/>
<pin id="239" dir="1" index="3" bw="32" slack="0"/>
<pin id="243" dir="1" index="7" bw="32" slack="0"/>
</pin_list>
<bind>
<opcode="load(27) " fcode="load"/>
<opset="W2_0_load/2 W2_0_load_1/2 W2_0_load_2/3 W2_0_load_3/3 W2_0_load_4/4 W2_0_load_5/4 W2_0_load_6/5 W2_0_load_7/5 W2_0_load_8/6 "/>
</bind>
</comp>

<comp id="245" class="1004" name="W2_1_addr_gep_fu_245">
<pin_list>
<pin id="246" dir="0" index="0" bw="32" slack="0"/>
<pin id="247" dir="0" index="1" bw="1" slack="0"/>
<pin id="248" dir="0" index="2" bw="9" slack="0"/>
<pin id="249" dir="1" index="3" bw="9" slack="0"/>
</pin_list>
<bind>
<opcode="getelementptr(29) " fcode="getelementptr"/>
<opset="W2_1_addr/2 "/>
</bind>
</comp>

<comp id="252" class="1004" name="grp_access_fu_252">
<pin_list>
<pin id="253" dir="0" index="0" bw="9" slack="0"/>
<pin id="254" dir="0" index="1" bw="32" slack="2147483647"/>
<pin id="255" dir="0" index="2" bw="0" slack="0"/>
<pin id="257" dir="0" index="4" bw="9" slack="2147483647"/>
<pin id="258" dir="0" index="5" bw="32" slack="2147483647"/>
<pin id="259" dir="0" index="6" bw="0" slack="2147483647"/>
<pin id="256" dir="1" index="3" bw="32" slack="0"/>
<pin id="260" dir="1" index="7" bw="32" slack="0"/>
</pin_list>
<bind>
<opcode="load(27) " fcode="load"/>
<opset="W2_1_load/2 W2_1_load_1/2 W2_1_load_2/3 W2_1_load_3/3 W2_1_load_4/4 W2_1_load_5/4 W2_1_load_6/5 W2_1_load_7/5 W2_1_load_8/6 "/>
</bind>
</comp>

<comp id="262" class="1004" name="W2_0_addr_1_gep_fu_262">
<pin_list>
<pin id="263" dir="0" index="0" bw="32" slack="0"/>
<pin id="264" dir="0" index="1" bw="1" slack="0"/>
<pin id="265" dir="0" index="2" bw="9" slack="0"/>
<pin id="266" dir="1" index="3" bw="9" slack="0"/>
</pin_list>
<bind>
<opcode="getelementptr(29) " fcode="getelementptr"/>
<opset="W2_0_addr_1/2 "/>
</bind>
</comp>

<comp id="270" class="1004" name="W2_1_addr_1_gep_fu_270">
<pin_list>
<pin id="271" dir="0" index="0" bw="32" slack="0"/>
<pin id="272" dir="0" index="1" bw="1" slack="0"/>
<pin id="273" dir="0" index="2" bw="9" slack="0"/>
<pin id="274" dir="1" index="3" bw="9" slack="0"/>
</pin_list>
<bind>
<opcode="getelementptr(29) " fcode="getelementptr"/>
<opset="W2_1_addr_1/2 "/>
</bind>
</comp>

<comp id="278" class="1004" name="W2_0_addr_2_gep_fu_278">
<pin_list>
<pin id="279" dir="0" index="0" bw="32" slack="0"/>
<pin id="280" dir="0" index="1" bw="1" slack="0"/>
<pin id="281" dir="0" index="2" bw="9" slack="0"/>
<pin id="282" dir="1" index="3" bw="9" slack="0"/>
</pin_list>
<bind>
<opcode="getelementptr(29) " fcode="getelementptr"/>
<opset="W2_0_addr_2/3 "/>
</bind>
</comp>

<comp id="286" class="1004" name="W2_1_addr_2_gep_fu_286">
<pin_list>
<pin id="287" dir="0" index="0" bw="32" slack="0"/>
<pin id="288" dir="0" index="1" bw="1" slack="0"/>
<pin id="289" dir="0" index="2" bw="9" slack="0"/>
<pin id="290" dir="1" index="3" bw="9" slack="0"/>
</pin_list>
<bind>
<opcode="getelementptr(29) " fcode="getelementptr"/>
<opset="W2_1_addr_2/3 "/>
</bind>
</comp>

<comp id="294" class="1004" name="W2_0_addr_3_gep_fu_294">
<pin_list>
<pin id="295" dir="0" index="0" bw="32" slack="0"/>
<pin id="296" dir="0" index="1" bw="1" slack="0"/>
<pin id="297" dir="0" index="2" bw="9" slack="0"/>
<pin id="298" dir="1" index="3" bw="9" slack="0"/>
</pin_list>
<bind>
<opcode="getelementptr(29) " fcode="getelementptr"/>
<opset="W2_0_addr_3/3 "/>
</bind>
</comp>

<comp id="302" class="1004" name="W2_1_addr_3_gep_fu_302">
<pin_list>
<pin id="303" dir="0" index="0" bw="32" slack="0"/>
<pin id="304" dir="0" index="1" bw="1" slack="0"/>
<pin id="305" dir="0" index="2" bw="9" slack="0"/>
<pin id="306" dir="1" index="3" bw="9" slack="0"/>
</pin_list>
<bind>
<opcode="getelementptr(29) " fcode="getelementptr"/>
<opset="W2_1_addr_3/3 "/>
</bind>
</comp>

<comp id="310" class="1004" name="bnn_top_int_const_unsigned_int_const_int_const_unsigned_int_const_int_co_133_gep_fu_310">
<pin_list>
<pin id="311" dir="0" index="0" bw="1" slack="0"/>
<pin id="312" dir="0" index="1" bw="1" slack="0"/>
<pin id="313" dir="0" index="2" bw="10" slack="0"/>
<pin id="314" dir="1" index="3" bw="10" slack="0"/>
</pin_list>
<bind>
<opcode="getelementptr(29) " fcode="getelementptr"/>
<opset="bnn_top_int_const_unsigned_int_const_int_const_unsigned_int_const_int_co_133/4 "/>
</bind>
</comp>

<comp id="317" class="1004" name="bnn_top_int_const_unsigned_int_const_int_const_unsigned_int_const_int_co_134_gep_fu_317">
<pin_list>
<pin id="318" dir="0" index="0" bw="1" slack="0"/>
<pin id="319" dir="0" index="1" bw="1" slack="0"/>
<pin id="320" dir="0" index="2" bw="10" slack="0"/>
<pin id="321" dir="1" index="3" bw="10" slack="0"/>
</pin_list>
<bind>
<opcode="getelementptr(29) " fcode="getelementptr"/>
<opset="bnn_top_int_const_unsigned_int_const_int_const_unsigned_int_const_int_co_134/4 "/>
</bind>
</comp>

<comp id="324" class="1004" name="bnn_top_int_const_unsigned_int_const_int_const_unsigned_int_const_int_co_135_gep_fu_324">
<pin_list>
<pin id="325" dir="0" index="0" bw="1" slack="0"/>
<pin id="326" dir="0" index="1" bw="1" slack="0"/>
<pin id="327" dir="0" index="2" bw="10" slack="0"/>
<pin id="328" dir="1" index="3" bw="10" slack="0"/>
</pin_list>
<bind>
<opcode="getelementptr(29) " fcode="getelementptr"/>
<opset="bnn_top_int_const_unsigned_int_const_int_const_unsigned_int_const_int_co_135/4 "/>
</bind>
</comp>

<comp id="331" class="1004" name="bnn_top_int_const_unsigned_int_const_int_const_unsigned_int_const_int_co_136_gep_fu_331">
<pin_list>
<pin id="332" dir="0" index="0" bw="1" slack="0"/>
<pin id="333" dir="0" index="1" bw="1" slack="0"/>
<pin id="334" dir="0" index="2" bw="10" slack="0"/>
<pin id="335" dir="1" index="3" bw="10" slack="0"/>
</pin_list>
<bind>
<opcode="getelementptr(29) " fcode="getelementptr"/>
<opset="bnn_top_int_const_unsigned_int_const_int_const_unsigned_int_const_int_co_136/4 "/>
</bind>
</comp>

<comp id="338" class="1004" name="bnn_top_int_const_unsigned_int_const_int_const_unsigned_int_const_int_co_137_gep_fu_338">
<pin_list>
<pin id="339" dir="0" index="0" bw="1" slack="0"/>
<pin id="340" dir="0" index="1" bw="1" slack="0"/>
<pin id="341" dir="0" index="2" bw="10" slack="0"/>
<pin id="342" dir="1" index="3" bw="10" slack="0"/>
</pin_list>
<bind>
<opcode="getelementptr(29) " fcode="getelementptr"/>
<opset="bnn_top_int_const_unsigned_int_const_int_const_unsigned_int_const_int_co_137/4 "/>
</bind>
</comp>

<comp id="345" class="1004" name="bnn_top_int_const_unsigned_int_const_int_const_unsigned_int_const_int_co_138_gep_fu_345">
<pin_list>
<pin id="346" dir="0" index="0" bw="1" slack="0"/>
<pin id="347" dir="0" index="1" bw="1" slack="0"/>
<pin id="348" dir="0" index="2" bw="10" slack="0"/>
<pin id="349" dir="1" index="3" bw="10" slack="0"/>
</pin_list>
<bind>
<opcode="getelementptr(29) " fcode="getelementptr"/>
<opset="bnn_top_int_const_unsigned_int_const_int_const_unsigned_int_const_int_co_138/4 "/>
</bind>
</comp>

<comp id="352" class="1004" name="bnn_top_int_const_unsigned_int_const_int_const_unsigned_int_const_int_co_139_gep_fu_352">
<pin_list>
<pin id="353" dir="0" index="0" bw="1" slack="0"/>
<pin id="354" dir="0" index="1" bw="1" slack="0"/>
<pin id="355" dir="0" index="2" bw="10" slack="0"/>
<pin id="356" dir="1" index="3" bw="10" slack="0"/>
</pin_list>
<bind>
<opcode="getelementptr(29) " fcode="getelementptr"/>
<opset="bnn_top_int_const_unsigned_int_const_int_const_unsigned_int_const_int_co_139/4 "/>
</bind>
</comp>

<comp id="359" class="1004" name="bnn_top_int_const_unsigned_int_const_int_const_unsigned_int_const_int_co_140_gep_fu_359">
<pin_list>
<pin id="360" dir="0" index="0" bw="1" slack="0"/>
<pin id="361" dir="0" index="1" bw="1" slack="0"/>
<pin id="362" dir="0" index="2" bw="10" slack="0"/>
<pin id="363" dir="1" index="3" bw="10" slack="0"/>
</pin_list>
<bind>
<opcode="getelementptr(29) " fcode="getelementptr"/>
<opset="bnn_top_int_const_unsigned_int_const_int_const_unsigned_int_const_int_co_140/4 "/>
</bind>
</comp>

<comp id="366" class="1004" name="grp_access_fu_366">
<pin_list>
<pin id="367" dir="0" index="0" bw="10" slack="0"/>
<pin id="368" dir="0" index="1" bw="1" slack="2147483647"/>
<pin id="369" dir="0" index="2" bw="0" slack="2147483647"/>
<pin id="370" dir="1" index="3" bw="1" slack="0"/>
</pin_list>
<bind>
<opcode="load(27) " fcode="load"/>
<opset="bnn_top_int_const_unsigned_int_const_int_const_unsigned_int_const_int_co_141/4 bnn_top_int_const_unsigned_int_const_int_const_unsigned_int_const_int_co_157/4 bnn_top_int_const_unsigned_int_const_int_const_unsigned_int_const_int_co_173/5 bnn_top_int_const_unsigned_int_const_int_const_unsigned_int_const_int_co_189/5 bnn_top_int_const_unsigned_int_const_int_const_unsigned_int_const_int_co_205/6 bnn_top_int_const_unsigned_int_const_int_const_unsigned_int_const_int_co_77/7 bnn_top_int_const_unsigned_int_const_int_const_unsigned_int_const_int_co_93/7 bnn_top_int_const_unsigned_int_const_int_const_unsigned_int_const_int_co_109/8 bnn_top_int_const_unsigned_int_const_int_const_unsigned_int_const_int_co_125/8 "/>
</bind>
</comp>

<comp id="372" class="1004" name="grp_access_fu_372">
<pin_list>
<pin id="373" dir="0" index="0" bw="10" slack="0"/>
<pin id="374" dir="0" index="1" bw="1" slack="2147483647"/>
<pin id="375" dir="0" index="2" bw="0" slack="2147483647"/>
<pin id="376" dir="1" index="3" bw="1" slack="0"/>
</pin_list>
<bind>
<opcode="load(27) " fcode="load"/>
<opset="bnn_top_int_const_unsigned_int_const_int_const_unsigned_int_const_int_co_142/4 bnn_top_int_const_unsigned_int_const_int_const_unsigned_int_const_int_co_158/4 bnn_top_int_const_unsigned_int_const_int_const_unsigned_int_const_int_co_174/5 bnn_top_int_const_unsigned_int_const_int_const_unsigned_int_const_int_co_190/5 bnn_top_int_const_unsigned_int_const_int_const_unsigned_int_const_int_co_206/6 bnn_top_int_const_unsigned_int_const_int_const_unsigned_int_const_int_co_78/7 bnn_top_int_const_unsigned_int_const_int_const_unsigned_int_const_int_co_94/7 bnn_top_int_const_unsigned_int_const_int_const_unsigned_int_const_int_co_110/8 bnn_top_int_const_unsigned_int_const_int_const_unsigned_int_const_int_co_126/8 "/>
</bind>
</comp>

<comp id="378" class="1004" name="grp_access_fu_378">
<pin_list>
<pin id="379" dir="0" index="0" bw="10" slack="0"/>
<pin id="380" dir="0" index="1" bw="1" slack="2147483647"/>
<pin id="381" dir="0" index="2" bw="0" slack="2147483647"/>
<pin id="382" dir="1" index="3" bw="1" slack="0"/>
</pin_list>
<bind>
<opcode="load(27) " fcode="load"/>
<opset="bnn_top_int_const_unsigned_int_const_int_const_unsigned_int_const_int_co_143/4 bnn_top_int_const_unsigned_int_const_int_const_unsigned_int_const_int_co_159/4 bnn_top_int_const_unsigned_int_const_int_const_unsigned_int_const_int_co_175/5 bnn_top_int_const_unsigned_int_const_int_const_unsigned_int_const_int_co_191/5 bnn_top_int_const_unsigned_int_const_int_const_unsigned_int_const_int_co_207/6 bnn_top_int_const_unsigned_int_const_int_const_unsigned_int_const_int_co_79/7 bnn_top_int_const_unsigned_int_const_int_const_unsigned_int_const_int_co_95/7 bnn_top_int_const_unsigned_int_const_int_const_unsigned_int_const_int_co_111/8 bnn_top_int_const_unsigned_int_const_int_const_unsigned_int_const_int_co_127/8 "/>
</bind>
</comp>

<comp id="384" class="1004" name="grp_access_fu_384">
<pin_list>
<pin id="385" dir="0" index="0" bw="10" slack="0"/>
<pin id="386" dir="0" index="1" bw="1" slack="2147483647"/>
<pin id="387" dir="0" index="2" bw="0" slack="2147483647"/>
<pin id="388" dir="1" index="3" bw="1" slack="0"/>
</pin_list>
<bind>
<opcode="load(27) " fcode="load"/>
<opset="bnn_top_int_const_unsigned_int_const_int_const_unsigned_int_const_int_co_144/4 bnn_top_int_const_unsigned_int_const_int_const_unsigned_int_const_int_co_160/4 bnn_top_int_const_unsigned_int_const_int_const_unsigned_int_const_int_co_176/5 bnn_top_int_const_unsigned_int_const_int_const_unsigned_int_const_int_co_192/5 bnn_top_int_const_unsigned_int_const_int_const_unsigned_int_const_int_co_208/6 bnn_top_int_const_unsigned_int_const_int_const_unsigned_int_const_int_co_80/7 bnn_top_int_const_unsigned_int_const_int_const_unsigned_int_const_int_co_96/7 bnn_top_int_const_unsigned_int_const_int_const_unsigned_int_const_int_co_112/8 bnn_top_int_const_unsigned_int_const_int_const_unsigned_int_const_int_co_128/8 "/>
</bind>
</comp>

<comp id="390" class="1004" name="grp_access_fu_390">
<pin_list>
<pin id="391" dir="0" index="0" bw="10" slack="0"/>
<pin id="392" dir="0" index="1" bw="1" slack="2147483647"/>
<pin id="393" dir="0" index="2" bw="0" slack="2147483647"/>
<pin id="394" dir="1" index="3" bw="1" slack="0"/>
</pin_list>
<bind>
<opcode="load(27) " fcode="load"/>
<opset="bnn_top_int_const_unsigned_int_const_int_const_unsigned_int_const_int_co_145/4 bnn_top_int_const_unsigned_int_const_int_const_unsigned_int_const_int_co_161/4 bnn_top_int_const_unsigned_int_const_int_const_unsigned_int_const_int_co_177/5 bnn_top_int_const_unsigned_int_const_int_const_unsigned_int_const_int_co_193/5 bnn_top_int_const_unsigned_int_const_int_const_unsigned_int_const_int_co_209/6 bnn_top_int_const_unsigned_int_const_int_const_unsigned_int_const_int_co_81/7 bnn_top_int_const_unsigned_int_const_int_const_unsigned_int_const_int_co_97/7 bnn_top_int_const_unsigned_int_const_int_const_unsigned_int_const_int_co_113/8 bnn_top_int_const_unsigned_int_const_int_const_unsigned_int_const_int_co_129/8 "/>
</bind>
</comp>

<comp id="396" class="1004" name="grp_access_fu_396">
<pin_list>
<pin id="397" dir="0" index="0" bw="10" slack="0"/>
<pin id="398" dir="0" index="1" bw="1" slack="2147483647"/>
<pin id="399" dir="0" index="2" bw="0" slack="2147483647"/>
<pin id="400" dir="1" index="3" bw="1" slack="0"/>
</pin_list>
<bind>
<opcode="load(27) " fcode="load"/>
<opset="bnn_top_int_const_unsigned_int_const_int_const_unsigned_int_const_int_co_146/4 bnn_top_int_const_unsigned_int_const_int_const_unsigned_int_const_int_co_162/4 bnn_top_int_const_unsigned_int_const_int_const_unsigned_int_const_int_co_178/5 bnn_top_int_const_unsigned_int_const_int_const_unsigned_int_const_int_co_194/5 bnn_top_int_const_unsigned_int_const_int_const_unsigned_int_const_int_co_210/6 bnn_top_int_const_unsigned_int_const_int_const_unsigned_int_const_int_co_82/7 bnn_top_int_const_unsigned_int_const_int_const_unsigned_int_const_int_co_98/7 bnn_top_int_const_unsigned_int_const_int_const_unsigned_int_const_int_co_114/8 bnn_top_int_const_unsigned_int_const_int_const_unsigned_int_const_int_co_130/8 "/>
</bind>
</comp>

<comp id="402" class="1004" name="grp_access_fu_402">
<pin_list>
<pin id="403" dir="0" index="0" bw="10" slack="0"/>
<pin id="404" dir="0" index="1" bw="1" slack="2147483647"/>
<pin id="405" dir="0" index="2" bw="0" slack="2147483647"/>
<pin id="406" dir="1" index="3" bw="1" slack="0"/>
</pin_list>
<bind>
<opcode="load(27) " fcode="load"/>
<opset="bnn_top_int_const_unsigned_int_const_int_const_unsigned_int_const_int_co_147/4 bnn_top_int_const_unsigned_int_const_int_const_unsigned_int_const_int_co_163/4 bnn_top_int_const_unsigned_int_const_int_const_unsigned_int_const_int_co_179/5 bnn_top_int_const_unsigned_int_const_int_const_unsigned_int_const_int_co_195/5 bnn_top_int_const_unsigned_int_const_int_const_unsigned_int_const_int_co_211/6 bnn_top_int_const_unsigned_int_const_int_const_unsigned_int_const_int_co_83/7 bnn_top_int_const_unsigned_int_const_int_const_unsigned_int_const_int_co_99/7 bnn_top_int_const_unsigned_int_const_int_const_unsigned_int_const_int_co_115/8 bnn_top_int_const_unsigned_int_const_int_const_unsigned_int_const_int_co_131/8 "/>
</bind>
</comp>

<comp id="408" class="1004" name="grp_access_fu_408">
<pin_list>
<pin id="409" dir="0" index="0" bw="10" slack="0"/>
<pin id="410" dir="0" index="1" bw="1" slack="2147483647"/>
<pin id="411" dir="0" index="2" bw="0" slack="2147483647"/>
<pin id="412" dir="1" index="3" bw="1" slack="0"/>
</pin_list>
<bind>
<opcode="load(27) " fcode="load"/>
<opset="bnn_top_int_const_unsigned_int_const_int_const_unsigned_int_const_int_co_148/4 bnn_top_int_const_unsigned_int_const_int_const_unsigned_int_const_int_co_164/4 bnn_top_int_const_unsigned_int_const_int_const_unsigned_int_const_int_co_180/5 bnn_top_int_const_unsigned_int_const_int_const_unsigned_int_const_int_co_196/5 bnn_top_int_const_unsigned_int_const_int_const_unsigned_int_const_int_co_212/6 bnn_top_int_const_unsigned_int_const_int_const_unsigned_int_const_int_co_84/7 bnn_top_int_const_unsigned_int_const_int_const_unsigned_int_const_int_co_100/7 bnn_top_int_const_unsigned_int_const_int_const_unsigned_int_const_int_co_116/8 bnn_top_int_const_unsigned_int_const_int_const_unsigned_int_const_int_co_132/8 "/>
</bind>
</comp>

<comp id="414" class="1004" name="W2_0_addr_4_gep_fu_414">
<pin_list>
<pin id="415" dir="0" index="0" bw="32" slack="0"/>
<pin id="416" dir="0" index="1" bw="1" slack="0"/>
<pin id="417" dir="0" index="2" bw="9" slack="0"/>
<pin id="418" dir="1" index="3" bw="9" slack="0"/>
</pin_list>
<bind>
<opcode="getelementptr(29) " fcode="getelementptr"/>
<opset="W2_0_addr_4/4 "/>
</bind>
</comp>

<comp id="422" class="1004" name="W2_1_addr_4_gep_fu_422">
<pin_list>
<pin id="423" dir="0" index="0" bw="32" slack="0"/>
<pin id="424" dir="0" index="1" bw="1" slack="0"/>
<pin id="425" dir="0" index="2" bw="9" slack="0"/>
<pin id="426" dir="1" index="3" bw="9" slack="0"/>
</pin_list>
<bind>
<opcode="getelementptr(29) " fcode="getelementptr"/>
<opset="W2_1_addr_4/4 "/>
</bind>
</comp>

<comp id="430" class="1004" name="bnn_top_int_const_unsigned_int_const_int_const_unsigned_int_const_int_co_149_gep_fu_430">
<pin_list>
<pin id="431" dir="0" index="0" bw="1" slack="0"/>
<pin id="432" dir="0" index="1" bw="1" slack="0"/>
<pin id="433" dir="0" index="2" bw="10" slack="0"/>
<pin id="434" dir="1" index="3" bw="10" slack="0"/>
</pin_list>
<bind>
<opcode="getelementptr(29) " fcode="getelementptr"/>
<opset="bnn_top_int_const_unsigned_int_const_int_const_unsigned_int_const_int_co_149/4 "/>
</bind>
</comp>

<comp id="437" class="1004" name="bnn_top_int_const_unsigned_int_const_int_const_unsigned_int_const_int_co_150_gep_fu_437">
<pin_list>
<pin id="438" dir="0" index="0" bw="1" slack="0"/>
<pin id="439" dir="0" index="1" bw="1" slack="0"/>
<pin id="440" dir="0" index="2" bw="10" slack="0"/>
<pin id="441" dir="1" index="3" bw="10" slack="0"/>
</pin_list>
<bind>
<opcode="getelementptr(29) " fcode="getelementptr"/>
<opset="bnn_top_int_const_unsigned_int_const_int_const_unsigned_int_const_int_co_150/4 "/>
</bind>
</comp>

<comp id="444" class="1004" name="bnn_top_int_const_unsigned_int_const_int_const_unsigned_int_const_int_co_151_gep_fu_444">
<pin_list>
<pin id="445" dir="0" index="0" bw="1" slack="0"/>
<pin id="446" dir="0" index="1" bw="1" slack="0"/>
<pin id="447" dir="0" index="2" bw="10" slack="0"/>
<pin id="448" dir="1" index="3" bw="10" slack="0"/>
</pin_list>
<bind>
<opcode="getelementptr(29) " fcode="getelementptr"/>
<opset="bnn_top_int_const_unsigned_int_const_int_const_unsigned_int_const_int_co_151/4 "/>
</bind>
</comp>

<comp id="451" class="1004" name="bnn_top_int_const_unsigned_int_const_int_const_unsigned_int_const_int_co_152_gep_fu_451">
<pin_list>
<pin id="452" dir="0" index="0" bw="1" slack="0"/>
<pin id="453" dir="0" index="1" bw="1" slack="0"/>
<pin id="454" dir="0" index="2" bw="10" slack="0"/>
<pin id="455" dir="1" index="3" bw="10" slack="0"/>
</pin_list>
<bind>
<opcode="getelementptr(29) " fcode="getelementptr"/>
<opset="bnn_top_int_const_unsigned_int_const_int_const_unsigned_int_const_int_co_152/4 "/>
</bind>
</comp>

<comp id="458" class="1004" name="bnn_top_int_const_unsigned_int_const_int_const_unsigned_int_const_int_co_153_gep_fu_458">
<pin_list>
<pin id="459" dir="0" index="0" bw="1" slack="0"/>
<pin id="460" dir="0" index="1" bw="1" slack="0"/>
<pin id="461" dir="0" index="2" bw="10" slack="0"/>
<pin id="462" dir="1" index="3" bw="10" slack="0"/>
</pin_list>
<bind>
<opcode="getelementptr(29) " fcode="getelementptr"/>
<opset="bnn_top_int_const_unsigned_int_const_int_const_unsigned_int_const_int_co_153/4 "/>
</bind>
</comp>

<comp id="465" class="1004" name="bnn_top_int_const_unsigned_int_const_int_const_unsigned_int_const_int_co_154_gep_fu_465">
<pin_list>
<pin id="466" dir="0" index="0" bw="1" slack="0"/>
<pin id="467" dir="0" index="1" bw="1" slack="0"/>
<pin id="468" dir="0" index="2" bw="10" slack="0"/>
<pin id="469" dir="1" index="3" bw="10" slack="0"/>
</pin_list>
<bind>
<opcode="getelementptr(29) " fcode="getelementptr"/>
<opset="bnn_top_int_const_unsigned_int_const_int_const_unsigned_int_const_int_co_154/4 "/>
</bind>
</comp>

<comp id="472" class="1004" name="bnn_top_int_const_unsigned_int_const_int_const_unsigned_int_const_int_co_155_gep_fu_472">
<pin_list>
<pin id="473" dir="0" index="0" bw="1" slack="0"/>
<pin id="474" dir="0" index="1" bw="1" slack="0"/>
<pin id="475" dir="0" index="2" bw="10" slack="0"/>
<pin id="476" dir="1" index="3" bw="10" slack="0"/>
</pin_list>
<bind>
<opcode="getelementptr(29) " fcode="getelementptr"/>
<opset="bnn_top_int_const_unsigned_int_const_int_const_unsigned_int_const_int_co_155/4 "/>
</bind>
</comp>

<comp id="479" class="1004" name="bnn_top_int_const_unsigned_int_const_int_const_unsigned_int_const_int_co_156_gep_fu_479">
<pin_list>
<pin id="480" dir="0" index="0" bw="1" slack="0"/>
<pin id="481" dir="0" index="1" bw="1" slack="0"/>
<pin id="482" dir="0" index="2" bw="10" slack="0"/>
<pin id="483" dir="1" index="3" bw="10" slack="0"/>
</pin_list>
<bind>
<opcode="getelementptr(29) " fcode="getelementptr"/>
<opset="bnn_top_int_const_unsigned_int_const_int_const_unsigned_int_const_int_co_156/4 "/>
</bind>
</comp>

<comp id="494" class="1004" name="W2_0_addr_5_gep_fu_494">
<pin_list>
<pin id="495" dir="0" index="0" bw="32" slack="0"/>
<pin id="496" dir="0" index="1" bw="1" slack="0"/>
<pin id="497" dir="0" index="2" bw="9" slack="0"/>
<pin id="498" dir="1" index="3" bw="9" slack="0"/>
</pin_list>
<bind>
<opcode="getelementptr(29) " fcode="getelementptr"/>
<opset="W2_0_addr_5/4 "/>
</bind>
</comp>

<comp id="502" class="1004" name="W2_1_addr_5_gep_fu_502">
<pin_list>
<pin id="503" dir="0" index="0" bw="32" slack="0"/>
<pin id="504" dir="0" index="1" bw="1" slack="0"/>
<pin id="505" dir="0" index="2" bw="9" slack="0"/>
<pin id="506" dir="1" index="3" bw="9" slack="0"/>
</pin_list>
<bind>
<opcode="getelementptr(29) " fcode="getelementptr"/>
<opset="W2_1_addr_5/4 "/>
</bind>
</comp>

<comp id="510" class="1004" name="bnn_top_int_const_unsigned_int_const_int_const_unsigned_int_const_int_co_165_gep_fu_510">
<pin_list>
<pin id="511" dir="0" index="0" bw="1" slack="0"/>
<pin id="512" dir="0" index="1" bw="1" slack="0"/>
<pin id="513" dir="0" index="2" bw="10" slack="0"/>
<pin id="514" dir="1" index="3" bw="10" slack="0"/>
</pin_list>
<bind>
<opcode="getelementptr(29) " fcode="getelementptr"/>
<opset="bnn_top_int_const_unsigned_int_const_int_const_unsigned_int_const_int_co_165/5 "/>
</bind>
</comp>

<comp id="517" class="1004" name="bnn_top_int_const_unsigned_int_const_int_const_unsigned_int_const_int_co_166_gep_fu_517">
<pin_list>
<pin id="518" dir="0" index="0" bw="1" slack="0"/>
<pin id="519" dir="0" index="1" bw="1" slack="0"/>
<pin id="520" dir="0" index="2" bw="10" slack="0"/>
<pin id="521" dir="1" index="3" bw="10" slack="0"/>
</pin_list>
<bind>
<opcode="getelementptr(29) " fcode="getelementptr"/>
<opset="bnn_top_int_const_unsigned_int_const_int_const_unsigned_int_const_int_co_166/5 "/>
</bind>
</comp>

<comp id="524" class="1004" name="bnn_top_int_const_unsigned_int_const_int_const_unsigned_int_const_int_co_167_gep_fu_524">
<pin_list>
<pin id="525" dir="0" index="0" bw="1" slack="0"/>
<pin id="526" dir="0" index="1" bw="1" slack="0"/>
<pin id="527" dir="0" index="2" bw="10" slack="0"/>
<pin id="528" dir="1" index="3" bw="10" slack="0"/>
</pin_list>
<bind>
<opcode="getelementptr(29) " fcode="getelementptr"/>
<opset="bnn_top_int_const_unsigned_int_const_int_const_unsigned_int_const_int_co_167/5 "/>
</bind>
</comp>

<comp id="531" class="1004" name="bnn_top_int_const_unsigned_int_const_int_const_unsigned_int_const_int_co_168_gep_fu_531">
<pin_list>
<pin id="532" dir="0" index="0" bw="1" slack="0"/>
<pin id="533" dir="0" index="1" bw="1" slack="0"/>
<pin id="534" dir="0" index="2" bw="10" slack="0"/>
<pin id="535" dir="1" index="3" bw="10" slack="0"/>
</pin_list>
<bind>
<opcode="getelementptr(29) " fcode="getelementptr"/>
<opset="bnn_top_int_const_unsigned_int_const_int_const_unsigned_int_const_int_co_168/5 "/>
</bind>
</comp>

<comp id="538" class="1004" name="bnn_top_int_const_unsigned_int_const_int_const_unsigned_int_const_int_co_169_gep_fu_538">
<pin_list>
<pin id="539" dir="0" index="0" bw="1" slack="0"/>
<pin id="540" dir="0" index="1" bw="1" slack="0"/>
<pin id="541" dir="0" index="2" bw="10" slack="0"/>
<pin id="542" dir="1" index="3" bw="10" slack="0"/>
</pin_list>
<bind>
<opcode="getelementptr(29) " fcode="getelementptr"/>
<opset="bnn_top_int_const_unsigned_int_const_int_const_unsigned_int_const_int_co_169/5 "/>
</bind>
</comp>

<comp id="545" class="1004" name="bnn_top_int_const_unsigned_int_const_int_const_unsigned_int_const_int_co_170_gep_fu_545">
<pin_list>
<pin id="546" dir="0" index="0" bw="1" slack="0"/>
<pin id="547" dir="0" index="1" bw="1" slack="0"/>
<pin id="548" dir="0" index="2" bw="10" slack="0"/>
<pin id="549" dir="1" index="3" bw="10" slack="0"/>
</pin_list>
<bind>
<opcode="getelementptr(29) " fcode="getelementptr"/>
<opset="bnn_top_int_const_unsigned_int_const_int_const_unsigned_int_const_int_co_170/5 "/>
</bind>
</comp>

<comp id="552" class="1004" name="bnn_top_int_const_unsigned_int_const_int_const_unsigned_int_const_int_co_171_gep_fu_552">
<pin_list>
<pin id="553" dir="0" index="0" bw="1" slack="0"/>
<pin id="554" dir="0" index="1" bw="1" slack="0"/>
<pin id="555" dir="0" index="2" bw="10" slack="0"/>
<pin id="556" dir="1" index="3" bw="10" slack="0"/>
</pin_list>
<bind>
<opcode="getelementptr(29) " fcode="getelementptr"/>
<opset="bnn_top_int_const_unsigned_int_const_int_const_unsigned_int_const_int_co_171/5 "/>
</bind>
</comp>

<comp id="559" class="1004" name="bnn_top_int_const_unsigned_int_const_int_const_unsigned_int_const_int_co_172_gep_fu_559">
<pin_list>
<pin id="560" dir="0" index="0" bw="1" slack="0"/>
<pin id="561" dir="0" index="1" bw="1" slack="0"/>
<pin id="562" dir="0" index="2" bw="10" slack="0"/>
<pin id="563" dir="1" index="3" bw="10" slack="0"/>
</pin_list>
<bind>
<opcode="getelementptr(29) " fcode="getelementptr"/>
<opset="bnn_top_int_const_unsigned_int_const_int_const_unsigned_int_const_int_co_172/5 "/>
</bind>
</comp>

<comp id="574" class="1004" name="W2_0_addr_6_gep_fu_574">
<pin_list>
<pin id="575" dir="0" index="0" bw="32" slack="0"/>
<pin id="576" dir="0" index="1" bw="1" slack="0"/>
<pin id="577" dir="0" index="2" bw="9" slack="0"/>
<pin id="578" dir="1" index="3" bw="9" slack="0"/>
</pin_list>
<bind>
<opcode="getelementptr(29) " fcode="getelementptr"/>
<opset="W2_0_addr_6/5 "/>
</bind>
</comp>

<comp id="582" class="1004" name="W2_1_addr_6_gep_fu_582">
<pin_list>
<pin id="583" dir="0" index="0" bw="32" slack="0"/>
<pin id="584" dir="0" index="1" bw="1" slack="0"/>
<pin id="585" dir="0" index="2" bw="9" slack="0"/>
<pin id="586" dir="1" index="3" bw="9" slack="0"/>
</pin_list>
<bind>
<opcode="getelementptr(29) " fcode="getelementptr"/>
<opset="W2_1_addr_6/5 "/>
</bind>
</comp>

<comp id="590" class="1004" name="bnn_top_int_const_unsigned_int_const_int_const_unsigned_int_const_int_co_181_gep_fu_590">
<pin_list>
<pin id="591" dir="0" index="0" bw="1" slack="0"/>
<pin id="592" dir="0" index="1" bw="1" slack="0"/>
<pin id="593" dir="0" index="2" bw="10" slack="0"/>
<pin id="594" dir="1" index="3" bw="10" slack="0"/>
</pin_list>
<bind>
<opcode="getelementptr(29) " fcode="getelementptr"/>
<opset="bnn_top_int_const_unsigned_int_const_int_const_unsigned_int_const_int_co_181/5 "/>
</bind>
</comp>

<comp id="597" class="1004" name="bnn_top_int_const_unsigned_int_const_int_const_unsigned_int_const_int_co_182_gep_fu_597">
<pin_list>
<pin id="598" dir="0" index="0" bw="1" slack="0"/>
<pin id="599" dir="0" index="1" bw="1" slack="0"/>
<pin id="600" dir="0" index="2" bw="10" slack="0"/>
<pin id="601" dir="1" index="3" bw="10" slack="0"/>
</pin_list>
<bind>
<opcode="getelementptr(29) " fcode="getelementptr"/>
<opset="bnn_top_int_const_unsigned_int_const_int_const_unsigned_int_const_int_co_182/5 "/>
</bind>
</comp>

<comp id="604" class="1004" name="bnn_top_int_const_unsigned_int_const_int_const_unsigned_int_const_int_co_183_gep_fu_604">
<pin_list>
<pin id="605" dir="0" index="0" bw="1" slack="0"/>
<pin id="606" dir="0" index="1" bw="1" slack="0"/>
<pin id="607" dir="0" index="2" bw="10" slack="0"/>
<pin id="608" dir="1" index="3" bw="10" slack="0"/>
</pin_list>
<bind>
<opcode="getelementptr(29) " fcode="getelementptr"/>
<opset="bnn_top_int_const_unsigned_int_const_int_const_unsigned_int_const_int_co_183/5 "/>
</bind>
</comp>

<comp id="611" class="1004" name="bnn_top_int_const_unsigned_int_const_int_const_unsigned_int_const_int_co_184_gep_fu_611">
<pin_list>
<pin id="612" dir="0" index="0" bw="1" slack="0"/>
<pin id="613" dir="0" index="1" bw="1" slack="0"/>
<pin id="614" dir="0" index="2" bw="10" slack="0"/>
<pin id="615" dir="1" index="3" bw="10" slack="0"/>
</pin_list>
<bind>
<opcode="getelementptr(29) " fcode="getelementptr"/>
<opset="bnn_top_int_const_unsigned_int_const_int_const_unsigned_int_const_int_co_184/5 "/>
</bind>
</comp>

<comp id="618" class="1004" name="bnn_top_int_const_unsigned_int_const_int_const_unsigned_int_const_int_co_185_gep_fu_618">
<pin_list>
<pin id="619" dir="0" index="0" bw="1" slack="0"/>
<pin id="620" dir="0" index="1" bw="1" slack="0"/>
<pin id="621" dir="0" index="2" bw="10" slack="0"/>
<pin id="622" dir="1" index="3" bw="10" slack="0"/>
</pin_list>
<bind>
<opcode="getelementptr(29) " fcode="getelementptr"/>
<opset="bnn_top_int_const_unsigned_int_const_int_const_unsigned_int_const_int_co_185/5 "/>
</bind>
</comp>

<comp id="625" class="1004" name="bnn_top_int_const_unsigned_int_const_int_const_unsigned_int_const_int_co_186_gep_fu_625">
<pin_list>
<pin id="626" dir="0" index="0" bw="1" slack="0"/>
<pin id="627" dir="0" index="1" bw="1" slack="0"/>
<pin id="628" dir="0" index="2" bw="10" slack="0"/>
<pin id="629" dir="1" index="3" bw="10" slack="0"/>
</pin_list>
<bind>
<opcode="getelementptr(29) " fcode="getelementptr"/>
<opset="bnn_top_int_const_unsigned_int_const_int_const_unsigned_int_const_int_co_186/5 "/>
</bind>
</comp>

<comp id="632" class="1004" name="bnn_top_int_const_unsigned_int_const_int_const_unsigned_int_const_int_co_187_gep_fu_632">
<pin_list>
<pin id="633" dir="0" index="0" bw="1" slack="0"/>
<pin id="634" dir="0" index="1" bw="1" slack="0"/>
<pin id="635" dir="0" index="2" bw="10" slack="0"/>
<pin id="636" dir="1" index="3" bw="10" slack="0"/>
</pin_list>
<bind>
<opcode="getelementptr(29) " fcode="getelementptr"/>
<opset="bnn_top_int_const_unsigned_int_const_int_const_unsigned_int_const_int_co_187/5 "/>
</bind>
</comp>

<comp id="639" class="1004" name="bnn_top_int_const_unsigned_int_const_int_const_unsigned_int_const_int_co_188_gep_fu_639">
<pin_list>
<pin id="640" dir="0" index="0" bw="1" slack="0"/>
<pin id="641" dir="0" index="1" bw="1" slack="0"/>
<pin id="642" dir="0" index="2" bw="10" slack="0"/>
<pin id="643" dir="1" index="3" bw="10" slack="0"/>
</pin_list>
<bind>
<opcode="getelementptr(29) " fcode="getelementptr"/>
<opset="bnn_top_int_const_unsigned_int_const_int_const_unsigned_int_const_int_co_188/5 "/>
</bind>
</comp>

<comp id="654" class="1004" name="W2_0_addr_7_gep_fu_654">
<pin_list>
<pin id="655" dir="0" index="0" bw="32" slack="0"/>
<pin id="656" dir="0" index="1" bw="1" slack="0"/>
<pin id="657" dir="0" index="2" bw="9" slack="0"/>
<pin id="658" dir="1" index="3" bw="9" slack="0"/>
</pin_list>
<bind>
<opcode="getelementptr(29) " fcode="getelementptr"/>
<opset="W2_0_addr_7/5 "/>
</bind>
</comp>

<comp id="662" class="1004" name="W2_1_addr_7_gep_fu_662">
<pin_list>
<pin id="663" dir="0" index="0" bw="32" slack="0"/>
<pin id="664" dir="0" index="1" bw="1" slack="0"/>
<pin id="665" dir="0" index="2" bw="9" slack="0"/>
<pin id="666" dir="1" index="3" bw="9" slack="0"/>
</pin_list>
<bind>
<opcode="getelementptr(29) " fcode="getelementptr"/>
<opset="W2_1_addr_7/5 "/>
</bind>
</comp>

<comp id="670" class="1004" name="bnn_top_int_const_unsigned_int_const_int_const_unsigned_int_const_int_co_197_gep_fu_670">
<pin_list>
<pin id="671" dir="0" index="0" bw="1" slack="0"/>
<pin id="672" dir="0" index="1" bw="1" slack="0"/>
<pin id="673" dir="0" index="2" bw="10" slack="0"/>
<pin id="674" dir="1" index="3" bw="10" slack="0"/>
</pin_list>
<bind>
<opcode="getelementptr(29) " fcode="getelementptr"/>
<opset="bnn_top_int_const_unsigned_int_const_int_const_unsigned_int_const_int_co_197/6 "/>
</bind>
</comp>

<comp id="677" class="1004" name="bnn_top_int_const_unsigned_int_const_int_const_unsigned_int_const_int_co_198_gep_fu_677">
<pin_list>
<pin id="678" dir="0" index="0" bw="1" slack="0"/>
<pin id="679" dir="0" index="1" bw="1" slack="0"/>
<pin id="680" dir="0" index="2" bw="10" slack="0"/>
<pin id="681" dir="1" index="3" bw="10" slack="0"/>
</pin_list>
<bind>
<opcode="getelementptr(29) " fcode="getelementptr"/>
<opset="bnn_top_int_const_unsigned_int_const_int_const_unsigned_int_const_int_co_198/6 "/>
</bind>
</comp>

<comp id="684" class="1004" name="bnn_top_int_const_unsigned_int_const_int_const_unsigned_int_const_int_co_199_gep_fu_684">
<pin_list>
<pin id="685" dir="0" index="0" bw="1" slack="0"/>
<pin id="686" dir="0" index="1" bw="1" slack="0"/>
<pin id="687" dir="0" index="2" bw="10" slack="0"/>
<pin id="688" dir="1" index="3" bw="10" slack="0"/>
</pin_list>
<bind>
<opcode="getelementptr(29) " fcode="getelementptr"/>
<opset="bnn_top_int_const_unsigned_int_const_int_const_unsigned_int_const_int_co_199/6 "/>
</bind>
</comp>

<comp id="691" class="1004" name="bnn_top_int_const_unsigned_int_const_int_const_unsigned_int_const_int_co_200_gep_fu_691">
<pin_list>
<pin id="692" dir="0" index="0" bw="1" slack="0"/>
<pin id="693" dir="0" index="1" bw="1" slack="0"/>
<pin id="694" dir="0" index="2" bw="10" slack="0"/>
<pin id="695" dir="1" index="3" bw="10" slack="0"/>
</pin_list>
<bind>
<opcode="getelementptr(29) " fcode="getelementptr"/>
<opset="bnn_top_int_const_unsigned_int_const_int_const_unsigned_int_const_int_co_200/6 "/>
</bind>
</comp>

<comp id="698" class="1004" name="bnn_top_int_const_unsigned_int_const_int_const_unsigned_int_const_int_co_201_gep_fu_698">
<pin_list>
<pin id="699" dir="0" index="0" bw="1" slack="0"/>
<pin id="700" dir="0" index="1" bw="1" slack="0"/>
<pin id="701" dir="0" index="2" bw="10" slack="0"/>
<pin id="702" dir="1" index="3" bw="10" slack="0"/>
</pin_list>
<bind>
<opcode="getelementptr(29) " fcode="getelementptr"/>
<opset="bnn_top_int_const_unsigned_int_const_int_const_unsigned_int_const_int_co_201/6 "/>
</bind>
</comp>

<comp id="705" class="1004" name="bnn_top_int_const_unsigned_int_const_int_const_unsigned_int_const_int_co_202_gep_fu_705">
<pin_list>
<pin id="706" dir="0" index="0" bw="1" slack="0"/>
<pin id="707" dir="0" index="1" bw="1" slack="0"/>
<pin id="708" dir="0" index="2" bw="10" slack="0"/>
<pin id="709" dir="1" index="3" bw="10" slack="0"/>
</pin_list>
<bind>
<opcode="getelementptr(29) " fcode="getelementptr"/>
<opset="bnn_top_int_const_unsigned_int_const_int_const_unsigned_int_const_int_co_202/6 "/>
</bind>
</comp>

<comp id="712" class="1004" name="bnn_top_int_const_unsigned_int_const_int_const_unsigned_int_const_int_co_203_gep_fu_712">
<pin_list>
<pin id="713" dir="0" index="0" bw="1" slack="0"/>
<pin id="714" dir="0" index="1" bw="1" slack="0"/>
<pin id="715" dir="0" index="2" bw="10" slack="0"/>
<pin id="716" dir="1" index="3" bw="10" slack="0"/>
</pin_list>
<bind>
<opcode="getelementptr(29) " fcode="getelementptr"/>
<opset="bnn_top_int_const_unsigned_int_const_int_const_unsigned_int_const_int_co_203/6 "/>
</bind>
</comp>

<comp id="719" class="1004" name="bnn_top_int_const_unsigned_int_const_int_const_unsigned_int_const_int_co_204_gep_fu_719">
<pin_list>
<pin id="720" dir="0" index="0" bw="1" slack="0"/>
<pin id="721" dir="0" index="1" bw="1" slack="0"/>
<pin id="722" dir="0" index="2" bw="10" slack="0"/>
<pin id="723" dir="1" index="3" bw="10" slack="0"/>
</pin_list>
<bind>
<opcode="getelementptr(29) " fcode="getelementptr"/>
<opset="bnn_top_int_const_unsigned_int_const_int_const_unsigned_int_const_int_co_204/6 "/>
</bind>
</comp>

<comp id="734" class="1004" name="W2_0_addr_8_gep_fu_734">
<pin_list>
<pin id="735" dir="0" index="0" bw="32" slack="0"/>
<pin id="736" dir="0" index="1" bw="1" slack="0"/>
<pin id="737" dir="0" index="2" bw="9" slack="0"/>
<pin id="738" dir="1" index="3" bw="9" slack="0"/>
</pin_list>
<bind>
<opcode="getelementptr(29) " fcode="getelementptr"/>
<opset="W2_0_addr_8/6 "/>
</bind>
</comp>

<comp id="742" class="1004" name="W2_1_addr_8_gep_fu_742">
<pin_list>
<pin id="743" dir="0" index="0" bw="32" slack="0"/>
<pin id="744" dir="0" index="1" bw="1" slack="0"/>
<pin id="745" dir="0" index="2" bw="9" slack="0"/>
<pin id="746" dir="1" index="3" bw="9" slack="0"/>
</pin_list>
<bind>
<opcode="getelementptr(29) " fcode="getelementptr"/>
<opset="W2_1_addr_8/6 "/>
</bind>
</comp>

<comp id="750" class="1004" name="bnn_top_int_const_unsigned_int_const_int_const_unsigned_int_const_int_co_69_gep_fu_750">
<pin_list>
<pin id="751" dir="0" index="0" bw="1" slack="0"/>
<pin id="752" dir="0" index="1" bw="1" slack="0"/>
<pin id="753" dir="0" index="2" bw="10" slack="0"/>
<pin id="754" dir="1" index="3" bw="10" slack="0"/>
</pin_list>
<bind>
<opcode="getelementptr(29) " fcode="getelementptr"/>
<opset="bnn_top_int_const_unsigned_int_const_int_const_unsigned_int_const_int_co_69/7 "/>
</bind>
</comp>

<comp id="757" class="1004" name="bnn_top_int_const_unsigned_int_const_int_const_unsigned_int_const_int_co_70_gep_fu_757">
<pin_list>
<pin id="758" dir="0" index="0" bw="1" slack="0"/>
<pin id="759" dir="0" index="1" bw="1" slack="0"/>
<pin id="760" dir="0" index="2" bw="10" slack="0"/>
<pin id="761" dir="1" index="3" bw="10" slack="0"/>
</pin_list>
<bind>
<opcode="getelementptr(29) " fcode="getelementptr"/>
<opset="bnn_top_int_const_unsigned_int_const_int_const_unsigned_int_const_int_co_70/7 "/>
</bind>
</comp>

<comp id="764" class="1004" name="bnn_top_int_const_unsigned_int_const_int_const_unsigned_int_const_int_co_71_gep_fu_764">
<pin_list>
<pin id="765" dir="0" index="0" bw="1" slack="0"/>
<pin id="766" dir="0" index="1" bw="1" slack="0"/>
<pin id="767" dir="0" index="2" bw="10" slack="0"/>
<pin id="768" dir="1" index="3" bw="10" slack="0"/>
</pin_list>
<bind>
<opcode="getelementptr(29) " fcode="getelementptr"/>
<opset="bnn_top_int_const_unsigned_int_const_int_const_unsigned_int_const_int_co_71/7 "/>
</bind>
</comp>

<comp id="771" class="1004" name="bnn_top_int_const_unsigned_int_const_int_const_unsigned_int_const_int_co_72_gep_fu_771">
<pin_list>
<pin id="772" dir="0" index="0" bw="1" slack="0"/>
<pin id="773" dir="0" index="1" bw="1" slack="0"/>
<pin id="774" dir="0" index="2" bw="10" slack="0"/>
<pin id="775" dir="1" index="3" bw="10" slack="0"/>
</pin_list>
<bind>
<opcode="getelementptr(29) " fcode="getelementptr"/>
<opset="bnn_top_int_const_unsigned_int_const_int_const_unsigned_int_const_int_co_72/7 "/>
</bind>
</comp>

<comp id="778" class="1004" name="bnn_top_int_const_unsigned_int_const_int_const_unsigned_int_const_int_co_73_gep_fu_778">
<pin_list>
<pin id="779" dir="0" index="0" bw="1" slack="0"/>
<pin id="780" dir="0" index="1" bw="1" slack="0"/>
<pin id="781" dir="0" index="2" bw="10" slack="0"/>
<pin id="782" dir="1" index="3" bw="10" slack="0"/>
</pin_list>
<bind>
<opcode="getelementptr(29) " fcode="getelementptr"/>
<opset="bnn_top_int_const_unsigned_int_const_int_const_unsigned_int_const_int_co_73/7 "/>
</bind>
</comp>

<comp id="785" class="1004" name="bnn_top_int_const_unsigned_int_const_int_const_unsigned_int_const_int_co_74_gep_fu_785">
<pin_list>
<pin id="786" dir="0" index="0" bw="1" slack="0"/>
<pin id="787" dir="0" index="1" bw="1" slack="0"/>
<pin id="788" dir="0" index="2" bw="10" slack="0"/>
<pin id="789" dir="1" index="3" bw="10" slack="0"/>
</pin_list>
<bind>
<opcode="getelementptr(29) " fcode="getelementptr"/>
<opset="bnn_top_int_const_unsigned_int_const_int_const_unsigned_int_const_int_co_74/7 "/>
</bind>
</comp>

<comp id="792" class="1004" name="bnn_top_int_const_unsigned_int_const_int_const_unsigned_int_const_int_co_75_gep_fu_792">
<pin_list>
<pin id="793" dir="0" index="0" bw="1" slack="0"/>
<pin id="794" dir="0" index="1" bw="1" slack="0"/>
<pin id="795" dir="0" index="2" bw="10" slack="0"/>
<pin id="796" dir="1" index="3" bw="10" slack="0"/>
</pin_list>
<bind>
<opcode="getelementptr(29) " fcode="getelementptr"/>
<opset="bnn_top_int_const_unsigned_int_const_int_const_unsigned_int_const_int_co_75/7 "/>
</bind>
</comp>

<comp id="799" class="1004" name="bnn_top_int_const_unsigned_int_const_int_const_unsigned_int_const_int_co_76_gep_fu_799">
<pin_list>
<pin id="800" dir="0" index="0" bw="1" slack="0"/>
<pin id="801" dir="0" index="1" bw="1" slack="0"/>
<pin id="802" dir="0" index="2" bw="10" slack="0"/>
<pin id="803" dir="1" index="3" bw="10" slack="0"/>
</pin_list>
<bind>
<opcode="getelementptr(29) " fcode="getelementptr"/>
<opset="bnn_top_int_const_unsigned_int_const_int_const_unsigned_int_const_int_co_76/7 "/>
</bind>
</comp>

<comp id="814" class="1004" name="bnn_top_int_const_unsigned_int_const_int_const_unsigned_int_const_int_co_85_gep_fu_814">
<pin_list>
<pin id="815" dir="0" index="0" bw="1" slack="0"/>
<pin id="816" dir="0" index="1" bw="1" slack="0"/>
<pin id="817" dir="0" index="2" bw="10" slack="0"/>
<pin id="818" dir="1" index="3" bw="10" slack="0"/>
</pin_list>
<bind>
<opcode="getelementptr(29) " fcode="getelementptr"/>
<opset="bnn_top_int_const_unsigned_int_const_int_const_unsigned_int_const_int_co_85/7 "/>
</bind>
</comp>

<comp id="821" class="1004" name="bnn_top_int_const_unsigned_int_const_int_const_unsigned_int_const_int_co_86_gep_fu_821">
<pin_list>
<pin id="822" dir="0" index="0" bw="1" slack="0"/>
<pin id="823" dir="0" index="1" bw="1" slack="0"/>
<pin id="824" dir="0" index="2" bw="10" slack="0"/>
<pin id="825" dir="1" index="3" bw="10" slack="0"/>
</pin_list>
<bind>
<opcode="getelementptr(29) " fcode="getelementptr"/>
<opset="bnn_top_int_const_unsigned_int_const_int_const_unsigned_int_const_int_co_86/7 "/>
</bind>
</comp>

<comp id="828" class="1004" name="bnn_top_int_const_unsigned_int_const_int_const_unsigned_int_const_int_co_87_gep_fu_828">
<pin_list>
<pin id="829" dir="0" index="0" bw="1" slack="0"/>
<pin id="830" dir="0" index="1" bw="1" slack="0"/>
<pin id="831" dir="0" index="2" bw="10" slack="0"/>
<pin id="832" dir="1" index="3" bw="10" slack="0"/>
</pin_list>
<bind>
<opcode="getelementptr(29) " fcode="getelementptr"/>
<opset="bnn_top_int_const_unsigned_int_const_int_const_unsigned_int_const_int_co_87/7 "/>
</bind>
</comp>

<comp id="835" class="1004" name="bnn_top_int_const_unsigned_int_const_int_const_unsigned_int_const_int_co_88_gep_fu_835">
<pin_list>
<pin id="836" dir="0" index="0" bw="1" slack="0"/>
<pin id="837" dir="0" index="1" bw="1" slack="0"/>
<pin id="838" dir="0" index="2" bw="10" slack="0"/>
<pin id="839" dir="1" index="3" bw="10" slack="0"/>
</pin_list>
<bind>
<opcode="getelementptr(29) " fcode="getelementptr"/>
<opset="bnn_top_int_const_unsigned_int_const_int_const_unsigned_int_const_int_co_88/7 "/>
</bind>
</comp>

<comp id="842" class="1004" name="bnn_top_int_const_unsigned_int_const_int_const_unsigned_int_const_int_co_89_gep_fu_842">
<pin_list>
<pin id="843" dir="0" index="0" bw="1" slack="0"/>
<pin id="844" dir="0" index="1" bw="1" slack="0"/>
<pin id="845" dir="0" index="2" bw="10" slack="0"/>
<pin id="846" dir="1" index="3" bw="10" slack="0"/>
</pin_list>
<bind>
<opcode="getelementptr(29) " fcode="getelementptr"/>
<opset="bnn_top_int_const_unsigned_int_const_int_const_unsigned_int_const_int_co_89/7 "/>
</bind>
</comp>

<comp id="849" class="1004" name="bnn_top_int_const_unsigned_int_const_int_const_unsigned_int_const_int_co_90_gep_fu_849">
<pin_list>
<pin id="850" dir="0" index="0" bw="1" slack="0"/>
<pin id="851" dir="0" index="1" bw="1" slack="0"/>
<pin id="852" dir="0" index="2" bw="10" slack="0"/>
<pin id="853" dir="1" index="3" bw="10" slack="0"/>
</pin_list>
<bind>
<opcode="getelementptr(29) " fcode="getelementptr"/>
<opset="bnn_top_int_const_unsigned_int_const_int_const_unsigned_int_const_int_co_90/7 "/>
</bind>
</comp>

<comp id="856" class="1004" name="bnn_top_int_const_unsigned_int_const_int_const_unsigned_int_const_int_co_91_gep_fu_856">
<pin_list>
<pin id="857" dir="0" index="0" bw="1" slack="0"/>
<pin id="858" dir="0" index="1" bw="1" slack="0"/>
<pin id="859" dir="0" index="2" bw="10" slack="0"/>
<pin id="860" dir="1" index="3" bw="10" slack="0"/>
</pin_list>
<bind>
<opcode="getelementptr(29) " fcode="getelementptr"/>
<opset="bnn_top_int_const_unsigned_int_const_int_const_unsigned_int_const_int_co_91/7 "/>
</bind>
</comp>

<comp id="863" class="1004" name="bnn_top_int_const_unsigned_int_const_int_const_unsigned_int_const_int_co_92_gep_fu_863">
<pin_list>
<pin id="864" dir="0" index="0" bw="1" slack="0"/>
<pin id="865" dir="0" index="1" bw="1" slack="0"/>
<pin id="866" dir="0" index="2" bw="10" slack="0"/>
<pin id="867" dir="1" index="3" bw="10" slack="0"/>
</pin_list>
<bind>
<opcode="getelementptr(29) " fcode="getelementptr"/>
<opset="bnn_top_int_const_unsigned_int_const_int_const_unsigned_int_const_int_co_92/7 "/>
</bind>
</comp>

<comp id="878" class="1004" name="bnn_top_int_const_unsigned_int_const_int_const_unsigned_int_const_int_co_101_gep_fu_878">
<pin_list>
<pin id="879" dir="0" index="0" bw="1" slack="0"/>
<pin id="880" dir="0" index="1" bw="1" slack="0"/>
<pin id="881" dir="0" index="2" bw="10" slack="0"/>
<pin id="882" dir="1" index="3" bw="10" slack="0"/>
</pin_list>
<bind>
<opcode="getelementptr(29) " fcode="getelementptr"/>
<opset="bnn_top_int_const_unsigned_int_const_int_const_unsigned_int_const_int_co_101/8 "/>
</bind>
</comp>

<comp id="885" class="1004" name="bnn_top_int_const_unsigned_int_const_int_const_unsigned_int_const_int_co_102_gep_fu_885">
<pin_list>
<pin id="886" dir="0" index="0" bw="1" slack="0"/>
<pin id="887" dir="0" index="1" bw="1" slack="0"/>
<pin id="888" dir="0" index="2" bw="10" slack="0"/>
<pin id="889" dir="1" index="3" bw="10" slack="0"/>
</pin_list>
<bind>
<opcode="getelementptr(29) " fcode="getelementptr"/>
<opset="bnn_top_int_const_unsigned_int_const_int_const_unsigned_int_const_int_co_102/8 "/>
</bind>
</comp>

<comp id="892" class="1004" name="bnn_top_int_const_unsigned_int_const_int_const_unsigned_int_const_int_co_103_gep_fu_892">
<pin_list>
<pin id="893" dir="0" index="0" bw="1" slack="0"/>
<pin id="894" dir="0" index="1" bw="1" slack="0"/>
<pin id="895" dir="0" index="2" bw="10" slack="0"/>
<pin id="896" dir="1" index="3" bw="10" slack="0"/>
</pin_list>
<bind>
<opcode="getelementptr(29) " fcode="getelementptr"/>
<opset="bnn_top_int_const_unsigned_int_const_int_const_unsigned_int_const_int_co_103/8 "/>
</bind>
</comp>

<comp id="899" class="1004" name="bnn_top_int_const_unsigned_int_const_int_const_unsigned_int_const_int_co_104_gep_fu_899">
<pin_list>
<pin id="900" dir="0" index="0" bw="1" slack="0"/>
<pin id="901" dir="0" index="1" bw="1" slack="0"/>
<pin id="902" dir="0" index="2" bw="10" slack="0"/>
<pin id="903" dir="1" index="3" bw="10" slack="0"/>
</pin_list>
<bind>
<opcode="getelementptr(29) " fcode="getelementptr"/>
<opset="bnn_top_int_const_unsigned_int_const_int_const_unsigned_int_const_int_co_104/8 "/>
</bind>
</comp>

<comp id="906" class="1004" name="bnn_top_int_const_unsigned_int_const_int_const_unsigned_int_const_int_co_105_gep_fu_906">
<pin_list>
<pin id="907" dir="0" index="0" bw="1" slack="0"/>
<pin id="908" dir="0" index="1" bw="1" slack="0"/>
<pin id="909" dir="0" index="2" bw="10" slack="0"/>
<pin id="910" dir="1" index="3" bw="10" slack="0"/>
</pin_list>
<bind>
<opcode="getelementptr(29) " fcode="getelementptr"/>
<opset="bnn_top_int_const_unsigned_int_const_int_const_unsigned_int_const_int_co_105/8 "/>
</bind>
</comp>

<comp id="913" class="1004" name="bnn_top_int_const_unsigned_int_const_int_const_unsigned_int_const_int_co_106_gep_fu_913">
<pin_list>
<pin id="914" dir="0" index="0" bw="1" slack="0"/>
<pin id="915" dir="0" index="1" bw="1" slack="0"/>
<pin id="916" dir="0" index="2" bw="10" slack="0"/>
<pin id="917" dir="1" index="3" bw="10" slack="0"/>
</pin_list>
<bind>
<opcode="getelementptr(29) " fcode="getelementptr"/>
<opset="bnn_top_int_const_unsigned_int_const_int_const_unsigned_int_const_int_co_106/8 "/>
</bind>
</comp>

<comp id="920" class="1004" name="bnn_top_int_const_unsigned_int_const_int_const_unsigned_int_const_int_co_107_gep_fu_920">
<pin_list>
<pin id="921" dir="0" index="0" bw="1" slack="0"/>
<pin id="922" dir="0" index="1" bw="1" slack="0"/>
<pin id="923" dir="0" index="2" bw="10" slack="0"/>
<pin id="924" dir="1" index="3" bw="10" slack="0"/>
</pin_list>
<bind>
<opcode="getelementptr(29) " fcode="getelementptr"/>
<opset="bnn_top_int_const_unsigned_int_const_int_const_unsigned_int_const_int_co_107/8 "/>
</bind>
</comp>

<comp id="927" class="1004" name="bnn_top_int_const_unsigned_int_const_int_const_unsigned_int_const_int_co_108_gep_fu_927">
<pin_list>
<pin id="928" dir="0" index="0" bw="1" slack="0"/>
<pin id="929" dir="0" index="1" bw="1" slack="0"/>
<pin id="930" dir="0" index="2" bw="10" slack="0"/>
<pin id="931" dir="1" index="3" bw="10" slack="0"/>
</pin_list>
<bind>
<opcode="getelementptr(29) " fcode="getelementptr"/>
<opset="bnn_top_int_const_unsigned_int_const_int_const_unsigned_int_const_int_co_108/8 "/>
</bind>
</comp>

<comp id="942" class="1004" name="bnn_top_int_const_unsigned_int_const_int_const_unsigned_int_const_int_co_117_gep_fu_942">
<pin_list>
<pin id="943" dir="0" index="0" bw="1" slack="0"/>
<pin id="944" dir="0" index="1" bw="1" slack="0"/>
<pin id="945" dir="0" index="2" bw="10" slack="0"/>
<pin id="946" dir="1" index="3" bw="10" slack="0"/>
</pin_list>
<bind>
<opcode="getelementptr(29) " fcode="getelementptr"/>
<opset="bnn_top_int_const_unsigned_int_const_int_const_unsigned_int_const_int_co_117/8 "/>
</bind>
</comp>

<comp id="949" class="1004" name="bnn_top_int_const_unsigned_int_const_int_const_unsigned_int_const_int_co_118_gep_fu_949">
<pin_list>
<pin id="950" dir="0" index="0" bw="1" slack="0"/>
<pin id="951" dir="0" index="1" bw="1" slack="0"/>
<pin id="952" dir="0" index="2" bw="10" slack="0"/>
<pin id="953" dir="1" index="3" bw="10" slack="0"/>
</pin_list>
<bind>
<opcode="getelementptr(29) " fcode="getelementptr"/>
<opset="bnn_top_int_const_unsigned_int_const_int_const_unsigned_int_const_int_co_118/8 "/>
</bind>
</comp>

<comp id="956" class="1004" name="bnn_top_int_const_unsigned_int_const_int_const_unsigned_int_const_int_co_119_gep_fu_956">
<pin_list>
<pin id="957" dir="0" index="0" bw="1" slack="0"/>
<pin id="958" dir="0" index="1" bw="1" slack="0"/>
<pin id="959" dir="0" index="2" bw="10" slack="0"/>
<pin id="960" dir="1" index="3" bw="10" slack="0"/>
</pin_list>
<bind>
<opcode="getelementptr(29) " fcode="getelementptr"/>
<opset="bnn_top_int_const_unsigned_int_const_int_const_unsigned_int_const_int_co_119/8 "/>
</bind>
</comp>

<comp id="963" class="1004" name="bnn_top_int_const_unsigned_int_const_int_const_unsigned_int_const_int_co_120_gep_fu_963">
<pin_list>
<pin id="964" dir="0" index="0" bw="1" slack="0"/>
<pin id="965" dir="0" index="1" bw="1" slack="0"/>
<pin id="966" dir="0" index="2" bw="10" slack="0"/>
<pin id="967" dir="1" index="3" bw="10" slack="0"/>
</pin_list>
<bind>
<opcode="getelementptr(29) " fcode="getelementptr"/>
<opset="bnn_top_int_const_unsigned_int_const_int_const_unsigned_int_const_int_co_120/8 "/>
</bind>
</comp>

<comp id="970" class="1004" name="bnn_top_int_const_unsigned_int_const_int_const_unsigned_int_const_int_co_121_gep_fu_970">
<pin_list>
<pin id="971" dir="0" index="0" bw="1" slack="0"/>
<pin id="972" dir="0" index="1" bw="1" slack="0"/>
<pin id="973" dir="0" index="2" bw="10" slack="0"/>
<pin id="974" dir="1" index="3" bw="10" slack="0"/>
</pin_list>
<bind>
<opcode="getelementptr(29) " fcode="getelementptr"/>
<opset="bnn_top_int_const_unsigned_int_const_int_const_unsigned_int_const_int_co_121/8 "/>
</bind>
</comp>

<comp id="977" class="1004" name="bnn_top_int_const_unsigned_int_const_int_const_unsigned_int_const_int_co_122_gep_fu_977">
<pin_list>
<pin id="978" dir="0" index="0" bw="1" slack="0"/>
<pin id="979" dir="0" index="1" bw="1" slack="0"/>
<pin id="980" dir="0" index="2" bw="10" slack="0"/>
<pin id="981" dir="1" index="3" bw="10" slack="0"/>
</pin_list>
<bind>
<opcode="getelementptr(29) " fcode="getelementptr"/>
<opset="bnn_top_int_const_unsigned_int_const_int_const_unsigned_int_const_int_co_122/8 "/>
</bind>
</comp>

<comp id="984" class="1004" name="bnn_top_int_const_unsigned_int_const_int_const_unsigned_int_const_int_co_123_gep_fu_984">
<pin_list>
<pin id="985" dir="0" index="0" bw="1" slack="0"/>
<pin id="986" dir="0" index="1" bw="1" slack="0"/>
<pin id="987" dir="0" index="2" bw="10" slack="0"/>
<pin id="988" dir="1" index="3" bw="10" slack="0"/>
</pin_list>
<bind>
<opcode="getelementptr(29) " fcode="getelementptr"/>
<opset="bnn_top_int_const_unsigned_int_const_int_const_unsigned_int_const_int_co_123/8 "/>
</bind>
</comp>

<comp id="991" class="1004" name="bnn_top_int_const_unsigned_int_const_int_const_unsigned_int_const_int_co_124_gep_fu_991">
<pin_list>
<pin id="992" dir="0" index="0" bw="1" slack="0"/>
<pin id="993" dir="0" index="1" bw="1" slack="0"/>
<pin id="994" dir="0" index="2" bw="10" slack="0"/>
<pin id="995" dir="1" index="3" bw="10" slack="0"/>
</pin_list>
<bind>
<opcode="getelementptr(29) " fcode="getelementptr"/>
<opset="bnn_top_int_const_unsigned_int_const_int_const_unsigned_int_const_int_co_124/8 "/>
</bind>
</comp>

<comp id="1006" class="1004" name="bnn_top_int_const_unsigned_int_const_int_const_unsigned_int_const_int_co_213_gep_fu_1006">
<pin_list>
<pin id="1007" dir="0" index="0" bw="32" slack="0"/>
<pin id="1008" dir="0" index="1" bw="1" slack="0"/>
<pin id="1009" dir="0" index="2" bw="6" slack="0"/>
<pin id="1010" dir="1" index="3" bw="8" slack="0"/>
</pin_list>
<bind>
<opcode="getelementptr(29) " fcode="getelementptr"/>
<opset="bnn_top_int_const_unsigned_int_const_int_const_unsigned_int_const_int_co_213/10 "/>
</bind>
</comp>

<comp id="1013" class="1004" name="bnn_top_int_const_unsigned_int_const_int_const_unsigned_int_const_int_co_214_gep_fu_1013">
<pin_list>
<pin id="1014" dir="0" index="0" bw="32" slack="0"/>
<pin id="1015" dir="0" index="1" bw="1" slack="0"/>
<pin id="1016" dir="0" index="2" bw="6" slack="0"/>
<pin id="1017" dir="1" index="3" bw="8" slack="0"/>
</pin_list>
<bind>
<opcode="getelementptr(29) " fcode="getelementptr"/>
<opset="bnn_top_int_const_unsigned_int_const_int_const_unsigned_int_const_int_co_214/10 "/>
</bind>
</comp>

<comp id="1020" class="1004" name="bnn_top_int_const_unsigned_int_const_int_const_unsigned_int_const_int_co_215_gep_fu_1020">
<pin_list>
<pin id="1021" dir="0" index="0" bw="32" slack="0"/>
<pin id="1022" dir="0" index="1" bw="1" slack="0"/>
<pin id="1023" dir="0" index="2" bw="6" slack="0"/>
<pin id="1024" dir="1" index="3" bw="8" slack="0"/>
</pin_list>
<bind>
<opcode="getelementptr(29) " fcode="getelementptr"/>
<opset="bnn_top_int_const_unsigned_int_const_int_const_unsigned_int_const_int_co_215/10 "/>
</bind>
</comp>

<comp id="1027" class="1004" name="bnn_top_int_const_unsigned_int_const_int_const_unsigned_int_const_int_co_216_gep_fu_1027">
<pin_list>
<pin id="1028" dir="0" index="0" bw="32" slack="0"/>
<pin id="1029" dir="0" index="1" bw="1" slack="0"/>
<pin id="1030" dir="0" index="2" bw="6" slack="0"/>
<pin id="1031" dir="1" index="3" bw="8" slack="0"/>
</pin_list>
<bind>
<opcode="getelementptr(29) " fcode="getelementptr"/>
<opset="bnn_top_int_const_unsigned_int_const_int_const_unsigned_int_const_int_co_216/10 "/>
</bind>
</comp>

<comp id="1034" class="1004" name="bnn_top_int_const_unsigned_int_const_int_const_unsigned_int_const_int_co_217_gep_fu_1034">
<pin_list>
<pin id="1035" dir="0" index="0" bw="32" slack="0"/>
<pin id="1036" dir="0" index="1" bw="1" slack="0"/>
<pin id="1037" dir="0" index="2" bw="6" slack="0"/>
<pin id="1038" dir="1" index="3" bw="8" slack="0"/>
</pin_list>
<bind>
<opcode="getelementptr(29) " fcode="getelementptr"/>
<opset="bnn_top_int_const_unsigned_int_const_int_const_unsigned_int_const_int_co_217/10 "/>
</bind>
</comp>

<comp id="1041" class="1004" name="store_ln94_access_fu_1041">
<pin_list>
<pin id="1042" dir="0" index="0" bw="8" slack="0"/>
<pin id="1043" dir="0" index="1" bw="32" slack="0"/>
<pin id="1044" dir="0" index="2" bw="0" slack="2147483647"/>
<pin id="1045" dir="1" index="3" bw="32" slack="2147483647"/>
</pin_list>
<bind>
<opcode="store(28) " fcode="store"/>
<opset="store_ln94/10 "/>
</bind>
</comp>

<comp id="1047" class="1004" name="store_ln94_access_fu_1047">
<pin_list>
<pin id="1048" dir="0" index="0" bw="8" slack="0"/>
<pin id="1049" dir="0" index="1" bw="32" slack="0"/>
<pin id="1050" dir="0" index="2" bw="0" slack="2147483647"/>
<pin id="1051" dir="1" index="3" bw="32" slack="2147483647"/>
</pin_list>
<bind>
<opcode="store(28) " fcode="store"/>
<opset="store_ln94/10 "/>
</bind>
</comp>

<comp id="1053" class="1004" name="store_ln94_access_fu_1053">
<pin_list>
<pin id="1054" dir="0" index="0" bw="8" slack="0"/>
<pin id="1055" dir="0" index="1" bw="32" slack="0"/>
<pin id="1056" dir="0" index="2" bw="0" slack="2147483647"/>
<pin id="1057" dir="1" index="3" bw="32" slack="2147483647"/>
</pin_list>
<bind>
<opcode="store(28) " fcode="store"/>
<opset="store_ln94/10 "/>
</bind>
</comp>

<comp id="1059" class="1004" name="store_ln94_access_fu_1059">
<pin_list>
<pin id="1060" dir="0" index="0" bw="8" slack="0"/>
<pin id="1061" dir="0" index="1" bw="32" slack="0"/>
<pin id="1062" dir="0" index="2" bw="0" slack="2147483647"/>
<pin id="1063" dir="1" index="3" bw="32" slack="2147483647"/>
</pin_list>
<bind>
<opcode="store(28) " fcode="store"/>
<opset="store_ln94/10 "/>
</bind>
</comp>

<comp id="1065" class="1004" name="store_ln94_access_fu_1065">
<pin_list>
<pin id="1066" dir="0" index="0" bw="8" slack="0"/>
<pin id="1067" dir="0" index="1" bw="32" slack="0"/>
<pin id="1068" dir="0" index="2" bw="0" slack="2147483647"/>
<pin id="1069" dir="1" index="3" bw="32" slack="2147483647"/>
</pin_list>
<bind>
<opcode="store(28) " fcode="store"/>
<opset="store_ln94/10 "/>
</bind>
</comp>

<comp id="1071" class="1004" name="grp_fu_1071">
<pin_list>
<pin id="1072" dir="0" index="0" bw="1" slack="0"/>
<pin id="1073" dir="0" index="1" bw="3" slack="0"/>
<pin id="1074" dir="0" index="2" bw="1" slack="0"/>
<pin id="1075" dir="0" index="3" bw="3" slack="0"/>
<pin id="1076" dir="0" index="4" bw="1" slack="0"/>
<pin id="1077" dir="0" index="5" bw="3" slack="0"/>
<pin id="1078" dir="0" index="6" bw="1" slack="0"/>
<pin id="1079" dir="0" index="7" bw="3" slack="0"/>
<pin id="1080" dir="0" index="8" bw="1" slack="0"/>
<pin id="1081" dir="0" index="9" bw="3" slack="0"/>
<pin id="1082" dir="0" index="10" bw="1" slack="0"/>
<pin id="1083" dir="0" index="11" bw="3" slack="0"/>
<pin id="1084" dir="0" index="12" bw="1" slack="0"/>
<pin id="1085" dir="0" index="13" bw="3" slack="0"/>
<pin id="1086" dir="0" index="14" bw="1" slack="0"/>
<pin id="1087" dir="0" index="15" bw="3" slack="0"/>
<pin id="1088" dir="0" index="16" bw="1" slack="0"/>
<pin id="1089" dir="0" index="17" bw="1" slack="0"/>
<pin id="1090" dir="0" index="18" bw="3" slack="4"/>
<pin id="1091" dir="1" index="19" bw="1" slack="0"/>
</pin_list>
<bind>
<opcode="sparsemux(1197) " fcode="sparsemux"/>
<opset="a_6/6 a/8 a_3/9 "/>
</bind>
</comp>

<comp id="1110" class="1004" name="grp_fu_1110">
<pin_list>
<pin id="1111" dir="0" index="0" bw="1" slack="0"/>
<pin id="1112" dir="0" index="1" bw="3" slack="0"/>
<pin id="1113" dir="0" index="2" bw="1" slack="0"/>
<pin id="1114" dir="0" index="3" bw="3" slack="0"/>
<pin id="1115" dir="0" index="4" bw="1" slack="0"/>
<pin id="1116" dir="0" index="5" bw="3" slack="0"/>
<pin id="1117" dir="0" index="6" bw="1" slack="0"/>
<pin id="1118" dir="0" index="7" bw="3" slack="0"/>
<pin id="1119" dir="0" index="8" bw="1" slack="0"/>
<pin id="1120" dir="0" index="9" bw="3" slack="0"/>
<pin id="1121" dir="0" index="10" bw="1" slack="0"/>
<pin id="1122" dir="0" index="11" bw="3" slack="0"/>
<pin id="1123" dir="0" index="12" bw="1" slack="0"/>
<pin id="1124" dir="0" index="13" bw="3" slack="0"/>
<pin id="1125" dir="0" index="14" bw="1" slack="0"/>
<pin id="1126" dir="0" index="15" bw="3" slack="0"/>
<pin id="1127" dir="0" index="16" bw="1" slack="0"/>
<pin id="1128" dir="0" index="17" bw="1" slack="0"/>
<pin id="1129" dir="0" index="18" bw="3" slack="4"/>
<pin id="1130" dir="1" index="19" bw="1" slack="0"/>
</pin_list>
<bind>
<opcode="sparsemux(1197) " fcode="sparsemux"/>
<opset="a_7/6 a_1/8 "/>
</bind>
</comp>

<comp id="1149" class="1004" name="grp_fu_1149">
<pin_list>
<pin id="1150" dir="0" index="0" bw="1" slack="0"/>
<pin id="1151" dir="0" index="1" bw="3" slack="0"/>
<pin id="1152" dir="0" index="2" bw="1" slack="0"/>
<pin id="1153" dir="0" index="3" bw="3" slack="0"/>
<pin id="1154" dir="0" index="4" bw="1" slack="0"/>
<pin id="1155" dir="0" index="5" bw="3" slack="0"/>
<pin id="1156" dir="0" index="6" bw="1" slack="0"/>
<pin id="1157" dir="0" index="7" bw="3" slack="0"/>
<pin id="1158" dir="0" index="8" bw="1" slack="0"/>
<pin id="1159" dir="0" index="9" bw="3" slack="0"/>
<pin id="1160" dir="0" index="10" bw="1" slack="0"/>
<pin id="1161" dir="0" index="11" bw="3" slack="0"/>
<pin id="1162" dir="0" index="12" bw="1" slack="0"/>
<pin id="1163" dir="0" index="13" bw="3" slack="0"/>
<pin id="1164" dir="0" index="14" bw="1" slack="0"/>
<pin id="1165" dir="0" index="15" bw="3" slack="0"/>
<pin id="1166" dir="0" index="16" bw="1" slack="0"/>
<pin id="1167" dir="0" index="17" bw="1" slack="0"/>
<pin id="1168" dir="0" index="18" bw="3" slack="5"/>
<pin id="1169" dir="1" index="19" bw="1" slack="0"/>
</pin_list>
<bind>
<opcode="sparsemux(1197) " fcode="sparsemux"/>
<opset="a_8/7 a_2/9 "/>
</bind>
</comp>

<comp id="1188" class="1004" name="store_ln0_store_fu_1188">
<pin_list>
<pin id="1189" dir="0" index="0" bw="1" slack="0"/>
<pin id="1190" dir="0" index="1" bw="14" slack="0"/>
<pin id="1191" dir="1" index="2" bw="0" slack="2147483647"/>
</pin_list>
<bind>
<opcode="store(28) " fcode="store"/>
<opset="store_ln0/1 "/>
</bind>
</comp>

<comp id="1193" class="1004" name="store_ln79_store_fu_1193">
<pin_list>
<pin id="1194" dir="0" index="0" bw="1" slack="0"/>
<pin id="1195" dir="0" index="1" bw="5" slack="0"/>
<pin id="1196" dir="1" index="2" bw="0" slack="2147483647"/>
</pin_list>
<bind>
<opcode="store(28) " fcode="store"/>
<opset="store_ln79/1 "/>
</bind>
</comp>

<comp id="1198" class="1004" name="store_ln0_store_fu_1198">
<pin_list>
<pin id="1199" dir="0" index="0" bw="1" slack="0"/>
<pin id="1200" dir="0" index="1" bw="11" slack="0"/>
<pin id="1201" dir="1" index="2" bw="0" slack="2147483647"/>
</pin_list>
<bind>
<opcode="store(28) " fcode="store"/>
<opset="store_ln0/1 "/>
</bind>
</comp>

<comp id="1203" class="1004" name="store_ln80_store_fu_1203">
<pin_list>
<pin id="1204" dir="0" index="0" bw="1" slack="0"/>
<pin id="1205" dir="0" index="1" bw="5" slack="0"/>
<pin id="1206" dir="1" index="2" bw="0" slack="2147483647"/>
</pin_list>
<bind>
<opcode="store(28) " fcode="store"/>
<opset="store_ln80/1 "/>
</bind>
</comp>

<comp id="1208" class="1004" name="store_ln82_store_fu_1208">
<pin_list>
<pin id="1209" dir="0" index="0" bw="1" slack="0"/>
<pin id="1210" dir="0" index="1" bw="6" slack="0"/>
<pin id="1211" dir="1" index="2" bw="0" slack="2147483647"/>
</pin_list>
<bind>
<opcode="store(28) " fcode="store"/>
<opset="store_ln82/1 "/>
</bind>
</comp>

<comp id="1213" class="1004" name="store_ln81_store_fu_1213">
<pin_list>
<pin id="1214" dir="0" index="0" bw="1" slack="0"/>
<pin id="1215" dir="0" index="1" bw="32" slack="0"/>
<pin id="1216" dir="1" index="2" bw="0" slack="2147483647"/>
</pin_list>
<bind>
<opcode="store(28) " fcode="store"/>
<opset="store_ln81/1 "/>
</bind>
</comp>

<comp id="1218" class="1004" name="indvar_flatten13_load_load_fu_1218">
<pin_list>
<pin id="1219" dir="0" index="0" bw="11" slack="1"/>
<pin id="1220" dir="1" index="1" bw="11" slack="0"/>
</pin_list>
<bind>
<opcode="load(27) " fcode="load"/>
<opset="indvar_flatten13_load/2 "/>
</bind>
</comp>

<comp id="1221" class="1004" name="indvar_flatten29_load_load_fu_1221">
<pin_list>
<pin id="1222" dir="0" index="0" bw="14" slack="1"/>
<pin id="1223" dir="1" index="1" bw="14" slack="0"/>
</pin_list>
<bind>
<opcode="load(27) " fcode="load"/>
<opset="indvar_flatten29_load/2 "/>
</bind>
</comp>

<comp id="1224" class="1004" name="icmp_ln79_fu_1224">
<pin_list>
<pin id="1225" dir="0" index="0" bw="14" slack="0"/>
<pin id="1226" dir="0" index="1" bw="14" slack="0"/>
<pin id="1227" dir="1" index="2" bw="1" slack="1"/>
</pin_list>
<bind>
<opcode="icmp(45) " fcode="icmp"/>
<opset="icmp_ln79/2 "/>
</bind>
</comp>

<comp id="1230" class="1004" name="add_ln79_fu_1230">
<pin_list>
<pin id="1231" dir="0" index="0" bw="14" slack="0"/>
<pin id="1232" dir="0" index="1" bw="1" slack="0"/>
<pin id="1233" dir="1" index="2" bw="14" slack="0"/>
</pin_list>
<bind>
<opcode="add(8) " fcode="add"/>
<opset="add_ln79/2 "/>
</bind>
</comp>

<comp id="1236" class="1004" name="ci_load_load_fu_1236">
<pin_list>
<pin id="1237" dir="0" index="0" bw="6" slack="1"/>
<pin id="1238" dir="1" index="1" bw="6" slack="0"/>
</pin_list>
<bind>
<opcode="load(27) " fcode="load"/>
<opset="ci_load/2 "/>
</bind>
</comp>

<comp id="1239" class="1004" name="ow_load_load_fu_1239">
<pin_list>
<pin id="1240" dir="0" index="0" bw="5" slack="1"/>
<pin id="1241" dir="1" index="1" bw="5" slack="0"/>
</pin_list>
<bind>
<opcode="load(27) " fcode="load"/>
<opset="ow_load/2 "/>
</bind>
</comp>

<comp id="1242" class="1004" name="oh_load_load_fu_1242">
<pin_list>
<pin id="1243" dir="0" index="0" bw="5" slack="1"/>
<pin id="1244" dir="1" index="1" bw="5" slack="0"/>
</pin_list>
<bind>
<opcode="load(27) " fcode="load"/>
<opset="oh_load/2 "/>
</bind>
</comp>

<comp id="1245" class="1004" name="icmp_ln80_fu_1245">
<pin_list>
<pin id="1246" dir="0" index="0" bw="11" slack="0"/>
<pin id="1247" dir="0" index="1" bw="11" slack="0"/>
<pin id="1248" dir="1" index="2" bw="1" slack="0"/>
</pin_list>
<bind>
<opcode="icmp(45) " fcode="icmp"/>
<opset="icmp_ln80/2 "/>
</bind>
</comp>

<comp id="1251" class="1004" name="select_ln79_fu_1251">
<pin_list>
<pin id="1252" dir="0" index="0" bw="1" slack="0"/>
<pin id="1253" dir="0" index="1" bw="1" slack="0"/>
<pin id="1254" dir="0" index="2" bw="5" slack="0"/>
<pin id="1255" dir="1" index="3" bw="5" slack="0"/>
</pin_list>
<bind>
<opcode="select(49) " fcode="select"/>
<opset="select_ln79/2 "/>
</bind>
</comp>

<comp id="1259" class="1004" name="add_ln86_fu_1259">
<pin_list>
<pin id="1260" dir="0" index="0" bw="5" slack="0"/>
<pin id="1261" dir="0" index="1" bw="3" slack="0"/>
<pin id="1262" dir="1" index="2" bw="5" slack="0"/>
</pin_list>
<bind>
<opcode="add(8) " fcode="add"/>
<opset="add_ln86/2 "/>
</bind>
</comp>

<comp id="1265" class="1004" name="add_ln86_2_fu_1265">
<pin_list>
<pin id="1266" dir="0" index="0" bw="5" slack="0"/>
<pin id="1267" dir="0" index="1" bw="1" slack="0"/>
<pin id="1268" dir="1" index="2" bw="5" slack="0"/>
</pin_list>
<bind>
<opcode="add(8) " fcode="add"/>
<opset="add_ln86_2/2 "/>
</bind>
</comp>

<comp id="1271" class="1004" name="select_ln79_1_fu_1271">
<pin_list>
<pin id="1272" dir="0" index="0" bw="1" slack="0"/>
<pin id="1273" dir="0" index="1" bw="5" slack="0"/>
<pin id="1274" dir="0" index="2" bw="5" slack="0"/>
<pin id="1275" dir="1" index="3" bw="5" slack="0"/>
</pin_list>
<bind>
<opcode="select(49) " fcode="select"/>
<opset="select_ln79_1/2 "/>
</bind>
</comp>

<comp id="1279" class="1004" name="add_ln86_3_fu_1279">
<pin_list>
<pin id="1280" dir="0" index="0" bw="5" slack="0"/>
<pin id="1281" dir="0" index="1" bw="1" slack="0"/>
<pin id="1282" dir="1" index="2" bw="5" slack="0"/>
</pin_list>
<bind>
<opcode="add(8) " fcode="add"/>
<opset="add_ln86_3/2 "/>
</bind>
</comp>

<comp id="1285" class="1004" name="select_ln79_2_fu_1285">
<pin_list>
<pin id="1286" dir="0" index="0" bw="1" slack="0"/>
<pin id="1287" dir="0" index="1" bw="1" slack="0"/>
<pin id="1288" dir="0" index="2" bw="5" slack="0"/>
<pin id="1289" dir="1" index="3" bw="5" slack="0"/>
</pin_list>
<bind>
<opcode="select(49) " fcode="select"/>
<opset="select_ln79_2/2 "/>
</bind>
</comp>

<comp id="1293" class="1004" name="xor_ln79_fu_1293">
<pin_list>
<pin id="1294" dir="0" index="0" bw="1" slack="0"/>
<pin id="1295" dir="0" index="1" bw="1" slack="0"/>
<pin id="1296" dir="1" index="2" bw="1" slack="0"/>
</pin_list>
<bind>
<opcode="xor(25) " fcode="xor"/>
<opset="xor_ln79/2 "/>
</bind>
</comp>

<comp id="1299" class="1004" name="icmp_ln82_fu_1299">
<pin_list>
<pin id="1300" dir="0" index="0" bw="6" slack="0"/>
<pin id="1301" dir="0" index="1" bw="6" slack="0"/>
<pin id="1302" dir="1" index="2" bw="1" slack="0"/>
</pin_list>
<bind>
<opcode="icmp(45) " fcode="icmp"/>
<opset="icmp_ln82/2 "/>
</bind>
</comp>

<comp id="1305" class="1004" name="and_ln79_fu_1305">
<pin_list>
<pin id="1306" dir="0" index="0" bw="1" slack="0"/>
<pin id="1307" dir="0" index="1" bw="1" slack="0"/>
<pin id="1308" dir="1" index="2" bw="1" slack="0"/>
</pin_list>
<bind>
<opcode="and(23) " fcode="and"/>
<opset="and_ln79/2 "/>
</bind>
</comp>

<comp id="1311" class="1004" name="select_ln79_3_fu_1311">
<pin_list>
<pin id="1312" dir="0" index="0" bw="1" slack="0"/>
<pin id="1313" dir="0" index="1" bw="5" slack="0"/>
<pin id="1314" dir="0" index="2" bw="5" slack="0"/>
<pin id="1315" dir="1" index="3" bw="5" slack="0"/>
</pin_list>
<bind>
<opcode="select(49) " fcode="select"/>
<opset="select_ln79_3/2 "/>
</bind>
</comp>

<comp id="1319" class="1004" name="add_ln86_4_fu_1319">
<pin_list>
<pin id="1320" dir="0" index="0" bw="5" slack="0"/>
<pin id="1321" dir="0" index="1" bw="1" slack="0"/>
<pin id="1322" dir="1" index="2" bw="5" slack="0"/>
</pin_list>
<bind>
<opcode="add(8) " fcode="add"/>
<opset="add_ln86_4/2 "/>
</bind>
</comp>

<comp id="1325" class="1004" name="empty_fu_1325">
<pin_list>
<pin id="1326" dir="0" index="0" bw="1" slack="0"/>
<pin id="1327" dir="0" index="1" bw="1" slack="0"/>
<pin id="1328" dir="1" index="2" bw="1" slack="0"/>
</pin_list>
<bind>
<opcode="or(24) " fcode="or"/>
<opset="empty/2 "/>
</bind>
</comp>

<comp id="1331" class="1004" name="ci_mid2_fu_1331">
<pin_list>
<pin id="1332" dir="0" index="0" bw="1" slack="0"/>
<pin id="1333" dir="0" index="1" bw="1" slack="0"/>
<pin id="1334" dir="0" index="2" bw="6" slack="0"/>
<pin id="1335" dir="1" index="3" bw="6" slack="0"/>
</pin_list>
<bind>
<opcode="select(49) " fcode="select"/>
<opset="ci_mid2/2 "/>
</bind>
</comp>

<comp id="1339" class="1004" name="add_ln86_5_fu_1339">
<pin_list>
<pin id="1340" dir="0" index="0" bw="5" slack="0"/>
<pin id="1341" dir="0" index="1" bw="3" slack="0"/>
<pin id="1342" dir="1" index="2" bw="5" slack="0"/>
</pin_list>
<bind>
<opcode="add(8) " fcode="add"/>
<opset="add_ln86_5/2 "/>
</bind>
</comp>

<comp id="1345" class="1004" name="add_ln86_2_mid2_fu_1345">
<pin_list>
<pin id="1346" dir="0" index="0" bw="1" slack="0"/>
<pin id="1347" dir="0" index="1" bw="5" slack="0"/>
<pin id="1348" dir="0" index="2" bw="5" slack="0"/>
<pin id="1349" dir="1" index="3" bw="5" slack="0"/>
</pin_list>
<bind>
<opcode="select(49) " fcode="select"/>
<opset="add_ln86_2_mid2/2 "/>
</bind>
</comp>

<comp id="1353" class="1004" name="select_ln80_fu_1353">
<pin_list>
<pin id="1354" dir="0" index="0" bw="1" slack="0"/>
<pin id="1355" dir="0" index="1" bw="5" slack="0"/>
<pin id="1356" dir="0" index="2" bw="5" slack="0"/>
<pin id="1357" dir="1" index="3" bw="5" slack="0"/>
</pin_list>
<bind>
<opcode="select(49) " fcode="select"/>
<opset="select_ln80/2 "/>
</bind>
</comp>

<comp id="1361" class="1004" name="trunc_ln94_fu_1361">
<pin_list>
<pin id="1362" dir="0" index="0" bw="5" slack="0"/>
<pin id="1363" dir="1" index="1" bw="4" slack="2"/>
</pin_list>
<bind>
<opcode="trunc(33) " fcode="trunc"/>
<opset="trunc_ln94/2 "/>
</bind>
</comp>

<comp id="1365" class="1004" name="tmp_5_fu_1365">
<pin_list>
<pin id="1366" dir="0" index="0" bw="1" slack="0"/>
<pin id="1367" dir="0" index="1" bw="5" slack="0"/>
<pin id="1368" dir="0" index="2" bw="4" slack="0"/>
<pin id="1369" dir="1" index="3" bw="1" slack="3"/>
</pin_list>
<bind>
<opcode="bitselect(1000) " fcode="bitselect"/>
<opset="tmp_5/2 "/>
</bind>
</comp>

<comp id="1373" class="1004" name="trunc_ln80_fu_1373">
<pin_list>
<pin id="1374" dir="0" index="0" bw="5" slack="0"/>
<pin id="1375" dir="1" index="1" bw="3" slack="2"/>
</pin_list>
<bind>
<opcode="trunc(33) " fcode="trunc"/>
<opset="trunc_ln80/2 "/>
</bind>
</comp>

<comp id="1377" class="1004" name="tmp_10_fu_1377">
<pin_list>
<pin id="1378" dir="0" index="0" bw="1" slack="0"/>
<pin id="1379" dir="0" index="1" bw="5" slack="0"/>
<pin id="1380" dir="0" index="2" bw="4" slack="0"/>
<pin id="1381" dir="1" index="3" bw="1" slack="2"/>
</pin_list>
<bind>
<opcode="bitselect(1000) " fcode="bitselect"/>
<opset="tmp_10/2 "/>
</bind>
</comp>

<comp id="1385" class="1004" name="tmp_14_fu_1385">
<pin_list>
<pin id="1386" dir="0" index="0" bw="1" slack="0"/>
<pin id="1387" dir="0" index="1" bw="5" slack="0"/>
<pin id="1388" dir="0" index="2" bw="3" slack="0"/>
<pin id="1389" dir="1" index="3" bw="1" slack="2"/>
</pin_list>
<bind>
<opcode="bitselect(1000) " fcode="bitselect"/>
<opset="tmp_14/2 "/>
</bind>
</comp>

<comp id="1393" class="1004" name="lshr_ln88_1_fu_1393">
<pin_list>
<pin id="1394" dir="0" index="0" bw="2" slack="0"/>
<pin id="1395" dir="0" index="1" bw="5" slack="0"/>
<pin id="1396" dir="0" index="2" bw="3" slack="0"/>
<pin id="1397" dir="0" index="3" bw="4" slack="0"/>
<pin id="1398" dir="1" index="4" bw="2" slack="2"/>
</pin_list>
<bind>
<opcode="partselect(1002) " fcode="partselect"/>
<opset="lshr_ln88_1/2 "/>
</bind>
</comp>

<comp id="1403" class="1004" name="zext_ln82_1_fu_1403">
<pin_list>
<pin id="1404" dir="0" index="0" bw="6" slack="0"/>
<pin id="1405" dir="1" index="1" bw="10" slack="0"/>
</pin_list>
<bind>
<opcode="zext(34) " fcode="zext"/>
<opset="zext_ln82_1/2 "/>
</bind>
</comp>

<comp id="1407" class="1004" name="trunc_ln88_fu_1407">
<pin_list>
<pin id="1408" dir="0" index="0" bw="6" slack="0"/>
<pin id="1409" dir="1" index="1" bw="5" slack="2"/>
</pin_list>
<bind>
<opcode="trunc(33) " fcode="trunc"/>
<opset="trunc_ln88/2 "/>
</bind>
</comp>

<comp id="1411" class="1004" name="tmp_15_fu_1411">
<pin_list>
<pin id="1412" dir="0" index="0" bw="9" slack="0"/>
<pin id="1413" dir="0" index="1" bw="6" slack="0"/>
<pin id="1414" dir="0" index="2" bw="1" slack="0"/>
<pin id="1415" dir="1" index="3" bw="9" slack="0"/>
</pin_list>
<bind>
<opcode="bitconcatenate(1004) " fcode="bitconcatenate"/>
<opset="tmp_15/2 "/>
</bind>
</comp>

<comp id="1419" class="1004" name="zext_ln89_19_fu_1419">
<pin_list>
<pin id="1420" dir="0" index="0" bw="9" slack="0"/>
<pin id="1421" dir="1" index="1" bw="10" slack="0"/>
</pin_list>
<bind>
<opcode="zext(34) " fcode="zext"/>
<opset="zext_ln89_19/2 "/>
</bind>
</comp>

<comp id="1423" class="1004" name="add_ln89_17_fu_1423">
<pin_list>
<pin id="1424" dir="0" index="0" bw="9" slack="0"/>
<pin id="1425" dir="0" index="1" bw="6" slack="0"/>
<pin id="1426" dir="1" index="2" bw="10" slack="0"/>
</pin_list>
<bind>
<opcode="add(8) " fcode="add"/>
<opset="add_ln89_17/2 "/>
</bind>
</comp>

<comp id="1429" class="1004" name="zext_ln89_9_fu_1429">
<pin_list>
<pin id="1430" dir="0" index="0" bw="10" slack="0"/>
<pin id="1431" dir="1" index="1" bw="15" slack="0"/>
</pin_list>
<bind>
<opcode="zext(34) " fcode="zext"/>
<opset="zext_ln89_9/2 "/>
</bind>
</comp>

<comp id="1433" class="1004" name="add_ln89_fu_1433">
<pin_list>
<pin id="1434" dir="0" index="0" bw="10" slack="0"/>
<pin id="1435" dir="0" index="1" bw="15" slack="1"/>
<pin id="1436" dir="1" index="2" bw="15" slack="0"/>
</pin_list>
<bind>
<opcode="add(8) " fcode="add"/>
<opset="add_ln89/2 "/>
</bind>
</comp>

<comp id="1438" class="1004" name="trunc_ln89_fu_1438">
<pin_list>
<pin id="1439" dir="0" index="0" bw="10" slack="0"/>
<pin id="1440" dir="1" index="1" bw="5" slack="1"/>
</pin_list>
<bind>
<opcode="trunc(33) " fcode="trunc"/>
<opset="trunc_ln89/2 "/>
</bind>
</comp>

<comp id="1442" class="1004" name="lshr_ln2_fu_1442">
<pin_list>
<pin id="1443" dir="0" index="0" bw="9" slack="0"/>
<pin id="1444" dir="0" index="1" bw="15" slack="0"/>
<pin id="1445" dir="0" index="2" bw="4" slack="0"/>
<pin id="1446" dir="0" index="3" bw="5" slack="0"/>
<pin id="1447" dir="1" index="4" bw="9" slack="0"/>
</pin_list>
<bind>
<opcode="partselect(1002) " fcode="partselect"/>
<opset="lshr_ln2/2 "/>
</bind>
</comp>

<comp id="1452" class="1004" name="zext_ln89_fu_1452">
<pin_list>
<pin id="1453" dir="0" index="0" bw="9" slack="0"/>
<pin id="1454" dir="1" index="1" bw="64" slack="0"/>
</pin_list>
<bind>
<opcode="zext(34) " fcode="zext"/>
<opset="zext_ln89/2 "/>
</bind>
</comp>

<comp id="1458" class="1004" name="tmp_16_fu_1458">
<pin_list>
<pin id="1459" dir="0" index="0" bw="1" slack="0"/>
<pin id="1460" dir="0" index="1" bw="15" slack="0"/>
<pin id="1461" dir="0" index="2" bw="4" slack="0"/>
<pin id="1462" dir="1" index="3" bw="1" slack="1"/>
</pin_list>
<bind>
<opcode="bitselect(1000) " fcode="bitselect"/>
<opset="tmp_16/2 "/>
</bind>
</comp>

<comp id="1466" class="1004" name="add_ln89_1_fu_1466">
<pin_list>
<pin id="1467" dir="0" index="0" bw="15" slack="0"/>
<pin id="1468" dir="0" index="1" bw="1" slack="0"/>
<pin id="1469" dir="1" index="2" bw="15" slack="0"/>
</pin_list>
<bind>
<opcode="add(8) " fcode="add"/>
<opset="add_ln89_1/2 "/>
</bind>
</comp>

<comp id="1472" class="1004" name="lshr_ln89_2_fu_1472">
<pin_list>
<pin id="1473" dir="0" index="0" bw="9" slack="0"/>
<pin id="1474" dir="0" index="1" bw="15" slack="0"/>
<pin id="1475" dir="0" index="2" bw="4" slack="0"/>
<pin id="1476" dir="0" index="3" bw="5" slack="0"/>
<pin id="1477" dir="1" index="4" bw="9" slack="0"/>
</pin_list>
<bind>
<opcode="partselect(1002) " fcode="partselect"/>
<opset="lshr_ln89_2/2 "/>
</bind>
</comp>

<comp id="1482" class="1004" name="zext_ln89_1_fu_1482">
<pin_list>
<pin id="1483" dir="0" index="0" bw="9" slack="0"/>
<pin id="1484" dir="1" index="1" bw="64" slack="0"/>
</pin_list>
<bind>
<opcode="zext(34) " fcode="zext"/>
<opset="zext_ln89_1/2 "/>
</bind>
</comp>

<comp id="1488" class="1004" name="tmp_17_fu_1488">
<pin_list>
<pin id="1489" dir="0" index="0" bw="1" slack="0"/>
<pin id="1490" dir="0" index="1" bw="15" slack="0"/>
<pin id="1491" dir="0" index="2" bw="4" slack="0"/>
<pin id="1492" dir="1" index="3" bw="1" slack="1"/>
</pin_list>
<bind>
<opcode="bitselect(1000) " fcode="bitselect"/>
<opset="tmp_17/2 "/>
</bind>
</comp>

<comp id="1496" class="1004" name="add_ln82_fu_1496">
<pin_list>
<pin id="1497" dir="0" index="0" bw="6" slack="0"/>
<pin id="1498" dir="0" index="1" bw="1" slack="0"/>
<pin id="1499" dir="1" index="2" bw="6" slack="0"/>
</pin_list>
<bind>
<opcode="add(8) " fcode="add"/>
<opset="add_ln82/2 "/>
</bind>
</comp>

<comp id="1502" class="1004" name="icmp_ln82_1_fu_1502">
<pin_list>
<pin id="1503" dir="0" index="0" bw="6" slack="0"/>
<pin id="1504" dir="0" index="1" bw="6" slack="0"/>
<pin id="1505" dir="1" index="2" bw="1" slack="8"/>
</pin_list>
<bind>
<opcode="icmp(45) " fcode="icmp"/>
<opset="icmp_ln82_1/2 "/>
</bind>
</comp>

<comp id="1508" class="1004" name="add_ln94_fu_1508">
<pin_list>
<pin id="1509" dir="0" index="0" bw="5" slack="0"/>
<pin id="1510" dir="0" index="1" bw="5" slack="0"/>
<pin id="1511" dir="1" index="2" bw="5" slack="0"/>
</pin_list>
<bind>
<opcode="add(8) " fcode="add"/>
<opset="add_ln94/2 "/>
</bind>
</comp>

<comp id="1514" class="1004" name="grp_fu_1514">
<pin_list>
<pin id="1515" dir="0" index="0" bw="5" slack="0"/>
<pin id="1516" dir="0" index="1" bw="4" slack="0"/>
<pin id="1517" dir="1" index="2" bw="3" slack="0"/>
</pin_list>
<bind>
<opcode="urem(17) " fcode="urem"/>
<opset="urem_ln94/2 "/>
</bind>
</comp>

<comp id="1520" class="1004" name="add_ln80_fu_1520">
<pin_list>
<pin id="1521" dir="0" index="0" bw="11" slack="0"/>
<pin id="1522" dir="0" index="1" bw="1" slack="0"/>
<pin id="1523" dir="1" index="2" bw="11" slack="0"/>
</pin_list>
<bind>
<opcode="add(8) " fcode="add"/>
<opset="add_ln80/2 "/>
</bind>
</comp>

<comp id="1526" class="1004" name="select_ln80_1_fu_1526">
<pin_list>
<pin id="1527" dir="0" index="0" bw="1" slack="0"/>
<pin id="1528" dir="0" index="1" bw="1" slack="0"/>
<pin id="1529" dir="0" index="2" bw="11" slack="0"/>
<pin id="1530" dir="1" index="3" bw="11" slack="0"/>
</pin_list>
<bind>
<opcode="select(49) " fcode="select"/>
<opset="select_ln80_1/2 "/>
</bind>
</comp>

<comp id="1534" class="1004" name="store_ln79_store_fu_1534">
<pin_list>
<pin id="1535" dir="0" index="0" bw="14" slack="0"/>
<pin id="1536" dir="0" index="1" bw="14" slack="1"/>
<pin id="1537" dir="1" index="2" bw="0" slack="2147483647"/>
</pin_list>
<bind>
<opcode="store(28) " fcode="store"/>
<opset="store_ln79/2 "/>
</bind>
</comp>

<comp id="1539" class="1004" name="store_ln79_store_fu_1539">
<pin_list>
<pin id="1540" dir="0" index="0" bw="5" slack="0"/>
<pin id="1541" dir="0" index="1" bw="5" slack="1"/>
<pin id="1542" dir="1" index="2" bw="0" slack="2147483647"/>
</pin_list>
<bind>
<opcode="store(28) " fcode="store"/>
<opset="store_ln79/2 "/>
</bind>
</comp>

<comp id="1544" class="1004" name="store_ln80_store_fu_1544">
<pin_list>
<pin id="1545" dir="0" index="0" bw="11" slack="0"/>
<pin id="1546" dir="0" index="1" bw="11" slack="1"/>
<pin id="1547" dir="1" index="2" bw="0" slack="2147483647"/>
</pin_list>
<bind>
<opcode="store(28) " fcode="store"/>
<opset="store_ln80/2 "/>
</bind>
</comp>

<comp id="1549" class="1004" name="store_ln82_store_fu_1549">
<pin_list>
<pin id="1550" dir="0" index="0" bw="6" slack="0"/>
<pin id="1551" dir="0" index="1" bw="6" slack="1"/>
<pin id="1552" dir="1" index="2" bw="0" slack="2147483647"/>
</pin_list>
<bind>
<opcode="store(28) " fcode="store"/>
<opset="store_ln82/2 "/>
</bind>
</comp>

<comp id="1554" class="1004" name="select_ln89_fu_1554">
<pin_list>
<pin id="1555" dir="0" index="0" bw="1" slack="1"/>
<pin id="1556" dir="0" index="1" bw="32" slack="0"/>
<pin id="1557" dir="0" index="2" bw="32" slack="0"/>
<pin id="1558" dir="1" index="3" bw="32" slack="0"/>
</pin_list>
<bind>
<opcode="select(49) " fcode="select"/>
<opset="select_ln89/3 "/>
</bind>
</comp>

<comp id="1561" class="1004" name="zext_ln89_10_fu_1561">
<pin_list>
<pin id="1562" dir="0" index="0" bw="5" slack="1"/>
<pin id="1563" dir="1" index="1" bw="32" slack="0"/>
</pin_list>
<bind>
<opcode="zext(34) " fcode="zext"/>
<opset="zext_ln89_10/3 "/>
</bind>
</comp>

<comp id="1564" class="1004" name="lshr_ln89_fu_1564">
<pin_list>
<pin id="1565" dir="0" index="0" bw="32" slack="0"/>
<pin id="1566" dir="0" index="1" bw="5" slack="0"/>
<pin id="1567" dir="1" index="2" bw="32" slack="5"/>
</pin_list>
<bind>
<opcode="lshr(21) " fcode="lshr"/>
<opset="lshr_ln89/3 "/>
</bind>
</comp>

<comp id="1570" class="1004" name="select_ln89_1_fu_1570">
<pin_list>
<pin id="1571" dir="0" index="0" bw="1" slack="1"/>
<pin id="1572" dir="0" index="1" bw="32" slack="0"/>
<pin id="1573" dir="0" index="2" bw="32" slack="0"/>
<pin id="1574" dir="1" index="3" bw="32" slack="0"/>
</pin_list>
<bind>
<opcode="select(49) " fcode="select"/>
<opset="select_ln89_1/3 "/>
</bind>
</comp>

<comp id="1577" class="1004" name="add_ln89_2_fu_1577">
<pin_list>
<pin id="1578" dir="0" index="0" bw="5" slack="1"/>
<pin id="1579" dir="0" index="1" bw="1" slack="0"/>
<pin id="1580" dir="1" index="2" bw="5" slack="0"/>
</pin_list>
<bind>
<opcode="add(8) " fcode="add"/>
<opset="add_ln89_2/3 "/>
</bind>
</comp>

<comp id="1582" class="1004" name="zext_ln89_11_fu_1582">
<pin_list>
<pin id="1583" dir="0" index="0" bw="5" slack="0"/>
<pin id="1584" dir="1" index="1" bw="32" slack="0"/>
</pin_list>
<bind>
<opcode="zext(34) " fcode="zext"/>
<opset="zext_ln89_11/3 "/>
</bind>
</comp>

<comp id="1586" class="1004" name="lshr_ln89_1_fu_1586">
<pin_list>
<pin id="1587" dir="0" index="0" bw="32" slack="0"/>
<pin id="1588" dir="0" index="1" bw="5" slack="0"/>
<pin id="1589" dir="1" index="2" bw="32" slack="5"/>
</pin_list>
<bind>
<opcode="lshr(21) " fcode="lshr"/>
<opset="lshr_ln89_1/3 "/>
</bind>
</comp>

<comp id="1592" class="1004" name="add_ln89_3_fu_1592">
<pin_list>
<pin id="1593" dir="0" index="0" bw="15" slack="1"/>
<pin id="1594" dir="0" index="1" bw="3" slack="0"/>
<pin id="1595" dir="1" index="2" bw="15" slack="0"/>
</pin_list>
<bind>
<opcode="add(8) " fcode="add"/>
<opset="add_ln89_3/3 "/>
</bind>
</comp>

<comp id="1597" class="1004" name="lshr_ln89_4_fu_1597">
<pin_list>
<pin id="1598" dir="0" index="0" bw="9" slack="0"/>
<pin id="1599" dir="0" index="1" bw="15" slack="0"/>
<pin id="1600" dir="0" index="2" bw="4" slack="0"/>
<pin id="1601" dir="0" index="3" bw="5" slack="0"/>
<pin id="1602" dir="1" index="4" bw="9" slack="0"/>
</pin_list>
<bind>
<opcode="partselect(1002) " fcode="partselect"/>
<opset="lshr_ln89_4/3 "/>
</bind>
</comp>

<comp id="1607" class="1004" name="zext_ln89_2_fu_1607">
<pin_list>
<pin id="1608" dir="0" index="0" bw="9" slack="0"/>
<pin id="1609" dir="1" index="1" bw="64" slack="0"/>
</pin_list>
<bind>
<opcode="zext(34) " fcode="zext"/>
<opset="zext_ln89_2/3 "/>
</bind>
</comp>

<comp id="1613" class="1004" name="tmp_18_fu_1613">
<pin_list>
<pin id="1614" dir="0" index="0" bw="1" slack="0"/>
<pin id="1615" dir="0" index="1" bw="15" slack="0"/>
<pin id="1616" dir="0" index="2" bw="4" slack="0"/>
<pin id="1617" dir="1" index="3" bw="1" slack="1"/>
</pin_list>
<bind>
<opcode="bitselect(1000) " fcode="bitselect"/>
<opset="tmp_18/3 "/>
</bind>
</comp>

<comp id="1621" class="1004" name="add_ln89_5_fu_1621">
<pin_list>
<pin id="1622" dir="0" index="0" bw="15" slack="1"/>
<pin id="1623" dir="0" index="1" bw="3" slack="0"/>
<pin id="1624" dir="1" index="2" bw="15" slack="0"/>
</pin_list>
<bind>
<opcode="add(8) " fcode="add"/>
<opset="add_ln89_5/3 "/>
</bind>
</comp>

<comp id="1626" class="1004" name="lshr_ln89_6_fu_1626">
<pin_list>
<pin id="1627" dir="0" index="0" bw="9" slack="0"/>
<pin id="1628" dir="0" index="1" bw="15" slack="0"/>
<pin id="1629" dir="0" index="2" bw="4" slack="0"/>
<pin id="1630" dir="0" index="3" bw="5" slack="0"/>
<pin id="1631" dir="1" index="4" bw="9" slack="0"/>
</pin_list>
<bind>
<opcode="partselect(1002) " fcode="partselect"/>
<opset="lshr_ln89_6/3 "/>
</bind>
</comp>

<comp id="1636" class="1004" name="zext_ln89_3_fu_1636">
<pin_list>
<pin id="1637" dir="0" index="0" bw="9" slack="0"/>
<pin id="1638" dir="1" index="1" bw="64" slack="0"/>
</pin_list>
<bind>
<opcode="zext(34) " fcode="zext"/>
<opset="zext_ln89_3/3 "/>
</bind>
</comp>

<comp id="1642" class="1004" name="tmp_19_fu_1642">
<pin_list>
<pin id="1643" dir="0" index="0" bw="1" slack="0"/>
<pin id="1644" dir="0" index="1" bw="15" slack="0"/>
<pin id="1645" dir="0" index="2" bw="4" slack="0"/>
<pin id="1646" dir="1" index="3" bw="1" slack="1"/>
</pin_list>
<bind>
<opcode="bitselect(1000) " fcode="bitselect"/>
<opset="tmp_19/3 "/>
</bind>
</comp>

<comp id="1650" class="1004" name="zext_ln82_fu_1650">
<pin_list>
<pin id="1651" dir="0" index="0" bw="2" slack="2"/>
<pin id="1652" dir="1" index="1" bw="10" slack="0"/>
</pin_list>
<bind>
<opcode="zext(34) " fcode="zext"/>
<opset="zext_ln82/4 "/>
</bind>
</comp>

<comp id="1653" class="1004" name="select_ln89_2_fu_1653">
<pin_list>
<pin id="1654" dir="0" index="0" bw="1" slack="1"/>
<pin id="1655" dir="0" index="1" bw="32" slack="0"/>
<pin id="1656" dir="0" index="2" bw="32" slack="0"/>
<pin id="1657" dir="1" index="3" bw="32" slack="0"/>
</pin_list>
<bind>
<opcode="select(49) " fcode="select"/>
<opset="select_ln89_2/4 "/>
</bind>
</comp>

<comp id="1660" class="1004" name="add_ln89_4_fu_1660">
<pin_list>
<pin id="1661" dir="0" index="0" bw="5" slack="2"/>
<pin id="1662" dir="0" index="1" bw="3" slack="0"/>
<pin id="1663" dir="1" index="2" bw="5" slack="0"/>
</pin_list>
<bind>
<opcode="add(8) " fcode="add"/>
<opset="add_ln89_4/4 "/>
</bind>
</comp>

<comp id="1665" class="1004" name="zext_ln89_12_fu_1665">
<pin_list>
<pin id="1666" dir="0" index="0" bw="5" slack="0"/>
<pin id="1667" dir="1" index="1" bw="32" slack="0"/>
</pin_list>
<bind>
<opcode="zext(34) " fcode="zext"/>
<opset="zext_ln89_12/4 "/>
</bind>
</comp>

<comp id="1669" class="1004" name="lshr_ln89_3_fu_1669">
<pin_list>
<pin id="1670" dir="0" index="0" bw="32" slack="0"/>
<pin id="1671" dir="0" index="1" bw="5" slack="0"/>
<pin id="1672" dir="1" index="2" bw="32" slack="5"/>
</pin_list>
<bind>
<opcode="lshr(21) " fcode="lshr"/>
<opset="lshr_ln89_3/4 "/>
</bind>
</comp>

<comp id="1675" class="1004" name="select_ln89_3_fu_1675">
<pin_list>
<pin id="1676" dir="0" index="0" bw="1" slack="1"/>
<pin id="1677" dir="0" index="1" bw="32" slack="0"/>
<pin id="1678" dir="0" index="2" bw="32" slack="0"/>
<pin id="1679" dir="1" index="3" bw="32" slack="0"/>
</pin_list>
<bind>
<opcode="select(49) " fcode="select"/>
<opset="select_ln89_3/4 "/>
</bind>
</comp>

<comp id="1682" class="1004" name="add_ln89_6_fu_1682">
<pin_list>
<pin id="1683" dir="0" index="0" bw="5" slack="2"/>
<pin id="1684" dir="0" index="1" bw="3" slack="0"/>
<pin id="1685" dir="1" index="2" bw="5" slack="0"/>
</pin_list>
<bind>
<opcode="add(8) " fcode="add"/>
<opset="add_ln89_6/4 "/>
</bind>
</comp>

<comp id="1687" class="1004" name="zext_ln89_13_fu_1687">
<pin_list>
<pin id="1688" dir="0" index="0" bw="5" slack="0"/>
<pin id="1689" dir="1" index="1" bw="32" slack="0"/>
</pin_list>
<bind>
<opcode="zext(34) " fcode="zext"/>
<opset="zext_ln89_13/4 "/>
</bind>
</comp>

<comp id="1691" class="1004" name="lshr_ln89_5_fu_1691">
<pin_list>
<pin id="1692" dir="0" index="0" bw="32" slack="0"/>
<pin id="1693" dir="0" index="1" bw="5" slack="0"/>
<pin id="1694" dir="1" index="2" bw="32" slack="5"/>
</pin_list>
<bind>
<opcode="lshr(21) " fcode="lshr"/>
<opset="lshr_ln89_5/4 "/>
</bind>
</comp>

<comp id="1697" class="1004" name="add_ln88_9_fu_1697">
<pin_list>
<pin id="1698" dir="0" index="0" bw="10" slack="0"/>
<pin id="1699" dir="0" index="1" bw="5" slack="2"/>
<pin id="1700" dir="0" index="2" bw="4" slack="2"/>
<pin id="1701" dir="0" index="3" bw="1" slack="0"/>
<pin id="1702" dir="1" index="4" bw="10" slack="0"/>
</pin_list>
<bind>
<opcode="bitconcatenate(1004) " fcode="bitconcatenate"/>
<opset="add_ln88_9/4 "/>
</bind>
</comp>

<comp id="1705" class="1004" name="add_ln88_s_fu_1705">
<pin_list>
<pin id="1706" dir="0" index="0" bw="10" slack="0"/>
<pin id="1707" dir="0" index="1" bw="5" slack="2"/>
<pin id="1708" dir="0" index="2" bw="4" slack="2"/>
<pin id="1709" dir="0" index="3" bw="1" slack="2"/>
<pin id="1710" dir="1" index="4" bw="10" slack="0"/>
</pin_list>
<bind>
<opcode="bitconcatenate(1004) " fcode="bitconcatenate"/>
<opset="add_ln88_s/4 "/>
</bind>
</comp>

<comp id="1712" class="1004" name="zext_ln88_5_fu_1712">
<pin_list>
<pin id="1713" dir="0" index="0" bw="10" slack="0"/>
<pin id="1714" dir="1" index="1" bw="64" slack="0"/>
</pin_list>
<bind>
<opcode="zext(34) " fcode="zext"/>
<opset="zext_ln88_5/4 "/>
</bind>
</comp>

<comp id="1724" class="1004" name="add_ln89_7_fu_1724">
<pin_list>
<pin id="1725" dir="0" index="0" bw="15" slack="2"/>
<pin id="1726" dir="0" index="1" bw="4" slack="0"/>
<pin id="1727" dir="1" index="2" bw="15" slack="0"/>
</pin_list>
<bind>
<opcode="add(8) " fcode="add"/>
<opset="add_ln89_7/4 "/>
</bind>
</comp>

<comp id="1729" class="1004" name="lshr_ln89_8_fu_1729">
<pin_list>
<pin id="1730" dir="0" index="0" bw="9" slack="0"/>
<pin id="1731" dir="0" index="1" bw="15" slack="0"/>
<pin id="1732" dir="0" index="2" bw="4" slack="0"/>
<pin id="1733" dir="0" index="3" bw="5" slack="0"/>
<pin id="1734" dir="1" index="4" bw="9" slack="0"/>
</pin_list>
<bind>
<opcode="partselect(1002) " fcode="partselect"/>
<opset="lshr_ln89_8/4 "/>
</bind>
</comp>

<comp id="1739" class="1004" name="zext_ln89_4_fu_1739">
<pin_list>
<pin id="1740" dir="0" index="0" bw="9" slack="0"/>
<pin id="1741" dir="1" index="1" bw="64" slack="0"/>
</pin_list>
<bind>
<opcode="zext(34) " fcode="zext"/>
<opset="zext_ln89_4/4 "/>
</bind>
</comp>

<comp id="1745" class="1004" name="tmp_20_fu_1745">
<pin_list>
<pin id="1746" dir="0" index="0" bw="1" slack="0"/>
<pin id="1747" dir="0" index="1" bw="15" slack="0"/>
<pin id="1748" dir="0" index="2" bw="4" slack="0"/>
<pin id="1749" dir="1" index="3" bw="1" slack="1"/>
</pin_list>
<bind>
<opcode="bitselect(1000) " fcode="bitselect"/>
<opset="tmp_20/4 "/>
</bind>
</comp>

<comp id="1753" class="1004" name="add_ln88_7_fu_1753">
<pin_list>
<pin id="1754" dir="0" index="0" bw="10" slack="0"/>
<pin id="1755" dir="0" index="1" bw="2" slack="0"/>
<pin id="1756" dir="1" index="2" bw="10" slack="0"/>
</pin_list>
<bind>
<opcode="add(8) " fcode="add"/>
<opset="add_ln88_7/4 "/>
</bind>
</comp>

<comp id="1759" class="1004" name="zext_ln88_6_fu_1759">
<pin_list>
<pin id="1760" dir="0" index="0" bw="10" slack="0"/>
<pin id="1761" dir="1" index="1" bw="64" slack="0"/>
</pin_list>
<bind>
<opcode="zext(34) " fcode="zext"/>
<opset="zext_ln88_6/4 "/>
</bind>
</comp>

<comp id="1771" class="1004" name="add_ln89_9_fu_1771">
<pin_list>
<pin id="1772" dir="0" index="0" bw="15" slack="2"/>
<pin id="1773" dir="0" index="1" bw="4" slack="0"/>
<pin id="1774" dir="1" index="2" bw="15" slack="0"/>
</pin_list>
<bind>
<opcode="add(8) " fcode="add"/>
<opset="add_ln89_9/4 "/>
</bind>
</comp>

<comp id="1776" class="1004" name="lshr_ln89_s_fu_1776">
<pin_list>
<pin id="1777" dir="0" index="0" bw="9" slack="0"/>
<pin id="1778" dir="0" index="1" bw="15" slack="0"/>
<pin id="1779" dir="0" index="2" bw="4" slack="0"/>
<pin id="1780" dir="0" index="3" bw="5" slack="0"/>
<pin id="1781" dir="1" index="4" bw="9" slack="0"/>
</pin_list>
<bind>
<opcode="partselect(1002) " fcode="partselect"/>
<opset="lshr_ln89_s/4 "/>
</bind>
</comp>

<comp id="1786" class="1004" name="zext_ln89_5_fu_1786">
<pin_list>
<pin id="1787" dir="0" index="0" bw="9" slack="0"/>
<pin id="1788" dir="1" index="1" bw="64" slack="0"/>
</pin_list>
<bind>
<opcode="zext(34) " fcode="zext"/>
<opset="zext_ln89_5/4 "/>
</bind>
</comp>

<comp id="1792" class="1004" name="tmp_21_fu_1792">
<pin_list>
<pin id="1793" dir="0" index="0" bw="1" slack="0"/>
<pin id="1794" dir="0" index="1" bw="15" slack="0"/>
<pin id="1795" dir="0" index="2" bw="4" slack="0"/>
<pin id="1796" dir="1" index="3" bw="1" slack="1"/>
</pin_list>
<bind>
<opcode="bitselect(1000) " fcode="bitselect"/>
<opset="tmp_21/4 "/>
</bind>
</comp>

<comp id="1800" class="1004" name="zext_ln87_fu_1800">
<pin_list>
<pin id="1801" dir="0" index="0" bw="5" slack="3"/>
<pin id="1802" dir="1" index="1" bw="8" slack="0"/>
</pin_list>
<bind>
<opcode="zext(34) " fcode="zext"/>
<opset="zext_ln87/5 "/>
</bind>
</comp>

<comp id="1803" class="1004" name="shl_ln3_fu_1803">
<pin_list>
<pin id="1804" dir="0" index="0" bw="8" slack="0"/>
<pin id="1805" dir="0" index="1" bw="4" slack="3"/>
<pin id="1806" dir="0" index="2" bw="1" slack="0"/>
<pin id="1807" dir="1" index="3" bw="8" slack="0"/>
</pin_list>
<bind>
<opcode="bitconcatenate(1004) " fcode="bitconcatenate"/>
<opset="shl_ln3/5 "/>
</bind>
</comp>

<comp id="1810" class="1004" name="zext_ln86_fu_1810">
<pin_list>
<pin id="1811" dir="0" index="0" bw="8" slack="0"/>
<pin id="1812" dir="1" index="1" bw="9" slack="0"/>
</pin_list>
<bind>
<opcode="zext(34) " fcode="zext"/>
<opset="zext_ln86/5 "/>
</bind>
</comp>

<comp id="1814" class="1004" name="shl_ln88_fu_1814">
<pin_list>
<pin id="1815" dir="0" index="0" bw="5" slack="3"/>
<pin id="1816" dir="0" index="1" bw="1" slack="0"/>
<pin id="1817" dir="1" index="2" bw="5" slack="0"/>
</pin_list>
<bind>
<opcode="shl(20) " fcode="shl"/>
<opset="shl_ln88/5 "/>
</bind>
</comp>

<comp id="1819" class="1004" name="zext_ln88_fu_1819">
<pin_list>
<pin id="1820" dir="0" index="0" bw="5" slack="0"/>
<pin id="1821" dir="1" index="1" bw="6" slack="0"/>
</pin_list>
<bind>
<opcode="zext(34) " fcode="zext"/>
<opset="zext_ln88/5 "/>
</bind>
</comp>

<comp id="1823" class="1004" name="add_ln88_fu_1823">
<pin_list>
<pin id="1824" dir="0" index="0" bw="5" slack="0"/>
<pin id="1825" dir="0" index="1" bw="3" slack="0"/>
<pin id="1826" dir="1" index="2" bw="6" slack="0"/>
</pin_list>
<bind>
<opcode="add(8) " fcode="add"/>
<opset="add_ln88/5 "/>
</bind>
</comp>

<comp id="1829" class="1004" name="zext_ln94_fu_1829">
<pin_list>
<pin id="1830" dir="0" index="0" bw="6" slack="0"/>
<pin id="1831" dir="1" index="1" bw="10" slack="0"/>
</pin_list>
<bind>
<opcode="zext(34) " fcode="zext"/>
<opset="zext_ln94/5 "/>
</bind>
</comp>

<comp id="1833" class="1004" name="sub_ln87_fu_1833">
<pin_list>
<pin id="1834" dir="0" index="0" bw="8" slack="0"/>
<pin id="1835" dir="0" index="1" bw="5" slack="0"/>
<pin id="1836" dir="1" index="2" bw="8" slack="0"/>
</pin_list>
<bind>
<opcode="sub(10) " fcode="sub"/>
<opset="sub_ln87/5 "/>
</bind>
</comp>

<comp id="1839" class="1004" name="add_ln86_1_fu_1839">
<pin_list>
<pin id="1840" dir="0" index="0" bw="5" slack="3"/>
<pin id="1841" dir="0" index="1" bw="1" slack="0"/>
<pin id="1842" dir="1" index="2" bw="5" slack="0"/>
</pin_list>
<bind>
<opcode="add(8) " fcode="add"/>
<opset="add_ln86_1/5 "/>
</bind>
</comp>

<comp id="1844" class="1004" name="sext_ln87_fu_1844">
<pin_list>
<pin id="1845" dir="0" index="0" bw="5" slack="0"/>
<pin id="1846" dir="1" index="1" bw="9" slack="0"/>
</pin_list>
<bind>
<opcode="sext(35) " fcode="sext"/>
<opset="sext_ln87/5 "/>
</bind>
</comp>

<comp id="1848" class="1004" name="tmp_9_fu_1848">
<pin_list>
<pin id="1849" dir="0" index="0" bw="1" slack="0"/>
<pin id="1850" dir="0" index="1" bw="5" slack="0"/>
<pin id="1851" dir="0" index="2" bw="4" slack="0"/>
<pin id="1852" dir="1" index="3" bw="1" slack="2"/>
</pin_list>
<bind>
<opcode="bitselect(1000) " fcode="bitselect"/>
<opset="tmp_9/5 "/>
</bind>
</comp>

<comp id="1856" class="1004" name="shl_ln88_2_fu_1856">
<pin_list>
<pin id="1857" dir="0" index="0" bw="10" slack="0"/>
<pin id="1858" dir="0" index="1" bw="5" slack="3"/>
<pin id="1859" dir="0" index="2" bw="1" slack="0"/>
<pin id="1860" dir="1" index="3" bw="10" slack="0"/>
</pin_list>
<bind>
<opcode="bitconcatenate(1004) " fcode="bitconcatenate"/>
<opset="shl_ln88_2/5 "/>
</bind>
</comp>

<comp id="1863" class="1004" name="a_4_fu_1863">
<pin_list>
<pin id="1864" dir="0" index="0" bw="1" slack="0"/>
<pin id="1865" dir="0" index="1" bw="3" slack="0"/>
<pin id="1866" dir="0" index="2" bw="1" slack="0"/>
<pin id="1867" dir="0" index="3" bw="3" slack="0"/>
<pin id="1868" dir="0" index="4" bw="1" slack="0"/>
<pin id="1869" dir="0" index="5" bw="3" slack="0"/>
<pin id="1870" dir="0" index="6" bw="1" slack="0"/>
<pin id="1871" dir="0" index="7" bw="3" slack="0"/>
<pin id="1872" dir="0" index="8" bw="1" slack="0"/>
<pin id="1873" dir="0" index="9" bw="3" slack="0"/>
<pin id="1874" dir="0" index="10" bw="1" slack="0"/>
<pin id="1875" dir="0" index="11" bw="3" slack="0"/>
<pin id="1876" dir="0" index="12" bw="1" slack="0"/>
<pin id="1877" dir="0" index="13" bw="3" slack="0"/>
<pin id="1878" dir="0" index="14" bw="1" slack="0"/>
<pin id="1879" dir="0" index="15" bw="3" slack="0"/>
<pin id="1880" dir="0" index="16" bw="1" slack="0"/>
<pin id="1881" dir="0" index="17" bw="1" slack="0"/>
<pin id="1882" dir="0" index="18" bw="3" slack="3"/>
<pin id="1883" dir="1" index="19" bw="1" slack="4"/>
</pin_list>
<bind>
<opcode="sparsemux(1197) " fcode="sparsemux"/>
<opset="a_4/5 "/>
</bind>
</comp>

<comp id="1902" class="1004" name="select_ln89_4_fu_1902">
<pin_list>
<pin id="1903" dir="0" index="0" bw="1" slack="1"/>
<pin id="1904" dir="0" index="1" bw="32" slack="0"/>
<pin id="1905" dir="0" index="2" bw="32" slack="0"/>
<pin id="1906" dir="1" index="3" bw="32" slack="0"/>
</pin_list>
<bind>
<opcode="select(49) " fcode="select"/>
<opset="select_ln89_4/5 "/>
</bind>
</comp>

<comp id="1909" class="1004" name="add_ln89_8_fu_1909">
<pin_list>
<pin id="1910" dir="0" index="0" bw="5" slack="3"/>
<pin id="1911" dir="0" index="1" bw="4" slack="0"/>
<pin id="1912" dir="1" index="2" bw="5" slack="0"/>
</pin_list>
<bind>
<opcode="add(8) " fcode="add"/>
<opset="add_ln89_8/5 "/>
</bind>
</comp>

<comp id="1914" class="1004" name="zext_ln89_14_fu_1914">
<pin_list>
<pin id="1915" dir="0" index="0" bw="5" slack="0"/>
<pin id="1916" dir="1" index="1" bw="32" slack="0"/>
</pin_list>
<bind>
<opcode="zext(34) " fcode="zext"/>
<opset="zext_ln89_14/5 "/>
</bind>
</comp>

<comp id="1918" class="1004" name="lshr_ln89_7_fu_1918">
<pin_list>
<pin id="1919" dir="0" index="0" bw="32" slack="0"/>
<pin id="1920" dir="0" index="1" bw="5" slack="0"/>
<pin id="1921" dir="1" index="2" bw="32" slack="4"/>
</pin_list>
<bind>
<opcode="lshr(21) " fcode="lshr"/>
<opset="lshr_ln89_7/5 "/>
</bind>
</comp>

<comp id="1924" class="1004" name="a_5_fu_1924">
<pin_list>
<pin id="1925" dir="0" index="0" bw="1" slack="0"/>
<pin id="1926" dir="0" index="1" bw="3" slack="0"/>
<pin id="1927" dir="0" index="2" bw="1" slack="0"/>
<pin id="1928" dir="0" index="3" bw="3" slack="0"/>
<pin id="1929" dir="0" index="4" bw="1" slack="0"/>
<pin id="1930" dir="0" index="5" bw="3" slack="0"/>
<pin id="1931" dir="0" index="6" bw="1" slack="0"/>
<pin id="1932" dir="0" index="7" bw="3" slack="0"/>
<pin id="1933" dir="0" index="8" bw="1" slack="0"/>
<pin id="1934" dir="0" index="9" bw="3" slack="0"/>
<pin id="1935" dir="0" index="10" bw="1" slack="0"/>
<pin id="1936" dir="0" index="11" bw="3" slack="0"/>
<pin id="1937" dir="0" index="12" bw="1" slack="0"/>
<pin id="1938" dir="0" index="13" bw="3" slack="0"/>
<pin id="1939" dir="0" index="14" bw="1" slack="0"/>
<pin id="1940" dir="0" index="15" bw="3" slack="0"/>
<pin id="1941" dir="0" index="16" bw="1" slack="0"/>
<pin id="1942" dir="0" index="17" bw="1" slack="0"/>
<pin id="1943" dir="0" index="18" bw="3" slack="3"/>
<pin id="1944" dir="1" index="19" bw="1" slack="4"/>
</pin_list>
<bind>
<opcode="sparsemux(1197) " fcode="sparsemux"/>
<opset="a_5/5 "/>
</bind>
</comp>

<comp id="1963" class="1004" name="select_ln89_5_fu_1963">
<pin_list>
<pin id="1964" dir="0" index="0" bw="1" slack="1"/>
<pin id="1965" dir="0" index="1" bw="32" slack="0"/>
<pin id="1966" dir="0" index="2" bw="32" slack="0"/>
<pin id="1967" dir="1" index="3" bw="32" slack="0"/>
</pin_list>
<bind>
<opcode="select(49) " fcode="select"/>
<opset="select_ln89_5/5 "/>
</bind>
</comp>

<comp id="1970" class="1004" name="add_ln89_10_fu_1970">
<pin_list>
<pin id="1971" dir="0" index="0" bw="5" slack="3"/>
<pin id="1972" dir="0" index="1" bw="4" slack="0"/>
<pin id="1973" dir="1" index="2" bw="5" slack="0"/>
</pin_list>
<bind>
<opcode="add(8) " fcode="add"/>
<opset="add_ln89_10/5 "/>
</bind>
</comp>

<comp id="1975" class="1004" name="zext_ln89_15_fu_1975">
<pin_list>
<pin id="1976" dir="0" index="0" bw="5" slack="0"/>
<pin id="1977" dir="1" index="1" bw="32" slack="0"/>
</pin_list>
<bind>
<opcode="zext(34) " fcode="zext"/>
<opset="zext_ln89_15/5 "/>
</bind>
</comp>

<comp id="1979" class="1004" name="lshr_ln89_9_fu_1979">
<pin_list>
<pin id="1980" dir="0" index="0" bw="32" slack="0"/>
<pin id="1981" dir="0" index="1" bw="5" slack="0"/>
<pin id="1982" dir="1" index="2" bw="32" slack="4"/>
</pin_list>
<bind>
<opcode="lshr(21) " fcode="lshr"/>
<opset="lshr_ln89_9/5 "/>
</bind>
</comp>

<comp id="1985" class="1004" name="add_ln88_8_fu_1985">
<pin_list>
<pin id="1986" dir="0" index="0" bw="8" slack="0"/>
<pin id="1987" dir="0" index="1" bw="5" slack="0"/>
<pin id="1988" dir="1" index="2" bw="9" slack="0"/>
</pin_list>
<bind>
<opcode="add(8) " fcode="add"/>
<opset="add_ln88_8/5 "/>
</bind>
</comp>

<comp id="1991" class="1004" name="sext_ln88_fu_1991">
<pin_list>
<pin id="1992" dir="0" index="0" bw="9" slack="0"/>
<pin id="1993" dir="1" index="1" bw="13" slack="0"/>
</pin_list>
<bind>
<opcode="sext(35) " fcode="sext"/>
<opset="sext_ln88/5 "/>
</bind>
</comp>

<comp id="1995" class="1004" name="or_ln88_1_fu_1995">
<pin_list>
<pin id="1996" dir="0" index="0" bw="13" slack="0"/>
<pin id="1997" dir="0" index="1" bw="5" slack="3"/>
<pin id="1998" dir="0" index="2" bw="6" slack="0"/>
<pin id="1999" dir="1" index="3" bw="13" slack="0"/>
</pin_list>
<bind>
<opcode="bitconcatenate(1004) " fcode="bitconcatenate"/>
<opset="or_ln88_1/5 "/>
</bind>
</comp>

<comp id="2002" class="1004" name="add_ln88_10_fu_2002">
<pin_list>
<pin id="2003" dir="0" index="0" bw="13" slack="0"/>
<pin id="2004" dir="0" index="1" bw="9" slack="0"/>
<pin id="2005" dir="1" index="2" bw="13" slack="0"/>
</pin_list>
<bind>
<opcode="add(8) " fcode="add"/>
<opset="add_ln88_10/5 "/>
</bind>
</comp>

<comp id="2008" class="1004" name="lshr_ln88_6_fu_2008">
<pin_list>
<pin id="2009" dir="0" index="0" bw="10" slack="0"/>
<pin id="2010" dir="0" index="1" bw="13" slack="0"/>
<pin id="2011" dir="0" index="2" bw="3" slack="0"/>
<pin id="2012" dir="0" index="3" bw="5" slack="0"/>
<pin id="2013" dir="1" index="4" bw="10" slack="0"/>
</pin_list>
<bind>
<opcode="partselect(1002) " fcode="partselect"/>
<opset="lshr_ln88_6/5 "/>
</bind>
</comp>

<comp id="2018" class="1004" name="zext_ln88_7_fu_2018">
<pin_list>
<pin id="2019" dir="0" index="0" bw="10" slack="0"/>
<pin id="2020" dir="1" index="1" bw="64" slack="0"/>
</pin_list>
<bind>
<opcode="zext(34) " fcode="zext"/>
<opset="zext_ln88_7/5 "/>
</bind>
</comp>

<comp id="2030" class="1004" name="add_ln89_11_fu_2030">
<pin_list>
<pin id="2031" dir="0" index="0" bw="15" slack="3"/>
<pin id="2032" dir="0" index="1" bw="4" slack="0"/>
<pin id="2033" dir="1" index="2" bw="15" slack="0"/>
</pin_list>
<bind>
<opcode="add(8) " fcode="add"/>
<opset="add_ln89_11/5 "/>
</bind>
</comp>

<comp id="2035" class="1004" name="lshr_ln89_10_fu_2035">
<pin_list>
<pin id="2036" dir="0" index="0" bw="9" slack="0"/>
<pin id="2037" dir="0" index="1" bw="15" slack="0"/>
<pin id="2038" dir="0" index="2" bw="4" slack="0"/>
<pin id="2039" dir="0" index="3" bw="5" slack="0"/>
<pin id="2040" dir="1" index="4" bw="9" slack="0"/>
</pin_list>
<bind>
<opcode="partselect(1002) " fcode="partselect"/>
<opset="lshr_ln89_10/5 "/>
</bind>
</comp>

<comp id="2045" class="1004" name="zext_ln89_6_fu_2045">
<pin_list>
<pin id="2046" dir="0" index="0" bw="9" slack="0"/>
<pin id="2047" dir="1" index="1" bw="64" slack="0"/>
</pin_list>
<bind>
<opcode="zext(34) " fcode="zext"/>
<opset="zext_ln89_6/5 "/>
</bind>
</comp>

<comp id="2051" class="1004" name="tmp_22_fu_2051">
<pin_list>
<pin id="2052" dir="0" index="0" bw="1" slack="0"/>
<pin id="2053" dir="0" index="1" bw="15" slack="0"/>
<pin id="2054" dir="0" index="2" bw="4" slack="0"/>
<pin id="2055" dir="1" index="3" bw="1" slack="1"/>
</pin_list>
<bind>
<opcode="bitselect(1000) " fcode="bitselect"/>
<opset="tmp_22/5 "/>
</bind>
</comp>

<comp id="2059" class="1004" name="add_ln88_11_fu_2059">
<pin_list>
<pin id="2060" dir="0" index="0" bw="6" slack="0"/>
<pin id="2061" dir="0" index="1" bw="10" slack="0"/>
<pin id="2062" dir="1" index="2" bw="10" slack="0"/>
</pin_list>
<bind>
<opcode="add(8) " fcode="add"/>
<opset="add_ln88_11/5 "/>
</bind>
</comp>

<comp id="2065" class="1004" name="tmp_s_fu_2065">
<pin_list>
<pin id="2066" dir="0" index="0" bw="9" slack="0"/>
<pin id="2067" dir="0" index="1" bw="10" slack="0"/>
<pin id="2068" dir="0" index="2" bw="1" slack="0"/>
<pin id="2069" dir="0" index="3" bw="5" slack="0"/>
<pin id="2070" dir="1" index="4" bw="9" slack="0"/>
</pin_list>
<bind>
<opcode="partselect(1002) " fcode="partselect"/>
<opset="tmp_s/5 "/>
</bind>
</comp>

<comp id="2075" class="1004" name="add_ln88_12_fu_2075">
<pin_list>
<pin id="2076" dir="0" index="0" bw="10" slack="0"/>
<pin id="2077" dir="0" index="1" bw="9" slack="0"/>
<pin id="2078" dir="0" index="2" bw="1" slack="3"/>
<pin id="2079" dir="1" index="3" bw="10" slack="0"/>
</pin_list>
<bind>
<opcode="bitconcatenate(1004) " fcode="bitconcatenate"/>
<opset="add_ln88_12/5 "/>
</bind>
</comp>

<comp id="2082" class="1004" name="zext_ln88_8_fu_2082">
<pin_list>
<pin id="2083" dir="0" index="0" bw="10" slack="0"/>
<pin id="2084" dir="1" index="1" bw="64" slack="0"/>
</pin_list>
<bind>
<opcode="zext(34) " fcode="zext"/>
<opset="zext_ln88_8/5 "/>
</bind>
</comp>

<comp id="2094" class="1004" name="add_ln89_13_fu_2094">
<pin_list>
<pin id="2095" dir="0" index="0" bw="15" slack="3"/>
<pin id="2096" dir="0" index="1" bw="4" slack="0"/>
<pin id="2097" dir="1" index="2" bw="15" slack="0"/>
</pin_list>
<bind>
<opcode="add(8) " fcode="add"/>
<opset="add_ln89_13/5 "/>
</bind>
</comp>

<comp id="2099" class="1004" name="lshr_ln89_12_fu_2099">
<pin_list>
<pin id="2100" dir="0" index="0" bw="9" slack="0"/>
<pin id="2101" dir="0" index="1" bw="15" slack="0"/>
<pin id="2102" dir="0" index="2" bw="4" slack="0"/>
<pin id="2103" dir="0" index="3" bw="5" slack="0"/>
<pin id="2104" dir="1" index="4" bw="9" slack="0"/>
</pin_list>
<bind>
<opcode="partselect(1002) " fcode="partselect"/>
<opset="lshr_ln89_12/5 "/>
</bind>
</comp>

<comp id="2109" class="1004" name="zext_ln89_7_fu_2109">
<pin_list>
<pin id="2110" dir="0" index="0" bw="9" slack="0"/>
<pin id="2111" dir="1" index="1" bw="64" slack="0"/>
</pin_list>
<bind>
<opcode="zext(34) " fcode="zext"/>
<opset="zext_ln89_7/5 "/>
</bind>
</comp>

<comp id="2115" class="1004" name="tmp_23_fu_2115">
<pin_list>
<pin id="2116" dir="0" index="0" bw="1" slack="0"/>
<pin id="2117" dir="0" index="1" bw="15" slack="0"/>
<pin id="2118" dir="0" index="2" bw="4" slack="0"/>
<pin id="2119" dir="1" index="3" bw="1" slack="1"/>
</pin_list>
<bind>
<opcode="bitselect(1000) " fcode="bitselect"/>
<opset="tmp_23/5 "/>
</bind>
</comp>

<comp id="2123" class="1004" name="add_ln88_13_fu_2123">
<pin_list>
<pin id="2124" dir="0" index="0" bw="10" slack="0"/>
<pin id="2125" dir="0" index="1" bw="2" slack="1"/>
<pin id="2126" dir="1" index="2" bw="10" slack="1"/>
</pin_list>
<bind>
<opcode="add(8) " fcode="add"/>
<opset="add_ln88_13/5 "/>
</bind>
</comp>

<comp id="2128" class="1004" name="add_ln89_15_fu_2128">
<pin_list>
<pin id="2129" dir="0" index="0" bw="15" slack="3"/>
<pin id="2130" dir="0" index="1" bw="5" slack="0"/>
<pin id="2131" dir="1" index="2" bw="15" slack="0"/>
</pin_list>
<bind>
<opcode="add(8) " fcode="add"/>
<opset="add_ln89_15/5 "/>
</bind>
</comp>

<comp id="2133" class="1004" name="lshr_ln89_14_fu_2133">
<pin_list>
<pin id="2134" dir="0" index="0" bw="9" slack="0"/>
<pin id="2135" dir="0" index="1" bw="15" slack="0"/>
<pin id="2136" dir="0" index="2" bw="4" slack="0"/>
<pin id="2137" dir="0" index="3" bw="5" slack="0"/>
<pin id="2138" dir="1" index="4" bw="9" slack="1"/>
</pin_list>
<bind>
<opcode="partselect(1002) " fcode="partselect"/>
<opset="lshr_ln89_14/5 "/>
</bind>
</comp>

<comp id="2143" class="1004" name="tmp_24_fu_2143">
<pin_list>
<pin id="2144" dir="0" index="0" bw="1" slack="0"/>
<pin id="2145" dir="0" index="1" bw="15" slack="0"/>
<pin id="2146" dir="0" index="2" bw="4" slack="0"/>
<pin id="2147" dir="1" index="3" bw="1" slack="1"/>
</pin_list>
<bind>
<opcode="bitselect(1000) " fcode="bitselect"/>
<opset="tmp_24/5 "/>
</bind>
</comp>

<comp id="2151" class="1004" name="zext_ln94_1_fu_2151">
<pin_list>
<pin id="2152" dir="0" index="0" bw="5" slack="3"/>
<pin id="2153" dir="1" index="1" bw="8" slack="0"/>
</pin_list>
<bind>
<opcode="zext(34) " fcode="zext"/>
<opset="zext_ln94_1/5 "/>
</bind>
</comp>

<comp id="2154" class="1004" name="add_ln94_1_fu_2154">
<pin_list>
<pin id="2155" dir="0" index="0" bw="5" slack="0"/>
<pin id="2156" dir="0" index="1" bw="8" slack="0"/>
<pin id="2157" dir="1" index="2" bw="8" slack="0"/>
</pin_list>
<bind>
<opcode="add(8) " fcode="add"/>
<opset="add_ln94_1/5 "/>
</bind>
</comp>

<comp id="2160" class="1004" name="zext_ln94_3_fu_2160">
<pin_list>
<pin id="2161" dir="0" index="0" bw="8" slack="0"/>
<pin id="2162" dir="1" index="1" bw="17" slack="0"/>
</pin_list>
<bind>
<opcode="zext(34) " fcode="zext"/>
<opset="zext_ln94_3/5 "/>
</bind>
</comp>

<comp id="2164" class="1004" name="mul_ln94_fu_2164">
<pin_list>
<pin id="2165" dir="0" index="0" bw="8" slack="0"/>
<pin id="2166" dir="0" index="1" bw="10" slack="0"/>
<pin id="2167" dir="1" index="2" bw="17" slack="0"/>
</pin_list>
<bind>
<opcode="mul(12) " fcode="mul"/>
<opset="mul_ln94/5 "/>
</bind>
</comp>

<comp id="2170" class="1004" name="tmp_25_fu_2170">
<pin_list>
<pin id="2171" dir="0" index="0" bw="6" slack="0"/>
<pin id="2172" dir="0" index="1" bw="17" slack="0"/>
<pin id="2173" dir="0" index="2" bw="5" slack="0"/>
<pin id="2174" dir="0" index="3" bw="6" slack="0"/>
<pin id="2175" dir="1" index="4" bw="6" slack="5"/>
</pin_list>
<bind>
<opcode="partselect(1002) " fcode="partselect"/>
<opset="tmp_25/5 "/>
</bind>
</comp>

<comp id="2180" class="1004" name="select_ln89_6_fu_2180">
<pin_list>
<pin id="2181" dir="0" index="0" bw="1" slack="1"/>
<pin id="2182" dir="0" index="1" bw="32" slack="0"/>
<pin id="2183" dir="0" index="2" bw="32" slack="0"/>
<pin id="2184" dir="1" index="3" bw="32" slack="0"/>
</pin_list>
<bind>
<opcode="select(49) " fcode="select"/>
<opset="select_ln89_6/6 "/>
</bind>
</comp>

<comp id="2187" class="1004" name="add_ln89_12_fu_2187">
<pin_list>
<pin id="2188" dir="0" index="0" bw="5" slack="4"/>
<pin id="2189" dir="0" index="1" bw="4" slack="0"/>
<pin id="2190" dir="1" index="2" bw="5" slack="0"/>
</pin_list>
<bind>
<opcode="add(8) " fcode="add"/>
<opset="add_ln89_12/6 "/>
</bind>
</comp>

<comp id="2192" class="1004" name="zext_ln89_16_fu_2192">
<pin_list>
<pin id="2193" dir="0" index="0" bw="5" slack="0"/>
<pin id="2194" dir="1" index="1" bw="32" slack="0"/>
</pin_list>
<bind>
<opcode="zext(34) " fcode="zext"/>
<opset="zext_ln89_16/6 "/>
</bind>
</comp>

<comp id="2196" class="1004" name="lshr_ln89_11_fu_2196">
<pin_list>
<pin id="2197" dir="0" index="0" bw="32" slack="0"/>
<pin id="2198" dir="0" index="1" bw="5" slack="0"/>
<pin id="2199" dir="1" index="2" bw="32" slack="4"/>
</pin_list>
<bind>
<opcode="lshr(21) " fcode="lshr"/>
<opset="lshr_ln89_11/6 "/>
</bind>
</comp>

<comp id="2202" class="1004" name="select_ln89_7_fu_2202">
<pin_list>
<pin id="2203" dir="0" index="0" bw="1" slack="1"/>
<pin id="2204" dir="0" index="1" bw="32" slack="0"/>
<pin id="2205" dir="0" index="2" bw="32" slack="0"/>
<pin id="2206" dir="1" index="3" bw="32" slack="0"/>
</pin_list>
<bind>
<opcode="select(49) " fcode="select"/>
<opset="select_ln89_7/6 "/>
</bind>
</comp>

<comp id="2209" class="1004" name="add_ln89_14_fu_2209">
<pin_list>
<pin id="2210" dir="0" index="0" bw="5" slack="4"/>
<pin id="2211" dir="0" index="1" bw="4" slack="0"/>
<pin id="2212" dir="1" index="2" bw="5" slack="0"/>
</pin_list>
<bind>
<opcode="add(8) " fcode="add"/>
<opset="add_ln89_14/6 "/>
</bind>
</comp>

<comp id="2214" class="1004" name="zext_ln89_17_fu_2214">
<pin_list>
<pin id="2215" dir="0" index="0" bw="5" slack="0"/>
<pin id="2216" dir="1" index="1" bw="32" slack="0"/>
</pin_list>
<bind>
<opcode="zext(34) " fcode="zext"/>
<opset="zext_ln89_17/6 "/>
</bind>
</comp>

<comp id="2218" class="1004" name="lshr_ln89_13_fu_2218">
<pin_list>
<pin id="2219" dir="0" index="0" bw="32" slack="0"/>
<pin id="2220" dir="0" index="1" bw="5" slack="0"/>
<pin id="2221" dir="1" index="2" bw="32" slack="4"/>
</pin_list>
<bind>
<opcode="lshr(21) " fcode="lshr"/>
<opset="lshr_ln89_13/6 "/>
</bind>
</comp>

<comp id="2224" class="1004" name="zext_ln88_9_fu_2224">
<pin_list>
<pin id="2225" dir="0" index="0" bw="10" slack="1"/>
<pin id="2226" dir="1" index="1" bw="64" slack="0"/>
</pin_list>
<bind>
<opcode="zext(34) " fcode="zext"/>
<opset="zext_ln88_9/6 "/>
</bind>
</comp>

<comp id="2235" class="1004" name="zext_ln89_8_fu_2235">
<pin_list>
<pin id="2236" dir="0" index="0" bw="9" slack="1"/>
<pin id="2237" dir="1" index="1" bw="64" slack="0"/>
</pin_list>
<bind>
<opcode="zext(34) " fcode="zext"/>
<opset="zext_ln89_8/6 "/>
</bind>
</comp>

<comp id="2240" class="1004" name="store_ln80_store_fu_2240">
<pin_list>
<pin id="2241" dir="0" index="0" bw="5" slack="4"/>
<pin id="2242" dir="0" index="1" bw="5" slack="5"/>
<pin id="2243" dir="1" index="2" bw="0" slack="2147483647"/>
</pin_list>
<bind>
<opcode="store(28) " fcode="store"/>
<opset="store_ln80/6 "/>
</bind>
</comp>

<comp id="2244" class="1004" name="zext_ln86_1_fu_2244">
<pin_list>
<pin id="2245" dir="0" index="0" bw="8" slack="2"/>
<pin id="2246" dir="1" index="1" bw="13" slack="0"/>
</pin_list>
<bind>
<opcode="zext(34) " fcode="zext"/>
<opset="zext_ln86_1/7 "/>
</bind>
</comp>

<comp id="2247" class="1004" name="zext_ln80_fu_2247">
<pin_list>
<pin id="2248" dir="0" index="0" bw="5" slack="5"/>
<pin id="2249" dir="1" index="1" bw="13" slack="0"/>
</pin_list>
<bind>
<opcode="zext(34) " fcode="zext"/>
<opset="zext_ln80/7 "/>
</bind>
</comp>

<comp id="2250" class="1004" name="sext_ln87_1_fu_2250">
<pin_list>
<pin id="2251" dir="0" index="0" bw="5" slack="2"/>
<pin id="2252" dir="1" index="1" bw="13" slack="0"/>
</pin_list>
<bind>
<opcode="sext(35) " fcode="sext"/>
<opset="sext_ln87_1/7 "/>
</bind>
</comp>

<comp id="2253" class="1004" name="zext_ln87_2_fu_2253">
<pin_list>
<pin id="2254" dir="0" index="0" bw="5" slack="5"/>
<pin id="2255" dir="1" index="1" bw="13" slack="0"/>
</pin_list>
<bind>
<opcode="zext(34) " fcode="zext"/>
<opset="zext_ln87_2/7 "/>
</bind>
</comp>

<comp id="2256" class="1004" name="shl_ln88_1_fu_2256">
<pin_list>
<pin id="2257" dir="0" index="0" bw="13" slack="0"/>
<pin id="2258" dir="0" index="1" bw="5" slack="5"/>
<pin id="2259" dir="0" index="2" bw="1" slack="0"/>
<pin id="2260" dir="1" index="3" bw="13" slack="0"/>
</pin_list>
<bind>
<opcode="bitconcatenate(1004) " fcode="bitconcatenate"/>
<opset="shl_ln88_1/7 "/>
</bind>
</comp>

<comp id="2263" class="1004" name="add_ln88_1_fu_2263">
<pin_list>
<pin id="2264" dir="0" index="0" bw="13" slack="0"/>
<pin id="2265" dir="0" index="1" bw="5" slack="0"/>
<pin id="2266" dir="1" index="2" bw="13" slack="0"/>
</pin_list>
<bind>
<opcode="add(8) " fcode="add"/>
<opset="add_ln88_1/7 "/>
</bind>
</comp>

<comp id="2269" class="1004" name="add_ln88_2_fu_2269">
<pin_list>
<pin id="2270" dir="0" index="0" bw="13" slack="0"/>
<pin id="2271" dir="0" index="1" bw="8" slack="0"/>
<pin id="2272" dir="1" index="2" bw="13" slack="0"/>
</pin_list>
<bind>
<opcode="add(8) " fcode="add"/>
<opset="add_ln88_2/7 "/>
</bind>
</comp>

<comp id="2275" class="1004" name="add_ln88_3_fu_2275">
<pin_list>
<pin id="2276" dir="0" index="0" bw="13" slack="0"/>
<pin id="2277" dir="0" index="1" bw="5" slack="0"/>
<pin id="2278" dir="1" index="2" bw="13" slack="0"/>
</pin_list>
<bind>
<opcode="add(8) " fcode="add"/>
<opset="add_ln88_3/7 "/>
</bind>
</comp>

<comp id="2281" class="1004" name="lshr_ln88_2_fu_2281">
<pin_list>
<pin id="2282" dir="0" index="0" bw="10" slack="0"/>
<pin id="2283" dir="0" index="1" bw="13" slack="0"/>
<pin id="2284" dir="0" index="2" bw="3" slack="0"/>
<pin id="2285" dir="0" index="3" bw="5" slack="0"/>
<pin id="2286" dir="1" index="4" bw="10" slack="0"/>
</pin_list>
<bind>
<opcode="partselect(1002) " fcode="partselect"/>
<opset="lshr_ln88_2/7 "/>
</bind>
</comp>

<comp id="2291" class="1004" name="zext_ln88_1_fu_2291">
<pin_list>
<pin id="2292" dir="0" index="0" bw="10" slack="0"/>
<pin id="2293" dir="1" index="1" bw="64" slack="0"/>
</pin_list>
<bind>
<opcode="zext(34) " fcode="zext"/>
<opset="zext_ln88_1/7 "/>
</bind>
</comp>

<comp id="2303" class="1004" name="add_ln88_4_fu_2303">
<pin_list>
<pin id="2304" dir="0" index="0" bw="13" slack="0"/>
<pin id="2305" dir="0" index="1" bw="5" slack="0"/>
<pin id="2306" dir="1" index="2" bw="13" slack="0"/>
</pin_list>
<bind>
<opcode="add(8) " fcode="add"/>
<opset="add_ln88_4/7 "/>
</bind>
</comp>

<comp id="2309" class="1004" name="lshr_ln88_3_fu_2309">
<pin_list>
<pin id="2310" dir="0" index="0" bw="10" slack="0"/>
<pin id="2311" dir="0" index="1" bw="13" slack="0"/>
<pin id="2312" dir="0" index="2" bw="3" slack="0"/>
<pin id="2313" dir="0" index="3" bw="5" slack="0"/>
<pin id="2314" dir="1" index="4" bw="10" slack="0"/>
</pin_list>
<bind>
<opcode="partselect(1002) " fcode="partselect"/>
<opset="lshr_ln88_3/7 "/>
</bind>
</comp>

<comp id="2319" class="1004" name="zext_ln88_2_fu_2319">
<pin_list>
<pin id="2320" dir="0" index="0" bw="10" slack="0"/>
<pin id="2321" dir="1" index="1" bw="64" slack="0"/>
</pin_list>
<bind>
<opcode="zext(34) " fcode="zext"/>
<opset="zext_ln88_2/7 "/>
</bind>
</comp>

<comp id="2331" class="1004" name="add_ln88_5_fu_2331">
<pin_list>
<pin id="2332" dir="0" index="0" bw="13" slack="0"/>
<pin id="2333" dir="0" index="1" bw="5" slack="0"/>
<pin id="2334" dir="1" index="2" bw="13" slack="0"/>
</pin_list>
<bind>
<opcode="add(8) " fcode="add"/>
<opset="add_ln88_5/7 "/>
</bind>
</comp>

<comp id="2337" class="1004" name="lshr_ln88_4_fu_2337">
<pin_list>
<pin id="2338" dir="0" index="0" bw="10" slack="0"/>
<pin id="2339" dir="0" index="1" bw="13" slack="0"/>
<pin id="2340" dir="0" index="2" bw="3" slack="0"/>
<pin id="2341" dir="0" index="3" bw="5" slack="0"/>
<pin id="2342" dir="1" index="4" bw="10" slack="1"/>
</pin_list>
<bind>
<opcode="partselect(1002) " fcode="partselect"/>
<opset="lshr_ln88_4/7 "/>
</bind>
</comp>

<comp id="2347" class="1004" name="tmp2_fu_2347">
<pin_list>
<pin id="2348" dir="0" index="0" bw="13" slack="0"/>
<pin id="2349" dir="0" index="1" bw="5" slack="5"/>
<pin id="2350" dir="0" index="2" bw="4" slack="5"/>
<pin id="2351" dir="0" index="3" bw="1" slack="0"/>
<pin id="2352" dir="1" index="4" bw="13" slack="0"/>
</pin_list>
<bind>
<opcode="bitconcatenate(1004) " fcode="bitconcatenate"/>
<opset="tmp2/7 "/>
</bind>
</comp>

<comp id="2355" class="1004" name="add_ln88_6_fu_2355">
<pin_list>
<pin id="2356" dir="0" index="0" bw="13" slack="0"/>
<pin id="2357" dir="0" index="1" bw="5" slack="0"/>
<pin id="2358" dir="1" index="2" bw="13" slack="0"/>
</pin_list>
<bind>
<opcode="add(8) " fcode="add"/>
<opset="add_ln88_6/7 "/>
</bind>
</comp>

<comp id="2361" class="1004" name="lshr_ln88_5_fu_2361">
<pin_list>
<pin id="2362" dir="0" index="0" bw="10" slack="0"/>
<pin id="2363" dir="0" index="1" bw="13" slack="0"/>
<pin id="2364" dir="0" index="2" bw="3" slack="0"/>
<pin id="2365" dir="0" index="3" bw="5" slack="0"/>
<pin id="2366" dir="1" index="4" bw="10" slack="1"/>
</pin_list>
<bind>
<opcode="partselect(1002) " fcode="partselect"/>
<opset="lshr_ln88_5/7 "/>
</bind>
</comp>

<comp id="2371" class="1004" name="select_ln89_8_fu_2371">
<pin_list>
<pin id="2372" dir="0" index="0" bw="1" slack="2"/>
<pin id="2373" dir="0" index="1" bw="32" slack="0"/>
<pin id="2374" dir="0" index="2" bw="32" slack="0"/>
<pin id="2375" dir="1" index="3" bw="32" slack="0"/>
</pin_list>
<bind>
<opcode="select(49) " fcode="select"/>
<opset="select_ln89_8/7 "/>
</bind>
</comp>

<comp id="2378" class="1004" name="add_ln89_16_fu_2378">
<pin_list>
<pin id="2379" dir="0" index="0" bw="5" slack="5"/>
<pin id="2380" dir="0" index="1" bw="5" slack="0"/>
<pin id="2381" dir="1" index="2" bw="5" slack="0"/>
</pin_list>
<bind>
<opcode="add(8) " fcode="add"/>
<opset="add_ln89_16/7 "/>
</bind>
</comp>

<comp id="2383" class="1004" name="zext_ln89_18_fu_2383">
<pin_list>
<pin id="2384" dir="0" index="0" bw="5" slack="0"/>
<pin id="2385" dir="1" index="1" bw="32" slack="0"/>
</pin_list>
<bind>
<opcode="zext(34) " fcode="zext"/>
<opset="zext_ln89_18/7 "/>
</bind>
</comp>

<comp id="2387" class="1004" name="lshr_ln89_15_fu_2387">
<pin_list>
<pin id="2388" dir="0" index="0" bw="32" slack="0"/>
<pin id="2389" dir="0" index="1" bw="5" slack="0"/>
<pin id="2390" dir="1" index="2" bw="32" slack="3"/>
</pin_list>
<bind>
<opcode="lshr(21) " fcode="lshr"/>
<opset="lshr_ln89_15/7 "/>
</bind>
</comp>

<comp id="2393" class="1004" name="acc_load_load_fu_2393">
<pin_list>
<pin id="2394" dir="0" index="0" bw="32" slack="7"/>
<pin id="2395" dir="1" index="1" bw="32" slack="0"/>
</pin_list>
<bind>
<opcode="load(27) " fcode="load"/>
<opset="acc_load/8 "/>
</bind>
</comp>

<comp id="2396" class="1004" name="acc_13_mid2_fu_2396">
<pin_list>
<pin id="2397" dir="0" index="0" bw="1" slack="6"/>
<pin id="2398" dir="0" index="1" bw="1" slack="0"/>
<pin id="2399" dir="0" index="2" bw="32" slack="0"/>
<pin id="2400" dir="1" index="3" bw="32" slack="0"/>
</pin_list>
<bind>
<opcode="select(49) " fcode="select"/>
<opset="acc_13_mid2/8 "/>
</bind>
</comp>

<comp id="2403" class="1004" name="zext_ln87_1_fu_2403">
<pin_list>
<pin id="2404" dir="0" index="0" bw="4" slack="6"/>
<pin id="2405" dir="1" index="1" bw="5" slack="0"/>
</pin_list>
<bind>
<opcode="zext(34) " fcode="zext"/>
<opset="zext_ln87_1/8 "/>
</bind>
</comp>

<comp id="2406" class="1004" name="add_ln87_fu_2406">
<pin_list>
<pin id="2407" dir="0" index="0" bw="4" slack="0"/>
<pin id="2408" dir="0" index="1" bw="1" slack="0"/>
<pin id="2409" dir="1" index="2" bw="5" slack="0"/>
</pin_list>
<bind>
<opcode="add(8) " fcode="add"/>
<opset="add_ln87/8 "/>
</bind>
</comp>

<comp id="2412" class="1004" name="tmp_fu_2412">
<pin_list>
<pin id="2413" dir="0" index="0" bw="1" slack="0"/>
<pin id="2414" dir="0" index="1" bw="5" slack="0"/>
<pin id="2415" dir="0" index="2" bw="4" slack="0"/>
<pin id="2416" dir="1" index="3" bw="1" slack="0"/>
</pin_list>
<bind>
<opcode="bitselect(1000) " fcode="bitselect"/>
<opset="tmp/8 "/>
</bind>
</comp>

<comp id="2420" class="1004" name="or_ln87_fu_2420">
<pin_list>
<pin id="2421" dir="0" index="0" bw="5" slack="3"/>
<pin id="2422" dir="0" index="1" bw="5" slack="0"/>
<pin id="2423" dir="1" index="2" bw="5" slack="0"/>
</pin_list>
<bind>
<opcode="or(24) " fcode="or"/>
<opset="or_ln87/8 "/>
</bind>
</comp>

<comp id="2425" class="1004" name="tmp_6_fu_2425">
<pin_list>
<pin id="2426" dir="0" index="0" bw="1" slack="0"/>
<pin id="2427" dir="0" index="1" bw="5" slack="0"/>
<pin id="2428" dir="0" index="2" bw="4" slack="0"/>
<pin id="2429" dir="1" index="3" bw="1" slack="0"/>
</pin_list>
<bind>
<opcode="bitselect(1000) " fcode="bitselect"/>
<opset="tmp_6/8 "/>
</bind>
</comp>

<comp id="2433" class="1004" name="or_ln87_1_fu_2433">
<pin_list>
<pin id="2434" dir="0" index="0" bw="5" slack="0"/>
<pin id="2435" dir="0" index="1" bw="5" slack="6"/>
<pin id="2436" dir="1" index="2" bw="5" slack="0"/>
</pin_list>
<bind>
<opcode="or(24) " fcode="or"/>
<opset="or_ln87_1/8 "/>
</bind>
</comp>

<comp id="2438" class="1004" name="tmp_7_fu_2438">
<pin_list>
<pin id="2439" dir="0" index="0" bw="1" slack="0"/>
<pin id="2440" dir="0" index="1" bw="5" slack="0"/>
<pin id="2441" dir="0" index="2" bw="4" slack="0"/>
<pin id="2442" dir="1" index="3" bw="1" slack="0"/>
</pin_list>
<bind>
<opcode="bitselect(1000) " fcode="bitselect"/>
<opset="tmp_7/8 "/>
</bind>
</comp>

<comp id="2446" class="1004" name="tmp_8_fu_2446">
<pin_list>
<pin id="2447" dir="0" index="0" bw="2" slack="0"/>
<pin id="2448" dir="0" index="1" bw="1" slack="0"/>
<pin id="2449" dir="0" index="2" bw="1" slack="0"/>
<pin id="2450" dir="1" index="3" bw="2" slack="0"/>
</pin_list>
<bind>
<opcode="bitconcatenate(1004) " fcode="bitconcatenate"/>
<opset="tmp_8/8 "/>
</bind>
</comp>

<comp id="2454" class="1004" name="icmp_ln87_fu_2454">
<pin_list>
<pin id="2455" dir="0" index="0" bw="2" slack="0"/>
<pin id="2456" dir="0" index="1" bw="1" slack="0"/>
<pin id="2457" dir="1" index="2" bw="1" slack="1"/>
</pin_list>
<bind>
<opcode="icmp(45) " fcode="icmp"/>
<opset="icmp_ln87/8 "/>
</bind>
</comp>

<comp id="2460" class="1004" name="or_ln87_2_fu_2460">
<pin_list>
<pin id="2461" dir="0" index="0" bw="5" slack="3"/>
<pin id="2462" dir="0" index="1" bw="5" slack="6"/>
<pin id="2463" dir="1" index="2" bw="5" slack="0"/>
</pin_list>
<bind>
<opcode="or(24) " fcode="or"/>
<opset="or_ln87_2/8 "/>
</bind>
</comp>

<comp id="2464" class="1004" name="tmp_11_fu_2464">
<pin_list>
<pin id="2465" dir="0" index="0" bw="1" slack="0"/>
<pin id="2466" dir="0" index="1" bw="5" slack="0"/>
<pin id="2467" dir="0" index="2" bw="4" slack="0"/>
<pin id="2468" dir="1" index="3" bw="1" slack="0"/>
</pin_list>
<bind>
<opcode="bitselect(1000) " fcode="bitselect"/>
<opset="tmp_11/8 "/>
</bind>
</comp>

<comp id="2472" class="1004" name="tmp_12_fu_2472">
<pin_list>
<pin id="2473" dir="0" index="0" bw="2" slack="0"/>
<pin id="2474" dir="0" index="1" bw="1" slack="3"/>
<pin id="2475" dir="0" index="2" bw="1" slack="0"/>
<pin id="2476" dir="1" index="3" bw="2" slack="0"/>
</pin_list>
<bind>
<opcode="bitconcatenate(1004) " fcode="bitconcatenate"/>
<opset="tmp_12/8 "/>
</bind>
</comp>

<comp id="2479" class="1004" name="icmp_ln87_1_fu_2479">
<pin_list>
<pin id="2480" dir="0" index="0" bw="2" slack="0"/>
<pin id="2481" dir="0" index="1" bw="1" slack="0"/>
<pin id="2482" dir="1" index="2" bw="1" slack="2"/>
</pin_list>
<bind>
<opcode="icmp(45) " fcode="icmp"/>
<opset="icmp_ln87_1/8 "/>
</bind>
</comp>

<comp id="2485" class="1004" name="w_fu_2485">
<pin_list>
<pin id="2486" dir="0" index="0" bw="32" slack="5"/>
<pin id="2487" dir="1" index="1" bw="1" slack="0"/>
</pin_list>
<bind>
<opcode="trunc(33) " fcode="trunc"/>
<opset="w/8 "/>
</bind>
</comp>

<comp id="2488" class="1004" name="xor_ln90_fu_2488">
<pin_list>
<pin id="2489" dir="0" index="0" bw="1" slack="0"/>
<pin id="2490" dir="0" index="1" bw="1" slack="0"/>
<pin id="2491" dir="1" index="2" bw="1" slack="0"/>
</pin_list>
<bind>
<opcode="xor(25) " fcode="xor"/>
<opset="xor_ln90/8 "/>
</bind>
</comp>

<comp id="2494" class="1004" name="select_ln90_fu_2494">
<pin_list>
<pin id="2495" dir="0" index="0" bw="1" slack="0"/>
<pin id="2496" dir="0" index="1" bw="1" slack="0"/>
<pin id="2497" dir="0" index="2" bw="1" slack="0"/>
<pin id="2498" dir="1" index="3" bw="32" slack="0"/>
</pin_list>
<bind>
<opcode="select(49) " fcode="select"/>
<opset="select_ln90/8 "/>
</bind>
</comp>

<comp id="2502" class="1004" name="acc_1_fu_2502">
<pin_list>
<pin id="2503" dir="0" index="0" bw="32" slack="0"/>
<pin id="2504" dir="0" index="1" bw="32" slack="0"/>
<pin id="2505" dir="1" index="2" bw="32" slack="0"/>
</pin_list>
<bind>
<opcode="add(8) " fcode="add"/>
<opset="acc_1/8 "/>
</bind>
</comp>

<comp id="2508" class="1004" name="acc_2_fu_2508">
<pin_list>
<pin id="2509" dir="0" index="0" bw="1" slack="0"/>
<pin id="2510" dir="0" index="1" bw="32" slack="0"/>
<pin id="2511" dir="0" index="2" bw="32" slack="0"/>
<pin id="2512" dir="1" index="3" bw="32" slack="0"/>
</pin_list>
<bind>
<opcode="select(49) " fcode="select"/>
<opset="acc_2/8 "/>
</bind>
</comp>

<comp id="2516" class="1004" name="w_1_fu_2516">
<pin_list>
<pin id="2517" dir="0" index="0" bw="32" slack="5"/>
<pin id="2518" dir="1" index="1" bw="1" slack="0"/>
</pin_list>
<bind>
<opcode="trunc(33) " fcode="trunc"/>
<opset="w_1/8 "/>
</bind>
</comp>

<comp id="2519" class="1004" name="xor_ln90_1_fu_2519">
<pin_list>
<pin id="2520" dir="0" index="0" bw="1" slack="0"/>
<pin id="2521" dir="0" index="1" bw="1" slack="0"/>
<pin id="2522" dir="1" index="2" bw="1" slack="0"/>
</pin_list>
<bind>
<opcode="xor(25) " fcode="xor"/>
<opset="xor_ln90_1/8 "/>
</bind>
</comp>

<comp id="2525" class="1004" name="select_ln90_1_fu_2525">
<pin_list>
<pin id="2526" dir="0" index="0" bw="1" slack="0"/>
<pin id="2527" dir="0" index="1" bw="1" slack="0"/>
<pin id="2528" dir="0" index="2" bw="1" slack="0"/>
<pin id="2529" dir="1" index="3" bw="32" slack="0"/>
</pin_list>
<bind>
<opcode="select(49) " fcode="select"/>
<opset="select_ln90_1/8 "/>
</bind>
</comp>

<comp id="2533" class="1004" name="acc_3_fu_2533">
<pin_list>
<pin id="2534" dir="0" index="0" bw="32" slack="0"/>
<pin id="2535" dir="0" index="1" bw="32" slack="0"/>
<pin id="2536" dir="1" index="2" bw="32" slack="0"/>
</pin_list>
<bind>
<opcode="add(8) " fcode="add"/>
<opset="acc_3/8 "/>
</bind>
</comp>

<comp id="2539" class="1004" name="acc_4_fu_2539">
<pin_list>
<pin id="2540" dir="0" index="0" bw="1" slack="0"/>
<pin id="2541" dir="0" index="1" bw="32" slack="0"/>
<pin id="2542" dir="0" index="2" bw="32" slack="0"/>
<pin id="2543" dir="1" index="3" bw="32" slack="1"/>
</pin_list>
<bind>
<opcode="select(49) " fcode="select"/>
<opset="acc_4/8 "/>
</bind>
</comp>

<comp id="2547" class="1004" name="zext_ln88_3_fu_2547">
<pin_list>
<pin id="2548" dir="0" index="0" bw="10" slack="1"/>
<pin id="2549" dir="1" index="1" bw="64" slack="0"/>
</pin_list>
<bind>
<opcode="zext(34) " fcode="zext"/>
<opset="zext_ln88_3/8 "/>
</bind>
</comp>

<comp id="2558" class="1004" name="zext_ln88_4_fu_2558">
<pin_list>
<pin id="2559" dir="0" index="0" bw="10" slack="1"/>
<pin id="2560" dir="1" index="1" bw="64" slack="0"/>
</pin_list>
<bind>
<opcode="zext(34) " fcode="zext"/>
<opset="zext_ln88_4/8 "/>
</bind>
</comp>

<comp id="2569" class="1004" name="w_2_fu_2569">
<pin_list>
<pin id="2570" dir="0" index="0" bw="32" slack="5"/>
<pin id="2571" dir="1" index="1" bw="1" slack="0"/>
</pin_list>
<bind>
<opcode="trunc(33) " fcode="trunc"/>
<opset="w_2/9 "/>
</bind>
</comp>

<comp id="2572" class="1004" name="xor_ln90_2_fu_2572">
<pin_list>
<pin id="2573" dir="0" index="0" bw="1" slack="0"/>
<pin id="2574" dir="0" index="1" bw="1" slack="0"/>
<pin id="2575" dir="1" index="2" bw="1" slack="0"/>
</pin_list>
<bind>
<opcode="xor(25) " fcode="xor"/>
<opset="xor_ln90_2/9 "/>
</bind>
</comp>

<comp id="2578" class="1004" name="select_ln90_2_fu_2578">
<pin_list>
<pin id="2579" dir="0" index="0" bw="1" slack="0"/>
<pin id="2580" dir="0" index="1" bw="1" slack="0"/>
<pin id="2581" dir="0" index="2" bw="1" slack="0"/>
<pin id="2582" dir="1" index="3" bw="32" slack="0"/>
</pin_list>
<bind>
<opcode="select(49) " fcode="select"/>
<opset="select_ln90_2/9 "/>
</bind>
</comp>

<comp id="2586" class="1004" name="acc_5_fu_2586">
<pin_list>
<pin id="2587" dir="0" index="0" bw="32" slack="0"/>
<pin id="2588" dir="0" index="1" bw="32" slack="1"/>
<pin id="2589" dir="1" index="2" bw="32" slack="0"/>
</pin_list>
<bind>
<opcode="add(8) " fcode="add"/>
<opset="acc_5/9 "/>
</bind>
</comp>

<comp id="2591" class="1004" name="acc_6_fu_2591">
<pin_list>
<pin id="2592" dir="0" index="0" bw="1" slack="1"/>
<pin id="2593" dir="0" index="1" bw="32" slack="0"/>
<pin id="2594" dir="0" index="2" bw="32" slack="1"/>
<pin id="2595" dir="1" index="3" bw="32" slack="0"/>
</pin_list>
<bind>
<opcode="select(49) " fcode="select"/>
<opset="acc_6/9 "/>
</bind>
</comp>

<comp id="2597" class="1004" name="w_3_fu_2597">
<pin_list>
<pin id="2598" dir="0" index="0" bw="32" slack="5"/>
<pin id="2599" dir="1" index="1" bw="1" slack="0"/>
</pin_list>
<bind>
<opcode="trunc(33) " fcode="trunc"/>
<opset="w_3/9 "/>
</bind>
</comp>

<comp id="2600" class="1004" name="xor_ln90_3_fu_2600">
<pin_list>
<pin id="2601" dir="0" index="0" bw="1" slack="0"/>
<pin id="2602" dir="0" index="1" bw="1" slack="0"/>
<pin id="2603" dir="1" index="2" bw="1" slack="0"/>
</pin_list>
<bind>
<opcode="xor(25) " fcode="xor"/>
<opset="xor_ln90_3/9 "/>
</bind>
</comp>

<comp id="2606" class="1004" name="select_ln90_3_fu_2606">
<pin_list>
<pin id="2607" dir="0" index="0" bw="1" slack="0"/>
<pin id="2608" dir="0" index="1" bw="1" slack="0"/>
<pin id="2609" dir="0" index="2" bw="1" slack="0"/>
<pin id="2610" dir="1" index="3" bw="32" slack="0"/>
</pin_list>
<bind>
<opcode="select(49) " fcode="select"/>
<opset="select_ln90_3/9 "/>
</bind>
</comp>

<comp id="2614" class="1004" name="acc_7_fu_2614">
<pin_list>
<pin id="2615" dir="0" index="0" bw="32" slack="0"/>
<pin id="2616" dir="0" index="1" bw="32" slack="0"/>
<pin id="2617" dir="1" index="2" bw="32" slack="0"/>
</pin_list>
<bind>
<opcode="add(8) " fcode="add"/>
<opset="acc_7/9 "/>
</bind>
</comp>

<comp id="2620" class="1004" name="acc_8_fu_2620">
<pin_list>
<pin id="2621" dir="0" index="0" bw="1" slack="4"/>
<pin id="2622" dir="0" index="1" bw="32" slack="0"/>
<pin id="2623" dir="0" index="2" bw="32" slack="0"/>
<pin id="2624" dir="1" index="3" bw="32" slack="0"/>
</pin_list>
<bind>
<opcode="select(49) " fcode="select"/>
<opset="acc_8/9 "/>
</bind>
</comp>

<comp id="2627" class="1004" name="w_4_fu_2627">
<pin_list>
<pin id="2628" dir="0" index="0" bw="32" slack="4"/>
<pin id="2629" dir="1" index="1" bw="1" slack="0"/>
</pin_list>
<bind>
<opcode="trunc(33) " fcode="trunc"/>
<opset="w_4/9 "/>
</bind>
</comp>

<comp id="2630" class="1004" name="xor_ln90_4_fu_2630">
<pin_list>
<pin id="2631" dir="0" index="0" bw="1" slack="4"/>
<pin id="2632" dir="0" index="1" bw="1" slack="0"/>
<pin id="2633" dir="1" index="2" bw="1" slack="0"/>
</pin_list>
<bind>
<opcode="xor(25) " fcode="xor"/>
<opset="xor_ln90_4/9 "/>
</bind>
</comp>

<comp id="2635" class="1004" name="select_ln90_4_fu_2635">
<pin_list>
<pin id="2636" dir="0" index="0" bw="1" slack="0"/>
<pin id="2637" dir="0" index="1" bw="1" slack="0"/>
<pin id="2638" dir="0" index="2" bw="1" slack="0"/>
<pin id="2639" dir="1" index="3" bw="32" slack="0"/>
</pin_list>
<bind>
<opcode="select(49) " fcode="select"/>
<opset="select_ln90_4/9 "/>
</bind>
</comp>

<comp id="2643" class="1004" name="acc_9_fu_2643">
<pin_list>
<pin id="2644" dir="0" index="0" bw="32" slack="0"/>
<pin id="2645" dir="0" index="1" bw="32" slack="0"/>
<pin id="2646" dir="1" index="2" bw="32" slack="0"/>
</pin_list>
<bind>
<opcode="add(8) " fcode="add"/>
<opset="acc_9/9 "/>
</bind>
</comp>

<comp id="2649" class="1004" name="w_5_fu_2649">
<pin_list>
<pin id="2650" dir="0" index="0" bw="32" slack="4"/>
<pin id="2651" dir="1" index="1" bw="1" slack="0"/>
</pin_list>
<bind>
<opcode="trunc(33) " fcode="trunc"/>
<opset="w_5/9 "/>
</bind>
</comp>

<comp id="2652" class="1004" name="xor_ln90_5_fu_2652">
<pin_list>
<pin id="2653" dir="0" index="0" bw="1" slack="4"/>
<pin id="2654" dir="0" index="1" bw="1" slack="0"/>
<pin id="2655" dir="1" index="2" bw="1" slack="0"/>
</pin_list>
<bind>
<opcode="xor(25) " fcode="xor"/>
<opset="xor_ln90_5/9 "/>
</bind>
</comp>

<comp id="2657" class="1004" name="select_ln90_5_fu_2657">
<pin_list>
<pin id="2658" dir="0" index="0" bw="1" slack="0"/>
<pin id="2659" dir="0" index="1" bw="1" slack="0"/>
<pin id="2660" dir="0" index="2" bw="1" slack="0"/>
<pin id="2661" dir="1" index="3" bw="32" slack="0"/>
</pin_list>
<bind>
<opcode="select(49) " fcode="select"/>
<opset="select_ln90_5/9 "/>
</bind>
</comp>

<comp id="2665" class="1004" name="acc_10_fu_2665">
<pin_list>
<pin id="2666" dir="0" index="0" bw="32" slack="0"/>
<pin id="2667" dir="0" index="1" bw="32" slack="0"/>
<pin id="2668" dir="1" index="2" bw="32" slack="0"/>
</pin_list>
<bind>
<opcode="add(8) " fcode="add"/>
<opset="acc_10/9 "/>
</bind>
</comp>

<comp id="2671" class="1004" name="acc_11_fu_2671">
<pin_list>
<pin id="2672" dir="0" index="0" bw="1" slack="7"/>
<pin id="2673" dir="0" index="1" bw="32" slack="0"/>
<pin id="2674" dir="0" index="2" bw="32" slack="0"/>
<pin id="2675" dir="1" index="3" bw="32" slack="1"/>
</pin_list>
<bind>
<opcode="select(49) " fcode="select"/>
<opset="acc_11/9 "/>
</bind>
</comp>

<comp id="2678" class="1004" name="or_ln87_3_fu_2678">
<pin_list>
<pin id="2679" dir="0" index="0" bw="5" slack="8"/>
<pin id="2680" dir="0" index="1" bw="5" slack="8"/>
<pin id="2681" dir="1" index="2" bw="5" slack="0"/>
</pin_list>
<bind>
<opcode="or(24) " fcode="or"/>
<opset="or_ln87_3/10 "/>
</bind>
</comp>

<comp id="2682" class="1004" name="tmp_13_fu_2682">
<pin_list>
<pin id="2683" dir="0" index="0" bw="1" slack="0"/>
<pin id="2684" dir="0" index="1" bw="5" slack="0"/>
<pin id="2685" dir="0" index="2" bw="4" slack="0"/>
<pin id="2686" dir="1" index="3" bw="1" slack="0"/>
</pin_list>
<bind>
<opcode="bitselect(1000) " fcode="bitselect"/>
<opset="tmp_13/10 "/>
</bind>
</comp>

<comp id="2690" class="1004" name="w_6_fu_2690">
<pin_list>
<pin id="2691" dir="0" index="0" bw="32" slack="4"/>
<pin id="2692" dir="1" index="1" bw="1" slack="0"/>
</pin_list>
<bind>
<opcode="trunc(33) " fcode="trunc"/>
<opset="w_6/10 "/>
</bind>
</comp>

<comp id="2693" class="1004" name="xor_ln90_6_fu_2693">
<pin_list>
<pin id="2694" dir="0" index="0" bw="1" slack="4"/>
<pin id="2695" dir="0" index="1" bw="1" slack="0"/>
<pin id="2696" dir="1" index="2" bw="1" slack="0"/>
</pin_list>
<bind>
<opcode="xor(25) " fcode="xor"/>
<opset="xor_ln90_6/10 "/>
</bind>
</comp>

<comp id="2698" class="1004" name="select_ln90_6_fu_2698">
<pin_list>
<pin id="2699" dir="0" index="0" bw="1" slack="0"/>
<pin id="2700" dir="0" index="1" bw="1" slack="0"/>
<pin id="2701" dir="0" index="2" bw="1" slack="0"/>
<pin id="2702" dir="1" index="3" bw="32" slack="0"/>
</pin_list>
<bind>
<opcode="select(49) " fcode="select"/>
<opset="select_ln90_6/10 "/>
</bind>
</comp>

<comp id="2706" class="1004" name="acc_12_fu_2706">
<pin_list>
<pin id="2707" dir="0" index="0" bw="32" slack="0"/>
<pin id="2708" dir="0" index="1" bw="32" slack="1"/>
<pin id="2709" dir="1" index="2" bw="32" slack="0"/>
</pin_list>
<bind>
<opcode="add(8) " fcode="add"/>
<opset="acc_12/10 "/>
</bind>
</comp>

<comp id="2711" class="1004" name="acc_13_fu_2711">
<pin_list>
<pin id="2712" dir="0" index="0" bw="1" slack="2"/>
<pin id="2713" dir="0" index="1" bw="32" slack="0"/>
<pin id="2714" dir="0" index="2" bw="32" slack="1"/>
<pin id="2715" dir="1" index="3" bw="32" slack="0"/>
</pin_list>
<bind>
<opcode="select(49) " fcode="select"/>
<opset="acc_13/10 "/>
</bind>
</comp>

<comp id="2717" class="1004" name="w_7_fu_2717">
<pin_list>
<pin id="2718" dir="0" index="0" bw="32" slack="4"/>
<pin id="2719" dir="1" index="1" bw="1" slack="0"/>
</pin_list>
<bind>
<opcode="trunc(33) " fcode="trunc"/>
<opset="w_7/10 "/>
</bind>
</comp>

<comp id="2720" class="1004" name="xor_ln90_7_fu_2720">
<pin_list>
<pin id="2721" dir="0" index="0" bw="1" slack="4"/>
<pin id="2722" dir="0" index="1" bw="1" slack="0"/>
<pin id="2723" dir="1" index="2" bw="1" slack="0"/>
</pin_list>
<bind>
<opcode="xor(25) " fcode="xor"/>
<opset="xor_ln90_7/10 "/>
</bind>
</comp>

<comp id="2725" class="1004" name="select_ln90_7_fu_2725">
<pin_list>
<pin id="2726" dir="0" index="0" bw="1" slack="0"/>
<pin id="2727" dir="0" index="1" bw="1" slack="0"/>
<pin id="2728" dir="0" index="2" bw="1" slack="0"/>
<pin id="2729" dir="1" index="3" bw="32" slack="0"/>
</pin_list>
<bind>
<opcode="select(49) " fcode="select"/>
<opset="select_ln90_7/10 "/>
</bind>
</comp>

<comp id="2733" class="1004" name="acc_14_fu_2733">
<pin_list>
<pin id="2734" dir="0" index="0" bw="32" slack="0"/>
<pin id="2735" dir="0" index="1" bw="32" slack="0"/>
<pin id="2736" dir="1" index="2" bw="32" slack="0"/>
</pin_list>
<bind>
<opcode="add(8) " fcode="add"/>
<opset="acc_14/10 "/>
</bind>
</comp>

<comp id="2739" class="1004" name="acc_15_fu_2739">
<pin_list>
<pin id="2740" dir="0" index="0" bw="1" slack="8"/>
<pin id="2741" dir="0" index="1" bw="32" slack="0"/>
<pin id="2742" dir="0" index="2" bw="32" slack="0"/>
<pin id="2743" dir="1" index="3" bw="32" slack="0"/>
</pin_list>
<bind>
<opcode="select(49) " fcode="select"/>
<opset="acc_15/10 "/>
</bind>
</comp>

<comp id="2746" class="1004" name="w_8_fu_2746">
<pin_list>
<pin id="2747" dir="0" index="0" bw="32" slack="3"/>
<pin id="2748" dir="1" index="1" bw="1" slack="0"/>
</pin_list>
<bind>
<opcode="trunc(33) " fcode="trunc"/>
<opset="w_8/10 "/>
</bind>
</comp>

<comp id="2749" class="1004" name="xor_ln90_8_fu_2749">
<pin_list>
<pin id="2750" dir="0" index="0" bw="1" slack="3"/>
<pin id="2751" dir="0" index="1" bw="1" slack="0"/>
<pin id="2752" dir="1" index="2" bw="1" slack="0"/>
</pin_list>
<bind>
<opcode="xor(25) " fcode="xor"/>
<opset="xor_ln90_8/10 "/>
</bind>
</comp>

<comp id="2754" class="1004" name="select_ln90_8_fu_2754">
<pin_list>
<pin id="2755" dir="0" index="0" bw="1" slack="0"/>
<pin id="2756" dir="0" index="1" bw="1" slack="0"/>
<pin id="2757" dir="0" index="2" bw="1" slack="0"/>
<pin id="2758" dir="1" index="3" bw="32" slack="0"/>
</pin_list>
<bind>
<opcode="select(49) " fcode="select"/>
<opset="select_ln90_8/10 "/>
</bind>
</comp>

<comp id="2762" class="1004" name="acc_16_fu_2762">
<pin_list>
<pin id="2763" dir="0" index="0" bw="32" slack="0"/>
<pin id="2764" dir="0" index="1" bw="32" slack="0"/>
<pin id="2765" dir="1" index="2" bw="32" slack="0"/>
</pin_list>
<bind>
<opcode="add(8) " fcode="add"/>
<opset="acc_16/10 "/>
</bind>
</comp>

<comp id="2768" class="1004" name="acc_17_fu_2768">
<pin_list>
<pin id="2769" dir="0" index="0" bw="1" slack="0"/>
<pin id="2770" dir="0" index="1" bw="32" slack="0"/>
<pin id="2771" dir="0" index="2" bw="32" slack="0"/>
<pin id="2772" dir="1" index="3" bw="32" slack="0"/>
</pin_list>
<bind>
<opcode="select(49) " fcode="select"/>
<opset="acc_17/10 "/>
</bind>
</comp>

<comp id="2781" class="1004" name="zext_ln94_2_fu_2781">
<pin_list>
<pin id="2782" dir="0" index="0" bw="6" slack="5"/>
<pin id="2783" dir="1" index="1" bw="64" slack="0"/>
</pin_list>
<bind>
<opcode="zext(34) " fcode="zext"/>
<opset="zext_ln94_2/10 "/>
</bind>
</comp>

<comp id="2789" class="1004" name="trunc_ln94_1_fu_2789">
<pin_list>
<pin id="2790" dir="0" index="0" bw="3" slack="0"/>
<pin id="2791" dir="1" index="1" bw="3" slack="0"/>
</pin_list>
<bind>
<opcode="trunc(33) " fcode="trunc"/>
<opset="trunc_ln94_1/10 "/>
</bind>
</comp>

<comp id="2793" class="1004" name="switch_ln94_fu_2793">
<pin_list>
<pin id="2794" dir="0" index="0" bw="3" slack="0"/>
<pin id="2795" dir="0" index="1" bw="1" slack="0"/>
<pin id="2796" dir="0" index="2" bw="1" slack="0"/>
<pin id="2797" dir="0" index="3" bw="3" slack="0"/>
<pin id="2798" dir="0" index="4" bw="3" slack="0"/>
<pin id="2799" dir="1" index="5" bw="0" slack="2147483647"/>
</pin_list>
<bind>
<opcode="switch(3) " fcode="switch"/>
<opset="switch_ln94/10 "/>
</bind>
</comp>

<comp id="2805" class="1004" name="store_ln81_store_fu_2805">
<pin_list>
<pin id="2806" dir="0" index="0" bw="32" slack="0"/>
<pin id="2807" dir="0" index="1" bw="32" slack="9"/>
<pin id="2808" dir="1" index="2" bw="0" slack="2147483647"/>
</pin_list>
<bind>
<opcode="store(28) " fcode="store"/>
<opset="store_ln81/10 "/>
</bind>
</comp>

<comp id="2810" class="1005" name="acc_reg_2810">
<pin_list>
<pin id="2811" dir="0" index="0" bw="32" slack="0"/>
<pin id="2812" dir="1" index="1" bw="32" slack="0"/>
</pin_list>
<bind>
<opset="acc "/>
</bind>
</comp>

<comp id="2817" class="1005" name="ci_reg_2817">
<pin_list>
<pin id="2818" dir="0" index="0" bw="6" slack="0"/>
<pin id="2819" dir="1" index="1" bw="6" slack="0"/>
</pin_list>
<bind>
<opset="ci "/>
</bind>
</comp>

<comp id="2824" class="1005" name="ow_reg_2824">
<pin_list>
<pin id="2825" dir="0" index="0" bw="5" slack="0"/>
<pin id="2826" dir="1" index="1" bw="5" slack="0"/>
</pin_list>
<bind>
<opset="ow "/>
</bind>
</comp>

<comp id="2831" class="1005" name="indvar_flatten13_reg_2831">
<pin_list>
<pin id="2832" dir="0" index="0" bw="11" slack="0"/>
<pin id="2833" dir="1" index="1" bw="11" slack="0"/>
</pin_list>
<bind>
<opset="indvar_flatten13 "/>
</bind>
</comp>

<comp id="2838" class="1005" name="oh_reg_2838">
<pin_list>
<pin id="2839" dir="0" index="0" bw="5" slack="0"/>
<pin id="2840" dir="1" index="1" bw="5" slack="0"/>
</pin_list>
<bind>
<opset="oh "/>
</bind>
</comp>

<comp id="2845" class="1005" name="indvar_flatten29_reg_2845">
<pin_list>
<pin id="2846" dir="0" index="0" bw="14" slack="0"/>
<pin id="2847" dir="1" index="1" bw="14" slack="0"/>
</pin_list>
<bind>
<opset="indvar_flatten29 "/>
</bind>
</comp>

<comp id="2852" class="1005" name="mul_ln79_read_reg_2852">
<pin_list>
<pin id="2853" dir="0" index="0" bw="15" slack="1"/>
<pin id="2854" dir="1" index="1" bw="15" slack="1"/>
</pin_list>
<bind>
<opset="mul_ln79_read "/>
</bind>
</comp>

<comp id="2857" class="1005" name="icmp_ln79_reg_2857">
<pin_list>
<pin id="2858" dir="0" index="0" bw="1" slack="1"/>
<pin id="2859" dir="1" index="1" bw="1" slack="2147483647"/>
</pin_list>
<bind>
<opset="icmp_ln79 "/>
</bind>
</comp>

<comp id="2861" class="1005" name="select_ln79_1_reg_2861">
<pin_list>
<pin id="2862" dir="0" index="0" bw="5" slack="6"/>
<pin id="2863" dir="1" index="1" bw="5" slack="6"/>
</pin_list>
<bind>
<opset="select_ln79_1 "/>
</bind>
</comp>

<comp id="2867" class="1005" name="select_ln79_3_reg_2867">
<pin_list>
<pin id="2868" dir="0" index="0" bw="5" slack="3"/>
<pin id="2869" dir="1" index="1" bw="5" slack="3"/>
</pin_list>
<bind>
<opset="select_ln79_3 "/>
</bind>
</comp>

<comp id="2873" class="1005" name="empty_reg_2873">
<pin_list>
<pin id="2874" dir="0" index="0" bw="1" slack="6"/>
<pin id="2875" dir="1" index="1" bw="1" slack="6"/>
</pin_list>
<bind>
<opset="empty "/>
</bind>
</comp>

<comp id="2878" class="1005" name="add_ln86_2_mid2_reg_2878">
<pin_list>
<pin id="2879" dir="0" index="0" bw="5" slack="5"/>
<pin id="2880" dir="1" index="1" bw="5" slack="5"/>
</pin_list>
<bind>
<opset="add_ln86_2_mid2 "/>
</bind>
</comp>

<comp id="2885" class="1005" name="select_ln80_reg_2885">
<pin_list>
<pin id="2886" dir="0" index="0" bw="5" slack="3"/>
<pin id="2887" dir="1" index="1" bw="5" slack="3"/>
</pin_list>
<bind>
<opset="select_ln80 "/>
</bind>
</comp>

<comp id="2892" class="1005" name="trunc_ln94_reg_2892">
<pin_list>
<pin id="2893" dir="0" index="0" bw="4" slack="2"/>
<pin id="2894" dir="1" index="1" bw="4" slack="2"/>
</pin_list>
<bind>
<opset="trunc_ln94 "/>
</bind>
</comp>

<comp id="2901" class="1005" name="tmp_5_reg_2901">
<pin_list>
<pin id="2902" dir="0" index="0" bw="1" slack="3"/>
<pin id="2903" dir="1" index="1" bw="1" slack="8"/>
</pin_list>
<bind>
<opset="tmp_5 "/>
</bind>
</comp>

<comp id="2906" class="1005" name="trunc_ln80_reg_2906">
<pin_list>
<pin id="2907" dir="0" index="0" bw="3" slack="2"/>
<pin id="2908" dir="1" index="1" bw="3" slack="3"/>
</pin_list>
<bind>
<opset="trunc_ln80 "/>
</bind>
</comp>

<comp id="2915" class="1005" name="tmp_10_reg_2915">
<pin_list>
<pin id="2916" dir="0" index="0" bw="1" slack="2"/>
<pin id="2917" dir="1" index="1" bw="1" slack="7"/>
</pin_list>
<bind>
<opset="tmp_10 "/>
</bind>
</comp>

<comp id="2920" class="1005" name="tmp_14_reg_2920">
<pin_list>
<pin id="2921" dir="0" index="0" bw="1" slack="2"/>
<pin id="2922" dir="1" index="1" bw="1" slack="2"/>
</pin_list>
<bind>
<opset="tmp_14 "/>
</bind>
</comp>

<comp id="2926" class="1005" name="lshr_ln88_1_reg_2926">
<pin_list>
<pin id="2927" dir="0" index="0" bw="2" slack="2"/>
<pin id="2928" dir="1" index="1" bw="2" slack="2"/>
</pin_list>
<bind>
<opset="lshr_ln88_1 "/>
</bind>
</comp>

<comp id="2931" class="1005" name="trunc_ln88_reg_2931">
<pin_list>
<pin id="2932" dir="0" index="0" bw="5" slack="2"/>
<pin id="2933" dir="1" index="1" bw="5" slack="2"/>
</pin_list>
<bind>
<opset="trunc_ln88 "/>
</bind>
</comp>

<comp id="2941" class="1005" name="add_ln89_reg_2941">
<pin_list>
<pin id="2942" dir="0" index="0" bw="15" slack="1"/>
<pin id="2943" dir="1" index="1" bw="15" slack="1"/>
</pin_list>
<bind>
<opset="add_ln89 "/>
</bind>
</comp>

<comp id="2952" class="1005" name="trunc_ln89_reg_2952">
<pin_list>
<pin id="2953" dir="0" index="0" bw="5" slack="1"/>
<pin id="2954" dir="1" index="1" bw="5" slack="1"/>
</pin_list>
<bind>
<opset="trunc_ln89 "/>
</bind>
</comp>

<comp id="2965" class="1005" name="W2_0_addr_reg_2965">
<pin_list>
<pin id="2966" dir="0" index="0" bw="9" slack="1"/>
<pin id="2967" dir="1" index="1" bw="9" slack="1"/>
</pin_list>
<bind>
<opset="W2_0_addr "/>
</bind>
</comp>

<comp id="2970" class="1005" name="W2_1_addr_reg_2970">
<pin_list>
<pin id="2971" dir="0" index="0" bw="9" slack="1"/>
<pin id="2972" dir="1" index="1" bw="9" slack="1"/>
</pin_list>
<bind>
<opset="W2_1_addr "/>
</bind>
</comp>

<comp id="2975" class="1005" name="tmp_16_reg_2975">
<pin_list>
<pin id="2976" dir="0" index="0" bw="1" slack="1"/>
<pin id="2977" dir="1" index="1" bw="1" slack="1"/>
</pin_list>
<bind>
<opset="tmp_16 "/>
</bind>
</comp>

<comp id="2980" class="1005" name="W2_0_addr_1_reg_2980">
<pin_list>
<pin id="2981" dir="0" index="0" bw="9" slack="1"/>
<pin id="2982" dir="1" index="1" bw="9" slack="1"/>
</pin_list>
<bind>
<opset="W2_0_addr_1 "/>
</bind>
</comp>

<comp id="2985" class="1005" name="W2_1_addr_1_reg_2985">
<pin_list>
<pin id="2986" dir="0" index="0" bw="9" slack="1"/>
<pin id="2987" dir="1" index="1" bw="9" slack="1"/>
</pin_list>
<bind>
<opset="W2_1_addr_1 "/>
</bind>
</comp>

<comp id="2990" class="1005" name="tmp_17_reg_2990">
<pin_list>
<pin id="2991" dir="0" index="0" bw="1" slack="1"/>
<pin id="2992" dir="1" index="1" bw="1" slack="1"/>
</pin_list>
<bind>
<opset="tmp_17 "/>
</bind>
</comp>

<comp id="2995" class="1005" name="icmp_ln82_1_reg_2995">
<pin_list>
<pin id="2996" dir="0" index="0" bw="1" slack="8"/>
<pin id="2997" dir="1" index="1" bw="1" slack="2147483647"/>
</pin_list>
<bind>
<opset="icmp_ln82_1 "/>
</bind>
</comp>

<comp id="2999" class="1005" name="add_ln94_reg_2999">
<pin_list>
<pin id="3000" dir="0" index="0" bw="5" slack="1"/>
<pin id="3001" dir="1" index="1" bw="5" slack="1"/>
</pin_list>
<bind>
<opset="add_ln94 "/>
</bind>
</comp>

<comp id="3005" class="1005" name="lshr_ln89_reg_3005">
<pin_list>
<pin id="3006" dir="0" index="0" bw="32" slack="5"/>
<pin id="3007" dir="1" index="1" bw="32" slack="5"/>
</pin_list>
<bind>
<opset="lshr_ln89 "/>
</bind>
</comp>

<comp id="3010" class="1005" name="lshr_ln89_1_reg_3010">
<pin_list>
<pin id="3011" dir="0" index="0" bw="32" slack="5"/>
<pin id="3012" dir="1" index="1" bw="32" slack="5"/>
</pin_list>
<bind>
<opset="lshr_ln89_1 "/>
</bind>
</comp>

<comp id="3015" class="1005" name="W2_0_addr_2_reg_3015">
<pin_list>
<pin id="3016" dir="0" index="0" bw="9" slack="1"/>
<pin id="3017" dir="1" index="1" bw="9" slack="1"/>
</pin_list>
<bind>
<opset="W2_0_addr_2 "/>
</bind>
</comp>

<comp id="3020" class="1005" name="W2_1_addr_2_reg_3020">
<pin_list>
<pin id="3021" dir="0" index="0" bw="9" slack="1"/>
<pin id="3022" dir="1" index="1" bw="9" slack="1"/>
</pin_list>
<bind>
<opset="W2_1_addr_2 "/>
</bind>
</comp>

<comp id="3025" class="1005" name="tmp_18_reg_3025">
<pin_list>
<pin id="3026" dir="0" index="0" bw="1" slack="1"/>
<pin id="3027" dir="1" index="1" bw="1" slack="1"/>
</pin_list>
<bind>
<opset="tmp_18 "/>
</bind>
</comp>

<comp id="3030" class="1005" name="W2_0_addr_3_reg_3030">
<pin_list>
<pin id="3031" dir="0" index="0" bw="9" slack="1"/>
<pin id="3032" dir="1" index="1" bw="9" slack="1"/>
</pin_list>
<bind>
<opset="W2_0_addr_3 "/>
</bind>
</comp>

<comp id="3035" class="1005" name="W2_1_addr_3_reg_3035">
<pin_list>
<pin id="3036" dir="0" index="0" bw="9" slack="1"/>
<pin id="3037" dir="1" index="1" bw="9" slack="1"/>
</pin_list>
<bind>
<opset="W2_1_addr_3 "/>
</bind>
</comp>

<comp id="3040" class="1005" name="tmp_19_reg_3040">
<pin_list>
<pin id="3041" dir="0" index="0" bw="1" slack="1"/>
<pin id="3042" dir="1" index="1" bw="1" slack="1"/>
</pin_list>
<bind>
<opset="tmp_19 "/>
</bind>
</comp>

<comp id="3045" class="1005" name="zext_ln82_reg_3045">
<pin_list>
<pin id="3046" dir="0" index="0" bw="10" slack="1"/>
<pin id="3047" dir="1" index="1" bw="10" slack="1"/>
</pin_list>
<bind>
<opset="zext_ln82 "/>
</bind>
</comp>

<comp id="3050" class="1005" name="lshr_ln89_3_reg_3050">
<pin_list>
<pin id="3051" dir="0" index="0" bw="32" slack="5"/>
<pin id="3052" dir="1" index="1" bw="32" slack="5"/>
</pin_list>
<bind>
<opset="lshr_ln89_3 "/>
</bind>
</comp>

<comp id="3055" class="1005" name="lshr_ln89_5_reg_3055">
<pin_list>
<pin id="3056" dir="0" index="0" bw="32" slack="5"/>
<pin id="3057" dir="1" index="1" bw="32" slack="5"/>
</pin_list>
<bind>
<opset="lshr_ln89_5 "/>
</bind>
</comp>

<comp id="3060" class="1005" name="bnn_top_int_const_unsigned_int_const_int_const_unsigned_int_const_int_co_133_reg_3060">
<pin_list>
<pin id="3061" dir="0" index="0" bw="10" slack="1"/>
<pin id="3062" dir="1" index="1" bw="10" slack="1"/>
</pin_list>
<bind>
<opset="bnn_top_int_const_unsigned_int_const_int_const_unsigned_int_const_int_co_133 "/>
</bind>
</comp>

<comp id="3065" class="1005" name="bnn_top_int_const_unsigned_int_const_int_const_unsigned_int_const_int_co_134_reg_3065">
<pin_list>
<pin id="3066" dir="0" index="0" bw="10" slack="1"/>
<pin id="3067" dir="1" index="1" bw="10" slack="1"/>
</pin_list>
<bind>
<opset="bnn_top_int_const_unsigned_int_const_int_const_unsigned_int_const_int_co_134 "/>
</bind>
</comp>

<comp id="3070" class="1005" name="bnn_top_int_const_unsigned_int_const_int_const_unsigned_int_const_int_co_135_reg_3070">
<pin_list>
<pin id="3071" dir="0" index="0" bw="10" slack="1"/>
<pin id="3072" dir="1" index="1" bw="10" slack="1"/>
</pin_list>
<bind>
<opset="bnn_top_int_const_unsigned_int_const_int_const_unsigned_int_const_int_co_135 "/>
</bind>
</comp>

<comp id="3075" class="1005" name="bnn_top_int_const_unsigned_int_const_int_const_unsigned_int_const_int_co_136_reg_3075">
<pin_list>
<pin id="3076" dir="0" index="0" bw="10" slack="1"/>
<pin id="3077" dir="1" index="1" bw="10" slack="1"/>
</pin_list>
<bind>
<opset="bnn_top_int_const_unsigned_int_const_int_const_unsigned_int_const_int_co_136 "/>
</bind>
</comp>

<comp id="3080" class="1005" name="bnn_top_int_const_unsigned_int_const_int_const_unsigned_int_const_int_co_137_reg_3080">
<pin_list>
<pin id="3081" dir="0" index="0" bw="10" slack="1"/>
<pin id="3082" dir="1" index="1" bw="10" slack="1"/>
</pin_list>
<bind>
<opset="bnn_top_int_const_unsigned_int_const_int_const_unsigned_int_const_int_co_137 "/>
</bind>
</comp>

<comp id="3085" class="1005" name="bnn_top_int_const_unsigned_int_const_int_const_unsigned_int_const_int_co_138_reg_3085">
<pin_list>
<pin id="3086" dir="0" index="0" bw="10" slack="1"/>
<pin id="3087" dir="1" index="1" bw="10" slack="1"/>
</pin_list>
<bind>
<opset="bnn_top_int_const_unsigned_int_const_int_const_unsigned_int_const_int_co_138 "/>
</bind>
</comp>

<comp id="3090" class="1005" name="bnn_top_int_const_unsigned_int_const_int_const_unsigned_int_const_int_co_139_reg_3090">
<pin_list>
<pin id="3091" dir="0" index="0" bw="10" slack="1"/>
<pin id="3092" dir="1" index="1" bw="10" slack="1"/>
</pin_list>
<bind>
<opset="bnn_top_int_const_unsigned_int_const_int_const_unsigned_int_const_int_co_139 "/>
</bind>
</comp>

<comp id="3095" class="1005" name="bnn_top_int_const_unsigned_int_const_int_const_unsigned_int_const_int_co_140_reg_3095">
<pin_list>
<pin id="3096" dir="0" index="0" bw="10" slack="1"/>
<pin id="3097" dir="1" index="1" bw="10" slack="1"/>
</pin_list>
<bind>
<opset="bnn_top_int_const_unsigned_int_const_int_const_unsigned_int_const_int_co_140 "/>
</bind>
</comp>

<comp id="3100" class="1005" name="W2_0_addr_4_reg_3100">
<pin_list>
<pin id="3101" dir="0" index="0" bw="9" slack="1"/>
<pin id="3102" dir="1" index="1" bw="9" slack="1"/>
</pin_list>
<bind>
<opset="W2_0_addr_4 "/>
</bind>
</comp>

<comp id="3105" class="1005" name="W2_1_addr_4_reg_3105">
<pin_list>
<pin id="3106" dir="0" index="0" bw="9" slack="1"/>
<pin id="3107" dir="1" index="1" bw="9" slack="1"/>
</pin_list>
<bind>
<opset="W2_1_addr_4 "/>
</bind>
</comp>

<comp id="3110" class="1005" name="tmp_20_reg_3110">
<pin_list>
<pin id="3111" dir="0" index="0" bw="1" slack="1"/>
<pin id="3112" dir="1" index="1" bw="1" slack="1"/>
</pin_list>
<bind>
<opset="tmp_20 "/>
</bind>
</comp>

<comp id="3115" class="1005" name="bnn_top_int_const_unsigned_int_const_int_const_unsigned_int_const_int_co_149_reg_3115">
<pin_list>
<pin id="3116" dir="0" index="0" bw="10" slack="1"/>
<pin id="3117" dir="1" index="1" bw="10" slack="1"/>
</pin_list>
<bind>
<opset="bnn_top_int_const_unsigned_int_const_int_const_unsigned_int_const_int_co_149 "/>
</bind>
</comp>

<comp id="3120" class="1005" name="bnn_top_int_const_unsigned_int_const_int_const_unsigned_int_const_int_co_150_reg_3120">
<pin_list>
<pin id="3121" dir="0" index="0" bw="10" slack="1"/>
<pin id="3122" dir="1" index="1" bw="10" slack="1"/>
</pin_list>
<bind>
<opset="bnn_top_int_const_unsigned_int_const_int_const_unsigned_int_const_int_co_150 "/>
</bind>
</comp>

<comp id="3125" class="1005" name="bnn_top_int_const_unsigned_int_const_int_const_unsigned_int_const_int_co_151_reg_3125">
<pin_list>
<pin id="3126" dir="0" index="0" bw="10" slack="1"/>
<pin id="3127" dir="1" index="1" bw="10" slack="1"/>
</pin_list>
<bind>
<opset="bnn_top_int_const_unsigned_int_const_int_const_unsigned_int_const_int_co_151 "/>
</bind>
</comp>

<comp id="3130" class="1005" name="bnn_top_int_const_unsigned_int_const_int_const_unsigned_int_const_int_co_152_reg_3130">
<pin_list>
<pin id="3131" dir="0" index="0" bw="10" slack="1"/>
<pin id="3132" dir="1" index="1" bw="10" slack="1"/>
</pin_list>
<bind>
<opset="bnn_top_int_const_unsigned_int_const_int_const_unsigned_int_const_int_co_152 "/>
</bind>
</comp>

<comp id="3135" class="1005" name="bnn_top_int_const_unsigned_int_const_int_const_unsigned_int_const_int_co_153_reg_3135">
<pin_list>
<pin id="3136" dir="0" index="0" bw="10" slack="1"/>
<pin id="3137" dir="1" index="1" bw="10" slack="1"/>
</pin_list>
<bind>
<opset="bnn_top_int_const_unsigned_int_const_int_const_unsigned_int_const_int_co_153 "/>
</bind>
</comp>

<comp id="3140" class="1005" name="bnn_top_int_const_unsigned_int_const_int_const_unsigned_int_const_int_co_154_reg_3140">
<pin_list>
<pin id="3141" dir="0" index="0" bw="10" slack="1"/>
<pin id="3142" dir="1" index="1" bw="10" slack="1"/>
</pin_list>
<bind>
<opset="bnn_top_int_const_unsigned_int_const_int_const_unsigned_int_const_int_co_154 "/>
</bind>
</comp>

<comp id="3145" class="1005" name="bnn_top_int_const_unsigned_int_const_int_const_unsigned_int_const_int_co_155_reg_3145">
<pin_list>
<pin id="3146" dir="0" index="0" bw="10" slack="1"/>
<pin id="3147" dir="1" index="1" bw="10" slack="1"/>
</pin_list>
<bind>
<opset="bnn_top_int_const_unsigned_int_const_int_const_unsigned_int_const_int_co_155 "/>
</bind>
</comp>

<comp id="3150" class="1005" name="bnn_top_int_const_unsigned_int_const_int_const_unsigned_int_const_int_co_156_reg_3150">
<pin_list>
<pin id="3151" dir="0" index="0" bw="10" slack="1"/>
<pin id="3152" dir="1" index="1" bw="10" slack="1"/>
</pin_list>
<bind>
<opset="bnn_top_int_const_unsigned_int_const_int_const_unsigned_int_const_int_co_156 "/>
</bind>
</comp>

<comp id="3155" class="1005" name="W2_0_addr_5_reg_3155">
<pin_list>
<pin id="3156" dir="0" index="0" bw="9" slack="1"/>
<pin id="3157" dir="1" index="1" bw="9" slack="1"/>
</pin_list>
<bind>
<opset="W2_0_addr_5 "/>
</bind>
</comp>

<comp id="3160" class="1005" name="W2_1_addr_5_reg_3160">
<pin_list>
<pin id="3161" dir="0" index="0" bw="9" slack="1"/>
<pin id="3162" dir="1" index="1" bw="9" slack="1"/>
</pin_list>
<bind>
<opset="W2_1_addr_5 "/>
</bind>
</comp>

<comp id="3165" class="1005" name="tmp_21_reg_3165">
<pin_list>
<pin id="3166" dir="0" index="0" bw="1" slack="1"/>
<pin id="3167" dir="1" index="1" bw="1" slack="1"/>
</pin_list>
<bind>
<opset="tmp_21 "/>
</bind>
</comp>

<comp id="3170" class="1005" name="shl_ln3_reg_3170">
<pin_list>
<pin id="3171" dir="0" index="0" bw="8" slack="2"/>
<pin id="3172" dir="1" index="1" bw="8" slack="2"/>
</pin_list>
<bind>
<opset="shl_ln3 "/>
</bind>
</comp>

<comp id="3175" class="1005" name="add_ln86_1_reg_3175">
<pin_list>
<pin id="3176" dir="0" index="0" bw="5" slack="2"/>
<pin id="3177" dir="1" index="1" bw="5" slack="2"/>
</pin_list>
<bind>
<opset="add_ln86_1 "/>
</bind>
</comp>

<comp id="3182" class="1005" name="tmp_9_reg_3182">
<pin_list>
<pin id="3183" dir="0" index="0" bw="1" slack="2"/>
<pin id="3184" dir="1" index="1" bw="1" slack="3"/>
</pin_list>
<bind>
<opset="tmp_9 "/>
</bind>
</comp>

<comp id="3188" class="1005" name="a_4_reg_3188">
<pin_list>
<pin id="3189" dir="0" index="0" bw="1" slack="4"/>
<pin id="3190" dir="1" index="1" bw="1" slack="4"/>
</pin_list>
<bind>
<opset="a_4 "/>
</bind>
</comp>

<comp id="3193" class="1005" name="lshr_ln89_7_reg_3193">
<pin_list>
<pin id="3194" dir="0" index="0" bw="32" slack="4"/>
<pin id="3195" dir="1" index="1" bw="32" slack="4"/>
</pin_list>
<bind>
<opset="lshr_ln89_7 "/>
</bind>
</comp>

<comp id="3198" class="1005" name="a_5_reg_3198">
<pin_list>
<pin id="3199" dir="0" index="0" bw="1" slack="4"/>
<pin id="3200" dir="1" index="1" bw="1" slack="4"/>
</pin_list>
<bind>
<opset="a_5 "/>
</bind>
</comp>

<comp id="3203" class="1005" name="lshr_ln89_9_reg_3203">
<pin_list>
<pin id="3204" dir="0" index="0" bw="32" slack="4"/>
<pin id="3205" dir="1" index="1" bw="32" slack="4"/>
</pin_list>
<bind>
<opset="lshr_ln89_9 "/>
</bind>
</comp>

<comp id="3208" class="1005" name="bnn_top_int_const_unsigned_int_const_int_const_unsigned_int_const_int_co_165_reg_3208">
<pin_list>
<pin id="3209" dir="0" index="0" bw="10" slack="1"/>
<pin id="3210" dir="1" index="1" bw="10" slack="1"/>
</pin_list>
<bind>
<opset="bnn_top_int_const_unsigned_int_const_int_const_unsigned_int_const_int_co_165 "/>
</bind>
</comp>

<comp id="3213" class="1005" name="bnn_top_int_const_unsigned_int_const_int_const_unsigned_int_const_int_co_166_reg_3213">
<pin_list>
<pin id="3214" dir="0" index="0" bw="10" slack="1"/>
<pin id="3215" dir="1" index="1" bw="10" slack="1"/>
</pin_list>
<bind>
<opset="bnn_top_int_const_unsigned_int_const_int_const_unsigned_int_const_int_co_166 "/>
</bind>
</comp>

<comp id="3218" class="1005" name="bnn_top_int_const_unsigned_int_const_int_const_unsigned_int_const_int_co_167_reg_3218">
<pin_list>
<pin id="3219" dir="0" index="0" bw="10" slack="1"/>
<pin id="3220" dir="1" index="1" bw="10" slack="1"/>
</pin_list>
<bind>
<opset="bnn_top_int_const_unsigned_int_const_int_const_unsigned_int_const_int_co_167 "/>
</bind>
</comp>

<comp id="3223" class="1005" name="bnn_top_int_const_unsigned_int_const_int_const_unsigned_int_const_int_co_168_reg_3223">
<pin_list>
<pin id="3224" dir="0" index="0" bw="10" slack="1"/>
<pin id="3225" dir="1" index="1" bw="10" slack="1"/>
</pin_list>
<bind>
<opset="bnn_top_int_const_unsigned_int_const_int_const_unsigned_int_const_int_co_168 "/>
</bind>
</comp>

<comp id="3228" class="1005" name="bnn_top_int_const_unsigned_int_const_int_const_unsigned_int_const_int_co_169_reg_3228">
<pin_list>
<pin id="3229" dir="0" index="0" bw="10" slack="1"/>
<pin id="3230" dir="1" index="1" bw="10" slack="1"/>
</pin_list>
<bind>
<opset="bnn_top_int_const_unsigned_int_const_int_const_unsigned_int_const_int_co_169 "/>
</bind>
</comp>

<comp id="3233" class="1005" name="bnn_top_int_const_unsigned_int_const_int_const_unsigned_int_const_int_co_170_reg_3233">
<pin_list>
<pin id="3234" dir="0" index="0" bw="10" slack="1"/>
<pin id="3235" dir="1" index="1" bw="10" slack="1"/>
</pin_list>
<bind>
<opset="bnn_top_int_const_unsigned_int_const_int_const_unsigned_int_const_int_co_170 "/>
</bind>
</comp>

<comp id="3238" class="1005" name="bnn_top_int_const_unsigned_int_const_int_const_unsigned_int_const_int_co_171_reg_3238">
<pin_list>
<pin id="3239" dir="0" index="0" bw="10" slack="1"/>
<pin id="3240" dir="1" index="1" bw="10" slack="1"/>
</pin_list>
<bind>
<opset="bnn_top_int_const_unsigned_int_const_int_const_unsigned_int_const_int_co_171 "/>
</bind>
</comp>

<comp id="3243" class="1005" name="bnn_top_int_const_unsigned_int_const_int_const_unsigned_int_const_int_co_172_reg_3243">
<pin_list>
<pin id="3244" dir="0" index="0" bw="10" slack="1"/>
<pin id="3245" dir="1" index="1" bw="10" slack="1"/>
</pin_list>
<bind>
<opset="bnn_top_int_const_unsigned_int_const_int_const_unsigned_int_const_int_co_172 "/>
</bind>
</comp>

<comp id="3248" class="1005" name="W2_0_addr_6_reg_3248">
<pin_list>
<pin id="3249" dir="0" index="0" bw="9" slack="1"/>
<pin id="3250" dir="1" index="1" bw="9" slack="1"/>
</pin_list>
<bind>
<opset="W2_0_addr_6 "/>
</bind>
</comp>

<comp id="3253" class="1005" name="W2_1_addr_6_reg_3253">
<pin_list>
<pin id="3254" dir="0" index="0" bw="9" slack="1"/>
<pin id="3255" dir="1" index="1" bw="9" slack="1"/>
</pin_list>
<bind>
<opset="W2_1_addr_6 "/>
</bind>
</comp>

<comp id="3258" class="1005" name="tmp_22_reg_3258">
<pin_list>
<pin id="3259" dir="0" index="0" bw="1" slack="1"/>
<pin id="3260" dir="1" index="1" bw="1" slack="1"/>
</pin_list>
<bind>
<opset="tmp_22 "/>
</bind>
</comp>

<comp id="3263" class="1005" name="bnn_top_int_const_unsigned_int_const_int_const_unsigned_int_const_int_co_181_reg_3263">
<pin_list>
<pin id="3264" dir="0" index="0" bw="10" slack="1"/>
<pin id="3265" dir="1" index="1" bw="10" slack="1"/>
</pin_list>
<bind>
<opset="bnn_top_int_const_unsigned_int_const_int_const_unsigned_int_const_int_co_181 "/>
</bind>
</comp>

<comp id="3268" class="1005" name="bnn_top_int_const_unsigned_int_const_int_const_unsigned_int_const_int_co_182_reg_3268">
<pin_list>
<pin id="3269" dir="0" index="0" bw="10" slack="1"/>
<pin id="3270" dir="1" index="1" bw="10" slack="1"/>
</pin_list>
<bind>
<opset="bnn_top_int_const_unsigned_int_const_int_const_unsigned_int_const_int_co_182 "/>
</bind>
</comp>

<comp id="3273" class="1005" name="bnn_top_int_const_unsigned_int_const_int_const_unsigned_int_const_int_co_183_reg_3273">
<pin_list>
<pin id="3274" dir="0" index="0" bw="10" slack="1"/>
<pin id="3275" dir="1" index="1" bw="10" slack="1"/>
</pin_list>
<bind>
<opset="bnn_top_int_const_unsigned_int_const_int_const_unsigned_int_const_int_co_183 "/>
</bind>
</comp>

<comp id="3278" class="1005" name="bnn_top_int_const_unsigned_int_const_int_const_unsigned_int_const_int_co_184_reg_3278">
<pin_list>
<pin id="3279" dir="0" index="0" bw="10" slack="1"/>
<pin id="3280" dir="1" index="1" bw="10" slack="1"/>
</pin_list>
<bind>
<opset="bnn_top_int_const_unsigned_int_const_int_const_unsigned_int_const_int_co_184 "/>
</bind>
</comp>

<comp id="3283" class="1005" name="bnn_top_int_const_unsigned_int_const_int_const_unsigned_int_const_int_co_185_reg_3283">
<pin_list>
<pin id="3284" dir="0" index="0" bw="10" slack="1"/>
<pin id="3285" dir="1" index="1" bw="10" slack="1"/>
</pin_list>
<bind>
<opset="bnn_top_int_const_unsigned_int_const_int_const_unsigned_int_const_int_co_185 "/>
</bind>
</comp>

<comp id="3288" class="1005" name="bnn_top_int_const_unsigned_int_const_int_const_unsigned_int_const_int_co_186_reg_3288">
<pin_list>
<pin id="3289" dir="0" index="0" bw="10" slack="1"/>
<pin id="3290" dir="1" index="1" bw="10" slack="1"/>
</pin_list>
<bind>
<opset="bnn_top_int_const_unsigned_int_const_int_const_unsigned_int_const_int_co_186 "/>
</bind>
</comp>

<comp id="3293" class="1005" name="bnn_top_int_const_unsigned_int_const_int_const_unsigned_int_const_int_co_187_reg_3293">
<pin_list>
<pin id="3294" dir="0" index="0" bw="10" slack="1"/>
<pin id="3295" dir="1" index="1" bw="10" slack="1"/>
</pin_list>
<bind>
<opset="bnn_top_int_const_unsigned_int_const_int_const_unsigned_int_const_int_co_187 "/>
</bind>
</comp>

<comp id="3298" class="1005" name="bnn_top_int_const_unsigned_int_const_int_const_unsigned_int_const_int_co_188_reg_3298">
<pin_list>
<pin id="3299" dir="0" index="0" bw="10" slack="1"/>
<pin id="3300" dir="1" index="1" bw="10" slack="1"/>
</pin_list>
<bind>
<opset="bnn_top_int_const_unsigned_int_const_int_const_unsigned_int_const_int_co_188 "/>
</bind>
</comp>

<comp id="3303" class="1005" name="W2_0_addr_7_reg_3303">
<pin_list>
<pin id="3304" dir="0" index="0" bw="9" slack="1"/>
<pin id="3305" dir="1" index="1" bw="9" slack="1"/>
</pin_list>
<bind>
<opset="W2_0_addr_7 "/>
</bind>
</comp>

<comp id="3308" class="1005" name="W2_1_addr_7_reg_3308">
<pin_list>
<pin id="3309" dir="0" index="0" bw="9" slack="1"/>
<pin id="3310" dir="1" index="1" bw="9" slack="1"/>
</pin_list>
<bind>
<opset="W2_1_addr_7 "/>
</bind>
</comp>

<comp id="3313" class="1005" name="tmp_23_reg_3313">
<pin_list>
<pin id="3314" dir="0" index="0" bw="1" slack="1"/>
<pin id="3315" dir="1" index="1" bw="1" slack="1"/>
</pin_list>
<bind>
<opset="tmp_23 "/>
</bind>
</comp>

<comp id="3318" class="1005" name="add_ln88_13_reg_3318">
<pin_list>
<pin id="3319" dir="0" index="0" bw="10" slack="1"/>
<pin id="3320" dir="1" index="1" bw="10" slack="1"/>
</pin_list>
<bind>
<opset="add_ln88_13 "/>
</bind>
</comp>

<comp id="3323" class="1005" name="lshr_ln89_14_reg_3323">
<pin_list>
<pin id="3324" dir="0" index="0" bw="9" slack="1"/>
<pin id="3325" dir="1" index="1" bw="9" slack="1"/>
</pin_list>
<bind>
<opset="lshr_ln89_14 "/>
</bind>
</comp>

<comp id="3328" class="1005" name="tmp_24_reg_3328">
<pin_list>
<pin id="3329" dir="0" index="0" bw="1" slack="1"/>
<pin id="3330" dir="1" index="1" bw="1" slack="2"/>
</pin_list>
<bind>
<opset="tmp_24 "/>
</bind>
</comp>

<comp id="3333" class="1005" name="tmp_25_reg_3333">
<pin_list>
<pin id="3334" dir="0" index="0" bw="6" slack="5"/>
<pin id="3335" dir="1" index="1" bw="6" slack="5"/>
</pin_list>
<bind>
<opset="tmp_25 "/>
</bind>
</comp>

<comp id="3338" class="1005" name="a_6_reg_3338">
<pin_list>
<pin id="3339" dir="0" index="0" bw="1" slack="4"/>
<pin id="3340" dir="1" index="1" bw="1" slack="4"/>
</pin_list>
<bind>
<opset="a_6 "/>
</bind>
</comp>

<comp id="3343" class="1005" name="lshr_ln89_11_reg_3343">
<pin_list>
<pin id="3344" dir="0" index="0" bw="32" slack="4"/>
<pin id="3345" dir="1" index="1" bw="32" slack="4"/>
</pin_list>
<bind>
<opset="lshr_ln89_11 "/>
</bind>
</comp>

<comp id="3348" class="1005" name="a_7_reg_3348">
<pin_list>
<pin id="3349" dir="0" index="0" bw="1" slack="4"/>
<pin id="3350" dir="1" index="1" bw="1" slack="4"/>
</pin_list>
<bind>
<opset="a_7 "/>
</bind>
</comp>

<comp id="3353" class="1005" name="lshr_ln89_13_reg_3353">
<pin_list>
<pin id="3354" dir="0" index="0" bw="32" slack="4"/>
<pin id="3355" dir="1" index="1" bw="32" slack="4"/>
</pin_list>
<bind>
<opset="lshr_ln89_13 "/>
</bind>
</comp>

<comp id="3358" class="1005" name="bnn_top_int_const_unsigned_int_const_int_const_unsigned_int_const_int_co_197_reg_3358">
<pin_list>
<pin id="3359" dir="0" index="0" bw="10" slack="1"/>
<pin id="3360" dir="1" index="1" bw="10" slack="1"/>
</pin_list>
<bind>
<opset="bnn_top_int_const_unsigned_int_const_int_const_unsigned_int_const_int_co_197 "/>
</bind>
</comp>

<comp id="3363" class="1005" name="bnn_top_int_const_unsigned_int_const_int_const_unsigned_int_const_int_co_198_reg_3363">
<pin_list>
<pin id="3364" dir="0" index="0" bw="10" slack="1"/>
<pin id="3365" dir="1" index="1" bw="10" slack="1"/>
</pin_list>
<bind>
<opset="bnn_top_int_const_unsigned_int_const_int_const_unsigned_int_const_int_co_198 "/>
</bind>
</comp>

<comp id="3368" class="1005" name="bnn_top_int_const_unsigned_int_const_int_const_unsigned_int_const_int_co_199_reg_3368">
<pin_list>
<pin id="3369" dir="0" index="0" bw="10" slack="1"/>
<pin id="3370" dir="1" index="1" bw="10" slack="1"/>
</pin_list>
<bind>
<opset="bnn_top_int_const_unsigned_int_const_int_const_unsigned_int_const_int_co_199 "/>
</bind>
</comp>

<comp id="3373" class="1005" name="bnn_top_int_const_unsigned_int_const_int_const_unsigned_int_const_int_co_200_reg_3373">
<pin_list>
<pin id="3374" dir="0" index="0" bw="10" slack="1"/>
<pin id="3375" dir="1" index="1" bw="10" slack="1"/>
</pin_list>
<bind>
<opset="bnn_top_int_const_unsigned_int_const_int_const_unsigned_int_const_int_co_200 "/>
</bind>
</comp>

<comp id="3378" class="1005" name="bnn_top_int_const_unsigned_int_const_int_const_unsigned_int_const_int_co_201_reg_3378">
<pin_list>
<pin id="3379" dir="0" index="0" bw="10" slack="1"/>
<pin id="3380" dir="1" index="1" bw="10" slack="1"/>
</pin_list>
<bind>
<opset="bnn_top_int_const_unsigned_int_const_int_const_unsigned_int_const_int_co_201 "/>
</bind>
</comp>

<comp id="3383" class="1005" name="bnn_top_int_const_unsigned_int_const_int_const_unsigned_int_const_int_co_202_reg_3383">
<pin_list>
<pin id="3384" dir="0" index="0" bw="10" slack="1"/>
<pin id="3385" dir="1" index="1" bw="10" slack="1"/>
</pin_list>
<bind>
<opset="bnn_top_int_const_unsigned_int_const_int_const_unsigned_int_const_int_co_202 "/>
</bind>
</comp>

<comp id="3388" class="1005" name="bnn_top_int_const_unsigned_int_const_int_const_unsigned_int_const_int_co_203_reg_3388">
<pin_list>
<pin id="3389" dir="0" index="0" bw="10" slack="1"/>
<pin id="3390" dir="1" index="1" bw="10" slack="1"/>
</pin_list>
<bind>
<opset="bnn_top_int_const_unsigned_int_const_int_const_unsigned_int_const_int_co_203 "/>
</bind>
</comp>

<comp id="3393" class="1005" name="bnn_top_int_const_unsigned_int_const_int_const_unsigned_int_const_int_co_204_reg_3393">
<pin_list>
<pin id="3394" dir="0" index="0" bw="10" slack="1"/>
<pin id="3395" dir="1" index="1" bw="10" slack="1"/>
</pin_list>
<bind>
<opset="bnn_top_int_const_unsigned_int_const_int_const_unsigned_int_const_int_co_204 "/>
</bind>
</comp>

<comp id="3398" class="1005" name="W2_0_addr_8_reg_3398">
<pin_list>
<pin id="3399" dir="0" index="0" bw="9" slack="1"/>
<pin id="3400" dir="1" index="1" bw="9" slack="1"/>
</pin_list>
<bind>
<opset="W2_0_addr_8 "/>
</bind>
</comp>

<comp id="3403" class="1005" name="W2_1_addr_8_reg_3403">
<pin_list>
<pin id="3404" dir="0" index="0" bw="9" slack="1"/>
<pin id="3405" dir="1" index="1" bw="9" slack="1"/>
</pin_list>
<bind>
<opset="W2_1_addr_8 "/>
</bind>
</comp>

<comp id="3408" class="1005" name="bnn_top_int_const_unsigned_int_const_int_const_unsigned_int_const_int_co_69_reg_3408">
<pin_list>
<pin id="3409" dir="0" index="0" bw="10" slack="1"/>
<pin id="3410" dir="1" index="1" bw="10" slack="1"/>
</pin_list>
<bind>
<opset="bnn_top_int_const_unsigned_int_const_int_const_unsigned_int_const_int_co_69 "/>
</bind>
</comp>

<comp id="3413" class="1005" name="bnn_top_int_const_unsigned_int_const_int_const_unsigned_int_const_int_co_70_reg_3413">
<pin_list>
<pin id="3414" dir="0" index="0" bw="10" slack="1"/>
<pin id="3415" dir="1" index="1" bw="10" slack="1"/>
</pin_list>
<bind>
<opset="bnn_top_int_const_unsigned_int_const_int_const_unsigned_int_const_int_co_70 "/>
</bind>
</comp>

<comp id="3418" class="1005" name="bnn_top_int_const_unsigned_int_const_int_const_unsigned_int_const_int_co_71_reg_3418">
<pin_list>
<pin id="3419" dir="0" index="0" bw="10" slack="1"/>
<pin id="3420" dir="1" index="1" bw="10" slack="1"/>
</pin_list>
<bind>
<opset="bnn_top_int_const_unsigned_int_const_int_const_unsigned_int_const_int_co_71 "/>
</bind>
</comp>

<comp id="3423" class="1005" name="bnn_top_int_const_unsigned_int_const_int_const_unsigned_int_const_int_co_72_reg_3423">
<pin_list>
<pin id="3424" dir="0" index="0" bw="10" slack="1"/>
<pin id="3425" dir="1" index="1" bw="10" slack="1"/>
</pin_list>
<bind>
<opset="bnn_top_int_const_unsigned_int_const_int_const_unsigned_int_const_int_co_72 "/>
</bind>
</comp>

<comp id="3428" class="1005" name="bnn_top_int_const_unsigned_int_const_int_const_unsigned_int_const_int_co_73_reg_3428">
<pin_list>
<pin id="3429" dir="0" index="0" bw="10" slack="1"/>
<pin id="3430" dir="1" index="1" bw="10" slack="1"/>
</pin_list>
<bind>
<opset="bnn_top_int_const_unsigned_int_const_int_const_unsigned_int_const_int_co_73 "/>
</bind>
</comp>

<comp id="3433" class="1005" name="bnn_top_int_const_unsigned_int_const_int_const_unsigned_int_const_int_co_74_reg_3433">
<pin_list>
<pin id="3434" dir="0" index="0" bw="10" slack="1"/>
<pin id="3435" dir="1" index="1" bw="10" slack="1"/>
</pin_list>
<bind>
<opset="bnn_top_int_const_unsigned_int_const_int_const_unsigned_int_const_int_co_74 "/>
</bind>
</comp>

<comp id="3438" class="1005" name="bnn_top_int_const_unsigned_int_const_int_const_unsigned_int_const_int_co_75_reg_3438">
<pin_list>
<pin id="3439" dir="0" index="0" bw="10" slack="1"/>
<pin id="3440" dir="1" index="1" bw="10" slack="1"/>
</pin_list>
<bind>
<opset="bnn_top_int_const_unsigned_int_const_int_const_unsigned_int_const_int_co_75 "/>
</bind>
</comp>

<comp id="3443" class="1005" name="bnn_top_int_const_unsigned_int_const_int_const_unsigned_int_const_int_co_76_reg_3443">
<pin_list>
<pin id="3444" dir="0" index="0" bw="10" slack="1"/>
<pin id="3445" dir="1" index="1" bw="10" slack="1"/>
</pin_list>
<bind>
<opset="bnn_top_int_const_unsigned_int_const_int_const_unsigned_int_const_int_co_76 "/>
</bind>
</comp>

<comp id="3448" class="1005" name="bnn_top_int_const_unsigned_int_const_int_const_unsigned_int_const_int_co_85_reg_3448">
<pin_list>
<pin id="3449" dir="0" index="0" bw="10" slack="1"/>
<pin id="3450" dir="1" index="1" bw="10" slack="1"/>
</pin_list>
<bind>
<opset="bnn_top_int_const_unsigned_int_const_int_const_unsigned_int_const_int_co_85 "/>
</bind>
</comp>

<comp id="3453" class="1005" name="bnn_top_int_const_unsigned_int_const_int_const_unsigned_int_const_int_co_86_reg_3453">
<pin_list>
<pin id="3454" dir="0" index="0" bw="10" slack="1"/>
<pin id="3455" dir="1" index="1" bw="10" slack="1"/>
</pin_list>
<bind>
<opset="bnn_top_int_const_unsigned_int_const_int_const_unsigned_int_const_int_co_86 "/>
</bind>
</comp>

<comp id="3458" class="1005" name="bnn_top_int_const_unsigned_int_const_int_const_unsigned_int_const_int_co_87_reg_3458">
<pin_list>
<pin id="3459" dir="0" index="0" bw="10" slack="1"/>
<pin id="3460" dir="1" index="1" bw="10" slack="1"/>
</pin_list>
<bind>
<opset="bnn_top_int_const_unsigned_int_const_int_const_unsigned_int_const_int_co_87 "/>
</bind>
</comp>

<comp id="3463" class="1005" name="bnn_top_int_const_unsigned_int_const_int_const_unsigned_int_const_int_co_88_reg_3463">
<pin_list>
<pin id="3464" dir="0" index="0" bw="10" slack="1"/>
<pin id="3465" dir="1" index="1" bw="10" slack="1"/>
</pin_list>
<bind>
<opset="bnn_top_int_const_unsigned_int_const_int_const_unsigned_int_const_int_co_88 "/>
</bind>
</comp>

<comp id="3468" class="1005" name="bnn_top_int_const_unsigned_int_const_int_const_unsigned_int_const_int_co_89_reg_3468">
<pin_list>
<pin id="3469" dir="0" index="0" bw="10" slack="1"/>
<pin id="3470" dir="1" index="1" bw="10" slack="1"/>
</pin_list>
<bind>
<opset="bnn_top_int_const_unsigned_int_const_int_const_unsigned_int_const_int_co_89 "/>
</bind>
</comp>

<comp id="3473" class="1005" name="bnn_top_int_const_unsigned_int_const_int_const_unsigned_int_const_int_co_90_reg_3473">
<pin_list>
<pin id="3474" dir="0" index="0" bw="10" slack="1"/>
<pin id="3475" dir="1" index="1" bw="10" slack="1"/>
</pin_list>
<bind>
<opset="bnn_top_int_const_unsigned_int_const_int_const_unsigned_int_const_int_co_90 "/>
</bind>
</comp>

<comp id="3478" class="1005" name="bnn_top_int_const_unsigned_int_const_int_const_unsigned_int_const_int_co_91_reg_3478">
<pin_list>
<pin id="3479" dir="0" index="0" bw="10" slack="1"/>
<pin id="3480" dir="1" index="1" bw="10" slack="1"/>
</pin_list>
<bind>
<opset="bnn_top_int_const_unsigned_int_const_int_const_unsigned_int_const_int_co_91 "/>
</bind>
</comp>

<comp id="3483" class="1005" name="bnn_top_int_const_unsigned_int_const_int_const_unsigned_int_const_int_co_92_reg_3483">
<pin_list>
<pin id="3484" dir="0" index="0" bw="10" slack="1"/>
<pin id="3485" dir="1" index="1" bw="10" slack="1"/>
</pin_list>
<bind>
<opset="bnn_top_int_const_unsigned_int_const_int_const_unsigned_int_const_int_co_92 "/>
</bind>
</comp>

<comp id="3488" class="1005" name="lshr_ln88_4_reg_3488">
<pin_list>
<pin id="3489" dir="0" index="0" bw="10" slack="1"/>
<pin id="3490" dir="1" index="1" bw="10" slack="1"/>
</pin_list>
<bind>
<opset="lshr_ln88_4 "/>
</bind>
</comp>

<comp id="3493" class="1005" name="lshr_ln88_5_reg_3493">
<pin_list>
<pin id="3494" dir="0" index="0" bw="10" slack="1"/>
<pin id="3495" dir="1" index="1" bw="10" slack="1"/>
</pin_list>
<bind>
<opset="lshr_ln88_5 "/>
</bind>
</comp>

<comp id="3498" class="1005" name="a_8_reg_3498">
<pin_list>
<pin id="3499" dir="0" index="0" bw="1" slack="3"/>
<pin id="3500" dir="1" index="1" bw="1" slack="3"/>
</pin_list>
<bind>
<opset="a_8 "/>
</bind>
</comp>

<comp id="3503" class="1005" name="lshr_ln89_15_reg_3503">
<pin_list>
<pin id="3504" dir="0" index="0" bw="32" slack="3"/>
<pin id="3505" dir="1" index="1" bw="32" slack="3"/>
</pin_list>
<bind>
<opset="lshr_ln89_15 "/>
</bind>
</comp>

<comp id="3508" class="1005" name="icmp_ln87_reg_3508">
<pin_list>
<pin id="3509" dir="0" index="0" bw="1" slack="1"/>
<pin id="3510" dir="1" index="1" bw="1" slack="1"/>
</pin_list>
<bind>
<opset="icmp_ln87 "/>
</bind>
</comp>

<comp id="3513" class="1005" name="icmp_ln87_1_reg_3513">
<pin_list>
<pin id="3514" dir="0" index="0" bw="1" slack="2"/>
<pin id="3515" dir="1" index="1" bw="1" slack="2"/>
</pin_list>
<bind>
<opset="icmp_ln87_1 "/>
</bind>
</comp>

<comp id="3518" class="1005" name="acc_4_reg_3518">
<pin_list>
<pin id="3519" dir="0" index="0" bw="32" slack="1"/>
<pin id="3520" dir="1" index="1" bw="32" slack="1"/>
</pin_list>
<bind>
<opset="acc_4 "/>
</bind>
</comp>

<comp id="3524" class="1005" name="bnn_top_int_const_unsigned_int_const_int_const_unsigned_int_const_int_co_101_reg_3524">
<pin_list>
<pin id="3525" dir="0" index="0" bw="10" slack="1"/>
<pin id="3526" dir="1" index="1" bw="10" slack="1"/>
</pin_list>
<bind>
<opset="bnn_top_int_const_unsigned_int_const_int_const_unsigned_int_const_int_co_101 "/>
</bind>
</comp>

<comp id="3529" class="1005" name="bnn_top_int_const_unsigned_int_const_int_const_unsigned_int_const_int_co_102_reg_3529">
<pin_list>
<pin id="3530" dir="0" index="0" bw="10" slack="1"/>
<pin id="3531" dir="1" index="1" bw="10" slack="1"/>
</pin_list>
<bind>
<opset="bnn_top_int_const_unsigned_int_const_int_const_unsigned_int_const_int_co_102 "/>
</bind>
</comp>

<comp id="3534" class="1005" name="bnn_top_int_const_unsigned_int_const_int_const_unsigned_int_const_int_co_103_reg_3534">
<pin_list>
<pin id="3535" dir="0" index="0" bw="10" slack="1"/>
<pin id="3536" dir="1" index="1" bw="10" slack="1"/>
</pin_list>
<bind>
<opset="bnn_top_int_const_unsigned_int_const_int_const_unsigned_int_const_int_co_103 "/>
</bind>
</comp>

<comp id="3539" class="1005" name="bnn_top_int_const_unsigned_int_const_int_const_unsigned_int_const_int_co_104_reg_3539">
<pin_list>
<pin id="3540" dir="0" index="0" bw="10" slack="1"/>
<pin id="3541" dir="1" index="1" bw="10" slack="1"/>
</pin_list>
<bind>
<opset="bnn_top_int_const_unsigned_int_const_int_const_unsigned_int_const_int_co_104 "/>
</bind>
</comp>

<comp id="3544" class="1005" name="bnn_top_int_const_unsigned_int_const_int_const_unsigned_int_const_int_co_105_reg_3544">
<pin_list>
<pin id="3545" dir="0" index="0" bw="10" slack="1"/>
<pin id="3546" dir="1" index="1" bw="10" slack="1"/>
</pin_list>
<bind>
<opset="bnn_top_int_const_unsigned_int_const_int_const_unsigned_int_const_int_co_105 "/>
</bind>
</comp>

<comp id="3549" class="1005" name="bnn_top_int_const_unsigned_int_const_int_const_unsigned_int_const_int_co_106_reg_3549">
<pin_list>
<pin id="3550" dir="0" index="0" bw="10" slack="1"/>
<pin id="3551" dir="1" index="1" bw="10" slack="1"/>
</pin_list>
<bind>
<opset="bnn_top_int_const_unsigned_int_const_int_const_unsigned_int_const_int_co_106 "/>
</bind>
</comp>

<comp id="3554" class="1005" name="bnn_top_int_const_unsigned_int_const_int_const_unsigned_int_const_int_co_107_reg_3554">
<pin_list>
<pin id="3555" dir="0" index="0" bw="10" slack="1"/>
<pin id="3556" dir="1" index="1" bw="10" slack="1"/>
</pin_list>
<bind>
<opset="bnn_top_int_const_unsigned_int_const_int_const_unsigned_int_const_int_co_107 "/>
</bind>
</comp>

<comp id="3559" class="1005" name="bnn_top_int_const_unsigned_int_const_int_const_unsigned_int_const_int_co_108_reg_3559">
<pin_list>
<pin id="3560" dir="0" index="0" bw="10" slack="1"/>
<pin id="3561" dir="1" index="1" bw="10" slack="1"/>
</pin_list>
<bind>
<opset="bnn_top_int_const_unsigned_int_const_int_const_unsigned_int_const_int_co_108 "/>
</bind>
</comp>

<comp id="3564" class="1005" name="bnn_top_int_const_unsigned_int_const_int_const_unsigned_int_const_int_co_117_reg_3564">
<pin_list>
<pin id="3565" dir="0" index="0" bw="10" slack="1"/>
<pin id="3566" dir="1" index="1" bw="10" slack="1"/>
</pin_list>
<bind>
<opset="bnn_top_int_const_unsigned_int_const_int_const_unsigned_int_const_int_co_117 "/>
</bind>
</comp>

<comp id="3569" class="1005" name="bnn_top_int_const_unsigned_int_const_int_const_unsigned_int_const_int_co_118_reg_3569">
<pin_list>
<pin id="3570" dir="0" index="0" bw="10" slack="1"/>
<pin id="3571" dir="1" index="1" bw="10" slack="1"/>
</pin_list>
<bind>
<opset="bnn_top_int_const_unsigned_int_const_int_const_unsigned_int_const_int_co_118 "/>
</bind>
</comp>

<comp id="3574" class="1005" name="bnn_top_int_const_unsigned_int_const_int_const_unsigned_int_const_int_co_119_reg_3574">
<pin_list>
<pin id="3575" dir="0" index="0" bw="10" slack="1"/>
<pin id="3576" dir="1" index="1" bw="10" slack="1"/>
</pin_list>
<bind>
<opset="bnn_top_int_const_unsigned_int_const_int_const_unsigned_int_const_int_co_119 "/>
</bind>
</comp>

<comp id="3579" class="1005" name="bnn_top_int_const_unsigned_int_const_int_const_unsigned_int_const_int_co_120_reg_3579">
<pin_list>
<pin id="3580" dir="0" index="0" bw="10" slack="1"/>
<pin id="3581" dir="1" index="1" bw="10" slack="1"/>
</pin_list>
<bind>
<opset="bnn_top_int_const_unsigned_int_const_int_const_unsigned_int_const_int_co_120 "/>
</bind>
</comp>

<comp id="3584" class="1005" name="bnn_top_int_const_unsigned_int_const_int_const_unsigned_int_const_int_co_121_reg_3584">
<pin_list>
<pin id="3585" dir="0" index="0" bw="10" slack="1"/>
<pin id="3586" dir="1" index="1" bw="10" slack="1"/>
</pin_list>
<bind>
<opset="bnn_top_int_const_unsigned_int_const_int_const_unsigned_int_const_int_co_121 "/>
</bind>
</comp>

<comp id="3589" class="1005" name="bnn_top_int_const_unsigned_int_const_int_const_unsigned_int_const_int_co_122_reg_3589">
<pin_list>
<pin id="3590" dir="0" index="0" bw="10" slack="1"/>
<pin id="3591" dir="1" index="1" bw="10" slack="1"/>
</pin_list>
<bind>
<opset="bnn_top_int_const_unsigned_int_const_int_const_unsigned_int_const_int_co_122 "/>
</bind>
</comp>

<comp id="3594" class="1005" name="bnn_top_int_const_unsigned_int_const_int_const_unsigned_int_const_int_co_123_reg_3594">
<pin_list>
<pin id="3595" dir="0" index="0" bw="10" slack="1"/>
<pin id="3596" dir="1" index="1" bw="10" slack="1"/>
</pin_list>
<bind>
<opset="bnn_top_int_const_unsigned_int_const_int_const_unsigned_int_const_int_co_123 "/>
</bind>
</comp>

<comp id="3599" class="1005" name="bnn_top_int_const_unsigned_int_const_int_const_unsigned_int_const_int_co_124_reg_3599">
<pin_list>
<pin id="3600" dir="0" index="0" bw="10" slack="1"/>
<pin id="3601" dir="1" index="1" bw="10" slack="1"/>
</pin_list>
<bind>
<opset="bnn_top_int_const_unsigned_int_const_int_const_unsigned_int_const_int_co_124 "/>
</bind>
</comp>

<comp id="3604" class="1005" name="acc_11_reg_3604">
<pin_list>
<pin id="3605" dir="0" index="0" bw="32" slack="1"/>
<pin id="3606" dir="1" index="1" bw="32" slack="1"/>
</pin_list>
<bind>
<opset="acc_11 "/>
</bind>
</comp>

</comp_list>

<net_list>
<net id="201"><net_src comp="32" pin="0"/><net_sink comp="198" pin=0"/></net>

<net id="205"><net_src comp="32" pin="0"/><net_sink comp="202" pin=0"/></net>

<net id="209"><net_src comp="32" pin="0"/><net_sink comp="206" pin=0"/></net>

<net id="213"><net_src comp="32" pin="0"/><net_sink comp="210" pin=0"/></net>

<net id="217"><net_src comp="32" pin="0"/><net_sink comp="214" pin=0"/></net>

<net id="221"><net_src comp="32" pin="0"/><net_sink comp="218" pin=0"/></net>

<net id="226"><net_src comp="44" pin="0"/><net_sink comp="222" pin=0"/></net>

<net id="227"><net_src comp="0" pin="0"/><net_sink comp="222" pin=1"/></net>

<net id="233"><net_src comp="2" pin="0"/><net_sink comp="228" pin=0"/></net>

<net id="234"><net_src comp="86" pin="0"/><net_sink comp="228" pin=1"/></net>

<net id="244"><net_src comp="228" pin="3"/><net_sink comp="235" pin=2"/></net>

<net id="250"><net_src comp="4" pin="0"/><net_sink comp="245" pin=0"/></net>

<net id="251"><net_src comp="86" pin="0"/><net_sink comp="245" pin=1"/></net>

<net id="261"><net_src comp="245" pin="3"/><net_sink comp="252" pin=2"/></net>

<net id="267"><net_src comp="2" pin="0"/><net_sink comp="262" pin=0"/></net>

<net id="268"><net_src comp="86" pin="0"/><net_sink comp="262" pin=1"/></net>

<net id="269"><net_src comp="262" pin="3"/><net_sink comp="235" pin=0"/></net>

<net id="275"><net_src comp="4" pin="0"/><net_sink comp="270" pin=0"/></net>

<net id="276"><net_src comp="86" pin="0"/><net_sink comp="270" pin=1"/></net>

<net id="277"><net_src comp="270" pin="3"/><net_sink comp="252" pin=0"/></net>

<net id="283"><net_src comp="2" pin="0"/><net_sink comp="278" pin=0"/></net>

<net id="284"><net_src comp="86" pin="0"/><net_sink comp="278" pin=1"/></net>

<net id="285"><net_src comp="278" pin="3"/><net_sink comp="235" pin=0"/></net>

<net id="291"><net_src comp="4" pin="0"/><net_sink comp="286" pin=0"/></net>

<net id="292"><net_src comp="86" pin="0"/><net_sink comp="286" pin=1"/></net>

<net id="293"><net_src comp="286" pin="3"/><net_sink comp="252" pin=0"/></net>

<net id="299"><net_src comp="2" pin="0"/><net_sink comp="294" pin=0"/></net>

<net id="300"><net_src comp="86" pin="0"/><net_sink comp="294" pin=1"/></net>

<net id="301"><net_src comp="294" pin="3"/><net_sink comp="235" pin=2"/></net>

<net id="307"><net_src comp="4" pin="0"/><net_sink comp="302" pin=0"/></net>

<net id="308"><net_src comp="86" pin="0"/><net_sink comp="302" pin=1"/></net>

<net id="309"><net_src comp="302" pin="3"/><net_sink comp="252" pin=2"/></net>

<net id="315"><net_src comp="8" pin="0"/><net_sink comp="310" pin=0"/></net>

<net id="316"><net_src comp="86" pin="0"/><net_sink comp="310" pin=1"/></net>

<net id="322"><net_src comp="10" pin="0"/><net_sink comp="317" pin=0"/></net>

<net id="323"><net_src comp="86" pin="0"/><net_sink comp="317" pin=1"/></net>

<net id="329"><net_src comp="12" pin="0"/><net_sink comp="324" pin=0"/></net>

<net id="330"><net_src comp="86" pin="0"/><net_sink comp="324" pin=1"/></net>

<net id="336"><net_src comp="14" pin="0"/><net_sink comp="331" pin=0"/></net>

<net id="337"><net_src comp="86" pin="0"/><net_sink comp="331" pin=1"/></net>

<net id="343"><net_src comp="16" pin="0"/><net_sink comp="338" pin=0"/></net>

<net id="344"><net_src comp="86" pin="0"/><net_sink comp="338" pin=1"/></net>

<net id="350"><net_src comp="18" pin="0"/><net_sink comp="345" pin=0"/></net>

<net id="351"><net_src comp="86" pin="0"/><net_sink comp="345" pin=1"/></net>

<net id="357"><net_src comp="20" pin="0"/><net_sink comp="352" pin=0"/></net>

<net id="358"><net_src comp="86" pin="0"/><net_sink comp="352" pin=1"/></net>

<net id="364"><net_src comp="22" pin="0"/><net_sink comp="359" pin=0"/></net>

<net id="365"><net_src comp="86" pin="0"/><net_sink comp="359" pin=1"/></net>

<net id="371"><net_src comp="310" pin="3"/><net_sink comp="366" pin=0"/></net>

<net id="377"><net_src comp="317" pin="3"/><net_sink comp="372" pin=0"/></net>

<net id="383"><net_src comp="324" pin="3"/><net_sink comp="378" pin=0"/></net>

<net id="389"><net_src comp="331" pin="3"/><net_sink comp="384" pin=0"/></net>

<net id="395"><net_src comp="338" pin="3"/><net_sink comp="390" pin=0"/></net>

<net id="401"><net_src comp="345" pin="3"/><net_sink comp="396" pin=0"/></net>

<net id="407"><net_src comp="352" pin="3"/><net_sink comp="402" pin=0"/></net>

<net id="413"><net_src comp="359" pin="3"/><net_sink comp="408" pin=0"/></net>

<net id="419"><net_src comp="2" pin="0"/><net_sink comp="414" pin=0"/></net>

<net id="420"><net_src comp="86" pin="0"/><net_sink comp="414" pin=1"/></net>

<net id="421"><net_src comp="414" pin="3"/><net_sink comp="235" pin=0"/></net>

<net id="427"><net_src comp="4" pin="0"/><net_sink comp="422" pin=0"/></net>

<net id="428"><net_src comp="86" pin="0"/><net_sink comp="422" pin=1"/></net>

<net id="429"><net_src comp="422" pin="3"/><net_sink comp="252" pin=0"/></net>

<net id="435"><net_src comp="8" pin="0"/><net_sink comp="430" pin=0"/></net>

<net id="436"><net_src comp="86" pin="0"/><net_sink comp="430" pin=1"/></net>

<net id="442"><net_src comp="10" pin="0"/><net_sink comp="437" pin=0"/></net>

<net id="443"><net_src comp="86" pin="0"/><net_sink comp="437" pin=1"/></net>

<net id="449"><net_src comp="12" pin="0"/><net_sink comp="444" pin=0"/></net>

<net id="450"><net_src comp="86" pin="0"/><net_sink comp="444" pin=1"/></net>

<net id="456"><net_src comp="14" pin="0"/><net_sink comp="451" pin=0"/></net>

<net id="457"><net_src comp="86" pin="0"/><net_sink comp="451" pin=1"/></net>

<net id="463"><net_src comp="16" pin="0"/><net_sink comp="458" pin=0"/></net>

<net id="464"><net_src comp="86" pin="0"/><net_sink comp="458" pin=1"/></net>

<net id="470"><net_src comp="18" pin="0"/><net_sink comp="465" pin=0"/></net>

<net id="471"><net_src comp="86" pin="0"/><net_sink comp="465" pin=1"/></net>

<net id="477"><net_src comp="20" pin="0"/><net_sink comp="472" pin=0"/></net>

<net id="478"><net_src comp="86" pin="0"/><net_sink comp="472" pin=1"/></net>

<net id="484"><net_src comp="22" pin="0"/><net_sink comp="479" pin=0"/></net>

<net id="485"><net_src comp="86" pin="0"/><net_sink comp="479" pin=1"/></net>

<net id="486"><net_src comp="430" pin="3"/><net_sink comp="366" pin=0"/></net>

<net id="487"><net_src comp="437" pin="3"/><net_sink comp="372" pin=0"/></net>

<net id="488"><net_src comp="444" pin="3"/><net_sink comp="378" pin=0"/></net>

<net id="489"><net_src comp="451" pin="3"/><net_sink comp="384" pin=0"/></net>

<net id="490"><net_src comp="458" pin="3"/><net_sink comp="390" pin=0"/></net>

<net id="491"><net_src comp="465" pin="3"/><net_sink comp="396" pin=0"/></net>

<net id="492"><net_src comp="472" pin="3"/><net_sink comp="402" pin=0"/></net>

<net id="493"><net_src comp="479" pin="3"/><net_sink comp="408" pin=0"/></net>

<net id="499"><net_src comp="2" pin="0"/><net_sink comp="494" pin=0"/></net>

<net id="500"><net_src comp="86" pin="0"/><net_sink comp="494" pin=1"/></net>

<net id="501"><net_src comp="494" pin="3"/><net_sink comp="235" pin=2"/></net>

<net id="507"><net_src comp="4" pin="0"/><net_sink comp="502" pin=0"/></net>

<net id="508"><net_src comp="86" pin="0"/><net_sink comp="502" pin=1"/></net>

<net id="509"><net_src comp="502" pin="3"/><net_sink comp="252" pin=2"/></net>

<net id="515"><net_src comp="8" pin="0"/><net_sink comp="510" pin=0"/></net>

<net id="516"><net_src comp="86" pin="0"/><net_sink comp="510" pin=1"/></net>

<net id="522"><net_src comp="10" pin="0"/><net_sink comp="517" pin=0"/></net>

<net id="523"><net_src comp="86" pin="0"/><net_sink comp="517" pin=1"/></net>

<net id="529"><net_src comp="12" pin="0"/><net_sink comp="524" pin=0"/></net>

<net id="530"><net_src comp="86" pin="0"/><net_sink comp="524" pin=1"/></net>

<net id="536"><net_src comp="14" pin="0"/><net_sink comp="531" pin=0"/></net>

<net id="537"><net_src comp="86" pin="0"/><net_sink comp="531" pin=1"/></net>

<net id="543"><net_src comp="16" pin="0"/><net_sink comp="538" pin=0"/></net>

<net id="544"><net_src comp="86" pin="0"/><net_sink comp="538" pin=1"/></net>

<net id="550"><net_src comp="18" pin="0"/><net_sink comp="545" pin=0"/></net>

<net id="551"><net_src comp="86" pin="0"/><net_sink comp="545" pin=1"/></net>

<net id="557"><net_src comp="20" pin="0"/><net_sink comp="552" pin=0"/></net>

<net id="558"><net_src comp="86" pin="0"/><net_sink comp="552" pin=1"/></net>

<net id="564"><net_src comp="22" pin="0"/><net_sink comp="559" pin=0"/></net>

<net id="565"><net_src comp="86" pin="0"/><net_sink comp="559" pin=1"/></net>

<net id="566"><net_src comp="510" pin="3"/><net_sink comp="366" pin=0"/></net>

<net id="567"><net_src comp="517" pin="3"/><net_sink comp="372" pin=0"/></net>

<net id="568"><net_src comp="524" pin="3"/><net_sink comp="378" pin=0"/></net>

<net id="569"><net_src comp="531" pin="3"/><net_sink comp="384" pin=0"/></net>

<net id="570"><net_src comp="538" pin="3"/><net_sink comp="390" pin=0"/></net>

<net id="571"><net_src comp="545" pin="3"/><net_sink comp="396" pin=0"/></net>

<net id="572"><net_src comp="552" pin="3"/><net_sink comp="402" pin=0"/></net>

<net id="573"><net_src comp="559" pin="3"/><net_sink comp="408" pin=0"/></net>

<net id="579"><net_src comp="2" pin="0"/><net_sink comp="574" pin=0"/></net>

<net id="580"><net_src comp="86" pin="0"/><net_sink comp="574" pin=1"/></net>

<net id="581"><net_src comp="574" pin="3"/><net_sink comp="235" pin=0"/></net>

<net id="587"><net_src comp="4" pin="0"/><net_sink comp="582" pin=0"/></net>

<net id="588"><net_src comp="86" pin="0"/><net_sink comp="582" pin=1"/></net>

<net id="589"><net_src comp="582" pin="3"/><net_sink comp="252" pin=0"/></net>

<net id="595"><net_src comp="8" pin="0"/><net_sink comp="590" pin=0"/></net>

<net id="596"><net_src comp="86" pin="0"/><net_sink comp="590" pin=1"/></net>

<net id="602"><net_src comp="10" pin="0"/><net_sink comp="597" pin=0"/></net>

<net id="603"><net_src comp="86" pin="0"/><net_sink comp="597" pin=1"/></net>

<net id="609"><net_src comp="12" pin="0"/><net_sink comp="604" pin=0"/></net>

<net id="610"><net_src comp="86" pin="0"/><net_sink comp="604" pin=1"/></net>

<net id="616"><net_src comp="14" pin="0"/><net_sink comp="611" pin=0"/></net>

<net id="617"><net_src comp="86" pin="0"/><net_sink comp="611" pin=1"/></net>

<net id="623"><net_src comp="16" pin="0"/><net_sink comp="618" pin=0"/></net>

<net id="624"><net_src comp="86" pin="0"/><net_sink comp="618" pin=1"/></net>

<net id="630"><net_src comp="18" pin="0"/><net_sink comp="625" pin=0"/></net>

<net id="631"><net_src comp="86" pin="0"/><net_sink comp="625" pin=1"/></net>

<net id="637"><net_src comp="20" pin="0"/><net_sink comp="632" pin=0"/></net>

<net id="638"><net_src comp="86" pin="0"/><net_sink comp="632" pin=1"/></net>

<net id="644"><net_src comp="22" pin="0"/><net_sink comp="639" pin=0"/></net>

<net id="645"><net_src comp="86" pin="0"/><net_sink comp="639" pin=1"/></net>

<net id="646"><net_src comp="590" pin="3"/><net_sink comp="366" pin=0"/></net>

<net id="647"><net_src comp="597" pin="3"/><net_sink comp="372" pin=0"/></net>

<net id="648"><net_src comp="604" pin="3"/><net_sink comp="378" pin=0"/></net>

<net id="649"><net_src comp="611" pin="3"/><net_sink comp="384" pin=0"/></net>

<net id="650"><net_src comp="618" pin="3"/><net_sink comp="390" pin=0"/></net>

<net id="651"><net_src comp="625" pin="3"/><net_sink comp="396" pin=0"/></net>

<net id="652"><net_src comp="632" pin="3"/><net_sink comp="402" pin=0"/></net>

<net id="653"><net_src comp="639" pin="3"/><net_sink comp="408" pin=0"/></net>

<net id="659"><net_src comp="2" pin="0"/><net_sink comp="654" pin=0"/></net>

<net id="660"><net_src comp="86" pin="0"/><net_sink comp="654" pin=1"/></net>

<net id="661"><net_src comp="654" pin="3"/><net_sink comp="235" pin=2"/></net>

<net id="667"><net_src comp="4" pin="0"/><net_sink comp="662" pin=0"/></net>

<net id="668"><net_src comp="86" pin="0"/><net_sink comp="662" pin=1"/></net>

<net id="669"><net_src comp="662" pin="3"/><net_sink comp="252" pin=2"/></net>

<net id="675"><net_src comp="8" pin="0"/><net_sink comp="670" pin=0"/></net>

<net id="676"><net_src comp="86" pin="0"/><net_sink comp="670" pin=1"/></net>

<net id="682"><net_src comp="10" pin="0"/><net_sink comp="677" pin=0"/></net>

<net id="683"><net_src comp="86" pin="0"/><net_sink comp="677" pin=1"/></net>

<net id="689"><net_src comp="12" pin="0"/><net_sink comp="684" pin=0"/></net>

<net id="690"><net_src comp="86" pin="0"/><net_sink comp="684" pin=1"/></net>

<net id="696"><net_src comp="14" pin="0"/><net_sink comp="691" pin=0"/></net>

<net id="697"><net_src comp="86" pin="0"/><net_sink comp="691" pin=1"/></net>

<net id="703"><net_src comp="16" pin="0"/><net_sink comp="698" pin=0"/></net>

<net id="704"><net_src comp="86" pin="0"/><net_sink comp="698" pin=1"/></net>

<net id="710"><net_src comp="18" pin="0"/><net_sink comp="705" pin=0"/></net>

<net id="711"><net_src comp="86" pin="0"/><net_sink comp="705" pin=1"/></net>

<net id="717"><net_src comp="20" pin="0"/><net_sink comp="712" pin=0"/></net>

<net id="718"><net_src comp="86" pin="0"/><net_sink comp="712" pin=1"/></net>

<net id="724"><net_src comp="22" pin="0"/><net_sink comp="719" pin=0"/></net>

<net id="725"><net_src comp="86" pin="0"/><net_sink comp="719" pin=1"/></net>

<net id="726"><net_src comp="670" pin="3"/><net_sink comp="366" pin=0"/></net>

<net id="727"><net_src comp="677" pin="3"/><net_sink comp="372" pin=0"/></net>

<net id="728"><net_src comp="684" pin="3"/><net_sink comp="378" pin=0"/></net>

<net id="729"><net_src comp="691" pin="3"/><net_sink comp="384" pin=0"/></net>

<net id="730"><net_src comp="698" pin="3"/><net_sink comp="390" pin=0"/></net>

<net id="731"><net_src comp="705" pin="3"/><net_sink comp="396" pin=0"/></net>

<net id="732"><net_src comp="712" pin="3"/><net_sink comp="402" pin=0"/></net>

<net id="733"><net_src comp="719" pin="3"/><net_sink comp="408" pin=0"/></net>

<net id="739"><net_src comp="2" pin="0"/><net_sink comp="734" pin=0"/></net>

<net id="740"><net_src comp="86" pin="0"/><net_sink comp="734" pin=1"/></net>

<net id="741"><net_src comp="734" pin="3"/><net_sink comp="235" pin=0"/></net>

<net id="747"><net_src comp="4" pin="0"/><net_sink comp="742" pin=0"/></net>

<net id="748"><net_src comp="86" pin="0"/><net_sink comp="742" pin=1"/></net>

<net id="749"><net_src comp="742" pin="3"/><net_sink comp="252" pin=0"/></net>

<net id="755"><net_src comp="8" pin="0"/><net_sink comp="750" pin=0"/></net>

<net id="756"><net_src comp="86" pin="0"/><net_sink comp="750" pin=1"/></net>

<net id="762"><net_src comp="10" pin="0"/><net_sink comp="757" pin=0"/></net>

<net id="763"><net_src comp="86" pin="0"/><net_sink comp="757" pin=1"/></net>

<net id="769"><net_src comp="12" pin="0"/><net_sink comp="764" pin=0"/></net>

<net id="770"><net_src comp="86" pin="0"/><net_sink comp="764" pin=1"/></net>

<net id="776"><net_src comp="14" pin="0"/><net_sink comp="771" pin=0"/></net>

<net id="777"><net_src comp="86" pin="0"/><net_sink comp="771" pin=1"/></net>

<net id="783"><net_src comp="16" pin="0"/><net_sink comp="778" pin=0"/></net>

<net id="784"><net_src comp="86" pin="0"/><net_sink comp="778" pin=1"/></net>

<net id="790"><net_src comp="18" pin="0"/><net_sink comp="785" pin=0"/></net>

<net id="791"><net_src comp="86" pin="0"/><net_sink comp="785" pin=1"/></net>

<net id="797"><net_src comp="20" pin="0"/><net_sink comp="792" pin=0"/></net>

<net id="798"><net_src comp="86" pin="0"/><net_sink comp="792" pin=1"/></net>

<net id="804"><net_src comp="22" pin="0"/><net_sink comp="799" pin=0"/></net>

<net id="805"><net_src comp="86" pin="0"/><net_sink comp="799" pin=1"/></net>

<net id="806"><net_src comp="750" pin="3"/><net_sink comp="366" pin=0"/></net>

<net id="807"><net_src comp="757" pin="3"/><net_sink comp="372" pin=0"/></net>

<net id="808"><net_src comp="764" pin="3"/><net_sink comp="378" pin=0"/></net>

<net id="809"><net_src comp="771" pin="3"/><net_sink comp="384" pin=0"/></net>

<net id="810"><net_src comp="778" pin="3"/><net_sink comp="390" pin=0"/></net>

<net id="811"><net_src comp="785" pin="3"/><net_sink comp="396" pin=0"/></net>

<net id="812"><net_src comp="792" pin="3"/><net_sink comp="402" pin=0"/></net>

<net id="813"><net_src comp="799" pin="3"/><net_sink comp="408" pin=0"/></net>

<net id="819"><net_src comp="8" pin="0"/><net_sink comp="814" pin=0"/></net>

<net id="820"><net_src comp="86" pin="0"/><net_sink comp="814" pin=1"/></net>

<net id="826"><net_src comp="10" pin="0"/><net_sink comp="821" pin=0"/></net>

<net id="827"><net_src comp="86" pin="0"/><net_sink comp="821" pin=1"/></net>

<net id="833"><net_src comp="12" pin="0"/><net_sink comp="828" pin=0"/></net>

<net id="834"><net_src comp="86" pin="0"/><net_sink comp="828" pin=1"/></net>

<net id="840"><net_src comp="14" pin="0"/><net_sink comp="835" pin=0"/></net>

<net id="841"><net_src comp="86" pin="0"/><net_sink comp="835" pin=1"/></net>

<net id="847"><net_src comp="16" pin="0"/><net_sink comp="842" pin=0"/></net>

<net id="848"><net_src comp="86" pin="0"/><net_sink comp="842" pin=1"/></net>

<net id="854"><net_src comp="18" pin="0"/><net_sink comp="849" pin=0"/></net>

<net id="855"><net_src comp="86" pin="0"/><net_sink comp="849" pin=1"/></net>

<net id="861"><net_src comp="20" pin="0"/><net_sink comp="856" pin=0"/></net>

<net id="862"><net_src comp="86" pin="0"/><net_sink comp="856" pin=1"/></net>

<net id="868"><net_src comp="22" pin="0"/><net_sink comp="863" pin=0"/></net>

<net id="869"><net_src comp="86" pin="0"/><net_sink comp="863" pin=1"/></net>

<net id="870"><net_src comp="814" pin="3"/><net_sink comp="366" pin=0"/></net>

<net id="871"><net_src comp="821" pin="3"/><net_sink comp="372" pin=0"/></net>

<net id="872"><net_src comp="828" pin="3"/><net_sink comp="378" pin=0"/></net>

<net id="873"><net_src comp="835" pin="3"/><net_sink comp="384" pin=0"/></net>

<net id="874"><net_src comp="842" pin="3"/><net_sink comp="390" pin=0"/></net>

<net id="875"><net_src comp="849" pin="3"/><net_sink comp="396" pin=0"/></net>

<net id="876"><net_src comp="856" pin="3"/><net_sink comp="402" pin=0"/></net>

<net id="877"><net_src comp="863" pin="3"/><net_sink comp="408" pin=0"/></net>

<net id="883"><net_src comp="8" pin="0"/><net_sink comp="878" pin=0"/></net>

<net id="884"><net_src comp="86" pin="0"/><net_sink comp="878" pin=1"/></net>

<net id="890"><net_src comp="10" pin="0"/><net_sink comp="885" pin=0"/></net>

<net id="891"><net_src comp="86" pin="0"/><net_sink comp="885" pin=1"/></net>

<net id="897"><net_src comp="12" pin="0"/><net_sink comp="892" pin=0"/></net>

<net id="898"><net_src comp="86" pin="0"/><net_sink comp="892" pin=1"/></net>

<net id="904"><net_src comp="14" pin="0"/><net_sink comp="899" pin=0"/></net>

<net id="905"><net_src comp="86" pin="0"/><net_sink comp="899" pin=1"/></net>

<net id="911"><net_src comp="16" pin="0"/><net_sink comp="906" pin=0"/></net>

<net id="912"><net_src comp="86" pin="0"/><net_sink comp="906" pin=1"/></net>

<net id="918"><net_src comp="18" pin="0"/><net_sink comp="913" pin=0"/></net>

<net id="919"><net_src comp="86" pin="0"/><net_sink comp="913" pin=1"/></net>

<net id="925"><net_src comp="20" pin="0"/><net_sink comp="920" pin=0"/></net>

<net id="926"><net_src comp="86" pin="0"/><net_sink comp="920" pin=1"/></net>

<net id="932"><net_src comp="22" pin="0"/><net_sink comp="927" pin=0"/></net>

<net id="933"><net_src comp="86" pin="0"/><net_sink comp="927" pin=1"/></net>

<net id="934"><net_src comp="878" pin="3"/><net_sink comp="366" pin=0"/></net>

<net id="935"><net_src comp="885" pin="3"/><net_sink comp="372" pin=0"/></net>

<net id="936"><net_src comp="892" pin="3"/><net_sink comp="378" pin=0"/></net>

<net id="937"><net_src comp="899" pin="3"/><net_sink comp="384" pin=0"/></net>

<net id="938"><net_src comp="906" pin="3"/><net_sink comp="390" pin=0"/></net>

<net id="939"><net_src comp="913" pin="3"/><net_sink comp="396" pin=0"/></net>

<net id="940"><net_src comp="920" pin="3"/><net_sink comp="402" pin=0"/></net>

<net id="941"><net_src comp="927" pin="3"/><net_sink comp="408" pin=0"/></net>

<net id="947"><net_src comp="8" pin="0"/><net_sink comp="942" pin=0"/></net>

<net id="948"><net_src comp="86" pin="0"/><net_sink comp="942" pin=1"/></net>

<net id="954"><net_src comp="10" pin="0"/><net_sink comp="949" pin=0"/></net>

<net id="955"><net_src comp="86" pin="0"/><net_sink comp="949" pin=1"/></net>

<net id="961"><net_src comp="12" pin="0"/><net_sink comp="956" pin=0"/></net>

<net id="962"><net_src comp="86" pin="0"/><net_sink comp="956" pin=1"/></net>

<net id="968"><net_src comp="14" pin="0"/><net_sink comp="963" pin=0"/></net>

<net id="969"><net_src comp="86" pin="0"/><net_sink comp="963" pin=1"/></net>

<net id="975"><net_src comp="16" pin="0"/><net_sink comp="970" pin=0"/></net>

<net id="976"><net_src comp="86" pin="0"/><net_sink comp="970" pin=1"/></net>

<net id="982"><net_src comp="18" pin="0"/><net_sink comp="977" pin=0"/></net>

<net id="983"><net_src comp="86" pin="0"/><net_sink comp="977" pin=1"/></net>

<net id="989"><net_src comp="20" pin="0"/><net_sink comp="984" pin=0"/></net>

<net id="990"><net_src comp="86" pin="0"/><net_sink comp="984" pin=1"/></net>

<net id="996"><net_src comp="22" pin="0"/><net_sink comp="991" pin=0"/></net>

<net id="997"><net_src comp="86" pin="0"/><net_sink comp="991" pin=1"/></net>

<net id="998"><net_src comp="942" pin="3"/><net_sink comp="366" pin=0"/></net>

<net id="999"><net_src comp="949" pin="3"/><net_sink comp="372" pin=0"/></net>

<net id="1000"><net_src comp="956" pin="3"/><net_sink comp="378" pin=0"/></net>

<net id="1001"><net_src comp="963" pin="3"/><net_sink comp="384" pin=0"/></net>

<net id="1002"><net_src comp="970" pin="3"/><net_sink comp="390" pin=0"/></net>

<net id="1003"><net_src comp="977" pin="3"/><net_sink comp="396" pin=0"/></net>

<net id="1004"><net_src comp="984" pin="3"/><net_sink comp="402" pin=0"/></net>

<net id="1005"><net_src comp="991" pin="3"/><net_sink comp="408" pin=0"/></net>

<net id="1011"><net_src comp="6" pin="0"/><net_sink comp="1006" pin=0"/></net>

<net id="1012"><net_src comp="86" pin="0"/><net_sink comp="1006" pin=1"/></net>

<net id="1018"><net_src comp="24" pin="0"/><net_sink comp="1013" pin=0"/></net>

<net id="1019"><net_src comp="86" pin="0"/><net_sink comp="1013" pin=1"/></net>

<net id="1025"><net_src comp="26" pin="0"/><net_sink comp="1020" pin=0"/></net>

<net id="1026"><net_src comp="86" pin="0"/><net_sink comp="1020" pin=1"/></net>

<net id="1032"><net_src comp="28" pin="0"/><net_sink comp="1027" pin=0"/></net>

<net id="1033"><net_src comp="86" pin="0"/><net_sink comp="1027" pin=1"/></net>

<net id="1039"><net_src comp="30" pin="0"/><net_sink comp="1034" pin=0"/></net>

<net id="1040"><net_src comp="86" pin="0"/><net_sink comp="1034" pin=1"/></net>

<net id="1046"><net_src comp="1027" pin="3"/><net_sink comp="1041" pin=0"/></net>

<net id="1052"><net_src comp="1020" pin="3"/><net_sink comp="1047" pin=0"/></net>

<net id="1058"><net_src comp="1013" pin="3"/><net_sink comp="1053" pin=0"/></net>

<net id="1064"><net_src comp="1006" pin="3"/><net_sink comp="1059" pin=0"/></net>

<net id="1070"><net_src comp="1034" pin="3"/><net_sink comp="1065" pin=0"/></net>

<net id="1092"><net_src comp="124" pin="0"/><net_sink comp="1071" pin=0"/></net>

<net id="1093"><net_src comp="126" pin="0"/><net_sink comp="1071" pin=1"/></net>

<net id="1094"><net_src comp="366" pin="3"/><net_sink comp="1071" pin=2"/></net>

<net id="1095"><net_src comp="128" pin="0"/><net_sink comp="1071" pin=3"/></net>

<net id="1096"><net_src comp="372" pin="3"/><net_sink comp="1071" pin=4"/></net>

<net id="1097"><net_src comp="130" pin="0"/><net_sink comp="1071" pin=5"/></net>

<net id="1098"><net_src comp="378" pin="3"/><net_sink comp="1071" pin=6"/></net>

<net id="1099"><net_src comp="132" pin="0"/><net_sink comp="1071" pin=7"/></net>

<net id="1100"><net_src comp="384" pin="3"/><net_sink comp="1071" pin=8"/></net>

<net id="1101"><net_src comp="134" pin="0"/><net_sink comp="1071" pin=9"/></net>

<net id="1102"><net_src comp="390" pin="3"/><net_sink comp="1071" pin=10"/></net>

<net id="1103"><net_src comp="136" pin="0"/><net_sink comp="1071" pin=11"/></net>

<net id="1104"><net_src comp="396" pin="3"/><net_sink comp="1071" pin=12"/></net>

<net id="1105"><net_src comp="138" pin="0"/><net_sink comp="1071" pin=13"/></net>

<net id="1106"><net_src comp="402" pin="3"/><net_sink comp="1071" pin=14"/></net>

<net id="1107"><net_src comp="78" pin="0"/><net_sink comp="1071" pin=15"/></net>

<net id="1108"><net_src comp="408" pin="3"/><net_sink comp="1071" pin=16"/></net>

<net id="1109"><net_src comp="140" pin="0"/><net_sink comp="1071" pin=17"/></net>

<net id="1131"><net_src comp="124" pin="0"/><net_sink comp="1110" pin=0"/></net>

<net id="1132"><net_src comp="78" pin="0"/><net_sink comp="1110" pin=1"/></net>

<net id="1133"><net_src comp="366" pin="3"/><net_sink comp="1110" pin=2"/></net>

<net id="1134"><net_src comp="126" pin="0"/><net_sink comp="1110" pin=3"/></net>

<net id="1135"><net_src comp="372" pin="3"/><net_sink comp="1110" pin=4"/></net>

<net id="1136"><net_src comp="128" pin="0"/><net_sink comp="1110" pin=5"/></net>

<net id="1137"><net_src comp="378" pin="3"/><net_sink comp="1110" pin=6"/></net>

<net id="1138"><net_src comp="130" pin="0"/><net_sink comp="1110" pin=7"/></net>

<net id="1139"><net_src comp="384" pin="3"/><net_sink comp="1110" pin=8"/></net>

<net id="1140"><net_src comp="132" pin="0"/><net_sink comp="1110" pin=9"/></net>

<net id="1141"><net_src comp="390" pin="3"/><net_sink comp="1110" pin=10"/></net>

<net id="1142"><net_src comp="134" pin="0"/><net_sink comp="1110" pin=11"/></net>

<net id="1143"><net_src comp="396" pin="3"/><net_sink comp="1110" pin=12"/></net>

<net id="1144"><net_src comp="136" pin="0"/><net_sink comp="1110" pin=13"/></net>

<net id="1145"><net_src comp="402" pin="3"/><net_sink comp="1110" pin=14"/></net>

<net id="1146"><net_src comp="138" pin="0"/><net_sink comp="1110" pin=15"/></net>

<net id="1147"><net_src comp="408" pin="3"/><net_sink comp="1110" pin=16"/></net>

<net id="1148"><net_src comp="140" pin="0"/><net_sink comp="1110" pin=17"/></net>

<net id="1170"><net_src comp="124" pin="0"/><net_sink comp="1149" pin=0"/></net>

<net id="1171"><net_src comp="138" pin="0"/><net_sink comp="1149" pin=1"/></net>

<net id="1172"><net_src comp="366" pin="3"/><net_sink comp="1149" pin=2"/></net>

<net id="1173"><net_src comp="78" pin="0"/><net_sink comp="1149" pin=3"/></net>

<net id="1174"><net_src comp="372" pin="3"/><net_sink comp="1149" pin=4"/></net>

<net id="1175"><net_src comp="126" pin="0"/><net_sink comp="1149" pin=5"/></net>

<net id="1176"><net_src comp="378" pin="3"/><net_sink comp="1149" pin=6"/></net>

<net id="1177"><net_src comp="128" pin="0"/><net_sink comp="1149" pin=7"/></net>

<net id="1178"><net_src comp="384" pin="3"/><net_sink comp="1149" pin=8"/></net>

<net id="1179"><net_src comp="130" pin="0"/><net_sink comp="1149" pin=9"/></net>

<net id="1180"><net_src comp="390" pin="3"/><net_sink comp="1149" pin=10"/></net>

<net id="1181"><net_src comp="132" pin="0"/><net_sink comp="1149" pin=11"/></net>

<net id="1182"><net_src comp="396" pin="3"/><net_sink comp="1149" pin=12"/></net>

<net id="1183"><net_src comp="134" pin="0"/><net_sink comp="1149" pin=13"/></net>

<net id="1184"><net_src comp="402" pin="3"/><net_sink comp="1149" pin=14"/></net>

<net id="1185"><net_src comp="136" pin="0"/><net_sink comp="1149" pin=15"/></net>

<net id="1186"><net_src comp="408" pin="3"/><net_sink comp="1149" pin=16"/></net>

<net id="1187"><net_src comp="140" pin="0"/><net_sink comp="1149" pin=17"/></net>

<net id="1192"><net_src comp="46" pin="0"/><net_sink comp="1188" pin=0"/></net>

<net id="1197"><net_src comp="48" pin="0"/><net_sink comp="1193" pin=0"/></net>

<net id="1202"><net_src comp="50" pin="0"/><net_sink comp="1198" pin=0"/></net>

<net id="1207"><net_src comp="48" pin="0"/><net_sink comp="1203" pin=0"/></net>

<net id="1212"><net_src comp="52" pin="0"/><net_sink comp="1208" pin=0"/></net>

<net id="1217"><net_src comp="38" pin="0"/><net_sink comp="1213" pin=0"/></net>

<net id="1228"><net_src comp="1221" pin="1"/><net_sink comp="1224" pin=0"/></net>

<net id="1229"><net_src comp="54" pin="0"/><net_sink comp="1224" pin=1"/></net>

<net id="1234"><net_src comp="1221" pin="1"/><net_sink comp="1230" pin=0"/></net>

<net id="1235"><net_src comp="56" pin="0"/><net_sink comp="1230" pin=1"/></net>

<net id="1249"><net_src comp="1218" pin="1"/><net_sink comp="1245" pin=0"/></net>

<net id="1250"><net_src comp="58" pin="0"/><net_sink comp="1245" pin=1"/></net>

<net id="1256"><net_src comp="1245" pin="2"/><net_sink comp="1251" pin=0"/></net>

<net id="1257"><net_src comp="48" pin="0"/><net_sink comp="1251" pin=1"/></net>

<net id="1258"><net_src comp="1239" pin="1"/><net_sink comp="1251" pin=2"/></net>

<net id="1263"><net_src comp="1242" pin="1"/><net_sink comp="1259" pin=0"/></net>

<net id="1264"><net_src comp="60" pin="0"/><net_sink comp="1259" pin=1"/></net>

<net id="1269"><net_src comp="1242" pin="1"/><net_sink comp="1265" pin=0"/></net>

<net id="1270"><net_src comp="62" pin="0"/><net_sink comp="1265" pin=1"/></net>

<net id="1276"><net_src comp="1245" pin="2"/><net_sink comp="1271" pin=0"/></net>

<net id="1277"><net_src comp="1259" pin="2"/><net_sink comp="1271" pin=1"/></net>

<net id="1278"><net_src comp="1265" pin="2"/><net_sink comp="1271" pin=2"/></net>

<net id="1283"><net_src comp="1239" pin="1"/><net_sink comp="1279" pin=0"/></net>

<net id="1284"><net_src comp="62" pin="0"/><net_sink comp="1279" pin=1"/></net>

<net id="1290"><net_src comp="1245" pin="2"/><net_sink comp="1285" pin=0"/></net>

<net id="1291"><net_src comp="62" pin="0"/><net_sink comp="1285" pin=1"/></net>

<net id="1292"><net_src comp="1279" pin="2"/><net_sink comp="1285" pin=2"/></net>

<net id="1297"><net_src comp="1245" pin="2"/><net_sink comp="1293" pin=0"/></net>

<net id="1298"><net_src comp="64" pin="0"/><net_sink comp="1293" pin=1"/></net>

<net id="1303"><net_src comp="1236" pin="1"/><net_sink comp="1299" pin=0"/></net>

<net id="1304"><net_src comp="66" pin="0"/><net_sink comp="1299" pin=1"/></net>

<net id="1309"><net_src comp="1299" pin="2"/><net_sink comp="1305" pin=0"/></net>

<net id="1310"><net_src comp="1293" pin="2"/><net_sink comp="1305" pin=1"/></net>

<net id="1316"><net_src comp="1245" pin="2"/><net_sink comp="1311" pin=0"/></net>

<net id="1317"><net_src comp="1265" pin="2"/><net_sink comp="1311" pin=1"/></net>

<net id="1318"><net_src comp="1242" pin="1"/><net_sink comp="1311" pin=2"/></net>

<net id="1323"><net_src comp="1251" pin="3"/><net_sink comp="1319" pin=0"/></net>

<net id="1324"><net_src comp="62" pin="0"/><net_sink comp="1319" pin=1"/></net>

<net id="1329"><net_src comp="1305" pin="2"/><net_sink comp="1325" pin=0"/></net>

<net id="1330"><net_src comp="1245" pin="2"/><net_sink comp="1325" pin=1"/></net>

<net id="1336"><net_src comp="1325" pin="2"/><net_sink comp="1331" pin=0"/></net>

<net id="1337"><net_src comp="52" pin="0"/><net_sink comp="1331" pin=1"/></net>

<net id="1338"><net_src comp="1236" pin="1"/><net_sink comp="1331" pin=2"/></net>

<net id="1343"><net_src comp="1251" pin="3"/><net_sink comp="1339" pin=0"/></net>

<net id="1344"><net_src comp="60" pin="0"/><net_sink comp="1339" pin=1"/></net>

<net id="1350"><net_src comp="1305" pin="2"/><net_sink comp="1345" pin=0"/></net>

<net id="1351"><net_src comp="1339" pin="2"/><net_sink comp="1345" pin=1"/></net>

<net id="1352"><net_src comp="1285" pin="3"/><net_sink comp="1345" pin=2"/></net>

<net id="1358"><net_src comp="1305" pin="2"/><net_sink comp="1353" pin=0"/></net>

<net id="1359"><net_src comp="1319" pin="2"/><net_sink comp="1353" pin=1"/></net>

<net id="1360"><net_src comp="1251" pin="3"/><net_sink comp="1353" pin=2"/></net>

<net id="1364"><net_src comp="1311" pin="3"/><net_sink comp="1361" pin=0"/></net>

<net id="1370"><net_src comp="68" pin="0"/><net_sink comp="1365" pin=0"/></net>

<net id="1371"><net_src comp="1271" pin="3"/><net_sink comp="1365" pin=1"/></net>

<net id="1372"><net_src comp="70" pin="0"/><net_sink comp="1365" pin=2"/></net>

<net id="1376"><net_src comp="1353" pin="3"/><net_sink comp="1373" pin=0"/></net>

<net id="1382"><net_src comp="68" pin="0"/><net_sink comp="1377" pin=0"/></net>

<net id="1383"><net_src comp="1345" pin="3"/><net_sink comp="1377" pin=1"/></net>

<net id="1384"><net_src comp="70" pin="0"/><net_sink comp="1377" pin=2"/></net>

<net id="1390"><net_src comp="68" pin="0"/><net_sink comp="1385" pin=0"/></net>

<net id="1391"><net_src comp="1353" pin="3"/><net_sink comp="1385" pin=1"/></net>

<net id="1392"><net_src comp="72" pin="0"/><net_sink comp="1385" pin=2"/></net>

<net id="1399"><net_src comp="74" pin="0"/><net_sink comp="1393" pin=0"/></net>

<net id="1400"><net_src comp="1345" pin="3"/><net_sink comp="1393" pin=1"/></net>

<net id="1401"><net_src comp="72" pin="0"/><net_sink comp="1393" pin=2"/></net>

<net id="1402"><net_src comp="70" pin="0"/><net_sink comp="1393" pin=3"/></net>

<net id="1406"><net_src comp="1331" pin="3"/><net_sink comp="1403" pin=0"/></net>

<net id="1410"><net_src comp="1331" pin="3"/><net_sink comp="1407" pin=0"/></net>

<net id="1416"><net_src comp="76" pin="0"/><net_sink comp="1411" pin=0"/></net>

<net id="1417"><net_src comp="1331" pin="3"/><net_sink comp="1411" pin=1"/></net>

<net id="1418"><net_src comp="78" pin="0"/><net_sink comp="1411" pin=2"/></net>

<net id="1422"><net_src comp="1411" pin="3"/><net_sink comp="1419" pin=0"/></net>

<net id="1427"><net_src comp="1419" pin="1"/><net_sink comp="1423" pin=0"/></net>

<net id="1428"><net_src comp="1403" pin="1"/><net_sink comp="1423" pin=1"/></net>

<net id="1432"><net_src comp="1423" pin="2"/><net_sink comp="1429" pin=0"/></net>

<net id="1437"><net_src comp="1429" pin="1"/><net_sink comp="1433" pin=0"/></net>

<net id="1441"><net_src comp="1423" pin="2"/><net_sink comp="1438" pin=0"/></net>

<net id="1448"><net_src comp="80" pin="0"/><net_sink comp="1442" pin=0"/></net>

<net id="1449"><net_src comp="1433" pin="2"/><net_sink comp="1442" pin=1"/></net>

<net id="1450"><net_src comp="82" pin="0"/><net_sink comp="1442" pin=2"/></net>

<net id="1451"><net_src comp="84" pin="0"/><net_sink comp="1442" pin=3"/></net>

<net id="1455"><net_src comp="1442" pin="4"/><net_sink comp="1452" pin=0"/></net>

<net id="1456"><net_src comp="1452" pin="1"/><net_sink comp="228" pin=2"/></net>

<net id="1457"><net_src comp="1452" pin="1"/><net_sink comp="245" pin=2"/></net>

<net id="1463"><net_src comp="88" pin="0"/><net_sink comp="1458" pin=0"/></net>

<net id="1464"><net_src comp="1433" pin="2"/><net_sink comp="1458" pin=1"/></net>

<net id="1465"><net_src comp="90" pin="0"/><net_sink comp="1458" pin=2"/></net>

<net id="1470"><net_src comp="1433" pin="2"/><net_sink comp="1466" pin=0"/></net>

<net id="1471"><net_src comp="92" pin="0"/><net_sink comp="1466" pin=1"/></net>

<net id="1478"><net_src comp="80" pin="0"/><net_sink comp="1472" pin=0"/></net>

<net id="1479"><net_src comp="1466" pin="2"/><net_sink comp="1472" pin=1"/></net>

<net id="1480"><net_src comp="82" pin="0"/><net_sink comp="1472" pin=2"/></net>

<net id="1481"><net_src comp="84" pin="0"/><net_sink comp="1472" pin=3"/></net>

<net id="1485"><net_src comp="1472" pin="4"/><net_sink comp="1482" pin=0"/></net>

<net id="1486"><net_src comp="1482" pin="1"/><net_sink comp="262" pin=2"/></net>

<net id="1487"><net_src comp="1482" pin="1"/><net_sink comp="270" pin=2"/></net>

<net id="1493"><net_src comp="88" pin="0"/><net_sink comp="1488" pin=0"/></net>

<net id="1494"><net_src comp="1466" pin="2"/><net_sink comp="1488" pin=1"/></net>

<net id="1495"><net_src comp="90" pin="0"/><net_sink comp="1488" pin=2"/></net>

<net id="1500"><net_src comp="1331" pin="3"/><net_sink comp="1496" pin=0"/></net>

<net id="1501"><net_src comp="94" pin="0"/><net_sink comp="1496" pin=1"/></net>

<net id="1506"><net_src comp="1496" pin="2"/><net_sink comp="1502" pin=0"/></net>

<net id="1507"><net_src comp="66" pin="0"/><net_sink comp="1502" pin=1"/></net>

<net id="1512"><net_src comp="1353" pin="3"/><net_sink comp="1508" pin=0"/></net>

<net id="1513"><net_src comp="1311" pin="3"/><net_sink comp="1508" pin=1"/></net>

<net id="1518"><net_src comp="1508" pin="2"/><net_sink comp="1514" pin=0"/></net>

<net id="1519"><net_src comp="96" pin="0"/><net_sink comp="1514" pin=1"/></net>

<net id="1524"><net_src comp="1218" pin="1"/><net_sink comp="1520" pin=0"/></net>

<net id="1525"><net_src comp="98" pin="0"/><net_sink comp="1520" pin=1"/></net>

<net id="1531"><net_src comp="1245" pin="2"/><net_sink comp="1526" pin=0"/></net>

<net id="1532"><net_src comp="98" pin="0"/><net_sink comp="1526" pin=1"/></net>

<net id="1533"><net_src comp="1520" pin="2"/><net_sink comp="1526" pin=2"/></net>

<net id="1538"><net_src comp="1230" pin="2"/><net_sink comp="1534" pin=0"/></net>

<net id="1543"><net_src comp="1311" pin="3"/><net_sink comp="1539" pin=0"/></net>

<net id="1548"><net_src comp="1526" pin="3"/><net_sink comp="1544" pin=0"/></net>

<net id="1553"><net_src comp="1496" pin="2"/><net_sink comp="1549" pin=0"/></net>

<net id="1559"><net_src comp="252" pin="7"/><net_sink comp="1554" pin=1"/></net>

<net id="1560"><net_src comp="235" pin="7"/><net_sink comp="1554" pin=2"/></net>

<net id="1568"><net_src comp="1554" pin="3"/><net_sink comp="1564" pin=0"/></net>

<net id="1569"><net_src comp="1561" pin="1"/><net_sink comp="1564" pin=1"/></net>

<net id="1575"><net_src comp="252" pin="3"/><net_sink comp="1570" pin=1"/></net>

<net id="1576"><net_src comp="235" pin="3"/><net_sink comp="1570" pin=2"/></net>

<net id="1581"><net_src comp="62" pin="0"/><net_sink comp="1577" pin=1"/></net>

<net id="1585"><net_src comp="1577" pin="2"/><net_sink comp="1582" pin=0"/></net>

<net id="1590"><net_src comp="1570" pin="3"/><net_sink comp="1586" pin=0"/></net>

<net id="1591"><net_src comp="1582" pin="1"/><net_sink comp="1586" pin=1"/></net>

<net id="1596"><net_src comp="100" pin="0"/><net_sink comp="1592" pin=1"/></net>

<net id="1603"><net_src comp="80" pin="0"/><net_sink comp="1597" pin=0"/></net>

<net id="1604"><net_src comp="1592" pin="2"/><net_sink comp="1597" pin=1"/></net>

<net id="1605"><net_src comp="82" pin="0"/><net_sink comp="1597" pin=2"/></net>

<net id="1606"><net_src comp="84" pin="0"/><net_sink comp="1597" pin=3"/></net>

<net id="1610"><net_src comp="1597" pin="4"/><net_sink comp="1607" pin=0"/></net>

<net id="1611"><net_src comp="1607" pin="1"/><net_sink comp="278" pin=2"/></net>

<net id="1612"><net_src comp="1607" pin="1"/><net_sink comp="286" pin=2"/></net>

<net id="1618"><net_src comp="88" pin="0"/><net_sink comp="1613" pin=0"/></net>

<net id="1619"><net_src comp="1592" pin="2"/><net_sink comp="1613" pin=1"/></net>

<net id="1620"><net_src comp="90" pin="0"/><net_sink comp="1613" pin=2"/></net>

<net id="1625"><net_src comp="102" pin="0"/><net_sink comp="1621" pin=1"/></net>

<net id="1632"><net_src comp="80" pin="0"/><net_sink comp="1626" pin=0"/></net>

<net id="1633"><net_src comp="1621" pin="2"/><net_sink comp="1626" pin=1"/></net>

<net id="1634"><net_src comp="82" pin="0"/><net_sink comp="1626" pin=2"/></net>

<net id="1635"><net_src comp="84" pin="0"/><net_sink comp="1626" pin=3"/></net>

<net id="1639"><net_src comp="1626" pin="4"/><net_sink comp="1636" pin=0"/></net>

<net id="1640"><net_src comp="1636" pin="1"/><net_sink comp="294" pin=2"/></net>

<net id="1641"><net_src comp="1636" pin="1"/><net_sink comp="302" pin=2"/></net>

<net id="1647"><net_src comp="88" pin="0"/><net_sink comp="1642" pin=0"/></net>

<net id="1648"><net_src comp="1621" pin="2"/><net_sink comp="1642" pin=1"/></net>

<net id="1649"><net_src comp="90" pin="0"/><net_sink comp="1642" pin=2"/></net>

<net id="1658"><net_src comp="252" pin="3"/><net_sink comp="1653" pin=1"/></net>

<net id="1659"><net_src comp="235" pin="3"/><net_sink comp="1653" pin=2"/></net>

<net id="1664"><net_src comp="60" pin="0"/><net_sink comp="1660" pin=1"/></net>

<net id="1668"><net_src comp="1660" pin="2"/><net_sink comp="1665" pin=0"/></net>

<net id="1673"><net_src comp="1653" pin="3"/><net_sink comp="1669" pin=0"/></net>

<net id="1674"><net_src comp="1665" pin="1"/><net_sink comp="1669" pin=1"/></net>

<net id="1680"><net_src comp="252" pin="7"/><net_sink comp="1675" pin=1"/></net>

<net id="1681"><net_src comp="235" pin="7"/><net_sink comp="1675" pin=2"/></net>

<net id="1686"><net_src comp="104" pin="0"/><net_sink comp="1682" pin=1"/></net>

<net id="1690"><net_src comp="1682" pin="2"/><net_sink comp="1687" pin=0"/></net>

<net id="1695"><net_src comp="1675" pin="3"/><net_sink comp="1691" pin=0"/></net>

<net id="1696"><net_src comp="1687" pin="1"/><net_sink comp="1691" pin=1"/></net>

<net id="1703"><net_src comp="106" pin="0"/><net_sink comp="1697" pin=0"/></net>

<net id="1704"><net_src comp="108" pin="0"/><net_sink comp="1697" pin=3"/></net>

<net id="1711"><net_src comp="106" pin="0"/><net_sink comp="1705" pin=0"/></net>

<net id="1715"><net_src comp="1705" pin="4"/><net_sink comp="1712" pin=0"/></net>

<net id="1716"><net_src comp="1712" pin="1"/><net_sink comp="310" pin=2"/></net>

<net id="1717"><net_src comp="1712" pin="1"/><net_sink comp="317" pin=2"/></net>

<net id="1718"><net_src comp="1712" pin="1"/><net_sink comp="324" pin=2"/></net>

<net id="1719"><net_src comp="1712" pin="1"/><net_sink comp="331" pin=2"/></net>

<net id="1720"><net_src comp="1712" pin="1"/><net_sink comp="338" pin=2"/></net>

<net id="1721"><net_src comp="1712" pin="1"/><net_sink comp="345" pin=2"/></net>

<net id="1722"><net_src comp="1712" pin="1"/><net_sink comp="352" pin=2"/></net>

<net id="1723"><net_src comp="1712" pin="1"/><net_sink comp="359" pin=2"/></net>

<net id="1728"><net_src comp="110" pin="0"/><net_sink comp="1724" pin=1"/></net>

<net id="1735"><net_src comp="80" pin="0"/><net_sink comp="1729" pin=0"/></net>

<net id="1736"><net_src comp="1724" pin="2"/><net_sink comp="1729" pin=1"/></net>

<net id="1737"><net_src comp="82" pin="0"/><net_sink comp="1729" pin=2"/></net>

<net id="1738"><net_src comp="84" pin="0"/><net_sink comp="1729" pin=3"/></net>

<net id="1742"><net_src comp="1729" pin="4"/><net_sink comp="1739" pin=0"/></net>

<net id="1743"><net_src comp="1739" pin="1"/><net_sink comp="414" pin=2"/></net>

<net id="1744"><net_src comp="1739" pin="1"/><net_sink comp="422" pin=2"/></net>

<net id="1750"><net_src comp="88" pin="0"/><net_sink comp="1745" pin=0"/></net>

<net id="1751"><net_src comp="1724" pin="2"/><net_sink comp="1745" pin=1"/></net>

<net id="1752"><net_src comp="90" pin="0"/><net_sink comp="1745" pin=2"/></net>

<net id="1757"><net_src comp="1697" pin="4"/><net_sink comp="1753" pin=0"/></net>

<net id="1758"><net_src comp="1650" pin="1"/><net_sink comp="1753" pin=1"/></net>

<net id="1762"><net_src comp="1753" pin="2"/><net_sink comp="1759" pin=0"/></net>

<net id="1763"><net_src comp="1759" pin="1"/><net_sink comp="430" pin=2"/></net>

<net id="1764"><net_src comp="1759" pin="1"/><net_sink comp="437" pin=2"/></net>

<net id="1765"><net_src comp="1759" pin="1"/><net_sink comp="444" pin=2"/></net>

<net id="1766"><net_src comp="1759" pin="1"/><net_sink comp="451" pin=2"/></net>

<net id="1767"><net_src comp="1759" pin="1"/><net_sink comp="458" pin=2"/></net>

<net id="1768"><net_src comp="1759" pin="1"/><net_sink comp="465" pin=2"/></net>

<net id="1769"><net_src comp="1759" pin="1"/><net_sink comp="472" pin=2"/></net>

<net id="1770"><net_src comp="1759" pin="1"/><net_sink comp="479" pin=2"/></net>

<net id="1775"><net_src comp="112" pin="0"/><net_sink comp="1771" pin=1"/></net>

<net id="1782"><net_src comp="80" pin="0"/><net_sink comp="1776" pin=0"/></net>

<net id="1783"><net_src comp="1771" pin="2"/><net_sink comp="1776" pin=1"/></net>

<net id="1784"><net_src comp="82" pin="0"/><net_sink comp="1776" pin=2"/></net>

<net id="1785"><net_src comp="84" pin="0"/><net_sink comp="1776" pin=3"/></net>

<net id="1789"><net_src comp="1776" pin="4"/><net_sink comp="1786" pin=0"/></net>

<net id="1790"><net_src comp="1786" pin="1"/><net_sink comp="494" pin=2"/></net>

<net id="1791"><net_src comp="1786" pin="1"/><net_sink comp="502" pin=2"/></net>

<net id="1797"><net_src comp="88" pin="0"/><net_sink comp="1792" pin=0"/></net>

<net id="1798"><net_src comp="1771" pin="2"/><net_sink comp="1792" pin=1"/></net>

<net id="1799"><net_src comp="90" pin="0"/><net_sink comp="1792" pin=2"/></net>

<net id="1808"><net_src comp="114" pin="0"/><net_sink comp="1803" pin=0"/></net>

<net id="1809"><net_src comp="116" pin="0"/><net_sink comp="1803" pin=2"/></net>

<net id="1813"><net_src comp="1803" pin="3"/><net_sink comp="1810" pin=0"/></net>

<net id="1818"><net_src comp="62" pin="0"/><net_sink comp="1814" pin=1"/></net>

<net id="1822"><net_src comp="1814" pin="2"/><net_sink comp="1819" pin=0"/></net>

<net id="1827"><net_src comp="1819" pin="1"/><net_sink comp="1823" pin=0"/></net>

<net id="1828"><net_src comp="118" pin="0"/><net_sink comp="1823" pin=1"/></net>

<net id="1832"><net_src comp="1823" pin="2"/><net_sink comp="1829" pin=0"/></net>

<net id="1837"><net_src comp="1803" pin="3"/><net_sink comp="1833" pin=0"/></net>

<net id="1838"><net_src comp="1800" pin="1"/><net_sink comp="1833" pin=1"/></net>

<net id="1843"><net_src comp="120" pin="0"/><net_sink comp="1839" pin=1"/></net>

<net id="1847"><net_src comp="1839" pin="2"/><net_sink comp="1844" pin=0"/></net>

<net id="1853"><net_src comp="68" pin="0"/><net_sink comp="1848" pin=0"/></net>

<net id="1854"><net_src comp="1839" pin="2"/><net_sink comp="1848" pin=1"/></net>

<net id="1855"><net_src comp="70" pin="0"/><net_sink comp="1848" pin=2"/></net>

<net id="1861"><net_src comp="122" pin="0"/><net_sink comp="1856" pin=0"/></net>

<net id="1862"><net_src comp="48" pin="0"/><net_sink comp="1856" pin=2"/></net>

<net id="1884"><net_src comp="124" pin="0"/><net_sink comp="1863" pin=0"/></net>

<net id="1885"><net_src comp="78" pin="0"/><net_sink comp="1863" pin=1"/></net>

<net id="1886"><net_src comp="366" pin="3"/><net_sink comp="1863" pin=2"/></net>

<net id="1887"><net_src comp="126" pin="0"/><net_sink comp="1863" pin=3"/></net>

<net id="1888"><net_src comp="372" pin="3"/><net_sink comp="1863" pin=4"/></net>

<net id="1889"><net_src comp="128" pin="0"/><net_sink comp="1863" pin=5"/></net>

<net id="1890"><net_src comp="378" pin="3"/><net_sink comp="1863" pin=6"/></net>

<net id="1891"><net_src comp="130" pin="0"/><net_sink comp="1863" pin=7"/></net>

<net id="1892"><net_src comp="384" pin="3"/><net_sink comp="1863" pin=8"/></net>

<net id="1893"><net_src comp="132" pin="0"/><net_sink comp="1863" pin=9"/></net>

<net id="1894"><net_src comp="390" pin="3"/><net_sink comp="1863" pin=10"/></net>

<net id="1895"><net_src comp="134" pin="0"/><net_sink comp="1863" pin=11"/></net>

<net id="1896"><net_src comp="396" pin="3"/><net_sink comp="1863" pin=12"/></net>

<net id="1897"><net_src comp="136" pin="0"/><net_sink comp="1863" pin=13"/></net>

<net id="1898"><net_src comp="402" pin="3"/><net_sink comp="1863" pin=14"/></net>

<net id="1899"><net_src comp="138" pin="0"/><net_sink comp="1863" pin=15"/></net>

<net id="1900"><net_src comp="408" pin="3"/><net_sink comp="1863" pin=16"/></net>

<net id="1901"><net_src comp="140" pin="0"/><net_sink comp="1863" pin=17"/></net>

<net id="1907"><net_src comp="252" pin="3"/><net_sink comp="1902" pin=1"/></net>

<net id="1908"><net_src comp="235" pin="3"/><net_sink comp="1902" pin=2"/></net>

<net id="1913"><net_src comp="142" pin="0"/><net_sink comp="1909" pin=1"/></net>

<net id="1917"><net_src comp="1909" pin="2"/><net_sink comp="1914" pin=0"/></net>

<net id="1922"><net_src comp="1902" pin="3"/><net_sink comp="1918" pin=0"/></net>

<net id="1923"><net_src comp="1914" pin="1"/><net_sink comp="1918" pin=1"/></net>

<net id="1945"><net_src comp="124" pin="0"/><net_sink comp="1924" pin=0"/></net>

<net id="1946"><net_src comp="138" pin="0"/><net_sink comp="1924" pin=1"/></net>

<net id="1947"><net_src comp="366" pin="3"/><net_sink comp="1924" pin=2"/></net>

<net id="1948"><net_src comp="78" pin="0"/><net_sink comp="1924" pin=3"/></net>

<net id="1949"><net_src comp="372" pin="3"/><net_sink comp="1924" pin=4"/></net>

<net id="1950"><net_src comp="126" pin="0"/><net_sink comp="1924" pin=5"/></net>

<net id="1951"><net_src comp="378" pin="3"/><net_sink comp="1924" pin=6"/></net>

<net id="1952"><net_src comp="128" pin="0"/><net_sink comp="1924" pin=7"/></net>

<net id="1953"><net_src comp="384" pin="3"/><net_sink comp="1924" pin=8"/></net>

<net id="1954"><net_src comp="130" pin="0"/><net_sink comp="1924" pin=9"/></net>

<net id="1955"><net_src comp="390" pin="3"/><net_sink comp="1924" pin=10"/></net>

<net id="1956"><net_src comp="132" pin="0"/><net_sink comp="1924" pin=11"/></net>

<net id="1957"><net_src comp="396" pin="3"/><net_sink comp="1924" pin=12"/></net>

<net id="1958"><net_src comp="134" pin="0"/><net_sink comp="1924" pin=13"/></net>

<net id="1959"><net_src comp="402" pin="3"/><net_sink comp="1924" pin=14"/></net>

<net id="1960"><net_src comp="136" pin="0"/><net_sink comp="1924" pin=15"/></net>

<net id="1961"><net_src comp="408" pin="3"/><net_sink comp="1924" pin=16"/></net>

<net id="1962"><net_src comp="140" pin="0"/><net_sink comp="1924" pin=17"/></net>

<net id="1968"><net_src comp="252" pin="7"/><net_sink comp="1963" pin=1"/></net>

<net id="1969"><net_src comp="235" pin="7"/><net_sink comp="1963" pin=2"/></net>

<net id="1974"><net_src comp="96" pin="0"/><net_sink comp="1970" pin=1"/></net>

<net id="1978"><net_src comp="1970" pin="2"/><net_sink comp="1975" pin=0"/></net>

<net id="1983"><net_src comp="1963" pin="3"/><net_sink comp="1979" pin=0"/></net>

<net id="1984"><net_src comp="1975" pin="1"/><net_sink comp="1979" pin=1"/></net>

<net id="1989"><net_src comp="1810" pin="1"/><net_sink comp="1985" pin=0"/></net>

<net id="1990"><net_src comp="1844" pin="1"/><net_sink comp="1985" pin=1"/></net>

<net id="1994"><net_src comp="1985" pin="2"/><net_sink comp="1991" pin=0"/></net>

<net id="2000"><net_src comp="144" pin="0"/><net_sink comp="1995" pin=0"/></net>

<net id="2001"><net_src comp="146" pin="0"/><net_sink comp="1995" pin=2"/></net>

<net id="2006"><net_src comp="1995" pin="3"/><net_sink comp="2002" pin=0"/></net>

<net id="2007"><net_src comp="1991" pin="1"/><net_sink comp="2002" pin=1"/></net>

<net id="2014"><net_src comp="148" pin="0"/><net_sink comp="2008" pin=0"/></net>

<net id="2015"><net_src comp="2002" pin="2"/><net_sink comp="2008" pin=1"/></net>

<net id="2016"><net_src comp="72" pin="0"/><net_sink comp="2008" pin=2"/></net>

<net id="2017"><net_src comp="150" pin="0"/><net_sink comp="2008" pin=3"/></net>

<net id="2021"><net_src comp="2008" pin="4"/><net_sink comp="2018" pin=0"/></net>

<net id="2022"><net_src comp="2018" pin="1"/><net_sink comp="510" pin=2"/></net>

<net id="2023"><net_src comp="2018" pin="1"/><net_sink comp="517" pin=2"/></net>

<net id="2024"><net_src comp="2018" pin="1"/><net_sink comp="524" pin=2"/></net>

<net id="2025"><net_src comp="2018" pin="1"/><net_sink comp="531" pin=2"/></net>

<net id="2026"><net_src comp="2018" pin="1"/><net_sink comp="538" pin=2"/></net>

<net id="2027"><net_src comp="2018" pin="1"/><net_sink comp="545" pin=2"/></net>

<net id="2028"><net_src comp="2018" pin="1"/><net_sink comp="552" pin=2"/></net>

<net id="2029"><net_src comp="2018" pin="1"/><net_sink comp="559" pin=2"/></net>

<net id="2034"><net_src comp="152" pin="0"/><net_sink comp="2030" pin=1"/></net>

<net id="2041"><net_src comp="80" pin="0"/><net_sink comp="2035" pin=0"/></net>

<net id="2042"><net_src comp="2030" pin="2"/><net_sink comp="2035" pin=1"/></net>

<net id="2043"><net_src comp="82" pin="0"/><net_sink comp="2035" pin=2"/></net>

<net id="2044"><net_src comp="84" pin="0"/><net_sink comp="2035" pin=3"/></net>

<net id="2048"><net_src comp="2035" pin="4"/><net_sink comp="2045" pin=0"/></net>

<net id="2049"><net_src comp="2045" pin="1"/><net_sink comp="574" pin=2"/></net>

<net id="2050"><net_src comp="2045" pin="1"/><net_sink comp="582" pin=2"/></net>

<net id="2056"><net_src comp="88" pin="0"/><net_sink comp="2051" pin=0"/></net>

<net id="2057"><net_src comp="2030" pin="2"/><net_sink comp="2051" pin=1"/></net>

<net id="2058"><net_src comp="90" pin="0"/><net_sink comp="2051" pin=2"/></net>

<net id="2063"><net_src comp="1829" pin="1"/><net_sink comp="2059" pin=0"/></net>

<net id="2064"><net_src comp="1856" pin="3"/><net_sink comp="2059" pin=1"/></net>

<net id="2071"><net_src comp="154" pin="0"/><net_sink comp="2065" pin=0"/></net>

<net id="2072"><net_src comp="2059" pin="2"/><net_sink comp="2065" pin=1"/></net>

<net id="2073"><net_src comp="32" pin="0"/><net_sink comp="2065" pin=2"/></net>

<net id="2074"><net_src comp="156" pin="0"/><net_sink comp="2065" pin=3"/></net>

<net id="2080"><net_src comp="158" pin="0"/><net_sink comp="2075" pin=0"/></net>

<net id="2081"><net_src comp="2065" pin="4"/><net_sink comp="2075" pin=1"/></net>

<net id="2085"><net_src comp="2075" pin="3"/><net_sink comp="2082" pin=0"/></net>

<net id="2086"><net_src comp="2082" pin="1"/><net_sink comp="590" pin=2"/></net>

<net id="2087"><net_src comp="2082" pin="1"/><net_sink comp="597" pin=2"/></net>

<net id="2088"><net_src comp="2082" pin="1"/><net_sink comp="604" pin=2"/></net>

<net id="2089"><net_src comp="2082" pin="1"/><net_sink comp="611" pin=2"/></net>

<net id="2090"><net_src comp="2082" pin="1"/><net_sink comp="618" pin=2"/></net>

<net id="2091"><net_src comp="2082" pin="1"/><net_sink comp="625" pin=2"/></net>

<net id="2092"><net_src comp="2082" pin="1"/><net_sink comp="632" pin=2"/></net>

<net id="2093"><net_src comp="2082" pin="1"/><net_sink comp="639" pin=2"/></net>

<net id="2098"><net_src comp="160" pin="0"/><net_sink comp="2094" pin=1"/></net>

<net id="2105"><net_src comp="80" pin="0"/><net_sink comp="2099" pin=0"/></net>

<net id="2106"><net_src comp="2094" pin="2"/><net_sink comp="2099" pin=1"/></net>

<net id="2107"><net_src comp="82" pin="0"/><net_sink comp="2099" pin=2"/></net>

<net id="2108"><net_src comp="84" pin="0"/><net_sink comp="2099" pin=3"/></net>

<net id="2112"><net_src comp="2099" pin="4"/><net_sink comp="2109" pin=0"/></net>

<net id="2113"><net_src comp="2109" pin="1"/><net_sink comp="654" pin=2"/></net>

<net id="2114"><net_src comp="2109" pin="1"/><net_sink comp="662" pin=2"/></net>

<net id="2120"><net_src comp="88" pin="0"/><net_sink comp="2115" pin=0"/></net>

<net id="2121"><net_src comp="2094" pin="2"/><net_sink comp="2115" pin=1"/></net>

<net id="2122"><net_src comp="90" pin="0"/><net_sink comp="2115" pin=2"/></net>

<net id="2127"><net_src comp="2059" pin="2"/><net_sink comp="2123" pin=0"/></net>

<net id="2132"><net_src comp="162" pin="0"/><net_sink comp="2128" pin=1"/></net>

<net id="2139"><net_src comp="80" pin="0"/><net_sink comp="2133" pin=0"/></net>

<net id="2140"><net_src comp="2128" pin="2"/><net_sink comp="2133" pin=1"/></net>

<net id="2141"><net_src comp="82" pin="0"/><net_sink comp="2133" pin=2"/></net>

<net id="2142"><net_src comp="84" pin="0"/><net_sink comp="2133" pin=3"/></net>

<net id="2148"><net_src comp="88" pin="0"/><net_sink comp="2143" pin=0"/></net>

<net id="2149"><net_src comp="2128" pin="2"/><net_sink comp="2143" pin=1"/></net>

<net id="2150"><net_src comp="90" pin="0"/><net_sink comp="2143" pin=2"/></net>

<net id="2158"><net_src comp="2151" pin="1"/><net_sink comp="2154" pin=0"/></net>

<net id="2159"><net_src comp="1833" pin="2"/><net_sink comp="2154" pin=1"/></net>

<net id="2163"><net_src comp="2154" pin="2"/><net_sink comp="2160" pin=0"/></net>

<net id="2168"><net_src comp="2160" pin="1"/><net_sink comp="2164" pin=0"/></net>

<net id="2169"><net_src comp="164" pin="0"/><net_sink comp="2164" pin=1"/></net>

<net id="2176"><net_src comp="166" pin="0"/><net_sink comp="2170" pin=0"/></net>

<net id="2177"><net_src comp="2164" pin="2"/><net_sink comp="2170" pin=1"/></net>

<net id="2178"><net_src comp="168" pin="0"/><net_sink comp="2170" pin=2"/></net>

<net id="2179"><net_src comp="170" pin="0"/><net_sink comp="2170" pin=3"/></net>

<net id="2185"><net_src comp="252" pin="3"/><net_sink comp="2180" pin=1"/></net>

<net id="2186"><net_src comp="235" pin="3"/><net_sink comp="2180" pin=2"/></net>

<net id="2191"><net_src comp="172" pin="0"/><net_sink comp="2187" pin=1"/></net>

<net id="2195"><net_src comp="2187" pin="2"/><net_sink comp="2192" pin=0"/></net>

<net id="2200"><net_src comp="2180" pin="3"/><net_sink comp="2196" pin=0"/></net>

<net id="2201"><net_src comp="2192" pin="1"/><net_sink comp="2196" pin=1"/></net>

<net id="2207"><net_src comp="252" pin="7"/><net_sink comp="2202" pin=1"/></net>

<net id="2208"><net_src comp="235" pin="7"/><net_sink comp="2202" pin=2"/></net>

<net id="2213"><net_src comp="174" pin="0"/><net_sink comp="2209" pin=1"/></net>

<net id="2217"><net_src comp="2209" pin="2"/><net_sink comp="2214" pin=0"/></net>

<net id="2222"><net_src comp="2202" pin="3"/><net_sink comp="2218" pin=0"/></net>

<net id="2223"><net_src comp="2214" pin="1"/><net_sink comp="2218" pin=1"/></net>

<net id="2227"><net_src comp="2224" pin="1"/><net_sink comp="670" pin=2"/></net>

<net id="2228"><net_src comp="2224" pin="1"/><net_sink comp="677" pin=2"/></net>

<net id="2229"><net_src comp="2224" pin="1"/><net_sink comp="684" pin=2"/></net>

<net id="2230"><net_src comp="2224" pin="1"/><net_sink comp="691" pin=2"/></net>

<net id="2231"><net_src comp="2224" pin="1"/><net_sink comp="698" pin=2"/></net>

<net id="2232"><net_src comp="2224" pin="1"/><net_sink comp="705" pin=2"/></net>

<net id="2233"><net_src comp="2224" pin="1"/><net_sink comp="712" pin=2"/></net>

<net id="2234"><net_src comp="2224" pin="1"/><net_sink comp="719" pin=2"/></net>

<net id="2238"><net_src comp="2235" pin="1"/><net_sink comp="734" pin=2"/></net>

<net id="2239"><net_src comp="2235" pin="1"/><net_sink comp="742" pin=2"/></net>

<net id="2261"><net_src comp="144" pin="0"/><net_sink comp="2256" pin=0"/></net>

<net id="2262"><net_src comp="176" pin="0"/><net_sink comp="2256" pin=2"/></net>

<net id="2267"><net_src comp="2256" pin="3"/><net_sink comp="2263" pin=0"/></net>

<net id="2268"><net_src comp="178" pin="0"/><net_sink comp="2263" pin=1"/></net>

<net id="2273"><net_src comp="2263" pin="2"/><net_sink comp="2269" pin=0"/></net>

<net id="2274"><net_src comp="2244" pin="1"/><net_sink comp="2269" pin=1"/></net>

<net id="2279"><net_src comp="2269" pin="2"/><net_sink comp="2275" pin=0"/></net>

<net id="2280"><net_src comp="2250" pin="1"/><net_sink comp="2275" pin=1"/></net>

<net id="2287"><net_src comp="148" pin="0"/><net_sink comp="2281" pin=0"/></net>

<net id="2288"><net_src comp="2275" pin="2"/><net_sink comp="2281" pin=1"/></net>

<net id="2289"><net_src comp="72" pin="0"/><net_sink comp="2281" pin=2"/></net>

<net id="2290"><net_src comp="150" pin="0"/><net_sink comp="2281" pin=3"/></net>

<net id="2294"><net_src comp="2281" pin="4"/><net_sink comp="2291" pin=0"/></net>

<net id="2295"><net_src comp="2291" pin="1"/><net_sink comp="750" pin=2"/></net>

<net id="2296"><net_src comp="2291" pin="1"/><net_sink comp="757" pin=2"/></net>

<net id="2297"><net_src comp="2291" pin="1"/><net_sink comp="764" pin=2"/></net>

<net id="2298"><net_src comp="2291" pin="1"/><net_sink comp="771" pin=2"/></net>

<net id="2299"><net_src comp="2291" pin="1"/><net_sink comp="778" pin=2"/></net>

<net id="2300"><net_src comp="2291" pin="1"/><net_sink comp="785" pin=2"/></net>

<net id="2301"><net_src comp="2291" pin="1"/><net_sink comp="792" pin=2"/></net>

<net id="2302"><net_src comp="2291" pin="1"/><net_sink comp="799" pin=2"/></net>

<net id="2307"><net_src comp="2269" pin="2"/><net_sink comp="2303" pin=0"/></net>

<net id="2308"><net_src comp="2247" pin="1"/><net_sink comp="2303" pin=1"/></net>

<net id="2315"><net_src comp="148" pin="0"/><net_sink comp="2309" pin=0"/></net>

<net id="2316"><net_src comp="2303" pin="2"/><net_sink comp="2309" pin=1"/></net>

<net id="2317"><net_src comp="72" pin="0"/><net_sink comp="2309" pin=2"/></net>

<net id="2318"><net_src comp="150" pin="0"/><net_sink comp="2309" pin=3"/></net>

<net id="2322"><net_src comp="2309" pin="4"/><net_sink comp="2319" pin=0"/></net>

<net id="2323"><net_src comp="2319" pin="1"/><net_sink comp="814" pin=2"/></net>

<net id="2324"><net_src comp="2319" pin="1"/><net_sink comp="821" pin=2"/></net>

<net id="2325"><net_src comp="2319" pin="1"/><net_sink comp="828" pin=2"/></net>

<net id="2326"><net_src comp="2319" pin="1"/><net_sink comp="835" pin=2"/></net>

<net id="2327"><net_src comp="2319" pin="1"/><net_sink comp="842" pin=2"/></net>

<net id="2328"><net_src comp="2319" pin="1"/><net_sink comp="849" pin=2"/></net>

<net id="2329"><net_src comp="2319" pin="1"/><net_sink comp="856" pin=2"/></net>

<net id="2330"><net_src comp="2319" pin="1"/><net_sink comp="863" pin=2"/></net>

<net id="2335"><net_src comp="2269" pin="2"/><net_sink comp="2331" pin=0"/></net>

<net id="2336"><net_src comp="2253" pin="1"/><net_sink comp="2331" pin=1"/></net>

<net id="2343"><net_src comp="148" pin="0"/><net_sink comp="2337" pin=0"/></net>

<net id="2344"><net_src comp="2331" pin="2"/><net_sink comp="2337" pin=1"/></net>

<net id="2345"><net_src comp="72" pin="0"/><net_sink comp="2337" pin=2"/></net>

<net id="2346"><net_src comp="150" pin="0"/><net_sink comp="2337" pin=3"/></net>

<net id="2353"><net_src comp="180" pin="0"/><net_sink comp="2347" pin=0"/></net>

<net id="2354"><net_src comp="116" pin="0"/><net_sink comp="2347" pin=3"/></net>

<net id="2359"><net_src comp="2347" pin="4"/><net_sink comp="2355" pin=0"/></net>

<net id="2360"><net_src comp="2250" pin="1"/><net_sink comp="2355" pin=1"/></net>

<net id="2367"><net_src comp="148" pin="0"/><net_sink comp="2361" pin=0"/></net>

<net id="2368"><net_src comp="2355" pin="2"/><net_sink comp="2361" pin=1"/></net>

<net id="2369"><net_src comp="72" pin="0"/><net_sink comp="2361" pin=2"/></net>

<net id="2370"><net_src comp="150" pin="0"/><net_sink comp="2361" pin=3"/></net>

<net id="2376"><net_src comp="252" pin="3"/><net_sink comp="2371" pin=1"/></net>

<net id="2377"><net_src comp="235" pin="3"/><net_sink comp="2371" pin=2"/></net>

<net id="2382"><net_src comp="182" pin="0"/><net_sink comp="2378" pin=1"/></net>

<net id="2386"><net_src comp="2378" pin="2"/><net_sink comp="2383" pin=0"/></net>

<net id="2391"><net_src comp="2371" pin="3"/><net_sink comp="2387" pin=0"/></net>

<net id="2392"><net_src comp="2383" pin="1"/><net_sink comp="2387" pin=1"/></net>

<net id="2401"><net_src comp="38" pin="0"/><net_sink comp="2396" pin=1"/></net>

<net id="2402"><net_src comp="2393" pin="1"/><net_sink comp="2396" pin=2"/></net>

<net id="2410"><net_src comp="2403" pin="1"/><net_sink comp="2406" pin=0"/></net>

<net id="2411"><net_src comp="120" pin="0"/><net_sink comp="2406" pin=1"/></net>

<net id="2417"><net_src comp="68" pin="0"/><net_sink comp="2412" pin=0"/></net>

<net id="2418"><net_src comp="2406" pin="2"/><net_sink comp="2412" pin=1"/></net>

<net id="2419"><net_src comp="70" pin="0"/><net_sink comp="2412" pin=2"/></net>

<net id="2424"><net_src comp="2406" pin="2"/><net_sink comp="2420" pin=1"/></net>

<net id="2430"><net_src comp="68" pin="0"/><net_sink comp="2425" pin=0"/></net>

<net id="2431"><net_src comp="2420" pin="2"/><net_sink comp="2425" pin=1"/></net>

<net id="2432"><net_src comp="70" pin="0"/><net_sink comp="2425" pin=2"/></net>

<net id="2437"><net_src comp="2406" pin="2"/><net_sink comp="2433" pin=0"/></net>

<net id="2443"><net_src comp="68" pin="0"/><net_sink comp="2438" pin=0"/></net>

<net id="2444"><net_src comp="2433" pin="2"/><net_sink comp="2438" pin=1"/></net>

<net id="2445"><net_src comp="70" pin="0"/><net_sink comp="2438" pin=2"/></net>

<net id="2451"><net_src comp="184" pin="0"/><net_sink comp="2446" pin=0"/></net>

<net id="2452"><net_src comp="2412" pin="3"/><net_sink comp="2446" pin=1"/></net>

<net id="2453"><net_src comp="2438" pin="3"/><net_sink comp="2446" pin=2"/></net>

<net id="2458"><net_src comp="2446" pin="3"/><net_sink comp="2454" pin=0"/></net>

<net id="2459"><net_src comp="186" pin="0"/><net_sink comp="2454" pin=1"/></net>

<net id="2469"><net_src comp="68" pin="0"/><net_sink comp="2464" pin=0"/></net>

<net id="2470"><net_src comp="2460" pin="2"/><net_sink comp="2464" pin=1"/></net>

<net id="2471"><net_src comp="70" pin="0"/><net_sink comp="2464" pin=2"/></net>

<net id="2477"><net_src comp="184" pin="0"/><net_sink comp="2472" pin=0"/></net>

<net id="2478"><net_src comp="2464" pin="3"/><net_sink comp="2472" pin=2"/></net>

<net id="2483"><net_src comp="2472" pin="3"/><net_sink comp="2479" pin=0"/></net>

<net id="2484"><net_src comp="186" pin="0"/><net_sink comp="2479" pin=1"/></net>

<net id="2492"><net_src comp="1071" pin="19"/><net_sink comp="2488" pin=0"/></net>

<net id="2493"><net_src comp="2485" pin="1"/><net_sink comp="2488" pin=1"/></net>

<net id="2499"><net_src comp="2488" pin="2"/><net_sink comp="2494" pin=0"/></net>

<net id="2500"><net_src comp="42" pin="0"/><net_sink comp="2494" pin=1"/></net>

<net id="2501"><net_src comp="32" pin="0"/><net_sink comp="2494" pin=2"/></net>

<net id="2506"><net_src comp="2494" pin="3"/><net_sink comp="2502" pin=0"/></net>

<net id="2507"><net_src comp="2396" pin="3"/><net_sink comp="2502" pin=1"/></net>

<net id="2513"><net_src comp="2425" pin="3"/><net_sink comp="2508" pin=0"/></net>

<net id="2514"><net_src comp="2396" pin="3"/><net_sink comp="2508" pin=1"/></net>

<net id="2515"><net_src comp="2502" pin="2"/><net_sink comp="2508" pin=2"/></net>

<net id="2523"><net_src comp="1110" pin="19"/><net_sink comp="2519" pin=0"/></net>

<net id="2524"><net_src comp="2516" pin="1"/><net_sink comp="2519" pin=1"/></net>

<net id="2530"><net_src comp="2519" pin="2"/><net_sink comp="2525" pin=0"/></net>

<net id="2531"><net_src comp="42" pin="0"/><net_sink comp="2525" pin=1"/></net>

<net id="2532"><net_src comp="32" pin="0"/><net_sink comp="2525" pin=2"/></net>

<net id="2537"><net_src comp="2525" pin="3"/><net_sink comp="2533" pin=0"/></net>

<net id="2538"><net_src comp="2508" pin="3"/><net_sink comp="2533" pin=1"/></net>

<net id="2544"><net_src comp="2412" pin="3"/><net_sink comp="2539" pin=0"/></net>

<net id="2545"><net_src comp="2508" pin="3"/><net_sink comp="2539" pin=1"/></net>

<net id="2546"><net_src comp="2533" pin="2"/><net_sink comp="2539" pin=2"/></net>

<net id="2550"><net_src comp="2547" pin="1"/><net_sink comp="878" pin=2"/></net>

<net id="2551"><net_src comp="2547" pin="1"/><net_sink comp="885" pin=2"/></net>

<net id="2552"><net_src comp="2547" pin="1"/><net_sink comp="892" pin=2"/></net>

<net id="2553"><net_src comp="2547" pin="1"/><net_sink comp="899" pin=2"/></net>

<net id="2554"><net_src comp="2547" pin="1"/><net_sink comp="906" pin=2"/></net>

<net id="2555"><net_src comp="2547" pin="1"/><net_sink comp="913" pin=2"/></net>

<net id="2556"><net_src comp="2547" pin="1"/><net_sink comp="920" pin=2"/></net>

<net id="2557"><net_src comp="2547" pin="1"/><net_sink comp="927" pin=2"/></net>

<net id="2561"><net_src comp="2558" pin="1"/><net_sink comp="942" pin=2"/></net>

<net id="2562"><net_src comp="2558" pin="1"/><net_sink comp="949" pin=2"/></net>

<net id="2563"><net_src comp="2558" pin="1"/><net_sink comp="956" pin=2"/></net>

<net id="2564"><net_src comp="2558" pin="1"/><net_sink comp="963" pin=2"/></net>

<net id="2565"><net_src comp="2558" pin="1"/><net_sink comp="970" pin=2"/></net>

<net id="2566"><net_src comp="2558" pin="1"/><net_sink comp="977" pin=2"/></net>

<net id="2567"><net_src comp="2558" pin="1"/><net_sink comp="984" pin=2"/></net>

<net id="2568"><net_src comp="2558" pin="1"/><net_sink comp="991" pin=2"/></net>

<net id="2576"><net_src comp="1149" pin="19"/><net_sink comp="2572" pin=0"/></net>

<net id="2577"><net_src comp="2569" pin="1"/><net_sink comp="2572" pin=1"/></net>

<net id="2583"><net_src comp="2572" pin="2"/><net_sink comp="2578" pin=0"/></net>

<net id="2584"><net_src comp="42" pin="0"/><net_sink comp="2578" pin=1"/></net>

<net id="2585"><net_src comp="32" pin="0"/><net_sink comp="2578" pin=2"/></net>

<net id="2590"><net_src comp="2578" pin="3"/><net_sink comp="2586" pin=0"/></net>

<net id="2596"><net_src comp="2586" pin="2"/><net_sink comp="2591" pin=1"/></net>

<net id="2604"><net_src comp="1071" pin="19"/><net_sink comp="2600" pin=0"/></net>

<net id="2605"><net_src comp="2597" pin="1"/><net_sink comp="2600" pin=1"/></net>

<net id="2611"><net_src comp="2600" pin="2"/><net_sink comp="2606" pin=0"/></net>

<net id="2612"><net_src comp="42" pin="0"/><net_sink comp="2606" pin=1"/></net>

<net id="2613"><net_src comp="32" pin="0"/><net_sink comp="2606" pin=2"/></net>

<net id="2618"><net_src comp="2606" pin="3"/><net_sink comp="2614" pin=0"/></net>

<net id="2619"><net_src comp="2591" pin="3"/><net_sink comp="2614" pin=1"/></net>

<net id="2625"><net_src comp="2591" pin="3"/><net_sink comp="2620" pin=1"/></net>

<net id="2626"><net_src comp="2614" pin="2"/><net_sink comp="2620" pin=2"/></net>

<net id="2634"><net_src comp="2627" pin="1"/><net_sink comp="2630" pin=1"/></net>

<net id="2640"><net_src comp="2630" pin="2"/><net_sink comp="2635" pin=0"/></net>

<net id="2641"><net_src comp="42" pin="0"/><net_sink comp="2635" pin=1"/></net>

<net id="2642"><net_src comp="32" pin="0"/><net_sink comp="2635" pin=2"/></net>

<net id="2647"><net_src comp="2635" pin="3"/><net_sink comp="2643" pin=0"/></net>

<net id="2648"><net_src comp="2620" pin="3"/><net_sink comp="2643" pin=1"/></net>

<net id="2656"><net_src comp="2649" pin="1"/><net_sink comp="2652" pin=1"/></net>

<net id="2662"><net_src comp="2652" pin="2"/><net_sink comp="2657" pin=0"/></net>

<net id="2663"><net_src comp="42" pin="0"/><net_sink comp="2657" pin=1"/></net>

<net id="2664"><net_src comp="32" pin="0"/><net_sink comp="2657" pin=2"/></net>

<net id="2669"><net_src comp="2657" pin="3"/><net_sink comp="2665" pin=0"/></net>

<net id="2670"><net_src comp="2643" pin="2"/><net_sink comp="2665" pin=1"/></net>

<net id="2676"><net_src comp="2643" pin="2"/><net_sink comp="2671" pin=1"/></net>

<net id="2677"><net_src comp="2665" pin="2"/><net_sink comp="2671" pin=2"/></net>

<net id="2687"><net_src comp="68" pin="0"/><net_sink comp="2682" pin=0"/></net>

<net id="2688"><net_src comp="2678" pin="2"/><net_sink comp="2682" pin=1"/></net>

<net id="2689"><net_src comp="70" pin="0"/><net_sink comp="2682" pin=2"/></net>

<net id="2697"><net_src comp="2690" pin="1"/><net_sink comp="2693" pin=1"/></net>

<net id="2703"><net_src comp="2693" pin="2"/><net_sink comp="2698" pin=0"/></net>

<net id="2704"><net_src comp="42" pin="0"/><net_sink comp="2698" pin=1"/></net>

<net id="2705"><net_src comp="32" pin="0"/><net_sink comp="2698" pin=2"/></net>

<net id="2710"><net_src comp="2698" pin="3"/><net_sink comp="2706" pin=0"/></net>

<net id="2716"><net_src comp="2706" pin="2"/><net_sink comp="2711" pin=1"/></net>

<net id="2724"><net_src comp="2717" pin="1"/><net_sink comp="2720" pin=1"/></net>

<net id="2730"><net_src comp="2720" pin="2"/><net_sink comp="2725" pin=0"/></net>

<net id="2731"><net_src comp="42" pin="0"/><net_sink comp="2725" pin=1"/></net>

<net id="2732"><net_src comp="32" pin="0"/><net_sink comp="2725" pin=2"/></net>

<net id="2737"><net_src comp="2725" pin="3"/><net_sink comp="2733" pin=0"/></net>

<net id="2738"><net_src comp="2711" pin="3"/><net_sink comp="2733" pin=1"/></net>

<net id="2744"><net_src comp="2711" pin="3"/><net_sink comp="2739" pin=1"/></net>

<net id="2745"><net_src comp="2733" pin="2"/><net_sink comp="2739" pin=2"/></net>

<net id="2753"><net_src comp="2746" pin="1"/><net_sink comp="2749" pin=1"/></net>

<net id="2759"><net_src comp="2749" pin="2"/><net_sink comp="2754" pin=0"/></net>

<net id="2760"><net_src comp="42" pin="0"/><net_sink comp="2754" pin=1"/></net>

<net id="2761"><net_src comp="32" pin="0"/><net_sink comp="2754" pin=2"/></net>

<net id="2766"><net_src comp="2754" pin="3"/><net_sink comp="2762" pin=0"/></net>

<net id="2767"><net_src comp="2739" pin="3"/><net_sink comp="2762" pin=1"/></net>

<net id="2773"><net_src comp="2682" pin="3"/><net_sink comp="2768" pin=0"/></net>

<net id="2774"><net_src comp="2739" pin="3"/><net_sink comp="2768" pin=1"/></net>

<net id="2775"><net_src comp="2762" pin="2"/><net_sink comp="2768" pin=2"/></net>

<net id="2776"><net_src comp="2768" pin="3"/><net_sink comp="1041" pin=1"/></net>

<net id="2777"><net_src comp="2768" pin="3"/><net_sink comp="1047" pin=1"/></net>

<net id="2778"><net_src comp="2768" pin="3"/><net_sink comp="1053" pin=1"/></net>

<net id="2779"><net_src comp="2768" pin="3"/><net_sink comp="1059" pin=1"/></net>

<net id="2780"><net_src comp="2768" pin="3"/><net_sink comp="1065" pin=1"/></net>

<net id="2784"><net_src comp="2781" pin="1"/><net_sink comp="1006" pin=2"/></net>

<net id="2785"><net_src comp="2781" pin="1"/><net_sink comp="1013" pin=2"/></net>

<net id="2786"><net_src comp="2781" pin="1"/><net_sink comp="1020" pin=2"/></net>

<net id="2787"><net_src comp="2781" pin="1"/><net_sink comp="1027" pin=2"/></net>

<net id="2788"><net_src comp="2781" pin="1"/><net_sink comp="1034" pin=2"/></net>

<net id="2792"><net_src comp="1514" pin="2"/><net_sink comp="2789" pin=0"/></net>

<net id="2800"><net_src comp="2789" pin="1"/><net_sink comp="2793" pin=0"/></net>

<net id="2801"><net_src comp="78" pin="0"/><net_sink comp="2793" pin=1"/></net>

<net id="2802"><net_src comp="126" pin="0"/><net_sink comp="2793" pin=2"/></net>

<net id="2803"><net_src comp="128" pin="0"/><net_sink comp="2793" pin=3"/></net>

<net id="2804"><net_src comp="130" pin="0"/><net_sink comp="2793" pin=4"/></net>

<net id="2809"><net_src comp="2768" pin="3"/><net_sink comp="2805" pin=0"/></net>

<net id="2813"><net_src comp="198" pin="1"/><net_sink comp="2810" pin=0"/></net>

<net id="2814"><net_src comp="2810" pin="1"/><net_sink comp="1213" pin=1"/></net>

<net id="2815"><net_src comp="2810" pin="1"/><net_sink comp="2393" pin=0"/></net>

<net id="2816"><net_src comp="2810" pin="1"/><net_sink comp="2805" pin=1"/></net>

<net id="2820"><net_src comp="202" pin="1"/><net_sink comp="2817" pin=0"/></net>

<net id="2821"><net_src comp="2817" pin="1"/><net_sink comp="1208" pin=1"/></net>

<net id="2822"><net_src comp="2817" pin="1"/><net_sink comp="1236" pin=0"/></net>

<net id="2823"><net_src comp="2817" pin="1"/><net_sink comp="1549" pin=1"/></net>

<net id="2827"><net_src comp="206" pin="1"/><net_sink comp="2824" pin=0"/></net>

<net id="2828"><net_src comp="2824" pin="1"/><net_sink comp="1203" pin=1"/></net>

<net id="2829"><net_src comp="2824" pin="1"/><net_sink comp="1239" pin=0"/></net>

<net id="2830"><net_src comp="2824" pin="1"/><net_sink comp="2240" pin=1"/></net>

<net id="2834"><net_src comp="210" pin="1"/><net_sink comp="2831" pin=0"/></net>

<net id="2835"><net_src comp="2831" pin="1"/><net_sink comp="1198" pin=1"/></net>

<net id="2836"><net_src comp="2831" pin="1"/><net_sink comp="1218" pin=0"/></net>

<net id="2837"><net_src comp="2831" pin="1"/><net_sink comp="1544" pin=1"/></net>

<net id="2841"><net_src comp="214" pin="1"/><net_sink comp="2838" pin=0"/></net>

<net id="2842"><net_src comp="2838" pin="1"/><net_sink comp="1193" pin=1"/></net>

<net id="2843"><net_src comp="2838" pin="1"/><net_sink comp="1242" pin=0"/></net>

<net id="2844"><net_src comp="2838" pin="1"/><net_sink comp="1539" pin=1"/></net>

<net id="2848"><net_src comp="218" pin="1"/><net_sink comp="2845" pin=0"/></net>

<net id="2849"><net_src comp="2845" pin="1"/><net_sink comp="1188" pin=1"/></net>

<net id="2850"><net_src comp="2845" pin="1"/><net_sink comp="1221" pin=0"/></net>

<net id="2851"><net_src comp="2845" pin="1"/><net_sink comp="1534" pin=1"/></net>

<net id="2855"><net_src comp="222" pin="2"/><net_sink comp="2852" pin=0"/></net>

<net id="2856"><net_src comp="2852" pin="1"/><net_sink comp="1433" pin=1"/></net>

<net id="2860"><net_src comp="1224" pin="2"/><net_sink comp="2857" pin=0"/></net>

<net id="2864"><net_src comp="1271" pin="3"/><net_sink comp="2861" pin=0"/></net>

<net id="2865"><net_src comp="2861" pin="1"/><net_sink comp="2460" pin=1"/></net>

<net id="2866"><net_src comp="2861" pin="1"/><net_sink comp="2678" pin=1"/></net>

<net id="2870"><net_src comp="1311" pin="3"/><net_sink comp="2867" pin=0"/></net>

<net id="2871"><net_src comp="2867" pin="1"/><net_sink comp="1800" pin=0"/></net>

<net id="2872"><net_src comp="2867" pin="1"/><net_sink comp="1814" pin=0"/></net>

<net id="2876"><net_src comp="1325" pin="2"/><net_sink comp="2873" pin=0"/></net>

<net id="2877"><net_src comp="2873" pin="1"/><net_sink comp="2396" pin=0"/></net>

<net id="2881"><net_src comp="1345" pin="3"/><net_sink comp="2878" pin=0"/></net>

<net id="2882"><net_src comp="2878" pin="1"/><net_sink comp="2253" pin=0"/></net>

<net id="2883"><net_src comp="2878" pin="1"/><net_sink comp="2433" pin=1"/></net>

<net id="2884"><net_src comp="2878" pin="1"/><net_sink comp="2678" pin=0"/></net>

<net id="2888"><net_src comp="1353" pin="3"/><net_sink comp="2885" pin=0"/></net>

<net id="2889"><net_src comp="2885" pin="1"/><net_sink comp="1839" pin=0"/></net>

<net id="2890"><net_src comp="2885" pin="1"/><net_sink comp="2240" pin=0"/></net>

<net id="2891"><net_src comp="2885" pin="1"/><net_sink comp="2247" pin=0"/></net>

<net id="2895"><net_src comp="1361" pin="1"/><net_sink comp="2892" pin=0"/></net>

<net id="2896"><net_src comp="2892" pin="1"/><net_sink comp="1697" pin=2"/></net>

<net id="2897"><net_src comp="2892" pin="1"/><net_sink comp="1705" pin=2"/></net>

<net id="2898"><net_src comp="2892" pin="1"/><net_sink comp="1803" pin=1"/></net>

<net id="2899"><net_src comp="2892" pin="1"/><net_sink comp="2347" pin=2"/></net>

<net id="2900"><net_src comp="2892" pin="1"/><net_sink comp="2403" pin=0"/></net>

<net id="2904"><net_src comp="1365" pin="3"/><net_sink comp="2901" pin=0"/></net>

<net id="2905"><net_src comp="2901" pin="1"/><net_sink comp="2739" pin=0"/></net>

<net id="2909"><net_src comp="1373" pin="1"/><net_sink comp="2906" pin=0"/></net>

<net id="2910"><net_src comp="2906" pin="1"/><net_sink comp="1863" pin=18"/></net>

<net id="2911"><net_src comp="2906" pin="1"/><net_sink comp="1924" pin=18"/></net>

<net id="2912"><net_src comp="2906" pin="1"/><net_sink comp="1071" pin=18"/></net>

<net id="2913"><net_src comp="2906" pin="1"/><net_sink comp="1110" pin=18"/></net>

<net id="2914"><net_src comp="2906" pin="1"/><net_sink comp="1149" pin=18"/></net>

<net id="2918"><net_src comp="1377" pin="3"/><net_sink comp="2915" pin=0"/></net>

<net id="2919"><net_src comp="2915" pin="1"/><net_sink comp="2671" pin=0"/></net>

<net id="2923"><net_src comp="1385" pin="3"/><net_sink comp="2920" pin=0"/></net>

<net id="2924"><net_src comp="2920" pin="1"/><net_sink comp="1705" pin=3"/></net>

<net id="2925"><net_src comp="2920" pin="1"/><net_sink comp="2075" pin=2"/></net>

<net id="2929"><net_src comp="1393" pin="4"/><net_sink comp="2926" pin=0"/></net>

<net id="2930"><net_src comp="2926" pin="1"/><net_sink comp="1650" pin=0"/></net>

<net id="2934"><net_src comp="1407" pin="1"/><net_sink comp="2931" pin=0"/></net>

<net id="2935"><net_src comp="2931" pin="1"/><net_sink comp="1697" pin=1"/></net>

<net id="2936"><net_src comp="2931" pin="1"/><net_sink comp="1705" pin=1"/></net>

<net id="2937"><net_src comp="2931" pin="1"/><net_sink comp="1856" pin=1"/></net>

<net id="2938"><net_src comp="2931" pin="1"/><net_sink comp="1995" pin=1"/></net>

<net id="2939"><net_src comp="2931" pin="1"/><net_sink comp="2256" pin=1"/></net>

<net id="2940"><net_src comp="2931" pin="1"/><net_sink comp="2347" pin=1"/></net>

<net id="2944"><net_src comp="1433" pin="2"/><net_sink comp="2941" pin=0"/></net>

<net id="2945"><net_src comp="2941" pin="1"/><net_sink comp="1592" pin=0"/></net>

<net id="2946"><net_src comp="2941" pin="1"/><net_sink comp="1621" pin=0"/></net>

<net id="2947"><net_src comp="2941" pin="1"/><net_sink comp="1724" pin=0"/></net>

<net id="2948"><net_src comp="2941" pin="1"/><net_sink comp="1771" pin=0"/></net>

<net id="2949"><net_src comp="2941" pin="1"/><net_sink comp="2030" pin=0"/></net>

<net id="2950"><net_src comp="2941" pin="1"/><net_sink comp="2094" pin=0"/></net>

<net id="2951"><net_src comp="2941" pin="1"/><net_sink comp="2128" pin=0"/></net>

<net id="2955"><net_src comp="1438" pin="1"/><net_sink comp="2952" pin=0"/></net>

<net id="2956"><net_src comp="2952" pin="1"/><net_sink comp="1561" pin=0"/></net>

<net id="2957"><net_src comp="2952" pin="1"/><net_sink comp="1577" pin=0"/></net>

<net id="2958"><net_src comp="2952" pin="1"/><net_sink comp="1660" pin=0"/></net>

<net id="2959"><net_src comp="2952" pin="1"/><net_sink comp="1682" pin=0"/></net>

<net id="2960"><net_src comp="2952" pin="1"/><net_sink comp="1909" pin=0"/></net>

<net id="2961"><net_src comp="2952" pin="1"/><net_sink comp="1970" pin=0"/></net>

<net id="2962"><net_src comp="2952" pin="1"/><net_sink comp="2187" pin=0"/></net>

<net id="2963"><net_src comp="2952" pin="1"/><net_sink comp="2209" pin=0"/></net>

<net id="2964"><net_src comp="2952" pin="1"/><net_sink comp="2378" pin=0"/></net>

<net id="2968"><net_src comp="228" pin="3"/><net_sink comp="2965" pin=0"/></net>

<net id="2969"><net_src comp="2965" pin="1"/><net_sink comp="235" pin=2"/></net>

<net id="2973"><net_src comp="245" pin="3"/><net_sink comp="2970" pin=0"/></net>

<net id="2974"><net_src comp="2970" pin="1"/><net_sink comp="252" pin=2"/></net>

<net id="2978"><net_src comp="1458" pin="3"/><net_sink comp="2975" pin=0"/></net>

<net id="2979"><net_src comp="2975" pin="1"/><net_sink comp="1554" pin=0"/></net>

<net id="2983"><net_src comp="262" pin="3"/><net_sink comp="2980" pin=0"/></net>

<net id="2984"><net_src comp="2980" pin="1"/><net_sink comp="235" pin=0"/></net>

<net id="2988"><net_src comp="270" pin="3"/><net_sink comp="2985" pin=0"/></net>

<net id="2989"><net_src comp="2985" pin="1"/><net_sink comp="252" pin=0"/></net>

<net id="2993"><net_src comp="1488" pin="3"/><net_sink comp="2990" pin=0"/></net>

<net id="2994"><net_src comp="2990" pin="1"/><net_sink comp="1570" pin=0"/></net>

<net id="2998"><net_src comp="1502" pin="2"/><net_sink comp="2995" pin=0"/></net>

<net id="3002"><net_src comp="1508" pin="2"/><net_sink comp="2999" pin=0"/></net>

<net id="3003"><net_src comp="2999" pin="1"/><net_sink comp="1514" pin=0"/></net>

<net id="3004"><net_src comp="2999" pin="1"/><net_sink comp="2151" pin=0"/></net>

<net id="3008"><net_src comp="1564" pin="2"/><net_sink comp="3005" pin=0"/></net>

<net id="3009"><net_src comp="3005" pin="1"/><net_sink comp="2485" pin=0"/></net>

<net id="3013"><net_src comp="1586" pin="2"/><net_sink comp="3010" pin=0"/></net>

<net id="3014"><net_src comp="3010" pin="1"/><net_sink comp="2516" pin=0"/></net>

<net id="3018"><net_src comp="278" pin="3"/><net_sink comp="3015" pin=0"/></net>

<net id="3019"><net_src comp="3015" pin="1"/><net_sink comp="235" pin=0"/></net>

<net id="3023"><net_src comp="286" pin="3"/><net_sink comp="3020" pin=0"/></net>

<net id="3024"><net_src comp="3020" pin="1"/><net_sink comp="252" pin=0"/></net>

<net id="3028"><net_src comp="1613" pin="3"/><net_sink comp="3025" pin=0"/></net>

<net id="3029"><net_src comp="3025" pin="1"/><net_sink comp="1653" pin=0"/></net>

<net id="3033"><net_src comp="294" pin="3"/><net_sink comp="3030" pin=0"/></net>

<net id="3034"><net_src comp="3030" pin="1"/><net_sink comp="235" pin=2"/></net>

<net id="3038"><net_src comp="302" pin="3"/><net_sink comp="3035" pin=0"/></net>

<net id="3039"><net_src comp="3035" pin="1"/><net_sink comp="252" pin=2"/></net>

<net id="3043"><net_src comp="1642" pin="3"/><net_sink comp="3040" pin=0"/></net>

<net id="3044"><net_src comp="3040" pin="1"/><net_sink comp="1675" pin=0"/></net>

<net id="3048"><net_src comp="1650" pin="1"/><net_sink comp="3045" pin=0"/></net>

<net id="3049"><net_src comp="3045" pin="1"/><net_sink comp="2123" pin=1"/></net>

<net id="3053"><net_src comp="1669" pin="2"/><net_sink comp="3050" pin=0"/></net>

<net id="3054"><net_src comp="3050" pin="1"/><net_sink comp="2569" pin=0"/></net>

<net id="3058"><net_src comp="1691" pin="2"/><net_sink comp="3055" pin=0"/></net>

<net id="3059"><net_src comp="3055" pin="1"/><net_sink comp="2597" pin=0"/></net>

<net id="3063"><net_src comp="310" pin="3"/><net_sink comp="3060" pin=0"/></net>

<net id="3064"><net_src comp="3060" pin="1"/><net_sink comp="366" pin=0"/></net>

<net id="3068"><net_src comp="317" pin="3"/><net_sink comp="3065" pin=0"/></net>

<net id="3069"><net_src comp="3065" pin="1"/><net_sink comp="372" pin=0"/></net>

<net id="3073"><net_src comp="324" pin="3"/><net_sink comp="3070" pin=0"/></net>

<net id="3074"><net_src comp="3070" pin="1"/><net_sink comp="378" pin=0"/></net>

<net id="3078"><net_src comp="331" pin="3"/><net_sink comp="3075" pin=0"/></net>

<net id="3079"><net_src comp="3075" pin="1"/><net_sink comp="384" pin=0"/></net>

<net id="3083"><net_src comp="338" pin="3"/><net_sink comp="3080" pin=0"/></net>

<net id="3084"><net_src comp="3080" pin="1"/><net_sink comp="390" pin=0"/></net>

<net id="3088"><net_src comp="345" pin="3"/><net_sink comp="3085" pin=0"/></net>

<net id="3089"><net_src comp="3085" pin="1"/><net_sink comp="396" pin=0"/></net>

<net id="3093"><net_src comp="352" pin="3"/><net_sink comp="3090" pin=0"/></net>

<net id="3094"><net_src comp="3090" pin="1"/><net_sink comp="402" pin=0"/></net>

<net id="3098"><net_src comp="359" pin="3"/><net_sink comp="3095" pin=0"/></net>

<net id="3099"><net_src comp="3095" pin="1"/><net_sink comp="408" pin=0"/></net>

<net id="3103"><net_src comp="414" pin="3"/><net_sink comp="3100" pin=0"/></net>

<net id="3104"><net_src comp="3100" pin="1"/><net_sink comp="235" pin=0"/></net>

<net id="3108"><net_src comp="422" pin="3"/><net_sink comp="3105" pin=0"/></net>

<net id="3109"><net_src comp="3105" pin="1"/><net_sink comp="252" pin=0"/></net>

<net id="3113"><net_src comp="1745" pin="3"/><net_sink comp="3110" pin=0"/></net>

<net id="3114"><net_src comp="3110" pin="1"/><net_sink comp="1902" pin=0"/></net>

<net id="3118"><net_src comp="430" pin="3"/><net_sink comp="3115" pin=0"/></net>

<net id="3119"><net_src comp="3115" pin="1"/><net_sink comp="366" pin=0"/></net>

<net id="3123"><net_src comp="437" pin="3"/><net_sink comp="3120" pin=0"/></net>

<net id="3124"><net_src comp="3120" pin="1"/><net_sink comp="372" pin=0"/></net>

<net id="3128"><net_src comp="444" pin="3"/><net_sink comp="3125" pin=0"/></net>

<net id="3129"><net_src comp="3125" pin="1"/><net_sink comp="378" pin=0"/></net>

<net id="3133"><net_src comp="451" pin="3"/><net_sink comp="3130" pin=0"/></net>

<net id="3134"><net_src comp="3130" pin="1"/><net_sink comp="384" pin=0"/></net>

<net id="3138"><net_src comp="458" pin="3"/><net_sink comp="3135" pin=0"/></net>

<net id="3139"><net_src comp="3135" pin="1"/><net_sink comp="390" pin=0"/></net>

<net id="3143"><net_src comp="465" pin="3"/><net_sink comp="3140" pin=0"/></net>

<net id="3144"><net_src comp="3140" pin="1"/><net_sink comp="396" pin=0"/></net>

<net id="3148"><net_src comp="472" pin="3"/><net_sink comp="3145" pin=0"/></net>

<net id="3149"><net_src comp="3145" pin="1"/><net_sink comp="402" pin=0"/></net>

<net id="3153"><net_src comp="479" pin="3"/><net_sink comp="3150" pin=0"/></net>

<net id="3154"><net_src comp="3150" pin="1"/><net_sink comp="408" pin=0"/></net>

<net id="3158"><net_src comp="494" pin="3"/><net_sink comp="3155" pin=0"/></net>

<net id="3159"><net_src comp="3155" pin="1"/><net_sink comp="235" pin=2"/></net>

<net id="3163"><net_src comp="502" pin="3"/><net_sink comp="3160" pin=0"/></net>

<net id="3164"><net_src comp="3160" pin="1"/><net_sink comp="252" pin=2"/></net>

<net id="3168"><net_src comp="1792" pin="3"/><net_sink comp="3165" pin=0"/></net>

<net id="3169"><net_src comp="3165" pin="1"/><net_sink comp="1963" pin=0"/></net>

<net id="3173"><net_src comp="1803" pin="3"/><net_sink comp="3170" pin=0"/></net>

<net id="3174"><net_src comp="3170" pin="1"/><net_sink comp="2244" pin=0"/></net>

<net id="3178"><net_src comp="1839" pin="2"/><net_sink comp="3175" pin=0"/></net>

<net id="3179"><net_src comp="3175" pin="1"/><net_sink comp="2250" pin=0"/></net>

<net id="3180"><net_src comp="3175" pin="1"/><net_sink comp="2420" pin=0"/></net>

<net id="3181"><net_src comp="3175" pin="1"/><net_sink comp="2460" pin=0"/></net>

<net id="3185"><net_src comp="1848" pin="3"/><net_sink comp="3182" pin=0"/></net>

<net id="3186"><net_src comp="3182" pin="1"/><net_sink comp="2472" pin=1"/></net>

<net id="3187"><net_src comp="3182" pin="1"/><net_sink comp="2620" pin=0"/></net>

<net id="3191"><net_src comp="1863" pin="19"/><net_sink comp="3188" pin=0"/></net>

<net id="3192"><net_src comp="3188" pin="1"/><net_sink comp="2630" pin=0"/></net>

<net id="3196"><net_src comp="1918" pin="2"/><net_sink comp="3193" pin=0"/></net>

<net id="3197"><net_src comp="3193" pin="1"/><net_sink comp="2627" pin=0"/></net>

<net id="3201"><net_src comp="1924" pin="19"/><net_sink comp="3198" pin=0"/></net>

<net id="3202"><net_src comp="3198" pin="1"/><net_sink comp="2652" pin=0"/></net>

<net id="3206"><net_src comp="1979" pin="2"/><net_sink comp="3203" pin=0"/></net>

<net id="3207"><net_src comp="3203" pin="1"/><net_sink comp="2649" pin=0"/></net>

<net id="3211"><net_src comp="510" pin="3"/><net_sink comp="3208" pin=0"/></net>

<net id="3212"><net_src comp="3208" pin="1"/><net_sink comp="366" pin=0"/></net>

<net id="3216"><net_src comp="517" pin="3"/><net_sink comp="3213" pin=0"/></net>

<net id="3217"><net_src comp="3213" pin="1"/><net_sink comp="372" pin=0"/></net>

<net id="3221"><net_src comp="524" pin="3"/><net_sink comp="3218" pin=0"/></net>

<net id="3222"><net_src comp="3218" pin="1"/><net_sink comp="378" pin=0"/></net>

<net id="3226"><net_src comp="531" pin="3"/><net_sink comp="3223" pin=0"/></net>

<net id="3227"><net_src comp="3223" pin="1"/><net_sink comp="384" pin=0"/></net>

<net id="3231"><net_src comp="538" pin="3"/><net_sink comp="3228" pin=0"/></net>

<net id="3232"><net_src comp="3228" pin="1"/><net_sink comp="390" pin=0"/></net>

<net id="3236"><net_src comp="545" pin="3"/><net_sink comp="3233" pin=0"/></net>

<net id="3237"><net_src comp="3233" pin="1"/><net_sink comp="396" pin=0"/></net>

<net id="3241"><net_src comp="552" pin="3"/><net_sink comp="3238" pin=0"/></net>

<net id="3242"><net_src comp="3238" pin="1"/><net_sink comp="402" pin=0"/></net>

<net id="3246"><net_src comp="559" pin="3"/><net_sink comp="3243" pin=0"/></net>

<net id="3247"><net_src comp="3243" pin="1"/><net_sink comp="408" pin=0"/></net>

<net id="3251"><net_src comp="574" pin="3"/><net_sink comp="3248" pin=0"/></net>

<net id="3252"><net_src comp="3248" pin="1"/><net_sink comp="235" pin=0"/></net>

<net id="3256"><net_src comp="582" pin="3"/><net_sink comp="3253" pin=0"/></net>

<net id="3257"><net_src comp="3253" pin="1"/><net_sink comp="252" pin=0"/></net>

<net id="3261"><net_src comp="2051" pin="3"/><net_sink comp="3258" pin=0"/></net>

<net id="3262"><net_src comp="3258" pin="1"/><net_sink comp="2180" pin=0"/></net>

<net id="3266"><net_src comp="590" pin="3"/><net_sink comp="3263" pin=0"/></net>

<net id="3267"><net_src comp="3263" pin="1"/><net_sink comp="366" pin=0"/></net>

<net id="3271"><net_src comp="597" pin="3"/><net_sink comp="3268" pin=0"/></net>

<net id="3272"><net_src comp="3268" pin="1"/><net_sink comp="372" pin=0"/></net>

<net id="3276"><net_src comp="604" pin="3"/><net_sink comp="3273" pin=0"/></net>

<net id="3277"><net_src comp="3273" pin="1"/><net_sink comp="378" pin=0"/></net>

<net id="3281"><net_src comp="611" pin="3"/><net_sink comp="3278" pin=0"/></net>

<net id="3282"><net_src comp="3278" pin="1"/><net_sink comp="384" pin=0"/></net>

<net id="3286"><net_src comp="618" pin="3"/><net_sink comp="3283" pin=0"/></net>

<net id="3287"><net_src comp="3283" pin="1"/><net_sink comp="390" pin=0"/></net>

<net id="3291"><net_src comp="625" pin="3"/><net_sink comp="3288" pin=0"/></net>

<net id="3292"><net_src comp="3288" pin="1"/><net_sink comp="396" pin=0"/></net>

<net id="3296"><net_src comp="632" pin="3"/><net_sink comp="3293" pin=0"/></net>

<net id="3297"><net_src comp="3293" pin="1"/><net_sink comp="402" pin=0"/></net>

<net id="3301"><net_src comp="639" pin="3"/><net_sink comp="3298" pin=0"/></net>

<net id="3302"><net_src comp="3298" pin="1"/><net_sink comp="408" pin=0"/></net>

<net id="3306"><net_src comp="654" pin="3"/><net_sink comp="3303" pin=0"/></net>

<net id="3307"><net_src comp="3303" pin="1"/><net_sink comp="235" pin=2"/></net>

<net id="3311"><net_src comp="662" pin="3"/><net_sink comp="3308" pin=0"/></net>

<net id="3312"><net_src comp="3308" pin="1"/><net_sink comp="252" pin=2"/></net>

<net id="3316"><net_src comp="2115" pin="3"/><net_sink comp="3313" pin=0"/></net>

<net id="3317"><net_src comp="3313" pin="1"/><net_sink comp="2202" pin=0"/></net>

<net id="3321"><net_src comp="2123" pin="2"/><net_sink comp="3318" pin=0"/></net>

<net id="3322"><net_src comp="3318" pin="1"/><net_sink comp="2224" pin=0"/></net>

<net id="3326"><net_src comp="2133" pin="4"/><net_sink comp="3323" pin=0"/></net>

<net id="3327"><net_src comp="3323" pin="1"/><net_sink comp="2235" pin=0"/></net>

<net id="3331"><net_src comp="2143" pin="3"/><net_sink comp="3328" pin=0"/></net>

<net id="3332"><net_src comp="3328" pin="1"/><net_sink comp="2371" pin=0"/></net>

<net id="3336"><net_src comp="2170" pin="4"/><net_sink comp="3333" pin=0"/></net>

<net id="3337"><net_src comp="3333" pin="1"/><net_sink comp="2781" pin=0"/></net>

<net id="3341"><net_src comp="1071" pin="19"/><net_sink comp="3338" pin=0"/></net>

<net id="3342"><net_src comp="3338" pin="1"/><net_sink comp="2693" pin=0"/></net>

<net id="3346"><net_src comp="2196" pin="2"/><net_sink comp="3343" pin=0"/></net>

<net id="3347"><net_src comp="3343" pin="1"/><net_sink comp="2690" pin=0"/></net>

<net id="3351"><net_src comp="1110" pin="19"/><net_sink comp="3348" pin=0"/></net>

<net id="3352"><net_src comp="3348" pin="1"/><net_sink comp="2720" pin=0"/></net>

<net id="3356"><net_src comp="2218" pin="2"/><net_sink comp="3353" pin=0"/></net>

<net id="3357"><net_src comp="3353" pin="1"/><net_sink comp="2717" pin=0"/></net>

<net id="3361"><net_src comp="670" pin="3"/><net_sink comp="3358" pin=0"/></net>

<net id="3362"><net_src comp="3358" pin="1"/><net_sink comp="366" pin=0"/></net>

<net id="3366"><net_src comp="677" pin="3"/><net_sink comp="3363" pin=0"/></net>

<net id="3367"><net_src comp="3363" pin="1"/><net_sink comp="372" pin=0"/></net>

<net id="3371"><net_src comp="684" pin="3"/><net_sink comp="3368" pin=0"/></net>

<net id="3372"><net_src comp="3368" pin="1"/><net_sink comp="378" pin=0"/></net>

<net id="3376"><net_src comp="691" pin="3"/><net_sink comp="3373" pin=0"/></net>

<net id="3377"><net_src comp="3373" pin="1"/><net_sink comp="384" pin=0"/></net>

<net id="3381"><net_src comp="698" pin="3"/><net_sink comp="3378" pin=0"/></net>

<net id="3382"><net_src comp="3378" pin="1"/><net_sink comp="390" pin=0"/></net>

<net id="3386"><net_src comp="705" pin="3"/><net_sink comp="3383" pin=0"/></net>

<net id="3387"><net_src comp="3383" pin="1"/><net_sink comp="396" pin=0"/></net>

<net id="3391"><net_src comp="712" pin="3"/><net_sink comp="3388" pin=0"/></net>

<net id="3392"><net_src comp="3388" pin="1"/><net_sink comp="402" pin=0"/></net>

<net id="3396"><net_src comp="719" pin="3"/><net_sink comp="3393" pin=0"/></net>

<net id="3397"><net_src comp="3393" pin="1"/><net_sink comp="408" pin=0"/></net>

<net id="3401"><net_src comp="734" pin="3"/><net_sink comp="3398" pin=0"/></net>

<net id="3402"><net_src comp="3398" pin="1"/><net_sink comp="235" pin=0"/></net>

<net id="3406"><net_src comp="742" pin="3"/><net_sink comp="3403" pin=0"/></net>

<net id="3407"><net_src comp="3403" pin="1"/><net_sink comp="252" pin=0"/></net>

<net id="3411"><net_src comp="750" pin="3"/><net_sink comp="3408" pin=0"/></net>

<net id="3412"><net_src comp="3408" pin="1"/><net_sink comp="366" pin=0"/></net>

<net id="3416"><net_src comp="757" pin="3"/><net_sink comp="3413" pin=0"/></net>

<net id="3417"><net_src comp="3413" pin="1"/><net_sink comp="372" pin=0"/></net>

<net id="3421"><net_src comp="764" pin="3"/><net_sink comp="3418" pin=0"/></net>

<net id="3422"><net_src comp="3418" pin="1"/><net_sink comp="378" pin=0"/></net>

<net id="3426"><net_src comp="771" pin="3"/><net_sink comp="3423" pin=0"/></net>

<net id="3427"><net_src comp="3423" pin="1"/><net_sink comp="384" pin=0"/></net>

<net id="3431"><net_src comp="778" pin="3"/><net_sink comp="3428" pin=0"/></net>

<net id="3432"><net_src comp="3428" pin="1"/><net_sink comp="390" pin=0"/></net>

<net id="3436"><net_src comp="785" pin="3"/><net_sink comp="3433" pin=0"/></net>

<net id="3437"><net_src comp="3433" pin="1"/><net_sink comp="396" pin=0"/></net>

<net id="3441"><net_src comp="792" pin="3"/><net_sink comp="3438" pin=0"/></net>

<net id="3442"><net_src comp="3438" pin="1"/><net_sink comp="402" pin=0"/></net>

<net id="3446"><net_src comp="799" pin="3"/><net_sink comp="3443" pin=0"/></net>

<net id="3447"><net_src comp="3443" pin="1"/><net_sink comp="408" pin=0"/></net>

<net id="3451"><net_src comp="814" pin="3"/><net_sink comp="3448" pin=0"/></net>

<net id="3452"><net_src comp="3448" pin="1"/><net_sink comp="366" pin=0"/></net>

<net id="3456"><net_src comp="821" pin="3"/><net_sink comp="3453" pin=0"/></net>

<net id="3457"><net_src comp="3453" pin="1"/><net_sink comp="372" pin=0"/></net>

<net id="3461"><net_src comp="828" pin="3"/><net_sink comp="3458" pin=0"/></net>

<net id="3462"><net_src comp="3458" pin="1"/><net_sink comp="378" pin=0"/></net>

<net id="3466"><net_src comp="835" pin="3"/><net_sink comp="3463" pin=0"/></net>

<net id="3467"><net_src comp="3463" pin="1"/><net_sink comp="384" pin=0"/></net>

<net id="3471"><net_src comp="842" pin="3"/><net_sink comp="3468" pin=0"/></net>

<net id="3472"><net_src comp="3468" pin="1"/><net_sink comp="390" pin=0"/></net>

<net id="3476"><net_src comp="849" pin="3"/><net_sink comp="3473" pin=0"/></net>

<net id="3477"><net_src comp="3473" pin="1"/><net_sink comp="396" pin=0"/></net>

<net id="3481"><net_src comp="856" pin="3"/><net_sink comp="3478" pin=0"/></net>

<net id="3482"><net_src comp="3478" pin="1"/><net_sink comp="402" pin=0"/></net>

<net id="3486"><net_src comp="863" pin="3"/><net_sink comp="3483" pin=0"/></net>

<net id="3487"><net_src comp="3483" pin="1"/><net_sink comp="408" pin=0"/></net>

<net id="3491"><net_src comp="2337" pin="4"/><net_sink comp="3488" pin=0"/></net>

<net id="3492"><net_src comp="3488" pin="1"/><net_sink comp="2547" pin=0"/></net>

<net id="3496"><net_src comp="2361" pin="4"/><net_sink comp="3493" pin=0"/></net>

<net id="3497"><net_src comp="3493" pin="1"/><net_sink comp="2558" pin=0"/></net>

<net id="3501"><net_src comp="1149" pin="19"/><net_sink comp="3498" pin=0"/></net>

<net id="3502"><net_src comp="3498" pin="1"/><net_sink comp="2749" pin=0"/></net>

<net id="3506"><net_src comp="2387" pin="2"/><net_sink comp="3503" pin=0"/></net>

<net id="3507"><net_src comp="3503" pin="1"/><net_sink comp="2746" pin=0"/></net>

<net id="3511"><net_src comp="2454" pin="2"/><net_sink comp="3508" pin=0"/></net>

<net id="3512"><net_src comp="3508" pin="1"/><net_sink comp="2591" pin=0"/></net>

<net id="3516"><net_src comp="2479" pin="2"/><net_sink comp="3513" pin=0"/></net>

<net id="3517"><net_src comp="3513" pin="1"/><net_sink comp="2711" pin=0"/></net>

<net id="3521"><net_src comp="2539" pin="3"/><net_sink comp="3518" pin=0"/></net>

<net id="3522"><net_src comp="3518" pin="1"/><net_sink comp="2586" pin=1"/></net>

<net id="3523"><net_src comp="3518" pin="1"/><net_sink comp="2591" pin=2"/></net>

<net id="3527"><net_src comp="878" pin="3"/><net_sink comp="3524" pin=0"/></net>

<net id="3528"><net_src comp="3524" pin="1"/><net_sink comp="366" pin=0"/></net>

<net id="3532"><net_src comp="885" pin="3"/><net_sink comp="3529" pin=0"/></net>

<net id="3533"><net_src comp="3529" pin="1"/><net_sink comp="372" pin=0"/></net>

<net id="3537"><net_src comp="892" pin="3"/><net_sink comp="3534" pin=0"/></net>

<net id="3538"><net_src comp="3534" pin="1"/><net_sink comp="378" pin=0"/></net>

<net id="3542"><net_src comp="899" pin="3"/><net_sink comp="3539" pin=0"/></net>

<net id="3543"><net_src comp="3539" pin="1"/><net_sink comp="384" pin=0"/></net>

<net id="3547"><net_src comp="906" pin="3"/><net_sink comp="3544" pin=0"/></net>

<net id="3548"><net_src comp="3544" pin="1"/><net_sink comp="390" pin=0"/></net>

<net id="3552"><net_src comp="913" pin="3"/><net_sink comp="3549" pin=0"/></net>

<net id="3553"><net_src comp="3549" pin="1"/><net_sink comp="396" pin=0"/></net>

<net id="3557"><net_src comp="920" pin="3"/><net_sink comp="3554" pin=0"/></net>

<net id="3558"><net_src comp="3554" pin="1"/><net_sink comp="402" pin=0"/></net>

<net id="3562"><net_src comp="927" pin="3"/><net_sink comp="3559" pin=0"/></net>

<net id="3563"><net_src comp="3559" pin="1"/><net_sink comp="408" pin=0"/></net>

<net id="3567"><net_src comp="942" pin="3"/><net_sink comp="3564" pin=0"/></net>

<net id="3568"><net_src comp="3564" pin="1"/><net_sink comp="366" pin=0"/></net>

<net id="3572"><net_src comp="949" pin="3"/><net_sink comp="3569" pin=0"/></net>

<net id="3573"><net_src comp="3569" pin="1"/><net_sink comp="372" pin=0"/></net>

<net id="3577"><net_src comp="956" pin="3"/><net_sink comp="3574" pin=0"/></net>

<net id="3578"><net_src comp="3574" pin="1"/><net_sink comp="378" pin=0"/></net>

<net id="3582"><net_src comp="963" pin="3"/><net_sink comp="3579" pin=0"/></net>

<net id="3583"><net_src comp="3579" pin="1"/><net_sink comp="384" pin=0"/></net>

<net id="3587"><net_src comp="970" pin="3"/><net_sink comp="3584" pin=0"/></net>

<net id="3588"><net_src comp="3584" pin="1"/><net_sink comp="390" pin=0"/></net>

<net id="3592"><net_src comp="977" pin="3"/><net_sink comp="3589" pin=0"/></net>

<net id="3593"><net_src comp="3589" pin="1"/><net_sink comp="396" pin=0"/></net>

<net id="3597"><net_src comp="984" pin="3"/><net_sink comp="3594" pin=0"/></net>

<net id="3598"><net_src comp="3594" pin="1"/><net_sink comp="402" pin=0"/></net>

<net id="3602"><net_src comp="991" pin="3"/><net_sink comp="3599" pin=0"/></net>

<net id="3603"><net_src comp="3599" pin="1"/><net_sink comp="408" pin=0"/></net>

<net id="3607"><net_src comp="2671" pin="3"/><net_sink comp="3604" pin=0"/></net>

<net id="3608"><net_src comp="3604" pin="1"/><net_sink comp="2706" pin=1"/></net>

<net id="3609"><net_src comp="3604" pin="1"/><net_sink comp="2711" pin=2"/></net>

</net_list>

</model> 
---------------- Datapath Model END ------------------

* FSMD analyzer results:
  - Output states:
	Port: bnn_top_int_const_unsigned_int_const_int_const_unsigned_int_const_int_co_4 | {10 }
	Port: bnn_top_int_const_unsigned_int_const_int_const_unsigned_int_const_int_co_3 | {10 }
	Port: bnn_top_int_const_unsigned_int_const_int_const_unsigned_int_const_int_co_2 | {10 }
	Port: bnn_top_int_const_unsigned_int_const_int_const_unsigned_int_const_int_co_1 | {10 }
	Port: bnn_top_int_const_unsigned_int_const_int_const_unsigned_int_const_int_co | {10 }
 - Input state : 
	Port: bnn_top_Pipeline_VITIS_LOOP_79_9_VITIS_LOOP_80_10_VITIS_LOOP_82_11 : mul_ln79 | {1 }
	Port: bnn_top_Pipeline_VITIS_LOOP_79_9_VITIS_LOOP_80_10_VITIS_LOOP_82_11 : W2_0 | {2 3 4 5 6 7 }
	Port: bnn_top_Pipeline_VITIS_LOOP_79_9_VITIS_LOOP_80_10_VITIS_LOOP_82_11 : W2_1 | {2 3 4 5 6 7 }
	Port: bnn_top_Pipeline_VITIS_LOOP_79_9_VITIS_LOOP_80_10_VITIS_LOOP_82_11 : bnn_top_int_const_unsigned_int_const_int_const_unsigned_int_const_int_co_20 | {4 5 6 7 8 9 }
	Port: bnn_top_Pipeline_VITIS_LOOP_79_9_VITIS_LOOP_80_10_VITIS_LOOP_82_11 : bnn_top_int_const_unsigned_int_const_int_const_unsigned_int_const_int_co_19 | {4 5 6 7 8 9 }
	Port: bnn_top_Pipeline_VITIS_LOOP_79_9_VITIS_LOOP_80_10_VITIS_LOOP_82_11 : bnn_top_int_const_unsigned_int_const_int_const_unsigned_int_const_int_co_18 | {4 5 6 7 8 9 }
	Port: bnn_top_Pipeline_VITIS_LOOP_79_9_VITIS_LOOP_80_10_VITIS_LOOP_82_11 : bnn_top_int_const_unsigned_int_const_int_const_unsigned_int_const_int_co_17 | {4 5 6 7 8 9 }
	Port: bnn_top_Pipeline_VITIS_LOOP_79_9_VITIS_LOOP_80_10_VITIS_LOOP_82_11 : bnn_top_int_const_unsigned_int_const_int_const_unsigned_int_const_int_co_16 | {4 5 6 7 8 9 }
	Port: bnn_top_Pipeline_VITIS_LOOP_79_9_VITIS_LOOP_80_10_VITIS_LOOP_82_11 : bnn_top_int_const_unsigned_int_const_int_const_unsigned_int_const_int_co_15 | {4 5 6 7 8 9 }
	Port: bnn_top_Pipeline_VITIS_LOOP_79_9_VITIS_LOOP_80_10_VITIS_LOOP_82_11 : bnn_top_int_const_unsigned_int_const_int_const_unsigned_int_const_int_co_14 | {4 5 6 7 8 9 }
	Port: bnn_top_Pipeline_VITIS_LOOP_79_9_VITIS_LOOP_80_10_VITIS_LOOP_82_11 : bnn_top_int_const_unsigned_int_const_int_const_unsigned_int_const_int_co_13 | {4 5 6 7 8 9 }
  - Chain level:
	State 1
		store_ln0 : 1
		store_ln79 : 1
		store_ln0 : 1
		store_ln80 : 1
		store_ln82 : 1
		store_ln81 : 1
	State 2
		icmp_ln79 : 1
		add_ln79 : 1
		br_ln79 : 2
		icmp_ln80 : 1
		select_ln79 : 2
		add_ln86 : 1
		add_ln86_2 : 1
		select_ln79_1 : 2
		add_ln86_3 : 1
		select_ln79_2 : 2
		xor_ln79 : 2
		icmp_ln82 : 1
		and_ln79 : 2
		select_ln79_3 : 2
		add_ln86_4 : 3
		empty : 2
		ci_mid2 : 2
		add_ln86_5 : 3
		add_ln86_2_mid2 : 2
		select_ln80 : 2
		trunc_ln94 : 3
		tmp_5 : 3
		trunc_ln80 : 3
		tmp_10 : 3
		tmp_14 : 3
		lshr_ln88_1 : 3
		zext_ln82_1 : 3
		trunc_ln88 : 3
		tmp_15 : 3
		zext_ln89_19 : 4
		add_ln89_17 : 5
		zext_ln89_9 : 6
		add_ln89 : 7
		trunc_ln89 : 6
		lshr_ln2 : 8
		zext_ln89 : 9
		W2_0_addr : 10
		W2_0_load : 11
		W2_1_addr : 10
		W2_1_load : 11
		tmp_16 : 8
		add_ln89_1 : 8
		lshr_ln89_2 : 9
		zext_ln89_1 : 10
		W2_0_addr_1 : 11
		W2_0_load_1 : 12
		W2_1_addr_1 : 11
		W2_1_load_1 : 12
		tmp_17 : 9
		add_ln82 : 3
		icmp_ln82_1 : 4
		add_ln94 : 3
		urem_ln94 : 4
		br_ln82 : 5
		add_ln80 : 1
		select_ln80_1 : 2
		store_ln79 : 2
		store_ln79 : 3
		store_ln80 : 3
		store_ln82 : 4
	State 3
		select_ln89 : 1
		lshr_ln89 : 2
		select_ln89_1 : 1
		zext_ln89_11 : 1
		lshr_ln89_1 : 2
		lshr_ln89_4 : 1
		zext_ln89_2 : 2
		W2_0_addr_2 : 3
		W2_0_load_2 : 4
		W2_1_addr_2 : 3
		W2_1_load_2 : 4
		tmp_18 : 1
		lshr_ln89_6 : 1
		zext_ln89_3 : 2
		W2_0_addr_3 : 3
		W2_0_load_3 : 4
		W2_1_addr_3 : 3
		W2_1_load_3 : 4
		tmp_19 : 1
	State 4
		select_ln89_2 : 1
		zext_ln89_12 : 1
		lshr_ln89_3 : 2
		select_ln89_3 : 1
		zext_ln89_13 : 1
		lshr_ln89_5 : 2
		zext_ln88_5 : 1
		bnn_top_int_const_unsigned_int_const_int_const_unsigned_int_const_int_co_133 : 2
		bnn_top_int_const_unsigned_int_const_int_const_unsigned_int_const_int_co_134 : 2
		bnn_top_int_const_unsigned_int_const_int_const_unsigned_int_const_int_co_135 : 2
		bnn_top_int_const_unsigned_int_const_int_const_unsigned_int_const_int_co_136 : 2
		bnn_top_int_const_unsigned_int_const_int_const_unsigned_int_const_int_co_137 : 2
		bnn_top_int_const_unsigned_int_const_int_const_unsigned_int_const_int_co_138 : 2
		bnn_top_int_const_unsigned_int_const_int_const_unsigned_int_const_int_co_139 : 2
		bnn_top_int_const_unsigned_int_const_int_const_unsigned_int_const_int_co_140 : 2
		bnn_top_int_const_unsigned_int_const_int_const_unsigned_int_const_int_co_141 : 3
		bnn_top_int_const_unsigned_int_const_int_const_unsigned_int_const_int_co_142 : 3
		bnn_top_int_const_unsigned_int_const_int_const_unsigned_int_const_int_co_143 : 3
		bnn_top_int_const_unsigned_int_const_int_const_unsigned_int_const_int_co_144 : 3
		bnn_top_int_const_unsigned_int_const_int_const_unsigned_int_const_int_co_145 : 3
		bnn_top_int_const_unsigned_int_const_int_const_unsigned_int_const_int_co_146 : 3
		bnn_top_int_const_unsigned_int_const_int_const_unsigned_int_const_int_co_147 : 3
		bnn_top_int_const_unsigned_int_const_int_const_unsigned_int_const_int_co_148 : 3
		lshr_ln89_8 : 1
		zext_ln89_4 : 2
		W2_0_addr_4 : 3
		W2_0_load_4 : 4
		W2_1_addr_4 : 3
		W2_1_load_4 : 4
		tmp_20 : 1
		add_ln88_7 : 1
		zext_ln88_6 : 2
		bnn_top_int_const_unsigned_int_const_int_const_unsigned_int_const_int_co_149 : 3
		bnn_top_int_const_unsigned_int_const_int_const_unsigned_int_const_int_co_150 : 3
		bnn_top_int_const_unsigned_int_const_int_const_unsigned_int_const_int_co_151 : 3
		bnn_top_int_const_unsigned_int_const_int_const_unsigned_int_const_int_co_152 : 3
		bnn_top_int_const_unsigned_int_const_int_const_unsigned_int_const_int_co_153 : 3
		bnn_top_int_const_unsigned_int_const_int_const_unsigned_int_const_int_co_154 : 3
		bnn_top_int_const_unsigned_int_const_int_const_unsigned_int_const_int_co_155 : 3
		bnn_top_int_const_unsigned_int_const_int_const_unsigned_int_const_int_co_156 : 3
		bnn_top_int_const_unsigned_int_const_int_const_unsigned_int_const_int_co_157 : 4
		bnn_top_int_const_unsigned_int_const_int_const_unsigned_int_const_int_co_158 : 4
		bnn_top_int_const_unsigned_int_const_int_const_unsigned_int_const_int_co_159 : 4
		bnn_top_int_const_unsigned_int_const_int_const_unsigned_int_const_int_co_160 : 4
		bnn_top_int_const_unsigned_int_const_int_const_unsigned_int_const_int_co_161 : 4
		bnn_top_int_const_unsigned_int_const_int_const_unsigned_int_const_int_co_162 : 4
		bnn_top_int_const_unsigned_int_const_int_const_unsigned_int_const_int_co_163 : 4
		bnn_top_int_const_unsigned_int_const_int_const_unsigned_int_const_int_co_164 : 4
		lshr_ln89_s : 1
		zext_ln89_5 : 2
		W2_0_addr_5 : 3
		W2_0_load_5 : 4
		W2_1_addr_5 : 3
		W2_1_load_5 : 4
		tmp_21 : 1
	State 5
		zext_ln86 : 1
		add_ln88 : 1
		zext_ln94 : 2
		sub_ln87 : 1
		sext_ln87 : 1
		tmp_9 : 1
		a_4 : 1
		select_ln89_4 : 1
		zext_ln89_14 : 1
		lshr_ln89_7 : 2
		a_5 : 1
		select_ln89_5 : 1
		zext_ln89_15 : 1
		lshr_ln89_9 : 2
		add_ln88_8 : 2
		sext_ln88 : 3
		add_ln88_10 : 4
		lshr_ln88_6 : 5
		zext_ln88_7 : 6
		bnn_top_int_const_unsigned_int_const_int_const_unsigned_int_const_int_co_165 : 7
		bnn_top_int_const_unsigned_int_const_int_const_unsigned_int_const_int_co_166 : 7
		bnn_top_int_const_unsigned_int_const_int_const_unsigned_int_const_int_co_167 : 7
		bnn_top_int_const_unsigned_int_const_int_const_unsigned_int_const_int_co_168 : 7
		bnn_top_int_const_unsigned_int_const_int_const_unsigned_int_const_int_co_169 : 7
		bnn_top_int_const_unsigned_int_const_int_const_unsigned_int_const_int_co_170 : 7
		bnn_top_int_const_unsigned_int_const_int_const_unsigned_int_const_int_co_171 : 7
		bnn_top_int_const_unsigned_int_const_int_const_unsigned_int_const_int_co_172 : 7
		bnn_top_int_const_unsigned_int_const_int_const_unsigned_int_const_int_co_173 : 8
		bnn_top_int_const_unsigned_int_const_int_const_unsigned_int_const_int_co_174 : 8
		bnn_top_int_const_unsigned_int_const_int_const_unsigned_int_const_int_co_175 : 8
		bnn_top_int_const_unsigned_int_const_int_const_unsigned_int_const_int_co_176 : 8
		bnn_top_int_const_unsigned_int_const_int_const_unsigned_int_const_int_co_177 : 8
		bnn_top_int_const_unsigned_int_const_int_const_unsigned_int_const_int_co_178 : 8
		bnn_top_int_const_unsigned_int_const_int_const_unsigned_int_const_int_co_179 : 8
		bnn_top_int_const_unsigned_int_const_int_const_unsigned_int_const_int_co_180 : 8
		lshr_ln89_10 : 1
		zext_ln89_6 : 2
		W2_0_addr_6 : 3
		W2_0_load_6 : 4
		W2_1_addr_6 : 3
		W2_1_load_6 : 4
		tmp_22 : 1
		add_ln88_11 : 3
		tmp_s : 4
		add_ln88_12 : 5
		zext_ln88_8 : 6
		bnn_top_int_const_unsigned_int_const_int_const_unsigned_int_const_int_co_181 : 7
		bnn_top_int_const_unsigned_int_const_int_const_unsigned_int_const_int_co_182 : 7
		bnn_top_int_const_unsigned_int_const_int_const_unsigned_int_const_int_co_183 : 7
		bnn_top_int_const_unsigned_int_const_int_const_unsigned_int_const_int_co_184 : 7
		bnn_top_int_const_unsigned_int_const_int_const_unsigned_int_const_int_co_185 : 7
		bnn_top_int_const_unsigned_int_const_int_const_unsigned_int_const_int_co_186 : 7
		bnn_top_int_const_unsigned_int_const_int_const_unsigned_int_const_int_co_187 : 7
		bnn_top_int_const_unsigned_int_const_int_const_unsigned_int_const_int_co_188 : 7
		bnn_top_int_const_unsigned_int_const_int_const_unsigned_int_const_int_co_189 : 8
		bnn_top_int_const_unsigned_int_const_int_const_unsigned_int_const_int_co_190 : 8
		bnn_top_int_const_unsigned_int_const_int_const_unsigned_int_const_int_co_191 : 8
		bnn_top_int_const_unsigned_int_const_int_const_unsigned_int_const_int_co_192 : 8
		bnn_top_int_const_unsigned_int_const_int_const_unsigned_int_const_int_co_193 : 8
		bnn_top_int_const_unsigned_int_const_int_const_unsigned_int_const_int_co_194 : 8
		bnn_top_int_const_unsigned_int_const_int_const_unsigned_int_const_int_co_195 : 8
		bnn_top_int_const_unsigned_int_const_int_const_unsigned_int_const_int_co_196 : 8
		lshr_ln89_12 : 1
		zext_ln89_7 : 2
		W2_0_addr_7 : 3
		W2_0_load_7 : 4
		W2_1_addr_7 : 3
		W2_1_load_7 : 4
		tmp_23 : 1
		add_ln88_13 : 4
		lshr_ln89_14 : 1
		tmp_24 : 1
		add_ln94_1 : 2
		zext_ln94_3 : 3
		mul_ln94 : 4
		tmp_25 : 5
	State 6
		a_6 : 1
		select_ln89_6 : 1
		zext_ln89_16 : 1
		lshr_ln89_11 : 2
		a_7 : 1
		select_ln89_7 : 1
		zext_ln89_17 : 1
		lshr_ln89_13 : 2
		bnn_top_int_const_unsigned_int_const_int_const_unsigned_int_const_int_co_197 : 1
		bnn_top_int_const_unsigned_int_const_int_const_unsigned_int_const_int_co_198 : 1
		bnn_top_int_const_unsigned_int_const_int_const_unsigned_int_const_int_co_199 : 1
		bnn_top_int_const_unsigned_int_const_int_const_unsigned_int_const_int_co_200 : 1
		bnn_top_int_const_unsigned_int_const_int_const_unsigned_int_const_int_co_201 : 1
		bnn_top_int_const_unsigned_int_const_int_const_unsigned_int_const_int_co_202 : 1
		bnn_top_int_const_unsigned_int_const_int_const_unsigned_int_const_int_co_203 : 1
		bnn_top_int_const_unsigned_int_const_int_const_unsigned_int_const_int_co_204 : 1
		bnn_top_int_const_unsigned_int_const_int_const_unsigned_int_const_int_co_205 : 2
		bnn_top_int_const_unsigned_int_const_int_const_unsigned_int_const_int_co_206 : 2
		bnn_top_int_const_unsigned_int_const_int_const_unsigned_int_const_int_co_207 : 2
		bnn_top_int_const_unsigned_int_const_int_const_unsigned_int_const_int_co_208 : 2
		bnn_top_int_const_unsigned_int_const_int_const_unsigned_int_const_int_co_209 : 2
		bnn_top_int_const_unsigned_int_const_int_const_unsigned_int_const_int_co_210 : 2
		bnn_top_int_const_unsigned_int_const_int_const_unsigned_int_const_int_co_211 : 2
		bnn_top_int_const_unsigned_int_const_int_const_unsigned_int_const_int_co_212 : 2
		W2_0_addr_8 : 1
		W2_0_load_8 : 2
		W2_1_addr_8 : 1
		W2_1_load_8 : 2
	State 7
		add_ln88_1 : 1
		add_ln88_2 : 2
		add_ln88_3 : 3
		lshr_ln88_2 : 4
		zext_ln88_1 : 5
		bnn_top_int_const_unsigned_int_const_int_const_unsigned_int_const_int_co_69 : 6
		bnn_top_int_const_unsigned_int_const_int_const_unsigned_int_const_int_co_70 : 6
		bnn_top_int_const_unsigned_int_const_int_const_unsigned_int_const_int_co_71 : 6
		bnn_top_int_const_unsigned_int_const_int_const_unsigned_int_const_int_co_72 : 6
		bnn_top_int_const_unsigned_int_const_int_const_unsigned_int_const_int_co_73 : 6
		bnn_top_int_const_unsigned_int_const_int_const_unsigned_int_const_int_co_74 : 6
		bnn_top_int_const_unsigned_int_const_int_const_unsigned_int_const_int_co_75 : 6
		bnn_top_int_const_unsigned_int_const_int_const_unsigned_int_const_int_co_76 : 6
		bnn_top_int_const_unsigned_int_const_int_const_unsigned_int_const_int_co_77 : 7
		bnn_top_int_const_unsigned_int_const_int_const_unsigned_int_const_int_co_78 : 7
		bnn_top_int_const_unsigned_int_const_int_const_unsigned_int_const_int_co_79 : 7
		bnn_top_int_const_unsigned_int_const_int_const_unsigned_int_const_int_co_80 : 7
		bnn_top_int_const_unsigned_int_const_int_const_unsigned_int_const_int_co_81 : 7
		bnn_top_int_const_unsigned_int_const_int_const_unsigned_int_const_int_co_82 : 7
		bnn_top_int_const_unsigned_int_const_int_const_unsigned_int_const_int_co_83 : 7
		bnn_top_int_const_unsigned_int_const_int_const_unsigned_int_const_int_co_84 : 7
		add_ln88_4 : 3
		lshr_ln88_3 : 4
		zext_ln88_2 : 5
		bnn_top_int_const_unsigned_int_const_int_const_unsigned_int_const_int_co_85 : 6
		bnn_top_int_const_unsigned_int_const_int_const_unsigned_int_const_int_co_86 : 6
		bnn_top_int_const_unsigned_int_const_int_const_unsigned_int_const_int_co_87 : 6
		bnn_top_int_const_unsigned_int_const_int_const_unsigned_int_const_int_co_88 : 6
		bnn_top_int_const_unsigned_int_const_int_const_unsigned_int_const_int_co_89 : 6
		bnn_top_int_const_unsigned_int_const_int_const_unsigned_int_const_int_co_90 : 6
		bnn_top_int_const_unsigned_int_const_int_const_unsigned_int_const_int_co_91 : 6
		bnn_top_int_const_unsigned_int_const_int_const_unsigned_int_const_int_co_92 : 6
		bnn_top_int_const_unsigned_int_const_int_const_unsigned_int_const_int_co_93 : 7
		bnn_top_int_const_unsigned_int_const_int_const_unsigned_int_const_int_co_94 : 7
		bnn_top_int_const_unsigned_int_const_int_const_unsigned_int_const_int_co_95 : 7
		bnn_top_int_const_unsigned_int_const_int_const_unsigned_int_const_int_co_96 : 7
		bnn_top_int_const_unsigned_int_const_int_const_unsigned_int_const_int_co_97 : 7
		bnn_top_int_const_unsigned_int_const_int_const_unsigned_int_const_int_co_98 : 7
		bnn_top_int_const_unsigned_int_const_int_const_unsigned_int_const_int_co_99 : 7
		bnn_top_int_const_unsigned_int_const_int_const_unsigned_int_const_int_co_100 : 7
		add_ln88_5 : 3
		lshr_ln88_4 : 4
		add_ln88_6 : 1
		lshr_ln88_5 : 2
		a_8 : 1
		select_ln89_8 : 1
		zext_ln89_18 : 1
		lshr_ln89_15 : 2
	State 8
		acc_13_mid2 : 1
		add_ln87 : 1
		tmp : 2
		or_ln87 : 2
		tmp_6 : 2
		or_ln87_1 : 2
		tmp_7 : 2
		tmp_8 : 3
		icmp_ln87 : 4
		tmp_12 : 1
		icmp_ln87_1 : 2
		a : 1
		xor_ln90 : 2
		select_ln90 : 2
		acc_1 : 3
		acc_2 : 4
		a_1 : 1
		xor_ln90_1 : 2
		select_ln90_1 : 2
		acc_3 : 5
		acc_4 : 6
		bnn_top_int_const_unsigned_int_const_int_const_unsigned_int_const_int_co_101 : 1
		bnn_top_int_const_unsigned_int_const_int_const_unsigned_int_const_int_co_102 : 1
		bnn_top_int_const_unsigned_int_const_int_const_unsigned_int_const_int_co_103 : 1
		bnn_top_int_const_unsigned_int_const_int_const_unsigned_int_const_int_co_104 : 1
		bnn_top_int_const_unsigned_int_const_int_const_unsigned_int_const_int_co_105 : 1
		bnn_top_int_const_unsigned_int_const_int_const_unsigned_int_const_int_co_106 : 1
		bnn_top_int_const_unsigned_int_const_int_const_unsigned_int_const_int_co_107 : 1
		bnn_top_int_const_unsigned_int_const_int_const_unsigned_int_const_int_co_108 : 1
		bnn_top_int_const_unsigned_int_const_int_const_unsigned_int_const_int_co_109 : 2
		bnn_top_int_const_unsigned_int_const_int_const_unsigned_int_const_int_co_110 : 2
		bnn_top_int_const_unsigned_int_const_int_const_unsigned_int_const_int_co_111 : 2
		bnn_top_int_const_unsigned_int_const_int_const_unsigned_int_const_int_co_112 : 2
		bnn_top_int_const_unsigned_int_const_int_const_unsigned_int_const_int_co_113 : 2
		bnn_top_int_const_unsigned_int_const_int_const_unsigned_int_const_int_co_114 : 2
		bnn_top_int_const_unsigned_int_const_int_const_unsigned_int_const_int_co_115 : 2
		bnn_top_int_const_unsigned_int_const_int_const_unsigned_int_const_int_co_116 : 2
		bnn_top_int_const_unsigned_int_const_int_const_unsigned_int_const_int_co_117 : 1
		bnn_top_int_const_unsigned_int_const_int_const_unsigned_int_const_int_co_118 : 1
		bnn_top_int_const_unsigned_int_const_int_const_unsigned_int_const_int_co_119 : 1
		bnn_top_int_const_unsigned_int_const_int_const_unsigned_int_const_int_co_120 : 1
		bnn_top_int_const_unsigned_int_const_int_const_unsigned_int_const_int_co_121 : 1
		bnn_top_int_const_unsigned_int_const_int_const_unsigned_int_const_int_co_122 : 1
		bnn_top_int_const_unsigned_int_const_int_const_unsigned_int_const_int_co_123 : 1
		bnn_top_int_const_unsigned_int_const_int_const_unsigned_int_const_int_co_124 : 1
		bnn_top_int_const_unsigned_int_const_int_const_unsigned_int_const_int_co_125 : 2
		bnn_top_int_const_unsigned_int_const_int_const_unsigned_int_const_int_co_126 : 2
		bnn_top_int_const_unsigned_int_const_int_const_unsigned_int_const_int_co_127 : 2
		bnn_top_int_const_unsigned_int_const_int_const_unsigned_int_const_int_co_128 : 2
		bnn_top_int_const_unsigned_int_const_int_const_unsigned_int_const_int_co_129 : 2
		bnn_top_int_const_unsigned_int_const_int_const_unsigned_int_const_int_co_130 : 2
		bnn_top_int_const_unsigned_int_const_int_const_unsigned_int_const_int_co_131 : 2
		bnn_top_int_const_unsigned_int_const_int_const_unsigned_int_const_int_co_132 : 2
	State 9
		a_2 : 1
		xor_ln90_2 : 2
		select_ln90_2 : 2
		acc_5 : 3
		acc_6 : 4
		a_3 : 1
		xor_ln90_3 : 2
		select_ln90_3 : 2
		acc_7 : 5
		acc_8 : 6
		xor_ln90_4 : 1
		select_ln90_4 : 1
		acc_9 : 7
		xor_ln90_5 : 1
		select_ln90_5 : 1
		acc_10 : 8
		acc_11 : 9
	State 10
		xor_ln90_6 : 1
		select_ln90_6 : 1
		acc_12 : 2
		acc_13 : 3
		xor_ln90_7 : 1
		select_ln90_7 : 1
		acc_14 : 4
		acc_15 : 5
		xor_ln90_8 : 1
		select_ln90_8 : 1
		acc_16 : 6
		acc_17 : 7
		trunc_ln94_1 : 1
		bnn_top_int_const_unsigned_int_const_int_const_unsigned_int_const_int_co_213 : 1
		bnn_top_int_const_unsigned_int_const_int_const_unsigned_int_const_int_co_214 : 1
		bnn_top_int_const_unsigned_int_const_int_const_unsigned_int_const_int_co_215 : 1
		bnn_top_int_const_unsigned_int_const_int_const_unsigned_int_const_int_co_216 : 1
		bnn_top_int_const_unsigned_int_const_int_const_unsigned_int_const_int_co_217 : 1
		switch_ln94 : 2
		store_ln94 : 8
		store_ln94 : 8
		store_ln94 : 8
		store_ln94 : 8
		store_ln94 : 8
		store_ln81 : 8


============================================================
+ Verbose Summary: Datapath Resource usage 
============================================================

* Functional unit list:
|----------|---------------------------|---------|---------|---------|
| Operation|      Functional Unit      |   DSP   |    FF   |   LUT   |
|----------|---------------------------|---------|---------|---------|
|          |      add_ln79_fu_1230     |    0    |    0    |    21   |
|          |      add_ln86_fu_1259     |    0    |    0    |    12   |
|          |     add_ln86_2_fu_1265    |    0    |    0    |    12   |
|          |     add_ln86_3_fu_1279    |    0    |    0    |    12   |
|          |     add_ln86_4_fu_1319    |    0    |    0    |    12   |
|          |     add_ln86_5_fu_1339    |    0    |    0    |    12   |
|          |    add_ln89_17_fu_1423    |    0    |    0    |    16   |
|          |      add_ln89_fu_1433     |    0    |    0    |    22   |
|          |     add_ln89_1_fu_1466    |    0    |    0    |    22   |
|          |      add_ln82_fu_1496     |    0    |    0    |    13   |
|          |      add_ln94_fu_1508     |    0    |    0    |    12   |
|          |      add_ln80_fu_1520     |    0    |    0    |    18   |
|          |     add_ln89_2_fu_1577    |    0    |    0    |    12   |
|          |     add_ln89_3_fu_1592    |    0    |    0    |    22   |
|          |     add_ln89_5_fu_1621    |    0    |    0    |    22   |
|          |     add_ln89_4_fu_1660    |    0    |    0    |    12   |
|          |     add_ln89_6_fu_1682    |    0    |    0    |    12   |
|          |     add_ln89_7_fu_1724    |    0    |    0    |    22   |
|          |     add_ln88_7_fu_1753    |    0    |    0    |    17   |
|          |     add_ln89_9_fu_1771    |    0    |    0    |    22   |
|          |      add_ln88_fu_1823     |    0    |    0    |    12   |
|          |     add_ln86_1_fu_1839    |    0    |    0    |    12   |
|          |     add_ln89_8_fu_1909    |    0    |    0    |    12   |
|          |    add_ln89_10_fu_1970    |    0    |    0    |    12   |
|          |     add_ln88_8_fu_1985    |    0    |    0    |    15   |
|    add   |    add_ln88_10_fu_2002    |    0    |    0    |    20   |
|          |    add_ln89_11_fu_2030    |    0    |    0    |    22   |
|          |    add_ln88_11_fu_2059    |    0    |    0    |    17   |
|          |    add_ln89_13_fu_2094    |    0    |    0    |    22   |
|          |    add_ln88_13_fu_2123    |    0    |    0    |    17   |
|          |    add_ln89_15_fu_2128    |    0    |    0    |    22   |
|          |     add_ln94_1_fu_2154    |    0    |    0    |    19   |
|          |    add_ln89_12_fu_2187    |    0    |    0    |    12   |
|          |    add_ln89_14_fu_2209    |    0    |    0    |    12   |
|          |     add_ln88_1_fu_2263    |    0    |    0    |    17   |
|          |     add_ln88_2_fu_2269    |    0    |    0    |    17   |
|          |     add_ln88_3_fu_2275    |    0    |    0    |    20   |
|          |     add_ln88_4_fu_2303    |    0    |    0    |    20   |
|          |     add_ln88_5_fu_2331    |    0    |    0    |    20   |
|          |     add_ln88_6_fu_2355    |    0    |    0    |    20   |
|          |    add_ln89_16_fu_2378    |    0    |    0    |    12   |
|          |      add_ln87_fu_2406     |    0    |    0    |    12   |
|          |       acc_1_fu_2502       |    0    |    0    |    39   |
|          |       acc_3_fu_2533       |    0    |    0    |    39   |
|          |       acc_5_fu_2586       |    0    |    0    |    39   |
|          |       acc_7_fu_2614       |    0    |    0    |    39   |
|          |       acc_9_fu_2643       |    0    |    0    |    39   |
|          |       acc_10_fu_2665      |    0    |    0    |    39   |
|          |       acc_12_fu_2706      |    0    |    0    |    39   |
|          |       acc_14_fu_2733      |    0    |    0    |    39   |
|          |       acc_16_fu_2762      |    0    |    0    |    39   |
|----------|---------------------------|---------|---------|---------|
|          |     lshr_ln89_fu_1564     |    0    |    0    |    96   |
|          |    lshr_ln89_1_fu_1586    |    0    |    0    |    96   |
|          |    lshr_ln89_3_fu_1669    |    0    |    0    |    96   |
|          |    lshr_ln89_5_fu_1691    |    0    |    0    |    96   |
|   lshr   |    lshr_ln89_7_fu_1918    |    0    |    0    |    96   |
|          |    lshr_ln89_9_fu_1979    |    0    |    0    |    96   |
|          |    lshr_ln89_11_fu_2196   |    0    |    0    |    96   |
|          |    lshr_ln89_13_fu_2218   |    0    |    0    |    96   |
|          |    lshr_ln89_15_fu_2387   |    0    |    0    |    96   |
|----------|---------------------------|---------|---------|---------|
|          |    select_ln79_fu_1251    |    0    |    0    |    5    |
|          |   select_ln79_1_fu_1271   |    0    |    0    |    5    |
|          |   select_ln79_2_fu_1285   |    0    |    0    |    5    |
|          |   select_ln79_3_fu_1311   |    0    |    0    |    5    |
|          |      ci_mid2_fu_1331      |    0    |    0    |    6    |
|          |  add_ln86_2_mid2_fu_1345  |    0    |    0    |    5    |
|          |    select_ln80_fu_1353    |    0    |    0    |    5    |
|          |   select_ln80_1_fu_1526   |    0    |    0    |    10   |
|          |    select_ln89_fu_1554    |    0    |    0    |    32   |
|          |   select_ln89_1_fu_1570   |    0    |    0    |    32   |
|          |   select_ln89_2_fu_1653   |    0    |    0    |    32   |
|          |   select_ln89_3_fu_1675   |    0    |    0    |    32   |
|          |   select_ln89_4_fu_1902   |    0    |    0    |    32   |
|          |   select_ln89_5_fu_1963   |    0    |    0    |    32   |
|          |   select_ln89_6_fu_2180   |    0    |    0    |    32   |
|          |   select_ln89_7_fu_2202   |    0    |    0    |    32   |
|          |   select_ln89_8_fu_2371   |    0    |    0    |    32   |
|  select  |    acc_13_mid2_fu_2396    |    0    |    0    |    32   |
|          |    select_ln90_fu_2494    |    0    |    0    |    2    |
|          |       acc_2_fu_2508       |    0    |    0    |    32   |
|          |   select_ln90_1_fu_2525   |    0    |    0    |    2    |
|          |       acc_4_fu_2539       |    0    |    0    |    32   |
|          |   select_ln90_2_fu_2578   |    0    |    0    |    2    |
|          |       acc_6_fu_2591       |    0    |    0    |    32   |
|          |   select_ln90_3_fu_2606   |    0    |    0    |    2    |
|          |       acc_8_fu_2620       |    0    |    0    |    32   |
|          |   select_ln90_4_fu_2635   |    0    |    0    |    2    |
|          |   select_ln90_5_fu_2657   |    0    |    0    |    2    |
|          |       acc_11_fu_2671      |    0    |    0    |    32   |
|          |   select_ln90_6_fu_2698   |    0    |    0    |    2    |
|          |       acc_13_fu_2711      |    0    |    0    |    32   |
|          |   select_ln90_7_fu_2725   |    0    |    0    |    2    |
|          |       acc_15_fu_2739      |    0    |    0    |    32   |
|          |   select_ln90_8_fu_2754   |    0    |    0    |    2    |
|          |       acc_17_fu_2768      |    0    |    0    |    32   |
|----------|---------------------------|---------|---------|---------|
|          |        grp_fu_1071        |    0    |    0    |    43   |
|          |        grp_fu_1110        |    0    |    0    |    43   |
| sparsemux|        grp_fu_1149        |    0    |    0    |    43   |
|          |        a_4_fu_1863        |    0    |    0    |    43   |
|          |        a_5_fu_1924        |    0    |    0    |    43   |
|----------|---------------------------|---------|---------|---------|
|   urem   |        grp_fu_1514        |    0    |    98   |    49   |
|----------|---------------------------|---------|---------|---------|
|          |     icmp_ln79_fu_1224     |    0    |    0    |    21   |
|          |     icmp_ln80_fu_1245     |    0    |    0    |    18   |
|   icmp   |     icmp_ln82_fu_1299     |    0    |    0    |    13   |
|          |    icmp_ln82_1_fu_1502    |    0    |    0    |    13   |
|          |     icmp_ln87_fu_2454     |    0    |    0    |    9    |
|          |    icmp_ln87_1_fu_2479    |    0    |    0    |    9    |
|----------|---------------------------|---------|---------|---------|
|    mul   |      mul_ln94_fu_2164     |    0    |    0    |    62   |
|----------|---------------------------|---------|---------|---------|
|          |       empty_fu_1325       |    0    |    0    |    2    |
|          |      or_ln87_fu_2420      |    0    |    0    |    5    |
|    or    |     or_ln87_1_fu_2433     |    0    |    0    |    5    |
|          |     or_ln87_2_fu_2460     |    0    |    0    |    5    |
|          |     or_ln87_3_fu_2678     |    0    |    0    |    5    |
|----------|---------------------------|---------|---------|---------|
|          |      xor_ln79_fu_1293     |    0    |    0    |    2    |
|          |      xor_ln90_fu_2488     |    0    |    0    |    2    |
|          |     xor_ln90_1_fu_2519    |    0    |    0    |    2    |
|          |     xor_ln90_2_fu_2572    |    0    |    0    |    2    |
|    xor   |     xor_ln90_3_fu_2600    |    0    |    0    |    2    |
|          |     xor_ln90_4_fu_2630    |    0    |    0    |    2    |
|          |     xor_ln90_5_fu_2652    |    0    |    0    |    2    |
|          |     xor_ln90_6_fu_2693    |    0    |    0    |    2    |
|          |     xor_ln90_7_fu_2720    |    0    |    0    |    2    |
|          |     xor_ln90_8_fu_2749    |    0    |    0    |    2    |
|----------|---------------------------|---------|---------|---------|
|    sub   |      sub_ln87_fu_1833     |    0    |    0    |    19   |
|----------|---------------------------|---------|---------|---------|
|    and   |      and_ln79_fu_1305     |    0    |    0    |    2    |
|----------|---------------------------|---------|---------|---------|
|   read   | mul_ln79_read_read_fu_222 |    0    |    0    |    0    |
|----------|---------------------------|---------|---------|---------|
|          |     trunc_ln94_fu_1361    |    0    |    0    |    0    |
|          |     trunc_ln80_fu_1373    |    0    |    0    |    0    |
|          |     trunc_ln88_fu_1407    |    0    |    0    |    0    |
|          |     trunc_ln89_fu_1438    |    0    |    0    |    0    |
|          |         w_fu_2485         |    0    |    0    |    0    |
|          |        w_1_fu_2516        |    0    |    0    |    0    |
|   trunc  |        w_2_fu_2569        |    0    |    0    |    0    |
|          |        w_3_fu_2597        |    0    |    0    |    0    |
|          |        w_4_fu_2627        |    0    |    0    |    0    |
|          |        w_5_fu_2649        |    0    |    0    |    0    |
|          |        w_6_fu_2690        |    0    |    0    |    0    |
|          |        w_7_fu_2717        |    0    |    0    |    0    |
|          |        w_8_fu_2746        |    0    |    0    |    0    |
|          |    trunc_ln94_1_fu_2789   |    0    |    0    |    0    |
|----------|---------------------------|---------|---------|---------|
|          |       tmp_5_fu_1365       |    0    |    0    |    0    |
|          |       tmp_10_fu_1377      |    0    |    0    |    0    |
|          |       tmp_14_fu_1385      |    0    |    0    |    0    |
|          |       tmp_16_fu_1458      |    0    |    0    |    0    |
|          |       tmp_17_fu_1488      |    0    |    0    |    0    |
|          |       tmp_18_fu_1613      |    0    |    0    |    0    |
|          |       tmp_19_fu_1642      |    0    |    0    |    0    |
|          |       tmp_20_fu_1745      |    0    |    0    |    0    |
| bitselect|       tmp_21_fu_1792      |    0    |    0    |    0    |
|          |       tmp_9_fu_1848       |    0    |    0    |    0    |
|          |       tmp_22_fu_2051      |    0    |    0    |    0    |
|          |       tmp_23_fu_2115      |    0    |    0    |    0    |
|          |       tmp_24_fu_2143      |    0    |    0    |    0    |
|          |        tmp_fu_2412        |    0    |    0    |    0    |
|          |       tmp_6_fu_2425       |    0    |    0    |    0    |
|          |       tmp_7_fu_2438       |    0    |    0    |    0    |
|          |       tmp_11_fu_2464      |    0    |    0    |    0    |
|          |       tmp_13_fu_2682      |    0    |    0    |    0    |
|----------|---------------------------|---------|---------|---------|
|          |    lshr_ln88_1_fu_1393    |    0    |    0    |    0    |
|          |      lshr_ln2_fu_1442     |    0    |    0    |    0    |
|          |    lshr_ln89_2_fu_1472    |    0    |    0    |    0    |
|          |    lshr_ln89_4_fu_1597    |    0    |    0    |    0    |
|          |    lshr_ln89_6_fu_1626    |    0    |    0    |    0    |
|          |    lshr_ln89_8_fu_1729    |    0    |    0    |    0    |
|          |    lshr_ln89_s_fu_1776    |    0    |    0    |    0    |
|          |    lshr_ln88_6_fu_2008    |    0    |    0    |    0    |
|partselect|    lshr_ln89_10_fu_2035   |    0    |    0    |    0    |
|          |       tmp_s_fu_2065       |    0    |    0    |    0    |
|          |    lshr_ln89_12_fu_2099   |    0    |    0    |    0    |
|          |    lshr_ln89_14_fu_2133   |    0    |    0    |    0    |
|          |       tmp_25_fu_2170      |    0    |    0    |    0    |
|          |    lshr_ln88_2_fu_2281    |    0    |    0    |    0    |
|          |    lshr_ln88_3_fu_2309    |    0    |    0    |    0    |
|          |    lshr_ln88_4_fu_2337    |    0    |    0    |    0    |
|          |    lshr_ln88_5_fu_2361    |    0    |    0    |    0    |
|----------|---------------------------|---------|---------|---------|
|          |    zext_ln82_1_fu_1403    |    0    |    0    |    0    |
|          |    zext_ln89_19_fu_1419   |    0    |    0    |    0    |
|          |    zext_ln89_9_fu_1429    |    0    |    0    |    0    |
|          |     zext_ln89_fu_1452     |    0    |    0    |    0    |
|          |    zext_ln89_1_fu_1482    |    0    |    0    |    0    |
|          |    zext_ln89_10_fu_1561   |    0    |    0    |    0    |
|          |    zext_ln89_11_fu_1582   |    0    |    0    |    0    |
|          |    zext_ln89_2_fu_1607    |    0    |    0    |    0    |
|          |    zext_ln89_3_fu_1636    |    0    |    0    |    0    |
|          |     zext_ln82_fu_1650     |    0    |    0    |    0    |
|          |    zext_ln89_12_fu_1665   |    0    |    0    |    0    |
|          |    zext_ln89_13_fu_1687   |    0    |    0    |    0    |
|          |    zext_ln88_5_fu_1712    |    0    |    0    |    0    |
|          |    zext_ln89_4_fu_1739    |    0    |    0    |    0    |
|          |    zext_ln88_6_fu_1759    |    0    |    0    |    0    |
|          |    zext_ln89_5_fu_1786    |    0    |    0    |    0    |
|          |     zext_ln87_fu_1800     |    0    |    0    |    0    |
|          |     zext_ln86_fu_1810     |    0    |    0    |    0    |
|          |     zext_ln88_fu_1819     |    0    |    0    |    0    |
|          |     zext_ln94_fu_1829     |    0    |    0    |    0    |
|   zext   |    zext_ln89_14_fu_1914   |    0    |    0    |    0    |
|          |    zext_ln89_15_fu_1975   |    0    |    0    |    0    |
|          |    zext_ln88_7_fu_2018    |    0    |    0    |    0    |
|          |    zext_ln89_6_fu_2045    |    0    |    0    |    0    |
|          |    zext_ln88_8_fu_2082    |    0    |    0    |    0    |
|          |    zext_ln89_7_fu_2109    |    0    |    0    |    0    |
|          |    zext_ln94_1_fu_2151    |    0    |    0    |    0    |
|          |    zext_ln94_3_fu_2160    |    0    |    0    |    0    |
|          |    zext_ln89_16_fu_2192   |    0    |    0    |    0    |
|          |    zext_ln89_17_fu_2214   |    0    |    0    |    0    |
|          |    zext_ln88_9_fu_2224    |    0    |    0    |    0    |
|          |    zext_ln89_8_fu_2235    |    0    |    0    |    0    |
|          |    zext_ln86_1_fu_2244    |    0    |    0    |    0    |
|          |     zext_ln80_fu_2247     |    0    |    0    |    0    |
|          |    zext_ln87_2_fu_2253    |    0    |    0    |    0    |
|          |    zext_ln88_1_fu_2291    |    0    |    0    |    0    |
|          |    zext_ln88_2_fu_2319    |    0    |    0    |    0    |
|          |    zext_ln89_18_fu_2383   |    0    |    0    |    0    |
|          |    zext_ln87_1_fu_2403    |    0    |    0    |    0    |
|          |    zext_ln88_3_fu_2547    |    0    |    0    |    0    |
|          |    zext_ln88_4_fu_2558    |    0    |    0    |    0    |
|          |    zext_ln94_2_fu_2781    |    0    |    0    |    0    |
|----------|---------------------------|---------|---------|---------|
|          |       tmp_15_fu_1411      |    0    |    0    |    0    |
|          |     add_ln88_9_fu_1697    |    0    |    0    |    0    |
|          |     add_ln88_s_fu_1705    |    0    |    0    |    0    |
|          |      shl_ln3_fu_1803      |    0    |    0    |    0    |
|          |     shl_ln88_2_fu_1856    |    0    |    0    |    0    |
|bitconcatenate|     or_ln88_1_fu_1995     |    0    |    0    |    0    |
|          |    add_ln88_12_fu_2075    |    0    |    0    |    0    |
|          |     shl_ln88_1_fu_2256    |    0    |    0    |    0    |
|          |        tmp2_fu_2347       |    0    |    0    |    0    |
|          |       tmp_8_fu_2446       |    0    |    0    |    0    |
|          |       tmp_12_fu_2472      |    0    |    0    |    0    |
|----------|---------------------------|---------|---------|---------|
|    shl   |      shl_ln88_fu_1814     |    0    |    0    |    0    |
|----------|---------------------------|---------|---------|---------|
|          |     sext_ln87_fu_1844     |    0    |    0    |    0    |
|   sext   |     sext_ln88_fu_1991     |    0    |    0    |    0    |
|          |    sext_ln87_1_fu_2250    |    0    |    0    |    0    |
|----------|---------------------------|---------|---------|---------|
|  switch  |    switch_ln94_fu_2793    |    0    |    0    |    0    |
|----------|---------------------------|---------|---------|---------|
|   Total  |                           |    0    |    98   |   3016  |
|----------|---------------------------|---------|---------|---------|

Memories:
N/A

* Register list:
+-------------------------------------------------------------------------------------+--------+
|                                                                                     |   FF   |
+-------------------------------------------------------------------------------------+--------+
|                                 W2_0_addr_1_reg_2980                                |    9   |
|                                 W2_0_addr_2_reg_3015                                |    9   |
|                                 W2_0_addr_3_reg_3030                                |    9   |
|                                 W2_0_addr_4_reg_3100                                |    9   |
|                                 W2_0_addr_5_reg_3155                                |    9   |
|                                 W2_0_addr_6_reg_3248                                |    9   |
|                                 W2_0_addr_7_reg_3303                                |    9   |
|                                 W2_0_addr_8_reg_3398                                |    9   |
|                                  W2_0_addr_reg_2965                                 |    9   |
|                                 W2_1_addr_1_reg_2985                                |    9   |
|                                 W2_1_addr_2_reg_3020                                |    9   |
|                                 W2_1_addr_3_reg_3035                                |    9   |
|                                 W2_1_addr_4_reg_3105                                |    9   |
|                                 W2_1_addr_5_reg_3160                                |    9   |
|                                 W2_1_addr_6_reg_3253                                |    9   |
|                                 W2_1_addr_7_reg_3308                                |    9   |
|                                 W2_1_addr_8_reg_3403                                |    9   |
|                                  W2_1_addr_reg_2970                                 |    9   |
|                                     a_4_reg_3188                                    |    1   |
|                                     a_5_reg_3198                                    |    1   |
|                                     a_6_reg_3338                                    |    1   |
|                                     a_7_reg_3348                                    |    1   |
|                                     a_8_reg_3498                                    |    1   |
|                                   acc_11_reg_3604                                   |   32   |
|                                    acc_4_reg_3518                                   |   32   |
|                                     acc_reg_2810                                    |   32   |
|                                 add_ln86_1_reg_3175                                 |    5   |
|                               add_ln86_2_mid2_reg_2878                              |    5   |
|                                 add_ln88_13_reg_3318                                |   10   |
|                                  add_ln89_reg_2941                                  |   15   |
|                                  add_ln94_reg_2999                                  |    5   |
|bnn_top_int_const_unsigned_int_const_int_const_unsigned_int_const_int_co_101_reg_3524|   10   |
|bnn_top_int_const_unsigned_int_const_int_const_unsigned_int_const_int_co_102_reg_3529|   10   |
|bnn_top_int_const_unsigned_int_const_int_const_unsigned_int_const_int_co_103_reg_3534|   10   |
|bnn_top_int_const_unsigned_int_const_int_const_unsigned_int_const_int_co_104_reg_3539|   10   |
|bnn_top_int_const_unsigned_int_const_int_const_unsigned_int_const_int_co_105_reg_3544|   10   |
|bnn_top_int_const_unsigned_int_const_int_const_unsigned_int_const_int_co_106_reg_3549|   10   |
|bnn_top_int_const_unsigned_int_const_int_const_unsigned_int_const_int_co_107_reg_3554|   10   |
|bnn_top_int_const_unsigned_int_const_int_const_unsigned_int_const_int_co_108_reg_3559|   10   |
|bnn_top_int_const_unsigned_int_const_int_const_unsigned_int_const_int_co_117_reg_3564|   10   |
|bnn_top_int_const_unsigned_int_const_int_const_unsigned_int_const_int_co_118_reg_3569|   10   |
|bnn_top_int_const_unsigned_int_const_int_const_unsigned_int_const_int_co_119_reg_3574|   10   |
|bnn_top_int_const_unsigned_int_const_int_const_unsigned_int_const_int_co_120_reg_3579|   10   |
|bnn_top_int_const_unsigned_int_const_int_const_unsigned_int_const_int_co_121_reg_3584|   10   |
|bnn_top_int_const_unsigned_int_const_int_const_unsigned_int_const_int_co_122_reg_3589|   10   |
|bnn_top_int_const_unsigned_int_const_int_const_unsigned_int_const_int_co_123_reg_3594|   10   |
|bnn_top_int_const_unsigned_int_const_int_const_unsigned_int_const_int_co_124_reg_3599|   10   |
|bnn_top_int_const_unsigned_int_const_int_const_unsigned_int_const_int_co_133_reg_3060|   10   |
|bnn_top_int_const_unsigned_int_const_int_const_unsigned_int_const_int_co_134_reg_3065|   10   |
|bnn_top_int_const_unsigned_int_const_int_const_unsigned_int_const_int_co_135_reg_3070|   10   |
|bnn_top_int_const_unsigned_int_const_int_const_unsigned_int_const_int_co_136_reg_3075|   10   |
|bnn_top_int_const_unsigned_int_const_int_const_unsigned_int_const_int_co_137_reg_3080|   10   |
|bnn_top_int_const_unsigned_int_const_int_const_unsigned_int_const_int_co_138_reg_3085|   10   |
|bnn_top_int_const_unsigned_int_const_int_const_unsigned_int_const_int_co_139_reg_3090|   10   |
|bnn_top_int_const_unsigned_int_const_int_const_unsigned_int_const_int_co_140_reg_3095|   10   |
|bnn_top_int_const_unsigned_int_const_int_const_unsigned_int_const_int_co_149_reg_3115|   10   |
|bnn_top_int_const_unsigned_int_const_int_const_unsigned_int_const_int_co_150_reg_3120|   10   |
|bnn_top_int_const_unsigned_int_const_int_const_unsigned_int_const_int_co_151_reg_3125|   10   |
|bnn_top_int_const_unsigned_int_const_int_const_unsigned_int_const_int_co_152_reg_3130|   10   |
|bnn_top_int_const_unsigned_int_const_int_const_unsigned_int_const_int_co_153_reg_3135|   10   |
|bnn_top_int_const_unsigned_int_const_int_const_unsigned_int_const_int_co_154_reg_3140|   10   |
|bnn_top_int_const_unsigned_int_const_int_const_unsigned_int_const_int_co_155_reg_3145|   10   |
|bnn_top_int_const_unsigned_int_const_int_const_unsigned_int_const_int_co_156_reg_3150|   10   |
|bnn_top_int_const_unsigned_int_const_int_const_unsigned_int_const_int_co_165_reg_3208|   10   |
|bnn_top_int_const_unsigned_int_const_int_const_unsigned_int_const_int_co_166_reg_3213|   10   |
|bnn_top_int_const_unsigned_int_const_int_const_unsigned_int_const_int_co_167_reg_3218|   10   |
|bnn_top_int_const_unsigned_int_const_int_const_unsigned_int_const_int_co_168_reg_3223|   10   |
|bnn_top_int_const_unsigned_int_const_int_const_unsigned_int_const_int_co_169_reg_3228|   10   |
|bnn_top_int_const_unsigned_int_const_int_const_unsigned_int_const_int_co_170_reg_3233|   10   |
|bnn_top_int_const_unsigned_int_const_int_const_unsigned_int_const_int_co_171_reg_3238|   10   |
|bnn_top_int_const_unsigned_int_const_int_const_unsigned_int_const_int_co_172_reg_3243|   10   |
|bnn_top_int_const_unsigned_int_const_int_const_unsigned_int_const_int_co_181_reg_3263|   10   |
|bnn_top_int_const_unsigned_int_const_int_const_unsigned_int_const_int_co_182_reg_3268|   10   |
|bnn_top_int_const_unsigned_int_const_int_const_unsigned_int_const_int_co_183_reg_3273|   10   |
|bnn_top_int_const_unsigned_int_const_int_const_unsigned_int_const_int_co_184_reg_3278|   10   |
|bnn_top_int_const_unsigned_int_const_int_const_unsigned_int_const_int_co_185_reg_3283|   10   |
|bnn_top_int_const_unsigned_int_const_int_const_unsigned_int_const_int_co_186_reg_3288|   10   |
|bnn_top_int_const_unsigned_int_const_int_const_unsigned_int_const_int_co_187_reg_3293|   10   |
|bnn_top_int_const_unsigned_int_const_int_const_unsigned_int_const_int_co_188_reg_3298|   10   |
|bnn_top_int_const_unsigned_int_const_int_const_unsigned_int_const_int_co_197_reg_3358|   10   |
|bnn_top_int_const_unsigned_int_const_int_const_unsigned_int_const_int_co_198_reg_3363|   10   |
|bnn_top_int_const_unsigned_int_const_int_const_unsigned_int_const_int_co_199_reg_3368|   10   |
|bnn_top_int_const_unsigned_int_const_int_const_unsigned_int_const_int_co_200_reg_3373|   10   |
|bnn_top_int_const_unsigned_int_const_int_const_unsigned_int_const_int_co_201_reg_3378|   10   |
|bnn_top_int_const_unsigned_int_const_int_const_unsigned_int_const_int_co_202_reg_3383|   10   |
|bnn_top_int_const_unsigned_int_const_int_const_unsigned_int_const_int_co_203_reg_3388|   10   |
|bnn_top_int_const_unsigned_int_const_int_const_unsigned_int_const_int_co_204_reg_3393|   10   |
| bnn_top_int_const_unsigned_int_const_int_const_unsigned_int_const_int_co_69_reg_3408|   10   |
| bnn_top_int_const_unsigned_int_const_int_const_unsigned_int_const_int_co_70_reg_3413|   10   |
| bnn_top_int_const_unsigned_int_const_int_const_unsigned_int_const_int_co_71_reg_3418|   10   |
| bnn_top_int_const_unsigned_int_const_int_const_unsigned_int_const_int_co_72_reg_3423|   10   |
| bnn_top_int_const_unsigned_int_const_int_const_unsigned_int_const_int_co_73_reg_3428|   10   |
| bnn_top_int_const_unsigned_int_const_int_const_unsigned_int_const_int_co_74_reg_3433|   10   |
| bnn_top_int_const_unsigned_int_const_int_const_unsigned_int_const_int_co_75_reg_3438|   10   |
| bnn_top_int_const_unsigned_int_const_int_const_unsigned_int_const_int_co_76_reg_3443|   10   |
| bnn_top_int_const_unsigned_int_const_int_const_unsigned_int_const_int_co_85_reg_3448|   10   |
| bnn_top_int_const_unsigned_int_const_int_const_unsigned_int_const_int_co_86_reg_3453|   10   |
| bnn_top_int_const_unsigned_int_const_int_const_unsigned_int_const_int_co_87_reg_3458|   10   |
| bnn_top_int_const_unsigned_int_const_int_const_unsigned_int_const_int_co_88_reg_3463|   10   |
| bnn_top_int_const_unsigned_int_const_int_const_unsigned_int_const_int_co_89_reg_3468|   10   |
| bnn_top_int_const_unsigned_int_const_int_const_unsigned_int_const_int_co_90_reg_3473|   10   |
| bnn_top_int_const_unsigned_int_const_int_const_unsigned_int_const_int_co_91_reg_3478|   10   |
| bnn_top_int_const_unsigned_int_const_int_const_unsigned_int_const_int_co_92_reg_3483|   10   |
|                                     ci_reg_2817                                     |    6   |
|                                    empty_reg_2873                                   |    1   |
|                                  icmp_ln79_reg_2857                                 |    1   |
|                                 icmp_ln82_1_reg_2995                                |    1   |
|                                 icmp_ln87_1_reg_3513                                |    1   |
|                                  icmp_ln87_reg_3508                                 |    1   |
|                              indvar_flatten13_reg_2831                              |   11   |
|                              indvar_flatten29_reg_2845                              |   14   |
|                                 lshr_ln88_1_reg_2926                                |    2   |
|                                 lshr_ln88_4_reg_3488                                |   10   |
|                                 lshr_ln88_5_reg_3493                                |   10   |
|                                lshr_ln89_11_reg_3343                                |   32   |
|                                lshr_ln89_13_reg_3353                                |   32   |
|                                lshr_ln89_14_reg_3323                                |    9   |
|                                lshr_ln89_15_reg_3503                                |   32   |
|                                 lshr_ln89_1_reg_3010                                |   32   |
|                                 lshr_ln89_3_reg_3050                                |   32   |
|                                 lshr_ln89_5_reg_3055                                |   32   |
|                                 lshr_ln89_7_reg_3193                                |   32   |
|                                 lshr_ln89_9_reg_3203                                |   32   |
|                                  lshr_ln89_reg_3005                                 |   32   |
|                                mul_ln79_read_reg_2852                               |   15   |
|                                     oh_reg_2838                                     |    5   |
|                                     ow_reg_2824                                     |    5   |
|                                select_ln79_1_reg_2861                               |    5   |
|                                select_ln79_3_reg_2867                               |    5   |
|                                 select_ln80_reg_2885                                |    5   |
|                                   shl_ln3_reg_3170                                  |    8   |
|                                   tmp_10_reg_2915                                   |    1   |
|                                   tmp_14_reg_2920                                   |    1   |
|                                   tmp_16_reg_2975                                   |    1   |
|                                   tmp_17_reg_2990                                   |    1   |
|                                   tmp_18_reg_3025                                   |    1   |
|                                   tmp_19_reg_3040                                   |    1   |
|                                   tmp_20_reg_3110                                   |    1   |
|                                   tmp_21_reg_3165                                   |    1   |
|                                   tmp_22_reg_3258                                   |    1   |
|                                   tmp_23_reg_3313                                   |    1   |
|                                   tmp_24_reg_3328                                   |    1   |
|                                   tmp_25_reg_3333                                   |    6   |
|                                    tmp_5_reg_2901                                   |    1   |
|                                    tmp_9_reg_3182                                   |    1   |
|                                 trunc_ln80_reg_2906                                 |    3   |
|                                 trunc_ln88_reg_2931                                 |    5   |
|                                 trunc_ln89_reg_2952                                 |    5   |
|                                 trunc_ln94_reg_2892                                 |    4   |
|                                  zext_ln82_reg_3045                                 |   10   |
+-------------------------------------------------------------------------------------+--------+
|                                        Total                                        |  1472  |
+-------------------------------------------------------------------------------------+--------+

* Multiplexer (MUX) list: 
|-------------------|------|------|------|--------||---------||---------||---------|
|        Comp       |  Pin | Size |  BW  | S x BW ||  Delay  ||    FF   ||   LUT   |
|-------------------|------|------|------|--------||---------||---------||---------|
| grp_access_fu_235 |  p0  |  10  |   9  |   90   ||    0    ||    54   |
| grp_access_fu_235 |  p2  |   8  |   0  |    0   ||    0    ||    43   |
| grp_access_fu_252 |  p0  |  10  |   9  |   90   ||    0    ||    54   |
| grp_access_fu_252 |  p2  |   8  |   0  |    0   ||    0    ||    43   |
| grp_access_fu_366 |  p0  |  18  |  10  |   180  ||    0    ||    89   |
| grp_access_fu_372 |  p0  |  18  |  10  |   180  ||    0    ||    89   |
| grp_access_fu_378 |  p0  |  18  |  10  |   180  ||    0    ||    89   |
| grp_access_fu_384 |  p0  |  18  |  10  |   180  ||    0    ||    89   |
| grp_access_fu_390 |  p0  |  18  |  10  |   180  ||    0    ||    89   |
| grp_access_fu_396 |  p0  |  18  |  10  |   180  ||    0    ||    89   |
| grp_access_fu_402 |  p0  |  18  |  10  |   180  ||    0    ||    89   |
| grp_access_fu_408 |  p0  |  18  |  10  |   180  ||    0    ||    89   |
|    grp_fu_1514    |  p0  |   2  |   5  |   10   ||    0    ||    9    |
|-------------------|------|------|------|--------||---------||---------||---------|
|       Total       |      |      |      |  1630  || 9.28167 ||    0    ||   915   |
|-------------------|------|------|------|--------||---------||---------||---------|



* Summary:
+-----------+--------+--------+--------+--------+
|           |   DSP  |  Delay |   FF   |   LUT  |
+-----------+--------+--------+--------+--------+
|  Function |    0   |    -   |   98   |  3016  |
|   Memory  |    -   |    -   |    -   |    -   |
|Multiplexer|    -   |    9   |    0   |   915  |
|  Register |    -   |    -   |  1472  |    -   |
+-----------+--------+--------+--------+--------+
|   Total   |    0   |    9   |  1570  |  3931  |
+-----------+--------+--------+--------+--------+
