

================================================================
== Vitis HLS Report for 'bnn_top_Pipeline_VITIS_LOOP_50_2_VITIS_LOOP_51_3'
================================================================
* Date:           Mon Aug 24 01:28:37 2026

* Version:        2025.2 (Build 6295257 on Nov 12 2025)
* Project:        bnn_hls
* Solution:       sol1 (Vivado IP Flow Target)
* Product family: zynquplus
* Target device:  xczu7ev-ffvc1156-2-e


================================================================
== Performance Estimates
================================================================
+ Timing: 
    * Summary: 
    +--------+----------+----------+------------+
    |  Clock |  Target  | Estimated| Uncertainty|
    +--------+----------+----------+------------+
    |ap_clk  |  10.00 ns|  6.385 ns|     2.70 ns|
    +--------+----------+----------+------------+

+ Latency: 
    * Summary: 
    +---------+---------+-----------+-----------+-----+-----+-------------------+
    |  Latency (cycles) |   Latency (absolute)  |  Interval |      Pipeline     |
    |   min   |   max   |    min    |    max    | min | max |        Type       |
    +---------+---------+-----------+-----------+-----+-----+-------------------+
    |     2058|     2058|  20.580 us|  20.580 us|    0|    0|  loop pipeline stp|
    +---------+---------+-----------+-----------+-----+-----+-------------------+

    + Detail: 
        * Instance: 
        N/A

        * Loop: 
        +-----------------------------------+---------+---------+----------+-----------+-----------+------+----------+
        |                                   |  Latency (cycles) | Iteration|  Initiation Interval  | Trip |          |
        |             Loop Name             |   min   |   max   |  Latency |  achieved |   target  | Count| Pipelined|
        +-----------------------------------+---------+---------+----------+-----------+-----------+------+----------+
        |- VITIS_LOOP_50_2_VITIS_LOOP_51_3  |     2056|     2056|        11|          2|          1|  1024|       yes|
        +-----------------------------------+---------+---------+----------+-----------+-----------+------+----------+

============================================================
+ Verbose Summary: Synthesis Manager
============================================================
InlineROM: 1
ExposeGlobal: 0
============================================================
+ Verbose Summary: CDFG Model
============================================================
IsTopModel: 0
ResetActiveHigh: 1
IsCombinational: 0
IsDatapathOnly: 0
HasWiredReturn: 1
HasMFsm: 2
HasVarLatency: 1
IsPipeline: 0
IsRtlPipelined: 0
IsInstanceOverlapped: 0
IsDontTouch: 0
HasImplIP: 0
IsGatedGlobalClock: 0

+ Individual pipeline summary: 
  * Pipeline-0: initiation interval (II) = 2, depth = 11


============================================================
+ Verbose Summary: Schedule
============================================================
* Number of FSM states : 11
* Pipeline : 1
  Pipeline-0 : II = 2, D = 11, States = { 1 2 3 4 5 6 7 8 9 10 11 }
* Dataflow Pipeline: 0

* FSM state transitions: 
1 --> 2 
2 --> 3 
3 --> 4 
4 --> 5 
5 --> 6 
6 --> 7 
7 --> 8 
8 --> 9 
9 --> 10 
10 --> 11 
11 --> 

* FSM state operations: 

State 1 <SV = 0> <Delay = 3.98>
ST_1 : Operation 14 [1/1] (0.00ns)   --->   "%iw = alloca i32 1" [bnn.cpp:56]   --->   Operation 14 'alloca' 'iw' <Predicate = true> <Delay = 0.00>
ST_1 : Operation 15 [1/1] (0.00ns)   --->   "%oh = alloca i32 1" [bnn.cpp:50]   --->   Operation 15 'alloca' 'oh' <Predicate = true> <Delay = 0.00>
ST_1 : Operation 16 [1/1] (0.00ns)   --->   "%indvar_flatten = alloca i32 1"   --->   Operation 16 'alloca' 'indvar_flatten' <Predicate = true> <Delay = 0.00>
ST_1 : Operation 17 [1/1] (0.00ns)   --->   "%specinterface_ln0 = specinterface void @_ssdm_op_SpecInterface, i32 %img_3, void @empty_5, i32 0, i32 0, void @empty_2, i32 4294967295, i32 0, void @empty_2, void @empty_2, void @empty_2, i32 0, i32 0, i32 0, i32 0, void @empty_2, void @empty_2, i32 4294967295, i32 0, i32 0, i32 0"   --->   Operation 17 'specinterface' 'specinterface_ln0' <Predicate = true> <Delay = 0.00>
ST_1 : Operation 18 [1/1] (0.00ns)   --->   "%specinterface_ln0 = specinterface void @_ssdm_op_SpecInterface, i32 %img_2, void @empty_5, i32 0, i32 0, void @empty_2, i32 4294967295, i32 0, void @empty_2, void @empty_2, void @empty_2, i32 0, i32 0, i32 0, i32 0, void @empty_2, void @empty_2, i32 4294967295, i32 0, i32 0, i32 0"   --->   Operation 18 'specinterface' 'specinterface_ln0' <Predicate = true> <Delay = 0.00>
ST_1 : Operation 19 [1/1] (0.00ns)   --->   "%specinterface_ln0 = specinterface void @_ssdm_op_SpecInterface, i32 %img_1, void @empty_5, i32 0, i32 0, void @empty_2, i32 4294967295, i32 0, void @empty_2, void @empty_2, void @empty_2, i32 0, i32 0, i32 0, i32 0, void @empty_2, void @empty_2, i32 4294967295, i32 0, i32 0, i32 0"   --->   Operation 19 'specinterface' 'specinterface_ln0' <Predicate = true> <Delay = 0.00>
ST_1 : Operation 20 [1/1] (0.00ns)   --->   "%specinterface_ln0 = specinterface void @_ssdm_op_SpecInterface, i32 %img_0, void @empty_5, i32 0, i32 0, void @empty_2, i32 4294967295, i32 0, void @empty_2, void @empty_2, void @empty_2, i32 0, i32 0, i32 0, i32 0, void @empty_2, void @empty_2, i32 4294967295, i32 0, i32 0, i32 0"   --->   Operation 20 'specinterface' 'specinterface_ln0' <Predicate = true> <Delay = 0.00>
ST_1 : Operation 21 [1/1] (0.00ns)   --->   "%tmp = read i5 @_ssdm_op_Read.ap_auto.i5, i5 %empty"   --->   Operation 21 'read' 'tmp' <Predicate = true> <Delay = 0.00>
ST_1 : Operation 22 [1/1] (0.00ns)   --->   "%W1_load_8_read = read i32 @_ssdm_op_Read.ap_auto.i32, i32 %W1_load_8"   --->   Operation 22 'read' 'W1_load_8_read' <Predicate = true> <Delay = 0.00>
ST_1 : Operation 23 [1/1] (0.00ns)   --->   "%tmp_32 = read i5 @_ssdm_op_Read.ap_auto.i5, i5 %empty_40"   --->   Operation 23 'read' 'tmp_32' <Predicate = true> <Delay = 0.00>
ST_1 : Operation 24 [1/1] (0.00ns)   --->   "%W1_load_7_read = read i32 @_ssdm_op_Read.ap_auto.i32, i32 %W1_load_7"   --->   Operation 24 'read' 'W1_load_7_read' <Predicate = true> <Delay = 0.00>
ST_1 : Operation 25 [1/1] (0.00ns)   --->   "%tmp_33 = read i5 @_ssdm_op_Read.ap_auto.i5, i5 %empty_39"   --->   Operation 25 'read' 'tmp_33' <Predicate = true> <Delay = 0.00>
ST_1 : Operation 26 [1/1] (0.00ns)   --->   "%W1_load_6_read = read i32 @_ssdm_op_Read.ap_auto.i32, i32 %W1_load_6"   --->   Operation 26 'read' 'W1_load_6_read' <Predicate = true> <Delay = 0.00>
ST_1 : Operation 27 [1/1] (0.00ns)   --->   "%tmp_34 = read i5 @_ssdm_op_Read.ap_auto.i5, i5 %empty_38"   --->   Operation 27 'read' 'tmp_34' <Predicate = true> <Delay = 0.00>
ST_1 : Operation 28 [1/1] (0.00ns)   --->   "%W1_load_5_read = read i32 @_ssdm_op_Read.ap_auto.i32, i32 %W1_load_5"   --->   Operation 28 'read' 'W1_load_5_read' <Predicate = true> <Delay = 0.00>
ST_1 : Operation 29 [1/1] (0.00ns)   --->   "%cmp38_1_1_read = read i1 @_ssdm_op_Read.ap_auto.i1, i1 %cmp38_1_1"   --->   Operation 29 'read' 'cmp38_1_1_read' <Predicate = true> <Delay = 0.00>
ST_1 : Operation 30 [1/1] (0.00ns)   --->   "%tmp_35 = read i5 @_ssdm_op_Read.ap_auto.i5, i5 %empty_37"   --->   Operation 30 'read' 'tmp_35' <Predicate = true> <Delay = 0.00>
ST_1 : Operation 31 [1/1] (0.00ns)   --->   "%W1_load_4_read = read i32 @_ssdm_op_Read.ap_auto.i32, i32 %W1_load_4"   --->   Operation 31 'read' 'W1_load_4_read' <Predicate = true> <Delay = 0.00>
ST_1 : Operation 32 [1/1] (0.00ns)   --->   "%tmp_36 = read i5 @_ssdm_op_Read.ap_auto.i5, i5 %empty_36"   --->   Operation 32 'read' 'tmp_36' <Predicate = true> <Delay = 0.00>
ST_1 : Operation 33 [1/1] (0.00ns)   --->   "%W1_load_3_read = read i32 @_ssdm_op_Read.ap_auto.i32, i32 %W1_load_3"   --->   Operation 33 'read' 'W1_load_3_read' <Predicate = true> <Delay = 0.00>
ST_1 : Operation 34 [1/1] (0.00ns)   --->   "%tmp_37 = read i5 @_ssdm_op_Read.ap_auto.i5, i5 %empty_35"   --->   Operation 34 'read' 'tmp_37' <Predicate = true> <Delay = 0.00>
ST_1 : Operation 35 [1/1] (0.00ns)   --->   "%W1_load_2_read = read i32 @_ssdm_op_Read.ap_auto.i32, i32 %W1_load_2"   --->   Operation 35 'read' 'W1_load_2_read' <Predicate = true> <Delay = 0.00>
ST_1 : Operation 36 [1/1] (0.00ns)   --->   "%tmp_38 = read i5 @_ssdm_op_Read.ap_auto.i5, i5 %empty_34"   --->   Operation 36 'read' 'tmp_38' <Predicate = true> <Delay = 0.00>
ST_1 : Operation 37 [1/1] (0.00ns)   --->   "%W1_load_1_read = read i32 @_ssdm_op_Read.ap_auto.i32, i32 %W1_load_1"   --->   Operation 37 'read' 'W1_load_1_read' <Predicate = true> <Delay = 0.00>
ST_1 : Operation 38 [1/1] (0.42ns)   --->   "%store_ln0 = store i11 0, i11 %indvar_flatten"   --->   Operation 38 'store' 'store_ln0' <Predicate = true> <Delay = 0.42>
ST_1 : Operation 39 [1/1] (0.42ns)   --->   "%store_ln50 = store i6 0, i6 %oh" [bnn.cpp:50]   --->   Operation 39 'store' 'store_ln50' <Predicate = true> <Delay = 0.42>
ST_1 : Operation 40 [1/1] (0.42ns)   --->   "%store_ln56 = store i6 0, i6 %iw" [bnn.cpp:56]   --->   Operation 40 'store' 'store_ln56' <Predicate = true> <Delay = 0.42>
ST_1 : Operation 41 [1/1] (0.00ns)   --->   "%br_ln0 = br void %VITIS_LOOP_54_4"   --->   Operation 41 'br' 'br_ln0' <Predicate = true> <Delay = 0.00>
ST_1 : Operation 42 [1/1] (0.00ns)   --->   "%indvar_flatten_load = load i11 %indvar_flatten" [bnn.cpp:50]   --->   Operation 42 'load' 'indvar_flatten_load' <Predicate = true> <Delay = 0.00>
ST_1 : Operation 43 [1/1] (0.79ns)   --->   "%icmp_ln50 = icmp_eq  i11 %indvar_flatten_load, i11 1024" [bnn.cpp:50]   --->   Operation 43 'icmp' 'icmp_ln50' <Predicate = true> <Delay = 0.79> <CoreInst = "Cmp">   --->   Core 9 'Cmp' <Latency = 0> <II = 1> <Delay = 0.79> <FuncUnit> <Opcode : 'seteq' 'setne' 'setle' 'setge' 'setlt' 'setgt'> <InPorts = 2> <OutPorts = 1>
ST_1 : Operation 44 [1/1] (0.79ns)   --->   "%add_ln50 = add i11 %indvar_flatten_load, i11 1" [bnn.cpp:50]   --->   Operation 44 'add' 'add_ln50' <Predicate = true> <Delay = 0.79> <CoreInst = "Adder">   --->   Core 1 'Adder' <Latency = 0> <II = 1> <Delay = 0.79> <FuncUnit> <Opcode : 'add' 'sub'> <InPorts = 2> <OutPorts = 1>
ST_1 : Operation 45 [1/1] (0.00ns)   --->   "%br_ln50 = br i1 %icmp_ln50, void %for.inc53, void %VITIS_LOOP_65_6.exitStub" [bnn.cpp:50]   --->   Operation 45 'br' 'br_ln50' <Predicate = true> <Delay = 0.00>
ST_1 : Operation 46 [1/1] (0.00ns)   --->   "%iw_load = load i6 %iw" [bnn.cpp:51]   --->   Operation 46 'load' 'iw_load' <Predicate = (!icmp_ln50)> <Delay = 0.00>
ST_1 : Operation 47 [1/1] (0.00ns)   --->   "%oh_load = load i6 %oh" [bnn.cpp:56]   --->   Operation 47 'load' 'oh_load' <Predicate = (!icmp_ln50)> <Delay = 0.00>
ST_1 : Operation 48 [1/1] (0.78ns)   --->   "%icmp_ln51 = icmp_eq  i6 %iw_load, i6 32" [bnn.cpp:51]   --->   Operation 48 'icmp' 'icmp_ln51' <Predicate = (!icmp_ln50)> <Delay = 0.78> <CoreInst = "Cmp">   --->   Core 9 'Cmp' <Latency = 0> <II = 1> <Delay = 0.78> <FuncUnit> <Opcode : 'seteq' 'setne' 'setle' 'setge' 'setlt' 'setgt'> <InPorts = 2> <OutPorts = 1>
ST_1 : Operation 49 [1/1] (0.38ns)   --->   "%select_ln50 = select i1 %icmp_ln51, i6 0, i6 %iw_load" [bnn.cpp:50]   --->   Operation 49 'select' 'select_ln50' <Predicate = (!icmp_ln50)> <Delay = 0.38> <CoreInst = "Sel">   --->   Core 73 'Sel' <Latency = 0> <II = 1> <Delay = 0.38> <FuncUnit> <Opcode : 'select'> <InPorts = 3> <OutPorts = 1>
ST_1 : Operation 50 [1/1] (0.78ns)   --->   "%add_ln56_1 = add i6 %oh_load, i6 2" [bnn.cpp:56]   --->   Operation 50 'add' 'add_ln56_1' <Predicate = (!icmp_ln50)> <Delay = 0.78> <CoreInst = "Adder">   --->   Core 1 'Adder' <Latency = 0> <II = 1> <Delay = 0.78> <FuncUnit> <Opcode : 'add' 'sub'> <InPorts = 2> <OutPorts = 1>
ST_1 : Operation 51 [1/1] (0.78ns)   --->   "%add_ln56_4 = add i6 %oh_load, i6 1" [bnn.cpp:56]   --->   Operation 51 'add' 'add_ln56_4' <Predicate = (!icmp_ln50)> <Delay = 0.78> <CoreInst = "Adder">   --->   Core 1 'Adder' <Latency = 0> <II = 1> <Delay = 0.78> <FuncUnit> <Opcode : 'add' 'sub'> <InPorts = 2> <OutPorts = 1>
ST_1 : Operation 52 [1/1] (0.38ns)   --->   "%select_ln50_1 = select i1 %icmp_ln51, i6 %add_ln56_1, i6 %add_ln56_4" [bnn.cpp:50]   --->   Operation 52 'select' 'select_ln50_1' <Predicate = (!icmp_ln50)> <Delay = 0.38> <CoreInst = "Sel">   --->   Core 73 'Sel' <Latency = 0> <II = 1> <Delay = 0.38> <FuncUnit> <Opcode : 'select'> <InPorts = 3> <OutPorts = 1>
ST_1 : Operation 53 [1/1] (0.38ns)   --->   "%select_ln50_2 = select i1 %icmp_ln51, i6 %add_ln56_4, i6 %oh_load" [bnn.cpp:50]   --->   Operation 53 'select' 'select_ln50_2' <Predicate = (!icmp_ln50)> <Delay = 0.38> <CoreInst = "Sel">   --->   Core 73 'Sel' <Latency = 0> <II = 1> <Delay = 0.38> <FuncUnit> <Opcode : 'select'> <InPorts = 3> <OutPorts = 1>
ST_1 : Operation 54 [1/1] (0.00ns)   --->   "%trunc_ln63 = trunc i6 %select_ln50_2" [bnn.cpp:63]   --->   Operation 54 'trunc' 'trunc_ln63' <Predicate = (!icmp_ln50)> <Delay = 0.00>
ST_1 : Operation 55 [1/1] (0.00ns) (grouped into LUT with out node add_ln58_5)   --->   "%shl_ln63 = shl i6 %select_ln50_2, i6 1" [bnn.cpp:63]   --->   Operation 55 'shl' 'shl_ln63' <Predicate = (!icmp_ln50)> <Delay = 0.00>
ST_1 : Operation 56 [1/1] (0.00ns) (grouped into LUT with out node add_ln58_5)   --->   "%zext_ln56 = zext i6 %shl_ln63" [bnn.cpp:56]   --->   Operation 56 'zext' 'zext_ln56' <Predicate = (!icmp_ln50)> <Delay = 0.00>
ST_1 : Operation 57 [1/1] (0.00ns) (grouped into LUT with out node add_ln58_5)   --->   "%zext_ln51 = zext i6 %select_ln50" [bnn.cpp:51]   --->   Operation 57 'zext' 'zext_ln51' <Predicate = (!icmp_ln50)> <Delay = 0.00>
ST_1 : Operation 58 [1/1] (0.00ns)   --->   "%trunc_ln51 = trunc i6 %select_ln50" [bnn.cpp:51]   --->   Operation 58 'trunc' 'trunc_ln51' <Predicate = (!icmp_ln50)> <Delay = 0.00>
ST_1 : Operation 59 [1/1] (0.57ns)   --->   "%cmp = bitselect i1 @_ssdm_op_BitSelect.i1.i32.i5, i32 %W1_load_1_read, i5 %tmp_38" [bnn.cpp:59]   --->   Operation 59 'bitselect' 'cmp' <Predicate = (!icmp_ln50)> <Delay = 0.57> <CoreInst = "BitSelector">   --->   Core 153 'BitSelector' <Latency = 0> <II = 1> <Delay = 0.57> <FuncUnit> <Opcode : 'bitselect'> <InPorts = 2> <OutPorts = 1>
ST_1 : Operation 60 [1/1] (0.00ns)   --->   "%lshr_ln58_1 = partselect i3 @_ssdm_op_PartSelect.i3.i6.i32.i32, i6 %select_ln50, i32 2, i32 4" [bnn.cpp:58]   --->   Operation 60 'partselect' 'lshr_ln58_1' <Predicate = (!icmp_ln50)> <Delay = 0.00>
ST_1 : Operation 61 [1/1] (0.57ns)   --->   "%cmp38_s = bitselect i1 @_ssdm_op_BitSelect.i1.i32.i5, i32 %W1_load_2_read, i5 %tmp_37" [bnn.cpp:59]   --->   Operation 61 'bitselect' 'cmp38_s' <Predicate = (!icmp_ln50)> <Delay = 0.57> <CoreInst = "BitSelector">   --->   Core 153 'BitSelector' <Latency = 0> <II = 1> <Delay = 0.57> <FuncUnit> <Opcode : 'bitselect'> <InPorts = 2> <OutPorts = 1>
ST_1 : Operation 62 [1/1] (0.57ns)   --->   "%cmp38_3 = bitselect i1 @_ssdm_op_BitSelect.i1.i32.i5, i32 %W1_load_3_read, i5 %tmp_36" [bnn.cpp:59]   --->   Operation 62 'bitselect' 'cmp38_3' <Predicate = (!icmp_ln50)> <Delay = 0.57> <CoreInst = "BitSelector">   --->   Core 153 'BitSelector' <Latency = 0> <II = 1> <Delay = 0.57> <FuncUnit> <Opcode : 'bitselect'> <InPorts = 2> <OutPorts = 1>
ST_1 : Operation 63 [1/1] (0.57ns)   --->   "%cmp38_1 = bitselect i1 @_ssdm_op_BitSelect.i1.i32.i5, i32 %W1_load_4_read, i5 %tmp_35" [bnn.cpp:59]   --->   Operation 63 'bitselect' 'cmp38_1' <Predicate = (!icmp_ln50)> <Delay = 0.57> <CoreInst = "BitSelector">   --->   Core 153 'BitSelector' <Latency = 0> <II = 1> <Delay = 0.57> <FuncUnit> <Opcode : 'bitselect'> <InPorts = 2> <OutPorts = 1>
ST_1 : Operation 64 [1/1] (0.78ns) (out node of the LUT)   --->   "%add_ln58_5 = add i7 %zext_ln51, i7 %zext_ln56" [bnn.cpp:58]   --->   Operation 64 'add' 'add_ln58_5' <Predicate = (!icmp_ln50)> <Delay = 0.78> <CoreInst = "Adder">   --->   Core 1 'Adder' <Latency = 0> <II = 1> <Delay = 0.78> <FuncUnit> <Opcode : 'add' 'sub'> <InPorts = 2> <OutPorts = 1>
ST_1 : Operation 65 [11/11] (1.61ns)   --->   "%urem_ln58 = urem i7 %add_ln58_5, i7 5" [bnn.cpp:58]   --->   Operation 65 'urem' 'urem_ln58' <Predicate = (!icmp_ln50)> <Delay = 1.61> <CoreInst = "Divider">   --->   Core 6 'Divider' <Latency = 10> <II = 1> <Delay = 1.61> <FuncUnit> <Opcode : 'udiv' 'sdiv' 'urem' 'srem'> <InPorts = 2> <OutPorts = 1>
ST_1 : Operation 66 [1/1] (0.57ns)   --->   "%cmp38_1_2 = bitselect i1 @_ssdm_op_BitSelect.i1.i32.i5, i32 %W1_load_5_read, i5 %tmp_34" [bnn.cpp:59]   --->   Operation 66 'bitselect' 'cmp38_1_2' <Predicate = (!icmp_ln50)> <Delay = 0.57> <CoreInst = "BitSelector">   --->   Core 153 'BitSelector' <Latency = 0> <II = 1> <Delay = 0.57> <FuncUnit> <Opcode : 'bitselect'> <InPorts = 2> <OutPorts = 1>
ST_1 : Operation 67 [1/1] (0.57ns)   --->   "%cmp38_2 = bitselect i1 @_ssdm_op_BitSelect.i1.i32.i5, i32 %W1_load_6_read, i5 %tmp_33" [bnn.cpp:59]   --->   Operation 67 'bitselect' 'cmp38_2' <Predicate = (!icmp_ln50)> <Delay = 0.57> <CoreInst = "BitSelector">   --->   Core 153 'BitSelector' <Latency = 0> <II = 1> <Delay = 0.57> <FuncUnit> <Opcode : 'bitselect'> <InPorts = 2> <OutPorts = 1>
ST_1 : Operation 68 [1/1] (0.57ns)   --->   "%cmp38_2_1 = bitselect i1 @_ssdm_op_BitSelect.i1.i32.i5, i32 %W1_load_7_read, i5 %tmp_32" [bnn.cpp:59]   --->   Operation 68 'bitselect' 'cmp38_2_1' <Predicate = (!icmp_ln50)> <Delay = 0.57> <CoreInst = "BitSelector">   --->   Core 153 'BitSelector' <Latency = 0> <II = 1> <Delay = 0.57> <FuncUnit> <Opcode : 'bitselect'> <InPorts = 2> <OutPorts = 1>
ST_1 : Operation 69 [1/1] (0.57ns)   --->   "%cmp38_2_2 = bitselect i1 @_ssdm_op_BitSelect.i1.i32.i5, i32 %W1_load_8_read, i5 %tmp" [bnn.cpp:59]   --->   Operation 69 'bitselect' 'cmp38_2_2' <Predicate = (!icmp_ln50)> <Delay = 0.57> <CoreInst = "BitSelector">   --->   Core 153 'BitSelector' <Latency = 0> <II = 1> <Delay = 0.57> <FuncUnit> <Opcode : 'bitselect'> <InPorts = 2> <OutPorts = 1>
ST_1 : Operation 70 [1/1] (0.42ns)   --->   "%store_ln50 = store i11 %add_ln50, i11 %indvar_flatten" [bnn.cpp:50]   --->   Operation 70 'store' 'store_ln50' <Predicate = (!icmp_ln50)> <Delay = 0.42>
ST_1 : Operation 71 [1/1] (0.42ns)   --->   "%store_ln50 = store i6 %select_ln50_2, i6 %oh" [bnn.cpp:50]   --->   Operation 71 'store' 'store_ln50' <Predicate = (!icmp_ln50)> <Delay = 0.42>

State 2 <SV = 1> <Delay = 1.61>
ST_2 : Operation 72 [1/1] (0.78ns)   --->   "%add_ln56_3 = add i6 %select_ln50, i6 1" [bnn.cpp:56]   --->   Operation 72 'add' 'add_ln56_3' <Predicate = (!icmp_ln50)> <Delay = 0.78> <CoreInst = "Adder">   --->   Core 1 'Adder' <Latency = 0> <II = 1> <Delay = 0.78> <FuncUnit> <Opcode : 'add' 'sub'> <InPorts = 2> <OutPorts = 1>
ST_2 : Operation 73 [1/1] (0.00ns)   --->   "%lshr_ln58_2 = partselect i4 @_ssdm_op_PartSelect.i4.i6.i32.i32, i6 %add_ln56_3, i32 2, i32 5" [bnn.cpp:58]   --->   Operation 73 'partselect' 'lshr_ln58_2' <Predicate = (!icmp_ln50)> <Delay = 0.00>
ST_2 : Operation 74 [10/11] (1.61ns)   --->   "%urem_ln58 = urem i7 %add_ln58_5, i7 5" [bnn.cpp:58]   --->   Operation 74 'urem' 'urem_ln58' <Predicate = (!icmp_ln50)> <Delay = 1.61> <CoreInst = "Divider">   --->   Core 6 'Divider' <Latency = 10> <II = 1> <Delay = 1.61> <FuncUnit> <Opcode : 'udiv' 'sdiv' 'urem' 'srem'> <InPorts = 2> <OutPorts = 1>
ST_2 : Operation 75 [1/1] (0.42ns)   --->   "%store_ln56 = store i6 %add_ln56_3, i6 %iw" [bnn.cpp:56]   --->   Operation 75 'store' 'store_ln56' <Predicate = (!icmp_ln50)> <Delay = 0.42>
ST_2 : Operation 76 [1/1] (0.00ns)   --->   "%br_ln51 = br void %VITIS_LOOP_54_4" [bnn.cpp:51]   --->   Operation 76 'br' 'br_ln51' <Predicate = (!icmp_ln50)> <Delay = 0.00>

State 3 <SV = 2> <Delay = 1.61>
ST_3 : Operation 77 [9/11] (1.61ns)   --->   "%urem_ln58 = urem i7 %add_ln58_5, i7 5" [bnn.cpp:58]   --->   Operation 77 'urem' 'urem_ln58' <Predicate = true> <Delay = 1.61> <CoreInst = "Divider">   --->   Core 6 'Divider' <Latency = 10> <II = 1> <Delay = 1.61> <FuncUnit> <Opcode : 'udiv' 'sdiv' 'urem' 'srem'> <InPorts = 2> <OutPorts = 1>

State 4 <SV = 3> <Delay = 1.61>
ST_4 : Operation 78 [8/11] (1.61ns)   --->   "%urem_ln58 = urem i7 %add_ln58_5, i7 5" [bnn.cpp:58]   --->   Operation 78 'urem' 'urem_ln58' <Predicate = true> <Delay = 1.61> <CoreInst = "Divider">   --->   Core 6 'Divider' <Latency = 10> <II = 1> <Delay = 1.61> <FuncUnit> <Opcode : 'udiv' 'sdiv' 'urem' 'srem'> <InPorts = 2> <OutPorts = 1>

State 5 <SV = 4> <Delay = 1.61>
ST_5 : Operation 79 [7/11] (1.61ns)   --->   "%urem_ln58 = urem i7 %add_ln58_5, i7 5" [bnn.cpp:58]   --->   Operation 79 'urem' 'urem_ln58' <Predicate = true> <Delay = 1.61> <CoreInst = "Divider">   --->   Core 6 'Divider' <Latency = 10> <II = 1> <Delay = 1.61> <FuncUnit> <Opcode : 'udiv' 'sdiv' 'urem' 'srem'> <InPorts = 2> <OutPorts = 1>

State 6 <SV = 5> <Delay = 1.61>
ST_6 : Operation 80 [6/11] (1.61ns)   --->   "%urem_ln58 = urem i7 %add_ln58_5, i7 5" [bnn.cpp:58]   --->   Operation 80 'urem' 'urem_ln58' <Predicate = true> <Delay = 1.61> <CoreInst = "Divider">   --->   Core 6 'Divider' <Latency = 10> <II = 1> <Delay = 1.61> <FuncUnit> <Opcode : 'udiv' 'sdiv' 'urem' 'srem'> <InPorts = 2> <OutPorts = 1>

State 7 <SV = 6> <Delay = 3.14>
ST_7 : Operation 81 [1/1] (0.78ns)   --->   "%add_ln56 = add i6 %select_ln50_2, i6 63" [bnn.cpp:56]   --->   Operation 81 'add' 'add_ln56' <Predicate = true> <Delay = 0.78> <CoreInst = "Adder">   --->   Core 1 'Adder' <Latency = 0> <II = 1> <Delay = 0.78> <FuncUnit> <Opcode : 'add' 'sub'> <InPorts = 2> <OutPorts = 1>
ST_7 : Operation 82 [1/1] (0.00ns)   --->   "%tmp_39 = bitselect i1 @_ssdm_op_BitSelect.i1.i6.i32, i6 %add_ln56, i32 5" [bnn.cpp:57]   --->   Operation 82 'bitselect' 'tmp_39' <Predicate = true> <Delay = 0.00>
ST_7 : Operation 83 [1/1] (0.00ns)   --->   "%trunc_ln58 = trunc i6 %add_ln56" [bnn.cpp:58]   --->   Operation 83 'trunc' 'trunc_ln58' <Predicate = true> <Delay = 0.00>
ST_7 : Operation 84 [1/1] (0.78ns)   --->   "%add_ln56_2 = add i6 %select_ln50, i6 63" [bnn.cpp:56]   --->   Operation 84 'add' 'add_ln56_2' <Predicate = true> <Delay = 0.78> <CoreInst = "Adder">   --->   Core 1 'Adder' <Latency = 0> <II = 1> <Delay = 0.78> <FuncUnit> <Opcode : 'add' 'sub'> <InPorts = 2> <OutPorts = 1>
ST_7 : Operation 85 [1/1] (0.00ns)   --->   "%trunc_ln1 = partselect i4 @_ssdm_op_PartSelect.i4.i6.i32.i32, i6 %add_ln56_2, i32 2, i32 5" [bnn.cpp:58]   --->   Operation 85 'partselect' 'trunc_ln1' <Predicate = true> <Delay = 0.00>
ST_7 : Operation 86 [1/1] (0.00ns) (grouped into LUT with out node icmp_ln57)   --->   "%or_ln57_1 = or i6 %add_ln56, i6 %add_ln56_3" [bnn.cpp:57]   --->   Operation 86 'or' 'or_ln57_1' <Predicate = true> <Delay = 0.00> <CoreInst = "LogicGate">   --->   Core 74 'LogicGate' <Latency = 0> <II = 1> <Delay = 0.35> <FuncUnit> <Opcode : 'and' 'or' 'xor'> <InPorts = 2> <OutPorts = 1>
ST_7 : Operation 87 [1/1] (0.00ns) (grouped into LUT with out node icmp_ln57)   --->   "%tmp_42 = bitselect i1 @_ssdm_op_BitSelect.i1.i6.i32, i6 %or_ln57_1, i32 5" [bnn.cpp:57]   --->   Operation 87 'bitselect' 'tmp_42' <Predicate = true> <Delay = 0.00>
ST_7 : Operation 88 [1/1] (0.00ns) (grouped into LUT with out node icmp_ln57)   --->   "%tmp_43 = bitconcatenate i2 @_ssdm_op_BitConcatenate.i2.i1.i1, i1 %tmp_39, i1 %tmp_42" [bnn.cpp:57]   --->   Operation 88 'bitconcatenate' 'tmp_43' <Predicate = true> <Delay = 0.00>
ST_7 : Operation 89 [1/1] (0.54ns) (out node of the LUT)   --->   "%icmp_ln57 = icmp_eq  i2 %tmp_43, i2 0" [bnn.cpp:57]   --->   Operation 89 'icmp' 'icmp_ln57' <Predicate = true> <Delay = 0.54> <CoreInst = "Cmp">   --->   Core 9 'Cmp' <Latency = 0> <II = 1> <Delay = 0.54> <FuncUnit> <Opcode : 'seteq' 'setne' 'setle' 'setge' 'setlt' 'setgt'> <InPorts = 2> <OutPorts = 1>
ST_7 : Operation 90 [1/1] (0.00ns)   --->   "%tmp_44 = bitselect i1 @_ssdm_op_BitSelect.i1.i6.i32, i6 %add_ln56_2, i32 5" [bnn.cpp:57]   --->   Operation 90 'bitselect' 'tmp_44' <Predicate = true> <Delay = 0.00>
ST_7 : Operation 91 [1/1] (0.00ns)   --->   "%zext_ln58_5 = zext i7 %add_ln58_5" [bnn.cpp:58]   --->   Operation 91 'zext' 'zext_ln58_5' <Predicate = true> <Delay = 0.00>
ST_7 : Operation 92 [1/1] (0.00ns)   --->   "%p_shl = bitconcatenate i10 @_ssdm_op_BitConcatenate.i10.i5.i5, i5 %trunc_ln63, i5 0" [bnn.cpp:58]   --->   Operation 92 'bitconcatenate' 'p_shl' <Predicate = true> <Delay = 0.00>
ST_7 : Operation 93 [1/1] (0.00ns)   --->   "%tmp_45 = bitconcatenate i7 @_ssdm_op_BitConcatenate.i7.i6.i1, i6 %select_ln50_2, i1 0" [bnn.cpp:58]   --->   Operation 93 'bitconcatenate' 'tmp_45' <Predicate = true> <Delay = 0.00>
ST_7 : Operation 94 [1/1] (0.00ns)   --->   "%zext_ln58_6 = zext i7 %tmp_45" [bnn.cpp:58]   --->   Operation 94 'zext' 'zext_ln58_6' <Predicate = true> <Delay = 0.00>
ST_7 : Operation 95 [1/1] (0.00ns) (grouped into TernaryAdder)   --->   "%sub_ln58 = sub i10 %p_shl, i10 %zext_ln58_6" [bnn.cpp:58]   --->   Operation 95 'sub' 'sub_ln58' <Predicate = true> <Delay = 0.00> <CoreInst = "TAddSub">   --->   Core 10 'TAddSub' <Latency = 0> <II = 1> <Delay = 0.48> <IPBlock> <Opcode : 'add' 'sub'> <InPorts = 3> <OutPorts = 1> <Sync> <CReg>
ST_7 : Operation 96 [1/1] (0.96ns) (root node of TernaryAdder)   --->   "%add_ln58_6 = add i10 %zext_ln58_5, i10 %sub_ln58" [bnn.cpp:58]   --->   Operation 96 'add' 'add_ln58_6' <Predicate = true> <Delay = 0.96> <CoreInst = "TAddSub">   --->   Core 10 'TAddSub' <Latency = 0> <II = 1> <Delay = 0.48> <IPBlock> <Opcode : 'add' 'sub'> <InPorts = 3> <OutPorts = 1> <Sync> <CReg>
ST_7 : Operation 97 [1/1] (0.00ns)   --->   "%zext_ln58_13 = zext i10 %add_ln58_6" [bnn.cpp:58]   --->   Operation 97 'zext' 'zext_ln58_13' <Predicate = true> <Delay = 0.00>
ST_7 : Operation 98 [1/1] (2.18ns)   --->   "%mul_ln58 = mul i21 %zext_ln58_13, i21 1639" [bnn.cpp:58]   --->   Operation 98 'mul' 'mul_ln58' <Predicate = true> <Delay = 2.18> <CoreInst = "Multiplier">   --->   Core 3 'Multiplier' <Latency = 0> <II = 1> <Delay = 2.18> <FuncUnit> <Opcode : 'mul'> <InPorts = 2> <OutPorts = 1>
ST_7 : Operation 99 [1/1] (0.00ns)   --->   "%tmp_46 = partselect i8 @_ssdm_op_PartSelect.i8.i21.i32.i32, i21 %mul_ln58, i32 13, i32 20" [bnn.cpp:58]   --->   Operation 99 'partselect' 'tmp_46' <Predicate = true> <Delay = 0.00>
ST_7 : Operation 100 [5/11] (1.61ns)   --->   "%urem_ln58 = urem i7 %add_ln58_5, i7 5" [bnn.cpp:58]   --->   Operation 100 'urem' 'urem_ln58' <Predicate = true> <Delay = 1.61> <CoreInst = "Divider">   --->   Core 6 'Divider' <Latency = 10> <II = 1> <Delay = 1.61> <FuncUnit> <Opcode : 'udiv' 'sdiv' 'urem' 'srem'> <InPorts = 2> <OutPorts = 1>

State 8 <SV = 7> <Delay = 1.61>
ST_8 : Operation 101 [1/1] (0.00ns)   --->   "%shl_ln1 = bitconcatenate i8 @_ssdm_op_BitConcatenate.i8.i5.i3, i5 %trunc_ln58, i3 0" [bnn.cpp:58]   --->   Operation 101 'bitconcatenate' 'shl_ln1' <Predicate = true> <Delay = 0.00>
ST_8 : Operation 102 [1/1] (0.00ns)   --->   "%shl_ln58_1 = bitconcatenate i8 @_ssdm_op_BitConcatenate.i8.i5.i3, i5 %trunc_ln63, i3 0" [bnn.cpp:58]   --->   Operation 102 'bitconcatenate' 'shl_ln58_1' <Predicate = true> <Delay = 0.00>
ST_8 : Operation 103 [1/1] (0.76ns)   --->   "%add_ln58 = add i8 %shl_ln58_1, i8 8" [bnn.cpp:58]   --->   Operation 103 'add' 'add_ln58' <Predicate = true> <Delay = 0.76> <CoreInst = "Adder">   --->   Core 1 'Adder' <Latency = 0> <II = 1> <Delay = 0.76> <FuncUnit> <Opcode : 'add' 'sub'> <InPorts = 2> <OutPorts = 1>
ST_8 : Operation 104 [1/1] (0.00ns)   --->   "%sext_ln58 = sext i4 %trunc_ln1" [bnn.cpp:58]   --->   Operation 104 'sext' 'sext_ln58' <Predicate = true> <Delay = 0.00>
ST_8 : Operation 105 [1/1] (0.76ns)   --->   "%add_ln58_1 = add i8 %sext_ln58, i8 %shl_ln1" [bnn.cpp:58]   --->   Operation 105 'add' 'add_ln58_1' <Predicate = true> <Delay = 0.76> <CoreInst = "Adder">   --->   Core 1 'Adder' <Latency = 0> <II = 1> <Delay = 0.76> <FuncUnit> <Opcode : 'add' 'sub'> <InPorts = 2> <OutPorts = 1>
ST_8 : Operation 106 [1/1] (0.00ns)   --->   "%zext_ln58 = zext i8 %add_ln58_1" [bnn.cpp:58]   --->   Operation 106 'zext' 'zext_ln58' <Predicate = true> <Delay = 0.00>
ST_8 : Operation 107 [1/1] (0.00ns)   --->   "%img_0_addr = getelementptr i32 %img_0, i64 0, i64 %zext_ln58" [bnn.cpp:58]   --->   Operation 107 'getelementptr' 'img_0_addr' <Predicate = (trunc_ln51 == 1)> <Delay = 0.00>
ST_8 : Operation 108 [2/2] (0.00ns)   --->   "%img_0_load = load i8 %img_0_addr" [bnn.cpp:58]   --->   Operation 108 'load' 'img_0_load' <Predicate = (trunc_ln51 == 1)> <Delay = 0.00> <CoreInst = "RAM">   --->   Core 82 'RAM' <Latency = 1> <II = 1> <Delay = 1.23> <Storage> <Opcode : 'load' 'store'> <Ports = 2> <Width = 32> <Depth = 256> <RAM>
ST_8 : Operation 109 [1/1] (0.00ns)   --->   "%img_1_addr = getelementptr i32 %img_1, i64 0, i64 %zext_ln58" [bnn.cpp:58]   --->   Operation 109 'getelementptr' 'img_1_addr' <Predicate = (trunc_ln51 == 2)> <Delay = 0.00>
ST_8 : Operation 110 [2/2] (0.00ns)   --->   "%img_1_load = load i8 %img_1_addr" [bnn.cpp:58]   --->   Operation 110 'load' 'img_1_load' <Predicate = (trunc_ln51 == 2)> <Delay = 0.00> <CoreInst = "RAM">   --->   Core 82 'RAM' <Latency = 1> <II = 1> <Delay = 1.23> <Storage> <Opcode : 'load' 'store'> <Ports = 2> <Width = 32> <Depth = 256> <RAM>
ST_8 : Operation 111 [1/1] (0.00ns)   --->   "%img_2_addr = getelementptr i32 %img_2, i64 0, i64 %zext_ln58" [bnn.cpp:58]   --->   Operation 111 'getelementptr' 'img_2_addr' <Predicate = (trunc_ln51 == 3)> <Delay = 0.00>
ST_8 : Operation 112 [2/2] (0.00ns)   --->   "%img_2_load = load i8 %img_2_addr" [bnn.cpp:58]   --->   Operation 112 'load' 'img_2_load' <Predicate = (trunc_ln51 == 3)> <Delay = 0.00> <CoreInst = "RAM">   --->   Core 82 'RAM' <Latency = 1> <II = 1> <Delay = 1.23> <Storage> <Opcode : 'load' 'store'> <Ports = 2> <Width = 32> <Depth = 256> <RAM>
ST_8 : Operation 113 [1/1] (0.00ns)   --->   "%img_3_addr = getelementptr i32 %img_3, i64 0, i64 %zext_ln58" [bnn.cpp:58]   --->   Operation 113 'getelementptr' 'img_3_addr' <Predicate = (trunc_ln51 == 0)> <Delay = 0.00>
ST_8 : Operation 114 [2/2] (0.00ns)   --->   "%img_3_load = load i8 %img_3_addr" [bnn.cpp:58]   --->   Operation 114 'load' 'img_3_load' <Predicate = (trunc_ln51 == 0)> <Delay = 0.00> <CoreInst = "RAM">   --->   Core 82 'RAM' <Latency = 1> <II = 1> <Delay = 1.23> <Storage> <Opcode : 'load' 'store'> <Ports = 2> <Width = 32> <Depth = 256> <RAM>
ST_8 : Operation 115 [1/1] (0.00ns)   --->   "%add_ln58_2 = bitconcatenate i8 @_ssdm_op_BitConcatenate.i8.i5.i3, i5 %trunc_ln58, i3 %lshr_ln58_1" [bnn.cpp:58]   --->   Operation 115 'bitconcatenate' 'add_ln58_2' <Predicate = (!tmp_39)> <Delay = 0.00>
ST_8 : Operation 116 [1/1] (0.00ns)   --->   "%zext_ln58_1 = zext i8 %add_ln58_2" [bnn.cpp:58]   --->   Operation 116 'zext' 'zext_ln58_1' <Predicate = (!tmp_39)> <Delay = 0.00>
ST_8 : Operation 117 [1/1] (0.00ns)   --->   "%img_0_addr_1 = getelementptr i32 %img_0, i64 0, i64 %zext_ln58_1" [bnn.cpp:58]   --->   Operation 117 'getelementptr' 'img_0_addr_1' <Predicate = (!tmp_39 & trunc_ln51 == 0)> <Delay = 0.00>
ST_8 : Operation 118 [2/2] (0.00ns)   --->   "%img_0_load_1 = load i8 %img_0_addr_1" [bnn.cpp:58]   --->   Operation 118 'load' 'img_0_load_1' <Predicate = (!tmp_39 & trunc_ln51 == 0)> <Delay = 0.00> <CoreInst = "RAM">   --->   Core 82 'RAM' <Latency = 1> <II = 1> <Delay = 1.23> <Storage> <Opcode : 'load' 'store'> <Ports = 2> <Width = 32> <Depth = 256> <RAM>
ST_8 : Operation 119 [1/1] (0.00ns)   --->   "%img_1_addr_1 = getelementptr i32 %img_1, i64 0, i64 %zext_ln58_1" [bnn.cpp:58]   --->   Operation 119 'getelementptr' 'img_1_addr_1' <Predicate = (!tmp_39 & trunc_ln51 == 1)> <Delay = 0.00>
ST_8 : Operation 120 [2/2] (0.00ns)   --->   "%img_1_load_1 = load i8 %img_1_addr_1" [bnn.cpp:58]   --->   Operation 120 'load' 'img_1_load_1' <Predicate = (!tmp_39 & trunc_ln51 == 1)> <Delay = 0.00> <CoreInst = "RAM">   --->   Core 82 'RAM' <Latency = 1> <II = 1> <Delay = 1.23> <Storage> <Opcode : 'load' 'store'> <Ports = 2> <Width = 32> <Depth = 256> <RAM>
ST_8 : Operation 121 [1/1] (0.00ns)   --->   "%img_2_addr_1 = getelementptr i32 %img_2, i64 0, i64 %zext_ln58_1" [bnn.cpp:58]   --->   Operation 121 'getelementptr' 'img_2_addr_1' <Predicate = (!tmp_39 & trunc_ln51 == 2)> <Delay = 0.00>
ST_8 : Operation 122 [2/2] (0.00ns)   --->   "%img_2_load_1 = load i8 %img_2_addr_1" [bnn.cpp:58]   --->   Operation 122 'load' 'img_2_load_1' <Predicate = (!tmp_39 & trunc_ln51 == 2)> <Delay = 0.00> <CoreInst = "RAM">   --->   Core 82 'RAM' <Latency = 1> <II = 1> <Delay = 1.23> <Storage> <Opcode : 'load' 'store'> <Ports = 2> <Width = 32> <Depth = 256> <RAM>
ST_8 : Operation 123 [1/1] (0.00ns)   --->   "%img_3_addr_1 = getelementptr i32 %img_3, i64 0, i64 %zext_ln58_1" [bnn.cpp:58]   --->   Operation 123 'getelementptr' 'img_3_addr_1' <Predicate = (!tmp_39 & trunc_ln51 == 3)> <Delay = 0.00>
ST_8 : Operation 124 [2/2] (0.00ns)   --->   "%img_3_load_1 = load i8 %img_3_addr_1" [bnn.cpp:58]   --->   Operation 124 'load' 'img_3_load_1' <Predicate = (!tmp_39 & trunc_ln51 == 3)> <Delay = 0.00> <CoreInst = "RAM">   --->   Core 82 'RAM' <Latency = 1> <II = 1> <Delay = 1.23> <Storage> <Opcode : 'load' 'store'> <Ports = 2> <Width = 32> <Depth = 256> <RAM>
ST_8 : Operation 125 [1/1] (0.00ns)   --->   "%zext_ln58_2 = zext i4 %lshr_ln58_2" [bnn.cpp:58]   --->   Operation 125 'zext' 'zext_ln58_2' <Predicate = true> <Delay = 0.00>
ST_8 : Operation 126 [1/1] (0.76ns)   --->   "%add_ln58_3 = add i8 %zext_ln58_2, i8 %shl_ln1" [bnn.cpp:58]   --->   Operation 126 'add' 'add_ln58_3' <Predicate = (icmp_ln57)> <Delay = 0.76> <CoreInst = "Adder">   --->   Core 1 'Adder' <Latency = 0> <II = 1> <Delay = 0.76> <FuncUnit> <Opcode : 'add' 'sub'> <InPorts = 2> <OutPorts = 1>
ST_8 : Operation 127 [1/1] (0.00ns)   --->   "%zext_ln58_3 = zext i8 %add_ln58_3" [bnn.cpp:58]   --->   Operation 127 'zext' 'zext_ln58_3' <Predicate = (icmp_ln57)> <Delay = 0.00>
ST_8 : Operation 128 [1/1] (0.00ns)   --->   "%img_0_addr_2 = getelementptr i32 %img_0, i64 0, i64 %zext_ln58_3" [bnn.cpp:58]   --->   Operation 128 'getelementptr' 'img_0_addr_2' <Predicate = (icmp_ln57 & trunc_ln51 == 3)> <Delay = 0.00>
ST_8 : Operation 129 [2/2] (0.00ns)   --->   "%img_0_load_2 = load i8 %img_0_addr_2" [bnn.cpp:58]   --->   Operation 129 'load' 'img_0_load_2' <Predicate = (icmp_ln57 & trunc_ln51 == 3)> <Delay = 0.00> <CoreInst = "RAM">   --->   Core 82 'RAM' <Latency = 1> <II = 1> <Delay = 1.23> <Storage> <Opcode : 'load' 'store'> <Ports = 2> <Width = 32> <Depth = 256> <RAM>
ST_8 : Operation 130 [1/1] (0.00ns)   --->   "%img_1_addr_2 = getelementptr i32 %img_1, i64 0, i64 %zext_ln58_3" [bnn.cpp:58]   --->   Operation 130 'getelementptr' 'img_1_addr_2' <Predicate = (icmp_ln57 & trunc_ln51 == 0)> <Delay = 0.00>
ST_8 : Operation 131 [2/2] (0.00ns)   --->   "%img_1_load_2 = load i8 %img_1_addr_2" [bnn.cpp:58]   --->   Operation 131 'load' 'img_1_load_2' <Predicate = (icmp_ln57 & trunc_ln51 == 0)> <Delay = 0.00> <CoreInst = "RAM">   --->   Core 82 'RAM' <Latency = 1> <II = 1> <Delay = 1.23> <Storage> <Opcode : 'load' 'store'> <Ports = 2> <Width = 32> <Depth = 256> <RAM>
ST_8 : Operation 132 [1/1] (0.00ns)   --->   "%img_2_addr_2 = getelementptr i32 %img_2, i64 0, i64 %zext_ln58_3" [bnn.cpp:58]   --->   Operation 132 'getelementptr' 'img_2_addr_2' <Predicate = (icmp_ln57 & trunc_ln51 == 1)> <Delay = 0.00>
ST_8 : Operation 133 [2/2] (0.00ns)   --->   "%img_2_load_2 = load i8 %img_2_addr_2" [bnn.cpp:58]   --->   Operation 133 'load' 'img_2_load_2' <Predicate = (icmp_ln57 & trunc_ln51 == 1)> <Delay = 0.00> <CoreInst = "RAM">   --->   Core 82 'RAM' <Latency = 1> <II = 1> <Delay = 1.23> <Storage> <Opcode : 'load' 'store'> <Ports = 2> <Width = 32> <Depth = 256> <RAM>
ST_8 : Operation 134 [1/1] (0.00ns)   --->   "%img_3_addr_2 = getelementptr i32 %img_3, i64 0, i64 %zext_ln58_3" [bnn.cpp:58]   --->   Operation 134 'getelementptr' 'img_3_addr_2' <Predicate = (icmp_ln57 & trunc_ln51 == 2)> <Delay = 0.00>
ST_8 : Operation 135 [2/2] (0.00ns)   --->   "%img_3_load_2 = load i8 %img_3_addr_2" [bnn.cpp:58]   --->   Operation 135 'load' 'img_3_load_2' <Predicate = (icmp_ln57 & trunc_ln51 == 2)> <Delay = 0.00> <CoreInst = "RAM">   --->   Core 82 'RAM' <Latency = 1> <II = 1> <Delay = 1.23> <Storage> <Opcode : 'load' 'store'> <Ports = 2> <Width = 32> <Depth = 256> <RAM>
ST_8 : Operation 136 [1/1] (0.76ns)   --->   "%add_ln58_4 = add i8 %sext_ln58, i8 %shl_ln58_1" [bnn.cpp:58]   --->   Operation 136 'add' 'add_ln58_4' <Predicate = (!tmp_44)> <Delay = 0.76> <CoreInst = "Adder">   --->   Core 1 'Adder' <Latency = 0> <II = 1> <Delay = 0.76> <FuncUnit> <Opcode : 'add' 'sub'> <InPorts = 2> <OutPorts = 1>
ST_8 : Operation 137 [1/1] (0.00ns)   --->   "%zext_ln58_4 = zext i8 %add_ln58_4" [bnn.cpp:58]   --->   Operation 137 'zext' 'zext_ln58_4' <Predicate = (!tmp_44)> <Delay = 0.00>
ST_8 : Operation 138 [1/1] (0.00ns)   --->   "%img_0_addr_3 = getelementptr i32 %img_0, i64 0, i64 %zext_ln58_4" [bnn.cpp:58]   --->   Operation 138 'getelementptr' 'img_0_addr_3' <Predicate = (!tmp_44 & trunc_ln51 == 1)> <Delay = 0.00>
ST_8 : Operation 139 [2/2] (0.00ns)   --->   "%img_0_load_3 = load i8 %img_0_addr_3" [bnn.cpp:58]   --->   Operation 139 'load' 'img_0_load_3' <Predicate = (!tmp_44 & trunc_ln51 == 1)> <Delay = 0.00> <CoreInst = "RAM">   --->   Core 82 'RAM' <Latency = 1> <II = 1> <Delay = 1.23> <Storage> <Opcode : 'load' 'store'> <Ports = 2> <Width = 32> <Depth = 256> <RAM>
ST_8 : Operation 140 [1/1] (0.00ns)   --->   "%img_1_addr_3 = getelementptr i32 %img_1, i64 0, i64 %zext_ln58_4" [bnn.cpp:58]   --->   Operation 140 'getelementptr' 'img_1_addr_3' <Predicate = (!tmp_44 & trunc_ln51 == 2)> <Delay = 0.00>
ST_8 : Operation 141 [2/2] (0.00ns)   --->   "%img_1_load_3 = load i8 %img_1_addr_3" [bnn.cpp:58]   --->   Operation 141 'load' 'img_1_load_3' <Predicate = (!tmp_44 & trunc_ln51 == 2)> <Delay = 0.00> <CoreInst = "RAM">   --->   Core 82 'RAM' <Latency = 1> <II = 1> <Delay = 1.23> <Storage> <Opcode : 'load' 'store'> <Ports = 2> <Width = 32> <Depth = 256> <RAM>
ST_8 : Operation 142 [1/1] (0.00ns)   --->   "%img_2_addr_3 = getelementptr i32 %img_2, i64 0, i64 %zext_ln58_4" [bnn.cpp:58]   --->   Operation 142 'getelementptr' 'img_2_addr_3' <Predicate = (!tmp_44 & trunc_ln51 == 3)> <Delay = 0.00>
ST_8 : Operation 143 [2/2] (0.00ns)   --->   "%img_2_load_3 = load i8 %img_2_addr_3" [bnn.cpp:58]   --->   Operation 143 'load' 'img_2_load_3' <Predicate = (!tmp_44 & trunc_ln51 == 3)> <Delay = 0.00> <CoreInst = "RAM">   --->   Core 82 'RAM' <Latency = 1> <II = 1> <Delay = 1.23> <Storage> <Opcode : 'load' 'store'> <Ports = 2> <Width = 32> <Depth = 256> <RAM>
ST_8 : Operation 144 [1/1] (0.00ns)   --->   "%img_3_addr_3 = getelementptr i32 %img_3, i64 0, i64 %zext_ln58_4" [bnn.cpp:58]   --->   Operation 144 'getelementptr' 'img_3_addr_3' <Predicate = (!tmp_44 & trunc_ln51 == 0)> <Delay = 0.00>
ST_8 : Operation 145 [2/2] (0.00ns)   --->   "%img_3_load_3 = load i8 %img_3_addr_3" [bnn.cpp:58]   --->   Operation 145 'load' 'img_3_load_3' <Predicate = (!tmp_44 & trunc_ln51 == 0)> <Delay = 0.00> <CoreInst = "RAM">   --->   Core 82 'RAM' <Latency = 1> <II = 1> <Delay = 1.23> <Storage> <Opcode : 'load' 'store'> <Ports = 2> <Width = 32> <Depth = 256> <RAM>
ST_8 : Operation 146 [4/11] (1.61ns)   --->   "%urem_ln58 = urem i7 %add_ln58_5, i7 5" [bnn.cpp:58]   --->   Operation 146 'urem' 'urem_ln58' <Predicate = true> <Delay = 1.61> <CoreInst = "Divider">   --->   Core 6 'Divider' <Latency = 10> <II = 1> <Delay = 1.61> <FuncUnit> <Opcode : 'udiv' 'sdiv' 'urem' 'srem'> <InPorts = 2> <OutPorts = 1>
ST_8 : Operation 147 [1/1] (0.00ns)   --->   "%add_ln58_7 = bitconcatenate i8 @_ssdm_op_BitConcatenate.i8.i5.i3, i5 %trunc_ln63, i3 %lshr_ln58_1" [bnn.cpp:58]   --->   Operation 147 'bitconcatenate' 'add_ln58_7' <Predicate = true> <Delay = 0.00>
ST_8 : Operation 148 [1/1] (0.00ns)   --->   "%zext_ln58_8 = zext i8 %add_ln58_7" [bnn.cpp:58]   --->   Operation 148 'zext' 'zext_ln58_8' <Predicate = true> <Delay = 0.00>
ST_8 : Operation 149 [1/1] (0.00ns)   --->   "%img_0_addr_4 = getelementptr i32 %img_0, i64 0, i64 %zext_ln58_8" [bnn.cpp:58]   --->   Operation 149 'getelementptr' 'img_0_addr_4' <Predicate = (trunc_ln51 == 0)> <Delay = 0.00>
ST_8 : Operation 150 [2/2] (0.00ns)   --->   "%img_0_load_4 = load i8 %img_0_addr_4" [bnn.cpp:58]   --->   Operation 150 'load' 'img_0_load_4' <Predicate = (trunc_ln51 == 0)> <Delay = 0.00> <CoreInst = "RAM">   --->   Core 82 'RAM' <Latency = 1> <II = 1> <Delay = 1.23> <Storage> <Opcode : 'load' 'store'> <Ports = 2> <Width = 32> <Depth = 256> <RAM>
ST_8 : Operation 151 [1/1] (0.00ns)   --->   "%img_1_addr_4 = getelementptr i32 %img_1, i64 0, i64 %zext_ln58_8" [bnn.cpp:58]   --->   Operation 151 'getelementptr' 'img_1_addr_4' <Predicate = (trunc_ln51 == 1)> <Delay = 0.00>
ST_8 : Operation 152 [2/2] (0.00ns)   --->   "%img_1_load_4 = load i8 %img_1_addr_4" [bnn.cpp:58]   --->   Operation 152 'load' 'img_1_load_4' <Predicate = (trunc_ln51 == 1)> <Delay = 0.00> <CoreInst = "RAM">   --->   Core 82 'RAM' <Latency = 1> <II = 1> <Delay = 1.23> <Storage> <Opcode : 'load' 'store'> <Ports = 2> <Width = 32> <Depth = 256> <RAM>
ST_8 : Operation 153 [1/1] (0.00ns)   --->   "%img_2_addr_4 = getelementptr i32 %img_2, i64 0, i64 %zext_ln58_8" [bnn.cpp:58]   --->   Operation 153 'getelementptr' 'img_2_addr_4' <Predicate = (trunc_ln51 == 2)> <Delay = 0.00>
ST_8 : Operation 154 [2/2] (0.00ns)   --->   "%img_2_load_4 = load i8 %img_2_addr_4" [bnn.cpp:58]   --->   Operation 154 'load' 'img_2_load_4' <Predicate = (trunc_ln51 == 2)> <Delay = 0.00> <CoreInst = "RAM">   --->   Core 82 'RAM' <Latency = 1> <II = 1> <Delay = 1.23> <Storage> <Opcode : 'load' 'store'> <Ports = 2> <Width = 32> <Depth = 256> <RAM>
ST_8 : Operation 155 [1/1] (0.00ns)   --->   "%img_3_addr_4 = getelementptr i32 %img_3, i64 0, i64 %zext_ln58_8" [bnn.cpp:58]   --->   Operation 155 'getelementptr' 'img_3_addr_4' <Predicate = (trunc_ln51 == 3)> <Delay = 0.00>
ST_8 : Operation 156 [2/2] (0.00ns)   --->   "%img_3_load_4 = load i8 %img_3_addr_4" [bnn.cpp:58]   --->   Operation 156 'load' 'img_3_load_4' <Predicate = (trunc_ln51 == 3)> <Delay = 0.00> <CoreInst = "RAM">   --->   Core 82 'RAM' <Latency = 1> <II = 1> <Delay = 1.23> <Storage> <Opcode : 'load' 'store'> <Ports = 2> <Width = 32> <Depth = 256> <RAM>
ST_8 : Operation 157 [1/1] (0.76ns)   --->   "%add_ln58_8 = add i8 %zext_ln58_2, i8 %shl_ln58_1" [bnn.cpp:58]   --->   Operation 157 'add' 'add_ln58_8' <Predicate = true> <Delay = 0.76> <CoreInst = "Adder">   --->   Core 1 'Adder' <Latency = 0> <II = 1> <Delay = 0.76> <FuncUnit> <Opcode : 'add' 'sub'> <InPorts = 2> <OutPorts = 1>
ST_8 : Operation 158 [1/1] (0.00ns)   --->   "%zext_ln58_9 = zext i8 %add_ln58_8" [bnn.cpp:58]   --->   Operation 158 'zext' 'zext_ln58_9' <Predicate = true> <Delay = 0.00>
ST_8 : Operation 159 [1/1] (0.00ns)   --->   "%img_0_addr_5 = getelementptr i32 %img_0, i64 0, i64 %zext_ln58_9" [bnn.cpp:58]   --->   Operation 159 'getelementptr' 'img_0_addr_5' <Predicate = (trunc_ln51 == 3)> <Delay = 0.00>
ST_8 : Operation 160 [2/2] (0.00ns)   --->   "%img_0_load_5 = load i8 %img_0_addr_5" [bnn.cpp:58]   --->   Operation 160 'load' 'img_0_load_5' <Predicate = (trunc_ln51 == 3)> <Delay = 0.00> <CoreInst = "RAM">   --->   Core 82 'RAM' <Latency = 1> <II = 1> <Delay = 1.23> <Storage> <Opcode : 'load' 'store'> <Ports = 2> <Width = 32> <Depth = 256> <RAM>
ST_8 : Operation 161 [1/1] (0.00ns)   --->   "%img_1_addr_5 = getelementptr i32 %img_1, i64 0, i64 %zext_ln58_9" [bnn.cpp:58]   --->   Operation 161 'getelementptr' 'img_1_addr_5' <Predicate = (trunc_ln51 == 0)> <Delay = 0.00>
ST_8 : Operation 162 [2/2] (0.00ns)   --->   "%img_1_load_5 = load i8 %img_1_addr_5" [bnn.cpp:58]   --->   Operation 162 'load' 'img_1_load_5' <Predicate = (trunc_ln51 == 0)> <Delay = 0.00> <CoreInst = "RAM">   --->   Core 82 'RAM' <Latency = 1> <II = 1> <Delay = 1.23> <Storage> <Opcode : 'load' 'store'> <Ports = 2> <Width = 32> <Depth = 256> <RAM>
ST_8 : Operation 163 [1/1] (0.00ns)   --->   "%img_2_addr_5 = getelementptr i32 %img_2, i64 0, i64 %zext_ln58_9" [bnn.cpp:58]   --->   Operation 163 'getelementptr' 'img_2_addr_5' <Predicate = (trunc_ln51 == 1)> <Delay = 0.00>
ST_8 : Operation 164 [2/2] (0.00ns)   --->   "%img_2_load_5 = load i8 %img_2_addr_5" [bnn.cpp:58]   --->   Operation 164 'load' 'img_2_load_5' <Predicate = (trunc_ln51 == 1)> <Delay = 0.00> <CoreInst = "RAM">   --->   Core 82 'RAM' <Latency = 1> <II = 1> <Delay = 1.23> <Storage> <Opcode : 'load' 'store'> <Ports = 2> <Width = 32> <Depth = 256> <RAM>
ST_8 : Operation 165 [1/1] (0.00ns)   --->   "%img_3_addr_5 = getelementptr i32 %img_3, i64 0, i64 %zext_ln58_9" [bnn.cpp:58]   --->   Operation 165 'getelementptr' 'img_3_addr_5' <Predicate = (trunc_ln51 == 2)> <Delay = 0.00>
ST_8 : Operation 166 [2/2] (0.00ns)   --->   "%img_3_load_5 = load i8 %img_3_addr_5" [bnn.cpp:58]   --->   Operation 166 'load' 'img_3_load_5' <Predicate = (trunc_ln51 == 2)> <Delay = 0.00> <CoreInst = "RAM">   --->   Core 82 'RAM' <Latency = 1> <II = 1> <Delay = 1.23> <Storage> <Opcode : 'load' 'store'> <Ports = 2> <Width = 32> <Depth = 256> <RAM>
ST_8 : Operation 167 [1/1] (0.00ns) (grouped into LUT with out node icmp_ln57_1)   --->   "%or_ln57_2 = or i6 %add_ln56_2, i6 %select_ln50_1" [bnn.cpp:57]   --->   Operation 167 'or' 'or_ln57_2' <Predicate = true> <Delay = 0.00> <CoreInst = "LogicGate">   --->   Core 74 'LogicGate' <Latency = 0> <II = 1> <Delay = 0.35> <FuncUnit> <Opcode : 'and' 'or' 'xor'> <InPorts = 2> <OutPorts = 1>
ST_8 : Operation 168 [1/1] (0.00ns) (grouped into LUT with out node icmp_ln57_1)   --->   "%tmp_48 = bitselect i1 @_ssdm_op_BitSelect.i1.i6.i32, i6 %or_ln57_2, i32 5" [bnn.cpp:57]   --->   Operation 168 'bitselect' 'tmp_48' <Predicate = true> <Delay = 0.00>
ST_8 : Operation 169 [1/1] (0.00ns) (grouped into LUT with out node icmp_ln57_1)   --->   "%tmp_49 = bitconcatenate i2 @_ssdm_op_BitConcatenate.i2.i1.i1, i1 %tmp_44, i1 %tmp_48" [bnn.cpp:57]   --->   Operation 169 'bitconcatenate' 'tmp_49' <Predicate = true> <Delay = 0.00>
ST_8 : Operation 170 [1/1] (0.54ns) (out node of the LUT)   --->   "%icmp_ln57_1 = icmp_eq  i2 %tmp_49, i2 0" [bnn.cpp:57]   --->   Operation 170 'icmp' 'icmp_ln57_1' <Predicate = true> <Delay = 0.54> <CoreInst = "Cmp">   --->   Core 9 'Cmp' <Latency = 0> <II = 1> <Delay = 0.54> <FuncUnit> <Opcode : 'seteq' 'setne' 'setle' 'setge' 'setlt' 'setgt'> <InPorts = 2> <OutPorts = 1>
ST_8 : Operation 171 [1/1] (0.76ns)   --->   "%add_ln58_9 = add i8 %sext_ln58, i8 %add_ln58" [bnn.cpp:58]   --->   Operation 171 'add' 'add_ln58_9' <Predicate = true> <Delay = 0.76> <CoreInst = "Adder">   --->   Core 1 'Adder' <Latency = 0> <II = 1> <Delay = 0.76> <FuncUnit> <Opcode : 'add' 'sub'> <InPorts = 2> <OutPorts = 1>
ST_8 : Operation 172 [1/1] (0.00ns)   --->   "%tmp_s = partselect i5 @_ssdm_op_PartSelect.i5.i8.i32.i32, i8 %add_ln58, i32 3, i32 7" [bnn.cpp:58]   --->   Operation 172 'partselect' 'tmp_s' <Predicate = true> <Delay = 0.00>
ST_8 : Operation 173 [1/1] (0.76ns)   --->   "%add_ln58_10 = add i8 %zext_ln58_2, i8 %add_ln58" [bnn.cpp:58]   --->   Operation 173 'add' 'add_ln58_10' <Predicate = true> <Delay = 0.76> <CoreInst = "Adder">   --->   Core 1 'Adder' <Latency = 0> <II = 1> <Delay = 0.76> <FuncUnit> <Opcode : 'add' 'sub'> <InPorts = 2> <OutPorts = 1>

State 9 <SV = 8> <Delay = 6.38>
ST_9 : Operation 174 [1/1] (0.00ns) (grouped into LUT with out node acc_2)   --->   "%or_ln57 = or i6 %add_ln56_2, i6 %add_ln56" [bnn.cpp:57]   --->   Operation 174 'or' 'or_ln57' <Predicate = true> <Delay = 0.00> <CoreInst = "LogicGate">   --->   Core 74 'LogicGate' <Latency = 0> <II = 1> <Delay = 0.35> <FuncUnit> <Opcode : 'and' 'or' 'xor'> <InPorts = 2> <OutPorts = 1>
ST_9 : Operation 175 [1/1] (0.00ns) (grouped into LUT with out node acc_2)   --->   "%tmp_41 = bitselect i1 @_ssdm_op_BitSelect.i1.i6.i32, i6 %or_ln57, i32 5" [bnn.cpp:57]   --->   Operation 175 'bitselect' 'tmp_41' <Predicate = true> <Delay = 0.00>
ST_9 : Operation 176 [1/2] ( I:0.00ns O:0.00ns )   --->   "%img_0_load = load i8 %img_0_addr" [bnn.cpp:58]   --->   Operation 176 'load' 'img_0_load' <Predicate = (trunc_ln51 == 1)> <Delay = 0.00> <CoreInst = "RAM">   --->   Core 82 'RAM' <Latency = 1> <II = 1> <Delay = 1.23> <Storage> <Opcode : 'load' 'store'> <Ports = 2> <Width = 32> <Depth = 256> <RAM>
ST_9 : Operation 177 [1/2] ( I:0.00ns O:0.00ns )   --->   "%img_1_load = load i8 %img_1_addr" [bnn.cpp:58]   --->   Operation 177 'load' 'img_1_load' <Predicate = (trunc_ln51 == 2)> <Delay = 0.00> <CoreInst = "RAM">   --->   Core 82 'RAM' <Latency = 1> <II = 1> <Delay = 1.23> <Storage> <Opcode : 'load' 'store'> <Ports = 2> <Width = 32> <Depth = 256> <RAM>
ST_9 : Operation 178 [1/2] ( I:0.00ns O:0.00ns )   --->   "%img_2_load = load i8 %img_2_addr" [bnn.cpp:58]   --->   Operation 178 'load' 'img_2_load' <Predicate = (trunc_ln51 == 3)> <Delay = 0.00> <CoreInst = "RAM">   --->   Core 82 'RAM' <Latency = 1> <II = 1> <Delay = 1.23> <Storage> <Opcode : 'load' 'store'> <Ports = 2> <Width = 32> <Depth = 256> <RAM>
ST_9 : Operation 179 [1/2] ( I:0.00ns O:0.00ns )   --->   "%img_3_load = load i8 %img_3_addr" [bnn.cpp:58]   --->   Operation 179 'load' 'img_3_load' <Predicate = (trunc_ln51 == 0)> <Delay = 0.00> <CoreInst = "RAM">   --->   Core 82 'RAM' <Latency = 1> <II = 1> <Delay = 1.23> <Storage> <Opcode : 'load' 'store'> <Ports = 2> <Width = 32> <Depth = 256> <RAM>
ST_9 : Operation 180 [1/1] (0.52ns)   --->   "%v = sparsemux i32 @_ssdm_op_SparseMux.ap_auto.4i32.i32.i2, i2 1, i32 %img_0_load, i2 2, i32 %img_1_load, i2 3, i32 %img_2_load, i2 0, i32 %img_3_load, i32 0, i2 %trunc_ln51" [bnn.cpp:58]   --->   Operation 180 'sparsemux' 'v' <Predicate = true> <Delay = 0.52> <CoreInst = "BinarySparseMux_DontCare">   --->   Core 149 'BinarySparseMux_DontCare' <Latency = 0> <II = 1> <Delay = 0.52> <FuncUnit> <Opcode : 'sparsemux'> <InPorts = 2> <OutPorts = 1>
ST_9 : Operation 181 [1/1] (1.01ns)   --->   "%acc = sub i32 0, i32 %v" [bnn.cpp:60]   --->   Operation 181 'sub' 'acc' <Predicate = (!cmp)> <Delay = 1.01> <CoreInst = "Adder">   --->   Core 1 'Adder' <Latency = 0> <II = 1> <Delay = 1.01> <FuncUnit> <Opcode : 'add' 'sub'> <InPorts = 2> <OutPorts = 1>
ST_9 : Operation 182 [1/1] (0.00ns) (grouped into LUT with out node acc_2)   --->   "%acc_22 = select i1 %cmp, i32 %v, i32 %acc" [bnn.cpp:59]   --->   Operation 182 'select' 'acc_22' <Predicate = true> <Delay = 0.00> <CoreInst = "Sel">   --->   Core 73 'Sel' <Latency = 0> <II = 1> <Delay = 0.44> <FuncUnit> <Opcode : 'select'> <InPorts = 3> <OutPorts = 1>
ST_9 : Operation 183 [1/1] (0.44ns) (out node of the LUT)   --->   "%acc_2 = select i1 %tmp_41, i32 0, i32 %acc_22" [bnn.cpp:57]   --->   Operation 183 'select' 'acc_2' <Predicate = true> <Delay = 0.44> <CoreInst = "Sel">   --->   Core 73 'Sel' <Latency = 0> <II = 1> <Delay = 0.44> <FuncUnit> <Opcode : 'select'> <InPorts = 3> <OutPorts = 1>
ST_9 : Operation 184 [1/2] ( I:0.00ns O:0.00ns )   --->   "%img_0_load_1 = load i8 %img_0_addr_1" [bnn.cpp:58]   --->   Operation 184 'load' 'img_0_load_1' <Predicate = (!tmp_39 & trunc_ln51 == 0)> <Delay = 0.00> <CoreInst = "RAM">   --->   Core 82 'RAM' <Latency = 1> <II = 1> <Delay = 1.23> <Storage> <Opcode : 'load' 'store'> <Ports = 2> <Width = 32> <Depth = 256> <RAM>
ST_9 : Operation 185 [1/2] ( I:0.00ns O:0.00ns )   --->   "%img_1_load_1 = load i8 %img_1_addr_1" [bnn.cpp:58]   --->   Operation 185 'load' 'img_1_load_1' <Predicate = (!tmp_39 & trunc_ln51 == 1)> <Delay = 0.00> <CoreInst = "RAM">   --->   Core 82 'RAM' <Latency = 1> <II = 1> <Delay = 1.23> <Storage> <Opcode : 'load' 'store'> <Ports = 2> <Width = 32> <Depth = 256> <RAM>
ST_9 : Operation 186 [1/2] ( I:0.00ns O:0.00ns )   --->   "%img_2_load_1 = load i8 %img_2_addr_1" [bnn.cpp:58]   --->   Operation 186 'load' 'img_2_load_1' <Predicate = (!tmp_39 & trunc_ln51 == 2)> <Delay = 0.00> <CoreInst = "RAM">   --->   Core 82 'RAM' <Latency = 1> <II = 1> <Delay = 1.23> <Storage> <Opcode : 'load' 'store'> <Ports = 2> <Width = 32> <Depth = 256> <RAM>
ST_9 : Operation 187 [1/2] ( I:0.00ns O:0.00ns )   --->   "%img_3_load_1 = load i8 %img_3_addr_1" [bnn.cpp:58]   --->   Operation 187 'load' 'img_3_load_1' <Predicate = (!tmp_39 & trunc_ln51 == 3)> <Delay = 0.00> <CoreInst = "RAM">   --->   Core 82 'RAM' <Latency = 1> <II = 1> <Delay = 1.23> <Storage> <Opcode : 'load' 'store'> <Ports = 2> <Width = 32> <Depth = 256> <RAM>
ST_9 : Operation 188 [1/1] (0.52ns)   --->   "%v_1 = sparsemux i32 @_ssdm_op_SparseMux.ap_auto.4i32.i32.i2, i2 0, i32 %img_0_load_1, i2 1, i32 %img_1_load_1, i2 2, i32 %img_2_load_1, i2 3, i32 %img_3_load_1, i32 0, i2 %trunc_ln51" [bnn.cpp:58]   --->   Operation 188 'sparsemux' 'v_1' <Predicate = (!tmp_39)> <Delay = 0.52> <CoreInst = "BinarySparseMux_DontCare">   --->   Core 149 'BinarySparseMux_DontCare' <Latency = 0> <II = 1> <Delay = 0.52> <FuncUnit> <Opcode : 'sparsemux'> <InPorts = 2> <OutPorts = 1>
ST_9 : Operation 189 [1/1] (1.01ns)   --->   "%acc_27 = add i32 %v_1, i32 %acc_2" [bnn.cpp:59]   --->   Operation 189 'add' 'acc_27' <Predicate = (!tmp_39 & cmp38_s)> <Delay = 1.01> <CoreInst = "Adder">   --->   Core 1 'Adder' <Latency = 0> <II = 1> <Delay = 1.01> <FuncUnit> <Opcode : 'add' 'sub'> <InPorts = 2> <OutPorts = 1>
ST_9 : Operation 190 [1/1] (1.01ns)   --->   "%acc_29 = sub i32 %acc_2, i32 %v_1" [bnn.cpp:60]   --->   Operation 190 'sub' 'acc_29' <Predicate = (!tmp_39 & !cmp38_s)> <Delay = 1.01> <CoreInst = "Adder">   --->   Core 1 'Adder' <Latency = 0> <II = 1> <Delay = 1.01> <FuncUnit> <Opcode : 'add' 'sub'> <InPorts = 2> <OutPorts = 1>
ST_9 : Operation 191 [1/1] (0.00ns) (grouped into LUT with out node acc_6)   --->   "%acc_35 = select i1 %cmp38_s, i32 %acc_27, i32 %acc_29" [bnn.cpp:59]   --->   Operation 191 'select' 'acc_35' <Predicate = (!tmp_39)> <Delay = 0.00> <CoreInst = "Sel">   --->   Core 73 'Sel' <Latency = 0> <II = 1> <Delay = 0.44> <FuncUnit> <Opcode : 'select'> <InPorts = 3> <OutPorts = 1>
ST_9 : Operation 192 [1/1] (0.44ns) (out node of the LUT)   --->   "%acc_6 = select i1 %tmp_39, i32 %acc_2, i32 %acc_35" [bnn.cpp:57]   --->   Operation 192 'select' 'acc_6' <Predicate = true> <Delay = 0.44> <CoreInst = "Sel">   --->   Core 73 'Sel' <Latency = 0> <II = 1> <Delay = 0.44> <FuncUnit> <Opcode : 'select'> <InPorts = 3> <OutPorts = 1>
ST_9 : Operation 193 [1/2] ( I:0.00ns O:0.00ns )   --->   "%img_0_load_2 = load i8 %img_0_addr_2" [bnn.cpp:58]   --->   Operation 193 'load' 'img_0_load_2' <Predicate = (icmp_ln57 & trunc_ln51 == 3)> <Delay = 0.00> <CoreInst = "RAM">   --->   Core 82 'RAM' <Latency = 1> <II = 1> <Delay = 1.23> <Storage> <Opcode : 'load' 'store'> <Ports = 2> <Width = 32> <Depth = 256> <RAM>
ST_9 : Operation 194 [1/2] ( I:0.00ns O:0.00ns )   --->   "%img_1_load_2 = load i8 %img_1_addr_2" [bnn.cpp:58]   --->   Operation 194 'load' 'img_1_load_2' <Predicate = (icmp_ln57 & trunc_ln51 == 0)> <Delay = 0.00> <CoreInst = "RAM">   --->   Core 82 'RAM' <Latency = 1> <II = 1> <Delay = 1.23> <Storage> <Opcode : 'load' 'store'> <Ports = 2> <Width = 32> <Depth = 256> <RAM>
ST_9 : Operation 195 [1/2] ( I:0.00ns O:0.00ns )   --->   "%img_2_load_2 = load i8 %img_2_addr_2" [bnn.cpp:58]   --->   Operation 195 'load' 'img_2_load_2' <Predicate = (icmp_ln57 & trunc_ln51 == 1)> <Delay = 0.00> <CoreInst = "RAM">   --->   Core 82 'RAM' <Latency = 1> <II = 1> <Delay = 1.23> <Storage> <Opcode : 'load' 'store'> <Ports = 2> <Width = 32> <Depth = 256> <RAM>
ST_9 : Operation 196 [1/2] ( I:0.00ns O:0.00ns )   --->   "%img_3_load_2 = load i8 %img_3_addr_2" [bnn.cpp:58]   --->   Operation 196 'load' 'img_3_load_2' <Predicate = (icmp_ln57 & trunc_ln51 == 2)> <Delay = 0.00> <CoreInst = "RAM">   --->   Core 82 'RAM' <Latency = 1> <II = 1> <Delay = 1.23> <Storage> <Opcode : 'load' 'store'> <Ports = 2> <Width = 32> <Depth = 256> <RAM>
ST_9 : Operation 197 [1/1] (0.52ns)   --->   "%v_2 = sparsemux i32 @_ssdm_op_SparseMux.ap_auto.4i32.i32.i2, i2 3, i32 %img_0_load_2, i2 0, i32 %img_1_load_2, i2 1, i32 %img_2_load_2, i2 2, i32 %img_3_load_2, i32 0, i2 %trunc_ln51" [bnn.cpp:58]   --->   Operation 197 'sparsemux' 'v_2' <Predicate = (icmp_ln57)> <Delay = 0.52> <CoreInst = "BinarySparseMux_DontCare">   --->   Core 149 'BinarySparseMux_DontCare' <Latency = 0> <II = 1> <Delay = 0.52> <FuncUnit> <Opcode : 'sparsemux'> <InPorts = 2> <OutPorts = 1>
ST_9 : Operation 198 [1/1] (1.01ns)   --->   "%acc_37 = add i32 %v_2, i32 %acc_6" [bnn.cpp:59]   --->   Operation 198 'add' 'acc_37' <Predicate = (icmp_ln57 & cmp38_3)> <Delay = 1.01> <CoreInst = "Adder">   --->   Core 1 'Adder' <Latency = 0> <II = 1> <Delay = 1.01> <FuncUnit> <Opcode : 'add' 'sub'> <InPorts = 2> <OutPorts = 1>
ST_9 : Operation 199 [1/1] (1.01ns)   --->   "%acc_41 = sub i32 %acc_6, i32 %v_2" [bnn.cpp:60]   --->   Operation 199 'sub' 'acc_41' <Predicate = (icmp_ln57 & !cmp38_3)> <Delay = 1.01> <CoreInst = "Adder">   --->   Core 1 'Adder' <Latency = 0> <II = 1> <Delay = 1.01> <FuncUnit> <Opcode : 'add' 'sub'> <InPorts = 2> <OutPorts = 1>
ST_9 : Operation 200 [1/1] (0.00ns) (grouped into LUT with out node acc_10)   --->   "%acc_42 = select i1 %cmp38_3, i32 %acc_37, i32 %acc_41" [bnn.cpp:59]   --->   Operation 200 'select' 'acc_42' <Predicate = (icmp_ln57)> <Delay = 0.00> <CoreInst = "Sel">   --->   Core 73 'Sel' <Latency = 0> <II = 1> <Delay = 0.44> <FuncUnit> <Opcode : 'select'> <InPorts = 3> <OutPorts = 1>
ST_9 : Operation 201 [1/1] (0.44ns) (out node of the LUT)   --->   "%acc_10 = select i1 %icmp_ln57, i32 %acc_42, i32 %acc_6" [bnn.cpp:57]   --->   Operation 201 'select' 'acc_10' <Predicate = true> <Delay = 0.44> <CoreInst = "Sel">   --->   Core 73 'Sel' <Latency = 0> <II = 1> <Delay = 0.44> <FuncUnit> <Opcode : 'select'> <InPorts = 3> <OutPorts = 1>
ST_9 : Operation 202 [1/2] ( I:0.00ns O:0.00ns )   --->   "%img_0_load_3 = load i8 %img_0_addr_3" [bnn.cpp:58]   --->   Operation 202 'load' 'img_0_load_3' <Predicate = (!tmp_44 & trunc_ln51 == 1)> <Delay = 0.00> <CoreInst = "RAM">   --->   Core 82 'RAM' <Latency = 1> <II = 1> <Delay = 1.23> <Storage> <Opcode : 'load' 'store'> <Ports = 2> <Width = 32> <Depth = 256> <RAM>
ST_9 : Operation 203 [1/2] ( I:0.00ns O:0.00ns )   --->   "%img_1_load_3 = load i8 %img_1_addr_3" [bnn.cpp:58]   --->   Operation 203 'load' 'img_1_load_3' <Predicate = (!tmp_44 & trunc_ln51 == 2)> <Delay = 0.00> <CoreInst = "RAM">   --->   Core 82 'RAM' <Latency = 1> <II = 1> <Delay = 1.23> <Storage> <Opcode : 'load' 'store'> <Ports = 2> <Width = 32> <Depth = 256> <RAM>
ST_9 : Operation 204 [1/2] ( I:0.00ns O:0.00ns )   --->   "%img_2_load_3 = load i8 %img_2_addr_3" [bnn.cpp:58]   --->   Operation 204 'load' 'img_2_load_3' <Predicate = (!tmp_44 & trunc_ln51 == 3)> <Delay = 0.00> <CoreInst = "RAM">   --->   Core 82 'RAM' <Latency = 1> <II = 1> <Delay = 1.23> <Storage> <Opcode : 'load' 'store'> <Ports = 2> <Width = 32> <Depth = 256> <RAM>
ST_9 : Operation 205 [1/2] ( I:0.00ns O:0.00ns )   --->   "%img_3_load_3 = load i8 %img_3_addr_3" [bnn.cpp:58]   --->   Operation 205 'load' 'img_3_load_3' <Predicate = (!tmp_44 & trunc_ln51 == 0)> <Delay = 0.00> <CoreInst = "RAM">   --->   Core 82 'RAM' <Latency = 1> <II = 1> <Delay = 1.23> <Storage> <Opcode : 'load' 'store'> <Ports = 2> <Width = 32> <Depth = 256> <RAM>
ST_9 : Operation 206 [1/1] (0.52ns)   --->   "%v_3 = sparsemux i32 @_ssdm_op_SparseMux.ap_auto.4i32.i32.i2, i2 1, i32 %img_0_load_3, i2 2, i32 %img_1_load_3, i2 3, i32 %img_2_load_3, i2 0, i32 %img_3_load_3, i32 0, i2 %trunc_ln51" [bnn.cpp:58]   --->   Operation 206 'sparsemux' 'v_3' <Predicate = (!tmp_44)> <Delay = 0.52> <CoreInst = "BinarySparseMux_DontCare">   --->   Core 149 'BinarySparseMux_DontCare' <Latency = 0> <II = 1> <Delay = 0.52> <FuncUnit> <Opcode : 'sparsemux'> <InPorts = 2> <OutPorts = 1>
ST_9 : Operation 207 [1/1] (1.01ns)   --->   "%acc_43 = add i32 %v_3, i32 %acc_10" [bnn.cpp:59]   --->   Operation 207 'add' 'acc_43' <Predicate = (!tmp_44 & cmp38_1)> <Delay = 1.01> <CoreInst = "Adder">   --->   Core 1 'Adder' <Latency = 0> <II = 1> <Delay = 1.01> <FuncUnit> <Opcode : 'add' 'sub'> <InPorts = 2> <OutPorts = 1>
ST_9 : Operation 208 [1/1] (1.01ns)   --->   "%acc_44 = sub i32 %acc_10, i32 %v_3" [bnn.cpp:60]   --->   Operation 208 'sub' 'acc_44' <Predicate = (!tmp_44 & !cmp38_1)> <Delay = 1.01> <CoreInst = "Adder">   --->   Core 1 'Adder' <Latency = 0> <II = 1> <Delay = 1.01> <FuncUnit> <Opcode : 'add' 'sub'> <InPorts = 2> <OutPorts = 1>
ST_9 : Operation 209 [1/1] (0.00ns) (grouped into LUT with out node acc_16)   --->   "%acc_45 = select i1 %cmp38_1, i32 %acc_43, i32 %acc_44" [bnn.cpp:59]   --->   Operation 209 'select' 'acc_45' <Predicate = (!tmp_44)> <Delay = 0.00> <CoreInst = "Sel">   --->   Core 73 'Sel' <Latency = 0> <II = 1> <Delay = 0.44> <FuncUnit> <Opcode : 'select'> <InPorts = 3> <OutPorts = 1>
ST_9 : Operation 210 [1/1] (0.44ns) (out node of the LUT)   --->   "%acc_16 = select i1 %tmp_44, i32 %acc_10, i32 %acc_45" [bnn.cpp:57]   --->   Operation 210 'select' 'acc_16' <Predicate = true> <Delay = 0.44> <CoreInst = "Sel">   --->   Core 73 'Sel' <Latency = 0> <II = 1> <Delay = 0.44> <FuncUnit> <Opcode : 'select'> <InPorts = 3> <OutPorts = 1>
ST_9 : Operation 211 [3/11] (1.61ns)   --->   "%urem_ln58 = urem i7 %add_ln58_5, i7 5" [bnn.cpp:58]   --->   Operation 211 'urem' 'urem_ln58' <Predicate = true> <Delay = 1.61> <CoreInst = "Divider">   --->   Core 6 'Divider' <Latency = 10> <II = 1> <Delay = 1.61> <FuncUnit> <Opcode : 'udiv' 'sdiv' 'urem' 'srem'> <InPorts = 2> <OutPorts = 1>
ST_9 : Operation 212 [1/2] ( I:0.00ns O:0.00ns )   --->   "%img_0_load_4 = load i8 %img_0_addr_4" [bnn.cpp:58]   --->   Operation 212 'load' 'img_0_load_4' <Predicate = (trunc_ln51 == 0)> <Delay = 0.00> <CoreInst = "RAM">   --->   Core 82 'RAM' <Latency = 1> <II = 1> <Delay = 1.23> <Storage> <Opcode : 'load' 'store'> <Ports = 2> <Width = 32> <Depth = 256> <RAM>
ST_9 : Operation 213 [1/2] ( I:0.00ns O:0.00ns )   --->   "%img_1_load_4 = load i8 %img_1_addr_4" [bnn.cpp:58]   --->   Operation 213 'load' 'img_1_load_4' <Predicate = (trunc_ln51 == 1)> <Delay = 0.00> <CoreInst = "RAM">   --->   Core 82 'RAM' <Latency = 1> <II = 1> <Delay = 1.23> <Storage> <Opcode : 'load' 'store'> <Ports = 2> <Width = 32> <Depth = 256> <RAM>
ST_9 : Operation 214 [1/2] ( I:0.00ns O:0.00ns )   --->   "%img_2_load_4 = load i8 %img_2_addr_4" [bnn.cpp:58]   --->   Operation 214 'load' 'img_2_load_4' <Predicate = (trunc_ln51 == 2)> <Delay = 0.00> <CoreInst = "RAM">   --->   Core 82 'RAM' <Latency = 1> <II = 1> <Delay = 1.23> <Storage> <Opcode : 'load' 'store'> <Ports = 2> <Width = 32> <Depth = 256> <RAM>
ST_9 : Operation 215 [1/2] ( I:0.00ns O:0.00ns )   --->   "%img_3_load_4 = load i8 %img_3_addr_4" [bnn.cpp:58]   --->   Operation 215 'load' 'img_3_load_4' <Predicate = (trunc_ln51 == 3)> <Delay = 0.00> <CoreInst = "RAM">   --->   Core 82 'RAM' <Latency = 1> <II = 1> <Delay = 1.23> <Storage> <Opcode : 'load' 'store'> <Ports = 2> <Width = 32> <Depth = 256> <RAM>
ST_9 : Operation 216 [1/1] (0.52ns)   --->   "%v_4 = sparsemux i32 @_ssdm_op_SparseMux.ap_auto.4i32.i32.i2, i2 0, i32 %img_0_load_4, i2 1, i32 %img_1_load_4, i2 2, i32 %img_2_load_4, i2 3, i32 %img_3_load_4, i32 0, i2 %trunc_ln51" [bnn.cpp:58]   --->   Operation 216 'sparsemux' 'v_4' <Predicate = true> <Delay = 0.52> <CoreInst = "BinarySparseMux_DontCare">   --->   Core 149 'BinarySparseMux_DontCare' <Latency = 0> <II = 1> <Delay = 0.52> <FuncUnit> <Opcode : 'sparsemux'> <InPorts = 2> <OutPorts = 1>
ST_9 : Operation 217 [1/2] ( I:0.00ns O:0.00ns )   --->   "%img_0_load_5 = load i8 %img_0_addr_5" [bnn.cpp:58]   --->   Operation 217 'load' 'img_0_load_5' <Predicate = (trunc_ln51 == 3)> <Delay = 0.00> <CoreInst = "RAM">   --->   Core 82 'RAM' <Latency = 1> <II = 1> <Delay = 1.23> <Storage> <Opcode : 'load' 'store'> <Ports = 2> <Width = 32> <Depth = 256> <RAM>
ST_9 : Operation 218 [1/2] ( I:0.00ns O:0.00ns )   --->   "%img_1_load_5 = load i8 %img_1_addr_5" [bnn.cpp:58]   --->   Operation 218 'load' 'img_1_load_5' <Predicate = (trunc_ln51 == 0)> <Delay = 0.00> <CoreInst = "RAM">   --->   Core 82 'RAM' <Latency = 1> <II = 1> <Delay = 1.23> <Storage> <Opcode : 'load' 'store'> <Ports = 2> <Width = 32> <Depth = 256> <RAM>
ST_9 : Operation 219 [1/2] ( I:0.00ns O:0.00ns )   --->   "%img_2_load_5 = load i8 %img_2_addr_5" [bnn.cpp:58]   --->   Operation 219 'load' 'img_2_load_5' <Predicate = (trunc_ln51 == 1)> <Delay = 0.00> <CoreInst = "RAM">   --->   Core 82 'RAM' <Latency = 1> <II = 1> <Delay = 1.23> <Storage> <Opcode : 'load' 'store'> <Ports = 2> <Width = 32> <Depth = 256> <RAM>
ST_9 : Operation 220 [1/2] ( I:0.00ns O:0.00ns )   --->   "%img_3_load_5 = load i8 %img_3_addr_5" [bnn.cpp:58]   --->   Operation 220 'load' 'img_3_load_5' <Predicate = (trunc_ln51 == 2)> <Delay = 0.00> <CoreInst = "RAM">   --->   Core 82 'RAM' <Latency = 1> <II = 1> <Delay = 1.23> <Storage> <Opcode : 'load' 'store'> <Ports = 2> <Width = 32> <Depth = 256> <RAM>
ST_9 : Operation 221 [1/1] (0.52ns)   --->   "%v_5 = sparsemux i32 @_ssdm_op_SparseMux.ap_auto.4i32.i32.i2, i2 3, i32 %img_0_load_5, i2 0, i32 %img_1_load_5, i2 1, i32 %img_2_load_5, i2 2, i32 %img_3_load_5, i32 0, i2 %trunc_ln51" [bnn.cpp:58]   --->   Operation 221 'sparsemux' 'v_5' <Predicate = true> <Delay = 0.52> <CoreInst = "BinarySparseMux_DontCare">   --->   Core 149 'BinarySparseMux_DontCare' <Latency = 0> <II = 1> <Delay = 0.52> <FuncUnit> <Opcode : 'sparsemux'> <InPorts = 2> <OutPorts = 1>
ST_9 : Operation 222 [1/1] (0.00ns)   --->   "%zext_ln58_10 = zext i8 %add_ln58_9" [bnn.cpp:58]   --->   Operation 222 'zext' 'zext_ln58_10' <Predicate = (icmp_ln57_1)> <Delay = 0.00>
ST_9 : Operation 223 [1/1] (0.00ns)   --->   "%img_0_addr_6 = getelementptr i32 %img_0, i64 0, i64 %zext_ln58_10" [bnn.cpp:58]   --->   Operation 223 'getelementptr' 'img_0_addr_6' <Predicate = (icmp_ln57_1 & trunc_ln51 == 1)> <Delay = 0.00>
ST_9 : Operation 224 [2/2] (0.00ns)   --->   "%img_0_load_6 = load i8 %img_0_addr_6" [bnn.cpp:58]   --->   Operation 224 'load' 'img_0_load_6' <Predicate = (icmp_ln57_1 & trunc_ln51 == 1)> <Delay = 0.00> <CoreInst = "RAM">   --->   Core 82 'RAM' <Latency = 1> <II = 1> <Delay = 1.23> <Storage> <Opcode : 'load' 'store'> <Ports = 2> <Width = 32> <Depth = 256> <RAM>
ST_9 : Operation 225 [1/1] (0.00ns)   --->   "%img_1_addr_6 = getelementptr i32 %img_1, i64 0, i64 %zext_ln58_10" [bnn.cpp:58]   --->   Operation 225 'getelementptr' 'img_1_addr_6' <Predicate = (icmp_ln57_1 & trunc_ln51 == 2)> <Delay = 0.00>
ST_9 : Operation 226 [2/2] (0.00ns)   --->   "%img_1_load_6 = load i8 %img_1_addr_6" [bnn.cpp:58]   --->   Operation 226 'load' 'img_1_load_6' <Predicate = (icmp_ln57_1 & trunc_ln51 == 2)> <Delay = 0.00> <CoreInst = "RAM">   --->   Core 82 'RAM' <Latency = 1> <II = 1> <Delay = 1.23> <Storage> <Opcode : 'load' 'store'> <Ports = 2> <Width = 32> <Depth = 256> <RAM>
ST_9 : Operation 227 [1/1] (0.00ns)   --->   "%img_2_addr_6 = getelementptr i32 %img_2, i64 0, i64 %zext_ln58_10" [bnn.cpp:58]   --->   Operation 227 'getelementptr' 'img_2_addr_6' <Predicate = (icmp_ln57_1 & trunc_ln51 == 3)> <Delay = 0.00>
ST_9 : Operation 228 [2/2] (0.00ns)   --->   "%img_2_load_6 = load i8 %img_2_addr_6" [bnn.cpp:58]   --->   Operation 228 'load' 'img_2_load_6' <Predicate = (icmp_ln57_1 & trunc_ln51 == 3)> <Delay = 0.00> <CoreInst = "RAM">   --->   Core 82 'RAM' <Latency = 1> <II = 1> <Delay = 1.23> <Storage> <Opcode : 'load' 'store'> <Ports = 2> <Width = 32> <Depth = 256> <RAM>
ST_9 : Operation 229 [1/1] (0.00ns)   --->   "%img_3_addr_6 = getelementptr i32 %img_3, i64 0, i64 %zext_ln58_10" [bnn.cpp:58]   --->   Operation 229 'getelementptr' 'img_3_addr_6' <Predicate = (icmp_ln57_1 & trunc_ln51 == 0)> <Delay = 0.00>
ST_9 : Operation 230 [2/2] (0.00ns)   --->   "%img_3_load_6 = load i8 %img_3_addr_6" [bnn.cpp:58]   --->   Operation 230 'load' 'img_3_load_6' <Predicate = (icmp_ln57_1 & trunc_ln51 == 0)> <Delay = 0.00> <CoreInst = "RAM">   --->   Core 82 'RAM' <Latency = 1> <II = 1> <Delay = 1.23> <Storage> <Opcode : 'load' 'store'> <Ports = 2> <Width = 32> <Depth = 256> <RAM>
ST_9 : Operation 231 [1/1] (0.00ns)   --->   "%add_ln58_s = bitconcatenate i8 @_ssdm_op_BitConcatenate.i8.i5.i3, i5 %tmp_s, i3 %lshr_ln58_1" [bnn.cpp:58]   --->   Operation 231 'bitconcatenate' 'add_ln58_s' <Predicate = true> <Delay = 0.00>
ST_9 : Operation 232 [1/1] (0.00ns)   --->   "%zext_ln58_11 = zext i8 %add_ln58_s" [bnn.cpp:58]   --->   Operation 232 'zext' 'zext_ln58_11' <Predicate = true> <Delay = 0.00>
ST_9 : Operation 233 [1/1] (0.00ns)   --->   "%img_0_addr_7 = getelementptr i32 %img_0, i64 0, i64 %zext_ln58_11" [bnn.cpp:58]   --->   Operation 233 'getelementptr' 'img_0_addr_7' <Predicate = (trunc_ln51 == 0)> <Delay = 0.00>
ST_9 : Operation 234 [2/2] (0.00ns)   --->   "%img_0_load_7 = load i8 %img_0_addr_7" [bnn.cpp:58]   --->   Operation 234 'load' 'img_0_load_7' <Predicate = (trunc_ln51 == 0)> <Delay = 0.00> <CoreInst = "RAM">   --->   Core 82 'RAM' <Latency = 1> <II = 1> <Delay = 1.23> <Storage> <Opcode : 'load' 'store'> <Ports = 2> <Width = 32> <Depth = 256> <RAM>
ST_9 : Operation 235 [1/1] (0.00ns)   --->   "%img_1_addr_7 = getelementptr i32 %img_1, i64 0, i64 %zext_ln58_11" [bnn.cpp:58]   --->   Operation 235 'getelementptr' 'img_1_addr_7' <Predicate = (trunc_ln51 == 1)> <Delay = 0.00>
ST_9 : Operation 236 [2/2] (0.00ns)   --->   "%img_1_load_7 = load i8 %img_1_addr_7" [bnn.cpp:58]   --->   Operation 236 'load' 'img_1_load_7' <Predicate = (trunc_ln51 == 1)> <Delay = 0.00> <CoreInst = "RAM">   --->   Core 82 'RAM' <Latency = 1> <II = 1> <Delay = 1.23> <Storage> <Opcode : 'load' 'store'> <Ports = 2> <Width = 32> <Depth = 256> <RAM>
ST_9 : Operation 237 [1/1] (0.00ns)   --->   "%img_2_addr_7 = getelementptr i32 %img_2, i64 0, i64 %zext_ln58_11" [bnn.cpp:58]   --->   Operation 237 'getelementptr' 'img_2_addr_7' <Predicate = (trunc_ln51 == 2)> <Delay = 0.00>
ST_9 : Operation 238 [2/2] (0.00ns)   --->   "%img_2_load_7 = load i8 %img_2_addr_7" [bnn.cpp:58]   --->   Operation 238 'load' 'img_2_load_7' <Predicate = (trunc_ln51 == 2)> <Delay = 0.00> <CoreInst = "RAM">   --->   Core 82 'RAM' <Latency = 1> <II = 1> <Delay = 1.23> <Storage> <Opcode : 'load' 'store'> <Ports = 2> <Width = 32> <Depth = 256> <RAM>
ST_9 : Operation 239 [1/1] (0.00ns)   --->   "%img_3_addr_7 = getelementptr i32 %img_3, i64 0, i64 %zext_ln58_11" [bnn.cpp:58]   --->   Operation 239 'getelementptr' 'img_3_addr_7' <Predicate = (trunc_ln51 == 3)> <Delay = 0.00>
ST_9 : Operation 240 [2/2] (0.00ns)   --->   "%img_3_load_7 = load i8 %img_3_addr_7" [bnn.cpp:58]   --->   Operation 240 'load' 'img_3_load_7' <Predicate = (trunc_ln51 == 3)> <Delay = 0.00> <CoreInst = "RAM">   --->   Core 82 'RAM' <Latency = 1> <II = 1> <Delay = 1.23> <Storage> <Opcode : 'load' 'store'> <Ports = 2> <Width = 32> <Depth = 256> <RAM>
ST_9 : Operation 241 [1/1] (0.00ns)   --->   "%zext_ln58_12 = zext i8 %add_ln58_10" [bnn.cpp:58]   --->   Operation 241 'zext' 'zext_ln58_12' <Predicate = true> <Delay = 0.00>
ST_9 : Operation 242 [1/1] (0.00ns)   --->   "%img_0_addr_8 = getelementptr i32 %img_0, i64 0, i64 %zext_ln58_12" [bnn.cpp:58]   --->   Operation 242 'getelementptr' 'img_0_addr_8' <Predicate = (trunc_ln51 == 3)> <Delay = 0.00>
ST_9 : Operation 243 [2/2] (0.00ns)   --->   "%img_0_load_8 = load i8 %img_0_addr_8" [bnn.cpp:58]   --->   Operation 243 'load' 'img_0_load_8' <Predicate = (trunc_ln51 == 3)> <Delay = 0.00> <CoreInst = "RAM">   --->   Core 82 'RAM' <Latency = 1> <II = 1> <Delay = 1.23> <Storage> <Opcode : 'load' 'store'> <Ports = 2> <Width = 32> <Depth = 256> <RAM>
ST_9 : Operation 244 [1/1] (0.00ns)   --->   "%img_1_addr_8 = getelementptr i32 %img_1, i64 0, i64 %zext_ln58_12" [bnn.cpp:58]   --->   Operation 244 'getelementptr' 'img_1_addr_8' <Predicate = (trunc_ln51 == 0)> <Delay = 0.00>
ST_9 : Operation 245 [2/2] (0.00ns)   --->   "%img_1_load_8 = load i8 %img_1_addr_8" [bnn.cpp:58]   --->   Operation 245 'load' 'img_1_load_8' <Predicate = (trunc_ln51 == 0)> <Delay = 0.00> <CoreInst = "RAM">   --->   Core 82 'RAM' <Latency = 1> <II = 1> <Delay = 1.23> <Storage> <Opcode : 'load' 'store'> <Ports = 2> <Width = 32> <Depth = 256> <RAM>
ST_9 : Operation 246 [1/1] (0.00ns)   --->   "%img_2_addr_8 = getelementptr i32 %img_2, i64 0, i64 %zext_ln58_12" [bnn.cpp:58]   --->   Operation 246 'getelementptr' 'img_2_addr_8' <Predicate = (trunc_ln51 == 1)> <Delay = 0.00>
ST_9 : Operation 247 [2/2] (0.00ns)   --->   "%img_2_load_8 = load i8 %img_2_addr_8" [bnn.cpp:58]   --->   Operation 247 'load' 'img_2_load_8' <Predicate = (trunc_ln51 == 1)> <Delay = 0.00> <CoreInst = "RAM">   --->   Core 82 'RAM' <Latency = 1> <II = 1> <Delay = 1.23> <Storage> <Opcode : 'load' 'store'> <Ports = 2> <Width = 32> <Depth = 256> <RAM>
ST_9 : Operation 248 [1/1] (0.00ns)   --->   "%img_3_addr_8 = getelementptr i32 %img_3, i64 0, i64 %zext_ln58_12" [bnn.cpp:58]   --->   Operation 248 'getelementptr' 'img_3_addr_8' <Predicate = (trunc_ln51 == 2)> <Delay = 0.00>
ST_9 : Operation 249 [2/2] (0.00ns)   --->   "%img_3_load_8 = load i8 %img_3_addr_8" [bnn.cpp:58]   --->   Operation 249 'load' 'img_3_load_8' <Predicate = (trunc_ln51 == 2)> <Delay = 0.00> <CoreInst = "RAM">   --->   Core 82 'RAM' <Latency = 1> <II = 1> <Delay = 1.23> <Storage> <Opcode : 'load' 'store'> <Ports = 2> <Width = 32> <Depth = 256> <RAM>
ST_9 : Operation 311 [1/1] (0.42ns)   --->   "%ret_ln0 = ret"   --->   Operation 311 'ret' 'ret_ln0' <Predicate = (icmp_ln50)> <Delay = 0.42>

State 10 <SV = 9> <Delay = 5.86>
ST_10 : Operation 250 [1/1] (0.00ns) (grouped into LUT with out node acc_34)   --->   "%tmp_40 = bitselect i1 @_ssdm_op_BitSelect.i1.i6.i32, i6 %select_ln50_1, i32 5" [bnn.cpp:57]   --->   Operation 250 'bitselect' 'tmp_40' <Predicate = true> <Delay = 0.00>
ST_10 : Operation 251 [2/11] (1.61ns)   --->   "%urem_ln58 = urem i7 %add_ln58_5, i7 5" [bnn.cpp:58]   --->   Operation 251 'urem' 'urem_ln58' <Predicate = true> <Delay = 1.61> <CoreInst = "Divider">   --->   Core 6 'Divider' <Latency = 10> <II = 1> <Delay = 1.61> <FuncUnit> <Opcode : 'udiv' 'sdiv' 'urem' 'srem'> <InPorts = 2> <OutPorts = 1>
ST_10 : Operation 252 [1/1] (1.01ns)   --->   "%acc_46 = add i32 %v_4, i32 %acc_16" [bnn.cpp:59]   --->   Operation 252 'add' 'acc_46' <Predicate = (cmp38_1_1_read)> <Delay = 1.01> <CoreInst = "Adder">   --->   Core 1 'Adder' <Latency = 0> <II = 1> <Delay = 1.01> <FuncUnit> <Opcode : 'add' 'sub'> <InPorts = 2> <OutPorts = 1>
ST_10 : Operation 253 [1/1] (1.01ns)   --->   "%acc_47 = sub i32 %acc_16, i32 %v_4" [bnn.cpp:60]   --->   Operation 253 'sub' 'acc_47' <Predicate = (!cmp38_1_1_read)> <Delay = 1.01> <CoreInst = "Adder">   --->   Core 1 'Adder' <Latency = 0> <II = 1> <Delay = 1.01> <FuncUnit> <Opcode : 'add' 'sub'> <InPorts = 2> <OutPorts = 1>
ST_10 : Operation 254 [1/1] (0.44ns)   --->   "%acc_48 = select i1 %cmp38_1_1_read, i32 %acc_46, i32 %acc_47" [bnn.cpp:59]   --->   Operation 254 'select' 'acc_48' <Predicate = true> <Delay = 0.44> <CoreInst = "Sel">   --->   Core 73 'Sel' <Latency = 0> <II = 1> <Delay = 0.44> <FuncUnit> <Opcode : 'select'> <InPorts = 3> <OutPorts = 1>
ST_10 : Operation 255 [1/1] (0.00ns) (grouped into LUT with out node acc_24)   --->   "%tmp_47 = bitselect i1 @_ssdm_op_BitSelect.i1.i6.i32, i6 %add_ln56_3, i32 5" [bnn.cpp:57]   --->   Operation 255 'bitselect' 'tmp_47' <Predicate = true> <Delay = 0.00>
ST_10 : Operation 256 [1/1] (1.01ns)   --->   "%acc_49 = add i32 %v_5, i32 %acc_48" [bnn.cpp:59]   --->   Operation 256 'add' 'acc_49' <Predicate = (cmp38_1_2)> <Delay = 1.01> <CoreInst = "Adder">   --->   Core 1 'Adder' <Latency = 0> <II = 1> <Delay = 1.01> <FuncUnit> <Opcode : 'add' 'sub'> <InPorts = 2> <OutPorts = 1>
ST_10 : Operation 257 [1/1] (1.01ns)   --->   "%acc_50 = sub i32 %acc_48, i32 %v_5" [bnn.cpp:60]   --->   Operation 257 'sub' 'acc_50' <Predicate = (!cmp38_1_2)> <Delay = 1.01> <CoreInst = "Adder">   --->   Core 1 'Adder' <Latency = 0> <II = 1> <Delay = 1.01> <FuncUnit> <Opcode : 'add' 'sub'> <InPorts = 2> <OutPorts = 1>
ST_10 : Operation 258 [1/1] (0.00ns) (grouped into LUT with out node acc_24)   --->   "%acc_51 = select i1 %cmp38_1_2, i32 %acc_49, i32 %acc_50" [bnn.cpp:59]   --->   Operation 258 'select' 'acc_51' <Predicate = true> <Delay = 0.00> <CoreInst = "Sel">   --->   Core 73 'Sel' <Latency = 0> <II = 1> <Delay = 0.44> <FuncUnit> <Opcode : 'select'> <InPorts = 3> <OutPorts = 1>
ST_10 : Operation 259 [1/1] (0.44ns) (out node of the LUT)   --->   "%acc_24 = select i1 %tmp_47, i32 %acc_48, i32 %acc_51" [bnn.cpp:57]   --->   Operation 259 'select' 'acc_24' <Predicate = true> <Delay = 0.44> <CoreInst = "Sel">   --->   Core 73 'Sel' <Latency = 0> <II = 1> <Delay = 0.44> <FuncUnit> <Opcode : 'select'> <InPorts = 3> <OutPorts = 1>
ST_10 : Operation 260 [1/2] ( I:0.00ns O:0.00ns )   --->   "%img_0_load_6 = load i8 %img_0_addr_6" [bnn.cpp:58]   --->   Operation 260 'load' 'img_0_load_6' <Predicate = (icmp_ln57_1 & trunc_ln51 == 1)> <Delay = 0.00> <CoreInst = "RAM">   --->   Core 82 'RAM' <Latency = 1> <II = 1> <Delay = 1.23> <Storage> <Opcode : 'load' 'store'> <Ports = 2> <Width = 32> <Depth = 256> <RAM>
ST_10 : Operation 261 [1/2] ( I:0.00ns O:0.00ns )   --->   "%img_1_load_6 = load i8 %img_1_addr_6" [bnn.cpp:58]   --->   Operation 261 'load' 'img_1_load_6' <Predicate = (icmp_ln57_1 & trunc_ln51 == 2)> <Delay = 0.00> <CoreInst = "RAM">   --->   Core 82 'RAM' <Latency = 1> <II = 1> <Delay = 1.23> <Storage> <Opcode : 'load' 'store'> <Ports = 2> <Width = 32> <Depth = 256> <RAM>
ST_10 : Operation 262 [1/2] ( I:0.00ns O:0.00ns )   --->   "%img_2_load_6 = load i8 %img_2_addr_6" [bnn.cpp:58]   --->   Operation 262 'load' 'img_2_load_6' <Predicate = (icmp_ln57_1 & trunc_ln51 == 3)> <Delay = 0.00> <CoreInst = "RAM">   --->   Core 82 'RAM' <Latency = 1> <II = 1> <Delay = 1.23> <Storage> <Opcode : 'load' 'store'> <Ports = 2> <Width = 32> <Depth = 256> <RAM>
ST_10 : Operation 263 [1/2] ( I:0.00ns O:0.00ns )   --->   "%img_3_load_6 = load i8 %img_3_addr_6" [bnn.cpp:58]   --->   Operation 263 'load' 'img_3_load_6' <Predicate = (icmp_ln57_1 & trunc_ln51 == 0)> <Delay = 0.00> <CoreInst = "RAM">   --->   Core 82 'RAM' <Latency = 1> <II = 1> <Delay = 1.23> <Storage> <Opcode : 'load' 'store'> <Ports = 2> <Width = 32> <Depth = 256> <RAM>
ST_10 : Operation 264 [1/1] (0.52ns)   --->   "%v_6 = sparsemux i32 @_ssdm_op_SparseMux.ap_auto.4i32.i32.i2, i2 1, i32 %img_0_load_6, i2 2, i32 %img_1_load_6, i2 3, i32 %img_2_load_6, i2 0, i32 %img_3_load_6, i32 0, i2 %trunc_ln51" [bnn.cpp:58]   --->   Operation 264 'sparsemux' 'v_6' <Predicate = (icmp_ln57_1)> <Delay = 0.52> <CoreInst = "BinarySparseMux_DontCare">   --->   Core 149 'BinarySparseMux_DontCare' <Latency = 0> <II = 1> <Delay = 0.52> <FuncUnit> <Opcode : 'sparsemux'> <InPorts = 2> <OutPorts = 1>
ST_10 : Operation 265 [1/1] (1.01ns)   --->   "%acc_52 = add i32 %v_6, i32 %acc_24" [bnn.cpp:59]   --->   Operation 265 'add' 'acc_52' <Predicate = (icmp_ln57_1 & cmp38_2)> <Delay = 1.01> <CoreInst = "Adder">   --->   Core 1 'Adder' <Latency = 0> <II = 1> <Delay = 1.01> <FuncUnit> <Opcode : 'add' 'sub'> <InPorts = 2> <OutPorts = 1>
ST_10 : Operation 266 [1/1] (1.01ns)   --->   "%acc_53 = sub i32 %acc_24, i32 %v_6" [bnn.cpp:60]   --->   Operation 266 'sub' 'acc_53' <Predicate = (icmp_ln57_1 & !cmp38_2)> <Delay = 1.01> <CoreInst = "Adder">   --->   Core 1 'Adder' <Latency = 0> <II = 1> <Delay = 1.01> <FuncUnit> <Opcode : 'add' 'sub'> <InPorts = 2> <OutPorts = 1>
ST_10 : Operation 267 [1/1] (0.00ns) (grouped into LUT with out node acc_30)   --->   "%acc_54 = select i1 %cmp38_2, i32 %acc_52, i32 %acc_53" [bnn.cpp:59]   --->   Operation 267 'select' 'acc_54' <Predicate = (icmp_ln57_1)> <Delay = 0.00> <CoreInst = "Sel">   --->   Core 73 'Sel' <Latency = 0> <II = 1> <Delay = 0.44> <FuncUnit> <Opcode : 'select'> <InPorts = 3> <OutPorts = 1>
ST_10 : Operation 268 [1/1] (0.44ns) (out node of the LUT)   --->   "%acc_30 = select i1 %icmp_ln57_1, i32 %acc_54, i32 %acc_24" [bnn.cpp:57]   --->   Operation 268 'select' 'acc_30' <Predicate = true> <Delay = 0.44> <CoreInst = "Sel">   --->   Core 73 'Sel' <Latency = 0> <II = 1> <Delay = 0.44> <FuncUnit> <Opcode : 'select'> <InPorts = 3> <OutPorts = 1>
ST_10 : Operation 269 [1/2] ( I:0.00ns O:0.00ns )   --->   "%img_0_load_7 = load i8 %img_0_addr_7" [bnn.cpp:58]   --->   Operation 269 'load' 'img_0_load_7' <Predicate = (trunc_ln51 == 0)> <Delay = 0.00> <CoreInst = "RAM">   --->   Core 82 'RAM' <Latency = 1> <II = 1> <Delay = 1.23> <Storage> <Opcode : 'load' 'store'> <Ports = 2> <Width = 32> <Depth = 256> <RAM>
ST_10 : Operation 270 [1/2] ( I:0.00ns O:0.00ns )   --->   "%img_1_load_7 = load i8 %img_1_addr_7" [bnn.cpp:58]   --->   Operation 270 'load' 'img_1_load_7' <Predicate = (trunc_ln51 == 1)> <Delay = 0.00> <CoreInst = "RAM">   --->   Core 82 'RAM' <Latency = 1> <II = 1> <Delay = 1.23> <Storage> <Opcode : 'load' 'store'> <Ports = 2> <Width = 32> <Depth = 256> <RAM>
ST_10 : Operation 271 [1/2] ( I:0.00ns O:0.00ns )   --->   "%img_2_load_7 = load i8 %img_2_addr_7" [bnn.cpp:58]   --->   Operation 271 'load' 'img_2_load_7' <Predicate = (trunc_ln51 == 2)> <Delay = 0.00> <CoreInst = "RAM">   --->   Core 82 'RAM' <Latency = 1> <II = 1> <Delay = 1.23> <Storage> <Opcode : 'load' 'store'> <Ports = 2> <Width = 32> <Depth = 256> <RAM>
ST_10 : Operation 272 [1/2] ( I:0.00ns O:0.00ns )   --->   "%img_3_load_7 = load i8 %img_3_addr_7" [bnn.cpp:58]   --->   Operation 272 'load' 'img_3_load_7' <Predicate = (trunc_ln51 == 3)> <Delay = 0.00> <CoreInst = "RAM">   --->   Core 82 'RAM' <Latency = 1> <II = 1> <Delay = 1.23> <Storage> <Opcode : 'load' 'store'> <Ports = 2> <Width = 32> <Depth = 256> <RAM>
ST_10 : Operation 273 [1/1] (0.52ns)   --->   "%v_7 = sparsemux i32 @_ssdm_op_SparseMux.ap_auto.4i32.i32.i2, i2 0, i32 %img_0_load_7, i2 1, i32 %img_1_load_7, i2 2, i32 %img_2_load_7, i2 3, i32 %img_3_load_7, i32 0, i2 %trunc_ln51" [bnn.cpp:58]   --->   Operation 273 'sparsemux' 'v_7' <Predicate = true> <Delay = 0.52> <CoreInst = "BinarySparseMux_DontCare">   --->   Core 149 'BinarySparseMux_DontCare' <Latency = 0> <II = 1> <Delay = 0.52> <FuncUnit> <Opcode : 'sparsemux'> <InPorts = 2> <OutPorts = 1>
ST_10 : Operation 274 [1/1] (1.01ns)   --->   "%acc_55 = add i32 %v_7, i32 %acc_30" [bnn.cpp:59]   --->   Operation 274 'add' 'acc_55' <Predicate = (cmp38_2_1)> <Delay = 1.01> <CoreInst = "Adder">   --->   Core 1 'Adder' <Latency = 0> <II = 1> <Delay = 1.01> <FuncUnit> <Opcode : 'add' 'sub'> <InPorts = 2> <OutPorts = 1>
ST_10 : Operation 275 [1/1] (1.01ns)   --->   "%acc_56 = sub i32 %acc_30, i32 %v_7" [bnn.cpp:60]   --->   Operation 275 'sub' 'acc_56' <Predicate = (!cmp38_2_1)> <Delay = 1.01> <CoreInst = "Adder">   --->   Core 1 'Adder' <Latency = 0> <II = 1> <Delay = 1.01> <FuncUnit> <Opcode : 'add' 'sub'> <InPorts = 2> <OutPorts = 1>
ST_10 : Operation 276 [1/1] (0.00ns) (grouped into LUT with out node acc_34)   --->   "%acc_57 = select i1 %cmp38_2_1, i32 %acc_55, i32 %acc_56" [bnn.cpp:59]   --->   Operation 276 'select' 'acc_57' <Predicate = true> <Delay = 0.00> <CoreInst = "Sel">   --->   Core 73 'Sel' <Latency = 0> <II = 1> <Delay = 0.44> <FuncUnit> <Opcode : 'select'> <InPorts = 3> <OutPorts = 1>
ST_10 : Operation 277 [1/1] (0.44ns) (out node of the LUT)   --->   "%acc_34 = select i1 %tmp_40, i32 %acc_30, i32 %acc_57" [bnn.cpp:57]   --->   Operation 277 'select' 'acc_34' <Predicate = true> <Delay = 0.44> <CoreInst = "Sel">   --->   Core 73 'Sel' <Latency = 0> <II = 1> <Delay = 0.44> <FuncUnit> <Opcode : 'select'> <InPorts = 3> <OutPorts = 1>
ST_10 : Operation 278 [1/2] ( I:0.00ns O:0.00ns )   --->   "%img_0_load_8 = load i8 %img_0_addr_8" [bnn.cpp:58]   --->   Operation 278 'load' 'img_0_load_8' <Predicate = (trunc_ln51 == 3)> <Delay = 0.00> <CoreInst = "RAM">   --->   Core 82 'RAM' <Latency = 1> <II = 1> <Delay = 1.23> <Storage> <Opcode : 'load' 'store'> <Ports = 2> <Width = 32> <Depth = 256> <RAM>
ST_10 : Operation 279 [1/2] ( I:0.00ns O:0.00ns )   --->   "%img_1_load_8 = load i8 %img_1_addr_8" [bnn.cpp:58]   --->   Operation 279 'load' 'img_1_load_8' <Predicate = (trunc_ln51 == 0)> <Delay = 0.00> <CoreInst = "RAM">   --->   Core 82 'RAM' <Latency = 1> <II = 1> <Delay = 1.23> <Storage> <Opcode : 'load' 'store'> <Ports = 2> <Width = 32> <Depth = 256> <RAM>
ST_10 : Operation 280 [1/2] ( I:0.00ns O:0.00ns )   --->   "%img_2_load_8 = load i8 %img_2_addr_8" [bnn.cpp:58]   --->   Operation 280 'load' 'img_2_load_8' <Predicate = (trunc_ln51 == 1)> <Delay = 0.00> <CoreInst = "RAM">   --->   Core 82 'RAM' <Latency = 1> <II = 1> <Delay = 1.23> <Storage> <Opcode : 'load' 'store'> <Ports = 2> <Width = 32> <Depth = 256> <RAM>
ST_10 : Operation 281 [1/2] ( I:0.00ns O:0.00ns )   --->   "%img_3_load_8 = load i8 %img_3_addr_8" [bnn.cpp:58]   --->   Operation 281 'load' 'img_3_load_8' <Predicate = (trunc_ln51 == 2)> <Delay = 0.00> <CoreInst = "RAM">   --->   Core 82 'RAM' <Latency = 1> <II = 1> <Delay = 1.23> <Storage> <Opcode : 'load' 'store'> <Ports = 2> <Width = 32> <Depth = 256> <RAM>
ST_10 : Operation 282 [1/1] (0.52ns)   --->   "%v_8 = sparsemux i32 @_ssdm_op_SparseMux.ap_auto.4i32.i32.i2, i2 3, i32 %img_0_load_8, i2 0, i32 %img_1_load_8, i2 1, i32 %img_2_load_8, i2 2, i32 %img_3_load_8, i32 0, i2 %trunc_ln51" [bnn.cpp:58]   --->   Operation 282 'sparsemux' 'v_8' <Predicate = true> <Delay = 0.52> <CoreInst = "BinarySparseMux_DontCare">   --->   Core 149 'BinarySparseMux_DontCare' <Latency = 0> <II = 1> <Delay = 0.52> <FuncUnit> <Opcode : 'sparsemux'> <InPorts = 2> <OutPorts = 1>

State 11 <SV = 10> <Delay = 3.52>
ST_11 : Operation 283 [1/1] (0.00ns)   --->   "%specloopname_ln0 = specloopname void @_ssdm_op_SpecLoopName, void @VITIS_LOOP_50_2_VITIS_LOOP_51_3_str"   --->   Operation 283 'specloopname' 'specloopname_ln0' <Predicate = true> <Delay = 0.00>
ST_11 : Operation 284 [1/1] (0.00ns)   --->   "%speclooptripcount_ln0 = speclooptripcount void @_ssdm_op_SpecLoopTripCount, i64 1024, i64 1024, i64 1024"   --->   Operation 284 'speclooptripcount' 'speclooptripcount_ln0' <Predicate = true> <Delay = 0.00>
ST_11 : Operation 285 [1/1] (0.00ns)   --->   "%specpipeline_ln52 = specpipeline void @_ssdm_op_SpecPipeline, i32 1, i32 0, i32 0, i32 0, i32 4294967295, void @empty_2" [bnn.cpp:52]   --->   Operation 285 'specpipeline' 'specpipeline_ln52' <Predicate = true> <Delay = 0.00>
ST_11 : Operation 286 [1/1] (0.00ns)   --->   "%zext_ln58_7 = zext i8 %tmp_46" [bnn.cpp:58]   --->   Operation 286 'zext' 'zext_ln58_7' <Predicate = true> <Delay = 0.00>
ST_11 : Operation 287 [1/11] (1.61ns)   --->   "%urem_ln58 = urem i7 %add_ln58_5, i7 5" [bnn.cpp:58]   --->   Operation 287 'urem' 'urem_ln58' <Predicate = true> <Delay = 1.61> <CoreInst = "Divider">   --->   Core 6 'Divider' <Latency = 10> <II = 1> <Delay = 1.61> <FuncUnit> <Opcode : 'udiv' 'sdiv' 'urem' 'srem'> <InPorts = 2> <OutPorts = 1>
ST_11 : Operation 288 [1/1] (0.00ns)   --->   "%trunc_ln58_1 = trunc i3 %urem_ln58" [bnn.cpp:58]   --->   Operation 288 'trunc' 'trunc_ln58_1' <Predicate = true> <Delay = 0.00>
ST_11 : Operation 289 [1/1] (0.00ns) (grouped into LUT with out node acc_40)   --->   "%or_ln57_3 = or i6 %add_ln56_3, i6 %select_ln50_1" [bnn.cpp:57]   --->   Operation 289 'or' 'or_ln57_3' <Predicate = true> <Delay = 0.00> <CoreInst = "LogicGate">   --->   Core 74 'LogicGate' <Latency = 0> <II = 1> <Delay = 0.35> <FuncUnit> <Opcode : 'and' 'or' 'xor'> <InPorts = 2> <OutPorts = 1>
ST_11 : Operation 290 [1/1] (0.00ns) (grouped into LUT with out node acc_40)   --->   "%tmp_50 = bitselect i1 @_ssdm_op_BitSelect.i1.i6.i32, i6 %or_ln57_3, i32 5" [bnn.cpp:57]   --->   Operation 290 'bitselect' 'tmp_50' <Predicate = true> <Delay = 0.00>
ST_11 : Operation 291 [1/1] (1.01ns)   --->   "%acc_58 = add i32 %v_8, i32 %acc_34" [bnn.cpp:59]   --->   Operation 291 'add' 'acc_58' <Predicate = (cmp38_2_2)> <Delay = 1.01> <CoreInst = "Adder">   --->   Core 1 'Adder' <Latency = 0> <II = 1> <Delay = 1.01> <FuncUnit> <Opcode : 'add' 'sub'> <InPorts = 2> <OutPorts = 1>
ST_11 : Operation 292 [1/1] (1.01ns)   --->   "%acc_59 = sub i32 %acc_34, i32 %v_8" [bnn.cpp:60]   --->   Operation 292 'sub' 'acc_59' <Predicate = (!cmp38_2_2)> <Delay = 1.01> <CoreInst = "Adder">   --->   Core 1 'Adder' <Latency = 0> <II = 1> <Delay = 1.01> <FuncUnit> <Opcode : 'add' 'sub'> <InPorts = 2> <OutPorts = 1>
ST_11 : Operation 293 [1/1] (0.00ns) (grouped into LUT with out node acc_40)   --->   "%acc_60 = select i1 %cmp38_2_2, i32 %acc_58, i32 %acc_59" [bnn.cpp:59]   --->   Operation 293 'select' 'acc_60' <Predicate = true> <Delay = 0.00> <CoreInst = "Sel">   --->   Core 73 'Sel' <Latency = 0> <II = 1> <Delay = 0.44> <FuncUnit> <Opcode : 'select'> <InPorts = 3> <OutPorts = 1>
ST_11 : Operation 294 [1/1] (0.44ns) (out node of the LUT)   --->   "%acc_40 = select i1 %tmp_50, i32 %acc_34, i32 %acc_60" [bnn.cpp:57]   --->   Operation 294 'select' 'acc_40' <Predicate = true> <Delay = 0.44> <CoreInst = "Sel">   --->   Core 73 'Sel' <Latency = 0> <II = 1> <Delay = 0.44> <FuncUnit> <Opcode : 'select'> <InPorts = 3> <OutPorts = 1>
ST_11 : Operation 295 [1/1] (0.00ns)   --->   "%bnn_top_int_const_unsigned_int_const_int_const_unsigned_int_const_int_co_266 = getelementptr i32 %bnn_top_int_const_unsigned_int_const_int_const_unsigned_int_const_int_co_4, i64 0, i64 %zext_ln58_7" [bnn.cpp:63]   --->   Operation 295 'getelementptr' 'bnn_top_int_const_unsigned_int_const_int_const_unsigned_int_const_int_co_266' <Predicate = true> <Delay = 0.00>
ST_11 : Operation 296 [1/1] (0.00ns)   --->   "%bnn_top_int_const_unsigned_int_const_int_const_unsigned_int_const_int_co_267 = getelementptr i32 %bnn_top_int_const_unsigned_int_const_int_const_unsigned_int_const_int_co_3, i64 0, i64 %zext_ln58_7" [bnn.cpp:63]   --->   Operation 296 'getelementptr' 'bnn_top_int_const_unsigned_int_const_int_const_unsigned_int_const_int_co_267' <Predicate = true> <Delay = 0.00>
ST_11 : Operation 297 [1/1] (0.00ns)   --->   "%bnn_top_int_const_unsigned_int_const_int_const_unsigned_int_const_int_co_268 = getelementptr i32 %bnn_top_int_const_unsigned_int_const_int_const_unsigned_int_const_int_co_2, i64 0, i64 %zext_ln58_7" [bnn.cpp:63]   --->   Operation 297 'getelementptr' 'bnn_top_int_const_unsigned_int_const_int_const_unsigned_int_const_int_co_268' <Predicate = true> <Delay = 0.00>
ST_11 : Operation 298 [1/1] (0.00ns)   --->   "%bnn_top_int_const_unsigned_int_const_int_const_unsigned_int_const_int_co_269 = getelementptr i32 %bnn_top_int_const_unsigned_int_const_int_const_unsigned_int_const_int_co_1, i64 0, i64 %zext_ln58_7" [bnn.cpp:63]   --->   Operation 298 'getelementptr' 'bnn_top_int_const_unsigned_int_const_int_const_unsigned_int_const_int_co_269' <Predicate = true> <Delay = 0.00>
ST_11 : Operation 299 [1/1] (0.00ns)   --->   "%bnn_top_int_const_unsigned_int_const_int_const_unsigned_int_const_int_co_270 = getelementptr i32 %bnn_top_int_const_unsigned_int_const_int_const_unsigned_int_const_int_co, i64 0, i64 %zext_ln58_7" [bnn.cpp:63]   --->   Operation 299 'getelementptr' 'bnn_top_int_const_unsigned_int_const_int_const_unsigned_int_const_int_co_270' <Predicate = true> <Delay = 0.00>
ST_11 : Operation 300 [1/1] (0.67ns)   --->   "%switch_ln63 = switch i3 %trunc_ln58_1, void %arrayidx49.case.4, i3 0, void %arrayidx49.case.0, i3 1, void %arrayidx49.case.1, i3 2, void %arrayidx49.case.2, i3 3, void %arrayidx49.case.3" [bnn.cpp:63]   --->   Operation 300 'switch' 'switch_ln63' <Predicate = true> <Delay = 0.67>
ST_11 : Operation 301 [1/1] ( I:1.23ns O:1.23ns )   --->   "%store_ln63 = store i32 %acc_40, i8 %bnn_top_int_const_unsigned_int_const_int_const_unsigned_int_const_int_co_269" [bnn.cpp:63]   --->   Operation 301 'store' 'store_ln63' <Predicate = (trunc_ln58_1 == 3)> <Delay = 1.23> <CoreInst = "RAM">   --->   Core 82 'RAM' <Latency = 1> <II = 1> <Delay = 1.23> <Storage> <Opcode : 'load' 'store'> <Ports = 2> <Width = 32> <Depth = 205> <RAM>
ST_11 : Operation 302 [1/1] (0.00ns)   --->   "%br_ln63 = br void %arrayidx49.exit" [bnn.cpp:63]   --->   Operation 302 'br' 'br_ln63' <Predicate = (trunc_ln58_1 == 3)> <Delay = 0.00>
ST_11 : Operation 303 [1/1] ( I:1.23ns O:1.23ns )   --->   "%store_ln63 = store i32 %acc_40, i8 %bnn_top_int_const_unsigned_int_const_int_const_unsigned_int_const_int_co_268" [bnn.cpp:63]   --->   Operation 303 'store' 'store_ln63' <Predicate = (trunc_ln58_1 == 2)> <Delay = 1.23> <CoreInst = "RAM">   --->   Core 82 'RAM' <Latency = 1> <II = 1> <Delay = 1.23> <Storage> <Opcode : 'load' 'store'> <Ports = 2> <Width = 32> <Depth = 205> <RAM>
ST_11 : Operation 304 [1/1] (0.00ns)   --->   "%br_ln63 = br void %arrayidx49.exit" [bnn.cpp:63]   --->   Operation 304 'br' 'br_ln63' <Predicate = (trunc_ln58_1 == 2)> <Delay = 0.00>
ST_11 : Operation 305 [1/1] ( I:1.23ns O:1.23ns )   --->   "%store_ln63 = store i32 %acc_40, i8 %bnn_top_int_const_unsigned_int_const_int_const_unsigned_int_const_int_co_267" [bnn.cpp:63]   --->   Operation 305 'store' 'store_ln63' <Predicate = (trunc_ln58_1 == 1)> <Delay = 1.23> <CoreInst = "RAM">   --->   Core 82 'RAM' <Latency = 1> <II = 1> <Delay = 1.23> <Storage> <Opcode : 'load' 'store'> <Ports = 2> <Width = 32> <Depth = 205> <RAM>
ST_11 : Operation 306 [1/1] (0.00ns)   --->   "%br_ln63 = br void %arrayidx49.exit" [bnn.cpp:63]   --->   Operation 306 'br' 'br_ln63' <Predicate = (trunc_ln58_1 == 1)> <Delay = 0.00>
ST_11 : Operation 307 [1/1] ( I:1.23ns O:1.23ns )   --->   "%store_ln63 = store i32 %acc_40, i8 %bnn_top_int_const_unsigned_int_const_int_const_unsigned_int_const_int_co_266" [bnn.cpp:63]   --->   Operation 307 'store' 'store_ln63' <Predicate = (trunc_ln58_1 == 0)> <Delay = 1.23> <CoreInst = "RAM">   --->   Core 82 'RAM' <Latency = 1> <II = 1> <Delay = 1.23> <Storage> <Opcode : 'load' 'store'> <Ports = 2> <Width = 32> <Depth = 205> <RAM>
ST_11 : Operation 308 [1/1] (0.00ns)   --->   "%br_ln63 = br void %arrayidx49.exit" [bnn.cpp:63]   --->   Operation 308 'br' 'br_ln63' <Predicate = (trunc_ln58_1 == 0)> <Delay = 0.00>
ST_11 : Operation 309 [1/1] ( I:1.23ns O:1.23ns )   --->   "%store_ln63 = store i32 %acc_40, i8 %bnn_top_int_const_unsigned_int_const_int_const_unsigned_int_const_int_co_270" [bnn.cpp:63]   --->   Operation 309 'store' 'store_ln63' <Predicate = (trunc_ln58_1 != 0 & trunc_ln58_1 != 1 & trunc_ln58_1 != 2 & trunc_ln58_1 != 3)> <Delay = 1.23> <CoreInst = "RAM">   --->   Core 82 'RAM' <Latency = 1> <II = 1> <Delay = 1.23> <Storage> <Opcode : 'load' 'store'> <Ports = 2> <Width = 32> <Depth = 205> <RAM>
ST_11 : Operation 310 [1/1] (0.00ns)   --->   "%br_ln63 = br void %arrayidx49.exit" [bnn.cpp:63]   --->   Operation 310 'br' 'br_ln63' <Predicate = (trunc_ln58_1 != 0 & trunc_ln58_1 != 1 & trunc_ln58_1 != 2 & trunc_ln58_1 != 3)> <Delay = 0.00>


============================================================
+ Verbose Summary: Binding
============================================================
STG Binding: 
---------------- STG Properties BEGIN ----------------
- Is combinational: 0
- Is one-state seq: 0
- Is datapath-only: 0
- Is pipelined: 0
- Is top level: 0
Port [ Return ] is wired: 1; IO mode=ap_ctrl_hs:ce=0
Port [ img_0]:  wired=1; compound=1; hidden=0; nouse=0; global=0; static=0; extern=0; dir=0; type=1; pingpong=0; private_global=0; MemPort=[11]; IO mode=ap_memory:ce=0
Port [ img_1]:  wired=1; compound=1; hidden=0; nouse=0; global=0; static=0; extern=0; dir=0; type=1; pingpong=0; private_global=0; MemPort=[11]; IO mode=ap_memory:ce=0
Port [ img_2]:  wired=1; compound=1; hidden=0; nouse=0; global=0; static=0; extern=0; dir=0; type=1; pingpong=0; private_global=0; MemPort=[11]; IO mode=ap_memory:ce=0
Port [ img_3]:  wired=1; compound=1; hidden=0; nouse=0; global=0; static=0; extern=0; dir=0; type=1; pingpong=0; private_global=0; MemPort=[11]; IO mode=ap_memory:ce=0
Port [ W1_load_1]:  wired=1; compound=0; hidden=0; nouse=0; global=0; static=0; extern=0; dir=0; type=0; pingpong=0; private_global=0; IO mode=ap_none:ce=0
Port [ empty_34]:  wired=1; compound=0; hidden=0; nouse=0; global=0; static=0; extern=0; dir=0; type=0; pingpong=0; private_global=0; IO mode=ap_none:ce=0
Port [ W1_load_2]:  wired=1; compound=0; hidden=0; nouse=0; global=0; static=0; extern=0; dir=0; type=0; pingpong=0; private_global=0; IO mode=ap_none:ce=0
Port [ empty_35]:  wired=1; compound=0; hidden=0; nouse=0; global=0; static=0; extern=0; dir=0; type=0; pingpong=0; private_global=0; IO mode=ap_none:ce=0
Port [ W1_load_3]:  wired=1; compound=0; hidden=0; nouse=0; global=0; static=0; extern=0; dir=0; type=0; pingpong=0; private_global=0; IO mode=ap_none:ce=0
Port [ empty_36]:  wired=1; compound=0; hidden=0; nouse=0; global=0; static=0; extern=0; dir=0; type=0; pingpong=0; private_global=0; IO mode=ap_none:ce=0
Port [ W1_load_4]:  wired=1; compound=0; hidden=0; nouse=0; global=0; static=0; extern=0; dir=0; type=0; pingpong=0; private_global=0; IO mode=ap_none:ce=0
Port [ empty_37]:  wired=1; compound=0; hidden=0; nouse=0; global=0; static=0; extern=0; dir=0; type=0; pingpong=0; private_global=0; IO mode=ap_none:ce=0
Port [ cmp38_1_1]:  wired=1; compound=0; hidden=0; nouse=0; global=0; static=0; extern=0; dir=0; type=0; pingpong=0; private_global=0; IO mode=ap_none:ce=0
Port [ W1_load_5]:  wired=1; compound=0; hidden=0; nouse=0; global=0; static=0; extern=0; dir=0; type=0; pingpong=0; private_global=0; IO mode=ap_none:ce=0
Port [ empty_38]:  wired=1; compound=0; hidden=0; nouse=0; global=0; static=0; extern=0; dir=0; type=0; pingpong=0; private_global=0; IO mode=ap_none:ce=0
Port [ W1_load_6]:  wired=1; compound=0; hidden=0; nouse=0; global=0; static=0; extern=0; dir=0; type=0; pingpong=0; private_global=0; IO mode=ap_none:ce=0
Port [ empty_39]:  wired=1; compound=0; hidden=0; nouse=0; global=0; static=0; extern=0; dir=0; type=0; pingpong=0; private_global=0; IO mode=ap_none:ce=0
Port [ W1_load_7]:  wired=1; compound=0; hidden=0; nouse=0; global=0; static=0; extern=0; dir=0; type=0; pingpong=0; private_global=0; IO mode=ap_none:ce=0
Port [ empty_40]:  wired=1; compound=0; hidden=0; nouse=0; global=0; static=0; extern=0; dir=0; type=0; pingpong=0; private_global=0; IO mode=ap_none:ce=0
Port [ W1_load_8]:  wired=1; compound=0; hidden=0; nouse=0; global=0; static=0; extern=0; dir=0; type=0; pingpong=0; private_global=0; IO mode=ap_none:ce=0
Port [ empty]:  wired=1; compound=0; hidden=0; nouse=0; global=0; static=0; extern=0; dir=0; type=0; pingpong=0; private_global=0; IO mode=ap_none:ce=0
Port [ bnn_top_int_const_unsigned_int_const_int_const_unsigned_int_const_int_co_4]:  wired=1; compound=1; hidden=0; nouse=0; global=1; static=1; extern=0; dir=1; type=1; pingpong=0; private_global=0; MemPort=[03]; IO mode=ap_memory:ce=0
Port [ bnn_top_int_const_unsigned_int_const_int_const_unsigned_int_const_int_co_3]:  wired=1; compound=1; hidden=0; nouse=0; global=1; static=1; extern=0; dir=1; type=1; pingpong=0; private_global=0; MemPort=[03]; IO mode=ap_memory:ce=0
Port [ bnn_top_int_const_unsigned_int_const_int_const_unsigned_int_const_int_co_2]:  wired=1; compound=1; hidden=0; nouse=0; global=1; static=1; extern=0; dir=1; type=1; pingpong=0; private_global=0; MemPort=[03]; IO mode=ap_memory:ce=0
Port [ bnn_top_int_const_unsigned_int_const_int_const_unsigned_int_const_int_co_1]:  wired=1; compound=1; hidden=0; nouse=0; global=1; static=1; extern=0; dir=1; type=1; pingpong=0; private_global=0; MemPort=[03]; IO mode=ap_memory:ce=0
Port [ bnn_top_int_const_unsigned_int_const_int_const_unsigned_int_const_int_co]:  wired=1; compound=1; hidden=0; nouse=0; global=1; static=1; extern=0; dir=1; type=1; pingpong=0; private_global=0; MemPort=[03]; IO mode=ap_memory:ce=0
---------------- STG Properties END ------------------

---------------- Datapath Model BEGIN ----------------

<LifeTime>
<method=bitvector/>
iw                                                                           (alloca           ) [ 011000000000]
oh                                                                           (alloca           ) [ 010000000000]
indvar_flatten                                                               (alloca           ) [ 010000000000]
specinterface_ln0                                                            (specinterface    ) [ 000000000000]
specinterface_ln0                                                            (specinterface    ) [ 000000000000]
specinterface_ln0                                                            (specinterface    ) [ 000000000000]
specinterface_ln0                                                            (specinterface    ) [ 000000000000]
tmp                                                                          (read             ) [ 000000000000]
W1_load_8_read                                                               (read             ) [ 000000000000]
tmp_32                                                                       (read             ) [ 000000000000]
W1_load_7_read                                                               (read             ) [ 000000000000]
tmp_33                                                                       (read             ) [ 000000000000]
W1_load_6_read                                                               (read             ) [ 000000000000]
tmp_34                                                                       (read             ) [ 000000000000]
W1_load_5_read                                                               (read             ) [ 000000000000]
cmp38_1_1_read                                                               (read             ) [ 011111111110]
tmp_35                                                                       (read             ) [ 000000000000]
W1_load_4_read                                                               (read             ) [ 000000000000]
tmp_36                                                                       (read             ) [ 000000000000]
W1_load_3_read                                                               (read             ) [ 000000000000]
tmp_37                                                                       (read             ) [ 000000000000]
W1_load_2_read                                                               (read             ) [ 000000000000]
tmp_38                                                                       (read             ) [ 000000000000]
W1_load_1_read                                                               (read             ) [ 000000000000]
store_ln0                                                                    (store            ) [ 000000000000]
store_ln50                                                                   (store            ) [ 000000000000]
store_ln56                                                                   (store            ) [ 000000000000]
br_ln0                                                                       (br               ) [ 000000000000]
indvar_flatten_load                                                          (load             ) [ 000000000000]
icmp_ln50                                                                    (icmp             ) [ 011111111100]
add_ln50                                                                     (add              ) [ 000000000000]
br_ln50                                                                      (br               ) [ 000000000000]
iw_load                                                                      (load             ) [ 000000000000]
oh_load                                                                      (load             ) [ 000000000000]
icmp_ln51                                                                    (icmp             ) [ 000000000000]
select_ln50                                                                  (select           ) [ 011111110000]
add_ln56_1                                                                   (add              ) [ 000000000000]
add_ln56_4                                                                   (add              ) [ 000000000000]
select_ln50_1                                                                (select           ) [ 011111111111]
select_ln50_2                                                                (select           ) [ 011111110000]
trunc_ln63                                                                   (trunc            ) [ 011111111000]
shl_ln63                                                                     (shl              ) [ 000000000000]
zext_ln56                                                                    (zext             ) [ 000000000000]
zext_ln51                                                                    (zext             ) [ 000000000000]
trunc_ln51                                                                   (trunc            ) [ 011111111110]
cmp                                                                          (bitselect        ) [ 011111111100]
lshr_ln58_1                                                                  (partselect       ) [ 011111111100]
cmp38_s                                                                      (bitselect        ) [ 011111111100]
cmp38_3                                                                      (bitselect        ) [ 011111111100]
cmp38_1                                                                      (bitselect        ) [ 011111111100]
add_ln58_5                                                                   (add              ) [ 011111111111]
cmp38_1_2                                                                    (bitselect        ) [ 011111111110]
cmp38_2                                                                      (bitselect        ) [ 011111111110]
cmp38_2_1                                                                    (bitselect        ) [ 011111111110]
cmp38_2_2                                                                    (bitselect        ) [ 011111111111]
store_ln50                                                                   (store            ) [ 000000000000]
store_ln50                                                                   (store            ) [ 000000000000]
add_ln56_3                                                                   (add              ) [ 011111111111]
lshr_ln58_2                                                                  (partselect       ) [ 011111111000]
store_ln56                                                                   (store            ) [ 000000000000]
br_ln51                                                                      (br               ) [ 000000000000]
add_ln56                                                                     (add              ) [ 011000001100]
tmp_39                                                                       (bitselect        ) [ 011000001100]
trunc_ln58                                                                   (trunc            ) [ 001000001000]
add_ln56_2                                                                   (add              ) [ 011000001100]
trunc_ln1                                                                    (partselect       ) [ 001000001000]
or_ln57_1                                                                    (or               ) [ 000000000000]
tmp_42                                                                       (bitselect        ) [ 000000000000]
tmp_43                                                                       (bitconcatenate   ) [ 000000000000]
icmp_ln57                                                                    (icmp             ) [ 011000001100]
tmp_44                                                                       (bitselect        ) [ 011000001100]
zext_ln58_5                                                                  (zext             ) [ 000000000000]
p_shl                                                                        (bitconcatenate   ) [ 000000000000]
tmp_45                                                                       (bitconcatenate   ) [ 000000000000]
zext_ln58_6                                                                  (zext             ) [ 000000000000]
sub_ln58                                                                     (sub              ) [ 000000000000]
add_ln58_6                                                                   (add              ) [ 000000000000]
zext_ln58_13                                                                 (zext             ) [ 000000000000]
mul_ln58                                                                     (mul              ) [ 000000000000]
tmp_46                                                                       (partselect       ) [ 011000001111]
shl_ln1                                                                      (bitconcatenate   ) [ 000000000000]
shl_ln58_1                                                                   (bitconcatenate   ) [ 000000000000]
add_ln58                                                                     (add              ) [ 000000000000]
sext_ln58                                                                    (sext             ) [ 000000000000]
add_ln58_1                                                                   (add              ) [ 000000000000]
zext_ln58                                                                    (zext             ) [ 000000000000]
img_0_addr                                                                   (getelementptr    ) [ 010000000100]
img_1_addr                                                                   (getelementptr    ) [ 010000000100]
img_2_addr                                                                   (getelementptr    ) [ 010000000100]
img_3_addr                                                                   (getelementptr    ) [ 010000000100]
add_ln58_2                                                                   (bitconcatenate   ) [ 000000000000]
zext_ln58_1                                                                  (zext             ) [ 000000000000]
img_0_addr_1                                                                 (getelementptr    ) [ 010000000100]
img_1_addr_1                                                                 (getelementptr    ) [ 010000000100]
img_2_addr_1                                                                 (getelementptr    ) [ 010000000100]
img_3_addr_1                                                                 (getelementptr    ) [ 010000000100]
zext_ln58_2                                                                  (zext             ) [ 000000000000]
add_ln58_3                                                                   (add              ) [ 000000000000]
zext_ln58_3                                                                  (zext             ) [ 000000000000]
img_0_addr_2                                                                 (getelementptr    ) [ 010000000100]
img_1_addr_2                                                                 (getelementptr    ) [ 010000000100]
img_2_addr_2                                                                 (getelementptr    ) [ 010000000100]
img_3_addr_2                                                                 (getelementptr    ) [ 010000000100]
add_ln58_4                                                                   (add              ) [ 000000000000]
zext_ln58_4                                                                  (zext             ) [ 000000000000]
img_0_addr_3                                                                 (getelementptr    ) [ 010000000100]
img_1_addr_3                                                                 (getelementptr    ) [ 010000000100]
img_2_addr_3                                                                 (getelementptr    ) [ 010000000100]
img_3_addr_3                                                                 (getelementptr    ) [ 010000000100]
add_ln58_7                                                                   (bitconcatenate   ) [ 000000000000]
zext_ln58_8                                                                  (zext             ) [ 000000000000]
img_0_addr_4                                                                 (getelementptr    ) [ 010000000100]
img_1_addr_4                                                                 (getelementptr    ) [ 010000000100]
img_2_addr_4                                                                 (getelementptr    ) [ 010000000100]
img_3_addr_4                                                                 (getelementptr    ) [ 010000000100]
add_ln58_8                                                                   (add              ) [ 000000000000]
zext_ln58_9                                                                  (zext             ) [ 000000000000]
img_0_addr_5                                                                 (getelementptr    ) [ 010000000100]
img_1_addr_5                                                                 (getelementptr    ) [ 010000000100]
img_2_addr_5                                                                 (getelementptr    ) [ 010000000100]
img_3_addr_5                                                                 (getelementptr    ) [ 010000000100]
or_ln57_2                                                                    (or               ) [ 000000000000]
tmp_48                                                                       (bitselect        ) [ 000000000000]
tmp_49                                                                       (bitconcatenate   ) [ 000000000000]
icmp_ln57_1                                                                  (icmp             ) [ 011000000110]
add_ln58_9                                                                   (add              ) [ 010000000100]
tmp_s                                                                        (partselect       ) [ 010000000100]
add_ln58_10                                                                  (add              ) [ 010000000100]
or_ln57                                                                      (or               ) [ 000000000000]
tmp_41                                                                       (bitselect        ) [ 000000000000]
img_0_load                                                                   (load             ) [ 000000000000]
img_1_load                                                                   (load             ) [ 000000000000]
img_2_load                                                                   (load             ) [ 000000000000]
img_3_load                                                                   (load             ) [ 000000000000]
v                                                                            (sparsemux        ) [ 000000000000]
acc                                                                          (sub              ) [ 000000000000]
acc_22                                                                       (select           ) [ 000000000000]
acc_2                                                                        (select           ) [ 000000000000]
img_0_load_1                                                                 (load             ) [ 000000000000]
img_1_load_1                                                                 (load             ) [ 000000000000]
img_2_load_1                                                                 (load             ) [ 000000000000]
img_3_load_1                                                                 (load             ) [ 000000000000]
v_1                                                                          (sparsemux        ) [ 000000000000]
acc_27                                                                       (add              ) [ 000000000000]
acc_29                                                                       (sub              ) [ 000000000000]
acc_35                                                                       (select           ) [ 000000000000]
acc_6                                                                        (select           ) [ 000000000000]
img_0_load_2                                                                 (load             ) [ 000000000000]
img_1_load_2                                                                 (load             ) [ 000000000000]
img_2_load_2                                                                 (load             ) [ 000000000000]
img_3_load_2                                                                 (load             ) [ 000000000000]
v_2                                                                          (sparsemux        ) [ 000000000000]
acc_37                                                                       (add              ) [ 000000000000]
acc_41                                                                       (sub              ) [ 000000000000]
acc_42                                                                       (select           ) [ 000000000000]
acc_10                                                                       (select           ) [ 000000000000]
img_0_load_3                                                                 (load             ) [ 000000000000]
img_1_load_3                                                                 (load             ) [ 000000000000]
img_2_load_3                                                                 (load             ) [ 000000000000]
img_3_load_3                                                                 (load             ) [ 000000000000]
v_3                                                                          (sparsemux        ) [ 000000000000]
acc_43                                                                       (add              ) [ 000000000000]
acc_44                                                                       (sub              ) [ 000000000000]
acc_45                                                                       (select           ) [ 000000000000]
acc_16                                                                       (select           ) [ 001000000010]
img_0_load_4                                                                 (load             ) [ 000000000000]
img_1_load_4                                                                 (load             ) [ 000000000000]
img_2_load_4                                                                 (load             ) [ 000000000000]
img_3_load_4                                                                 (load             ) [ 000000000000]
v_4                                                                          (sparsemux        ) [ 001000000010]
img_0_load_5                                                                 (load             ) [ 000000000000]
img_1_load_5                                                                 (load             ) [ 000000000000]
img_2_load_5                                                                 (load             ) [ 000000000000]
img_3_load_5                                                                 (load             ) [ 000000000000]
v_5                                                                          (sparsemux        ) [ 001000000010]
zext_ln58_10                                                                 (zext             ) [ 000000000000]
img_0_addr_6                                                                 (getelementptr    ) [ 001000000010]
img_1_addr_6                                                                 (getelementptr    ) [ 001000000010]
img_2_addr_6                                                                 (getelementptr    ) [ 001000000010]
img_3_addr_6                                                                 (getelementptr    ) [ 001000000010]
add_ln58_s                                                                   (bitconcatenate   ) [ 000000000000]
zext_ln58_11                                                                 (zext             ) [ 000000000000]
img_0_addr_7                                                                 (getelementptr    ) [ 001000000010]
img_1_addr_7                                                                 (getelementptr    ) [ 001000000010]
img_2_addr_7                                                                 (getelementptr    ) [ 001000000010]
img_3_addr_7                                                                 (getelementptr    ) [ 001000000010]
zext_ln58_12                                                                 (zext             ) [ 000000000000]
img_0_addr_8                                                                 (getelementptr    ) [ 001000000010]
img_1_addr_8                                                                 (getelementptr    ) [ 001000000010]
img_2_addr_8                                                                 (getelementptr    ) [ 001000000010]
img_3_addr_8                                                                 (getelementptr    ) [ 001000000010]
tmp_40                                                                       (bitselect        ) [ 000000000000]
acc_46                                                                       (add              ) [ 000000000000]
acc_47                                                                       (sub              ) [ 000000000000]
acc_48                                                                       (select           ) [ 000000000000]
tmp_47                                                                       (bitselect        ) [ 000000000000]
acc_49                                                                       (add              ) [ 000000000000]
acc_50                                                                       (sub              ) [ 000000000000]
acc_51                                                                       (select           ) [ 000000000000]
acc_24                                                                       (select           ) [ 000000000000]
img_0_load_6                                                                 (load             ) [ 000000000000]
img_1_load_6                                                                 (load             ) [ 000000000000]
img_2_load_6                                                                 (load             ) [ 000000000000]
img_3_load_6                                                                 (load             ) [ 000000000000]
v_6                                                                          (sparsemux        ) [ 000000000000]
acc_52                                                                       (add              ) [ 000000000000]
acc_53                                                                       (sub              ) [ 000000000000]
acc_54                                                                       (select           ) [ 000000000000]
acc_30                                                                       (select           ) [ 000000000000]
img_0_load_7                                                                 (load             ) [ 000000000000]
img_1_load_7                                                                 (load             ) [ 000000000000]
img_2_load_7                                                                 (load             ) [ 000000000000]
img_3_load_7                                                                 (load             ) [ 000000000000]
v_7                                                                          (sparsemux        ) [ 000000000000]
acc_55                                                                       (add              ) [ 000000000000]
acc_56                                                                       (sub              ) [ 000000000000]
acc_57                                                                       (select           ) [ 000000000000]
acc_34                                                                       (select           ) [ 010000000001]
img_0_load_8                                                                 (load             ) [ 000000000000]
img_1_load_8                                                                 (load             ) [ 000000000000]
img_2_load_8                                                                 (load             ) [ 000000000000]
img_3_load_8                                                                 (load             ) [ 000000000000]
v_8                                                                          (sparsemux        ) [ 010000000001]
specloopname_ln0                                                             (specloopname     ) [ 000000000000]
speclooptripcount_ln0                                                        (speclooptripcount) [ 000000000000]
specpipeline_ln52                                                            (specpipeline     ) [ 000000000000]
zext_ln58_7                                                                  (zext             ) [ 000000000000]
urem_ln58                                                                    (urem             ) [ 000000000000]
trunc_ln58_1                                                                 (trunc            ) [ 010000000001]
or_ln57_3                                                                    (or               ) [ 000000000000]
tmp_50                                                                       (bitselect        ) [ 000000000000]
acc_58                                                                       (add              ) [ 000000000000]
acc_59                                                                       (sub              ) [ 000000000000]
acc_60                                                                       (select           ) [ 000000000000]
acc_40                                                                       (select           ) [ 000000000000]
bnn_top_int_const_unsigned_int_const_int_const_unsigned_int_const_int_co_266 (getelementptr    ) [ 000000000000]
bnn_top_int_const_unsigned_int_const_int_const_unsigned_int_const_int_co_267 (getelementptr    ) [ 000000000000]
bnn_top_int_const_unsigned_int_const_int_const_unsigned_int_const_int_co_268 (getelementptr    ) [ 000000000000]
bnn_top_int_const_unsigned_int_const_int_const_unsigned_int_const_int_co_269 (getelementptr    ) [ 000000000000]
bnn_top_int_const_unsigned_int_const_int_const_unsigned_int_const_int_co_270 (getelementptr    ) [ 000000000000]
switch_ln63                                                                  (switch           ) [ 000000000000]
store_ln63                                                                   (store            ) [ 000000000000]
br_ln63                                                                      (br               ) [ 000000000000]
store_ln63                                                                   (store            ) [ 000000000000]
br_ln63                                                                      (br               ) [ 000000000000]
store_ln63                                                                   (store            ) [ 000000000000]
br_ln63                                                                      (br               ) [ 000000000000]
store_ln63                                                                   (store            ) [ 000000000000]
br_ln63                                                                      (br               ) [ 000000000000]
store_ln63                                                                   (store            ) [ 000000000000]
br_ln63                                                                      (br               ) [ 000000000000]
ret_ln0                                                                      (ret              ) [ 000000000000]
</LifeTime>

<model>

<comp_list>
<comp id="0" class="1000" name="img_0">
<pin_list>
<pin id="1" dir="1" index="0" bw="1" slack="0"/>
</pin_list>
<bind>
<StgValue><ssdm name="img_0"/><MemPortTyVec>1 1 </MemPortTyVec>
</StgValue>
</bind>
</comp>

<comp id="2" class="1000" name="img_1">
<pin_list>
<pin id="3" dir="1" index="0" bw="1" slack="0"/>
</pin_list>
<bind>
<StgValue><ssdm name="img_1"/><MemPortTyVec>1 1 </MemPortTyVec>
</StgValue>
</bind>
</comp>

<comp id="4" class="1000" name="img_2">
<pin_list>
<pin id="5" dir="1" index="0" bw="1" slack="0"/>
</pin_list>
<bind>
<StgValue><ssdm name="img_2"/><MemPortTyVec>1 1 </MemPortTyVec>
</StgValue>
</bind>
</comp>

<comp id="6" class="1000" name="img_3">
<pin_list>
<pin id="7" dir="1" index="0" bw="1" slack="0"/>
</pin_list>
<bind>
<StgValue><ssdm name="img_3"/><MemPortTyVec>1 1 </MemPortTyVec>
</StgValue>
</bind>
</comp>

<comp id="8" class="1000" name="W1_load_1">
<pin_list>
<pin id="9" dir="1" index="0" bw="1" slack="0"/>
</pin_list>
<bind>
<StgValue><ssdm name="W1_load_1"/></StgValue>
</bind>
</comp>

<comp id="10" class="1000" name="empty_34">
<pin_list>
<pin id="11" dir="1" index="0" bw="1" slack="0"/>
</pin_list>
<bind>
<StgValue><ssdm name="empty_34"/></StgValue>
</bind>
</comp>

<comp id="12" class="1000" name="W1_load_2">
<pin_list>
<pin id="13" dir="1" index="0" bw="1" slack="0"/>
</pin_list>
<bind>
<StgValue><ssdm name="W1_load_2"/></StgValue>
</bind>
</comp>

<comp id="14" class="1000" name="empty_35">
<pin_list>
<pin id="15" dir="1" index="0" bw="1" slack="0"/>
</pin_list>
<bind>
<StgValue><ssdm name="empty_35"/></StgValue>
</bind>
</comp>

<comp id="16" class="1000" name="W1_load_3">
<pin_list>
<pin id="17" dir="1" index="0" bw="1" slack="0"/>
</pin_list>
<bind>
<StgValue><ssdm name="W1_load_3"/></StgValue>
</bind>
</comp>

<comp id="18" class="1000" name="empty_36">
<pin_list>
<pin id="19" dir="1" index="0" bw="1" slack="0"/>
</pin_list>
<bind>
<StgValue><ssdm name="empty_36"/></StgValue>
</bind>
</comp>

<comp id="20" class="1000" name="W1_load_4">
<pin_list>
<pin id="21" dir="1" index="0" bw="1" slack="0"/>
</pin_list>
<bind>
<StgValue><ssdm name="W1_load_4"/></StgValue>
</bind>
</comp>

<comp id="22" class="1000" name="empty_37">
<pin_list>
<pin id="23" dir="1" index="0" bw="1" slack="0"/>
</pin_list>
<bind>
<StgValue><ssdm name="empty_37"/></StgValue>
</bind>
</comp>

<comp id="24" class="1000" name="cmp38_1_1">
<pin_list>
<pin id="25" dir="1" index="0" bw="1" slack="0"/>
</pin_list>
<bind>
<StgValue><ssdm name="cmp38_1_1"/></StgValue>
</bind>
</comp>

<comp id="26" class="1000" name="W1_load_5">
<pin_list>
<pin id="27" dir="1" index="0" bw="1" slack="0"/>
</pin_list>
<bind>
<StgValue><ssdm name="W1_load_5"/></StgValue>
</bind>
</comp>

<comp id="28" class="1000" name="empty_38">
<pin_list>
<pin id="29" dir="1" index="0" bw="1" slack="0"/>
</pin_list>
<bind>
<StgValue><ssdm name="empty_38"/></StgValue>
</bind>
</comp>

<comp id="30" class="1000" name="W1_load_6">
<pin_list>
<pin id="31" dir="1" index="0" bw="1" slack="0"/>
</pin_list>
<bind>
<StgValue><ssdm name="W1_load_6"/></StgValue>
</bind>
</comp>

<comp id="32" class="1000" name="empty_39">
<pin_list>
<pin id="33" dir="1" index="0" bw="1" slack="0"/>
</pin_list>
<bind>
<StgValue><ssdm name="empty_39"/></StgValue>
</bind>
</comp>

<comp id="34" class="1000" name="W1_load_7">
<pin_list>
<pin id="35" dir="1" index="0" bw="1" slack="0"/>
</pin_list>
<bind>
<StgValue><ssdm name="W1_load_7"/></StgValue>
</bind>
</comp>

<comp id="36" class="1000" name="empty_40">
<pin_list>
<pin id="37" dir="1" index="0" bw="1" slack="0"/>
</pin_list>
<bind>
<StgValue><ssdm name="empty_40"/></StgValue>
</bind>
</comp>

<comp id="38" class="1000" name="W1_load_8">
<pin_list>
<pin id="39" dir="1" index="0" bw="1" slack="0"/>
</pin_list>
<bind>
<StgValue><ssdm name="W1_load_8"/></StgValue>
</bind>
</comp>

<comp id="40" class="1000" name="empty">
<pin_list>
<pin id="41" dir="1" index="0" bw="1" slack="0"/>
</pin_list>
<bind>
<StgValue><ssdm name="empty"/></StgValue>
</bind>
</comp>

<comp id="42" class="1000" name="bnn_top_int_const_unsigned_int_const_int_const_unsigned_int_const_int_co_4">
<pin_list>
<pin id="43" dir="1" index="0" bw="1" slack="0"/>
</pin_list>
<bind>
<StgValue><ssdm name="bnn_top_int_const_unsigned_int_const_int_const_unsigned_int_const_int_co_4"/><MemPortTyVec>0 3 </MemPortTyVec>
</StgValue>
</bind>
</comp>

<comp id="44" class="1000" name="bnn_top_int_const_unsigned_int_const_int_const_unsigned_int_const_int_co_3">
<pin_list>
<pin id="45" dir="1" index="0" bw="1" slack="0"/>
</pin_list>
<bind>
<StgValue><ssdm name="bnn_top_int_const_unsigned_int_const_int_const_unsigned_int_const_int_co_3"/><MemPortTyVec>0 3 </MemPortTyVec>
</StgValue>
</bind>
</comp>

<comp id="46" class="1000" name="bnn_top_int_const_unsigned_int_const_int_const_unsigned_int_const_int_co_2">
<pin_list>
<pin id="47" dir="1" index="0" bw="1" slack="0"/>
</pin_list>
<bind>
<StgValue><ssdm name="bnn_top_int_const_unsigned_int_const_int_const_unsigned_int_const_int_co_2"/><MemPortTyVec>0 3 </MemPortTyVec>
</StgValue>
</bind>
</comp>

<comp id="48" class="1000" name="bnn_top_int_const_unsigned_int_const_int_const_unsigned_int_const_int_co_1">
<pin_list>
<pin id="49" dir="1" index="0" bw="1" slack="0"/>
</pin_list>
<bind>
<StgValue><ssdm name="bnn_top_int_const_unsigned_int_const_int_const_unsigned_int_const_int_co_1"/><MemPortTyVec>0 3 </MemPortTyVec>
</StgValue>
</bind>
</comp>

<comp id="50" class="1000" name="bnn_top_int_const_unsigned_int_const_int_const_unsigned_int_const_int_co">
<pin_list>
<pin id="51" dir="1" index="0" bw="1" slack="0"/>
</pin_list>
<bind>
<StgValue><ssdm name="bnn_top_int_const_unsigned_int_const_int_const_unsigned_int_const_int_co"/><MemPortTyVec>0 3 </MemPortTyVec>
</StgValue>
</bind>
</comp>

<comp id="52" class="1001" name="const_52">
<pin_list>
<pin id="53" dir="1" index="0" bw="1" slack="0"/>
</pin_list>
<bind>
<StgValue><ssdm name=""/></StgValue>
</bind>
</comp>

<comp id="54" class="1001" name="const_54">
<pin_list>
<pin id="55" dir="1" index="0" bw="1" slack="2147483647"/>
</pin_list>
<bind>
<StgValue><ssdm name="_ssdm_op_SpecInterface"/></StgValue>
</bind>
</comp>

<comp id="56" class="1001" name="const_56">
<pin_list>
<pin id="57" dir="1" index="0" bw="1" slack="2147483647"/>
</pin_list>
<bind>
<StgValue><ssdm name="empty_5"/></StgValue>
</bind>
</comp>

<comp id="58" class="1001" name="const_58">
<pin_list>
<pin id="59" dir="1" index="0" bw="1" slack="0"/>
</pin_list>
<bind>
<StgValue><ssdm name=""/></StgValue>
</bind>
</comp>

<comp id="60" class="1001" name="const_60">
<pin_list>
<pin id="61" dir="1" index="0" bw="1" slack="2147483647"/>
</pin_list>
<bind>
<StgValue><ssdm name="empty_2"/></StgValue>
</bind>
</comp>

<comp id="62" class="1001" name="const_62">
<pin_list>
<pin id="63" dir="1" index="0" bw="1" slack="2147483647"/>
</pin_list>
<bind>
<StgValue><ssdm name=""/></StgValue>
</bind>
</comp>

<comp id="64" class="1001" name="const_64">
<pin_list>
<pin id="65" dir="1" index="0" bw="1" slack="0"/>
</pin_list>
<bind>
<StgValue><ssdm name="_ssdm_op_Read.ap_auto.i5"/></StgValue>
</bind>
</comp>

<comp id="66" class="1001" name="const_66">
<pin_list>
<pin id="67" dir="1" index="0" bw="1" slack="0"/>
</pin_list>
<bind>
<StgValue><ssdm name="_ssdm_op_Read.ap_auto.i32"/></StgValue>
</bind>
</comp>

<comp id="68" class="1001" name="const_68">
<pin_list>
<pin id="69" dir="1" index="0" bw="1" slack="0"/>
</pin_list>
<bind>
<StgValue><ssdm name="_ssdm_op_Read.ap_auto.i1"/></StgValue>
</bind>
</comp>

<comp id="70" class="1001" name="const_70">
<pin_list>
<pin id="71" dir="1" index="0" bw="1" slack="0"/>
</pin_list>
<bind>
<StgValue><ssdm name=""/></StgValue>
</bind>
</comp>

<comp id="72" class="1001" name="const_72">
<pin_list>
<pin id="73" dir="1" index="0" bw="1" slack="0"/>
</pin_list>
<bind>
<StgValue><ssdm name=""/></StgValue>
</bind>
</comp>

<comp id="74" class="1001" name="const_74">
<pin_list>
<pin id="75" dir="1" index="0" bw="1" slack="0"/>
</pin_list>
<bind>
<StgValue><ssdm name=""/></StgValue>
</bind>
</comp>

<comp id="76" class="1001" name="const_76">
<pin_list>
<pin id="77" dir="1" index="0" bw="1" slack="0"/>
</pin_list>
<bind>
<StgValue><ssdm name=""/></StgValue>
</bind>
</comp>

<comp id="78" class="1001" name="const_78">
<pin_list>
<pin id="79" dir="1" index="0" bw="1" slack="0"/>
</pin_list>
<bind>
<StgValue><ssdm name=""/></StgValue>
</bind>
</comp>

<comp id="80" class="1001" name="const_80">
<pin_list>
<pin id="81" dir="1" index="0" bw="1" slack="0"/>
</pin_list>
<bind>
<StgValue><ssdm name=""/></StgValue>
</bind>
</comp>

<comp id="82" class="1001" name="const_82">
<pin_list>
<pin id="83" dir="1" index="0" bw="1" slack="0"/>
</pin_list>
<bind>
<StgValue><ssdm name=""/></StgValue>
</bind>
</comp>

<comp id="84" class="1001" name="const_84">
<pin_list>
<pin id="85" dir="1" index="0" bw="1" slack="0"/>
</pin_list>
<bind>
<StgValue><ssdm name="_ssdm_op_BitSelect.i1.i32.i5"/></StgValue>
</bind>
</comp>

<comp id="86" class="1001" name="const_86">
<pin_list>
<pin id="87" dir="1" index="0" bw="1" slack="0"/>
</pin_list>
<bind>
<StgValue><ssdm name="_ssdm_op_PartSelect.i3.i6.i32.i32"/></StgValue>
</bind>
</comp>

<comp id="88" class="1001" name="const_88">
<pin_list>
<pin id="89" dir="1" index="0" bw="1" slack="0"/>
</pin_list>
<bind>
<StgValue><ssdm name=""/></StgValue>
</bind>
</comp>

<comp id="90" class="1001" name="const_90">
<pin_list>
<pin id="91" dir="1" index="0" bw="1" slack="0"/>
</pin_list>
<bind>
<StgValue><ssdm name=""/></StgValue>
</bind>
</comp>

<comp id="92" class="1001" name="const_92">
<pin_list>
<pin id="93" dir="1" index="0" bw="1" slack="0"/>
</pin_list>
<bind>
<StgValue><ssdm name=""/></StgValue>
</bind>
</comp>

<comp id="94" class="1001" name="const_94">
<pin_list>
<pin id="95" dir="1" index="0" bw="1" slack="0"/>
</pin_list>
<bind>
<StgValue><ssdm name="_ssdm_op_PartSelect.i4.i6.i32.i32"/></StgValue>
</bind>
</comp>

<comp id="96" class="1001" name="const_96">
<pin_list>
<pin id="97" dir="1" index="0" bw="1" slack="0"/>
</pin_list>
<bind>
<StgValue><ssdm name=""/></StgValue>
</bind>
</comp>

<comp id="98" class="1001" name="const_98">
<pin_list>
<pin id="99" dir="1" index="0" bw="1" slack="0"/>
</pin_list>
<bind>
<StgValue><ssdm name=""/></StgValue>
</bind>
</comp>

<comp id="100" class="1001" name="const_100">
<pin_list>
<pin id="101" dir="1" index="0" bw="1" slack="0"/>
</pin_list>
<bind>
<StgValue><ssdm name="_ssdm_op_BitSelect.i1.i6.i32"/></StgValue>
</bind>
</comp>

<comp id="102" class="1001" name="const_102">
<pin_list>
<pin id="103" dir="1" index="0" bw="1" slack="0"/>
</pin_list>
<bind>
<StgValue><ssdm name="_ssdm_op_BitConcatenate.i2.i1.i1"/></StgValue>
</bind>
</comp>

<comp id="104" class="1001" name="const_104">
<pin_list>
<pin id="105" dir="1" index="0" bw="1" slack="0"/>
</pin_list>
<bind>
<StgValue><ssdm name=""/></StgValue>
</bind>
</comp>

<comp id="106" class="1001" name="const_106">
<pin_list>
<pin id="107" dir="1" index="0" bw="1" slack="0"/>
</pin_list>
<bind>
<StgValue><ssdm name="_ssdm_op_BitConcatenate.i10.i5.i5"/></StgValue>
</bind>
</comp>

<comp id="108" class="1001" name="const_108">
<pin_list>
<pin id="109" dir="1" index="0" bw="1" slack="0"/>
</pin_list>
<bind>
<StgValue><ssdm name=""/></StgValue>
</bind>
</comp>

<comp id="110" class="1001" name="const_110">
<pin_list>
<pin id="111" dir="1" index="0" bw="1" slack="0"/>
</pin_list>
<bind>
<StgValue><ssdm name="_ssdm_op_BitConcatenate.i7.i6.i1"/></StgValue>
</bind>
</comp>

<comp id="112" class="1001" name="const_112">
<pin_list>
<pin id="113" dir="1" index="0" bw="1" slack="0"/>
</pin_list>
<bind>
<StgValue><ssdm name=""/></StgValue>
</bind>
</comp>

<comp id="114" class="1001" name="const_114">
<pin_list>
<pin id="115" dir="1" index="0" bw="1" slack="0"/>
</pin_list>
<bind>
<StgValue><ssdm name=""/></StgValue>
</bind>
</comp>

<comp id="116" class="1001" name="const_116">
<pin_list>
<pin id="117" dir="1" index="0" bw="1" slack="0"/>
</pin_list>
<bind>
<StgValue><ssdm name="_ssdm_op_PartSelect.i8.i21.i32.i32"/></StgValue>
</bind>
</comp>

<comp id="118" class="1001" name="const_118">
<pin_list>
<pin id="119" dir="1" index="0" bw="1" slack="0"/>
</pin_list>
<bind>
<StgValue><ssdm name=""/></StgValue>
</bind>
</comp>

<comp id="120" class="1001" name="const_120">
<pin_list>
<pin id="121" dir="1" index="0" bw="1" slack="0"/>
</pin_list>
<bind>
<StgValue><ssdm name=""/></StgValue>
</bind>
</comp>

<comp id="122" class="1001" name="const_122">
<pin_list>
<pin id="123" dir="1" index="0" bw="1" slack="0"/>
</pin_list>
<bind>
<StgValue><ssdm name="_ssdm_op_BitConcatenate.i8.i5.i3"/></StgValue>
</bind>
</comp>

<comp id="124" class="1001" name="const_124">
<pin_list>
<pin id="125" dir="1" index="0" bw="1" slack="0"/>
</pin_list>
<bind>
<StgValue><ssdm name=""/></StgValue>
</bind>
</comp>

<comp id="126" class="1001" name="const_126">
<pin_list>
<pin id="127" dir="1" index="0" bw="1" slack="0"/>
</pin_list>
<bind>
<StgValue><ssdm name=""/></StgValue>
</bind>
</comp>

<comp id="128" class="1001" name="const_128">
<pin_list>
<pin id="129" dir="1" index="0" bw="1" slack="0"/>
</pin_list>
<bind>
<StgValue><ssdm name=""/></StgValue>
</bind>
</comp>

<comp id="130" class="1001" name="const_130">
<pin_list>
<pin id="131" dir="1" index="0" bw="1" slack="0"/>
</pin_list>
<bind>
<StgValue><ssdm name="_ssdm_op_PartSelect.i5.i8.i32.i32"/></StgValue>
</bind>
</comp>

<comp id="132" class="1001" name="const_132">
<pin_list>
<pin id="133" dir="1" index="0" bw="1" slack="0"/>
</pin_list>
<bind>
<StgValue><ssdm name=""/></StgValue>
</bind>
</comp>

<comp id="134" class="1001" name="const_134">
<pin_list>
<pin id="135" dir="1" index="0" bw="1" slack="0"/>
</pin_list>
<bind>
<StgValue><ssdm name=""/></StgValue>
</bind>
</comp>

<comp id="136" class="1001" name="const_136">
<pin_list>
<pin id="137" dir="1" index="0" bw="1" slack="0"/>
</pin_list>
<bind>
<StgValue><ssdm name="_ssdm_op_SparseMux.ap_auto.4i32.i32.i2"/></StgValue>
</bind>
</comp>

<comp id="138" class="1001" name="const_138">
<pin_list>
<pin id="139" dir="1" index="0" bw="1" slack="0"/>
</pin_list>
<bind>
<StgValue><ssdm name=""/></StgValue>
</bind>
</comp>

<comp id="140" class="1001" name="const_140">
<pin_list>
<pin id="141" dir="1" index="0" bw="1" slack="0"/>
</pin_list>
<bind>
<StgValue><ssdm name=""/></StgValue>
</bind>
</comp>

<comp id="142" class="1001" name="const_142">
<pin_list>
<pin id="143" dir="1" index="0" bw="1" slack="0"/>
</pin_list>
<bind>
<StgValue><ssdm name=""/></StgValue>
</bind>
</comp>

<comp id="144" class="1001" name="const_144">
<pin_list>
<pin id="145" dir="1" index="0" bw="1" slack="0"/>
</pin_list>
<bind>
<StgValue><ssdm name=""/></StgValue>
</bind>
</comp>

<comp id="146" class="1001" name="const_146">
<pin_list>
<pin id="147" dir="1" index="0" bw="1" slack="2147483647"/>
</pin_list>
<bind>
<StgValue><ssdm name="_ssdm_op_SpecLoopName"/></StgValue>
</bind>
</comp>

<comp id="148" class="1001" name="const_148">
<pin_list>
<pin id="149" dir="1" index="0" bw="1" slack="2147483647"/>
</pin_list>
<bind>
<StgValue><ssdm name="VITIS_LOOP_50_2_VITIS_LOOP_51_3_str"/></StgValue>
</bind>
</comp>

<comp id="150" class="1001" name="const_150">
<pin_list>
<pin id="151" dir="1" index="0" bw="1" slack="2147483647"/>
</pin_list>
<bind>
<StgValue><ssdm name="_ssdm_op_SpecLoopTripCount"/></StgValue>
</bind>
</comp>

<comp id="152" class="1001" name="const_152">
<pin_list>
<pin id="153" dir="1" index="0" bw="1" slack="2147483647"/>
</pin_list>
<bind>
<StgValue><ssdm name=""/></StgValue>
</bind>
</comp>

<comp id="154" class="1001" name="const_154">
<pin_list>
<pin id="155" dir="1" index="0" bw="1" slack="2147483647"/>
</pin_list>
<bind>
<StgValue><ssdm name="_ssdm_op_SpecPipeline"/></StgValue>
</bind>
</comp>

<comp id="156" class="1001" name="const_156">
<pin_list>
<pin id="157" dir="1" index="0" bw="1" slack="0"/>
</pin_list>
<bind>
<StgValue><ssdm name=""/></StgValue>
</bind>
</comp>

<comp id="158" class="1001" name="const_158">
<pin_list>
<pin id="159" dir="1" index="0" bw="1" slack="0"/>
</pin_list>
<bind>
<StgValue><ssdm name=""/></StgValue>
</bind>
</comp>

<comp id="160" class="1001" name="const_160">
<pin_list>
<pin id="161" dir="1" index="0" bw="1" slack="0"/>
</pin_list>
<bind>
<StgValue><ssdm name=""/></StgValue>
</bind>
</comp>

<comp id="162" class="1004" name="iw_fu_162">
<pin_list>
<pin id="163" dir="0" index="0" bw="1" slack="0"/>
<pin id="164" dir="1" index="1" bw="6" slack="0"/>
</pin_list>
<bind>
<opcode="alloca(26) " fcode="alloca"/>
<opset="iw/1 "/>
</bind>
</comp>

<comp id="166" class="1004" name="oh_fu_166">
<pin_list>
<pin id="167" dir="0" index="0" bw="1" slack="0"/>
<pin id="168" dir="1" index="1" bw="6" slack="0"/>
</pin_list>
<bind>
<opcode="alloca(26) " fcode="alloca"/>
<opset="oh/1 "/>
</bind>
</comp>

<comp id="170" class="1004" name="indvar_flatten_fu_170">
<pin_list>
<pin id="171" dir="0" index="0" bw="1" slack="0"/>
<pin id="172" dir="1" index="1" bw="11" slack="0"/>
</pin_list>
<bind>
<opcode="alloca(26) " fcode="alloca"/>
<opset="indvar_flatten/1 "/>
</bind>
</comp>

<comp id="174" class="1004" name="tmp_read_fu_174">
<pin_list>
<pin id="175" dir="0" index="0" bw="5" slack="0"/>
<pin id="176" dir="0" index="1" bw="5" slack="0"/>
<pin id="177" dir="1" index="2" bw="5" slack="0"/>
</pin_list>
<bind>
<opcode="read(1150) " fcode="read"/>
<opset="tmp/1 "/>
</bind>
</comp>

<comp id="180" class="1004" name="W1_load_8_read_read_fu_180">
<pin_list>
<pin id="181" dir="0" index="0" bw="32" slack="0"/>
<pin id="182" dir="0" index="1" bw="32" slack="0"/>
<pin id="183" dir="1" index="2" bw="32" slack="0"/>
</pin_list>
<bind>
<opcode="read(1150) " fcode="read"/>
<opset="W1_load_8_read/1 "/>
</bind>
</comp>

<comp id="186" class="1004" name="tmp_32_read_fu_186">
<pin_list>
<pin id="187" dir="0" index="0" bw="5" slack="0"/>
<pin id="188" dir="0" index="1" bw="5" slack="0"/>
<pin id="189" dir="1" index="2" bw="5" slack="0"/>
</pin_list>
<bind>
<opcode="read(1150) " fcode="read"/>
<opset="tmp_32/1 "/>
</bind>
</comp>

<comp id="192" class="1004" name="W1_load_7_read_read_fu_192">
<pin_list>
<pin id="193" dir="0" index="0" bw="32" slack="0"/>
<pin id="194" dir="0" index="1" bw="32" slack="0"/>
<pin id="195" dir="1" index="2" bw="32" slack="0"/>
</pin_list>
<bind>
<opcode="read(1150) " fcode="read"/>
<opset="W1_load_7_read/1 "/>
</bind>
</comp>

<comp id="198" class="1004" name="tmp_33_read_fu_198">
<pin_list>
<pin id="199" dir="0" index="0" bw="5" slack="0"/>
<pin id="200" dir="0" index="1" bw="5" slack="0"/>
<pin id="201" dir="1" index="2" bw="5" slack="0"/>
</pin_list>
<bind>
<opcode="read(1150) " fcode="read"/>
<opset="tmp_33/1 "/>
</bind>
</comp>

<comp id="204" class="1004" name="W1_load_6_read_read_fu_204">
<pin_list>
<pin id="205" dir="0" index="0" bw="32" slack="0"/>
<pin id="206" dir="0" index="1" bw="32" slack="0"/>
<pin id="207" dir="1" index="2" bw="32" slack="0"/>
</pin_list>
<bind>
<opcode="read(1150) " fcode="read"/>
<opset="W1_load_6_read/1 "/>
</bind>
</comp>

<comp id="210" class="1004" name="tmp_34_read_fu_210">
<pin_list>
<pin id="211" dir="0" index="0" bw="5" slack="0"/>
<pin id="212" dir="0" index="1" bw="5" slack="0"/>
<pin id="213" dir="1" index="2" bw="5" slack="0"/>
</pin_list>
<bind>
<opcode="read(1150) " fcode="read"/>
<opset="tmp_34/1 "/>
</bind>
</comp>

<comp id="216" class="1004" name="W1_load_5_read_read_fu_216">
<pin_list>
<pin id="217" dir="0" index="0" bw="32" slack="0"/>
<pin id="218" dir="0" index="1" bw="32" slack="0"/>
<pin id="219" dir="1" index="2" bw="32" slack="0"/>
</pin_list>
<bind>
<opcode="read(1150) " fcode="read"/>
<opset="W1_load_5_read/1 "/>
</bind>
</comp>

<comp id="222" class="1004" name="cmp38_1_1_read_read_fu_222">
<pin_list>
<pin id="223" dir="0" index="0" bw="1" slack="0"/>
<pin id="224" dir="0" index="1" bw="1" slack="0"/>
<pin id="225" dir="1" index="2" bw="1" slack="9"/>
</pin_list>
<bind>
<opcode="read(1150) " fcode="read"/>
<opset="cmp38_1_1_read/1 "/>
</bind>
</comp>

<comp id="228" class="1004" name="tmp_35_read_fu_228">
<pin_list>
<pin id="229" dir="0" index="0" bw="5" slack="0"/>
<pin id="230" dir="0" index="1" bw="5" slack="0"/>
<pin id="231" dir="1" index="2" bw="5" slack="0"/>
</pin_list>
<bind>
<opcode="read(1150) " fcode="read"/>
<opset="tmp_35/1 "/>
</bind>
</comp>

<comp id="234" class="1004" name="W1_load_4_read_read_fu_234">
<pin_list>
<pin id="235" dir="0" index="0" bw="32" slack="0"/>
<pin id="236" dir="0" index="1" bw="32" slack="0"/>
<pin id="237" dir="1" index="2" bw="32" slack="0"/>
</pin_list>
<bind>
<opcode="read(1150) " fcode="read"/>
<opset="W1_load_4_read/1 "/>
</bind>
</comp>

<comp id="240" class="1004" name="tmp_36_read_fu_240">
<pin_list>
<pin id="241" dir="0" index="0" bw="5" slack="0"/>
<pin id="242" dir="0" index="1" bw="5" slack="0"/>
<pin id="243" dir="1" index="2" bw="5" slack="0"/>
</pin_list>
<bind>
<opcode="read(1150) " fcode="read"/>
<opset="tmp_36/1 "/>
</bind>
</comp>

<comp id="246" class="1004" name="W1_load_3_read_read_fu_246">
<pin_list>
<pin id="247" dir="0" index="0" bw="32" slack="0"/>
<pin id="248" dir="0" index="1" bw="32" slack="0"/>
<pin id="249" dir="1" index="2" bw="32" slack="0"/>
</pin_list>
<bind>
<opcode="read(1150) " fcode="read"/>
<opset="W1_load_3_read/1 "/>
</bind>
</comp>

<comp id="252" class="1004" name="tmp_37_read_fu_252">
<pin_list>
<pin id="253" dir="0" index="0" bw="5" slack="0"/>
<pin id="254" dir="0" index="1" bw="5" slack="0"/>
<pin id="255" dir="1" index="2" bw="5" slack="0"/>
</pin_list>
<bind>
<opcode="read(1150) " fcode="read"/>
<opset="tmp_37/1 "/>
</bind>
</comp>

<comp id="258" class="1004" name="W1_load_2_read_read_fu_258">
<pin_list>
<pin id="259" dir="0" index="0" bw="32" slack="0"/>
<pin id="260" dir="0" index="1" bw="32" slack="0"/>
<pin id="261" dir="1" index="2" bw="32" slack="0"/>
</pin_list>
<bind>
<opcode="read(1150) " fcode="read"/>
<opset="W1_load_2_read/1 "/>
</bind>
</comp>

<comp id="264" class="1004" name="tmp_38_read_fu_264">
<pin_list>
<pin id="265" dir="0" index="0" bw="5" slack="0"/>
<pin id="266" dir="0" index="1" bw="5" slack="0"/>
<pin id="267" dir="1" index="2" bw="5" slack="0"/>
</pin_list>
<bind>
<opcode="read(1150) " fcode="read"/>
<opset="tmp_38/1 "/>
</bind>
</comp>

<comp id="270" class="1004" name="W1_load_1_read_read_fu_270">
<pin_list>
<pin id="271" dir="0" index="0" bw="32" slack="0"/>
<pin id="272" dir="0" index="1" bw="32" slack="0"/>
<pin id="273" dir="1" index="2" bw="32" slack="0"/>
</pin_list>
<bind>
<opcode="read(1150) " fcode="read"/>
<opset="W1_load_1_read/1 "/>
</bind>
</comp>

<comp id="276" class="1004" name="img_0_addr_gep_fu_276">
<pin_list>
<pin id="277" dir="0" index="0" bw="32" slack="0"/>
<pin id="278" dir="0" index="1" bw="1" slack="0"/>
<pin id="279" dir="0" index="2" bw="8" slack="0"/>
<pin id="280" dir="1" index="3" bw="8" slack="0"/>
</pin_list>
<bind>
<opcode="getelementptr(29) " fcode="getelementptr"/>
<opset="img_0_addr/8 "/>
</bind>
</comp>

<comp id="283" class="1004" name="grp_access_fu_283">
<pin_list>
<pin id="284" dir="0" index="0" bw="8" slack="0"/>
<pin id="285" dir="0" index="1" bw="32" slack="2147483647"/>
<pin id="286" dir="0" index="2" bw="0" slack="0"/>
<pin id="288" dir="0" index="4" bw="8" slack="2147483647"/>
<pin id="289" dir="0" index="5" bw="32" slack="2147483647"/>
<pin id="290" dir="0" index="6" bw="0" slack="2147483647"/>
<pin id="287" dir="1" index="3" bw="32" slack="0"/>
<pin id="291" dir="1" index="7" bw="32" slack="0"/>
</pin_list>
<bind>
<opcode="load(27) " fcode="load"/>
<opset="img_0_load/8 img_0_load_1/8 img_0_load_2/8 img_0_load_3/8 img_0_load_4/8 img_0_load_5/8 img_0_load_6/9 img_0_load_7/9 img_0_load_8/9 "/>
</bind>
</comp>

<comp id="293" class="1004" name="img_1_addr_gep_fu_293">
<pin_list>
<pin id="294" dir="0" index="0" bw="32" slack="0"/>
<pin id="295" dir="0" index="1" bw="1" slack="0"/>
<pin id="296" dir="0" index="2" bw="8" slack="0"/>
<pin id="297" dir="1" index="3" bw="8" slack="0"/>
</pin_list>
<bind>
<opcode="getelementptr(29) " fcode="getelementptr"/>
<opset="img_1_addr/8 "/>
</bind>
</comp>

<comp id="300" class="1004" name="grp_access_fu_300">
<pin_list>
<pin id="301" dir="0" index="0" bw="8" slack="0"/>
<pin id="302" dir="0" index="1" bw="32" slack="2147483647"/>
<pin id="303" dir="0" index="2" bw="0" slack="0"/>
<pin id="305" dir="0" index="4" bw="8" slack="2147483647"/>
<pin id="306" dir="0" index="5" bw="32" slack="2147483647"/>
<pin id="307" dir="0" index="6" bw="0" slack="2147483647"/>
<pin id="304" dir="1" index="3" bw="32" slack="0"/>
<pin id="308" dir="1" index="7" bw="32" slack="0"/>
</pin_list>
<bind>
<opcode="load(27) " fcode="load"/>
<opset="img_1_load/8 img_1_load_1/8 img_1_load_2/8 img_1_load_3/8 img_1_load_4/8 img_1_load_5/8 img_1_load_6/9 img_1_load_7/9 img_1_load_8/9 "/>
</bind>
</comp>

<comp id="310" class="1004" name="img_2_addr_gep_fu_310">
<pin_list>
<pin id="311" dir="0" index="0" bw="32" slack="0"/>
<pin id="312" dir="0" index="1" bw="1" slack="0"/>
<pin id="313" dir="0" index="2" bw="8" slack="0"/>
<pin id="314" dir="1" index="3" bw="8" slack="0"/>
</pin_list>
<bind>
<opcode="getelementptr(29) " fcode="getelementptr"/>
<opset="img_2_addr/8 "/>
</bind>
</comp>

<comp id="317" class="1004" name="grp_access_fu_317">
<pin_list>
<pin id="318" dir="0" index="0" bw="8" slack="0"/>
<pin id="319" dir="0" index="1" bw="32" slack="2147483647"/>
<pin id="320" dir="0" index="2" bw="0" slack="0"/>
<pin id="322" dir="0" index="4" bw="8" slack="2147483647"/>
<pin id="323" dir="0" index="5" bw="32" slack="2147483647"/>
<pin id="324" dir="0" index="6" bw="0" slack="2147483647"/>
<pin id="321" dir="1" index="3" bw="32" slack="0"/>
<pin id="325" dir="1" index="7" bw="32" slack="0"/>
</pin_list>
<bind>
<opcode="load(27) " fcode="load"/>
<opset="img_2_load/8 img_2_load_1/8 img_2_load_2/8 img_2_load_3/8 img_2_load_4/8 img_2_load_5/8 img_2_load_6/9 img_2_load_7/9 img_2_load_8/9 "/>
</bind>
</comp>

<comp id="327" class="1004" name="img_3_addr_gep_fu_327">
<pin_list>
<pin id="328" dir="0" index="0" bw="32" slack="0"/>
<pin id="329" dir="0" index="1" bw="1" slack="0"/>
<pin id="330" dir="0" index="2" bw="8" slack="0"/>
<pin id="331" dir="1" index="3" bw="8" slack="0"/>
</pin_list>
<bind>
<opcode="getelementptr(29) " fcode="getelementptr"/>
<opset="img_3_addr/8 "/>
</bind>
</comp>

<comp id="334" class="1004" name="grp_access_fu_334">
<pin_list>
<pin id="335" dir="0" index="0" bw="8" slack="0"/>
<pin id="336" dir="0" index="1" bw="32" slack="2147483647"/>
<pin id="337" dir="0" index="2" bw="0" slack="0"/>
<pin id="339" dir="0" index="4" bw="8" slack="2147483647"/>
<pin id="340" dir="0" index="5" bw="32" slack="2147483647"/>
<pin id="341" dir="0" index="6" bw="0" slack="2147483647"/>
<pin id="338" dir="1" index="3" bw="32" slack="0"/>
<pin id="342" dir="1" index="7" bw="32" slack="0"/>
</pin_list>
<bind>
<opcode="load(27) " fcode="load"/>
<opset="img_3_load/8 img_3_load_1/8 img_3_load_2/8 img_3_load_3/8 img_3_load_4/8 img_3_load_5/8 img_3_load_6/9 img_3_load_7/9 img_3_load_8/9 "/>
</bind>
</comp>

<comp id="344" class="1004" name="img_0_addr_1_gep_fu_344">
<pin_list>
<pin id="345" dir="0" index="0" bw="32" slack="0"/>
<pin id="346" dir="0" index="1" bw="1" slack="0"/>
<pin id="347" dir="0" index="2" bw="8" slack="0"/>
<pin id="348" dir="1" index="3" bw="8" slack="0"/>
</pin_list>
<bind>
<opcode="getelementptr(29) " fcode="getelementptr"/>
<opset="img_0_addr_1/8 "/>
</bind>
</comp>

<comp id="352" class="1004" name="img_1_addr_1_gep_fu_352">
<pin_list>
<pin id="353" dir="0" index="0" bw="32" slack="0"/>
<pin id="354" dir="0" index="1" bw="1" slack="0"/>
<pin id="355" dir="0" index="2" bw="8" slack="0"/>
<pin id="356" dir="1" index="3" bw="8" slack="0"/>
</pin_list>
<bind>
<opcode="getelementptr(29) " fcode="getelementptr"/>
<opset="img_1_addr_1/8 "/>
</bind>
</comp>

<comp id="360" class="1004" name="img_2_addr_1_gep_fu_360">
<pin_list>
<pin id="361" dir="0" index="0" bw="32" slack="0"/>
<pin id="362" dir="0" index="1" bw="1" slack="0"/>
<pin id="363" dir="0" index="2" bw="8" slack="0"/>
<pin id="364" dir="1" index="3" bw="8" slack="0"/>
</pin_list>
<bind>
<opcode="getelementptr(29) " fcode="getelementptr"/>
<opset="img_2_addr_1/8 "/>
</bind>
</comp>

<comp id="368" class="1004" name="img_3_addr_1_gep_fu_368">
<pin_list>
<pin id="369" dir="0" index="0" bw="32" slack="0"/>
<pin id="370" dir="0" index="1" bw="1" slack="0"/>
<pin id="371" dir="0" index="2" bw="8" slack="0"/>
<pin id="372" dir="1" index="3" bw="8" slack="0"/>
</pin_list>
<bind>
<opcode="getelementptr(29) " fcode="getelementptr"/>
<opset="img_3_addr_1/8 "/>
</bind>
</comp>

<comp id="376" class="1004" name="img_0_addr_2_gep_fu_376">
<pin_list>
<pin id="377" dir="0" index="0" bw="32" slack="0"/>
<pin id="378" dir="0" index="1" bw="1" slack="0"/>
<pin id="379" dir="0" index="2" bw="8" slack="0"/>
<pin id="380" dir="1" index="3" bw="8" slack="0"/>
</pin_list>
<bind>
<opcode="getelementptr(29) " fcode="getelementptr"/>
<opset="img_0_addr_2/8 "/>
</bind>
</comp>

<comp id="384" class="1004" name="img_1_addr_2_gep_fu_384">
<pin_list>
<pin id="385" dir="0" index="0" bw="32" slack="0"/>
<pin id="386" dir="0" index="1" bw="1" slack="0"/>
<pin id="387" dir="0" index="2" bw="8" slack="0"/>
<pin id="388" dir="1" index="3" bw="8" slack="0"/>
</pin_list>
<bind>
<opcode="getelementptr(29) " fcode="getelementptr"/>
<opset="img_1_addr_2/8 "/>
</bind>
</comp>

<comp id="392" class="1004" name="img_2_addr_2_gep_fu_392">
<pin_list>
<pin id="393" dir="0" index="0" bw="32" slack="0"/>
<pin id="394" dir="0" index="1" bw="1" slack="0"/>
<pin id="395" dir="0" index="2" bw="8" slack="0"/>
<pin id="396" dir="1" index="3" bw="8" slack="0"/>
</pin_list>
<bind>
<opcode="getelementptr(29) " fcode="getelementptr"/>
<opset="img_2_addr_2/8 "/>
</bind>
</comp>

<comp id="400" class="1004" name="img_3_addr_2_gep_fu_400">
<pin_list>
<pin id="401" dir="0" index="0" bw="32" slack="0"/>
<pin id="402" dir="0" index="1" bw="1" slack="0"/>
<pin id="403" dir="0" index="2" bw="8" slack="0"/>
<pin id="404" dir="1" index="3" bw="8" slack="0"/>
</pin_list>
<bind>
<opcode="getelementptr(29) " fcode="getelementptr"/>
<opset="img_3_addr_2/8 "/>
</bind>
</comp>

<comp id="408" class="1004" name="img_0_addr_3_gep_fu_408">
<pin_list>
<pin id="409" dir="0" index="0" bw="32" slack="0"/>
<pin id="410" dir="0" index="1" bw="1" slack="0"/>
<pin id="411" dir="0" index="2" bw="8" slack="0"/>
<pin id="412" dir="1" index="3" bw="8" slack="0"/>
</pin_list>
<bind>
<opcode="getelementptr(29) " fcode="getelementptr"/>
<opset="img_0_addr_3/8 "/>
</bind>
</comp>

<comp id="416" class="1004" name="img_1_addr_3_gep_fu_416">
<pin_list>
<pin id="417" dir="0" index="0" bw="32" slack="0"/>
<pin id="418" dir="0" index="1" bw="1" slack="0"/>
<pin id="419" dir="0" index="2" bw="8" slack="0"/>
<pin id="420" dir="1" index="3" bw="8" slack="0"/>
</pin_list>
<bind>
<opcode="getelementptr(29) " fcode="getelementptr"/>
<opset="img_1_addr_3/8 "/>
</bind>
</comp>

<comp id="424" class="1004" name="img_2_addr_3_gep_fu_424">
<pin_list>
<pin id="425" dir="0" index="0" bw="32" slack="0"/>
<pin id="426" dir="0" index="1" bw="1" slack="0"/>
<pin id="427" dir="0" index="2" bw="8" slack="0"/>
<pin id="428" dir="1" index="3" bw="8" slack="0"/>
</pin_list>
<bind>
<opcode="getelementptr(29) " fcode="getelementptr"/>
<opset="img_2_addr_3/8 "/>
</bind>
</comp>

<comp id="432" class="1004" name="img_3_addr_3_gep_fu_432">
<pin_list>
<pin id="433" dir="0" index="0" bw="32" slack="0"/>
<pin id="434" dir="0" index="1" bw="1" slack="0"/>
<pin id="435" dir="0" index="2" bw="8" slack="0"/>
<pin id="436" dir="1" index="3" bw="8" slack="0"/>
</pin_list>
<bind>
<opcode="getelementptr(29) " fcode="getelementptr"/>
<opset="img_3_addr_3/8 "/>
</bind>
</comp>

<comp id="440" class="1004" name="img_0_addr_4_gep_fu_440">
<pin_list>
<pin id="441" dir="0" index="0" bw="32" slack="0"/>
<pin id="442" dir="0" index="1" bw="1" slack="0"/>
<pin id="443" dir="0" index="2" bw="8" slack="0"/>
<pin id="444" dir="1" index="3" bw="8" slack="0"/>
</pin_list>
<bind>
<opcode="getelementptr(29) " fcode="getelementptr"/>
<opset="img_0_addr_4/8 "/>
</bind>
</comp>

<comp id="448" class="1004" name="img_1_addr_4_gep_fu_448">
<pin_list>
<pin id="449" dir="0" index="0" bw="32" slack="0"/>
<pin id="450" dir="0" index="1" bw="1" slack="0"/>
<pin id="451" dir="0" index="2" bw="8" slack="0"/>
<pin id="452" dir="1" index="3" bw="8" slack="0"/>
</pin_list>
<bind>
<opcode="getelementptr(29) " fcode="getelementptr"/>
<opset="img_1_addr_4/8 "/>
</bind>
</comp>

<comp id="456" class="1004" name="img_2_addr_4_gep_fu_456">
<pin_list>
<pin id="457" dir="0" index="0" bw="32" slack="0"/>
<pin id="458" dir="0" index="1" bw="1" slack="0"/>
<pin id="459" dir="0" index="2" bw="8" slack="0"/>
<pin id="460" dir="1" index="3" bw="8" slack="0"/>
</pin_list>
<bind>
<opcode="getelementptr(29) " fcode="getelementptr"/>
<opset="img_2_addr_4/8 "/>
</bind>
</comp>

<comp id="464" class="1004" name="img_3_addr_4_gep_fu_464">
<pin_list>
<pin id="465" dir="0" index="0" bw="32" slack="0"/>
<pin id="466" dir="0" index="1" bw="1" slack="0"/>
<pin id="467" dir="0" index="2" bw="8" slack="0"/>
<pin id="468" dir="1" index="3" bw="8" slack="0"/>
</pin_list>
<bind>
<opcode="getelementptr(29) " fcode="getelementptr"/>
<opset="img_3_addr_4/8 "/>
</bind>
</comp>

<comp id="472" class="1004" name="img_0_addr_5_gep_fu_472">
<pin_list>
<pin id="473" dir="0" index="0" bw="32" slack="0"/>
<pin id="474" dir="0" index="1" bw="1" slack="0"/>
<pin id="475" dir="0" index="2" bw="8" slack="0"/>
<pin id="476" dir="1" index="3" bw="8" slack="0"/>
</pin_list>
<bind>
<opcode="getelementptr(29) " fcode="getelementptr"/>
<opset="img_0_addr_5/8 "/>
</bind>
</comp>

<comp id="480" class="1004" name="img_1_addr_5_gep_fu_480">
<pin_list>
<pin id="481" dir="0" index="0" bw="32" slack="0"/>
<pin id="482" dir="0" index="1" bw="1" slack="0"/>
<pin id="483" dir="0" index="2" bw="8" slack="0"/>
<pin id="484" dir="1" index="3" bw="8" slack="0"/>
</pin_list>
<bind>
<opcode="getelementptr(29) " fcode="getelementptr"/>
<opset="img_1_addr_5/8 "/>
</bind>
</comp>

<comp id="488" class="1004" name="img_2_addr_5_gep_fu_488">
<pin_list>
<pin id="489" dir="0" index="0" bw="32" slack="0"/>
<pin id="490" dir="0" index="1" bw="1" slack="0"/>
<pin id="491" dir="0" index="2" bw="8" slack="0"/>
<pin id="492" dir="1" index="3" bw="8" slack="0"/>
</pin_list>
<bind>
<opcode="getelementptr(29) " fcode="getelementptr"/>
<opset="img_2_addr_5/8 "/>
</bind>
</comp>

<comp id="496" class="1004" name="img_3_addr_5_gep_fu_496">
<pin_list>
<pin id="497" dir="0" index="0" bw="32" slack="0"/>
<pin id="498" dir="0" index="1" bw="1" slack="0"/>
<pin id="499" dir="0" index="2" bw="8" slack="0"/>
<pin id="500" dir="1" index="3" bw="8" slack="0"/>
</pin_list>
<bind>
<opcode="getelementptr(29) " fcode="getelementptr"/>
<opset="img_3_addr_5/8 "/>
</bind>
</comp>

<comp id="504" class="1004" name="img_0_addr_6_gep_fu_504">
<pin_list>
<pin id="505" dir="0" index="0" bw="32" slack="0"/>
<pin id="506" dir="0" index="1" bw="1" slack="0"/>
<pin id="507" dir="0" index="2" bw="8" slack="0"/>
<pin id="508" dir="1" index="3" bw="8" slack="0"/>
</pin_list>
<bind>
<opcode="getelementptr(29) " fcode="getelementptr"/>
<opset="img_0_addr_6/9 "/>
</bind>
</comp>

<comp id="512" class="1004" name="img_1_addr_6_gep_fu_512">
<pin_list>
<pin id="513" dir="0" index="0" bw="32" slack="0"/>
<pin id="514" dir="0" index="1" bw="1" slack="0"/>
<pin id="515" dir="0" index="2" bw="8" slack="0"/>
<pin id="516" dir="1" index="3" bw="8" slack="0"/>
</pin_list>
<bind>
<opcode="getelementptr(29) " fcode="getelementptr"/>
<opset="img_1_addr_6/9 "/>
</bind>
</comp>

<comp id="520" class="1004" name="img_2_addr_6_gep_fu_520">
<pin_list>
<pin id="521" dir="0" index="0" bw="32" slack="0"/>
<pin id="522" dir="0" index="1" bw="1" slack="0"/>
<pin id="523" dir="0" index="2" bw="8" slack="0"/>
<pin id="524" dir="1" index="3" bw="8" slack="0"/>
</pin_list>
<bind>
<opcode="getelementptr(29) " fcode="getelementptr"/>
<opset="img_2_addr_6/9 "/>
</bind>
</comp>

<comp id="528" class="1004" name="img_3_addr_6_gep_fu_528">
<pin_list>
<pin id="529" dir="0" index="0" bw="32" slack="0"/>
<pin id="530" dir="0" index="1" bw="1" slack="0"/>
<pin id="531" dir="0" index="2" bw="8" slack="0"/>
<pin id="532" dir="1" index="3" bw="8" slack="0"/>
</pin_list>
<bind>
<opcode="getelementptr(29) " fcode="getelementptr"/>
<opset="img_3_addr_6/9 "/>
</bind>
</comp>

<comp id="536" class="1004" name="img_0_addr_7_gep_fu_536">
<pin_list>
<pin id="537" dir="0" index="0" bw="32" slack="0"/>
<pin id="538" dir="0" index="1" bw="1" slack="0"/>
<pin id="539" dir="0" index="2" bw="8" slack="0"/>
<pin id="540" dir="1" index="3" bw="8" slack="0"/>
</pin_list>
<bind>
<opcode="getelementptr(29) " fcode="getelementptr"/>
<opset="img_0_addr_7/9 "/>
</bind>
</comp>

<comp id="544" class="1004" name="img_1_addr_7_gep_fu_544">
<pin_list>
<pin id="545" dir="0" index="0" bw="32" slack="0"/>
<pin id="546" dir="0" index="1" bw="1" slack="0"/>
<pin id="547" dir="0" index="2" bw="8" slack="0"/>
<pin id="548" dir="1" index="3" bw="8" slack="0"/>
</pin_list>
<bind>
<opcode="getelementptr(29) " fcode="getelementptr"/>
<opset="img_1_addr_7/9 "/>
</bind>
</comp>

<comp id="552" class="1004" name="img_2_addr_7_gep_fu_552">
<pin_list>
<pin id="553" dir="0" index="0" bw="32" slack="0"/>
<pin id="554" dir="0" index="1" bw="1" slack="0"/>
<pin id="555" dir="0" index="2" bw="8" slack="0"/>
<pin id="556" dir="1" index="3" bw="8" slack="0"/>
</pin_list>
<bind>
<opcode="getelementptr(29) " fcode="getelementptr"/>
<opset="img_2_addr_7/9 "/>
</bind>
</comp>

<comp id="560" class="1004" name="img_3_addr_7_gep_fu_560">
<pin_list>
<pin id="561" dir="0" index="0" bw="32" slack="0"/>
<pin id="562" dir="0" index="1" bw="1" slack="0"/>
<pin id="563" dir="0" index="2" bw="8" slack="0"/>
<pin id="564" dir="1" index="3" bw="8" slack="0"/>
</pin_list>
<bind>
<opcode="getelementptr(29) " fcode="getelementptr"/>
<opset="img_3_addr_7/9 "/>
</bind>
</comp>

<comp id="568" class="1004" name="img_0_addr_8_gep_fu_568">
<pin_list>
<pin id="569" dir="0" index="0" bw="32" slack="0"/>
<pin id="570" dir="0" index="1" bw="1" slack="0"/>
<pin id="571" dir="0" index="2" bw="8" slack="0"/>
<pin id="572" dir="1" index="3" bw="8" slack="0"/>
</pin_list>
<bind>
<opcode="getelementptr(29) " fcode="getelementptr"/>
<opset="img_0_addr_8/9 "/>
</bind>
</comp>

<comp id="576" class="1004" name="img_1_addr_8_gep_fu_576">
<pin_list>
<pin id="577" dir="0" index="0" bw="32" slack="0"/>
<pin id="578" dir="0" index="1" bw="1" slack="0"/>
<pin id="579" dir="0" index="2" bw="8" slack="0"/>
<pin id="580" dir="1" index="3" bw="8" slack="0"/>
</pin_list>
<bind>
<opcode="getelementptr(29) " fcode="getelementptr"/>
<opset="img_1_addr_8/9 "/>
</bind>
</comp>

<comp id="584" class="1004" name="img_2_addr_8_gep_fu_584">
<pin_list>
<pin id="585" dir="0" index="0" bw="32" slack="0"/>
<pin id="586" dir="0" index="1" bw="1" slack="0"/>
<pin id="587" dir="0" index="2" bw="8" slack="0"/>
<pin id="588" dir="1" index="3" bw="8" slack="0"/>
</pin_list>
<bind>
<opcode="getelementptr(29) " fcode="getelementptr"/>
<opset="img_2_addr_8/9 "/>
</bind>
</comp>

<comp id="592" class="1004" name="img_3_addr_8_gep_fu_592">
<pin_list>
<pin id="593" dir="0" index="0" bw="32" slack="0"/>
<pin id="594" dir="0" index="1" bw="1" slack="0"/>
<pin id="595" dir="0" index="2" bw="8" slack="0"/>
<pin id="596" dir="1" index="3" bw="8" slack="0"/>
</pin_list>
<bind>
<opcode="getelementptr(29) " fcode="getelementptr"/>
<opset="img_3_addr_8/9 "/>
</bind>
</comp>

<comp id="600" class="1004" name="bnn_top_int_const_unsigned_int_const_int_const_unsigned_int_const_int_co_266_gep_fu_600">
<pin_list>
<pin id="601" dir="0" index="0" bw="32" slack="0"/>
<pin id="602" dir="0" index="1" bw="1" slack="0"/>
<pin id="603" dir="0" index="2" bw="8" slack="0"/>
<pin id="604" dir="1" index="3" bw="8" slack="0"/>
</pin_list>
<bind>
<opcode="getelementptr(29) " fcode="getelementptr"/>
<opset="bnn_top_int_const_unsigned_int_const_int_const_unsigned_int_const_int_co_266/11 "/>
</bind>
</comp>

<comp id="607" class="1004" name="bnn_top_int_const_unsigned_int_const_int_const_unsigned_int_const_int_co_267_gep_fu_607">
<pin_list>
<pin id="608" dir="0" index="0" bw="32" slack="0"/>
<pin id="609" dir="0" index="1" bw="1" slack="0"/>
<pin id="610" dir="0" index="2" bw="8" slack="0"/>
<pin id="611" dir="1" index="3" bw="8" slack="0"/>
</pin_list>
<bind>
<opcode="getelementptr(29) " fcode="getelementptr"/>
<opset="bnn_top_int_const_unsigned_int_const_int_const_unsigned_int_const_int_co_267/11 "/>
</bind>
</comp>

<comp id="614" class="1004" name="bnn_top_int_const_unsigned_int_const_int_const_unsigned_int_const_int_co_268_gep_fu_614">
<pin_list>
<pin id="615" dir="0" index="0" bw="32" slack="0"/>
<pin id="616" dir="0" index="1" bw="1" slack="0"/>
<pin id="617" dir="0" index="2" bw="8" slack="0"/>
<pin id="618" dir="1" index="3" bw="8" slack="0"/>
</pin_list>
<bind>
<opcode="getelementptr(29) " fcode="getelementptr"/>
<opset="bnn_top_int_const_unsigned_int_const_int_const_unsigned_int_const_int_co_268/11 "/>
</bind>
</comp>

<comp id="621" class="1004" name="bnn_top_int_const_unsigned_int_const_int_const_unsigned_int_const_int_co_269_gep_fu_621">
<pin_list>
<pin id="622" dir="0" index="0" bw="32" slack="0"/>
<pin id="623" dir="0" index="1" bw="1" slack="0"/>
<pin id="624" dir="0" index="2" bw="8" slack="0"/>
<pin id="625" dir="1" index="3" bw="8" slack="0"/>
</pin_list>
<bind>
<opcode="getelementptr(29) " fcode="getelementptr"/>
<opset="bnn_top_int_const_unsigned_int_const_int_const_unsigned_int_const_int_co_269/11 "/>
</bind>
</comp>

<comp id="628" class="1004" name="bnn_top_int_const_unsigned_int_const_int_const_unsigned_int_const_int_co_270_gep_fu_628">
<pin_list>
<pin id="629" dir="0" index="0" bw="32" slack="0"/>
<pin id="630" dir="0" index="1" bw="1" slack="0"/>
<pin id="631" dir="0" index="2" bw="8" slack="0"/>
<pin id="632" dir="1" index="3" bw="8" slack="0"/>
</pin_list>
<bind>
<opcode="getelementptr(29) " fcode="getelementptr"/>
<opset="bnn_top_int_const_unsigned_int_const_int_const_unsigned_int_const_int_co_270/11 "/>
</bind>
</comp>

<comp id="635" class="1004" name="store_ln63_access_fu_635">
<pin_list>
<pin id="636" dir="0" index="0" bw="8" slack="0"/>
<pin id="637" dir="0" index="1" bw="32" slack="0"/>
<pin id="638" dir="0" index="2" bw="0" slack="2147483647"/>
<pin id="639" dir="1" index="3" bw="32" slack="2147483647"/>
</pin_list>
<bind>
<opcode="store(28) " fcode="store"/>
<opset="store_ln63/11 "/>
</bind>
</comp>

<comp id="641" class="1004" name="store_ln63_access_fu_641">
<pin_list>
<pin id="642" dir="0" index="0" bw="8" slack="0"/>
<pin id="643" dir="0" index="1" bw="32" slack="0"/>
<pin id="644" dir="0" index="2" bw="0" slack="2147483647"/>
<pin id="645" dir="1" index="3" bw="32" slack="2147483647"/>
</pin_list>
<bind>
<opcode="store(28) " fcode="store"/>
<opset="store_ln63/11 "/>
</bind>
</comp>

<comp id="647" class="1004" name="store_ln63_access_fu_647">
<pin_list>
<pin id="648" dir="0" index="0" bw="8" slack="0"/>
<pin id="649" dir="0" index="1" bw="32" slack="0"/>
<pin id="650" dir="0" index="2" bw="0" slack="2147483647"/>
<pin id="651" dir="1" index="3" bw="32" slack="2147483647"/>
</pin_list>
<bind>
<opcode="store(28) " fcode="store"/>
<opset="store_ln63/11 "/>
</bind>
</comp>

<comp id="653" class="1004" name="store_ln63_access_fu_653">
<pin_list>
<pin id="654" dir="0" index="0" bw="8" slack="0"/>
<pin id="655" dir="0" index="1" bw="32" slack="0"/>
<pin id="656" dir="0" index="2" bw="0" slack="2147483647"/>
<pin id="657" dir="1" index="3" bw="32" slack="2147483647"/>
</pin_list>
<bind>
<opcode="store(28) " fcode="store"/>
<opset="store_ln63/11 "/>
</bind>
</comp>

<comp id="659" class="1004" name="store_ln63_access_fu_659">
<pin_list>
<pin id="660" dir="0" index="0" bw="8" slack="0"/>
<pin id="661" dir="0" index="1" bw="32" slack="0"/>
<pin id="662" dir="0" index="2" bw="0" slack="2147483647"/>
<pin id="663" dir="1" index="3" bw="32" slack="2147483647"/>
</pin_list>
<bind>
<opcode="store(28) " fcode="store"/>
<opset="store_ln63/11 "/>
</bind>
</comp>

<comp id="665" class="1004" name="grp_fu_665">
<pin_list>
<pin id="666" dir="0" index="0" bw="32" slack="0"/>
<pin id="667" dir="0" index="1" bw="2" slack="0"/>
<pin id="668" dir="0" index="2" bw="32" slack="0"/>
<pin id="669" dir="0" index="3" bw="2" slack="0"/>
<pin id="670" dir="0" index="4" bw="32" slack="0"/>
<pin id="671" dir="0" index="5" bw="2" slack="0"/>
<pin id="672" dir="0" index="6" bw="32" slack="0"/>
<pin id="673" dir="0" index="7" bw="2" slack="0"/>
<pin id="674" dir="0" index="8" bw="32" slack="0"/>
<pin id="675" dir="0" index="9" bw="32" slack="0"/>
<pin id="676" dir="0" index="10" bw="2" slack="8"/>
<pin id="677" dir="1" index="11" bw="32" slack="0"/>
</pin_list>
<bind>
<opcode="sparsemux(1197) " fcode="sparsemux"/>
<opset="v_3/9 v_6/10 "/>
</bind>
</comp>

<comp id="688" class="1004" name="grp_fu_688">
<pin_list>
<pin id="689" dir="0" index="0" bw="32" slack="0"/>
<pin id="690" dir="0" index="1" bw="2" slack="0"/>
<pin id="691" dir="0" index="2" bw="32" slack="0"/>
<pin id="692" dir="0" index="3" bw="2" slack="0"/>
<pin id="693" dir="0" index="4" bw="32" slack="0"/>
<pin id="694" dir="0" index="5" bw="2" slack="0"/>
<pin id="695" dir="0" index="6" bw="32" slack="0"/>
<pin id="696" dir="0" index="7" bw="2" slack="0"/>
<pin id="697" dir="0" index="8" bw="32" slack="0"/>
<pin id="698" dir="0" index="9" bw="32" slack="0"/>
<pin id="699" dir="0" index="10" bw="2" slack="8"/>
<pin id="700" dir="1" index="11" bw="32" slack="0"/>
</pin_list>
<bind>
<opcode="sparsemux(1197) " fcode="sparsemux"/>
<opset="v_4/9 v_7/10 "/>
</bind>
</comp>

<comp id="711" class="1004" name="grp_fu_711">
<pin_list>
<pin id="712" dir="0" index="0" bw="32" slack="0"/>
<pin id="713" dir="0" index="1" bw="2" slack="0"/>
<pin id="714" dir="0" index="2" bw="32" slack="0"/>
<pin id="715" dir="0" index="3" bw="2" slack="0"/>
<pin id="716" dir="0" index="4" bw="32" slack="0"/>
<pin id="717" dir="0" index="5" bw="2" slack="0"/>
<pin id="718" dir="0" index="6" bw="32" slack="0"/>
<pin id="719" dir="0" index="7" bw="2" slack="0"/>
<pin id="720" dir="0" index="8" bw="32" slack="0"/>
<pin id="721" dir="0" index="9" bw="32" slack="0"/>
<pin id="722" dir="0" index="10" bw="2" slack="8"/>
<pin id="723" dir="1" index="11" bw="32" slack="1"/>
</pin_list>
<bind>
<opcode="sparsemux(1197) " fcode="sparsemux"/>
<opset="v_5/9 v_8/10 "/>
</bind>
</comp>

<comp id="734" class="1005" name="reg_734">
<pin_list>
<pin id="735" dir="0" index="0" bw="32" slack="1"/>
<pin id="736" dir="1" index="1" bw="32" slack="1"/>
</pin_list>
<bind>
<opset="v_5 v_8 "/>
</bind>
</comp>

<comp id="738" class="1004" name="store_ln0_store_fu_738">
<pin_list>
<pin id="739" dir="0" index="0" bw="1" slack="0"/>
<pin id="740" dir="0" index="1" bw="11" slack="0"/>
<pin id="741" dir="1" index="2" bw="0" slack="2147483647"/>
</pin_list>
<bind>
<opcode="store(28) " fcode="store"/>
<opset="store_ln0/1 "/>
</bind>
</comp>

<comp id="743" class="1004" name="store_ln50_store_fu_743">
<pin_list>
<pin id="744" dir="0" index="0" bw="1" slack="0"/>
<pin id="745" dir="0" index="1" bw="6" slack="0"/>
<pin id="746" dir="1" index="2" bw="0" slack="2147483647"/>
</pin_list>
<bind>
<opcode="store(28) " fcode="store"/>
<opset="store_ln50/1 "/>
</bind>
</comp>

<comp id="748" class="1004" name="store_ln56_store_fu_748">
<pin_list>
<pin id="749" dir="0" index="0" bw="1" slack="0"/>
<pin id="750" dir="0" index="1" bw="6" slack="0"/>
<pin id="751" dir="1" index="2" bw="0" slack="2147483647"/>
</pin_list>
<bind>
<opcode="store(28) " fcode="store"/>
<opset="store_ln56/1 "/>
</bind>
</comp>

<comp id="753" class="1004" name="indvar_flatten_load_load_fu_753">
<pin_list>
<pin id="754" dir="0" index="0" bw="11" slack="0"/>
<pin id="755" dir="1" index="1" bw="11" slack="0"/>
</pin_list>
<bind>
<opcode="load(27) " fcode="load"/>
<opset="indvar_flatten_load/1 "/>
</bind>
</comp>

<comp id="756" class="1004" name="icmp_ln50_fu_756">
<pin_list>
<pin id="757" dir="0" index="0" bw="11" slack="0"/>
<pin id="758" dir="0" index="1" bw="11" slack="0"/>
<pin id="759" dir="1" index="2" bw="1" slack="1"/>
</pin_list>
<bind>
<opcode="icmp(45) " fcode="icmp"/>
<opset="icmp_ln50/1 "/>
</bind>
</comp>

<comp id="762" class="1004" name="add_ln50_fu_762">
<pin_list>
<pin id="763" dir="0" index="0" bw="11" slack="0"/>
<pin id="764" dir="0" index="1" bw="1" slack="0"/>
<pin id="765" dir="1" index="2" bw="11" slack="0"/>
</pin_list>
<bind>
<opcode="add(8) " fcode="add"/>
<opset="add_ln50/1 "/>
</bind>
</comp>

<comp id="768" class="1004" name="iw_load_load_fu_768">
<pin_list>
<pin id="769" dir="0" index="0" bw="6" slack="0"/>
<pin id="770" dir="1" index="1" bw="6" slack="0"/>
</pin_list>
<bind>
<opcode="load(27) " fcode="load"/>
<opset="iw_load/1 "/>
</bind>
</comp>

<comp id="771" class="1004" name="oh_load_load_fu_771">
<pin_list>
<pin id="772" dir="0" index="0" bw="6" slack="0"/>
<pin id="773" dir="1" index="1" bw="6" slack="0"/>
</pin_list>
<bind>
<opcode="load(27) " fcode="load"/>
<opset="oh_load/1 "/>
</bind>
</comp>

<comp id="774" class="1004" name="icmp_ln51_fu_774">
<pin_list>
<pin id="775" dir="0" index="0" bw="6" slack="0"/>
<pin id="776" dir="0" index="1" bw="6" slack="0"/>
<pin id="777" dir="1" index="2" bw="1" slack="0"/>
</pin_list>
<bind>
<opcode="icmp(45) " fcode="icmp"/>
<opset="icmp_ln51/1 "/>
</bind>
</comp>

<comp id="780" class="1004" name="select_ln50_fu_780">
<pin_list>
<pin id="781" dir="0" index="0" bw="1" slack="0"/>
<pin id="782" dir="0" index="1" bw="1" slack="0"/>
<pin id="783" dir="0" index="2" bw="6" slack="0"/>
<pin id="784" dir="1" index="3" bw="6" slack="0"/>
</pin_list>
<bind>
<opcode="select(49) " fcode="select"/>
<opset="select_ln50/1 "/>
</bind>
</comp>

<comp id="788" class="1004" name="add_ln56_1_fu_788">
<pin_list>
<pin id="789" dir="0" index="0" bw="6" slack="0"/>
<pin id="790" dir="0" index="1" bw="3" slack="0"/>
<pin id="791" dir="1" index="2" bw="6" slack="0"/>
</pin_list>
<bind>
<opcode="add(8) " fcode="add"/>
<opset="add_ln56_1/1 "/>
</bind>
</comp>

<comp id="794" class="1004" name="add_ln56_4_fu_794">
<pin_list>
<pin id="795" dir="0" index="0" bw="6" slack="0"/>
<pin id="796" dir="0" index="1" bw="1" slack="0"/>
<pin id="797" dir="1" index="2" bw="6" slack="0"/>
</pin_list>
<bind>
<opcode="add(8) " fcode="add"/>
<opset="add_ln56_4/1 "/>
</bind>
</comp>

<comp id="800" class="1004" name="select_ln50_1_fu_800">
<pin_list>
<pin id="801" dir="0" index="0" bw="1" slack="0"/>
<pin id="802" dir="0" index="1" bw="6" slack="0"/>
<pin id="803" dir="0" index="2" bw="6" slack="0"/>
<pin id="804" dir="1" index="3" bw="6" slack="7"/>
</pin_list>
<bind>
<opcode="select(49) " fcode="select"/>
<opset="select_ln50_1/1 "/>
</bind>
</comp>

<comp id="808" class="1004" name="select_ln50_2_fu_808">
<pin_list>
<pin id="809" dir="0" index="0" bw="1" slack="0"/>
<pin id="810" dir="0" index="1" bw="6" slack="0"/>
<pin id="811" dir="0" index="2" bw="6" slack="0"/>
<pin id="812" dir="1" index="3" bw="6" slack="0"/>
</pin_list>
<bind>
<opcode="select(49) " fcode="select"/>
<opset="select_ln50_2/1 "/>
</bind>
</comp>

<comp id="816" class="1004" name="trunc_ln63_fu_816">
<pin_list>
<pin id="817" dir="0" index="0" bw="6" slack="0"/>
<pin id="818" dir="1" index="1" bw="5" slack="6"/>
</pin_list>
<bind>
<opcode="trunc(33) " fcode="trunc"/>
<opset="trunc_ln63/1 "/>
</bind>
</comp>

<comp id="820" class="1004" name="shl_ln63_fu_820">
<pin_list>
<pin id="821" dir="0" index="0" bw="6" slack="0"/>
<pin id="822" dir="0" index="1" bw="1" slack="0"/>
<pin id="823" dir="1" index="2" bw="6" slack="0"/>
</pin_list>
<bind>
<opcode="shl(20) " fcode="shl"/>
<opset="shl_ln63/1 "/>
</bind>
</comp>

<comp id="826" class="1004" name="zext_ln56_fu_826">
<pin_list>
<pin id="827" dir="0" index="0" bw="6" slack="0"/>
<pin id="828" dir="1" index="1" bw="7" slack="0"/>
</pin_list>
<bind>
<opcode="zext(34) " fcode="zext"/>
<opset="zext_ln56/1 "/>
</bind>
</comp>

<comp id="830" class="1004" name="zext_ln51_fu_830">
<pin_list>
<pin id="831" dir="0" index="0" bw="6" slack="0"/>
<pin id="832" dir="1" index="1" bw="7" slack="0"/>
</pin_list>
<bind>
<opcode="zext(34) " fcode="zext"/>
<opset="zext_ln51/1 "/>
</bind>
</comp>

<comp id="834" class="1004" name="trunc_ln51_fu_834">
<pin_list>
<pin id="835" dir="0" index="0" bw="6" slack="0"/>
<pin id="836" dir="1" index="1" bw="2" slack="7"/>
</pin_list>
<bind>
<opcode="trunc(33) " fcode="trunc"/>
<opset="trunc_ln51/1 "/>
</bind>
</comp>

<comp id="838" class="1004" name="cmp_fu_838">
<pin_list>
<pin id="839" dir="0" index="0" bw="1" slack="0"/>
<pin id="840" dir="0" index="1" bw="32" slack="0"/>
<pin id="841" dir="0" index="2" bw="5" slack="0"/>
<pin id="842" dir="1" index="3" bw="1" slack="8"/>
</pin_list>
<bind>
<opcode="bitselect(1000) " fcode="bitselect"/>
<opset="cmp/1 "/>
</bind>
</comp>

<comp id="846" class="1004" name="lshr_ln58_1_fu_846">
<pin_list>
<pin id="847" dir="0" index="0" bw="3" slack="0"/>
<pin id="848" dir="0" index="1" bw="6" slack="0"/>
<pin id="849" dir="0" index="2" bw="3" slack="0"/>
<pin id="850" dir="0" index="3" bw="4" slack="0"/>
<pin id="851" dir="1" index="4" bw="3" slack="7"/>
</pin_list>
<bind>
<opcode="partselect(1002) " fcode="partselect"/>
<opset="lshr_ln58_1/1 "/>
</bind>
</comp>

<comp id="856" class="1004" name="cmp38_s_fu_856">
<pin_list>
<pin id="857" dir="0" index="0" bw="1" slack="0"/>
<pin id="858" dir="0" index="1" bw="32" slack="0"/>
<pin id="859" dir="0" index="2" bw="5" slack="0"/>
<pin id="860" dir="1" index="3" bw="1" slack="8"/>
</pin_list>
<bind>
<opcode="bitselect(1000) " fcode="bitselect"/>
<opset="cmp38_s/1 "/>
</bind>
</comp>

<comp id="864" class="1004" name="cmp38_3_fu_864">
<pin_list>
<pin id="865" dir="0" index="0" bw="1" slack="0"/>
<pin id="866" dir="0" index="1" bw="32" slack="0"/>
<pin id="867" dir="0" index="2" bw="5" slack="0"/>
<pin id="868" dir="1" index="3" bw="1" slack="8"/>
</pin_list>
<bind>
<opcode="bitselect(1000) " fcode="bitselect"/>
<opset="cmp38_3/1 "/>
</bind>
</comp>

<comp id="872" class="1004" name="cmp38_1_fu_872">
<pin_list>
<pin id="873" dir="0" index="0" bw="1" slack="0"/>
<pin id="874" dir="0" index="1" bw="32" slack="0"/>
<pin id="875" dir="0" index="2" bw="5" slack="0"/>
<pin id="876" dir="1" index="3" bw="1" slack="8"/>
</pin_list>
<bind>
<opcode="bitselect(1000) " fcode="bitselect"/>
<opset="cmp38_1/1 "/>
</bind>
</comp>

<comp id="880" class="1004" name="add_ln58_5_fu_880">
<pin_list>
<pin id="881" dir="0" index="0" bw="6" slack="0"/>
<pin id="882" dir="0" index="1" bw="6" slack="0"/>
<pin id="883" dir="1" index="2" bw="7" slack="0"/>
</pin_list>
<bind>
<opcode="add(8) " fcode="add"/>
<opset="add_ln58_5/1 "/>
</bind>
</comp>

<comp id="886" class="1004" name="grp_fu_886">
<pin_list>
<pin id="887" dir="0" index="0" bw="7" slack="0"/>
<pin id="888" dir="0" index="1" bw="4" slack="0"/>
<pin id="889" dir="1" index="2" bw="3" slack="0"/>
</pin_list>
<bind>
<opcode="urem(17) " fcode="urem"/>
<opset="urem_ln58/1 "/>
</bind>
</comp>

<comp id="892" class="1004" name="cmp38_1_2_fu_892">
<pin_list>
<pin id="893" dir="0" index="0" bw="1" slack="0"/>
<pin id="894" dir="0" index="1" bw="32" slack="0"/>
<pin id="895" dir="0" index="2" bw="5" slack="0"/>
<pin id="896" dir="1" index="3" bw="1" slack="9"/>
</pin_list>
<bind>
<opcode="bitselect(1000) " fcode="bitselect"/>
<opset="cmp38_1_2/1 "/>
</bind>
</comp>

<comp id="900" class="1004" name="cmp38_2_fu_900">
<pin_list>
<pin id="901" dir="0" index="0" bw="1" slack="0"/>
<pin id="902" dir="0" index="1" bw="32" slack="0"/>
<pin id="903" dir="0" index="2" bw="5" slack="0"/>
<pin id="904" dir="1" index="3" bw="1" slack="9"/>
</pin_list>
<bind>
<opcode="bitselect(1000) " fcode="bitselect"/>
<opset="cmp38_2/1 "/>
</bind>
</comp>

<comp id="908" class="1004" name="cmp38_2_1_fu_908">
<pin_list>
<pin id="909" dir="0" index="0" bw="1" slack="0"/>
<pin id="910" dir="0" index="1" bw="32" slack="0"/>
<pin id="911" dir="0" index="2" bw="5" slack="0"/>
<pin id="912" dir="1" index="3" bw="1" slack="9"/>
</pin_list>
<bind>
<opcode="bitselect(1000) " fcode="bitselect"/>
<opset="cmp38_2_1/1 "/>
</bind>
</comp>

<comp id="916" class="1004" name="cmp38_2_2_fu_916">
<pin_list>
<pin id="917" dir="0" index="0" bw="1" slack="0"/>
<pin id="918" dir="0" index="1" bw="32" slack="0"/>
<pin id="919" dir="0" index="2" bw="5" slack="0"/>
<pin id="920" dir="1" index="3" bw="1" slack="10"/>
</pin_list>
<bind>
<opcode="bitselect(1000) " fcode="bitselect"/>
<opset="cmp38_2_2/1 "/>
</bind>
</comp>

<comp id="924" class="1004" name="store_ln50_store_fu_924">
<pin_list>
<pin id="925" dir="0" index="0" bw="11" slack="0"/>
<pin id="926" dir="0" index="1" bw="11" slack="0"/>
<pin id="927" dir="1" index="2" bw="0" slack="2147483647"/>
</pin_list>
<bind>
<opcode="store(28) " fcode="store"/>
<opset="store_ln50/1 "/>
</bind>
</comp>

<comp id="929" class="1004" name="store_ln50_store_fu_929">
<pin_list>
<pin id="930" dir="0" index="0" bw="6" slack="0"/>
<pin id="931" dir="0" index="1" bw="6" slack="0"/>
<pin id="932" dir="1" index="2" bw="0" slack="2147483647"/>
</pin_list>
<bind>
<opcode="store(28) " fcode="store"/>
<opset="store_ln50/1 "/>
</bind>
</comp>

<comp id="934" class="1004" name="add_ln56_3_fu_934">
<pin_list>
<pin id="935" dir="0" index="0" bw="6" slack="1"/>
<pin id="936" dir="0" index="1" bw="1" slack="0"/>
<pin id="937" dir="1" index="2" bw="6" slack="0"/>
</pin_list>
<bind>
<opcode="add(8) " fcode="add"/>
<opset="add_ln56_3/2 "/>
</bind>
</comp>

<comp id="939" class="1004" name="lshr_ln58_2_fu_939">
<pin_list>
<pin id="940" dir="0" index="0" bw="4" slack="0"/>
<pin id="941" dir="0" index="1" bw="6" slack="0"/>
<pin id="942" dir="0" index="2" bw="3" slack="0"/>
<pin id="943" dir="0" index="3" bw="4" slack="0"/>
<pin id="944" dir="1" index="4" bw="4" slack="6"/>
</pin_list>
<bind>
<opcode="partselect(1002) " fcode="partselect"/>
<opset="lshr_ln58_2/2 "/>
</bind>
</comp>

<comp id="949" class="1004" name="store_ln56_store_fu_949">
<pin_list>
<pin id="950" dir="0" index="0" bw="6" slack="0"/>
<pin id="951" dir="0" index="1" bw="6" slack="1"/>
<pin id="952" dir="1" index="2" bw="0" slack="2147483647"/>
</pin_list>
<bind>
<opcode="store(28) " fcode="store"/>
<opset="store_ln56/2 "/>
</bind>
</comp>

<comp id="954" class="1004" name="add_ln56_fu_954">
<pin_list>
<pin id="955" dir="0" index="0" bw="6" slack="6"/>
<pin id="956" dir="0" index="1" bw="1" slack="0"/>
<pin id="957" dir="1" index="2" bw="6" slack="0"/>
</pin_list>
<bind>
<opcode="add(8) " fcode="add"/>
<opset="add_ln56/7 "/>
</bind>
</comp>

<comp id="959" class="1004" name="tmp_39_fu_959">
<pin_list>
<pin id="960" dir="0" index="0" bw="1" slack="0"/>
<pin id="961" dir="0" index="1" bw="6" slack="0"/>
<pin id="962" dir="0" index="2" bw="4" slack="0"/>
<pin id="963" dir="1" index="3" bw="1" slack="0"/>
</pin_list>
<bind>
<opcode="bitselect(1000) " fcode="bitselect"/>
<opset="tmp_39/7 "/>
</bind>
</comp>

<comp id="967" class="1004" name="trunc_ln58_fu_967">
<pin_list>
<pin id="968" dir="0" index="0" bw="6" slack="0"/>
<pin id="969" dir="1" index="1" bw="5" slack="1"/>
</pin_list>
<bind>
<opcode="trunc(33) " fcode="trunc"/>
<opset="trunc_ln58/7 "/>
</bind>
</comp>

<comp id="971" class="1004" name="add_ln56_2_fu_971">
<pin_list>
<pin id="972" dir="0" index="0" bw="6" slack="6"/>
<pin id="973" dir="0" index="1" bw="1" slack="0"/>
<pin id="974" dir="1" index="2" bw="6" slack="0"/>
</pin_list>
<bind>
<opcode="add(8) " fcode="add"/>
<opset="add_ln56_2/7 "/>
</bind>
</comp>

<comp id="976" class="1004" name="trunc_ln1_fu_976">
<pin_list>
<pin id="977" dir="0" index="0" bw="4" slack="0"/>
<pin id="978" dir="0" index="1" bw="6" slack="0"/>
<pin id="979" dir="0" index="2" bw="3" slack="0"/>
<pin id="980" dir="0" index="3" bw="4" slack="0"/>
<pin id="981" dir="1" index="4" bw="4" slack="1"/>
</pin_list>
<bind>
<opcode="partselect(1002) " fcode="partselect"/>
<opset="trunc_ln1/7 "/>
</bind>
</comp>

<comp id="986" class="1004" name="or_ln57_1_fu_986">
<pin_list>
<pin id="987" dir="0" index="0" bw="6" slack="0"/>
<pin id="988" dir="0" index="1" bw="6" slack="5"/>
<pin id="989" dir="1" index="2" bw="6" slack="0"/>
</pin_list>
<bind>
<opcode="or(24) " fcode="or"/>
<opset="or_ln57_1/7 "/>
</bind>
</comp>

<comp id="991" class="1004" name="tmp_42_fu_991">
<pin_list>
<pin id="992" dir="0" index="0" bw="1" slack="0"/>
<pin id="993" dir="0" index="1" bw="6" slack="0"/>
<pin id="994" dir="0" index="2" bw="4" slack="0"/>
<pin id="995" dir="1" index="3" bw="1" slack="0"/>
</pin_list>
<bind>
<opcode="bitselect(1000) " fcode="bitselect"/>
<opset="tmp_42/7 "/>
</bind>
</comp>

<comp id="999" class="1004" name="tmp_43_fu_999">
<pin_list>
<pin id="1000" dir="0" index="0" bw="2" slack="0"/>
<pin id="1001" dir="0" index="1" bw="1" slack="0"/>
<pin id="1002" dir="0" index="2" bw="1" slack="0"/>
<pin id="1003" dir="1" index="3" bw="2" slack="0"/>
</pin_list>
<bind>
<opcode="bitconcatenate(1004) " fcode="bitconcatenate"/>
<opset="tmp_43/7 "/>
</bind>
</comp>

<comp id="1007" class="1004" name="icmp_ln57_fu_1007">
<pin_list>
<pin id="1008" dir="0" index="0" bw="2" slack="0"/>
<pin id="1009" dir="0" index="1" bw="1" slack="0"/>
<pin id="1010" dir="1" index="2" bw="1" slack="1"/>
</pin_list>
<bind>
<opcode="icmp(45) " fcode="icmp"/>
<opset="icmp_ln57/7 "/>
</bind>
</comp>

<comp id="1013" class="1004" name="tmp_44_fu_1013">
<pin_list>
<pin id="1014" dir="0" index="0" bw="1" slack="0"/>
<pin id="1015" dir="0" index="1" bw="6" slack="0"/>
<pin id="1016" dir="0" index="2" bw="4" slack="0"/>
<pin id="1017" dir="1" index="3" bw="1" slack="1"/>
</pin_list>
<bind>
<opcode="bitselect(1000) " fcode="bitselect"/>
<opset="tmp_44/7 "/>
</bind>
</comp>

<comp id="1021" class="1004" name="zext_ln58_5_fu_1021">
<pin_list>
<pin id="1022" dir="0" index="0" bw="7" slack="6"/>
<pin id="1023" dir="1" index="1" bw="10" slack="0"/>
</pin_list>
<bind>
<opcode="zext(34) " fcode="zext"/>
<opset="zext_ln58_5/7 "/>
</bind>
</comp>

<comp id="1024" class="1004" name="p_shl_fu_1024">
<pin_list>
<pin id="1025" dir="0" index="0" bw="10" slack="0"/>
<pin id="1026" dir="0" index="1" bw="5" slack="6"/>
<pin id="1027" dir="0" index="2" bw="1" slack="0"/>
<pin id="1028" dir="1" index="3" bw="10" slack="0"/>
</pin_list>
<bind>
<opcode="bitconcatenate(1004) " fcode="bitconcatenate"/>
<opset="p_shl/7 "/>
</bind>
</comp>

<comp id="1031" class="1004" name="tmp_45_fu_1031">
<pin_list>
<pin id="1032" dir="0" index="0" bw="7" slack="0"/>
<pin id="1033" dir="0" index="1" bw="6" slack="6"/>
<pin id="1034" dir="0" index="2" bw="1" slack="0"/>
<pin id="1035" dir="1" index="3" bw="7" slack="0"/>
</pin_list>
<bind>
<opcode="bitconcatenate(1004) " fcode="bitconcatenate"/>
<opset="tmp_45/7 "/>
</bind>
</comp>

<comp id="1038" class="1004" name="zext_ln58_6_fu_1038">
<pin_list>
<pin id="1039" dir="0" index="0" bw="7" slack="0"/>
<pin id="1040" dir="1" index="1" bw="10" slack="0"/>
</pin_list>
<bind>
<opcode="zext(34) " fcode="zext"/>
<opset="zext_ln58_6/7 "/>
</bind>
</comp>

<comp id="1042" class="1004" name="sub_ln58_fu_1042">
<pin_list>
<pin id="1043" dir="0" index="0" bw="10" slack="0"/>
<pin id="1044" dir="0" index="1" bw="7" slack="0"/>
<pin id="1045" dir="1" index="2" bw="10" slack="0"/>
</pin_list>
<bind>
<opcode="sub(10) " fcode="sub"/>
<opset="sub_ln58/7 "/>
</bind>
</comp>

<comp id="1048" class="1004" name="add_ln58_6_fu_1048">
<pin_list>
<pin id="1049" dir="0" index="0" bw="7" slack="0"/>
<pin id="1050" dir="0" index="1" bw="10" slack="0"/>
<pin id="1051" dir="1" index="2" bw="10" slack="0"/>
</pin_list>
<bind>
<opcode="add(8) " fcode="add"/>
<opset="add_ln58_6/7 "/>
</bind>
</comp>

<comp id="1054" class="1004" name="zext_ln58_13_fu_1054">
<pin_list>
<pin id="1055" dir="0" index="0" bw="10" slack="0"/>
<pin id="1056" dir="1" index="1" bw="21" slack="0"/>
</pin_list>
<bind>
<opcode="zext(34) " fcode="zext"/>
<opset="zext_ln58_13/7 "/>
</bind>
</comp>

<comp id="1058" class="1004" name="mul_ln58_fu_1058">
<pin_list>
<pin id="1059" dir="0" index="0" bw="10" slack="0"/>
<pin id="1060" dir="0" index="1" bw="12" slack="0"/>
<pin id="1061" dir="1" index="2" bw="21" slack="0"/>
</pin_list>
<bind>
<opcode="mul(12) " fcode="mul"/>
<opset="mul_ln58/7 "/>
</bind>
</comp>

<comp id="1064" class="1004" name="tmp_46_fu_1064">
<pin_list>
<pin id="1065" dir="0" index="0" bw="8" slack="0"/>
<pin id="1066" dir="0" index="1" bw="21" slack="0"/>
<pin id="1067" dir="0" index="2" bw="5" slack="0"/>
<pin id="1068" dir="0" index="3" bw="6" slack="0"/>
<pin id="1069" dir="1" index="4" bw="8" slack="4"/>
</pin_list>
<bind>
<opcode="partselect(1002) " fcode="partselect"/>
<opset="tmp_46/7 "/>
</bind>
</comp>

<comp id="1074" class="1004" name="shl_ln1_fu_1074">
<pin_list>
<pin id="1075" dir="0" index="0" bw="8" slack="0"/>
<pin id="1076" dir="0" index="1" bw="5" slack="1"/>
<pin id="1077" dir="0" index="2" bw="1" slack="0"/>
<pin id="1078" dir="1" index="3" bw="8" slack="0"/>
</pin_list>
<bind>
<opcode="bitconcatenate(1004) " fcode="bitconcatenate"/>
<opset="shl_ln1/8 "/>
</bind>
</comp>

<comp id="1081" class="1004" name="shl_ln58_1_fu_1081">
<pin_list>
<pin id="1082" dir="0" index="0" bw="8" slack="0"/>
<pin id="1083" dir="0" index="1" bw="5" slack="7"/>
<pin id="1084" dir="0" index="2" bw="1" slack="0"/>
<pin id="1085" dir="1" index="3" bw="8" slack="0"/>
</pin_list>
<bind>
<opcode="bitconcatenate(1004) " fcode="bitconcatenate"/>
<opset="shl_ln58_1/8 "/>
</bind>
</comp>

<comp id="1088" class="1004" name="add_ln58_fu_1088">
<pin_list>
<pin id="1089" dir="0" index="0" bw="8" slack="0"/>
<pin id="1090" dir="0" index="1" bw="5" slack="0"/>
<pin id="1091" dir="1" index="2" bw="8" slack="0"/>
</pin_list>
<bind>
<opcode="add(8) " fcode="add"/>
<opset="add_ln58/8 "/>
</bind>
</comp>

<comp id="1094" class="1004" name="sext_ln58_fu_1094">
<pin_list>
<pin id="1095" dir="0" index="0" bw="4" slack="1"/>
<pin id="1096" dir="1" index="1" bw="8" slack="0"/>
</pin_list>
<bind>
<opcode="sext(35) " fcode="sext"/>
<opset="sext_ln58/8 "/>
</bind>
</comp>

<comp id="1097" class="1004" name="add_ln58_1_fu_1097">
<pin_list>
<pin id="1098" dir="0" index="0" bw="4" slack="0"/>
<pin id="1099" dir="0" index="1" bw="8" slack="0"/>
<pin id="1100" dir="1" index="2" bw="8" slack="0"/>
</pin_list>
<bind>
<opcode="add(8) " fcode="add"/>
<opset="add_ln58_1/8 "/>
</bind>
</comp>

<comp id="1103" class="1004" name="zext_ln58_fu_1103">
<pin_list>
<pin id="1104" dir="0" index="0" bw="8" slack="0"/>
<pin id="1105" dir="1" index="1" bw="64" slack="0"/>
</pin_list>
<bind>
<opcode="zext(34) " fcode="zext"/>
<opset="zext_ln58/8 "/>
</bind>
</comp>

<comp id="1111" class="1004" name="add_ln58_2_fu_1111">
<pin_list>
<pin id="1112" dir="0" index="0" bw="8" slack="0"/>
<pin id="1113" dir="0" index="1" bw="5" slack="1"/>
<pin id="1114" dir="0" index="2" bw="3" slack="7"/>
<pin id="1115" dir="1" index="3" bw="8" slack="0"/>
</pin_list>
<bind>
<opcode="bitconcatenate(1004) " fcode="bitconcatenate"/>
<opset="add_ln58_2/8 "/>
</bind>
</comp>

<comp id="1117" class="1004" name="zext_ln58_1_fu_1117">
<pin_list>
<pin id="1118" dir="0" index="0" bw="8" slack="0"/>
<pin id="1119" dir="1" index="1" bw="64" slack="0"/>
</pin_list>
<bind>
<opcode="zext(34) " fcode="zext"/>
<opset="zext_ln58_1/8 "/>
</bind>
</comp>

<comp id="1125" class="1004" name="zext_ln58_2_fu_1125">
<pin_list>
<pin id="1126" dir="0" index="0" bw="4" slack="6"/>
<pin id="1127" dir="1" index="1" bw="8" slack="0"/>
</pin_list>
<bind>
<opcode="zext(34) " fcode="zext"/>
<opset="zext_ln58_2/8 "/>
</bind>
</comp>

<comp id="1128" class="1004" name="add_ln58_3_fu_1128">
<pin_list>
<pin id="1129" dir="0" index="0" bw="4" slack="0"/>
<pin id="1130" dir="0" index="1" bw="8" slack="0"/>
<pin id="1131" dir="1" index="2" bw="8" slack="0"/>
</pin_list>
<bind>
<opcode="add(8) " fcode="add"/>
<opset="add_ln58_3/8 "/>
</bind>
</comp>

<comp id="1134" class="1004" name="zext_ln58_3_fu_1134">
<pin_list>
<pin id="1135" dir="0" index="0" bw="8" slack="0"/>
<pin id="1136" dir="1" index="1" bw="64" slack="0"/>
</pin_list>
<bind>
<opcode="zext(34) " fcode="zext"/>
<opset="zext_ln58_3/8 "/>
</bind>
</comp>

<comp id="1142" class="1004" name="add_ln58_4_fu_1142">
<pin_list>
<pin id="1143" dir="0" index="0" bw="4" slack="0"/>
<pin id="1144" dir="0" index="1" bw="8" slack="0"/>
<pin id="1145" dir="1" index="2" bw="8" slack="0"/>
</pin_list>
<bind>
<opcode="add(8) " fcode="add"/>
<opset="add_ln58_4/8 "/>
</bind>
</comp>

<comp id="1148" class="1004" name="zext_ln58_4_fu_1148">
<pin_list>
<pin id="1149" dir="0" index="0" bw="8" slack="0"/>
<pin id="1150" dir="1" index="1" bw="64" slack="0"/>
</pin_list>
<bind>
<opcode="zext(34) " fcode="zext"/>
<opset="zext_ln58_4/8 "/>
</bind>
</comp>

<comp id="1156" class="1004" name="add_ln58_7_fu_1156">
<pin_list>
<pin id="1157" dir="0" index="0" bw="8" slack="0"/>
<pin id="1158" dir="0" index="1" bw="5" slack="7"/>
<pin id="1159" dir="0" index="2" bw="3" slack="7"/>
<pin id="1160" dir="1" index="3" bw="8" slack="0"/>
</pin_list>
<bind>
<opcode="bitconcatenate(1004) " fcode="bitconcatenate"/>
<opset="add_ln58_7/8 "/>
</bind>
</comp>

<comp id="1162" class="1004" name="zext_ln58_8_fu_1162">
<pin_list>
<pin id="1163" dir="0" index="0" bw="8" slack="0"/>
<pin id="1164" dir="1" index="1" bw="64" slack="0"/>
</pin_list>
<bind>
<opcode="zext(34) " fcode="zext"/>
<opset="zext_ln58_8/8 "/>
</bind>
</comp>

<comp id="1170" class="1004" name="add_ln58_8_fu_1170">
<pin_list>
<pin id="1171" dir="0" index="0" bw="4" slack="0"/>
<pin id="1172" dir="0" index="1" bw="8" slack="0"/>
<pin id="1173" dir="1" index="2" bw="8" slack="0"/>
</pin_list>
<bind>
<opcode="add(8) " fcode="add"/>
<opset="add_ln58_8/8 "/>
</bind>
</comp>

<comp id="1176" class="1004" name="zext_ln58_9_fu_1176">
<pin_list>
<pin id="1177" dir="0" index="0" bw="8" slack="0"/>
<pin id="1178" dir="1" index="1" bw="64" slack="0"/>
</pin_list>
<bind>
<opcode="zext(34) " fcode="zext"/>
<opset="zext_ln58_9/8 "/>
</bind>
</comp>

<comp id="1184" class="1004" name="or_ln57_2_fu_1184">
<pin_list>
<pin id="1185" dir="0" index="0" bw="6" slack="1"/>
<pin id="1186" dir="0" index="1" bw="6" slack="7"/>
<pin id="1187" dir="1" index="2" bw="6" slack="0"/>
</pin_list>
<bind>
<opcode="or(24) " fcode="or"/>
<opset="or_ln57_2/8 "/>
</bind>
</comp>

<comp id="1188" class="1004" name="tmp_48_fu_1188">
<pin_list>
<pin id="1189" dir="0" index="0" bw="1" slack="0"/>
<pin id="1190" dir="0" index="1" bw="6" slack="0"/>
<pin id="1191" dir="0" index="2" bw="4" slack="0"/>
<pin id="1192" dir="1" index="3" bw="1" slack="0"/>
</pin_list>
<bind>
<opcode="bitselect(1000) " fcode="bitselect"/>
<opset="tmp_48/8 "/>
</bind>
</comp>

<comp id="1196" class="1004" name="tmp_49_fu_1196">
<pin_list>
<pin id="1197" dir="0" index="0" bw="2" slack="0"/>
<pin id="1198" dir="0" index="1" bw="1" slack="1"/>
<pin id="1199" dir="0" index="2" bw="1" slack="0"/>
<pin id="1200" dir="1" index="3" bw="2" slack="0"/>
</pin_list>
<bind>
<opcode="bitconcatenate(1004) " fcode="bitconcatenate"/>
<opset="tmp_49/8 "/>
</bind>
</comp>

<comp id="1203" class="1004" name="icmp_ln57_1_fu_1203">
<pin_list>
<pin id="1204" dir="0" index="0" bw="2" slack="0"/>
<pin id="1205" dir="0" index="1" bw="1" slack="0"/>
<pin id="1206" dir="1" index="2" bw="1" slack="1"/>
</pin_list>
<bind>
<opcode="icmp(45) " fcode="icmp"/>
<opset="icmp_ln57_1/8 "/>
</bind>
</comp>

<comp id="1209" class="1004" name="add_ln58_9_fu_1209">
<pin_list>
<pin id="1210" dir="0" index="0" bw="4" slack="0"/>
<pin id="1211" dir="0" index="1" bw="8" slack="0"/>
<pin id="1212" dir="1" index="2" bw="8" slack="1"/>
</pin_list>
<bind>
<opcode="add(8) " fcode="add"/>
<opset="add_ln58_9/8 "/>
</bind>
</comp>

<comp id="1215" class="1004" name="tmp_s_fu_1215">
<pin_list>
<pin id="1216" dir="0" index="0" bw="5" slack="0"/>
<pin id="1217" dir="0" index="1" bw="8" slack="0"/>
<pin id="1218" dir="0" index="2" bw="3" slack="0"/>
<pin id="1219" dir="0" index="3" bw="4" slack="0"/>
<pin id="1220" dir="1" index="4" bw="5" slack="1"/>
</pin_list>
<bind>
<opcode="partselect(1002) " fcode="partselect"/>
<opset="tmp_s/8 "/>
</bind>
</comp>

<comp id="1225" class="1004" name="add_ln58_10_fu_1225">
<pin_list>
<pin id="1226" dir="0" index="0" bw="4" slack="0"/>
<pin id="1227" dir="0" index="1" bw="8" slack="0"/>
<pin id="1228" dir="1" index="2" bw="8" slack="1"/>
</pin_list>
<bind>
<opcode="add(8) " fcode="add"/>
<opset="add_ln58_10/8 "/>
</bind>
</comp>

<comp id="1231" class="1004" name="or_ln57_fu_1231">
<pin_list>
<pin id="1232" dir="0" index="0" bw="6" slack="2"/>
<pin id="1233" dir="0" index="1" bw="6" slack="2"/>
<pin id="1234" dir="1" index="2" bw="6" slack="0"/>
</pin_list>
<bind>
<opcode="or(24) " fcode="or"/>
<opset="or_ln57/9 "/>
</bind>
</comp>

<comp id="1235" class="1004" name="tmp_41_fu_1235">
<pin_list>
<pin id="1236" dir="0" index="0" bw="1" slack="0"/>
<pin id="1237" dir="0" index="1" bw="6" slack="0"/>
<pin id="1238" dir="0" index="2" bw="4" slack="0"/>
<pin id="1239" dir="1" index="3" bw="1" slack="0"/>
</pin_list>
<bind>
<opcode="bitselect(1000) " fcode="bitselect"/>
<opset="tmp_41/9 "/>
</bind>
</comp>

<comp id="1243" class="1004" name="v_fu_1243">
<pin_list>
<pin id="1244" dir="0" index="0" bw="32" slack="0"/>
<pin id="1245" dir="0" index="1" bw="2" slack="0"/>
<pin id="1246" dir="0" index="2" bw="32" slack="0"/>
<pin id="1247" dir="0" index="3" bw="2" slack="0"/>
<pin id="1248" dir="0" index="4" bw="32" slack="0"/>
<pin id="1249" dir="0" index="5" bw="2" slack="0"/>
<pin id="1250" dir="0" index="6" bw="32" slack="0"/>
<pin id="1251" dir="0" index="7" bw="2" slack="0"/>
<pin id="1252" dir="0" index="8" bw="32" slack="0"/>
<pin id="1253" dir="0" index="9" bw="32" slack="0"/>
<pin id="1254" dir="0" index="10" bw="2" slack="8"/>
<pin id="1255" dir="1" index="11" bw="32" slack="0"/>
</pin_list>
<bind>
<opcode="sparsemux(1197) " fcode="sparsemux"/>
<opset="v/9 "/>
</bind>
</comp>

<comp id="1266" class="1004" name="acc_fu_1266">
<pin_list>
<pin id="1267" dir="0" index="0" bw="1" slack="0"/>
<pin id="1268" dir="0" index="1" bw="32" slack="0"/>
<pin id="1269" dir="1" index="2" bw="32" slack="0"/>
</pin_list>
<bind>
<opcode="sub(10) " fcode="sub"/>
<opset="acc/9 "/>
</bind>
</comp>

<comp id="1272" class="1004" name="acc_22_fu_1272">
<pin_list>
<pin id="1273" dir="0" index="0" bw="1" slack="8"/>
<pin id="1274" dir="0" index="1" bw="32" slack="0"/>
<pin id="1275" dir="0" index="2" bw="32" slack="0"/>
<pin id="1276" dir="1" index="3" bw="32" slack="0"/>
</pin_list>
<bind>
<opcode="select(49) " fcode="select"/>
<opset="acc_22/9 "/>
</bind>
</comp>

<comp id="1279" class="1004" name="acc_2_fu_1279">
<pin_list>
<pin id="1280" dir="0" index="0" bw="1" slack="0"/>
<pin id="1281" dir="0" index="1" bw="1" slack="0"/>
<pin id="1282" dir="0" index="2" bw="32" slack="0"/>
<pin id="1283" dir="1" index="3" bw="32" slack="0"/>
</pin_list>
<bind>
<opcode="select(49) " fcode="select"/>
<opset="acc_2/9 "/>
</bind>
</comp>

<comp id="1287" class="1004" name="v_1_fu_1287">
<pin_list>
<pin id="1288" dir="0" index="0" bw="32" slack="0"/>
<pin id="1289" dir="0" index="1" bw="2" slack="0"/>
<pin id="1290" dir="0" index="2" bw="32" slack="0"/>
<pin id="1291" dir="0" index="3" bw="2" slack="0"/>
<pin id="1292" dir="0" index="4" bw="32" slack="0"/>
<pin id="1293" dir="0" index="5" bw="2" slack="0"/>
<pin id="1294" dir="0" index="6" bw="32" slack="0"/>
<pin id="1295" dir="0" index="7" bw="2" slack="0"/>
<pin id="1296" dir="0" index="8" bw="32" slack="0"/>
<pin id="1297" dir="0" index="9" bw="32" slack="0"/>
<pin id="1298" dir="0" index="10" bw="2" slack="8"/>
<pin id="1299" dir="1" index="11" bw="32" slack="0"/>
</pin_list>
<bind>
<opcode="sparsemux(1197) " fcode="sparsemux"/>
<opset="v_1/9 "/>
</bind>
</comp>

<comp id="1310" class="1004" name="acc_27_fu_1310">
<pin_list>
<pin id="1311" dir="0" index="0" bw="32" slack="0"/>
<pin id="1312" dir="0" index="1" bw="32" slack="0"/>
<pin id="1313" dir="1" index="2" bw="32" slack="0"/>
</pin_list>
<bind>
<opcode="add(8) " fcode="add"/>
<opset="acc_27/9 "/>
</bind>
</comp>

<comp id="1316" class="1004" name="acc_29_fu_1316">
<pin_list>
<pin id="1317" dir="0" index="0" bw="32" slack="0"/>
<pin id="1318" dir="0" index="1" bw="32" slack="0"/>
<pin id="1319" dir="1" index="2" bw="32" slack="0"/>
</pin_list>
<bind>
<opcode="sub(10) " fcode="sub"/>
<opset="acc_29/9 "/>
</bind>
</comp>

<comp id="1322" class="1004" name="acc_35_fu_1322">
<pin_list>
<pin id="1323" dir="0" index="0" bw="1" slack="8"/>
<pin id="1324" dir="0" index="1" bw="32" slack="0"/>
<pin id="1325" dir="0" index="2" bw="32" slack="0"/>
<pin id="1326" dir="1" index="3" bw="32" slack="0"/>
</pin_list>
<bind>
<opcode="select(49) " fcode="select"/>
<opset="acc_35/9 "/>
</bind>
</comp>

<comp id="1329" class="1004" name="acc_6_fu_1329">
<pin_list>
<pin id="1330" dir="0" index="0" bw="1" slack="2"/>
<pin id="1331" dir="0" index="1" bw="32" slack="0"/>
<pin id="1332" dir="0" index="2" bw="32" slack="0"/>
<pin id="1333" dir="1" index="3" bw="32" slack="0"/>
</pin_list>
<bind>
<opcode="select(49) " fcode="select"/>
<opset="acc_6/9 "/>
</bind>
</comp>

<comp id="1336" class="1004" name="v_2_fu_1336">
<pin_list>
<pin id="1337" dir="0" index="0" bw="32" slack="0"/>
<pin id="1338" dir="0" index="1" bw="2" slack="0"/>
<pin id="1339" dir="0" index="2" bw="32" slack="0"/>
<pin id="1340" dir="0" index="3" bw="2" slack="0"/>
<pin id="1341" dir="0" index="4" bw="32" slack="0"/>
<pin id="1342" dir="0" index="5" bw="2" slack="0"/>
<pin id="1343" dir="0" index="6" bw="32" slack="0"/>
<pin id="1344" dir="0" index="7" bw="2" slack="0"/>
<pin id="1345" dir="0" index="8" bw="32" slack="0"/>
<pin id="1346" dir="0" index="9" bw="32" slack="0"/>
<pin id="1347" dir="0" index="10" bw="2" slack="8"/>
<pin id="1348" dir="1" index="11" bw="32" slack="0"/>
</pin_list>
<bind>
<opcode="sparsemux(1197) " fcode="sparsemux"/>
<opset="v_2/9 "/>
</bind>
</comp>

<comp id="1359" class="1004" name="acc_37_fu_1359">
<pin_list>
<pin id="1360" dir="0" index="0" bw="32" slack="0"/>
<pin id="1361" dir="0" index="1" bw="32" slack="0"/>
<pin id="1362" dir="1" index="2" bw="32" slack="0"/>
</pin_list>
<bind>
<opcode="add(8) " fcode="add"/>
<opset="acc_37/9 "/>
</bind>
</comp>

<comp id="1365" class="1004" name="acc_41_fu_1365">
<pin_list>
<pin id="1366" dir="0" index="0" bw="32" slack="0"/>
<pin id="1367" dir="0" index="1" bw="32" slack="0"/>
<pin id="1368" dir="1" index="2" bw="32" slack="0"/>
</pin_list>
<bind>
<opcode="sub(10) " fcode="sub"/>
<opset="acc_41/9 "/>
</bind>
</comp>

<comp id="1371" class="1004" name="acc_42_fu_1371">
<pin_list>
<pin id="1372" dir="0" index="0" bw="1" slack="8"/>
<pin id="1373" dir="0" index="1" bw="32" slack="0"/>
<pin id="1374" dir="0" index="2" bw="32" slack="0"/>
<pin id="1375" dir="1" index="3" bw="32" slack="0"/>
</pin_list>
<bind>
<opcode="select(49) " fcode="select"/>
<opset="acc_42/9 "/>
</bind>
</comp>

<comp id="1378" class="1004" name="acc_10_fu_1378">
<pin_list>
<pin id="1379" dir="0" index="0" bw="1" slack="2"/>
<pin id="1380" dir="0" index="1" bw="32" slack="0"/>
<pin id="1381" dir="0" index="2" bw="32" slack="0"/>
<pin id="1382" dir="1" index="3" bw="32" slack="0"/>
</pin_list>
<bind>
<opcode="select(49) " fcode="select"/>
<opset="acc_10/9 "/>
</bind>
</comp>

<comp id="1385" class="1004" name="acc_43_fu_1385">
<pin_list>
<pin id="1386" dir="0" index="0" bw="32" slack="0"/>
<pin id="1387" dir="0" index="1" bw="32" slack="0"/>
<pin id="1388" dir="1" index="2" bw="32" slack="0"/>
</pin_list>
<bind>
<opcode="add(8) " fcode="add"/>
<opset="acc_43/9 "/>
</bind>
</comp>

<comp id="1391" class="1004" name="acc_44_fu_1391">
<pin_list>
<pin id="1392" dir="0" index="0" bw="32" slack="0"/>
<pin id="1393" dir="0" index="1" bw="32" slack="0"/>
<pin id="1394" dir="1" index="2" bw="32" slack="0"/>
</pin_list>
<bind>
<opcode="sub(10) " fcode="sub"/>
<opset="acc_44/9 "/>
</bind>
</comp>

<comp id="1397" class="1004" name="acc_45_fu_1397">
<pin_list>
<pin id="1398" dir="0" index="0" bw="1" slack="8"/>
<pin id="1399" dir="0" index="1" bw="32" slack="0"/>
<pin id="1400" dir="0" index="2" bw="32" slack="0"/>
<pin id="1401" dir="1" index="3" bw="32" slack="0"/>
</pin_list>
<bind>
<opcode="select(49) " fcode="select"/>
<opset="acc_45/9 "/>
</bind>
</comp>

<comp id="1404" class="1004" name="acc_16_fu_1404">
<pin_list>
<pin id="1405" dir="0" index="0" bw="1" slack="2"/>
<pin id="1406" dir="0" index="1" bw="32" slack="0"/>
<pin id="1407" dir="0" index="2" bw="32" slack="0"/>
<pin id="1408" dir="1" index="3" bw="32" slack="1"/>
</pin_list>
<bind>
<opcode="select(49) " fcode="select"/>
<opset="acc_16/9 "/>
</bind>
</comp>

<comp id="1411" class="1004" name="zext_ln58_10_fu_1411">
<pin_list>
<pin id="1412" dir="0" index="0" bw="8" slack="1"/>
<pin id="1413" dir="1" index="1" bw="64" slack="0"/>
</pin_list>
<bind>
<opcode="zext(34) " fcode="zext"/>
<opset="zext_ln58_10/9 "/>
</bind>
</comp>

<comp id="1418" class="1004" name="add_ln58_s_fu_1418">
<pin_list>
<pin id="1419" dir="0" index="0" bw="8" slack="0"/>
<pin id="1420" dir="0" index="1" bw="5" slack="1"/>
<pin id="1421" dir="0" index="2" bw="3" slack="8"/>
<pin id="1422" dir="1" index="3" bw="8" slack="0"/>
</pin_list>
<bind>
<opcode="bitconcatenate(1004) " fcode="bitconcatenate"/>
<opset="add_ln58_s/9 "/>
</bind>
</comp>

<comp id="1424" class="1004" name="zext_ln58_11_fu_1424">
<pin_list>
<pin id="1425" dir="0" index="0" bw="8" slack="0"/>
<pin id="1426" dir="1" index="1" bw="64" slack="0"/>
</pin_list>
<bind>
<opcode="zext(34) " fcode="zext"/>
<opset="zext_ln58_11/9 "/>
</bind>
</comp>

<comp id="1432" class="1004" name="zext_ln58_12_fu_1432">
<pin_list>
<pin id="1433" dir="0" index="0" bw="8" slack="1"/>
<pin id="1434" dir="1" index="1" bw="64" slack="0"/>
</pin_list>
<bind>
<opcode="zext(34) " fcode="zext"/>
<opset="zext_ln58_12/9 "/>
</bind>
</comp>

<comp id="1439" class="1004" name="tmp_40_fu_1439">
<pin_list>
<pin id="1440" dir="0" index="0" bw="1" slack="0"/>
<pin id="1441" dir="0" index="1" bw="6" slack="9"/>
<pin id="1442" dir="0" index="2" bw="4" slack="0"/>
<pin id="1443" dir="1" index="3" bw="1" slack="0"/>
</pin_list>
<bind>
<opcode="bitselect(1000) " fcode="bitselect"/>
<opset="tmp_40/10 "/>
</bind>
</comp>

<comp id="1446" class="1004" name="acc_46_fu_1446">
<pin_list>
<pin id="1447" dir="0" index="0" bw="32" slack="1"/>
<pin id="1448" dir="0" index="1" bw="32" slack="1"/>
<pin id="1449" dir="1" index="2" bw="32" slack="0"/>
</pin_list>
<bind>
<opcode="add(8) " fcode="add"/>
<opset="acc_46/10 "/>
</bind>
</comp>

<comp id="1450" class="1004" name="acc_47_fu_1450">
<pin_list>
<pin id="1451" dir="0" index="0" bw="32" slack="1"/>
<pin id="1452" dir="0" index="1" bw="32" slack="1"/>
<pin id="1453" dir="1" index="2" bw="32" slack="0"/>
</pin_list>
<bind>
<opcode="sub(10) " fcode="sub"/>
<opset="acc_47/10 "/>
</bind>
</comp>

<comp id="1454" class="1004" name="acc_48_fu_1454">
<pin_list>
<pin id="1455" dir="0" index="0" bw="1" slack="9"/>
<pin id="1456" dir="0" index="1" bw="32" slack="0"/>
<pin id="1457" dir="0" index="2" bw="32" slack="0"/>
<pin id="1458" dir="1" index="3" bw="32" slack="0"/>
</pin_list>
<bind>
<opcode="select(49) " fcode="select"/>
<opset="acc_48/10 "/>
</bind>
</comp>

<comp id="1461" class="1004" name="tmp_47_fu_1461">
<pin_list>
<pin id="1462" dir="0" index="0" bw="1" slack="0"/>
<pin id="1463" dir="0" index="1" bw="6" slack="8"/>
<pin id="1464" dir="0" index="2" bw="4" slack="0"/>
<pin id="1465" dir="1" index="3" bw="1" slack="0"/>
</pin_list>
<bind>
<opcode="bitselect(1000) " fcode="bitselect"/>
<opset="tmp_47/10 "/>
</bind>
</comp>

<comp id="1468" class="1004" name="acc_49_fu_1468">
<pin_list>
<pin id="1469" dir="0" index="0" bw="32" slack="1"/>
<pin id="1470" dir="0" index="1" bw="32" slack="0"/>
<pin id="1471" dir="1" index="2" bw="32" slack="0"/>
</pin_list>
<bind>
<opcode="add(8) " fcode="add"/>
<opset="acc_49/10 "/>
</bind>
</comp>

<comp id="1474" class="1004" name="acc_50_fu_1474">
<pin_list>
<pin id="1475" dir="0" index="0" bw="32" slack="0"/>
<pin id="1476" dir="0" index="1" bw="32" slack="1"/>
<pin id="1477" dir="1" index="2" bw="32" slack="0"/>
</pin_list>
<bind>
<opcode="sub(10) " fcode="sub"/>
<opset="acc_50/10 "/>
</bind>
</comp>

<comp id="1480" class="1004" name="acc_51_fu_1480">
<pin_list>
<pin id="1481" dir="0" index="0" bw="1" slack="9"/>
<pin id="1482" dir="0" index="1" bw="32" slack="0"/>
<pin id="1483" dir="0" index="2" bw="32" slack="0"/>
<pin id="1484" dir="1" index="3" bw="32" slack="0"/>
</pin_list>
<bind>
<opcode="select(49) " fcode="select"/>
<opset="acc_51/10 "/>
</bind>
</comp>

<comp id="1487" class="1004" name="acc_24_fu_1487">
<pin_list>
<pin id="1488" dir="0" index="0" bw="1" slack="0"/>
<pin id="1489" dir="0" index="1" bw="32" slack="0"/>
<pin id="1490" dir="0" index="2" bw="32" slack="0"/>
<pin id="1491" dir="1" index="3" bw="32" slack="0"/>
</pin_list>
<bind>
<opcode="select(49) " fcode="select"/>
<opset="acc_24/10 "/>
</bind>
</comp>

<comp id="1495" class="1004" name="acc_52_fu_1495">
<pin_list>
<pin id="1496" dir="0" index="0" bw="32" slack="0"/>
<pin id="1497" dir="0" index="1" bw="32" slack="0"/>
<pin id="1498" dir="1" index="2" bw="32" slack="0"/>
</pin_list>
<bind>
<opcode="add(8) " fcode="add"/>
<opset="acc_52/10 "/>
</bind>
</comp>

<comp id="1501" class="1004" name="acc_53_fu_1501">
<pin_list>
<pin id="1502" dir="0" index="0" bw="32" slack="0"/>
<pin id="1503" dir="0" index="1" bw="32" slack="0"/>
<pin id="1504" dir="1" index="2" bw="32" slack="0"/>
</pin_list>
<bind>
<opcode="sub(10) " fcode="sub"/>
<opset="acc_53/10 "/>
</bind>
</comp>

<comp id="1507" class="1004" name="acc_54_fu_1507">
<pin_list>
<pin id="1508" dir="0" index="0" bw="1" slack="9"/>
<pin id="1509" dir="0" index="1" bw="32" slack="0"/>
<pin id="1510" dir="0" index="2" bw="32" slack="0"/>
<pin id="1511" dir="1" index="3" bw="32" slack="0"/>
</pin_list>
<bind>
<opcode="select(49) " fcode="select"/>
<opset="acc_54/10 "/>
</bind>
</comp>

<comp id="1514" class="1004" name="acc_30_fu_1514">
<pin_list>
<pin id="1515" dir="0" index="0" bw="1" slack="2"/>
<pin id="1516" dir="0" index="1" bw="32" slack="0"/>
<pin id="1517" dir="0" index="2" bw="32" slack="0"/>
<pin id="1518" dir="1" index="3" bw="32" slack="0"/>
</pin_list>
<bind>
<opcode="select(49) " fcode="select"/>
<opset="acc_30/10 "/>
</bind>
</comp>

<comp id="1521" class="1004" name="acc_55_fu_1521">
<pin_list>
<pin id="1522" dir="0" index="0" bw="32" slack="0"/>
<pin id="1523" dir="0" index="1" bw="32" slack="0"/>
<pin id="1524" dir="1" index="2" bw="32" slack="0"/>
</pin_list>
<bind>
<opcode="add(8) " fcode="add"/>
<opset="acc_55/10 "/>
</bind>
</comp>

<comp id="1527" class="1004" name="acc_56_fu_1527">
<pin_list>
<pin id="1528" dir="0" index="0" bw="32" slack="0"/>
<pin id="1529" dir="0" index="1" bw="32" slack="0"/>
<pin id="1530" dir="1" index="2" bw="32" slack="0"/>
</pin_list>
<bind>
<opcode="sub(10) " fcode="sub"/>
<opset="acc_56/10 "/>
</bind>
</comp>

<comp id="1533" class="1004" name="acc_57_fu_1533">
<pin_list>
<pin id="1534" dir="0" index="0" bw="1" slack="9"/>
<pin id="1535" dir="0" index="1" bw="32" slack="0"/>
<pin id="1536" dir="0" index="2" bw="32" slack="0"/>
<pin id="1537" dir="1" index="3" bw="32" slack="0"/>
</pin_list>
<bind>
<opcode="select(49) " fcode="select"/>
<opset="acc_57/10 "/>
</bind>
</comp>

<comp id="1540" class="1004" name="acc_34_fu_1540">
<pin_list>
<pin id="1541" dir="0" index="0" bw="1" slack="0"/>
<pin id="1542" dir="0" index="1" bw="32" slack="0"/>
<pin id="1543" dir="0" index="2" bw="32" slack="0"/>
<pin id="1544" dir="1" index="3" bw="32" slack="1"/>
</pin_list>
<bind>
<opcode="select(49) " fcode="select"/>
<opset="acc_34/10 "/>
</bind>
</comp>

<comp id="1548" class="1004" name="zext_ln58_7_fu_1548">
<pin_list>
<pin id="1549" dir="0" index="0" bw="8" slack="4"/>
<pin id="1550" dir="1" index="1" bw="64" slack="0"/>
</pin_list>
<bind>
<opcode="zext(34) " fcode="zext"/>
<opset="zext_ln58_7/11 "/>
</bind>
</comp>

<comp id="1556" class="1004" name="trunc_ln58_1_fu_1556">
<pin_list>
<pin id="1557" dir="0" index="0" bw="3" slack="0"/>
<pin id="1558" dir="1" index="1" bw="3" slack="0"/>
</pin_list>
<bind>
<opcode="trunc(33) " fcode="trunc"/>
<opset="trunc_ln58_1/11 "/>
</bind>
</comp>

<comp id="1560" class="1004" name="or_ln57_3_fu_1560">
<pin_list>
<pin id="1561" dir="0" index="0" bw="6" slack="9"/>
<pin id="1562" dir="0" index="1" bw="6" slack="10"/>
<pin id="1563" dir="1" index="2" bw="6" slack="0"/>
</pin_list>
<bind>
<opcode="or(24) " fcode="or"/>
<opset="or_ln57_3/11 "/>
</bind>
</comp>

<comp id="1564" class="1004" name="tmp_50_fu_1564">
<pin_list>
<pin id="1565" dir="0" index="0" bw="1" slack="0"/>
<pin id="1566" dir="0" index="1" bw="6" slack="0"/>
<pin id="1567" dir="0" index="2" bw="4" slack="0"/>
<pin id="1568" dir="1" index="3" bw="1" slack="0"/>
</pin_list>
<bind>
<opcode="bitselect(1000) " fcode="bitselect"/>
<opset="tmp_50/11 "/>
</bind>
</comp>

<comp id="1572" class="1004" name="acc_58_fu_1572">
<pin_list>
<pin id="1573" dir="0" index="0" bw="32" slack="1"/>
<pin id="1574" dir="0" index="1" bw="32" slack="1"/>
<pin id="1575" dir="1" index="2" bw="32" slack="0"/>
</pin_list>
<bind>
<opcode="add(8) " fcode="add"/>
<opset="acc_58/11 "/>
</bind>
</comp>

<comp id="1577" class="1004" name="acc_59_fu_1577">
<pin_list>
<pin id="1578" dir="0" index="0" bw="32" slack="1"/>
<pin id="1579" dir="0" index="1" bw="32" slack="1"/>
<pin id="1580" dir="1" index="2" bw="32" slack="0"/>
</pin_list>
<bind>
<opcode="sub(10) " fcode="sub"/>
<opset="acc_59/11 "/>
</bind>
</comp>

<comp id="1582" class="1004" name="acc_60_fu_1582">
<pin_list>
<pin id="1583" dir="0" index="0" bw="1" slack="10"/>
<pin id="1584" dir="0" index="1" bw="32" slack="0"/>
<pin id="1585" dir="0" index="2" bw="32" slack="0"/>
<pin id="1586" dir="1" index="3" bw="32" slack="0"/>
</pin_list>
<bind>
<opcode="select(49) " fcode="select"/>
<opset="acc_60/11 "/>
</bind>
</comp>

<comp id="1589" class="1004" name="acc_40_fu_1589">
<pin_list>
<pin id="1590" dir="0" index="0" bw="1" slack="0"/>
<pin id="1591" dir="0" index="1" bw="32" slack="1"/>
<pin id="1592" dir="0" index="2" bw="32" slack="0"/>
<pin id="1593" dir="1" index="3" bw="32" slack="0"/>
</pin_list>
<bind>
<opcode="select(49) " fcode="select"/>
<opset="acc_40/11 "/>
</bind>
</comp>

<comp id="1601" class="1004" name="switch_ln63_fu_1601">
<pin_list>
<pin id="1602" dir="0" index="0" bw="3" slack="0"/>
<pin id="1603" dir="0" index="1" bw="1" slack="0"/>
<pin id="1604" dir="0" index="2" bw="1" slack="0"/>
<pin id="1605" dir="0" index="3" bw="3" slack="0"/>
<pin id="1606" dir="0" index="4" bw="3" slack="0"/>
<pin id="1607" dir="1" index="5" bw="0" slack="2147483647"/>
</pin_list>
<bind>
<opcode="switch(3) " fcode="switch"/>
<opset="switch_ln63/11 "/>
</bind>
</comp>

<comp id="1613" class="1005" name="iw_reg_1613">
<pin_list>
<pin id="1614" dir="0" index="0" bw="6" slack="0"/>
<pin id="1615" dir="1" index="1" bw="6" slack="0"/>
</pin_list>
<bind>
<opset="iw "/>
</bind>
</comp>

<comp id="1620" class="1005" name="oh_reg_1620">
<pin_list>
<pin id="1621" dir="0" index="0" bw="6" slack="0"/>
<pin id="1622" dir="1" index="1" bw="6" slack="0"/>
</pin_list>
<bind>
<opset="oh "/>
</bind>
</comp>

<comp id="1627" class="1005" name="indvar_flatten_reg_1627">
<pin_list>
<pin id="1628" dir="0" index="0" bw="11" slack="0"/>
<pin id="1629" dir="1" index="1" bw="11" slack="0"/>
</pin_list>
<bind>
<opset="indvar_flatten "/>
</bind>
</comp>

<comp id="1634" class="1005" name="cmp38_1_1_read_reg_1634">
<pin_list>
<pin id="1635" dir="0" index="0" bw="1" slack="9"/>
<pin id="1636" dir="1" index="1" bw="1" slack="9"/>
</pin_list>
<bind>
<opset="cmp38_1_1_read "/>
</bind>
</comp>

<comp id="1639" class="1005" name="icmp_ln50_reg_1639">
<pin_list>
<pin id="1640" dir="0" index="0" bw="1" slack="1"/>
<pin id="1641" dir="1" index="1" bw="1" slack="2147483647"/>
</pin_list>
<bind>
<opset="icmp_ln50 "/>
</bind>
</comp>

<comp id="1643" class="1005" name="select_ln50_reg_1643">
<pin_list>
<pin id="1644" dir="0" index="0" bw="6" slack="1"/>
<pin id="1645" dir="1" index="1" bw="6" slack="1"/>
</pin_list>
<bind>
<opset="select_ln50 "/>
</bind>
</comp>

<comp id="1649" class="1005" name="select_ln50_1_reg_1649">
<pin_list>
<pin id="1650" dir="0" index="0" bw="6" slack="7"/>
<pin id="1651" dir="1" index="1" bw="6" slack="7"/>
</pin_list>
<bind>
<opset="select_ln50_1 "/>
</bind>
</comp>

<comp id="1656" class="1005" name="select_ln50_2_reg_1656">
<pin_list>
<pin id="1657" dir="0" index="0" bw="6" slack="6"/>
<pin id="1658" dir="1" index="1" bw="6" slack="6"/>
</pin_list>
<bind>
<opset="select_ln50_2 "/>
</bind>
</comp>

<comp id="1662" class="1005" name="trunc_ln63_reg_1662">
<pin_list>
<pin id="1663" dir="0" index="0" bw="5" slack="6"/>
<pin id="1664" dir="1" index="1" bw="5" slack="6"/>
</pin_list>
<bind>
<opset="trunc_ln63 "/>
</bind>
</comp>

<comp id="1669" class="1005" name="trunc_ln51_reg_1669">
<pin_list>
<pin id="1670" dir="0" index="0" bw="2" slack="7"/>
<pin id="1671" dir="1" index="1" bw="2" slack="8"/>
</pin_list>
<bind>
<opset="trunc_ln51 "/>
</bind>
</comp>

<comp id="1679" class="1005" name="cmp_reg_1679">
<pin_list>
<pin id="1680" dir="0" index="0" bw="1" slack="8"/>
<pin id="1681" dir="1" index="1" bw="1" slack="8"/>
</pin_list>
<bind>
<opset="cmp "/>
</bind>
</comp>

<comp id="1684" class="1005" name="lshr_ln58_1_reg_1684">
<pin_list>
<pin id="1685" dir="0" index="0" bw="3" slack="7"/>
<pin id="1686" dir="1" index="1" bw="3" slack="7"/>
</pin_list>
<bind>
<opset="lshr_ln58_1 "/>
</bind>
</comp>

<comp id="1691" class="1005" name="cmp38_s_reg_1691">
<pin_list>
<pin id="1692" dir="0" index="0" bw="1" slack="8"/>
<pin id="1693" dir="1" index="1" bw="1" slack="8"/>
</pin_list>
<bind>
<opset="cmp38_s "/>
</bind>
</comp>

<comp id="1696" class="1005" name="cmp38_3_reg_1696">
<pin_list>
<pin id="1697" dir="0" index="0" bw="1" slack="8"/>
<pin id="1698" dir="1" index="1" bw="1" slack="8"/>
</pin_list>
<bind>
<opset="cmp38_3 "/>
</bind>
</comp>

<comp id="1701" class="1005" name="cmp38_1_reg_1701">
<pin_list>
<pin id="1702" dir="0" index="0" bw="1" slack="8"/>
<pin id="1703" dir="1" index="1" bw="1" slack="8"/>
</pin_list>
<bind>
<opset="cmp38_1 "/>
</bind>
</comp>

<comp id="1706" class="1005" name="add_ln58_5_reg_1706">
<pin_list>
<pin id="1707" dir="0" index="0" bw="7" slack="1"/>
<pin id="1708" dir="1" index="1" bw="7" slack="1"/>
</pin_list>
<bind>
<opset="add_ln58_5 "/>
</bind>
</comp>

<comp id="1712" class="1005" name="cmp38_1_2_reg_1712">
<pin_list>
<pin id="1713" dir="0" index="0" bw="1" slack="9"/>
<pin id="1714" dir="1" index="1" bw="1" slack="9"/>
</pin_list>
<bind>
<opset="cmp38_1_2 "/>
</bind>
</comp>

<comp id="1717" class="1005" name="cmp38_2_reg_1717">
<pin_list>
<pin id="1718" dir="0" index="0" bw="1" slack="9"/>
<pin id="1719" dir="1" index="1" bw="1" slack="9"/>
</pin_list>
<bind>
<opset="cmp38_2 "/>
</bind>
</comp>

<comp id="1722" class="1005" name="cmp38_2_1_reg_1722">
<pin_list>
<pin id="1723" dir="0" index="0" bw="1" slack="9"/>
<pin id="1724" dir="1" index="1" bw="1" slack="9"/>
</pin_list>
<bind>
<opset="cmp38_2_1 "/>
</bind>
</comp>

<comp id="1727" class="1005" name="cmp38_2_2_reg_1727">
<pin_list>
<pin id="1728" dir="0" index="0" bw="1" slack="10"/>
<pin id="1729" dir="1" index="1" bw="1" slack="10"/>
</pin_list>
<bind>
<opset="cmp38_2_2 "/>
</bind>
</comp>

<comp id="1732" class="1005" name="add_ln56_3_reg_1732">
<pin_list>
<pin id="1733" dir="0" index="0" bw="6" slack="5"/>
<pin id="1734" dir="1" index="1" bw="6" slack="5"/>
</pin_list>
<bind>
<opset="add_ln56_3 "/>
</bind>
</comp>

<comp id="1739" class="1005" name="lshr_ln58_2_reg_1739">
<pin_list>
<pin id="1740" dir="0" index="0" bw="4" slack="6"/>
<pin id="1741" dir="1" index="1" bw="4" slack="6"/>
</pin_list>
<bind>
<opset="lshr_ln58_2 "/>
</bind>
</comp>

<comp id="1744" class="1005" name="add_ln56_reg_1744">
<pin_list>
<pin id="1745" dir="0" index="0" bw="6" slack="2"/>
<pin id="1746" dir="1" index="1" bw="6" slack="2"/>
</pin_list>
<bind>
<opset="add_ln56 "/>
</bind>
</comp>

<comp id="1749" class="1005" name="tmp_39_reg_1749">
<pin_list>
<pin id="1750" dir="0" index="0" bw="1" slack="1"/>
<pin id="1751" dir="1" index="1" bw="1" slack="2"/>
</pin_list>
<bind>
<opset="tmp_39 "/>
</bind>
</comp>

<comp id="1754" class="1005" name="trunc_ln58_reg_1754">
<pin_list>
<pin id="1755" dir="0" index="0" bw="5" slack="1"/>
<pin id="1756" dir="1" index="1" bw="5" slack="1"/>
</pin_list>
<bind>
<opset="trunc_ln58 "/>
</bind>
</comp>

<comp id="1760" class="1005" name="add_ln56_2_reg_1760">
<pin_list>
<pin id="1761" dir="0" index="0" bw="6" slack="1"/>
<pin id="1762" dir="1" index="1" bw="6" slack="1"/>
</pin_list>
<bind>
<opset="add_ln56_2 "/>
</bind>
</comp>

<comp id="1766" class="1005" name="trunc_ln1_reg_1766">
<pin_list>
<pin id="1767" dir="0" index="0" bw="4" slack="1"/>
<pin id="1768" dir="1" index="1" bw="4" slack="1"/>
</pin_list>
<bind>
<opset="trunc_ln1 "/>
</bind>
</comp>

<comp id="1771" class="1005" name="icmp_ln57_reg_1771">
<pin_list>
<pin id="1772" dir="0" index="0" bw="1" slack="1"/>
<pin id="1773" dir="1" index="1" bw="1" slack="2"/>
</pin_list>
<bind>
<opset="icmp_ln57 "/>
</bind>
</comp>

<comp id="1776" class="1005" name="tmp_44_reg_1776">
<pin_list>
<pin id="1777" dir="0" index="0" bw="1" slack="1"/>
<pin id="1778" dir="1" index="1" bw="1" slack="1"/>
</pin_list>
<bind>
<opset="tmp_44 "/>
</bind>
</comp>

<comp id="1782" class="1005" name="tmp_46_reg_1782">
<pin_list>
<pin id="1783" dir="0" index="0" bw="8" slack="4"/>
<pin id="1784" dir="1" index="1" bw="8" slack="4"/>
</pin_list>
<bind>
<opset="tmp_46 "/>
</bind>
</comp>

<comp id="1787" class="1005" name="img_0_addr_reg_1787">
<pin_list>
<pin id="1788" dir="0" index="0" bw="8" slack="1"/>
<pin id="1789" dir="1" index="1" bw="8" slack="1"/>
</pin_list>
<bind>
<opset="img_0_addr "/>
</bind>
</comp>

<comp id="1792" class="1005" name="img_1_addr_reg_1792">
<pin_list>
<pin id="1793" dir="0" index="0" bw="8" slack="1"/>
<pin id="1794" dir="1" index="1" bw="8" slack="1"/>
</pin_list>
<bind>
<opset="img_1_addr "/>
</bind>
</comp>

<comp id="1797" class="1005" name="img_2_addr_reg_1797">
<pin_list>
<pin id="1798" dir="0" index="0" bw="8" slack="1"/>
<pin id="1799" dir="1" index="1" bw="8" slack="1"/>
</pin_list>
<bind>
<opset="img_2_addr "/>
</bind>
</comp>

<comp id="1802" class="1005" name="img_3_addr_reg_1802">
<pin_list>
<pin id="1803" dir="0" index="0" bw="8" slack="1"/>
<pin id="1804" dir="1" index="1" bw="8" slack="1"/>
</pin_list>
<bind>
<opset="img_3_addr "/>
</bind>
</comp>

<comp id="1807" class="1005" name="img_0_addr_1_reg_1807">
<pin_list>
<pin id="1808" dir="0" index="0" bw="8" slack="1"/>
<pin id="1809" dir="1" index="1" bw="8" slack="1"/>
</pin_list>
<bind>
<opset="img_0_addr_1 "/>
</bind>
</comp>

<comp id="1812" class="1005" name="img_1_addr_1_reg_1812">
<pin_list>
<pin id="1813" dir="0" index="0" bw="8" slack="1"/>
<pin id="1814" dir="1" index="1" bw="8" slack="1"/>
</pin_list>
<bind>
<opset="img_1_addr_1 "/>
</bind>
</comp>

<comp id="1817" class="1005" name="img_2_addr_1_reg_1817">
<pin_list>
<pin id="1818" dir="0" index="0" bw="8" slack="1"/>
<pin id="1819" dir="1" index="1" bw="8" slack="1"/>
</pin_list>
<bind>
<opset="img_2_addr_1 "/>
</bind>
</comp>

<comp id="1822" class="1005" name="img_3_addr_1_reg_1822">
<pin_list>
<pin id="1823" dir="0" index="0" bw="8" slack="1"/>
<pin id="1824" dir="1" index="1" bw="8" slack="1"/>
</pin_list>
<bind>
<opset="img_3_addr_1 "/>
</bind>
</comp>

<comp id="1827" class="1005" name="img_0_addr_2_reg_1827">
<pin_list>
<pin id="1828" dir="0" index="0" bw="8" slack="1"/>
<pin id="1829" dir="1" index="1" bw="8" slack="1"/>
</pin_list>
<bind>
<opset="img_0_addr_2 "/>
</bind>
</comp>

<comp id="1832" class="1005" name="img_1_addr_2_reg_1832">
<pin_list>
<pin id="1833" dir="0" index="0" bw="8" slack="1"/>
<pin id="1834" dir="1" index="1" bw="8" slack="1"/>
</pin_list>
<bind>
<opset="img_1_addr_2 "/>
</bind>
</comp>

<comp id="1837" class="1005" name="img_2_addr_2_reg_1837">
<pin_list>
<pin id="1838" dir="0" index="0" bw="8" slack="1"/>
<pin id="1839" dir="1" index="1" bw="8" slack="1"/>
</pin_list>
<bind>
<opset="img_2_addr_2 "/>
</bind>
</comp>

<comp id="1842" class="1005" name="img_3_addr_2_reg_1842">
<pin_list>
<pin id="1843" dir="0" index="0" bw="8" slack="1"/>
<pin id="1844" dir="1" index="1" bw="8" slack="1"/>
</pin_list>
<bind>
<opset="img_3_addr_2 "/>
</bind>
</comp>

<comp id="1847" class="1005" name="img_0_addr_3_reg_1847">
<pin_list>
<pin id="1848" dir="0" index="0" bw="8" slack="1"/>
<pin id="1849" dir="1" index="1" bw="8" slack="1"/>
</pin_list>
<bind>
<opset="img_0_addr_3 "/>
</bind>
</comp>

<comp id="1852" class="1005" name="img_1_addr_3_reg_1852">
<pin_list>
<pin id="1853" dir="0" index="0" bw="8" slack="1"/>
<pin id="1854" dir="1" index="1" bw="8" slack="1"/>
</pin_list>
<bind>
<opset="img_1_addr_3 "/>
</bind>
</comp>

<comp id="1857" class="1005" name="img_2_addr_3_reg_1857">
<pin_list>
<pin id="1858" dir="0" index="0" bw="8" slack="1"/>
<pin id="1859" dir="1" index="1" bw="8" slack="1"/>
</pin_list>
<bind>
<opset="img_2_addr_3 "/>
</bind>
</comp>

<comp id="1862" class="1005" name="img_3_addr_3_reg_1862">
<pin_list>
<pin id="1863" dir="0" index="0" bw="8" slack="1"/>
<pin id="1864" dir="1" index="1" bw="8" slack="1"/>
</pin_list>
<bind>
<opset="img_3_addr_3 "/>
</bind>
</comp>

<comp id="1867" class="1005" name="img_0_addr_4_reg_1867">
<pin_list>
<pin id="1868" dir="0" index="0" bw="8" slack="1"/>
<pin id="1869" dir="1" index="1" bw="8" slack="1"/>
</pin_list>
<bind>
<opset="img_0_addr_4 "/>
</bind>
</comp>

<comp id="1872" class="1005" name="img_1_addr_4_reg_1872">
<pin_list>
<pin id="1873" dir="0" index="0" bw="8" slack="1"/>
<pin id="1874" dir="1" index="1" bw="8" slack="1"/>
</pin_list>
<bind>
<opset="img_1_addr_4 "/>
</bind>
</comp>

<comp id="1877" class="1005" name="img_2_addr_4_reg_1877">
<pin_list>
<pin id="1878" dir="0" index="0" bw="8" slack="1"/>
<pin id="1879" dir="1" index="1" bw="8" slack="1"/>
</pin_list>
<bind>
<opset="img_2_addr_4 "/>
</bind>
</comp>

<comp id="1882" class="1005" name="img_3_addr_4_reg_1882">
<pin_list>
<pin id="1883" dir="0" index="0" bw="8" slack="1"/>
<pin id="1884" dir="1" index="1" bw="8" slack="1"/>
</pin_list>
<bind>
<opset="img_3_addr_4 "/>
</bind>
</comp>

<comp id="1887" class="1005" name="img_0_addr_5_reg_1887">
<pin_list>
<pin id="1888" dir="0" index="0" bw="8" slack="1"/>
<pin id="1889" dir="1" index="1" bw="8" slack="1"/>
</pin_list>
<bind>
<opset="img_0_addr_5 "/>
</bind>
</comp>

<comp id="1892" class="1005" name="img_1_addr_5_reg_1892">
<pin_list>
<pin id="1893" dir="0" index="0" bw="8" slack="1"/>
<pin id="1894" dir="1" index="1" bw="8" slack="1"/>
</pin_list>
<bind>
<opset="img_1_addr_5 "/>
</bind>
</comp>

<comp id="1897" class="1005" name="img_2_addr_5_reg_1897">
<pin_list>
<pin id="1898" dir="0" index="0" bw="8" slack="1"/>
<pin id="1899" dir="1" index="1" bw="8" slack="1"/>
</pin_list>
<bind>
<opset="img_2_addr_5 "/>
</bind>
</comp>

<comp id="1902" class="1005" name="img_3_addr_5_reg_1902">
<pin_list>
<pin id="1903" dir="0" index="0" bw="8" slack="1"/>
<pin id="1904" dir="1" index="1" bw="8" slack="1"/>
</pin_list>
<bind>
<opset="img_3_addr_5 "/>
</bind>
</comp>

<comp id="1907" class="1005" name="icmp_ln57_1_reg_1907">
<pin_list>
<pin id="1908" dir="0" index="0" bw="1" slack="1"/>
<pin id="1909" dir="1" index="1" bw="1" slack="2"/>
</pin_list>
<bind>
<opset="icmp_ln57_1 "/>
</bind>
</comp>

<comp id="1912" class="1005" name="add_ln58_9_reg_1912">
<pin_list>
<pin id="1913" dir="0" index="0" bw="8" slack="1"/>
<pin id="1914" dir="1" index="1" bw="8" slack="1"/>
</pin_list>
<bind>
<opset="add_ln58_9 "/>
</bind>
</comp>

<comp id="1917" class="1005" name="tmp_s_reg_1917">
<pin_list>
<pin id="1918" dir="0" index="0" bw="5" slack="1"/>
<pin id="1919" dir="1" index="1" bw="5" slack="1"/>
</pin_list>
<bind>
<opset="tmp_s "/>
</bind>
</comp>

<comp id="1922" class="1005" name="add_ln58_10_reg_1922">
<pin_list>
<pin id="1923" dir="0" index="0" bw="8" slack="1"/>
<pin id="1924" dir="1" index="1" bw="8" slack="1"/>
</pin_list>
<bind>
<opset="add_ln58_10 "/>
</bind>
</comp>

<comp id="1927" class="1005" name="acc_16_reg_1927">
<pin_list>
<pin id="1928" dir="0" index="0" bw="32" slack="1"/>
<pin id="1929" dir="1" index="1" bw="32" slack="1"/>
</pin_list>
<bind>
<opset="acc_16 "/>
</bind>
</comp>

<comp id="1933" class="1005" name="v_4_reg_1933">
<pin_list>
<pin id="1934" dir="0" index="0" bw="32" slack="1"/>
<pin id="1935" dir="1" index="1" bw="32" slack="1"/>
</pin_list>
<bind>
<opset="v_4 "/>
</bind>
</comp>

<comp id="1939" class="1005" name="img_0_addr_6_reg_1939">
<pin_list>
<pin id="1940" dir="0" index="0" bw="8" slack="1"/>
<pin id="1941" dir="1" index="1" bw="8" slack="1"/>
</pin_list>
<bind>
<opset="img_0_addr_6 "/>
</bind>
</comp>

<comp id="1944" class="1005" name="img_1_addr_6_reg_1944">
<pin_list>
<pin id="1945" dir="0" index="0" bw="8" slack="1"/>
<pin id="1946" dir="1" index="1" bw="8" slack="1"/>
</pin_list>
<bind>
<opset="img_1_addr_6 "/>
</bind>
</comp>

<comp id="1949" class="1005" name="img_2_addr_6_reg_1949">
<pin_list>
<pin id="1950" dir="0" index="0" bw="8" slack="1"/>
<pin id="1951" dir="1" index="1" bw="8" slack="1"/>
</pin_list>
<bind>
<opset="img_2_addr_6 "/>
</bind>
</comp>

<comp id="1954" class="1005" name="img_3_addr_6_reg_1954">
<pin_list>
<pin id="1955" dir="0" index="0" bw="8" slack="1"/>
<pin id="1956" dir="1" index="1" bw="8" slack="1"/>
</pin_list>
<bind>
<opset="img_3_addr_6 "/>
</bind>
</comp>

<comp id="1959" class="1005" name="img_0_addr_7_reg_1959">
<pin_list>
<pin id="1960" dir="0" index="0" bw="8" slack="1"/>
<pin id="1961" dir="1" index="1" bw="8" slack="1"/>
</pin_list>
<bind>
<opset="img_0_addr_7 "/>
</bind>
</comp>

<comp id="1964" class="1005" name="img_1_addr_7_reg_1964">
<pin_list>
<pin id="1965" dir="0" index="0" bw="8" slack="1"/>
<pin id="1966" dir="1" index="1" bw="8" slack="1"/>
</pin_list>
<bind>
<opset="img_1_addr_7 "/>
</bind>
</comp>

<comp id="1969" class="1005" name="img_2_addr_7_reg_1969">
<pin_list>
<pin id="1970" dir="0" index="0" bw="8" slack="1"/>
<pin id="1971" dir="1" index="1" bw="8" slack="1"/>
</pin_list>
<bind>
<opset="img_2_addr_7 "/>
</bind>
</comp>

<comp id="1974" class="1005" name="img_3_addr_7_reg_1974">
<pin_list>
<pin id="1975" dir="0" index="0" bw="8" slack="1"/>
<pin id="1976" dir="1" index="1" bw="8" slack="1"/>
</pin_list>
<bind>
<opset="img_3_addr_7 "/>
</bind>
</comp>

<comp id="1979" class="1005" name="img_0_addr_8_reg_1979">
<pin_list>
<pin id="1980" dir="0" index="0" bw="8" slack="1"/>
<pin id="1981" dir="1" index="1" bw="8" slack="1"/>
</pin_list>
<bind>
<opset="img_0_addr_8 "/>
</bind>
</comp>

<comp id="1984" class="1005" name="img_1_addr_8_reg_1984">
<pin_list>
<pin id="1985" dir="0" index="0" bw="8" slack="1"/>
<pin id="1986" dir="1" index="1" bw="8" slack="1"/>
</pin_list>
<bind>
<opset="img_1_addr_8 "/>
</bind>
</comp>

<comp id="1989" class="1005" name="img_2_addr_8_reg_1989">
<pin_list>
<pin id="1990" dir="0" index="0" bw="8" slack="1"/>
<pin id="1991" dir="1" index="1" bw="8" slack="1"/>
</pin_list>
<bind>
<opset="img_2_addr_8 "/>
</bind>
</comp>

<comp id="1994" class="1005" name="img_3_addr_8_reg_1994">
<pin_list>
<pin id="1995" dir="0" index="0" bw="8" slack="1"/>
<pin id="1996" dir="1" index="1" bw="8" slack="1"/>
</pin_list>
<bind>
<opset="img_3_addr_8 "/>
</bind>
</comp>

<comp id="1999" class="1005" name="acc_34_reg_1999">
<pin_list>
<pin id="2000" dir="0" index="0" bw="32" slack="1"/>
<pin id="2001" dir="1" index="1" bw="32" slack="1"/>
</pin_list>
<bind>
<opset="acc_34 "/>
</bind>
</comp>

</comp_list>

<net_list>
<net id="165"><net_src comp="52" pin="0"/><net_sink comp="162" pin=0"/></net>

<net id="169"><net_src comp="52" pin="0"/><net_sink comp="166" pin=0"/></net>

<net id="173"><net_src comp="52" pin="0"/><net_sink comp="170" pin=0"/></net>

<net id="178"><net_src comp="64" pin="0"/><net_sink comp="174" pin=0"/></net>

<net id="179"><net_src comp="40" pin="0"/><net_sink comp="174" pin=1"/></net>

<net id="184"><net_src comp="66" pin="0"/><net_sink comp="180" pin=0"/></net>

<net id="185"><net_src comp="38" pin="0"/><net_sink comp="180" pin=1"/></net>

<net id="190"><net_src comp="64" pin="0"/><net_sink comp="186" pin=0"/></net>

<net id="191"><net_src comp="36" pin="0"/><net_sink comp="186" pin=1"/></net>

<net id="196"><net_src comp="66" pin="0"/><net_sink comp="192" pin=0"/></net>

<net id="197"><net_src comp="34" pin="0"/><net_sink comp="192" pin=1"/></net>

<net id="202"><net_src comp="64" pin="0"/><net_sink comp="198" pin=0"/></net>

<net id="203"><net_src comp="32" pin="0"/><net_sink comp="198" pin=1"/></net>

<net id="208"><net_src comp="66" pin="0"/><net_sink comp="204" pin=0"/></net>

<net id="209"><net_src comp="30" pin="0"/><net_sink comp="204" pin=1"/></net>

<net id="214"><net_src comp="64" pin="0"/><net_sink comp="210" pin=0"/></net>

<net id="215"><net_src comp="28" pin="0"/><net_sink comp="210" pin=1"/></net>

<net id="220"><net_src comp="66" pin="0"/><net_sink comp="216" pin=0"/></net>

<net id="221"><net_src comp="26" pin="0"/><net_sink comp="216" pin=1"/></net>

<net id="226"><net_src comp="68" pin="0"/><net_sink comp="222" pin=0"/></net>

<net id="227"><net_src comp="24" pin="0"/><net_sink comp="222" pin=1"/></net>

<net id="232"><net_src comp="64" pin="0"/><net_sink comp="228" pin=0"/></net>

<net id="233"><net_src comp="22" pin="0"/><net_sink comp="228" pin=1"/></net>

<net id="238"><net_src comp="66" pin="0"/><net_sink comp="234" pin=0"/></net>

<net id="239"><net_src comp="20" pin="0"/><net_sink comp="234" pin=1"/></net>

<net id="244"><net_src comp="64" pin="0"/><net_sink comp="240" pin=0"/></net>

<net id="245"><net_src comp="18" pin="0"/><net_sink comp="240" pin=1"/></net>

<net id="250"><net_src comp="66" pin="0"/><net_sink comp="246" pin=0"/></net>

<net id="251"><net_src comp="16" pin="0"/><net_sink comp="246" pin=1"/></net>

<net id="256"><net_src comp="64" pin="0"/><net_sink comp="252" pin=0"/></net>

<net id="257"><net_src comp="14" pin="0"/><net_sink comp="252" pin=1"/></net>

<net id="262"><net_src comp="66" pin="0"/><net_sink comp="258" pin=0"/></net>

<net id="263"><net_src comp="12" pin="0"/><net_sink comp="258" pin=1"/></net>

<net id="268"><net_src comp="64" pin="0"/><net_sink comp="264" pin=0"/></net>

<net id="269"><net_src comp="10" pin="0"/><net_sink comp="264" pin=1"/></net>

<net id="274"><net_src comp="66" pin="0"/><net_sink comp="270" pin=0"/></net>

<net id="275"><net_src comp="8" pin="0"/><net_sink comp="270" pin=1"/></net>

<net id="281"><net_src comp="0" pin="0"/><net_sink comp="276" pin=0"/></net>

<net id="282"><net_src comp="128" pin="0"/><net_sink comp="276" pin=1"/></net>

<net id="292"><net_src comp="276" pin="3"/><net_sink comp="283" pin=2"/></net>

<net id="298"><net_src comp="2" pin="0"/><net_sink comp="293" pin=0"/></net>

<net id="299"><net_src comp="128" pin="0"/><net_sink comp="293" pin=1"/></net>

<net id="309"><net_src comp="293" pin="3"/><net_sink comp="300" pin=2"/></net>

<net id="315"><net_src comp="4" pin="0"/><net_sink comp="310" pin=0"/></net>

<net id="316"><net_src comp="128" pin="0"/><net_sink comp="310" pin=1"/></net>

<net id="326"><net_src comp="310" pin="3"/><net_sink comp="317" pin=2"/></net>

<net id="332"><net_src comp="6" pin="0"/><net_sink comp="327" pin=0"/></net>

<net id="333"><net_src comp="128" pin="0"/><net_sink comp="327" pin=1"/></net>

<net id="343"><net_src comp="327" pin="3"/><net_sink comp="334" pin=2"/></net>

<net id="349"><net_src comp="0" pin="0"/><net_sink comp="344" pin=0"/></net>

<net id="350"><net_src comp="128" pin="0"/><net_sink comp="344" pin=1"/></net>

<net id="351"><net_src comp="344" pin="3"/><net_sink comp="283" pin=2"/></net>

<net id="357"><net_src comp="2" pin="0"/><net_sink comp="352" pin=0"/></net>

<net id="358"><net_src comp="128" pin="0"/><net_sink comp="352" pin=1"/></net>

<net id="359"><net_src comp="352" pin="3"/><net_sink comp="300" pin=2"/></net>

<net id="365"><net_src comp="4" pin="0"/><net_sink comp="360" pin=0"/></net>

<net id="366"><net_src comp="128" pin="0"/><net_sink comp="360" pin=1"/></net>

<net id="367"><net_src comp="360" pin="3"/><net_sink comp="317" pin=2"/></net>

<net id="373"><net_src comp="6" pin="0"/><net_sink comp="368" pin=0"/></net>

<net id="374"><net_src comp="128" pin="0"/><net_sink comp="368" pin=1"/></net>

<net id="375"><net_src comp="368" pin="3"/><net_sink comp="334" pin=2"/></net>

<net id="381"><net_src comp="0" pin="0"/><net_sink comp="376" pin=0"/></net>

<net id="382"><net_src comp="128" pin="0"/><net_sink comp="376" pin=1"/></net>

<net id="383"><net_src comp="376" pin="3"/><net_sink comp="283" pin=2"/></net>

<net id="389"><net_src comp="2" pin="0"/><net_sink comp="384" pin=0"/></net>

<net id="390"><net_src comp="128" pin="0"/><net_sink comp="384" pin=1"/></net>

<net id="391"><net_src comp="384" pin="3"/><net_sink comp="300" pin=2"/></net>

<net id="397"><net_src comp="4" pin="0"/><net_sink comp="392" pin=0"/></net>

<net id="398"><net_src comp="128" pin="0"/><net_sink comp="392" pin=1"/></net>

<net id="399"><net_src comp="392" pin="3"/><net_sink comp="317" pin=2"/></net>

<net id="405"><net_src comp="6" pin="0"/><net_sink comp="400" pin=0"/></net>

<net id="406"><net_src comp="128" pin="0"/><net_sink comp="400" pin=1"/></net>

<net id="407"><net_src comp="400" pin="3"/><net_sink comp="334" pin=2"/></net>

<net id="413"><net_src comp="0" pin="0"/><net_sink comp="408" pin=0"/></net>

<net id="414"><net_src comp="128" pin="0"/><net_sink comp="408" pin=1"/></net>

<net id="415"><net_src comp="408" pin="3"/><net_sink comp="283" pin=0"/></net>

<net id="421"><net_src comp="2" pin="0"/><net_sink comp="416" pin=0"/></net>

<net id="422"><net_src comp="128" pin="0"/><net_sink comp="416" pin=1"/></net>

<net id="423"><net_src comp="416" pin="3"/><net_sink comp="300" pin=0"/></net>

<net id="429"><net_src comp="4" pin="0"/><net_sink comp="424" pin=0"/></net>

<net id="430"><net_src comp="128" pin="0"/><net_sink comp="424" pin=1"/></net>

<net id="431"><net_src comp="424" pin="3"/><net_sink comp="317" pin=0"/></net>

<net id="437"><net_src comp="6" pin="0"/><net_sink comp="432" pin=0"/></net>

<net id="438"><net_src comp="128" pin="0"/><net_sink comp="432" pin=1"/></net>

<net id="439"><net_src comp="432" pin="3"/><net_sink comp="334" pin=0"/></net>

<net id="445"><net_src comp="0" pin="0"/><net_sink comp="440" pin=0"/></net>

<net id="446"><net_src comp="128" pin="0"/><net_sink comp="440" pin=1"/></net>

<net id="447"><net_src comp="440" pin="3"/><net_sink comp="283" pin=0"/></net>

<net id="453"><net_src comp="2" pin="0"/><net_sink comp="448" pin=0"/></net>

<net id="454"><net_src comp="128" pin="0"/><net_sink comp="448" pin=1"/></net>

<net id="455"><net_src comp="448" pin="3"/><net_sink comp="300" pin=0"/></net>

<net id="461"><net_src comp="4" pin="0"/><net_sink comp="456" pin=0"/></net>

<net id="462"><net_src comp="128" pin="0"/><net_sink comp="456" pin=1"/></net>

<net id="463"><net_src comp="456" pin="3"/><net_sink comp="317" pin=0"/></net>

<net id="469"><net_src comp="6" pin="0"/><net_sink comp="464" pin=0"/></net>

<net id="470"><net_src comp="128" pin="0"/><net_sink comp="464" pin=1"/></net>

<net id="471"><net_src comp="464" pin="3"/><net_sink comp="334" pin=0"/></net>

<net id="477"><net_src comp="0" pin="0"/><net_sink comp="472" pin=0"/></net>

<net id="478"><net_src comp="128" pin="0"/><net_sink comp="472" pin=1"/></net>

<net id="479"><net_src comp="472" pin="3"/><net_sink comp="283" pin=0"/></net>

<net id="485"><net_src comp="2" pin="0"/><net_sink comp="480" pin=0"/></net>

<net id="486"><net_src comp="128" pin="0"/><net_sink comp="480" pin=1"/></net>

<net id="487"><net_src comp="480" pin="3"/><net_sink comp="300" pin=0"/></net>

<net id="493"><net_src comp="4" pin="0"/><net_sink comp="488" pin=0"/></net>

<net id="494"><net_src comp="128" pin="0"/><net_sink comp="488" pin=1"/></net>

<net id="495"><net_src comp="488" pin="3"/><net_sink comp="317" pin=0"/></net>

<net id="501"><net_src comp="6" pin="0"/><net_sink comp="496" pin=0"/></net>

<net id="502"><net_src comp="128" pin="0"/><net_sink comp="496" pin=1"/></net>

<net id="503"><net_src comp="496" pin="3"/><net_sink comp="334" pin=0"/></net>

<net id="509"><net_src comp="0" pin="0"/><net_sink comp="504" pin=0"/></net>

<net id="510"><net_src comp="128" pin="0"/><net_sink comp="504" pin=1"/></net>

<net id="511"><net_src comp="504" pin="3"/><net_sink comp="283" pin=0"/></net>

<net id="517"><net_src comp="2" pin="0"/><net_sink comp="512" pin=0"/></net>

<net id="518"><net_src comp="128" pin="0"/><net_sink comp="512" pin=1"/></net>

<net id="519"><net_src comp="512" pin="3"/><net_sink comp="300" pin=0"/></net>

<net id="525"><net_src comp="4" pin="0"/><net_sink comp="520" pin=0"/></net>

<net id="526"><net_src comp="128" pin="0"/><net_sink comp="520" pin=1"/></net>

<net id="527"><net_src comp="520" pin="3"/><net_sink comp="317" pin=0"/></net>

<net id="533"><net_src comp="6" pin="0"/><net_sink comp="528" pin=0"/></net>

<net id="534"><net_src comp="128" pin="0"/><net_sink comp="528" pin=1"/></net>

<net id="535"><net_src comp="528" pin="3"/><net_sink comp="334" pin=0"/></net>

<net id="541"><net_src comp="0" pin="0"/><net_sink comp="536" pin=0"/></net>

<net id="542"><net_src comp="128" pin="0"/><net_sink comp="536" pin=1"/></net>

<net id="543"><net_src comp="536" pin="3"/><net_sink comp="283" pin=0"/></net>

<net id="549"><net_src comp="2" pin="0"/><net_sink comp="544" pin=0"/></net>

<net id="550"><net_src comp="128" pin="0"/><net_sink comp="544" pin=1"/></net>

<net id="551"><net_src comp="544" pin="3"/><net_sink comp="300" pin=0"/></net>

<net id="557"><net_src comp="4" pin="0"/><net_sink comp="552" pin=0"/></net>

<net id="558"><net_src comp="128" pin="0"/><net_sink comp="552" pin=1"/></net>

<net id="559"><net_src comp="552" pin="3"/><net_sink comp="317" pin=0"/></net>

<net id="565"><net_src comp="6" pin="0"/><net_sink comp="560" pin=0"/></net>

<net id="566"><net_src comp="128" pin="0"/><net_sink comp="560" pin=1"/></net>

<net id="567"><net_src comp="560" pin="3"/><net_sink comp="334" pin=0"/></net>

<net id="573"><net_src comp="0" pin="0"/><net_sink comp="568" pin=0"/></net>

<net id="574"><net_src comp="128" pin="0"/><net_sink comp="568" pin=1"/></net>

<net id="575"><net_src comp="568" pin="3"/><net_sink comp="283" pin=0"/></net>

<net id="581"><net_src comp="2" pin="0"/><net_sink comp="576" pin=0"/></net>

<net id="582"><net_src comp="128" pin="0"/><net_sink comp="576" pin=1"/></net>

<net id="583"><net_src comp="576" pin="3"/><net_sink comp="300" pin=0"/></net>

<net id="589"><net_src comp="4" pin="0"/><net_sink comp="584" pin=0"/></net>

<net id="590"><net_src comp="128" pin="0"/><net_sink comp="584" pin=1"/></net>

<net id="591"><net_src comp="584" pin="3"/><net_sink comp="317" pin=0"/></net>

<net id="597"><net_src comp="6" pin="0"/><net_sink comp="592" pin=0"/></net>

<net id="598"><net_src comp="128" pin="0"/><net_sink comp="592" pin=1"/></net>

<net id="599"><net_src comp="592" pin="3"/><net_sink comp="334" pin=0"/></net>

<net id="605"><net_src comp="42" pin="0"/><net_sink comp="600" pin=0"/></net>

<net id="606"><net_src comp="128" pin="0"/><net_sink comp="600" pin=1"/></net>

<net id="612"><net_src comp="44" pin="0"/><net_sink comp="607" pin=0"/></net>

<net id="613"><net_src comp="128" pin="0"/><net_sink comp="607" pin=1"/></net>

<net id="619"><net_src comp="46" pin="0"/><net_sink comp="614" pin=0"/></net>

<net id="620"><net_src comp="128" pin="0"/><net_sink comp="614" pin=1"/></net>

<net id="626"><net_src comp="48" pin="0"/><net_sink comp="621" pin=0"/></net>

<net id="627"><net_src comp="128" pin="0"/><net_sink comp="621" pin=1"/></net>

<net id="633"><net_src comp="50" pin="0"/><net_sink comp="628" pin=0"/></net>

<net id="634"><net_src comp="128" pin="0"/><net_sink comp="628" pin=1"/></net>

<net id="640"><net_src comp="621" pin="3"/><net_sink comp="635" pin=0"/></net>

<net id="646"><net_src comp="614" pin="3"/><net_sink comp="641" pin=0"/></net>

<net id="652"><net_src comp="607" pin="3"/><net_sink comp="647" pin=0"/></net>

<net id="658"><net_src comp="600" pin="3"/><net_sink comp="653" pin=0"/></net>

<net id="664"><net_src comp="628" pin="3"/><net_sink comp="659" pin=0"/></net>

<net id="678"><net_src comp="136" pin="0"/><net_sink comp="665" pin=0"/></net>

<net id="679"><net_src comp="138" pin="0"/><net_sink comp="665" pin=1"/></net>

<net id="680"><net_src comp="283" pin="3"/><net_sink comp="665" pin=2"/></net>

<net id="681"><net_src comp="140" pin="0"/><net_sink comp="665" pin=3"/></net>

<net id="682"><net_src comp="300" pin="3"/><net_sink comp="665" pin=4"/></net>

<net id="683"><net_src comp="142" pin="0"/><net_sink comp="665" pin=5"/></net>

<net id="684"><net_src comp="317" pin="3"/><net_sink comp="665" pin=6"/></net>

<net id="685"><net_src comp="104" pin="0"/><net_sink comp="665" pin=7"/></net>

<net id="686"><net_src comp="334" pin="3"/><net_sink comp="665" pin=8"/></net>

<net id="687"><net_src comp="144" pin="0"/><net_sink comp="665" pin=9"/></net>

<net id="701"><net_src comp="136" pin="0"/><net_sink comp="688" pin=0"/></net>

<net id="702"><net_src comp="104" pin="0"/><net_sink comp="688" pin=1"/></net>

<net id="703"><net_src comp="283" pin="3"/><net_sink comp="688" pin=2"/></net>

<net id="704"><net_src comp="138" pin="0"/><net_sink comp="688" pin=3"/></net>

<net id="705"><net_src comp="300" pin="3"/><net_sink comp="688" pin=4"/></net>

<net id="706"><net_src comp="140" pin="0"/><net_sink comp="688" pin=5"/></net>

<net id="707"><net_src comp="317" pin="3"/><net_sink comp="688" pin=6"/></net>

<net id="708"><net_src comp="142" pin="0"/><net_sink comp="688" pin=7"/></net>

<net id="709"><net_src comp="334" pin="3"/><net_sink comp="688" pin=8"/></net>

<net id="710"><net_src comp="144" pin="0"/><net_sink comp="688" pin=9"/></net>

<net id="724"><net_src comp="136" pin="0"/><net_sink comp="711" pin=0"/></net>

<net id="725"><net_src comp="142" pin="0"/><net_sink comp="711" pin=1"/></net>

<net id="726"><net_src comp="283" pin="3"/><net_sink comp="711" pin=2"/></net>

<net id="727"><net_src comp="104" pin="0"/><net_sink comp="711" pin=3"/></net>

<net id="728"><net_src comp="300" pin="3"/><net_sink comp="711" pin=4"/></net>

<net id="729"><net_src comp="138" pin="0"/><net_sink comp="711" pin=5"/></net>

<net id="730"><net_src comp="317" pin="3"/><net_sink comp="711" pin=6"/></net>

<net id="731"><net_src comp="140" pin="0"/><net_sink comp="711" pin=7"/></net>

<net id="732"><net_src comp="334" pin="3"/><net_sink comp="711" pin=8"/></net>

<net id="733"><net_src comp="144" pin="0"/><net_sink comp="711" pin=9"/></net>

<net id="737"><net_src comp="711" pin="11"/><net_sink comp="734" pin=0"/></net>

<net id="742"><net_src comp="70" pin="0"/><net_sink comp="738" pin=0"/></net>

<net id="747"><net_src comp="72" pin="0"/><net_sink comp="743" pin=0"/></net>

<net id="752"><net_src comp="72" pin="0"/><net_sink comp="748" pin=0"/></net>

<net id="760"><net_src comp="753" pin="1"/><net_sink comp="756" pin=0"/></net>

<net id="761"><net_src comp="74" pin="0"/><net_sink comp="756" pin=1"/></net>

<net id="766"><net_src comp="753" pin="1"/><net_sink comp="762" pin=0"/></net>

<net id="767"><net_src comp="76" pin="0"/><net_sink comp="762" pin=1"/></net>

<net id="778"><net_src comp="768" pin="1"/><net_sink comp="774" pin=0"/></net>

<net id="779"><net_src comp="78" pin="0"/><net_sink comp="774" pin=1"/></net>

<net id="785"><net_src comp="774" pin="2"/><net_sink comp="780" pin=0"/></net>

<net id="786"><net_src comp="72" pin="0"/><net_sink comp="780" pin=1"/></net>

<net id="787"><net_src comp="768" pin="1"/><net_sink comp="780" pin=2"/></net>

<net id="792"><net_src comp="771" pin="1"/><net_sink comp="788" pin=0"/></net>

<net id="793"><net_src comp="80" pin="0"/><net_sink comp="788" pin=1"/></net>

<net id="798"><net_src comp="771" pin="1"/><net_sink comp="794" pin=0"/></net>

<net id="799"><net_src comp="82" pin="0"/><net_sink comp="794" pin=1"/></net>

<net id="805"><net_src comp="774" pin="2"/><net_sink comp="800" pin=0"/></net>

<net id="806"><net_src comp="788" pin="2"/><net_sink comp="800" pin=1"/></net>

<net id="807"><net_src comp="794" pin="2"/><net_sink comp="800" pin=2"/></net>

<net id="813"><net_src comp="774" pin="2"/><net_sink comp="808" pin=0"/></net>

<net id="814"><net_src comp="794" pin="2"/><net_sink comp="808" pin=1"/></net>

<net id="815"><net_src comp="771" pin="1"/><net_sink comp="808" pin=2"/></net>

<net id="819"><net_src comp="808" pin="3"/><net_sink comp="816" pin=0"/></net>

<net id="824"><net_src comp="808" pin="3"/><net_sink comp="820" pin=0"/></net>

<net id="825"><net_src comp="82" pin="0"/><net_sink comp="820" pin=1"/></net>

<net id="829"><net_src comp="820" pin="2"/><net_sink comp="826" pin=0"/></net>

<net id="833"><net_src comp="780" pin="3"/><net_sink comp="830" pin=0"/></net>

<net id="837"><net_src comp="780" pin="3"/><net_sink comp="834" pin=0"/></net>

<net id="843"><net_src comp="84" pin="0"/><net_sink comp="838" pin=0"/></net>

<net id="844"><net_src comp="270" pin="2"/><net_sink comp="838" pin=1"/></net>

<net id="845"><net_src comp="264" pin="2"/><net_sink comp="838" pin=2"/></net>

<net id="852"><net_src comp="86" pin="0"/><net_sink comp="846" pin=0"/></net>

<net id="853"><net_src comp="780" pin="3"/><net_sink comp="846" pin=1"/></net>

<net id="854"><net_src comp="88" pin="0"/><net_sink comp="846" pin=2"/></net>

<net id="855"><net_src comp="90" pin="0"/><net_sink comp="846" pin=3"/></net>

<net id="861"><net_src comp="84" pin="0"/><net_sink comp="856" pin=0"/></net>

<net id="862"><net_src comp="258" pin="2"/><net_sink comp="856" pin=1"/></net>

<net id="863"><net_src comp="252" pin="2"/><net_sink comp="856" pin=2"/></net>

<net id="869"><net_src comp="84" pin="0"/><net_sink comp="864" pin=0"/></net>

<net id="870"><net_src comp="246" pin="2"/><net_sink comp="864" pin=1"/></net>

<net id="871"><net_src comp="240" pin="2"/><net_sink comp="864" pin=2"/></net>

<net id="877"><net_src comp="84" pin="0"/><net_sink comp="872" pin=0"/></net>

<net id="878"><net_src comp="234" pin="2"/><net_sink comp="872" pin=1"/></net>

<net id="879"><net_src comp="228" pin="2"/><net_sink comp="872" pin=2"/></net>

<net id="884"><net_src comp="830" pin="1"/><net_sink comp="880" pin=0"/></net>

<net id="885"><net_src comp="826" pin="1"/><net_sink comp="880" pin=1"/></net>

<net id="890"><net_src comp="880" pin="2"/><net_sink comp="886" pin=0"/></net>

<net id="891"><net_src comp="92" pin="0"/><net_sink comp="886" pin=1"/></net>

<net id="897"><net_src comp="84" pin="0"/><net_sink comp="892" pin=0"/></net>

<net id="898"><net_src comp="216" pin="2"/><net_sink comp="892" pin=1"/></net>

<net id="899"><net_src comp="210" pin="2"/><net_sink comp="892" pin=2"/></net>

<net id="905"><net_src comp="84" pin="0"/><net_sink comp="900" pin=0"/></net>

<net id="906"><net_src comp="204" pin="2"/><net_sink comp="900" pin=1"/></net>

<net id="907"><net_src comp="198" pin="2"/><net_sink comp="900" pin=2"/></net>

<net id="913"><net_src comp="84" pin="0"/><net_sink comp="908" pin=0"/></net>

<net id="914"><net_src comp="192" pin="2"/><net_sink comp="908" pin=1"/></net>

<net id="915"><net_src comp="186" pin="2"/><net_sink comp="908" pin=2"/></net>

<net id="921"><net_src comp="84" pin="0"/><net_sink comp="916" pin=0"/></net>

<net id="922"><net_src comp="180" pin="2"/><net_sink comp="916" pin=1"/></net>

<net id="923"><net_src comp="174" pin="2"/><net_sink comp="916" pin=2"/></net>

<net id="928"><net_src comp="762" pin="2"/><net_sink comp="924" pin=0"/></net>

<net id="933"><net_src comp="808" pin="3"/><net_sink comp="929" pin=0"/></net>

<net id="938"><net_src comp="82" pin="0"/><net_sink comp="934" pin=1"/></net>

<net id="945"><net_src comp="94" pin="0"/><net_sink comp="939" pin=0"/></net>

<net id="946"><net_src comp="934" pin="2"/><net_sink comp="939" pin=1"/></net>

<net id="947"><net_src comp="88" pin="0"/><net_sink comp="939" pin=2"/></net>

<net id="948"><net_src comp="96" pin="0"/><net_sink comp="939" pin=3"/></net>

<net id="953"><net_src comp="934" pin="2"/><net_sink comp="949" pin=0"/></net>

<net id="958"><net_src comp="98" pin="0"/><net_sink comp="954" pin=1"/></net>

<net id="964"><net_src comp="100" pin="0"/><net_sink comp="959" pin=0"/></net>

<net id="965"><net_src comp="954" pin="2"/><net_sink comp="959" pin=1"/></net>

<net id="966"><net_src comp="96" pin="0"/><net_sink comp="959" pin=2"/></net>

<net id="970"><net_src comp="954" pin="2"/><net_sink comp="967" pin=0"/></net>

<net id="975"><net_src comp="98" pin="0"/><net_sink comp="971" pin=1"/></net>

<net id="982"><net_src comp="94" pin="0"/><net_sink comp="976" pin=0"/></net>

<net id="983"><net_src comp="971" pin="2"/><net_sink comp="976" pin=1"/></net>

<net id="984"><net_src comp="88" pin="0"/><net_sink comp="976" pin=2"/></net>

<net id="985"><net_src comp="96" pin="0"/><net_sink comp="976" pin=3"/></net>

<net id="990"><net_src comp="954" pin="2"/><net_sink comp="986" pin=0"/></net>

<net id="996"><net_src comp="100" pin="0"/><net_sink comp="991" pin=0"/></net>

<net id="997"><net_src comp="986" pin="2"/><net_sink comp="991" pin=1"/></net>

<net id="998"><net_src comp="96" pin="0"/><net_sink comp="991" pin=2"/></net>

<net id="1004"><net_src comp="102" pin="0"/><net_sink comp="999" pin=0"/></net>

<net id="1005"><net_src comp="959" pin="3"/><net_sink comp="999" pin=1"/></net>

<net id="1006"><net_src comp="991" pin="3"/><net_sink comp="999" pin=2"/></net>

<net id="1011"><net_src comp="999" pin="3"/><net_sink comp="1007" pin=0"/></net>

<net id="1012"><net_src comp="104" pin="0"/><net_sink comp="1007" pin=1"/></net>

<net id="1018"><net_src comp="100" pin="0"/><net_sink comp="1013" pin=0"/></net>

<net id="1019"><net_src comp="971" pin="2"/><net_sink comp="1013" pin=1"/></net>

<net id="1020"><net_src comp="96" pin="0"/><net_sink comp="1013" pin=2"/></net>

<net id="1029"><net_src comp="106" pin="0"/><net_sink comp="1024" pin=0"/></net>

<net id="1030"><net_src comp="108" pin="0"/><net_sink comp="1024" pin=2"/></net>

<net id="1036"><net_src comp="110" pin="0"/><net_sink comp="1031" pin=0"/></net>

<net id="1037"><net_src comp="112" pin="0"/><net_sink comp="1031" pin=2"/></net>

<net id="1041"><net_src comp="1031" pin="3"/><net_sink comp="1038" pin=0"/></net>

<net id="1046"><net_src comp="1024" pin="3"/><net_sink comp="1042" pin=0"/></net>

<net id="1047"><net_src comp="1038" pin="1"/><net_sink comp="1042" pin=1"/></net>

<net id="1052"><net_src comp="1021" pin="1"/><net_sink comp="1048" pin=0"/></net>

<net id="1053"><net_src comp="1042" pin="2"/><net_sink comp="1048" pin=1"/></net>

<net id="1057"><net_src comp="1048" pin="2"/><net_sink comp="1054" pin=0"/></net>

<net id="1062"><net_src comp="1054" pin="1"/><net_sink comp="1058" pin=0"/></net>

<net id="1063"><net_src comp="114" pin="0"/><net_sink comp="1058" pin=1"/></net>

<net id="1070"><net_src comp="116" pin="0"/><net_sink comp="1064" pin=0"/></net>

<net id="1071"><net_src comp="1058" pin="2"/><net_sink comp="1064" pin=1"/></net>

<net id="1072"><net_src comp="118" pin="0"/><net_sink comp="1064" pin=2"/></net>

<net id="1073"><net_src comp="120" pin="0"/><net_sink comp="1064" pin=3"/></net>

<net id="1079"><net_src comp="122" pin="0"/><net_sink comp="1074" pin=0"/></net>

<net id="1080"><net_src comp="124" pin="0"/><net_sink comp="1074" pin=2"/></net>

<net id="1086"><net_src comp="122" pin="0"/><net_sink comp="1081" pin=0"/></net>

<net id="1087"><net_src comp="124" pin="0"/><net_sink comp="1081" pin=2"/></net>

<net id="1092"><net_src comp="1081" pin="3"/><net_sink comp="1088" pin=0"/></net>

<net id="1093"><net_src comp="126" pin="0"/><net_sink comp="1088" pin=1"/></net>

<net id="1101"><net_src comp="1094" pin="1"/><net_sink comp="1097" pin=0"/></net>

<net id="1102"><net_src comp="1074" pin="3"/><net_sink comp="1097" pin=1"/></net>

<net id="1106"><net_src comp="1097" pin="2"/><net_sink comp="1103" pin=0"/></net>

<net id="1107"><net_src comp="1103" pin="1"/><net_sink comp="276" pin=2"/></net>

<net id="1108"><net_src comp="1103" pin="1"/><net_sink comp="293" pin=2"/></net>

<net id="1109"><net_src comp="1103" pin="1"/><net_sink comp="310" pin=2"/></net>

<net id="1110"><net_src comp="1103" pin="1"/><net_sink comp="327" pin=2"/></net>

<net id="1116"><net_src comp="122" pin="0"/><net_sink comp="1111" pin=0"/></net>

<net id="1120"><net_src comp="1111" pin="3"/><net_sink comp="1117" pin=0"/></net>

<net id="1121"><net_src comp="1117" pin="1"/><net_sink comp="344" pin=2"/></net>

<net id="1122"><net_src comp="1117" pin="1"/><net_sink comp="352" pin=2"/></net>

<net id="1123"><net_src comp="1117" pin="1"/><net_sink comp="360" pin=2"/></net>

<net id="1124"><net_src comp="1117" pin="1"/><net_sink comp="368" pin=2"/></net>

<net id="1132"><net_src comp="1125" pin="1"/><net_sink comp="1128" pin=0"/></net>

<net id="1133"><net_src comp="1074" pin="3"/><net_sink comp="1128" pin=1"/></net>

<net id="1137"><net_src comp="1128" pin="2"/><net_sink comp="1134" pin=0"/></net>

<net id="1138"><net_src comp="1134" pin="1"/><net_sink comp="376" pin=2"/></net>

<net id="1139"><net_src comp="1134" pin="1"/><net_sink comp="384" pin=2"/></net>

<net id="1140"><net_src comp="1134" pin="1"/><net_sink comp="392" pin=2"/></net>

<net id="1141"><net_src comp="1134" pin="1"/><net_sink comp="400" pin=2"/></net>

<net id="1146"><net_src comp="1094" pin="1"/><net_sink comp="1142" pin=0"/></net>

<net id="1147"><net_src comp="1081" pin="3"/><net_sink comp="1142" pin=1"/></net>

<net id="1151"><net_src comp="1142" pin="2"/><net_sink comp="1148" pin=0"/></net>

<net id="1152"><net_src comp="1148" pin="1"/><net_sink comp="408" pin=2"/></net>

<net id="1153"><net_src comp="1148" pin="1"/><net_sink comp="416" pin=2"/></net>

<net id="1154"><net_src comp="1148" pin="1"/><net_sink comp="424" pin=2"/></net>

<net id="1155"><net_src comp="1148" pin="1"/><net_sink comp="432" pin=2"/></net>

<net id="1161"><net_src comp="122" pin="0"/><net_sink comp="1156" pin=0"/></net>

<net id="1165"><net_src comp="1156" pin="3"/><net_sink comp="1162" pin=0"/></net>

<net id="1166"><net_src comp="1162" pin="1"/><net_sink comp="440" pin=2"/></net>

<net id="1167"><net_src comp="1162" pin="1"/><net_sink comp="448" pin=2"/></net>

<net id="1168"><net_src comp="1162" pin="1"/><net_sink comp="456" pin=2"/></net>

<net id="1169"><net_src comp="1162" pin="1"/><net_sink comp="464" pin=2"/></net>

<net id="1174"><net_src comp="1125" pin="1"/><net_sink comp="1170" pin=0"/></net>

<net id="1175"><net_src comp="1081" pin="3"/><net_sink comp="1170" pin=1"/></net>

<net id="1179"><net_src comp="1170" pin="2"/><net_sink comp="1176" pin=0"/></net>

<net id="1180"><net_src comp="1176" pin="1"/><net_sink comp="472" pin=2"/></net>

<net id="1181"><net_src comp="1176" pin="1"/><net_sink comp="480" pin=2"/></net>

<net id="1182"><net_src comp="1176" pin="1"/><net_sink comp="488" pin=2"/></net>

<net id="1183"><net_src comp="1176" pin="1"/><net_sink comp="496" pin=2"/></net>

<net id="1193"><net_src comp="100" pin="0"/><net_sink comp="1188" pin=0"/></net>

<net id="1194"><net_src comp="1184" pin="2"/><net_sink comp="1188" pin=1"/></net>

<net id="1195"><net_src comp="96" pin="0"/><net_sink comp="1188" pin=2"/></net>

<net id="1201"><net_src comp="102" pin="0"/><net_sink comp="1196" pin=0"/></net>

<net id="1202"><net_src comp="1188" pin="3"/><net_sink comp="1196" pin=2"/></net>

<net id="1207"><net_src comp="1196" pin="3"/><net_sink comp="1203" pin=0"/></net>

<net id="1208"><net_src comp="104" pin="0"/><net_sink comp="1203" pin=1"/></net>

<net id="1213"><net_src comp="1094" pin="1"/><net_sink comp="1209" pin=0"/></net>

<net id="1214"><net_src comp="1088" pin="2"/><net_sink comp="1209" pin=1"/></net>

<net id="1221"><net_src comp="130" pin="0"/><net_sink comp="1215" pin=0"/></net>

<net id="1222"><net_src comp="1088" pin="2"/><net_sink comp="1215" pin=1"/></net>

<net id="1223"><net_src comp="132" pin="0"/><net_sink comp="1215" pin=2"/></net>

<net id="1224"><net_src comp="134" pin="0"/><net_sink comp="1215" pin=3"/></net>

<net id="1229"><net_src comp="1125" pin="1"/><net_sink comp="1225" pin=0"/></net>

<net id="1230"><net_src comp="1088" pin="2"/><net_sink comp="1225" pin=1"/></net>

<net id="1240"><net_src comp="100" pin="0"/><net_sink comp="1235" pin=0"/></net>

<net id="1241"><net_src comp="1231" pin="2"/><net_sink comp="1235" pin=1"/></net>

<net id="1242"><net_src comp="96" pin="0"/><net_sink comp="1235" pin=2"/></net>

<net id="1256"><net_src comp="136" pin="0"/><net_sink comp="1243" pin=0"/></net>

<net id="1257"><net_src comp="138" pin="0"/><net_sink comp="1243" pin=1"/></net>

<net id="1258"><net_src comp="283" pin="7"/><net_sink comp="1243" pin=2"/></net>

<net id="1259"><net_src comp="140" pin="0"/><net_sink comp="1243" pin=3"/></net>

<net id="1260"><net_src comp="300" pin="7"/><net_sink comp="1243" pin=4"/></net>

<net id="1261"><net_src comp="142" pin="0"/><net_sink comp="1243" pin=5"/></net>

<net id="1262"><net_src comp="317" pin="7"/><net_sink comp="1243" pin=6"/></net>

<net id="1263"><net_src comp="104" pin="0"/><net_sink comp="1243" pin=7"/></net>

<net id="1264"><net_src comp="334" pin="7"/><net_sink comp="1243" pin=8"/></net>

<net id="1265"><net_src comp="144" pin="0"/><net_sink comp="1243" pin=9"/></net>

<net id="1270"><net_src comp="58" pin="0"/><net_sink comp="1266" pin=0"/></net>

<net id="1271"><net_src comp="1243" pin="11"/><net_sink comp="1266" pin=1"/></net>

<net id="1277"><net_src comp="1243" pin="11"/><net_sink comp="1272" pin=1"/></net>

<net id="1278"><net_src comp="1266" pin="2"/><net_sink comp="1272" pin=2"/></net>

<net id="1284"><net_src comp="1235" pin="3"/><net_sink comp="1279" pin=0"/></net>

<net id="1285"><net_src comp="58" pin="0"/><net_sink comp="1279" pin=1"/></net>

<net id="1286"><net_src comp="1272" pin="3"/><net_sink comp="1279" pin=2"/></net>

<net id="1300"><net_src comp="136" pin="0"/><net_sink comp="1287" pin=0"/></net>

<net id="1301"><net_src comp="104" pin="0"/><net_sink comp="1287" pin=1"/></net>

<net id="1302"><net_src comp="283" pin="7"/><net_sink comp="1287" pin=2"/></net>

<net id="1303"><net_src comp="138" pin="0"/><net_sink comp="1287" pin=3"/></net>

<net id="1304"><net_src comp="300" pin="7"/><net_sink comp="1287" pin=4"/></net>

<net id="1305"><net_src comp="140" pin="0"/><net_sink comp="1287" pin=5"/></net>

<net id="1306"><net_src comp="317" pin="7"/><net_sink comp="1287" pin=6"/></net>

<net id="1307"><net_src comp="142" pin="0"/><net_sink comp="1287" pin=7"/></net>

<net id="1308"><net_src comp="334" pin="7"/><net_sink comp="1287" pin=8"/></net>

<net id="1309"><net_src comp="144" pin="0"/><net_sink comp="1287" pin=9"/></net>

<net id="1314"><net_src comp="1287" pin="11"/><net_sink comp="1310" pin=0"/></net>

<net id="1315"><net_src comp="1279" pin="3"/><net_sink comp="1310" pin=1"/></net>

<net id="1320"><net_src comp="1279" pin="3"/><net_sink comp="1316" pin=0"/></net>

<net id="1321"><net_src comp="1287" pin="11"/><net_sink comp="1316" pin=1"/></net>

<net id="1327"><net_src comp="1310" pin="2"/><net_sink comp="1322" pin=1"/></net>

<net id="1328"><net_src comp="1316" pin="2"/><net_sink comp="1322" pin=2"/></net>

<net id="1334"><net_src comp="1279" pin="3"/><net_sink comp="1329" pin=1"/></net>

<net id="1335"><net_src comp="1322" pin="3"/><net_sink comp="1329" pin=2"/></net>

<net id="1349"><net_src comp="136" pin="0"/><net_sink comp="1336" pin=0"/></net>

<net id="1350"><net_src comp="142" pin="0"/><net_sink comp="1336" pin=1"/></net>

<net id="1351"><net_src comp="283" pin="7"/><net_sink comp="1336" pin=2"/></net>

<net id="1352"><net_src comp="104" pin="0"/><net_sink comp="1336" pin=3"/></net>

<net id="1353"><net_src comp="300" pin="7"/><net_sink comp="1336" pin=4"/></net>

<net id="1354"><net_src comp="138" pin="0"/><net_sink comp="1336" pin=5"/></net>

<net id="1355"><net_src comp="317" pin="7"/><net_sink comp="1336" pin=6"/></net>

<net id="1356"><net_src comp="140" pin="0"/><net_sink comp="1336" pin=7"/></net>

<net id="1357"><net_src comp="334" pin="7"/><net_sink comp="1336" pin=8"/></net>

<net id="1358"><net_src comp="144" pin="0"/><net_sink comp="1336" pin=9"/></net>

<net id="1363"><net_src comp="1336" pin="11"/><net_sink comp="1359" pin=0"/></net>

<net id="1364"><net_src comp="1329" pin="3"/><net_sink comp="1359" pin=1"/></net>

<net id="1369"><net_src comp="1329" pin="3"/><net_sink comp="1365" pin=0"/></net>

<net id="1370"><net_src comp="1336" pin="11"/><net_sink comp="1365" pin=1"/></net>

<net id="1376"><net_src comp="1359" pin="2"/><net_sink comp="1371" pin=1"/></net>

<net id="1377"><net_src comp="1365" pin="2"/><net_sink comp="1371" pin=2"/></net>

<net id="1383"><net_src comp="1371" pin="3"/><net_sink comp="1378" pin=1"/></net>

<net id="1384"><net_src comp="1329" pin="3"/><net_sink comp="1378" pin=2"/></net>

<net id="1389"><net_src comp="665" pin="11"/><net_sink comp="1385" pin=0"/></net>

<net id="1390"><net_src comp="1378" pin="3"/><net_sink comp="1385" pin=1"/></net>

<net id="1395"><net_src comp="1378" pin="3"/><net_sink comp="1391" pin=0"/></net>

<net id="1396"><net_src comp="665" pin="11"/><net_sink comp="1391" pin=1"/></net>

<net id="1402"><net_src comp="1385" pin="2"/><net_sink comp="1397" pin=1"/></net>

<net id="1403"><net_src comp="1391" pin="2"/><net_sink comp="1397" pin=2"/></net>

<net id="1409"><net_src comp="1378" pin="3"/><net_sink comp="1404" pin=1"/></net>

<net id="1410"><net_src comp="1397" pin="3"/><net_sink comp="1404" pin=2"/></net>

<net id="1414"><net_src comp="1411" pin="1"/><net_sink comp="504" pin=2"/></net>

<net id="1415"><net_src comp="1411" pin="1"/><net_sink comp="512" pin=2"/></net>

<net id="1416"><net_src comp="1411" pin="1"/><net_sink comp="520" pin=2"/></net>

<net id="1417"><net_src comp="1411" pin="1"/><net_sink comp="528" pin=2"/></net>

<net id="1423"><net_src comp="122" pin="0"/><net_sink comp="1418" pin=0"/></net>

<net id="1427"><net_src comp="1418" pin="3"/><net_sink comp="1424" pin=0"/></net>

<net id="1428"><net_src comp="1424" pin="1"/><net_sink comp="536" pin=2"/></net>

<net id="1429"><net_src comp="1424" pin="1"/><net_sink comp="544" pin=2"/></net>

<net id="1430"><net_src comp="1424" pin="1"/><net_sink comp="552" pin=2"/></net>

<net id="1431"><net_src comp="1424" pin="1"/><net_sink comp="560" pin=2"/></net>

<net id="1435"><net_src comp="1432" pin="1"/><net_sink comp="568" pin=2"/></net>

<net id="1436"><net_src comp="1432" pin="1"/><net_sink comp="576" pin=2"/></net>

<net id="1437"><net_src comp="1432" pin="1"/><net_sink comp="584" pin=2"/></net>

<net id="1438"><net_src comp="1432" pin="1"/><net_sink comp="592" pin=2"/></net>

<net id="1444"><net_src comp="100" pin="0"/><net_sink comp="1439" pin=0"/></net>

<net id="1445"><net_src comp="96" pin="0"/><net_sink comp="1439" pin=2"/></net>

<net id="1459"><net_src comp="1446" pin="2"/><net_sink comp="1454" pin=1"/></net>

<net id="1460"><net_src comp="1450" pin="2"/><net_sink comp="1454" pin=2"/></net>

<net id="1466"><net_src comp="100" pin="0"/><net_sink comp="1461" pin=0"/></net>

<net id="1467"><net_src comp="96" pin="0"/><net_sink comp="1461" pin=2"/></net>

<net id="1472"><net_src comp="734" pin="1"/><net_sink comp="1468" pin=0"/></net>

<net id="1473"><net_src comp="1454" pin="3"/><net_sink comp="1468" pin=1"/></net>

<net id="1478"><net_src comp="1454" pin="3"/><net_sink comp="1474" pin=0"/></net>

<net id="1479"><net_src comp="734" pin="1"/><net_sink comp="1474" pin=1"/></net>

<net id="1485"><net_src comp="1468" pin="2"/><net_sink comp="1480" pin=1"/></net>

<net id="1486"><net_src comp="1474" pin="2"/><net_sink comp="1480" pin=2"/></net>

<net id="1492"><net_src comp="1461" pin="3"/><net_sink comp="1487" pin=0"/></net>

<net id="1493"><net_src comp="1454" pin="3"/><net_sink comp="1487" pin=1"/></net>

<net id="1494"><net_src comp="1480" pin="3"/><net_sink comp="1487" pin=2"/></net>

<net id="1499"><net_src comp="665" pin="11"/><net_sink comp="1495" pin=0"/></net>

<net id="1500"><net_src comp="1487" pin="3"/><net_sink comp="1495" pin=1"/></net>

<net id="1505"><net_src comp="1487" pin="3"/><net_sink comp="1501" pin=0"/></net>

<net id="1506"><net_src comp="665" pin="11"/><net_sink comp="1501" pin=1"/></net>

<net id="1512"><net_src comp="1495" pin="2"/><net_sink comp="1507" pin=1"/></net>

<net id="1513"><net_src comp="1501" pin="2"/><net_sink comp="1507" pin=2"/></net>

<net id="1519"><net_src comp="1507" pin="3"/><net_sink comp="1514" pin=1"/></net>

<net id="1520"><net_src comp="1487" pin="3"/><net_sink comp="1514" pin=2"/></net>

<net id="1525"><net_src comp="688" pin="11"/><net_sink comp="1521" pin=0"/></net>

<net id="1526"><net_src comp="1514" pin="3"/><net_sink comp="1521" pin=1"/></net>

<net id="1531"><net_src comp="1514" pin="3"/><net_sink comp="1527" pin=0"/></net>

<net id="1532"><net_src comp="688" pin="11"/><net_sink comp="1527" pin=1"/></net>

<net id="1538"><net_src comp="1521" pin="2"/><net_sink comp="1533" pin=1"/></net>

<net id="1539"><net_src comp="1527" pin="2"/><net_sink comp="1533" pin=2"/></net>

<net id="1545"><net_src comp="1439" pin="3"/><net_sink comp="1540" pin=0"/></net>

<net id="1546"><net_src comp="1514" pin="3"/><net_sink comp="1540" pin=1"/></net>

<net id="1547"><net_src comp="1533" pin="3"/><net_sink comp="1540" pin=2"/></net>

<net id="1551"><net_src comp="1548" pin="1"/><net_sink comp="600" pin=2"/></net>

<net id="1552"><net_src comp="1548" pin="1"/><net_sink comp="607" pin=2"/></net>

<net id="1553"><net_src comp="1548" pin="1"/><net_sink comp="614" pin=2"/></net>

<net id="1554"><net_src comp="1548" pin="1"/><net_sink comp="621" pin=2"/></net>

<net id="1555"><net_src comp="1548" pin="1"/><net_sink comp="628" pin=2"/></net>

<net id="1559"><net_src comp="886" pin="2"/><net_sink comp="1556" pin=0"/></net>

<net id="1569"><net_src comp="100" pin="0"/><net_sink comp="1564" pin=0"/></net>

<net id="1570"><net_src comp="1560" pin="2"/><net_sink comp="1564" pin=1"/></net>

<net id="1571"><net_src comp="96" pin="0"/><net_sink comp="1564" pin=2"/></net>

<net id="1576"><net_src comp="734" pin="1"/><net_sink comp="1572" pin=0"/></net>

<net id="1581"><net_src comp="734" pin="1"/><net_sink comp="1577" pin=1"/></net>

<net id="1587"><net_src comp="1572" pin="2"/><net_sink comp="1582" pin=1"/></net>

<net id="1588"><net_src comp="1577" pin="2"/><net_sink comp="1582" pin=2"/></net>

<net id="1594"><net_src comp="1564" pin="3"/><net_sink comp="1589" pin=0"/></net>

<net id="1595"><net_src comp="1582" pin="3"/><net_sink comp="1589" pin=2"/></net>

<net id="1596"><net_src comp="1589" pin="3"/><net_sink comp="635" pin=1"/></net>

<net id="1597"><net_src comp="1589" pin="3"/><net_sink comp="641" pin=1"/></net>

<net id="1598"><net_src comp="1589" pin="3"/><net_sink comp="647" pin=1"/></net>

<net id="1599"><net_src comp="1589" pin="3"/><net_sink comp="653" pin=1"/></net>

<net id="1600"><net_src comp="1589" pin="3"/><net_sink comp="659" pin=1"/></net>

<net id="1608"><net_src comp="1556" pin="1"/><net_sink comp="1601" pin=0"/></net>

<net id="1609"><net_src comp="124" pin="0"/><net_sink comp="1601" pin=1"/></net>

<net id="1610"><net_src comp="156" pin="0"/><net_sink comp="1601" pin=2"/></net>

<net id="1611"><net_src comp="158" pin="0"/><net_sink comp="1601" pin=3"/></net>

<net id="1612"><net_src comp="160" pin="0"/><net_sink comp="1601" pin=4"/></net>

<net id="1616"><net_src comp="162" pin="1"/><net_sink comp="1613" pin=0"/></net>

<net id="1617"><net_src comp="1613" pin="1"/><net_sink comp="748" pin=1"/></net>

<net id="1618"><net_src comp="1613" pin="1"/><net_sink comp="768" pin=0"/></net>

<net id="1619"><net_src comp="1613" pin="1"/><net_sink comp="949" pin=1"/></net>

<net id="1623"><net_src comp="166" pin="1"/><net_sink comp="1620" pin=0"/></net>

<net id="1624"><net_src comp="1620" pin="1"/><net_sink comp="743" pin=1"/></net>

<net id="1625"><net_src comp="1620" pin="1"/><net_sink comp="771" pin=0"/></net>

<net id="1626"><net_src comp="1620" pin="1"/><net_sink comp="929" pin=1"/></net>

<net id="1630"><net_src comp="170" pin="1"/><net_sink comp="1627" pin=0"/></net>

<net id="1631"><net_src comp="1627" pin="1"/><net_sink comp="738" pin=1"/></net>

<net id="1632"><net_src comp="1627" pin="1"/><net_sink comp="753" pin=0"/></net>

<net id="1633"><net_src comp="1627" pin="1"/><net_sink comp="924" pin=1"/></net>

<net id="1637"><net_src comp="222" pin="2"/><net_sink comp="1634" pin=0"/></net>

<net id="1638"><net_src comp="1634" pin="1"/><net_sink comp="1454" pin=0"/></net>

<net id="1642"><net_src comp="756" pin="2"/><net_sink comp="1639" pin=0"/></net>

<net id="1646"><net_src comp="780" pin="3"/><net_sink comp="1643" pin=0"/></net>

<net id="1647"><net_src comp="1643" pin="1"/><net_sink comp="934" pin=0"/></net>

<net id="1648"><net_src comp="1643" pin="1"/><net_sink comp="971" pin=0"/></net>

<net id="1652"><net_src comp="800" pin="3"/><net_sink comp="1649" pin=0"/></net>

<net id="1653"><net_src comp="1649" pin="1"/><net_sink comp="1184" pin=1"/></net>

<net id="1654"><net_src comp="1649" pin="1"/><net_sink comp="1439" pin=1"/></net>

<net id="1655"><net_src comp="1649" pin="1"/><net_sink comp="1560" pin=1"/></net>

<net id="1659"><net_src comp="808" pin="3"/><net_sink comp="1656" pin=0"/></net>

<net id="1660"><net_src comp="1656" pin="1"/><net_sink comp="954" pin=0"/></net>

<net id="1661"><net_src comp="1656" pin="1"/><net_sink comp="1031" pin=1"/></net>

<net id="1665"><net_src comp="816" pin="1"/><net_sink comp="1662" pin=0"/></net>

<net id="1666"><net_src comp="1662" pin="1"/><net_sink comp="1024" pin=1"/></net>

<net id="1667"><net_src comp="1662" pin="1"/><net_sink comp="1081" pin=1"/></net>

<net id="1668"><net_src comp="1662" pin="1"/><net_sink comp="1156" pin=1"/></net>

<net id="1672"><net_src comp="834" pin="1"/><net_sink comp="1669" pin=0"/></net>

<net id="1673"><net_src comp="1669" pin="1"/><net_sink comp="1243" pin=10"/></net>

<net id="1674"><net_src comp="1669" pin="1"/><net_sink comp="1287" pin=10"/></net>

<net id="1675"><net_src comp="1669" pin="1"/><net_sink comp="1336" pin=10"/></net>

<net id="1676"><net_src comp="1669" pin="1"/><net_sink comp="665" pin=10"/></net>

<net id="1677"><net_src comp="1669" pin="1"/><net_sink comp="688" pin=10"/></net>

<net id="1678"><net_src comp="1669" pin="1"/><net_sink comp="711" pin=10"/></net>

<net id="1682"><net_src comp="838" pin="3"/><net_sink comp="1679" pin=0"/></net>

<net id="1683"><net_src comp="1679" pin="1"/><net_sink comp="1272" pin=0"/></net>

<net id="1687"><net_src comp="846" pin="4"/><net_sink comp="1684" pin=0"/></net>

<net id="1688"><net_src comp="1684" pin="1"/><net_sink comp="1111" pin=2"/></net>

<net id="1689"><net_src comp="1684" pin="1"/><net_sink comp="1156" pin=2"/></net>

<net id="1690"><net_src comp="1684" pin="1"/><net_sink comp="1418" pin=2"/></net>

<net id="1694"><net_src comp="856" pin="3"/><net_sink comp="1691" pin=0"/></net>

<net id="1695"><net_src comp="1691" pin="1"/><net_sink comp="1322" pin=0"/></net>

<net id="1699"><net_src comp="864" pin="3"/><net_sink comp="1696" pin=0"/></net>

<net id="1700"><net_src comp="1696" pin="1"/><net_sink comp="1371" pin=0"/></net>

<net id="1704"><net_src comp="872" pin="3"/><net_sink comp="1701" pin=0"/></net>

<net id="1705"><net_src comp="1701" pin="1"/><net_sink comp="1397" pin=0"/></net>

<net id="1709"><net_src comp="880" pin="2"/><net_sink comp="1706" pin=0"/></net>

<net id="1710"><net_src comp="1706" pin="1"/><net_sink comp="886" pin=0"/></net>

<net id="1711"><net_src comp="1706" pin="1"/><net_sink comp="1021" pin=0"/></net>

<net id="1715"><net_src comp="892" pin="3"/><net_sink comp="1712" pin=0"/></net>

<net id="1716"><net_src comp="1712" pin="1"/><net_sink comp="1480" pin=0"/></net>

<net id="1720"><net_src comp="900" pin="3"/><net_sink comp="1717" pin=0"/></net>

<net id="1721"><net_src comp="1717" pin="1"/><net_sink comp="1507" pin=0"/></net>

<net id="1725"><net_src comp="908" pin="3"/><net_sink comp="1722" pin=0"/></net>

<net id="1726"><net_src comp="1722" pin="1"/><net_sink comp="1533" pin=0"/></net>

<net id="1730"><net_src comp="916" pin="3"/><net_sink comp="1727" pin=0"/></net>

<net id="1731"><net_src comp="1727" pin="1"/><net_sink comp="1582" pin=0"/></net>

<net id="1735"><net_src comp="934" pin="2"/><net_sink comp="1732" pin=0"/></net>

<net id="1736"><net_src comp="1732" pin="1"/><net_sink comp="986" pin=1"/></net>

<net id="1737"><net_src comp="1732" pin="1"/><net_sink comp="1461" pin=1"/></net>

<net id="1738"><net_src comp="1732" pin="1"/><net_sink comp="1560" pin=0"/></net>

<net id="1742"><net_src comp="939" pin="4"/><net_sink comp="1739" pin=0"/></net>

<net id="1743"><net_src comp="1739" pin="1"/><net_sink comp="1125" pin=0"/></net>

<net id="1747"><net_src comp="954" pin="2"/><net_sink comp="1744" pin=0"/></net>

<net id="1748"><net_src comp="1744" pin="1"/><net_sink comp="1231" pin=1"/></net>

<net id="1752"><net_src comp="959" pin="3"/><net_sink comp="1749" pin=0"/></net>

<net id="1753"><net_src comp="1749" pin="1"/><net_sink comp="1329" pin=0"/></net>

<net id="1757"><net_src comp="967" pin="1"/><net_sink comp="1754" pin=0"/></net>

<net id="1758"><net_src comp="1754" pin="1"/><net_sink comp="1074" pin=1"/></net>

<net id="1759"><net_src comp="1754" pin="1"/><net_sink comp="1111" pin=1"/></net>

<net id="1763"><net_src comp="971" pin="2"/><net_sink comp="1760" pin=0"/></net>

<net id="1764"><net_src comp="1760" pin="1"/><net_sink comp="1184" pin=0"/></net>

<net id="1765"><net_src comp="1760" pin="1"/><net_sink comp="1231" pin=0"/></net>

<net id="1769"><net_src comp="976" pin="4"/><net_sink comp="1766" pin=0"/></net>

<net id="1770"><net_src comp="1766" pin="1"/><net_sink comp="1094" pin=0"/></net>

<net id="1774"><net_src comp="1007" pin="2"/><net_sink comp="1771" pin=0"/></net>

<net id="1775"><net_src comp="1771" pin="1"/><net_sink comp="1378" pin=0"/></net>

<net id="1779"><net_src comp="1013" pin="3"/><net_sink comp="1776" pin=0"/></net>

<net id="1780"><net_src comp="1776" pin="1"/><net_sink comp="1196" pin=1"/></net>

<net id="1781"><net_src comp="1776" pin="1"/><net_sink comp="1404" pin=0"/></net>

<net id="1785"><net_src comp="1064" pin="4"/><net_sink comp="1782" pin=0"/></net>

<net id="1786"><net_src comp="1782" pin="1"/><net_sink comp="1548" pin=0"/></net>

<net id="1790"><net_src comp="276" pin="3"/><net_sink comp="1787" pin=0"/></net>

<net id="1791"><net_src comp="1787" pin="1"/><net_sink comp="283" pin=2"/></net>

<net id="1795"><net_src comp="293" pin="3"/><net_sink comp="1792" pin=0"/></net>

<net id="1796"><net_src comp="1792" pin="1"/><net_sink comp="300" pin=2"/></net>

<net id="1800"><net_src comp="310" pin="3"/><net_sink comp="1797" pin=0"/></net>

<net id="1801"><net_src comp="1797" pin="1"/><net_sink comp="317" pin=2"/></net>

<net id="1805"><net_src comp="327" pin="3"/><net_sink comp="1802" pin=0"/></net>

<net id="1806"><net_src comp="1802" pin="1"/><net_sink comp="334" pin=2"/></net>

<net id="1810"><net_src comp="344" pin="3"/><net_sink comp="1807" pin=0"/></net>

<net id="1811"><net_src comp="1807" pin="1"/><net_sink comp="283" pin=2"/></net>

<net id="1815"><net_src comp="352" pin="3"/><net_sink comp="1812" pin=0"/></net>

<net id="1816"><net_src comp="1812" pin="1"/><net_sink comp="300" pin=2"/></net>

<net id="1820"><net_src comp="360" pin="3"/><net_sink comp="1817" pin=0"/></net>

<net id="1821"><net_src comp="1817" pin="1"/><net_sink comp="317" pin=2"/></net>

<net id="1825"><net_src comp="368" pin="3"/><net_sink comp="1822" pin=0"/></net>

<net id="1826"><net_src comp="1822" pin="1"/><net_sink comp="334" pin=2"/></net>

<net id="1830"><net_src comp="376" pin="3"/><net_sink comp="1827" pin=0"/></net>

<net id="1831"><net_src comp="1827" pin="1"/><net_sink comp="283" pin=2"/></net>

<net id="1835"><net_src comp="384" pin="3"/><net_sink comp="1832" pin=0"/></net>

<net id="1836"><net_src comp="1832" pin="1"/><net_sink comp="300" pin=2"/></net>

<net id="1840"><net_src comp="392" pin="3"/><net_sink comp="1837" pin=0"/></net>

<net id="1841"><net_src comp="1837" pin="1"/><net_sink comp="317" pin=2"/></net>

<net id="1845"><net_src comp="400" pin="3"/><net_sink comp="1842" pin=0"/></net>

<net id="1846"><net_src comp="1842" pin="1"/><net_sink comp="334" pin=2"/></net>

<net id="1850"><net_src comp="408" pin="3"/><net_sink comp="1847" pin=0"/></net>

<net id="1851"><net_src comp="1847" pin="1"/><net_sink comp="283" pin=0"/></net>

<net id="1855"><net_src comp="416" pin="3"/><net_sink comp="1852" pin=0"/></net>

<net id="1856"><net_src comp="1852" pin="1"/><net_sink comp="300" pin=0"/></net>

<net id="1860"><net_src comp="424" pin="3"/><net_sink comp="1857" pin=0"/></net>

<net id="1861"><net_src comp="1857" pin="1"/><net_sink comp="317" pin=0"/></net>

<net id="1865"><net_src comp="432" pin="3"/><net_sink comp="1862" pin=0"/></net>

<net id="1866"><net_src comp="1862" pin="1"/><net_sink comp="334" pin=0"/></net>

<net id="1870"><net_src comp="440" pin="3"/><net_sink comp="1867" pin=0"/></net>

<net id="1871"><net_src comp="1867" pin="1"/><net_sink comp="283" pin=0"/></net>

<net id="1875"><net_src comp="448" pin="3"/><net_sink comp="1872" pin=0"/></net>

<net id="1876"><net_src comp="1872" pin="1"/><net_sink comp="300" pin=0"/></net>

<net id="1880"><net_src comp="456" pin="3"/><net_sink comp="1877" pin=0"/></net>

<net id="1881"><net_src comp="1877" pin="1"/><net_sink comp="317" pin=0"/></net>

<net id="1885"><net_src comp="464" pin="3"/><net_sink comp="1882" pin=0"/></net>

<net id="1886"><net_src comp="1882" pin="1"/><net_sink comp="334" pin=0"/></net>

<net id="1890"><net_src comp="472" pin="3"/><net_sink comp="1887" pin=0"/></net>

<net id="1891"><net_src comp="1887" pin="1"/><net_sink comp="283" pin=0"/></net>

<net id="1895"><net_src comp="480" pin="3"/><net_sink comp="1892" pin=0"/></net>

<net id="1896"><net_src comp="1892" pin="1"/><net_sink comp="300" pin=0"/></net>

<net id="1900"><net_src comp="488" pin="3"/><net_sink comp="1897" pin=0"/></net>

<net id="1901"><net_src comp="1897" pin="1"/><net_sink comp="317" pin=0"/></net>

<net id="1905"><net_src comp="496" pin="3"/><net_sink comp="1902" pin=0"/></net>

<net id="1906"><net_src comp="1902" pin="1"/><net_sink comp="334" pin=0"/></net>

<net id="1910"><net_src comp="1203" pin="2"/><net_sink comp="1907" pin=0"/></net>

<net id="1911"><net_src comp="1907" pin="1"/><net_sink comp="1514" pin=0"/></net>

<net id="1915"><net_src comp="1209" pin="2"/><net_sink comp="1912" pin=0"/></net>

<net id="1916"><net_src comp="1912" pin="1"/><net_sink comp="1411" pin=0"/></net>

<net id="1920"><net_src comp="1215" pin="4"/><net_sink comp="1917" pin=0"/></net>

<net id="1921"><net_src comp="1917" pin="1"/><net_sink comp="1418" pin=1"/></net>

<net id="1925"><net_src comp="1225" pin="2"/><net_sink comp="1922" pin=0"/></net>

<net id="1926"><net_src comp="1922" pin="1"/><net_sink comp="1432" pin=0"/></net>

<net id="1930"><net_src comp="1404" pin="3"/><net_sink comp="1927" pin=0"/></net>

<net id="1931"><net_src comp="1927" pin="1"/><net_sink comp="1446" pin=1"/></net>

<net id="1932"><net_src comp="1927" pin="1"/><net_sink comp="1450" pin=0"/></net>

<net id="1936"><net_src comp="688" pin="11"/><net_sink comp="1933" pin=0"/></net>

<net id="1937"><net_src comp="1933" pin="1"/><net_sink comp="1446" pin=0"/></net>

<net id="1938"><net_src comp="1933" pin="1"/><net_sink comp="1450" pin=1"/></net>

<net id="1942"><net_src comp="504" pin="3"/><net_sink comp="1939" pin=0"/></net>

<net id="1943"><net_src comp="1939" pin="1"/><net_sink comp="283" pin=0"/></net>

<net id="1947"><net_src comp="512" pin="3"/><net_sink comp="1944" pin=0"/></net>

<net id="1948"><net_src comp="1944" pin="1"/><net_sink comp="300" pin=0"/></net>

<net id="1952"><net_src comp="520" pin="3"/><net_sink comp="1949" pin=0"/></net>

<net id="1953"><net_src comp="1949" pin="1"/><net_sink comp="317" pin=0"/></net>

<net id="1957"><net_src comp="528" pin="3"/><net_sink comp="1954" pin=0"/></net>

<net id="1958"><net_src comp="1954" pin="1"/><net_sink comp="334" pin=0"/></net>

<net id="1962"><net_src comp="536" pin="3"/><net_sink comp="1959" pin=0"/></net>

<net id="1963"><net_src comp="1959" pin="1"/><net_sink comp="283" pin=0"/></net>

<net id="1967"><net_src comp="544" pin="3"/><net_sink comp="1964" pin=0"/></net>

<net id="1968"><net_src comp="1964" pin="1"/><net_sink comp="300" pin=0"/></net>

<net id="1972"><net_src comp="552" pin="3"/><net_sink comp="1969" pin=0"/></net>

<net id="1973"><net_src comp="1969" pin="1"/><net_sink comp="317" pin=0"/></net>

<net id="1977"><net_src comp="560" pin="3"/><net_sink comp="1974" pin=0"/></net>

<net id="1978"><net_src comp="1974" pin="1"/><net_sink comp="334" pin=0"/></net>

<net id="1982"><net_src comp="568" pin="3"/><net_sink comp="1979" pin=0"/></net>

<net id="1983"><net_src comp="1979" pin="1"/><net_sink comp="283" pin=0"/></net>

<net id="1987"><net_src comp="576" pin="3"/><net_sink comp="1984" pin=0"/></net>

<net id="1988"><net_src comp="1984" pin="1"/><net_sink comp="300" pin=0"/></net>

<net id="1992"><net_src comp="584" pin="3"/><net_sink comp="1989" pin=0"/></net>

<net id="1993"><net_src comp="1989" pin="1"/><net_sink comp="317" pin=0"/></net>

<net id="1997"><net_src comp="592" pin="3"/><net_sink comp="1994" pin=0"/></net>

<net id="1998"><net_src comp="1994" pin="1"/><net_sink comp="334" pin=0"/></net>

<net id="2002"><net_src comp="1540" pin="3"/><net_sink comp="1999" pin=0"/></net>

<net id="2003"><net_src comp="1999" pin="1"/><net_sink comp="1572" pin=1"/></net>

<net id="2004"><net_src comp="1999" pin="1"/><net_sink comp="1577" pin=0"/></net>

<net id="2005"><net_src comp="1999" pin="1"/><net_sink comp="1589" pin=1"/></net>

</net_list>

</model> 
---------------- Datapath Model END ------------------

* FSMD analyzer results:
  - Output states:
	Port: bnn_top_int_const_unsigned_int_const_int_const_unsigned_int_const_int_co_4 | {11 }
	Port: bnn_top_int_const_unsigned_int_const_int_const_unsigned_int_const_int_co_3 | {11 }
	Port: bnn_top_int_const_unsigned_int_const_int_const_unsigned_int_const_int_co_2 | {11 }
	Port: bnn_top_int_const_unsigned_int_const_int_const_unsigned_int_const_int_co_1 | {11 }
	Port: bnn_top_int_const_unsigned_int_const_int_const_unsigned_int_const_int_co | {11 }
 - Input state : 
	Port: bnn_top_Pipeline_VITIS_LOOP_50_2_VITIS_LOOP_51_3 : img_0 | {8 9 10 }
	Port: bnn_top_Pipeline_VITIS_LOOP_50_2_VITIS_LOOP_51_3 : img_1 | {8 9 10 }
	Port: bnn_top_Pipeline_VITIS_LOOP_50_2_VITIS_LOOP_51_3 : img_2 | {8 9 10 }
	Port: bnn_top_Pipeline_VITIS_LOOP_50_2_VITIS_LOOP_51_3 : img_3 | {8 9 10 }
	Port: bnn_top_Pipeline_VITIS_LOOP_50_2_VITIS_LOOP_51_3 : W1_load_1 | {1 }
	Port: bnn_top_Pipeline_VITIS_LOOP_50_2_VITIS_LOOP_51_3 : empty_34 | {1 }
	Port: bnn_top_Pipeline_VITIS_LOOP_50_2_VITIS_LOOP_51_3 : W1_load_2 | {1 }
	Port: bnn_top_Pipeline_VITIS_LOOP_50_2_VITIS_LOOP_51_3 : empty_35 | {1 }
	Port: bnn_top_Pipeline_VITIS_LOOP_50_2_VITIS_LOOP_51_3 : W1_load_3 | {1 }
	Port: bnn_top_Pipeline_VITIS_LOOP_50_2_VITIS_LOOP_51_3 : empty_36 | {1 }
	Port: bnn_top_Pipeline_VITIS_LOOP_50_2_VITIS_LOOP_51_3 : W1_load_4 | {1 }
	Port: bnn_top_Pipeline_VITIS_LOOP_50_2_VITIS_LOOP_51_3 : empty_37 | {1 }
	Port: bnn_top_Pipeline_VITIS_LOOP_50_2_VITIS_LOOP_51_3 : cmp38_1_1 | {1 }
	Port: bnn_top_Pipeline_VITIS_LOOP_50_2_VITIS_LOOP_51_3 : W1_load_5 | {1 }
	Port: bnn_top_Pipeline_VITIS_LOOP_50_2_VITIS_LOOP_51_3 : empty_38 | {1 }
	Port: bnn_top_Pipeline_VITIS_LOOP_50_2_VITIS_LOOP_51_3 : W1_load_6 | {1 }
	Port: bnn_top_Pipeline_VITIS_LOOP_50_2_VITIS_LOOP_51_3 : empty_39 | {1 }
	Port: bnn_top_Pipeline_VITIS_LOOP_50_2_VITIS_LOOP_51_3 : W1_load_7 | {1 }
	Port: bnn_top_Pipeline_VITIS_LOOP_50_2_VITIS_LOOP_51_3 : empty_40 | {1 }
	Port: bnn_top_Pipeline_VITIS_LOOP_50_2_VITIS_LOOP_51_3 : W1_load_8 | {1 }
	Port: bnn_top_Pipeline_VITIS_LOOP_50_2_VITIS_LOOP_51_3 : empty | {1 }
  - Chain level:
	State 1
		store_ln0 : 1
		store_ln50 : 1
		store_ln56 : 1
		indvar_flatten_load : 1
		icmp_ln50 : 2
		add_ln50 : 2
		br_ln50 : 3
		iw_load : 1
		oh_load : 1
		icmp_ln51 : 2
		select_ln50 : 3
		add_ln56_1 : 2
		add_ln56_4 : 2
		select_ln50_1 : 3
		select_ln50_2 : 3
		trunc_ln63 : 4
		shl_ln63 : 4
		zext_ln56 : 4
		zext_ln51 : 4
		trunc_ln51 : 4
		lshr_ln58_1 : 4
		add_ln58_5 : 5
		urem_ln58 : 6
		store_ln50 : 3
		store_ln50 : 4
	State 2
		lshr_ln58_2 : 1
		store_ln56 : 1
	State 3
	State 4
	State 5
	State 6
	State 7
		tmp_39 : 1
		trunc_ln58 : 1
		trunc_ln1 : 1
		or_ln57_1 : 1
		tmp_42 : 1
		tmp_43 : 2
		icmp_ln57 : 3
		tmp_44 : 1
		zext_ln58_6 : 1
		sub_ln58 : 2
		add_ln58_6 : 3
		zext_ln58_13 : 4
		mul_ln58 : 5
		tmp_46 : 6
	State 8
		add_ln58 : 1
		add_ln58_1 : 1
		zext_ln58 : 2
		img_0_addr : 3
		img_0_load : 4
		img_1_addr : 3
		img_1_load : 4
		img_2_addr : 3
		img_2_load : 4
		img_3_addr : 3
		img_3_load : 4
		zext_ln58_1 : 1
		img_0_addr_1 : 2
		img_0_load_1 : 3
		img_1_addr_1 : 2
		img_1_load_1 : 3
		img_2_addr_1 : 2
		img_2_load_1 : 3
		img_3_addr_1 : 2
		img_3_load_1 : 3
		add_ln58_3 : 1
		zext_ln58_3 : 2
		img_0_addr_2 : 3
		img_0_load_2 : 4
		img_1_addr_2 : 3
		img_1_load_2 : 4
		img_2_addr_2 : 3
		img_2_load_2 : 4
		img_3_addr_2 : 3
		img_3_load_2 : 4
		add_ln58_4 : 1
		zext_ln58_4 : 2
		img_0_addr_3 : 3
		img_0_load_3 : 4
		img_1_addr_3 : 3
		img_1_load_3 : 4
		img_2_addr_3 : 3
		img_2_load_3 : 4
		img_3_addr_3 : 3
		img_3_load_3 : 4
		zext_ln58_8 : 1
		img_0_addr_4 : 2
		img_0_load_4 : 3
		img_1_addr_4 : 2
		img_1_load_4 : 3
		img_2_addr_4 : 2
		img_2_load_4 : 3
		img_3_addr_4 : 2
		img_3_load_4 : 3
		add_ln58_8 : 1
		zext_ln58_9 : 2
		img_0_addr_5 : 3
		img_0_load_5 : 4
		img_1_addr_5 : 3
		img_1_load_5 : 4
		img_2_addr_5 : 3
		img_2_load_5 : 4
		img_3_addr_5 : 3
		img_3_load_5 : 4
		tmp_49 : 1
		icmp_ln57_1 : 2
		add_ln58_9 : 2
		tmp_s : 2
		add_ln58_10 : 2
	State 9
		v : 1
		acc : 2
		acc_22 : 3
		acc_2 : 4
		v_1 : 1
		acc_27 : 5
		acc_29 : 5
		acc_35 : 6
		acc_6 : 7
		v_2 : 1
		acc_37 : 8
		acc_41 : 8
		acc_42 : 9
		acc_10 : 10
		v_3 : 1
		acc_43 : 11
		acc_44 : 11
		acc_45 : 12
		acc_16 : 13
		v_4 : 1
		v_5 : 1
		img_0_addr_6 : 1
		img_0_load_6 : 2
		img_1_addr_6 : 1
		img_1_load_6 : 2
		img_2_addr_6 : 1
		img_2_load_6 : 2
		img_3_addr_6 : 1
		img_3_load_6 : 2
		zext_ln58_11 : 1
		img_0_addr_7 : 2
		img_0_load_7 : 3
		img_1_addr_7 : 2
		img_1_load_7 : 3
		img_2_addr_7 : 2
		img_2_load_7 : 3
		img_3_addr_7 : 2
		img_3_load_7 : 3
		img_0_addr_8 : 1
		img_0_load_8 : 2
		img_1_addr_8 : 1
		img_1_load_8 : 2
		img_2_addr_8 : 1
		img_2_load_8 : 2
		img_3_addr_8 : 1
		img_3_load_8 : 2
	State 10
		acc_48 : 1
		acc_49 : 2
		acc_50 : 2
		acc_51 : 3
		acc_24 : 4
		v_6 : 1
		acc_52 : 5
		acc_53 : 5
		acc_54 : 6
		acc_30 : 7
		v_7 : 1
		acc_55 : 8
		acc_56 : 8
		acc_57 : 9
		acc_34 : 10
		v_8 : 1
	State 11
		trunc_ln58_1 : 1
		acc_60 : 1
		acc_40 : 2
		bnn_top_int_const_unsigned_int_const_int_const_unsigned_int_const_int_co_266 : 1
		bnn_top_int_const_unsigned_int_const_int_const_unsigned_int_const_int_co_267 : 1
		bnn_top_int_const_unsigned_int_const_int_const_unsigned_int_const_int_co_268 : 1
		bnn_top_int_const_unsigned_int_const_int_const_unsigned_int_const_int_co_269 : 1
		bnn_top_int_const_unsigned_int_const_int_const_unsigned_int_const_int_co_270 : 1
		switch_ln63 : 2
		store_ln63 : 3
		store_ln63 : 3
		store_ln63 : 3
		store_ln63 : 3
		store_ln63 : 3


============================================================
+ Verbose Summary: Datapath Resource usage 
============================================================

* Functional unit list:
|----------|----------------------------|---------|---------|---------|
| Operation|       Functional Unit      |   DSP   |    FF   |   LUT   |
|----------|----------------------------|---------|---------|---------|
|          |     select_ln50_fu_780     |    0    |    0    |    6    |
|          |    select_ln50_1_fu_800    |    0    |    0    |    6    |
|          |    select_ln50_2_fu_808    |    0    |    0    |    6    |
|          |       acc_22_fu_1272       |    0    |    0    |    32   |
|          |        acc_2_fu_1279       |    0    |    0    |    32   |
|          |       acc_35_fu_1322       |    0    |    0    |    32   |
|          |        acc_6_fu_1329       |    0    |    0    |    32   |
|          |       acc_42_fu_1371       |    0    |    0    |    32   |
|          |       acc_10_fu_1378       |    0    |    0    |    32   |
|  select  |       acc_45_fu_1397       |    0    |    0    |    32   |
|          |       acc_16_fu_1404       |    0    |    0    |    32   |
|          |       acc_48_fu_1454       |    0    |    0    |    32   |
|          |       acc_51_fu_1480       |    0    |    0    |    32   |
|          |       acc_24_fu_1487       |    0    |    0    |    32   |
|          |       acc_54_fu_1507       |    0    |    0    |    32   |
|          |       acc_30_fu_1514       |    0    |    0    |    32   |
|          |       acc_57_fu_1533       |    0    |    0    |    32   |
|          |       acc_34_fu_1540       |    0    |    0    |    32   |
|          |       acc_60_fu_1582       |    0    |    0    |    32   |
|          |       acc_40_fu_1589       |    0    |    0    |    32   |
|----------|----------------------------|---------|---------|---------|
|          |       add_ln50_fu_762      |    0    |    0    |    18   |
|          |      add_ln56_1_fu_788     |    0    |    0    |    13   |
|          |      add_ln56_4_fu_794     |    0    |    0    |    13   |
|          |      add_ln58_5_fu_880     |    0    |    0    |    13   |
|          |      add_ln56_3_fu_934     |    0    |    0    |    13   |
|          |       add_ln56_fu_954      |    0    |    0    |    13   |
|          |      add_ln56_2_fu_971     |    0    |    0    |    13   |
|          |     add_ln58_6_fu_1048     |    0    |    0    |    18   |
|          |      add_ln58_fu_1088      |    0    |    0    |    15   |
|          |     add_ln58_1_fu_1097     |    0    |    0    |    15   |
|          |     add_ln58_3_fu_1128     |    0    |    0    |    15   |
|    add   |     add_ln58_4_fu_1142     |    0    |    0    |    15   |
|          |     add_ln58_8_fu_1170     |    0    |    0    |    15   |
|          |     add_ln58_9_fu_1209     |    0    |    0    |    15   |
|          |     add_ln58_10_fu_1225    |    0    |    0    |    15   |
|          |       acc_27_fu_1310       |    0    |    0    |    39   |
|          |       acc_37_fu_1359       |    0    |    0    |    39   |
|          |       acc_43_fu_1385       |    0    |    0    |    39   |
|          |       acc_46_fu_1446       |    0    |    0    |    39   |
|          |       acc_49_fu_1468       |    0    |    0    |    39   |
|          |       acc_52_fu_1495       |    0    |    0    |    39   |
|          |       acc_55_fu_1521       |    0    |    0    |    39   |
|          |       acc_58_fu_1572       |    0    |    0    |    39   |
|----------|----------------------------|---------|---------|---------|
|          |      sub_ln58_fu_1042      |    0    |    0    |    18   |
|          |         acc_fu_1266        |    0    |    0    |    39   |
|          |       acc_29_fu_1316       |    0    |    0    |    39   |
|          |       acc_41_fu_1365       |    0    |    0    |    39   |
|    sub   |       acc_44_fu_1391       |    0    |    0    |    39   |
|          |       acc_47_fu_1450       |    0    |    0    |    39   |
|          |       acc_50_fu_1474       |    0    |    0    |    39   |
|          |       acc_53_fu_1501       |    0    |    0    |    39   |
|          |       acc_56_fu_1527       |    0    |    0    |    39   |
|          |       acc_59_fu_1577       |    0    |    0    |    39   |
|----------|----------------------------|---------|---------|---------|
|   urem   |         grp_fu_886         |    0    |   158   |    87   |
|----------|----------------------------|---------|---------|---------|
|          |         grp_fu_665         |    0    |    0    |    20   |
|          |         grp_fu_688         |    0    |    0    |    20   |
| sparsemux|         grp_fu_711         |    0    |    0    |    20   |
|          |          v_fu_1243         |    0    |    0    |    20   |
|          |         v_1_fu_1287        |    0    |    0    |    20   |
|          |         v_2_fu_1336        |    0    |    0    |    20   |
|----------|----------------------------|---------|---------|---------|
|          |         cmp_fu_838         |    0    |    0    |    9    |
|          |       cmp38_s_fu_856       |    0    |    0    |    9    |
|          |       cmp38_3_fu_864       |    0    |    0    |    9    |
|          |       cmp38_1_fu_872       |    0    |    0    |    9    |
|          |      cmp38_1_2_fu_892      |    0    |    0    |    9    |
|          |       cmp38_2_fu_900       |    0    |    0    |    9    |
|          |      cmp38_2_1_fu_908      |    0    |    0    |    9    |
| bitselect|      cmp38_2_2_fu_916      |    0    |    0    |    9    |
|          |        tmp_39_fu_959       |    0    |    0    |    0    |
|          |        tmp_42_fu_991       |    0    |    0    |    0    |
|          |       tmp_44_fu_1013       |    0    |    0    |    0    |
|          |       tmp_48_fu_1188       |    0    |    0    |    0    |
|          |       tmp_41_fu_1235       |    0    |    0    |    0    |
|          |       tmp_40_fu_1439       |    0    |    0    |    0    |
|          |       tmp_47_fu_1461       |    0    |    0    |    0    |
|          |       tmp_50_fu_1564       |    0    |    0    |    0    |
|----------|----------------------------|---------|---------|---------|
|          |      icmp_ln50_fu_756      |    0    |    0    |    18   |
|   icmp   |      icmp_ln51_fu_774      |    0    |    0    |    13   |
|          |      icmp_ln57_fu_1007     |    0    |    0    |    9    |
|          |     icmp_ln57_1_fu_1203    |    0    |    0    |    9    |
|----------|----------------------------|---------|---------|---------|
|          |      or_ln57_1_fu_986      |    0    |    0    |    6    |
|    or    |      or_ln57_2_fu_1184     |    0    |    0    |    6    |
|          |       or_ln57_fu_1231      |    0    |    0    |    6    |
|          |      or_ln57_3_fu_1560     |    0    |    0    |    6    |
|----------|----------------------------|---------|---------|---------|
|    mul   |      mul_ln58_fu_1058      |    1    |    0    |    5    |
|----------|----------------------------|---------|---------|---------|
|          |       tmp_read_fu_174      |    0    |    0    |    0    |
|          | W1_load_8_read_read_fu_180 |    0    |    0    |    0    |
|          |     tmp_32_read_fu_186     |    0    |    0    |    0    |
|          | W1_load_7_read_read_fu_192 |    0    |    0    |    0    |
|          |     tmp_33_read_fu_198     |    0    |    0    |    0    |
|          | W1_load_6_read_read_fu_204 |    0    |    0    |    0    |
|          |     tmp_34_read_fu_210     |    0    |    0    |    0    |
|          | W1_load_5_read_read_fu_216 |    0    |    0    |    0    |
|   read   | cmp38_1_1_read_read_fu_222 |    0    |    0    |    0    |
|          |     tmp_35_read_fu_228     |    0    |    0    |    0    |
|          | W1_load_4_read_read_fu_234 |    0    |    0    |    0    |
|          |     tmp_36_read_fu_240     |    0    |    0    |    0    |
|          | W1_load_3_read_read_fu_246 |    0    |    0    |    0    |
|          |     tmp_37_read_fu_252     |    0    |    0    |    0    |
|          | W1_load_2_read_read_fu_258 |    0    |    0    |    0    |
|          |     tmp_38_read_fu_264     |    0    |    0    |    0    |
|          | W1_load_1_read_read_fu_270 |    0    |    0    |    0    |
|----------|----------------------------|---------|---------|---------|
|          |      trunc_ln63_fu_816     |    0    |    0    |    0    |
|   trunc  |      trunc_ln51_fu_834     |    0    |    0    |    0    |
|          |      trunc_ln58_fu_967     |    0    |    0    |    0    |
|          |    trunc_ln58_1_fu_1556    |    0    |    0    |    0    |
|----------|----------------------------|---------|---------|---------|
|    shl   |       shl_ln63_fu_820      |    0    |    0    |    0    |
|----------|----------------------------|---------|---------|---------|
|          |      zext_ln56_fu_826      |    0    |    0    |    0    |
|          |      zext_ln51_fu_830      |    0    |    0    |    0    |
|          |     zext_ln58_5_fu_1021    |    0    |    0    |    0    |
|          |     zext_ln58_6_fu_1038    |    0    |    0    |    0    |
|          |    zext_ln58_13_fu_1054    |    0    |    0    |    0    |
|          |      zext_ln58_fu_1103     |    0    |    0    |    0    |
|          |     zext_ln58_1_fu_1117    |    0    |    0    |    0    |
|   zext   |     zext_ln58_2_fu_1125    |    0    |    0    |    0    |
|          |     zext_ln58_3_fu_1134    |    0    |    0    |    0    |
|          |     zext_ln58_4_fu_1148    |    0    |    0    |    0    |
|          |     zext_ln58_8_fu_1162    |    0    |    0    |    0    |
|          |     zext_ln58_9_fu_1176    |    0    |    0    |    0    |
|          |    zext_ln58_10_fu_1411    |    0    |    0    |    0    |
|          |    zext_ln58_11_fu_1424    |    0    |    0    |    0    |
|          |    zext_ln58_12_fu_1432    |    0    |    0    |    0    |
|          |     zext_ln58_7_fu_1548    |    0    |    0    |    0    |
|----------|----------------------------|---------|---------|---------|
|          |     lshr_ln58_1_fu_846     |    0    |    0    |    0    |
|          |     lshr_ln58_2_fu_939     |    0    |    0    |    0    |
|partselect|      trunc_ln1_fu_976      |    0    |    0    |    0    |
|          |       tmp_46_fu_1064       |    0    |    0    |    0    |
|          |        tmp_s_fu_1215       |    0    |    0    |    0    |
|----------|----------------------------|---------|---------|---------|
|          |        tmp_43_fu_999       |    0    |    0    |    0    |
|          |        p_shl_fu_1024       |    0    |    0    |    0    |
|          |       tmp_45_fu_1031       |    0    |    0    |    0    |
|          |       shl_ln1_fu_1074      |    0    |    0    |    0    |
|bitconcatenate|     shl_ln58_1_fu_1081     |    0    |    0    |    0    |
|          |     add_ln58_2_fu_1111     |    0    |    0    |    0    |
|          |     add_ln58_7_fu_1156     |    0    |    0    |    0    |
|          |       tmp_49_fu_1196       |    0    |    0    |    0    |
|          |     add_ln58_s_fu_1418     |    0    |    0    |    0    |
|----------|----------------------------|---------|---------|---------|
|   sext   |      sext_ln58_fu_1094     |    0    |    0    |    0    |
|----------|----------------------------|---------|---------|---------|
|  switch  |     switch_ln63_fu_1601    |    0    |    0    |    0    |
|----------|----------------------------|---------|---------|---------|
|   Total  |                            |    1    |   158   |   1819  |
|----------|----------------------------|---------|---------|---------|

Memories:
N/A

* Register list:
+-----------------------+--------+
|                       |   FF   |
+-----------------------+--------+
|    acc_16_reg_1927    |   32   |
|    acc_34_reg_1999    |   32   |
|  add_ln56_2_reg_1760  |    6   |
|  add_ln56_3_reg_1732  |    6   |
|   add_ln56_reg_1744   |    6   |
|  add_ln58_10_reg_1922 |    8   |
|  add_ln58_5_reg_1706  |    7   |
|  add_ln58_9_reg_1912  |    8   |
|cmp38_1_1_read_reg_1634|    1   |
|   cmp38_1_2_reg_1712  |    1   |
|    cmp38_1_reg_1701   |    1   |
|   cmp38_2_1_reg_1722  |    1   |
|   cmp38_2_2_reg_1727  |    1   |
|    cmp38_2_reg_1717   |    1   |
|    cmp38_3_reg_1696   |    1   |
|    cmp38_s_reg_1691   |    1   |
|      cmp_reg_1679     |    1   |
|   icmp_ln50_reg_1639  |    1   |
|  icmp_ln57_1_reg_1907 |    1   |
|   icmp_ln57_reg_1771  |    1   |
| img_0_addr_1_reg_1807 |    8   |
| img_0_addr_2_reg_1827 |    8   |
| img_0_addr_3_reg_1847 |    8   |
| img_0_addr_4_reg_1867 |    8   |
| img_0_addr_5_reg_1887 |    8   |
| img_0_addr_6_reg_1939 |    8   |
| img_0_addr_7_reg_1959 |    8   |
| img_0_addr_8_reg_1979 |    8   |
|  img_0_addr_reg_1787  |    8   |
| img_1_addr_1_reg_1812 |    8   |
| img_1_addr_2_reg_1832 |    8   |
| img_1_addr_3_reg_1852 |    8   |
| img_1_addr_4_reg_1872 |    8   |
| img_1_addr_5_reg_1892 |    8   |
| img_1_addr_6_reg_1944 |    8   |
| img_1_addr_7_reg_1964 |    8   |
| img_1_addr_8_reg_1984 |    8   |
|  img_1_addr_reg_1792  |    8   |
| img_2_addr_1_reg_1817 |    8   |
| img_2_addr_2_reg_1837 |    8   |
| img_2_addr_3_reg_1857 |    8   |
| img_2_addr_4_reg_1877 |    8   |
| img_2_addr_5_reg_1897 |    8   |
| img_2_addr_6_reg_1949 |    8   |
| img_2_addr_7_reg_1969 |    8   |
| img_2_addr_8_reg_1989 |    8   |
|  img_2_addr_reg_1797  |    8   |
| img_3_addr_1_reg_1822 |    8   |
| img_3_addr_2_reg_1842 |    8   |
| img_3_addr_3_reg_1862 |    8   |
| img_3_addr_4_reg_1882 |    8   |
| img_3_addr_5_reg_1902 |    8   |
| img_3_addr_6_reg_1954 |    8   |
| img_3_addr_7_reg_1974 |    8   |
| img_3_addr_8_reg_1994 |    8   |
|  img_3_addr_reg_1802  |    8   |
|indvar_flatten_reg_1627|   11   |
|      iw_reg_1613      |    6   |
|  lshr_ln58_1_reg_1684 |    3   |
|  lshr_ln58_2_reg_1739 |    4   |
|      oh_reg_1620      |    6   |
|        reg_734        |   32   |
| select_ln50_1_reg_1649|    6   |
| select_ln50_2_reg_1656|    6   |
|  select_ln50_reg_1643 |    6   |
|    tmp_39_reg_1749    |    1   |
|    tmp_44_reg_1776    |    1   |
|    tmp_46_reg_1782    |    8   |
|     tmp_s_reg_1917    |    5   |
|   trunc_ln1_reg_1766  |    4   |
|  trunc_ln51_reg_1669  |    2   |
|  trunc_ln58_reg_1754  |    5   |
|  trunc_ln63_reg_1662  |    5   |
|      v_4_reg_1933     |   32   |
+-----------------------+--------+
|         Total         |   548  |
+-----------------------+--------+

* Multiplexer (MUX) list: 
|-------------------|------|------|------|--------||---------||---------||---------|
|        Comp       |  Pin | Size |  BW  | S x BW ||  Delay  ||    FF   ||   LUT   |
|-------------------|------|------|------|--------||---------||---------||---------|
| grp_access_fu_283 |  p0  |  12  |   8  |   96   ||    0    ||    65   |
| grp_access_fu_283 |  p2  |   6  |   0  |    0   ||    0    ||    31   |
| grp_access_fu_300 |  p0  |  12  |   8  |   96   ||    0    ||    65   |
| grp_access_fu_300 |  p2  |   6  |   0  |    0   ||    0    ||    31   |
| grp_access_fu_317 |  p0  |  12  |   8  |   96   ||    0    ||    65   |
| grp_access_fu_317 |  p2  |   6  |   0  |    0   ||    0    ||    31   |
| grp_access_fu_334 |  p0  |  12  |   8  |   96   ||    0    ||    65   |
| grp_access_fu_334 |  p2  |   6  |   0  |    0   ||    0    ||    31   |
|     grp_fu_886    |  p0  |   2  |   7  |   14   ||    0    ||    9    |
|-------------------|------|------|------|--------||---------||---------||---------|
|       Total       |      |      |      |   398  ||  5.811  ||    0    ||   393   |
|-------------------|------|------|------|--------||---------||---------||---------|



* Summary:
+-----------+--------+--------+--------+--------+
|           |   DSP  |  Delay |   FF   |   LUT  |
+-----------+--------+--------+--------+--------+
|  Function |    1   |    -   |   158  |  1819  |
|   Memory  |    -   |    -   |    -   |    -   |
|Multiplexer|    -   |    5   |    0   |   393  |
|  Register |    -   |    -   |   548  |    -   |
+-----------+--------+--------+--------+--------+
|   Total   |    1   |    5   |   706  |  2212  |
+-----------+--------+--------+--------+--------+
