

================================================================
== Vitis HLS Report for 'bnn_top'
================================================================
* Date:           Mon Aug 24 01:29:50 2026

* Version:        2025.2 (Build 6295257 on Nov 12 2025)
* Project:        bnn_hls
* Solution:       sol1 (Vivado IP Flow Target)
* Product family: zynquplus
* Target device:  xczu7ev-ffvc1156-2-e


================================================================
== Performance Estimates
================================================================
+ Timing: 
    * Summary: 
    +--------+----------+----------+------------+
    |  Clock |  Target  | Estimated| Uncertainty|
    +--------+----------+----------+------------+
    |ap_clk  |  10.00 ns|  6.920 ns|     2.70 ns|
    +--------+----------+----------+------------+

+ Latency: 
    * Summary: 
    +---------+---------+-----------+-----------+---------+---------+---------+
    |  Latency (cycles) |   Latency (absolute)  |      Interval     | Pipeline|
    |   min   |   max   |    min    |    max    |   min   |   max   |   Type  |
    +---------+---------+-----------+-----------+---------+---------+---------+
    |  4145963|  4145963|  41.460 ms|  41.460 ms|  4145964|  4145964|       no|
    +---------+---------+-----------+-----------+---------+---------+---------+

    + Detail: 
        * Instance: 
        +-----------------------------------------------------------------------------------+------------------------------------------------------------------------+---------+---------+-----------+-----------+-----+-----+-------------------+
        |                                                                                   |                                                                        |  Latency (cycles) |   Latency (absolute)  |  Interval |      Pipeline     |
        |                                      Instance                                     |                                 Module                                 |   min   |   max   |    min    |    max    | min | max |        Type       |
        +-----------------------------------------------------------------------------------+------------------------------------------------------------------------+---------+---------+-----------+-----------+-----+-----+-------------------+
        |grp_bnn_top_Pipeline_VITIS_LOOP_50_2_VITIS_LOOP_51_3_fu_384                        |bnn_top_Pipeline_VITIS_LOOP_50_2_VITIS_LOOP_51_3                        |     2058|     2058|  20.580 us|  20.580 us|    0|    0|  loop pipeline stp|
        |grp_bnn_top_Pipeline_VITIS_LOOP_65_6_VITIS_LOOP_66_7_fu_425                        |bnn_top_Pipeline_VITIS_LOOP_65_6_VITIS_LOOP_66_7                        |      270|      270|   2.700 us|   2.700 us|    0|    0|  loop pipeline stp|
        |grp_bnn_top_Pipeline_VITIS_LOOP_79_9_VITIS_LOOP_80_10_VITIS_LOOP_82_11_fu_458      |bnn_top_Pipeline_VITIS_LOOP_79_9_VITIS_LOOP_80_10_VITIS_LOOP_82_11      |    40965|    40965|   0.410 ms|   0.410 ms|    0|    0|  loop pipeline stp|
        |grp_bnn_top_Pipeline_VITIS_LOOP_96_14_VITIS_LOOP_97_15_fu_493                      |bnn_top_Pipeline_VITIS_LOOP_96_14_VITIS_LOOP_97_15                      |       76|       76|   0.760 us|   0.760 us|    0|    0|  loop pipeline stp|
        |grp_bnn_top_Pipeline_VITIS_LOOP_110_17_VITIS_LOOP_111_18_VITIS_LOOP_113_19_fu_526  |bnn_top_Pipeline_VITIS_LOOP_110_17_VITIS_LOOP_111_18_VITIS_LOOP_113_19  |    20485|    20485|   0.205 ms|   0.205 ms|    0|    0|  loop pipeline stp|
        |grp_bnn_top_Pipeline_VITIS_LOOP_140_24_VITIS_LOOP_142_25_fu_561                    |bnn_top_Pipeline_VITIS_LOOP_140_24_VITIS_LOOP_142_25                    |   131074|   131074|   1.311 ms|   1.311 ms|    0|    0|  loop pipeline stp|
        |grp_bnn_top_Pipeline_VITIS_LOOP_127_22_VITIS_LOOP_128_23_fu_573                    |bnn_top_Pipeline_VITIS_LOOP_127_22_VITIS_LOOP_128_23                    |       28|       28|   0.280 us|   0.280 us|    0|    0|  loop pipeline stp|
        |grp_bnn_top_Pipeline_VITIS_LOOP_153_26_fu_592                                      |bnn_top_Pipeline_VITIS_LOOP_153_26                                      |      130|      130|   1.300 us|   1.300 us|    0|    0|  loop pipeline stp|
        +-----------------------------------------------------------------------------------+------------------------------------------------------------------------+---------+---------+-----------+-----------+-----+-----+-------------------+

        * Loop: 
        +---------------------+---------+---------+----------+-----------+-----------+------+----------+
        |                     |  Latency (cycles) | Iteration|  Initiation Interval  | Trip |          |
        |      Loop Name      |   min   |   max   |  Latency |  achieved |   target  | Count| Pipelined|
        +---------------------+---------+---------+----------+-----------+-----------+------+----------+
        |- VITIS_LOOP_49_1    |    74784|    74784|      2337|          -|          -|    32|        no|
        |- VITIS_LOOP_78_8    |  2626880|  2626880|     41045|          -|          -|    64|        no|
        |- VITIS_LOOP_109_16  |  1313088|  1313088|     20517|          -|          -|    64|        no|
        +---------------------+---------+---------+----------+-----------+-----------+------+----------+



================================================================
== Utilization Estimates
================================================================
* Summary: 
+-----------------+---------+------+--------+--------+-----+
|       Name      | BRAM_18K|  DSP |   FF   |   LUT  | URAM|
+-----------------+---------+------+--------+--------+-----+
|DSP              |        -|     -|       -|       -|    -|
|Expression       |        -|     -|       0|     321|    -|
|FIFO             |        -|     -|       -|       -|    -|
|Instance         |        -|     6|    4874|   14193|    -|
|Memory           |       19|     -|       9|      66|    0|
|Multiplexer      |        -|     -|       0|    1636|    -|
|Register         |        -|     -|     588|       -|    -|
+-----------------+---------+------+--------+--------+-----+
|Total            |       19|     6|    5471|   16216|    0|
+-----------------+---------+------+--------+--------+-----+
|Available        |      624|  1728|  460800|  230400|   96|
+-----------------+---------+------+--------+--------+-----+
|Utilization (%)  |        3|    ~0|       1|       7|    0|
+-----------------+---------+------+--------+--------+-----+

+ Detail: 
    * Instance: 
    +-----------------------------------------------------------------------------------+------------------------------------------------------------------------+---------+----+------+------+-----+
    |                                      Instance                                     |                                 Module                                 | BRAM_18K| DSP|  FF  |  LUT | URAM|
    +-----------------------------------------------------------------------------------+------------------------------------------------------------------------+---------+----+------+------+-----+
    |bitselect_1ns_32ns_5ns_1_1_1_U182                                                  |bitselect_1ns_32ns_5ns_1_1_1                                            |        0|   0|     0|     9|    0|
    |grp_bnn_top_Pipeline_VITIS_LOOP_110_17_VITIS_LOOP_111_18_VITIS_LOOP_113_19_fu_526  |bnn_top_Pipeline_VITIS_LOOP_110_17_VITIS_LOOP_111_18_VITIS_LOOP_113_19  |        0|   0|   693|  3725|    0|
    |grp_bnn_top_Pipeline_VITIS_LOOP_127_22_VITIS_LOOP_128_23_fu_573                    |bnn_top_Pipeline_VITIS_LOOP_127_22_VITIS_LOOP_128_23                    |        0|   1|   538|  1019|    0|
    |grp_bnn_top_Pipeline_VITIS_LOOP_140_24_VITIS_LOOP_142_25_fu_561                    |bnn_top_Pipeline_VITIS_LOOP_140_24_VITIS_LOOP_142_25                    |        0|   0|    67|   374|    0|
    |grp_bnn_top_Pipeline_VITIS_LOOP_153_26_fu_592                                      |bnn_top_Pipeline_VITIS_LOOP_153_26                                      |        0|   0|    91|   325|    0|
    |grp_bnn_top_Pipeline_VITIS_LOOP_50_2_VITIS_LOOP_51_3_fu_384                        |bnn_top_Pipeline_VITIS_LOOP_50_2_VITIS_LOOP_51_3                        |        0|   1|  1590|  2812|    0|
    |grp_bnn_top_Pipeline_VITIS_LOOP_65_6_VITIS_LOOP_66_7_fu_425                        |bnn_top_Pipeline_VITIS_LOOP_65_6_VITIS_LOOP_66_7                        |        0|   4|   643|   999|    0|
    |grp_bnn_top_Pipeline_VITIS_LOOP_79_9_VITIS_LOOP_80_10_VITIS_LOOP_82_11_fu_458      |bnn_top_Pipeline_VITIS_LOOP_79_9_VITIS_LOOP_80_10_VITIS_LOOP_82_11      |        0|   0|   706|  3756|    0|
    |grp_bnn_top_Pipeline_VITIS_LOOP_96_14_VITIS_LOOP_97_15_fu_493                      |bnn_top_Pipeline_VITIS_LOOP_96_14_VITIS_LOOP_97_15                      |        0|   0|   546|  1174|    0|
    +-----------------------------------------------------------------------------------+------------------------------------------------------------------------+---------+----+------+------+-----+
    |Total                                                                              |                                                                        |        0|   6|  4874| 14193|    0|
    +-----------------------------------------------------------------------------------+------------------------------------------------------------------------+---------+----+------+------+-----+

    * DSP: 
    N/A

    * Memory: 
    +-------------------------------------------------------------------------------+----------------------------------------------------------------------------------+---------+---+----+-----+------+-----+------+-------------+
    |                                     Memory                                    |                                      Module                                      | BRAM_18K| FF| LUT| URAM| Words| Bits| Banks| W*Bits*Banks|
    +-------------------------------------------------------------------------------+----------------------------------------------------------------------------------+---------+---+----+-----+------+-----+------+-------------+
    |bnn_top_int_const_unsigned_int_const_int_const_unsigned_int_const_int_co_12_U  |bnn_top_int_const_unsigned_int_const_int_const_unsigned_int_const_int_co_12_Rocq  |        0|  1|   8|    0|   512|    1|     1|          512|
    |bnn_top_int_const_unsigned_int_const_int_const_unsigned_int_const_int_co_6_U   |bnn_top_int_const_unsigned_int_const_int_const_unsigned_int_const_int_co_12_Rocq  |        0|  1|   8|    0|   512|    1|     1|          512|
    |bnn_top_int_const_unsigned_int_const_int_const_unsigned_int_const_int_co_5_U   |bnn_top_int_const_unsigned_int_const_int_const_unsigned_int_const_int_co_12_Rocq  |        0|  1|   8|    0|   512|    1|     1|          512|
    |bnn_top_int_const_unsigned_int_const_int_const_unsigned_int_const_int_co_11_U  |bnn_top_int_const_unsigned_int_const_int_const_unsigned_int_const_int_co_12_Rocq  |        0|  1|   8|    0|   512|    1|     1|          512|
    |bnn_top_int_const_unsigned_int_const_int_const_unsigned_int_const_int_co_10_U  |bnn_top_int_const_unsigned_int_const_int_const_unsigned_int_const_int_co_12_Rocq  |        0|  1|   8|    0|   512|    1|     1|          512|
    |bnn_top_int_const_unsigned_int_const_int_const_unsigned_int_const_int_co_9_U   |bnn_top_int_const_unsigned_int_const_int_const_unsigned_int_const_int_co_12_Rocq  |        0|  1|   8|    0|   512|    1|     1|          512|
    |bnn_top_int_const_unsigned_int_const_int_const_unsigned_int_const_int_co_8_U   |bnn_top_int_const_unsigned_int_const_int_const_unsigned_int_const_int_co_12_Rocq  |        0|  1|   8|    0|   512|    1|     1|          512|
    |bnn_top_int_const_unsigned_int_const_int_const_unsigned_int_const_int_co_7_U   |bnn_top_int_const_unsigned_int_const_int_const_unsigned_int_const_int_co_12_Rocq  |        0|  1|   8|    0|   512|    1|     1|          512|
    |bnn_top_int_const_unsigned_int_const_int_const_unsigned_int_const_int_co_20_U  |bnn_top_int_const_unsigned_int_const_int_const_unsigned_int_const_int_co_20_Rg8j  |        1|  0|   0|    0|  1024|    1|     1|         1024|
    |bnn_top_int_const_unsigned_int_const_int_const_unsigned_int_const_int_co_19_U  |bnn_top_int_const_unsigned_int_const_int_const_unsigned_int_const_int_co_20_Rg8j  |        1|  0|   0|    0|  1024|    1|     1|         1024|
    |bnn_top_int_const_unsigned_int_const_int_const_unsigned_int_const_int_co_18_U  |bnn_top_int_const_unsigned_int_const_int_const_unsigned_int_const_int_co_20_Rg8j  |        1|  0|   0|    0|  1024|    1|     1|         1024|
    |bnn_top_int_const_unsigned_int_const_int_const_unsigned_int_const_int_co_17_U  |bnn_top_int_const_unsigned_int_const_int_const_unsigned_int_const_int_co_20_Rg8j  |        1|  0|   0|    0|  1024|    1|     1|         1024|
    |bnn_top_int_const_unsigned_int_const_int_const_unsigned_int_const_int_co_16_U  |bnn_top_int_const_unsigned_int_const_int_const_unsigned_int_const_int_co_20_Rg8j  |        1|  0|   0|    0|  1024|    1|     1|         1024|
    |bnn_top_int_const_unsigned_int_const_int_const_unsigned_int_const_int_co_15_U  |bnn_top_int_const_unsigned_int_const_int_const_unsigned_int_const_int_co_20_Rg8j  |        1|  0|   0|    0|  1024|    1|     1|         1024|
    |bnn_top_int_const_unsigned_int_const_int_const_unsigned_int_const_int_co_14_U  |bnn_top_int_const_unsigned_int_const_int_const_unsigned_int_const_int_co_20_Rg8j  |        1|  0|   0|    0|  1024|    1|     1|         1024|
    |bnn_top_int_const_unsigned_int_const_int_const_unsigned_int_const_int_co_13_U  |bnn_top_int_const_unsigned_int_const_int_const_unsigned_int_const_int_co_20_Rg8j  |        1|  0|   0|    0|  1024|    1|     1|         1024|
    |l3_U                                                                           |bnn_top_int_const_unsigned_int_const_int_const_unsigned_int_const_int_co_20_Rg8j  |        1|  0|   0|    0|  1024|    1|     1|         1024|
    |bnn_top_int_const_unsigned_int_const_int_const_unsigned_int_const_int_co_4_U   |bnn_top_int_const_unsigned_int_const_int_const_unsigned_int_const_int_co_4_RAbkb  |        2|  0|   0|    0|   205|   32|     1|         6560|
    |bnn_top_int_const_unsigned_int_const_int_const_unsigned_int_const_int_co_3_U   |bnn_top_int_const_unsigned_int_const_int_const_unsigned_int_const_int_co_4_RAbkb  |        2|  0|   0|    0|   205|   32|     1|         6560|
    |bnn_top_int_const_unsigned_int_const_int_const_unsigned_int_const_int_co_2_U   |bnn_top_int_const_unsigned_int_const_int_const_unsigned_int_const_int_co_4_RAbkb  |        2|  0|   0|    0|   205|   32|     1|         6560|
    |bnn_top_int_const_unsigned_int_const_int_const_unsigned_int_const_int_co_1_U   |bnn_top_int_const_unsigned_int_const_int_const_unsigned_int_const_int_co_4_RAbkb  |        2|  0|   0|    0|   205|   32|     1|         6560|
    |bnn_top_int_const_unsigned_int_const_int_const_unsigned_int_const_int_co_U     |bnn_top_int_const_unsigned_int_const_int_const_unsigned_int_const_int_co_4_RAbkb  |        2|  0|   0|    0|   205|   32|     1|         6560|
    |f1_U                                                                           |f1_RAM_AUTO_1R1W                                                                  |        0|  1|   2|    0|   128|    1|     1|          128|
    +-------------------------------------------------------------------------------+----------------------------------------------------------------------------------+---------+---+----+-----+------+-----+------+-------------+
    |Total                                                                          |                                                                                  |       19|  9|  66|    0| 14465|  178|    23|        46240|
    +-------------------------------------------------------------------------------+----------------------------------------------------------------------------------+---------+---+----+-----+------+-----+------+-------------+

    * FIFO: 
    N/A

    * Expression: 
    +-----------------------+----------+----+---+----+------------+------------+
    |     Variable Name     | Operation| DSP| FF| LUT| Bitwidth P0| Bitwidth P1|
    +-----------------------+----------+----+---+----+------------+------------+
    |add_ln109_fu_960_p2    |         +|   0|  0|  14|           7|           1|
    |add_ln110_fu_986_p2    |         +|   0|  0|  23|          16|          16|
    |add_ln49_fu_620_p2     |         +|   0|  0|  13|           6|           1|
    |add_ln59_1_fu_736_p2   |         +|   0|  0|  16|           9|           2|
    |add_ln59_2_fu_760_p2   |         +|   0|  0|  16|           9|           2|
    |add_ln59_3_fu_666_p2   |         +|   0|  0|  16|           9|           3|
    |add_ln59_4_fu_784_p2   |         +|   0|  0|  16|           9|           3|
    |add_ln59_5_fu_808_p2   |         +|   0|  0|  16|           9|           3|
    |add_ln59_6_fu_832_p2   |         +|   0|  0|  16|           9|           3|
    |add_ln59_7_fu_856_p2   |         +|   0|  0|  16|           9|           4|
    |add_ln59_8_fu_646_p2   |         +|   0|  0|  16|           9|           9|
    |add_ln59_fu_705_p2     |         +|   0|  0|  16|           9|           1|
    |add_ln78_fu_893_p2     |         +|   0|  0|  14|           7|           1|
    |add_ln79_fu_919_p2     |         +|   0|  0|  22|          15|          15|
    |icmp_ln109_fu_954_p2   |      icmp|   0|  0|  15|           7|           8|
    |icmp_ln162_fu_1021_p2  |      icmp|   0|  0|  47|          40|          40|
    |icmp_ln49_fu_614_p2    |      icmp|   0|  0|  14|           6|           7|
    |icmp_ln78_fu_887_p2    |      icmp|   0|  0|  15|           7|           8|
    +-----------------------+----------+----+---+----+------------+------------+
    |Total                  |          |   0|  0| 321|         192|         127|
    +-----------------------+----------+----+---+----+------------+------------+

    * Multiplexer: 
    +--------------------------------------------------------------------------------------+-----+-----------+-----+-----------+
    |                                         Name                                         | LUT | Input Size| Bits| Total Bits|
    +--------------------------------------------------------------------------------------+-----+-----------+-----+-----------+
    |W1_address0_local                                                                     |   31|          6|    4|         24|
    |W1_address1_local                                                                     |   26|          5|    4|         20|
    |ap_NS_fsm                                                                             |  116|         23|    1|         23|
    |bnn_top_int_const_unsigned_int_const_int_const_unsigned_int_const_int_co_10_address0  |   14|          3|    9|         27|
    |bnn_top_int_const_unsigned_int_const_int_const_unsigned_int_const_int_co_10_ce0       |   14|          3|    1|          3|
    |bnn_top_int_const_unsigned_int_const_int_const_unsigned_int_const_int_co_10_we0       |    9|          2|    1|          2|
    |bnn_top_int_const_unsigned_int_const_int_const_unsigned_int_const_int_co_11_address0  |   14|          3|    9|         27|
    |bnn_top_int_const_unsigned_int_const_int_const_unsigned_int_const_int_co_11_ce0       |   14|          3|    1|          3|
    |bnn_top_int_const_unsigned_int_const_int_const_unsigned_int_const_int_co_11_we0       |    9|          2|    1|          2|
    |bnn_top_int_const_unsigned_int_const_int_const_unsigned_int_const_int_co_12_address0  |   14|          3|    9|         27|
    |bnn_top_int_const_unsigned_int_const_int_const_unsigned_int_const_int_co_12_ce0       |   14|          3|    1|          3|
    |bnn_top_int_const_unsigned_int_const_int_const_unsigned_int_const_int_co_12_we0       |    9|          2|    1|          2|
    |bnn_top_int_const_unsigned_int_const_int_const_unsigned_int_const_int_co_13_address0  |   14|          3|   10|         30|
    |bnn_top_int_const_unsigned_int_const_int_const_unsigned_int_const_int_co_13_ce0       |   14|          3|    1|          3|
    |bnn_top_int_const_unsigned_int_const_int_const_unsigned_int_const_int_co_13_we0       |    9|          2|    1|          2|
    |bnn_top_int_const_unsigned_int_const_int_const_unsigned_int_const_int_co_14_address0  |   14|          3|   10|         30|
    |bnn_top_int_const_unsigned_int_const_int_const_unsigned_int_const_int_co_14_ce0       |   14|          3|    1|          3|
    |bnn_top_int_const_unsigned_int_const_int_const_unsigned_int_const_int_co_14_we0       |    9|          2|    1|          2|
    |bnn_top_int_const_unsigned_int_const_int_const_unsigned_int_const_int_co_15_address0  |   14|          3|   10|         30|
    |bnn_top_int_const_unsigned_int_const_int_const_unsigned_int_const_int_co_15_ce0       |   14|          3|    1|          3|
    |bnn_top_int_const_unsigned_int_const_int_const_unsigned_int_const_int_co_15_we0       |    9|          2|    1|          2|
    |bnn_top_int_const_unsigned_int_const_int_const_unsigned_int_const_int_co_16_address0  |   14|          3|   10|         30|
    |bnn_top_int_const_unsigned_int_const_int_const_unsigned_int_const_int_co_16_ce0       |   14|          3|    1|          3|
    |bnn_top_int_const_unsigned_int_const_int_const_unsigned_int_const_int_co_16_we0       |    9|          2|    1|          2|
    |bnn_top_int_const_unsigned_int_const_int_const_unsigned_int_const_int_co_17_address0  |   14|          3|   10|         30|
    |bnn_top_int_const_unsigned_int_const_int_const_unsigned_int_const_int_co_17_ce0       |   14|          3|    1|          3|
    |bnn_top_int_const_unsigned_int_const_int_const_unsigned_int_const_int_co_17_we0       |    9|          2|    1|          2|
    |bnn_top_int_const_unsigned_int_const_int_const_unsigned_int_const_int_co_18_address0  |   14|          3|   10|         30|
    |bnn_top_int_const_unsigned_int_const_int_const_unsigned_int_const_int_co_18_ce0       |   14|          3|    1|          3|
    |bnn_top_int_const_unsigned_int_const_int_const_unsigned_int_const_int_co_18_we0       |    9|          2|    1|          2|
    |bnn_top_int_const_unsigned_int_const_int_const_unsigned_int_const_int_co_19_address0  |   14|          3|   10|         30|
    |bnn_top_int_const_unsigned_int_const_int_const_unsigned_int_const_int_co_19_ce0       |   14|          3|    1|          3|
    |bnn_top_int_const_unsigned_int_const_int_const_unsigned_int_const_int_co_19_we0       |    9|          2|    1|          2|
    |bnn_top_int_const_unsigned_int_const_int_const_unsigned_int_const_int_co_1_address0   |   37|          7|    8|         56|
    |bnn_top_int_const_unsigned_int_const_int_const_unsigned_int_const_int_co_1_address1   |   20|          4|    8|         32|
    |bnn_top_int_const_unsigned_int_const_int_const_unsigned_int_const_int_co_1_ce0        |   37|          7|    1|          7|
    |bnn_top_int_const_unsigned_int_const_int_const_unsigned_int_const_int_co_1_ce1        |   20|          4|    1|          4|
    |bnn_top_int_const_unsigned_int_const_int_const_unsigned_int_const_int_co_1_d0         |   20|          4|   32|        128|
    |bnn_top_int_const_unsigned_int_const_int_const_unsigned_int_const_int_co_1_we0        |   20|          4|    1|          4|
    |bnn_top_int_const_unsigned_int_const_int_const_unsigned_int_const_int_co_20_address0  |   14|          3|   10|         30|
    |bnn_top_int_const_unsigned_int_const_int_const_unsigned_int_const_int_co_20_ce0       |   14|          3|    1|          3|
    |bnn_top_int_const_unsigned_int_const_int_const_unsigned_int_const_int_co_20_we0       |    9|          2|    1|          2|
    |bnn_top_int_const_unsigned_int_const_int_const_unsigned_int_const_int_co_2_address0   |   37|          7|    8|         56|
    |bnn_top_int_const_unsigned_int_const_int_const_unsigned_int_const_int_co_2_address1   |   20|          4|    8|         32|
    |bnn_top_int_const_unsigned_int_const_int_const_unsigned_int_const_int_co_2_ce0        |   37|          7|    1|          7|
    |bnn_top_int_const_unsigned_int_const_int_const_unsigned_int_const_int_co_2_ce1        |   20|          4|    1|          4|
    |bnn_top_int_const_unsigned_int_const_int_const_unsigned_int_const_int_co_2_d0         |   20|          4|   32|        128|
    |bnn_top_int_const_unsigned_int_const_int_const_unsigned_int_const_int_co_2_we0        |   20|          4|    1|          4|
    |bnn_top_int_const_unsigned_int_const_int_const_unsigned_int_const_int_co_3_address0   |   37|          7|    8|         56|
    |bnn_top_int_const_unsigned_int_const_int_const_unsigned_int_const_int_co_3_address1   |   20|          4|    8|         32|
    |bnn_top_int_const_unsigned_int_const_int_const_unsigned_int_const_int_co_3_ce0        |   37|          7|    1|          7|
    |bnn_top_int_const_unsigned_int_const_int_const_unsigned_int_const_int_co_3_ce1        |   20|          4|    1|          4|
    |bnn_top_int_const_unsigned_int_const_int_const_unsigned_int_const_int_co_3_d0         |   20|          4|   32|        128|
    |bnn_top_int_const_unsigned_int_const_int_const_unsigned_int_const_int_co_3_we0        |   20|          4|    1|          4|
    |bnn_top_int_const_unsigned_int_const_int_const_unsigned_int_const_int_co_4_address0   |   37|          7|    8|         56|
    |bnn_top_int_const_unsigned_int_const_int_const_unsigned_int_const_int_co_4_address1   |   20|          4|    8|         32|
    |bnn_top_int_const_unsigned_int_const_int_const_unsigned_int_const_int_co_4_ce0        |   37|          7|    1|          7|
    |bnn_top_int_const_unsigned_int_const_int_const_unsigned_int_const_int_co_4_ce1        |   20|          4|    1|          4|
    |bnn_top_int_const_unsigned_int_const_int_const_unsigned_int_const_int_co_4_d0         |   20|          4|   32|        128|
    |bnn_top_int_const_unsigned_int_const_int_const_unsigned_int_const_int_co_4_we0        |   20|          4|    1|          4|
    |bnn_top_int_const_unsigned_int_const_int_const_unsigned_int_const_int_co_5_address0   |   14|          3|    9|         27|
    |bnn_top_int_const_unsigned_int_const_int_const_unsigned_int_const_int_co_5_ce0        |   14|          3|    1|          3|
    |bnn_top_int_const_unsigned_int_const_int_const_unsigned_int_const_int_co_5_we0        |    9|          2|    1|          2|
    |bnn_top_int_const_unsigned_int_const_int_const_unsigned_int_const_int_co_6_address0   |   14|          3|    9|         27|
    |bnn_top_int_const_unsigned_int_const_int_const_unsigned_int_const_int_co_6_ce0        |   14|          3|    1|          3|
    |bnn_top_int_const_unsigned_int_const_int_const_unsigned_int_const_int_co_6_we0        |    9|          2|    1|          2|
    |bnn_top_int_const_unsigned_int_const_int_const_unsigned_int_const_int_co_7_address0   |   14|          3|    9|         27|
    |bnn_top_int_const_unsigned_int_const_int_const_unsigned_int_const_int_co_7_ce0        |   14|          3|    1|          3|
    |bnn_top_int_const_unsigned_int_const_int_const_unsigned_int_const_int_co_7_we0        |    9|          2|    1|          2|
    |bnn_top_int_const_unsigned_int_const_int_const_unsigned_int_const_int_co_8_address0   |   14|          3|    9|         27|
    |bnn_top_int_const_unsigned_int_const_int_const_unsigned_int_const_int_co_8_ce0        |   14|          3|    1|          3|
    |bnn_top_int_const_unsigned_int_const_int_const_unsigned_int_const_int_co_8_we0        |    9|          2|    1|          2|
    |bnn_top_int_const_unsigned_int_const_int_const_unsigned_int_const_int_co_9_address0   |   14|          3|    9|         27|
    |bnn_top_int_const_unsigned_int_const_int_const_unsigned_int_const_int_co_9_ce0        |   14|          3|    1|          3|
    |bnn_top_int_const_unsigned_int_const_int_const_unsigned_int_const_int_co_9_we0        |    9|          2|    1|          2|
    |bnn_top_int_const_unsigned_int_const_int_const_unsigned_int_const_int_co_address0     |   37|          7|    8|         56|
    |bnn_top_int_const_unsigned_int_const_int_const_unsigned_int_const_int_co_address1     |   20|          4|    8|         32|
    |bnn_top_int_const_unsigned_int_const_int_const_unsigned_int_const_int_co_ce0          |   37|          7|    1|          7|
    |bnn_top_int_const_unsigned_int_const_int_const_unsigned_int_const_int_co_ce1          |   20|          4|    1|          4|
    |bnn_top_int_const_unsigned_int_const_int_const_unsigned_int_const_int_co_d0           |   20|          4|   32|        128|
    |bnn_top_int_const_unsigned_int_const_int_const_unsigned_int_const_int_co_we0          |   20|          4|    1|          4|
    |f1_address0                                                                           |   14|          3|    7|         21|
    |f1_ce0                                                                                |   14|          3|    1|          3|
    |f1_we0                                                                                |    9|          2|    1|          2|
    |l3_address0                                                                           |   14|          3|   10|         30|
    |l3_ce0                                                                                |   14|          3|    1|          3|
    |l3_we0                                                                                |    9|          2|    1|          2|
    |oc_1_fu_208                                                                           |    9|          2|    7|         14|
    |oc_2_fu_212                                                                           |    9|          2|    7|         14|
    |oc_fu_196                                                                             |    9|          2|    6|         12|
    +--------------------------------------------------------------------------------------+-----+-----------+-----+-----------+
    |Total                                                                                 | 1636|        334|  489|       1859|
    +--------------------------------------------------------------------------------------+-----+-----------+-----+-----------+

    * Register: 
    +------------------------------------------------------------------------------------------------+----+----+-----+-----------+
    |                                              Name                                              | FF | LUT| Bits| Const Bits|
    +------------------------------------------------------------------------------------------------+----+----+-----+-----------+
    |TAU1_load_reg_1227                                                                              |  32|   0|   32|          0|
    |TAU2_load_reg_1263                                                                              |  32|   0|   32|          0|
    |TAU3_load_reg_1297                                                                              |  32|   0|   32|          0|
    |W1_load_1_reg_1142                                                                              |  32|   0|   32|          0|
    |W1_load_2_reg_1147                                                                              |  32|   0|   32|          0|
    |W1_load_3_reg_1172                                                                              |  32|   0|   32|          0|
    |W1_load_4_reg_1177                                                                              |  32|   0|   32|          0|
    |W1_load_5_reg_1202                                                                              |  32|   0|   32|          0|
    |W1_load_6_reg_1207                                                                              |  32|   0|   32|          0|
    |W1_load_7_reg_1212                                                                              |  32|   0|   32|          0|
    |W1_load_8_reg_1217                                                                              |  32|   0|   32|          0|
    |a0_reg_1312                                                                                     |  32|   0|   32|          0|
    |a1_reg_1317                                                                                     |  32|   0|   32|          0|
    |add_ln110_reg_1282                                                                              |  10|   0|   16|          6|
    |add_ln59_8_reg_1064                                                                             |   9|   0|    9|          0|
    |add_ln79_reg_1241                                                                               |  10|   0|   15|          5|
    |ap_CS_fsm                                                                                       |  22|   0|   22|          0|
    |cmp38_1_1_reg_1107                                                                              |   1|   0|    1|          0|
    |grp_bnn_top_Pipeline_VITIS_LOOP_110_17_VITIS_LOOP_111_18_VITIS_LOOP_113_19_fu_526_ap_start_reg  |   1|   0|    1|          0|
    |grp_bnn_top_Pipeline_VITIS_LOOP_127_22_VITIS_LOOP_128_23_fu_573_ap_start_reg                    |   1|   0|    1|          0|
    |grp_bnn_top_Pipeline_VITIS_LOOP_140_24_VITIS_LOOP_142_25_fu_561_ap_start_reg                    |   1|   0|    1|          0|
    |grp_bnn_top_Pipeline_VITIS_LOOP_153_26_fu_592_ap_start_reg                                      |   1|   0|    1|          0|
    |grp_bnn_top_Pipeline_VITIS_LOOP_50_2_VITIS_LOOP_51_3_fu_384_ap_start_reg                        |   1|   0|    1|          0|
    |grp_bnn_top_Pipeline_VITIS_LOOP_65_6_VITIS_LOOP_66_7_fu_425_ap_start_reg                        |   1|   0|    1|          0|
    |grp_bnn_top_Pipeline_VITIS_LOOP_79_9_VITIS_LOOP_80_10_VITIS_LOOP_82_11_fu_458_ap_start_reg      |   1|   0|    1|          0|
    |grp_bnn_top_Pipeline_VITIS_LOOP_96_14_VITIS_LOOP_97_15_fu_493_ap_start_reg                      |   1|   0|    1|          0|
    |lshr_ln_reg_1080                                                                                |   4|   0|    4|          0|
    |oc_1_fu_208                                                                                     |   7|   0|    7|          0|
    |oc_2_fu_212                                                                                     |   7|   0|    7|          0|
    |oc_3_reg_1051                                                                                   |   6|   0|    6|          0|
    |oc_4_reg_1232                                                                                   |   7|   0|    7|          0|
    |oc_5_reg_1273                                                                                   |   7|   0|    7|          0|
    |oc_fu_196                                                                                       |   6|   0|    6|          0|
    |shl_ln2_reg_1268                                                                                |   6|   0|    9|          3|
    |trunc_ln104_reg_1258                                                                            |   6|   0|    6|          0|
    |trunc_ln109_reg_1287                                                                            |   6|   0|    6|          0|
    |trunc_ln59_1_reg_1075                                                                           |   5|   0|    5|          0|
    |trunc_ln59_2_reg_1102                                                                           |   5|   0|    5|          0|
    |trunc_ln59_3_reg_1122                                                                           |   5|   0|    5|          0|
    |trunc_ln59_4_reg_1127                                                                           |   5|   0|    5|          0|
    |trunc_ln59_5_reg_1085                                                                           |   5|   0|    5|          0|
    |trunc_ln59_6_reg_1152                                                                           |   5|   0|    5|          0|
    |trunc_ln59_7_reg_1157                                                                           |   5|   0|    5|          0|
    |trunc_ln59_8_reg_1182                                                                           |   5|   0|    5|          0|
    |trunc_ln59_9_reg_1187                                                                           |   5|   0|    5|          0|
    |trunc_ln59_reg_1059                                                                             |   5|   0|    5|          0|
    +------------------------------------------------------------------------------------------------+----+----+-----+-----------+
    |Total                                                                                           | 588|   0|  602|         14|
    +------------------------------------------------------------------------------------------------+----+----+-----+-----------+



================================================================
== Interface
================================================================
* Summary: 
+----------------+-----+-----+------------+--------------+--------------+
|    RTL Ports   | Dir | Bits|  Protocol  | Source Object|    C Type    |
+----------------+-----+-----+------------+--------------+--------------+
|ap_clk          |   in|    1|  ap_ctrl_hs|       bnn_top|  return value|
|ap_rst          |   in|    1|  ap_ctrl_hs|       bnn_top|  return value|
|ap_start        |   in|    1|  ap_ctrl_hs|       bnn_top|  return value|
|ap_done         |  out|    1|  ap_ctrl_hs|       bnn_top|  return value|
|ap_idle         |  out|    1|  ap_ctrl_hs|       bnn_top|  return value|
|ap_ready        |  out|    1|  ap_ctrl_hs|       bnn_top|  return value|
|img_0_address0  |  out|    8|   ap_memory|         img_0|         array|
|img_0_ce0       |  out|    1|   ap_memory|         img_0|         array|
|img_0_q0        |   in|   32|   ap_memory|         img_0|         array|
|img_0_address1  |  out|    8|   ap_memory|         img_0|         array|
|img_0_ce1       |  out|    1|   ap_memory|         img_0|         array|
|img_0_q1        |   in|   32|   ap_memory|         img_0|         array|
|img_1_address0  |  out|    8|   ap_memory|         img_1|         array|
|img_1_ce0       |  out|    1|   ap_memory|         img_1|         array|
|img_1_q0        |   in|   32|   ap_memory|         img_1|         array|
|img_1_address1  |  out|    8|   ap_memory|         img_1|         array|
|img_1_ce1       |  out|    1|   ap_memory|         img_1|         array|
|img_1_q1        |   in|   32|   ap_memory|         img_1|         array|
|img_2_address0  |  out|    8|   ap_memory|         img_2|         array|
|img_2_ce0       |  out|    1|   ap_memory|         img_2|         array|
|img_2_q0        |   in|   32|   ap_memory|         img_2|         array|
|img_2_address1  |  out|    8|   ap_memory|         img_2|         array|
|img_2_ce1       |  out|    1|   ap_memory|         img_2|         array|
|img_2_q1        |   in|   32|   ap_memory|         img_2|         array|
|img_3_address0  |  out|    8|   ap_memory|         img_3|         array|
|img_3_ce0       |  out|    1|   ap_memory|         img_3|         array|
|img_3_q0        |   in|   32|   ap_memory|         img_3|         array|
|img_3_address1  |  out|    8|   ap_memory|         img_3|         array|
|img_3_ce1       |  out|    1|   ap_memory|         img_3|         array|
|img_3_q1        |   in|   32|   ap_memory|         img_3|         array|
|W1_address0     |  out|    4|   ap_memory|            W1|         array|
|W1_ce0          |  out|    1|   ap_memory|            W1|         array|
|W1_q0           |   in|   32|   ap_memory|            W1|         array|
|W1_address1     |  out|    4|   ap_memory|            W1|         array|
|W1_ce1          |  out|    1|   ap_memory|            W1|         array|
|W1_q1           |   in|   32|   ap_memory|            W1|         array|
|TAU1_address0   |  out|    5|   ap_memory|          TAU1|         array|
|TAU1_ce0        |  out|    1|   ap_memory|          TAU1|         array|
|TAU1_q0         |   in|   32|   ap_memory|          TAU1|         array|
|W2_0_address0   |  out|    9|   ap_memory|          W2_0|         array|
|W2_0_ce0        |  out|    1|   ap_memory|          W2_0|         array|
|W2_0_q0         |   in|   32|   ap_memory|          W2_0|         array|
|W2_0_address1   |  out|    9|   ap_memory|          W2_0|         array|
|W2_0_ce1        |  out|    1|   ap_memory|          W2_0|         array|
|W2_0_q1         |   in|   32|   ap_memory|          W2_0|         array|
|W2_1_address0   |  out|    9|   ap_memory|          W2_1|         array|
|W2_1_ce0        |  out|    1|   ap_memory|          W2_1|         array|
|W2_1_q0         |   in|   32|   ap_memory|          W2_1|         array|
|W2_1_address1   |  out|    9|   ap_memory|          W2_1|         array|
|W2_1_ce1        |  out|    1|   ap_memory|          W2_1|         array|
|W2_1_q1         |   in|   32|   ap_memory|          W2_1|         array|
|TAU2_address0   |  out|    6|   ap_memory|          TAU2|         array|
|TAU2_ce0        |  out|    1|   ap_memory|          TAU2|         array|
|TAU2_q0         |   in|   32|   ap_memory|          TAU2|         array|
|W3_0_address0   |  out|   10|   ap_memory|          W3_0|         array|
|W3_0_ce0        |  out|    1|   ap_memory|          W3_0|         array|
|W3_0_q0         |   in|   32|   ap_memory|          W3_0|         array|
|W3_0_address1   |  out|   10|   ap_memory|          W3_0|         array|
|W3_0_ce1        |  out|    1|   ap_memory|          W3_0|         array|
|W3_0_q1         |   in|   32|   ap_memory|          W3_0|         array|
|W3_1_address0   |  out|   10|   ap_memory|          W3_1|         array|
|W3_1_ce0        |  out|    1|   ap_memory|          W3_1|         array|
|W3_1_q0         |   in|   32|   ap_memory|          W3_1|         array|
|W3_1_address1   |  out|   10|   ap_memory|          W3_1|         array|
|W3_1_ce1        |  out|    1|   ap_memory|          W3_1|         array|
|W3_1_q1         |   in|   32|   ap_memory|          W3_1|         array|
|TAU3_address0   |  out|    6|   ap_memory|          TAU3|         array|
|TAU3_ce0        |  out|    1|   ap_memory|          TAU3|         array|
|TAU3_q0         |   in|   32|   ap_memory|          TAU3|         array|
|WF1_address0    |  out|   12|   ap_memory|           WF1|         array|
|WF1_ce0         |  out|    1|   ap_memory|           WF1|         array|
|WF1_q0          |   in|   32|   ap_memory|           WF1|         array|
|TAUF1_address0  |  out|    7|   ap_memory|         TAUF1|         array|
|TAUF1_ce0       |  out|    1|   ap_memory|         TAUF1|         array|
|TAUF1_q0        |   in|   32|   ap_memory|         TAUF1|         array|
|WF2_address0    |  out|    8|   ap_memory|           WF2|         array|
|WF2_ce0         |  out|    1|   ap_memory|           WF2|         array|
|WF2_q0          |   in|   32|   ap_memory|           WF2|         array|
|WF2_address1    |  out|    8|   ap_memory|           WF2|         array|
|WF2_ce1         |  out|    1|   ap_memory|           WF2|         array|
|WF2_q1          |   in|   32|   ap_memory|           WF2|         array|
|BF2_address0    |  out|    1|   ap_memory|           BF2|         array|
|BF2_ce0         |  out|    1|   ap_memory|           BF2|         array|
|BF2_q0          |   in|   32|   ap_memory|           BF2|         array|
|BF2_address1    |  out|    1|   ap_memory|           BF2|         array|
|BF2_ce1         |  out|    1|   ap_memory|           BF2|         array|
|BF2_q1          |   in|   32|   ap_memory|           BF2|         array|
|logit0          |  out|   32|      ap_vld|        logit0|       pointer|
|logit0_ap_vld   |  out|    1|      ap_vld|        logit0|       pointer|
|logit1          |  out|   32|      ap_vld|        logit1|       pointer|
|logit1_ap_vld   |  out|    1|      ap_vld|        logit1|       pointer|
|pred_r          |  out|   32|      ap_vld|        pred_r|       pointer|
|pred_r_ap_vld   |  out|    1|      ap_vld|        pred_r|       pointer|
+----------------+-----+-----+------------+--------------+--------------+

============================================================
+ Verbose Summary: Synthesis Manager
============================================================
InlineROM: 1
ExposeGlobal: 0
============================================================
+ Verbose Summary: CDFG Model
============================================================
IsTopModel: 1
ResetActiveHigh: 1
IsCombinational: 2
IsDatapathOnly: 2
HasWiredReturn: 1
HasMFsm: 0
HasVarLatency: 1
IsPipeline: 0
IsRtlPipelined: 0
IsInstanceOverlapped: 0
IsDontTouch: 0
HasImplIP: 0
IsGatedGlobalClock: 0


============================================================
+ Verbose Summary: Schedule
============================================================
* Number of FSM states : 22
* Pipeline : 0
* Dataflow Pipeline: 0

* FSM state transitions: 
1 --> 2 
2 --> 3 11 
3 --> 4 
4 --> 5 
5 --> 6 
6 --> 7 
7 --> 8 
8 --> 9 
9 --> 10 
10 --> 2 
11 --> 12 15 
12 --> 13 
13 --> 14 
14 --> 11 
15 --> 16 19 
16 --> 17 
17 --> 18 
18 --> 15 
19 --> 20 
20 --> 21 
21 --> 22 
22 --> 

* FSM state operations: 

State 1 <SV = 0> <Delay = 0.42>
ST_1 : Operation 23 [1/1] (0.00ns)   --->   "%oc = alloca i32 1" [bnn.cpp:49]   --->   Operation 23 'alloca' 'oc' <Predicate = true> <Delay = 0.00>
ST_1 : Operation 24 [1/1] (0.00ns)   --->   "%a0_1_loc = alloca i64 1"   --->   Operation 24 'alloca' 'a0_1_loc' <Predicate = true> <Delay = 0.00>
ST_1 : Operation 25 [1/1] (0.00ns)   --->   "%a1_1_loc = alloca i64 1"   --->   Operation 25 'alloca' 'a1_1_loc' <Predicate = true> <Delay = 0.00>
ST_1 : Operation 26 [1/1] (0.00ns)   --->   "%spectopmodule_ln26 = spectopmodule void @_ssdm_op_SpecTopModule, void @empty" [bnn.cpp:26]   --->   Operation 26 'spectopmodule' 'spectopmodule_ln26' <Predicate = true> <Delay = 0.00>
ST_1 : Operation 27 [1/1] (0.00ns)   --->   "%specinterface_ln0 = specinterface void @_ssdm_op_SpecInterface, i32 %img_0, void @empty_5, i32 0, i32 0, void @empty_2, i32 4294967295, i32 0, void @empty_2, void @empty_2, void @empty_2, i32 0, i32 0, i32 0, i32 0, void @empty_2, void @empty_2, i32 4294967295, i32 0, i32 0, i32 0"   --->   Operation 27 'specinterface' 'specinterface_ln0' <Predicate = true> <Delay = 0.00>
ST_1 : Operation 28 [1/1] (0.00ns)   --->   "%specbitsmap_ln0 = specbitsmap void @_ssdm_op_SpecBitsMap, i32 %img_0"   --->   Operation 28 'specbitsmap' 'specbitsmap_ln0' <Predicate = true> <Delay = 0.00>
ST_1 : Operation 29 [1/1] (0.00ns)   --->   "%specinterface_ln0 = specinterface void @_ssdm_op_SpecInterface, i32 %img_1, void @empty_5, i32 0, i32 0, void @empty_2, i32 4294967295, i32 0, void @empty_2, void @empty_2, void @empty_2, i32 0, i32 0, i32 0, i32 0, void @empty_2, void @empty_2, i32 4294967295, i32 0, i32 0, i32 0"   --->   Operation 29 'specinterface' 'specinterface_ln0' <Predicate = true> <Delay = 0.00>
ST_1 : Operation 30 [1/1] (0.00ns)   --->   "%specbitsmap_ln0 = specbitsmap void @_ssdm_op_SpecBitsMap, i32 %img_1"   --->   Operation 30 'specbitsmap' 'specbitsmap_ln0' <Predicate = true> <Delay = 0.00>
ST_1 : Operation 31 [1/1] (0.00ns)   --->   "%specinterface_ln0 = specinterface void @_ssdm_op_SpecInterface, i32 %img_2, void @empty_5, i32 0, i32 0, void @empty_2, i32 4294967295, i32 0, void @empty_2, void @empty_2, void @empty_2, i32 0, i32 0, i32 0, i32 0, void @empty_2, void @empty_2, i32 4294967295, i32 0, i32 0, i32 0"   --->   Operation 31 'specinterface' 'specinterface_ln0' <Predicate = true> <Delay = 0.00>
ST_1 : Operation 32 [1/1] (0.00ns)   --->   "%specbitsmap_ln0 = specbitsmap void @_ssdm_op_SpecBitsMap, i32 %img_2"   --->   Operation 32 'specbitsmap' 'specbitsmap_ln0' <Predicate = true> <Delay = 0.00>
ST_1 : Operation 33 [1/1] (0.00ns)   --->   "%specinterface_ln0 = specinterface void @_ssdm_op_SpecInterface, i32 %img_3, void @empty_5, i32 0, i32 0, void @empty_2, i32 4294967295, i32 0, void @empty_2, void @empty_2, void @empty_2, i32 0, i32 0, i32 0, i32 0, void @empty_2, void @empty_2, i32 4294967295, i32 0, i32 0, i32 0"   --->   Operation 33 'specinterface' 'specinterface_ln0' <Predicate = true> <Delay = 0.00>
ST_1 : Operation 34 [1/1] (0.00ns)   --->   "%specbitsmap_ln0 = specbitsmap void @_ssdm_op_SpecBitsMap, i32 %img_3"   --->   Operation 34 'specbitsmap' 'specbitsmap_ln0' <Predicate = true> <Delay = 0.00>
ST_1 : Operation 35 [1/1] (0.00ns)   --->   "%specinterface_ln0 = specinterface void @_ssdm_op_SpecInterface, i32 %W1, void @empty_5, i32 0, i32 0, void @empty_2, i32 4294967295, i32 0, void @empty_2, void @empty_2, void @empty_2, i32 0, i32 0, i32 0, i32 0, void @empty_2, void @empty_2, i32 4294967295, i32 0, i32 0, i32 0"   --->   Operation 35 'specinterface' 'specinterface_ln0' <Predicate = true> <Delay = 0.00>
ST_1 : Operation 36 [1/1] (0.00ns)   --->   "%specbitsmap_ln0 = specbitsmap void @_ssdm_op_SpecBitsMap, i32 %W1"   --->   Operation 36 'specbitsmap' 'specbitsmap_ln0' <Predicate = true> <Delay = 0.00>
ST_1 : Operation 37 [1/1] (0.00ns)   --->   "%specinterface_ln0 = specinterface void @_ssdm_op_SpecInterface, i32 %TAU1, void @empty_5, i32 0, i32 0, void @empty_2, i32 4294967295, i32 0, void @empty_2, void @empty_2, void @empty_2, i32 0, i32 0, i32 0, i32 0, void @empty_2, void @empty_2, i32 4294967295, i32 0, i32 0, i32 0"   --->   Operation 37 'specinterface' 'specinterface_ln0' <Predicate = true> <Delay = 0.00>
ST_1 : Operation 38 [1/1] (0.00ns)   --->   "%specbitsmap_ln0 = specbitsmap void @_ssdm_op_SpecBitsMap, i32 %TAU1"   --->   Operation 38 'specbitsmap' 'specbitsmap_ln0' <Predicate = true> <Delay = 0.00>
ST_1 : Operation 39 [1/1] (0.00ns)   --->   "%specinterface_ln0 = specinterface void @_ssdm_op_SpecInterface, i32 %W2_0, void @empty_5, i32 0, i32 0, void @empty_2, i32 4294967295, i32 0, void @empty_2, void @empty_2, void @empty_2, i32 0, i32 0, i32 0, i32 0, void @empty_2, void @empty_2, i32 4294967295, i32 0, i32 0, i32 0"   --->   Operation 39 'specinterface' 'specinterface_ln0' <Predicate = true> <Delay = 0.00>
ST_1 : Operation 40 [1/1] (0.00ns)   --->   "%specbitsmap_ln0 = specbitsmap void @_ssdm_op_SpecBitsMap, i32 %W2_0"   --->   Operation 40 'specbitsmap' 'specbitsmap_ln0' <Predicate = true> <Delay = 0.00>
ST_1 : Operation 41 [1/1] (0.00ns)   --->   "%specinterface_ln0 = specinterface void @_ssdm_op_SpecInterface, i32 %W2_1, void @empty_5, i32 0, i32 0, void @empty_2, i32 4294967295, i32 0, void @empty_2, void @empty_2, void @empty_2, i32 0, i32 0, i32 0, i32 0, void @empty_2, void @empty_2, i32 4294967295, i32 0, i32 0, i32 0"   --->   Operation 41 'specinterface' 'specinterface_ln0' <Predicate = true> <Delay = 0.00>
ST_1 : Operation 42 [1/1] (0.00ns)   --->   "%specbitsmap_ln0 = specbitsmap void @_ssdm_op_SpecBitsMap, i32 %W2_1"   --->   Operation 42 'specbitsmap' 'specbitsmap_ln0' <Predicate = true> <Delay = 0.00>
ST_1 : Operation 43 [1/1] (0.00ns)   --->   "%specinterface_ln0 = specinterface void @_ssdm_op_SpecInterface, i32 %TAU2, void @empty_5, i32 0, i32 0, void @empty_2, i32 4294967295, i32 0, void @empty_2, void @empty_2, void @empty_2, i32 0, i32 0, i32 0, i32 0, void @empty_2, void @empty_2, i32 4294967295, i32 0, i32 0, i32 0"   --->   Operation 43 'specinterface' 'specinterface_ln0' <Predicate = true> <Delay = 0.00>
ST_1 : Operation 44 [1/1] (0.00ns)   --->   "%specbitsmap_ln0 = specbitsmap void @_ssdm_op_SpecBitsMap, i32 %TAU2"   --->   Operation 44 'specbitsmap' 'specbitsmap_ln0' <Predicate = true> <Delay = 0.00>
ST_1 : Operation 45 [1/1] (0.00ns)   --->   "%specinterface_ln0 = specinterface void @_ssdm_op_SpecInterface, i32 %W3_0, void @empty_5, i32 0, i32 0, void @empty_2, i32 4294967295, i32 0, void @empty_2, void @empty_2, void @empty_2, i32 0, i32 0, i32 0, i32 0, void @empty_2, void @empty_2, i32 4294967295, i32 0, i32 0, i32 0"   --->   Operation 45 'specinterface' 'specinterface_ln0' <Predicate = true> <Delay = 0.00>
ST_1 : Operation 46 [1/1] (0.00ns)   --->   "%specbitsmap_ln0 = specbitsmap void @_ssdm_op_SpecBitsMap, i32 %W3_0"   --->   Operation 46 'specbitsmap' 'specbitsmap_ln0' <Predicate = true> <Delay = 0.00>
ST_1 : Operation 47 [1/1] (0.00ns)   --->   "%specinterface_ln0 = specinterface void @_ssdm_op_SpecInterface, i32 %W3_1, void @empty_5, i32 0, i32 0, void @empty_2, i32 4294967295, i32 0, void @empty_2, void @empty_2, void @empty_2, i32 0, i32 0, i32 0, i32 0, void @empty_2, void @empty_2, i32 4294967295, i32 0, i32 0, i32 0"   --->   Operation 47 'specinterface' 'specinterface_ln0' <Predicate = true> <Delay = 0.00>
ST_1 : Operation 48 [1/1] (0.00ns)   --->   "%specbitsmap_ln0 = specbitsmap void @_ssdm_op_SpecBitsMap, i32 %W3_1"   --->   Operation 48 'specbitsmap' 'specbitsmap_ln0' <Predicate = true> <Delay = 0.00>
ST_1 : Operation 49 [1/1] (0.00ns)   --->   "%specinterface_ln0 = specinterface void @_ssdm_op_SpecInterface, i32 %TAU3, void @empty_5, i32 0, i32 0, void @empty_2, i32 4294967295, i32 0, void @empty_2, void @empty_2, void @empty_2, i32 0, i32 0, i32 0, i32 0, void @empty_2, void @empty_2, i32 4294967295, i32 0, i32 0, i32 0"   --->   Operation 49 'specinterface' 'specinterface_ln0' <Predicate = true> <Delay = 0.00>
ST_1 : Operation 50 [1/1] (0.00ns)   --->   "%specbitsmap_ln0 = specbitsmap void @_ssdm_op_SpecBitsMap, i32 %TAU3"   --->   Operation 50 'specbitsmap' 'specbitsmap_ln0' <Predicate = true> <Delay = 0.00>
ST_1 : Operation 51 [1/1] (0.00ns)   --->   "%specinterface_ln0 = specinterface void @_ssdm_op_SpecInterface, i32 %WF1, void @empty_5, i32 0, i32 0, void @empty_2, i32 4294967295, i32 0, void @empty_2, void @empty_2, void @empty_2, i32 0, i32 0, i32 0, i32 0, void @empty_2, void @empty_2, i32 4294967295, i32 0, i32 0, i32 0"   --->   Operation 51 'specinterface' 'specinterface_ln0' <Predicate = true> <Delay = 0.00>
ST_1 : Operation 52 [1/1] (0.00ns)   --->   "%specbitsmap_ln0 = specbitsmap void @_ssdm_op_SpecBitsMap, i32 %WF1"   --->   Operation 52 'specbitsmap' 'specbitsmap_ln0' <Predicate = true> <Delay = 0.00>
ST_1 : Operation 53 [1/1] (0.00ns)   --->   "%specinterface_ln0 = specinterface void @_ssdm_op_SpecInterface, i32 %TAUF1, void @empty_5, i32 0, i32 0, void @empty_2, i32 4294967295, i32 0, void @empty_2, void @empty_2, void @empty_2, i32 0, i32 0, i32 0, i32 0, void @empty_2, void @empty_2, i32 4294967295, i32 0, i32 0, i32 0"   --->   Operation 53 'specinterface' 'specinterface_ln0' <Predicate = true> <Delay = 0.00>
ST_1 : Operation 54 [1/1] (0.00ns)   --->   "%specbitsmap_ln0 = specbitsmap void @_ssdm_op_SpecBitsMap, i32 %TAUF1"   --->   Operation 54 'specbitsmap' 'specbitsmap_ln0' <Predicate = true> <Delay = 0.00>
ST_1 : Operation 55 [1/1] (0.00ns)   --->   "%specinterface_ln0 = specinterface void @_ssdm_op_SpecInterface, i32 %WF2, void @empty_5, i32 0, i32 0, void @empty_2, i32 4294967295, i32 0, void @empty_2, void @empty_2, void @empty_2, i32 0, i32 0, i32 0, i32 0, void @empty_2, void @empty_2, i32 4294967295, i32 0, i32 0, i32 0"   --->   Operation 55 'specinterface' 'specinterface_ln0' <Predicate = true> <Delay = 0.00>
ST_1 : Operation 56 [1/1] (0.00ns)   --->   "%specbitsmap_ln0 = specbitsmap void @_ssdm_op_SpecBitsMap, i32 %WF2"   --->   Operation 56 'specbitsmap' 'specbitsmap_ln0' <Predicate = true> <Delay = 0.00>
ST_1 : Operation 57 [1/1] (0.00ns)   --->   "%specinterface_ln0 = specinterface void @_ssdm_op_SpecInterface, i32 %BF2, void @empty_5, i32 0, i32 0, void @empty_2, i32 4294967295, i32 0, void @empty_2, void @empty_2, void @empty_2, i32 0, i32 0, i32 0, i32 0, void @empty_2, void @empty_2, i32 4294967295, i32 0, i32 0, i32 0"   --->   Operation 57 'specinterface' 'specinterface_ln0' <Predicate = true> <Delay = 0.00>
ST_1 : Operation 58 [1/1] (0.00ns)   --->   "%specbitsmap_ln0 = specbitsmap void @_ssdm_op_SpecBitsMap, i32 %BF2"   --->   Operation 58 'specbitsmap' 'specbitsmap_ln0' <Predicate = true> <Delay = 0.00>
ST_1 : Operation 59 [1/1] (0.00ns)   --->   "%specbitsmap_ln0 = specbitsmap void @_ssdm_op_SpecBitsMap, i32 %logit0"   --->   Operation 59 'specbitsmap' 'specbitsmap_ln0' <Predicate = true> <Delay = 0.00>
ST_1 : Operation 60 [1/1] (0.00ns)   --->   "%specinterface_ln0 = specinterface void @_ssdm_op_SpecInterface, i32 %logit0, void @empty_6, i32 0, i32 0, void @empty_2, i32 0, i32 0, void @empty_2, void @empty_2, void @empty_2, i32 0, i32 0, i32 0, i32 0, void @empty_2, void @empty_2, i32 4294967295, i32 0, i32 0, i32 0"   --->   Operation 60 'specinterface' 'specinterface_ln0' <Predicate = true> <Delay = 0.00>
ST_1 : Operation 61 [1/1] (0.00ns)   --->   "%specbitsmap_ln0 = specbitsmap void @_ssdm_op_SpecBitsMap, i32 %logit1"   --->   Operation 61 'specbitsmap' 'specbitsmap_ln0' <Predicate = true> <Delay = 0.00>
ST_1 : Operation 62 [1/1] (0.00ns)   --->   "%specinterface_ln0 = specinterface void @_ssdm_op_SpecInterface, i32 %logit1, void @empty_6, i32 0, i32 0, void @empty_2, i32 0, i32 0, void @empty_2, void @empty_2, void @empty_2, i32 0, i32 0, i32 0, i32 0, void @empty_2, void @empty_2, i32 4294967295, i32 0, i32 0, i32 0"   --->   Operation 62 'specinterface' 'specinterface_ln0' <Predicate = true> <Delay = 0.00>
ST_1 : Operation 63 [1/1] (0.00ns)   --->   "%specbitsmap_ln0 = specbitsmap void @_ssdm_op_SpecBitsMap, i32 %pred_r"   --->   Operation 63 'specbitsmap' 'specbitsmap_ln0' <Predicate = true> <Delay = 0.00>
ST_1 : Operation 64 [1/1] (0.00ns)   --->   "%specinterface_ln0 = specinterface void @_ssdm_op_SpecInterface, i32 %pred_r, void @empty_6, i32 0, i32 0, void @empty_2, i32 0, i32 0, void @empty_2, void @empty_2, void @empty_2, i32 0, i32 0, i32 0, i32 0, void @empty_2, void @empty_2, i32 4294967295, i32 0, i32 0, i32 0"   --->   Operation 64 'specinterface' 'specinterface_ln0' <Predicate = true> <Delay = 0.00>
ST_1 : Operation 65 [1/1] (0.42ns)   --->   "%store_ln49 = store i6 0, i6 %oc" [bnn.cpp:49]   --->   Operation 65 'store' 'store_ln49' <Predicate = true> <Delay = 0.42>
ST_1 : Operation 66 [1/1] (0.00ns)   --->   "%br_ln49 = br void %VITIS_LOOP_50_2" [bnn.cpp:49]   --->   Operation 66 'br' 'br_ln49' <Predicate = true> <Delay = 0.00>

State 2 <SV = 1> <Delay = 1.54>
ST_2 : Operation 67 [1/1] (0.00ns)   --->   "%oc_3 = load i6 %oc" [bnn.cpp:49]   --->   Operation 67 'load' 'oc_3' <Predicate = true> <Delay = 0.00>
ST_2 : Operation 68 [1/1] (0.78ns)   --->   "%icmp_ln49 = icmp_eq  i6 %oc_3, i6 32" [bnn.cpp:49]   --->   Operation 68 'icmp' 'icmp_ln49' <Predicate = true> <Delay = 0.78> <CoreInst = "Cmp">   --->   Core 9 'Cmp' <Latency = 0> <II = 1> <Delay = 0.77> <FuncUnit> <Opcode : 'seteq' 'setne' 'setle' 'setge' 'setlt' 'setgt'> <InPorts = 2> <OutPorts = 1>
ST_2 : Operation 69 [1/1] (0.78ns)   --->   "%add_ln49 = add i6 %oc_3, i6 1" [bnn.cpp:49]   --->   Operation 69 'add' 'add_ln49' <Predicate = true> <Delay = 0.78> <CoreInst = "Adder">   --->   Core 1 'Adder' <Latency = 0> <II = 1> <Delay = 0.78> <FuncUnit> <Opcode : 'add' 'sub'> <InPorts = 2> <OutPorts = 1>
ST_2 : Operation 70 [1/1] (0.00ns)   --->   "%br_ln49 = br i1 %icmp_ln49, void %VITIS_LOOP_50_2.split, void %VITIS_LOOP_79_9.preheader" [bnn.cpp:49]   --->   Operation 70 'br' 'br_ln49' <Predicate = true> <Delay = 0.00>
ST_2 : Operation 71 [1/1] (0.00ns)   --->   "%trunc_ln59 = trunc i6 %oc_3" [bnn.cpp:59]   --->   Operation 71 'trunc' 'trunc_ln59' <Predicate = (!icmp_ln49)> <Delay = 0.00>
ST_2 : Operation 72 [1/1] (0.00ns)   --->   "%zext_ln59_9 = zext i5 %trunc_ln59" [bnn.cpp:59]   --->   Operation 72 'zext' 'zext_ln59_9' <Predicate = (!icmp_ln49)> <Delay = 0.00>
ST_2 : Operation 73 [1/1] (0.00ns)   --->   "%tmp = bitconcatenate i8 @_ssdm_op_BitConcatenate.i8.i5.i3, i5 %trunc_ln59, i3 0" [bnn.cpp:59]   --->   Operation 73 'bitconcatenate' 'tmp' <Predicate = (!icmp_ln49)> <Delay = 0.00>
ST_2 : Operation 74 [1/1] (0.00ns)   --->   "%zext_ln59_10 = zext i8 %tmp" [bnn.cpp:59]   --->   Operation 74 'zext' 'zext_ln59_10' <Predicate = (!icmp_ln49)> <Delay = 0.00>
ST_2 : Operation 75 [1/1] (0.76ns)   --->   "%add_ln59_8 = add i9 %zext_ln59_10, i9 %zext_ln59_9" [bnn.cpp:59]   --->   Operation 75 'add' 'add_ln59_8' <Predicate = (!icmp_ln49)> <Delay = 0.76> <CoreInst = "Adder">   --->   Core 1 'Adder' <Latency = 0> <II = 1> <Delay = 0.77> <FuncUnit> <Opcode : 'add' 'sub'> <InPorts = 2> <OutPorts = 1>
ST_2 : Operation 76 [1/1] (0.00ns)   --->   "%trunc_ln59_1 = trunc i9 %add_ln59_8" [bnn.cpp:59]   --->   Operation 76 'trunc' 'trunc_ln59_1' <Predicate = (!icmp_ln49)> <Delay = 0.00>
ST_2 : Operation 77 [1/1] (0.00ns)   --->   "%lshr_ln = partselect i4 @_ssdm_op_PartSelect.i4.i9.i32.i32, i9 %add_ln59_8, i32 5, i32 8" [bnn.cpp:59]   --->   Operation 77 'partselect' 'lshr_ln' <Predicate = (!icmp_ln49)> <Delay = 0.00>
ST_2 : Operation 78 [1/1] (0.77ns)   --->   "%add_ln59_3 = add i9 %add_ln59_8, i9 4" [bnn.cpp:59]   --->   Operation 78 'add' 'add_ln59_3' <Predicate = (!icmp_ln49)> <Delay = 0.77> <CoreInst = "Adder">   --->   Core 1 'Adder' <Latency = 0> <II = 1> <Delay = 0.77> <FuncUnit> <Opcode : 'add' 'sub'> <InPorts = 2> <OutPorts = 1>
ST_2 : Operation 79 [1/1] (0.00ns)   --->   "%trunc_ln59_5 = trunc i9 %add_ln59_3" [bnn.cpp:59]   --->   Operation 79 'trunc' 'trunc_ln59_5' <Predicate = (!icmp_ln49)> <Delay = 0.00>
ST_2 : Operation 80 [1/1] (0.00ns)   --->   "%lshr_ln59_4 = partselect i4 @_ssdm_op_PartSelect.i4.i9.i32.i32, i9 %add_ln59_3, i32 5, i32 8" [bnn.cpp:59]   --->   Operation 80 'partselect' 'lshr_ln59_4' <Predicate = (!icmp_ln49)> <Delay = 0.00>
ST_2 : Operation 81 [1/1] (0.00ns)   --->   "%zext_ln59_4 = zext i4 %lshr_ln59_4" [bnn.cpp:59]   --->   Operation 81 'zext' 'zext_ln59_4' <Predicate = (!icmp_ln49)> <Delay = 0.00>
ST_2 : Operation 82 [1/1] (0.00ns)   --->   "%W1_addr = getelementptr i32 %W1, i64 0, i64 %zext_ln59_4" [bnn.cpp:59]   --->   Operation 82 'getelementptr' 'W1_addr' <Predicate = (!icmp_ln49)> <Delay = 0.00>
ST_2 : Operation 83 [2/2] (0.00ns)   --->   "%W1_load = load i4 %W1_addr" [bnn.cpp:59]   --->   Operation 83 'load' 'W1_load' <Predicate = (!icmp_ln49)> <Delay = 0.00> <CoreInst = "RAM">   --->   Core 82 'RAM' <Latency = 1> <II = 1> <Delay = 0.67> <Storage> <Opcode : 'load' 'store'> <Ports = 2> <Width = 32> <Depth = 9> <RAM>
ST_2 : Operation 84 [1/1] (0.42ns)   --->   "%store_ln49 = store i6 %add_ln49, i6 %oc" [bnn.cpp:49]   --->   Operation 84 'store' 'store_ln49' <Predicate = (!icmp_ln49)> <Delay = 0.42>
ST_2 : Operation 85 [1/1] (0.00ns)   --->   "%oc_1 = alloca i32 1" [bnn.cpp:78]   --->   Operation 85 'alloca' 'oc_1' <Predicate = (icmp_ln49)> <Delay = 0.00>
ST_2 : Operation 86 [1/1] (0.42ns)   --->   "%store_ln78 = store i7 0, i7 %oc_1" [bnn.cpp:78]   --->   Operation 86 'store' 'store_ln78' <Predicate = (icmp_ln49)> <Delay = 0.42>
ST_2 : Operation 87 [1/1] (0.00ns)   --->   "%br_ln78 = br void %VITIS_LOOP_79_9" [bnn.cpp:78]   --->   Operation 87 'br' 'br_ln78' <Predicate = (icmp_ln49)> <Delay = 0.00>

State 3 <SV = 2> <Delay = 0.77>
ST_3 : Operation 88 [1/1] (0.00ns)   --->   "%zext_ln59 = zext i4 %lshr_ln" [bnn.cpp:59]   --->   Operation 88 'zext' 'zext_ln59' <Predicate = true> <Delay = 0.00>
ST_3 : Operation 89 [1/1] (0.77ns)   --->   "%add_ln59 = add i9 %add_ln59_8, i9 1" [bnn.cpp:59]   --->   Operation 89 'add' 'add_ln59' <Predicate = true> <Delay = 0.77> <CoreInst = "Adder">   --->   Core 1 'Adder' <Latency = 0> <II = 1> <Delay = 0.77> <FuncUnit> <Opcode : 'add' 'sub'> <InPorts = 2> <OutPorts = 1>
ST_3 : Operation 90 [1/1] (0.00ns)   --->   "%trunc_ln59_2 = trunc i9 %add_ln59" [bnn.cpp:59]   --->   Operation 90 'trunc' 'trunc_ln59_2' <Predicate = true> <Delay = 0.00>
ST_3 : Operation 91 [1/1] (0.00ns)   --->   "%lshr_ln59_1 = partselect i4 @_ssdm_op_PartSelect.i4.i9.i32.i32, i9 %add_ln59, i32 5, i32 8" [bnn.cpp:59]   --->   Operation 91 'partselect' 'lshr_ln59_1' <Predicate = true> <Delay = 0.00>
ST_3 : Operation 92 [1/1] (0.00ns)   --->   "%zext_ln59_1 = zext i4 %lshr_ln59_1" [bnn.cpp:59]   --->   Operation 92 'zext' 'zext_ln59_1' <Predicate = true> <Delay = 0.00>
ST_3 : Operation 93 [1/2] ( I:0.00ns O:0.00ns )   --->   "%W1_load = load i4 %W1_addr" [bnn.cpp:59]   --->   Operation 93 'load' 'W1_load' <Predicate = true> <Delay = 0.00> <CoreInst = "RAM">   --->   Core 82 'RAM' <Latency = 1> <II = 1> <Delay = 0.67> <Storage> <Opcode : 'load' 'store'> <Ports = 2> <Width = 32> <Depth = 9> <RAM>
ST_3 : Operation 94 [1/1] (0.57ns)   --->   "%cmp38_1_1 = bitselect i1 @_ssdm_op_BitSelect.i1.i32.i5, i32 %W1_load, i5 %trunc_ln59_5" [bnn.cpp:59]   --->   Operation 94 'bitselect' 'cmp38_1_1' <Predicate = true> <Delay = 0.57> <CoreInst = "BitSelector">   --->   Core 153 'BitSelector' <Latency = 0> <II = 1> <Delay = 0.57> <FuncUnit> <Opcode : 'bitselect'> <InPorts = 2> <OutPorts = 1>
ST_3 : Operation 95 [1/1] (0.00ns)   --->   "%W1_addr_1 = getelementptr i32 %W1, i64 0, i64 %zext_ln59" [bnn.cpp:59]   --->   Operation 95 'getelementptr' 'W1_addr_1' <Predicate = true> <Delay = 0.00>
ST_3 : Operation 96 [1/1] (0.00ns)   --->   "%W1_addr_2 = getelementptr i32 %W1, i64 0, i64 %zext_ln59_1" [bnn.cpp:59]   --->   Operation 96 'getelementptr' 'W1_addr_2' <Predicate = true> <Delay = 0.00>
ST_3 : Operation 97 [2/2] (0.00ns)   --->   "%W1_load_1 = load i4 %W1_addr_1" [bnn.cpp:59]   --->   Operation 97 'load' 'W1_load_1' <Predicate = true> <Delay = 0.00> <CoreInst = "RAM">   --->   Core 82 'RAM' <Latency = 1> <II = 1> <Delay = 0.67> <Storage> <Opcode : 'load' 'store'> <Ports = 2> <Width = 32> <Depth = 9> <RAM>
ST_3 : Operation 98 [2/2] (0.00ns)   --->   "%W1_load_2 = load i4 %W1_addr_2" [bnn.cpp:59]   --->   Operation 98 'load' 'W1_load_2' <Predicate = true> <Delay = 0.00> <CoreInst = "RAM">   --->   Core 82 'RAM' <Latency = 1> <II = 1> <Delay = 0.67> <Storage> <Opcode : 'load' 'store'> <Ports = 2> <Width = 32> <Depth = 9> <RAM>

State 4 <SV = 3> <Delay = 0.77>
ST_4 : Operation 99 [1/1] (0.77ns)   --->   "%add_ln59_1 = add i9 %add_ln59_8, i9 2" [bnn.cpp:59]   --->   Operation 99 'add' 'add_ln59_1' <Predicate = true> <Delay = 0.77> <CoreInst = "Adder">   --->   Core 1 'Adder' <Latency = 0> <II = 1> <Delay = 0.77> <FuncUnit> <Opcode : 'add' 'sub'> <InPorts = 2> <OutPorts = 1>
ST_4 : Operation 100 [1/1] (0.00ns)   --->   "%trunc_ln59_3 = trunc i9 %add_ln59_1" [bnn.cpp:59]   --->   Operation 100 'trunc' 'trunc_ln59_3' <Predicate = true> <Delay = 0.00>
ST_4 : Operation 101 [1/1] (0.00ns)   --->   "%lshr_ln59_2 = partselect i4 @_ssdm_op_PartSelect.i4.i9.i32.i32, i9 %add_ln59_1, i32 5, i32 8" [bnn.cpp:59]   --->   Operation 101 'partselect' 'lshr_ln59_2' <Predicate = true> <Delay = 0.00>
ST_4 : Operation 102 [1/1] (0.00ns)   --->   "%zext_ln59_2 = zext i4 %lshr_ln59_2" [bnn.cpp:59]   --->   Operation 102 'zext' 'zext_ln59_2' <Predicate = true> <Delay = 0.00>
ST_4 : Operation 103 [1/1] (0.77ns)   --->   "%add_ln59_2 = add i9 %add_ln59_8, i9 3" [bnn.cpp:59]   --->   Operation 103 'add' 'add_ln59_2' <Predicate = true> <Delay = 0.77> <CoreInst = "Adder">   --->   Core 1 'Adder' <Latency = 0> <II = 1> <Delay = 0.77> <FuncUnit> <Opcode : 'add' 'sub'> <InPorts = 2> <OutPorts = 1>
ST_4 : Operation 104 [1/1] (0.00ns)   --->   "%trunc_ln59_4 = trunc i9 %add_ln59_2" [bnn.cpp:59]   --->   Operation 104 'trunc' 'trunc_ln59_4' <Predicate = true> <Delay = 0.00>
ST_4 : Operation 105 [1/1] (0.00ns)   --->   "%lshr_ln59_3 = partselect i4 @_ssdm_op_PartSelect.i4.i9.i32.i32, i9 %add_ln59_2, i32 5, i32 8" [bnn.cpp:59]   --->   Operation 105 'partselect' 'lshr_ln59_3' <Predicate = true> <Delay = 0.00>
ST_4 : Operation 106 [1/1] (0.00ns)   --->   "%zext_ln59_3 = zext i4 %lshr_ln59_3" [bnn.cpp:59]   --->   Operation 106 'zext' 'zext_ln59_3' <Predicate = true> <Delay = 0.00>
ST_4 : Operation 107 [1/1] (0.00ns)   --->   "%W1_addr_3 = getelementptr i32 %W1, i64 0, i64 %zext_ln59_2" [bnn.cpp:59]   --->   Operation 107 'getelementptr' 'W1_addr_3' <Predicate = true> <Delay = 0.00>
ST_4 : Operation 108 [1/1] (0.00ns)   --->   "%W1_addr_4 = getelementptr i32 %W1, i64 0, i64 %zext_ln59_3" [bnn.cpp:59]   --->   Operation 108 'getelementptr' 'W1_addr_4' <Predicate = true> <Delay = 0.00>
ST_4 : Operation 109 [1/2] ( I:0.00ns O:0.00ns )   --->   "%W1_load_1 = load i4 %W1_addr_1" [bnn.cpp:59]   --->   Operation 109 'load' 'W1_load_1' <Predicate = true> <Delay = 0.00> <CoreInst = "RAM">   --->   Core 82 'RAM' <Latency = 1> <II = 1> <Delay = 0.67> <Storage> <Opcode : 'load' 'store'> <Ports = 2> <Width = 32> <Depth = 9> <RAM>
ST_4 : Operation 110 [1/2] ( I:0.00ns O:0.00ns )   --->   "%W1_load_2 = load i4 %W1_addr_2" [bnn.cpp:59]   --->   Operation 110 'load' 'W1_load_2' <Predicate = true> <Delay = 0.00> <CoreInst = "RAM">   --->   Core 82 'RAM' <Latency = 1> <II = 1> <Delay = 0.67> <Storage> <Opcode : 'load' 'store'> <Ports = 2> <Width = 32> <Depth = 9> <RAM>
ST_4 : Operation 111 [2/2] (0.00ns)   --->   "%W1_load_3 = load i4 %W1_addr_3" [bnn.cpp:59]   --->   Operation 111 'load' 'W1_load_3' <Predicate = true> <Delay = 0.00> <CoreInst = "RAM">   --->   Core 82 'RAM' <Latency = 1> <II = 1> <Delay = 0.67> <Storage> <Opcode : 'load' 'store'> <Ports = 2> <Width = 32> <Depth = 9> <RAM>
ST_4 : Operation 112 [2/2] (0.00ns)   --->   "%W1_load_4 = load i4 %W1_addr_4" [bnn.cpp:59]   --->   Operation 112 'load' 'W1_load_4' <Predicate = true> <Delay = 0.00> <CoreInst = "RAM">   --->   Core 82 'RAM' <Latency = 1> <II = 1> <Delay = 0.67> <Storage> <Opcode : 'load' 'store'> <Ports = 2> <Width = 32> <Depth = 9> <RAM>

State 5 <SV = 4> <Delay = 0.77>
ST_5 : Operation 113 [1/1] (0.77ns)   --->   "%add_ln59_4 = add i9 %add_ln59_8, i9 5" [bnn.cpp:59]   --->   Operation 113 'add' 'add_ln59_4' <Predicate = true> <Delay = 0.77> <CoreInst = "Adder">   --->   Core 1 'Adder' <Latency = 0> <II = 1> <Delay = 0.77> <FuncUnit> <Opcode : 'add' 'sub'> <InPorts = 2> <OutPorts = 1>
ST_5 : Operation 114 [1/1] (0.00ns)   --->   "%trunc_ln59_6 = trunc i9 %add_ln59_4" [bnn.cpp:59]   --->   Operation 114 'trunc' 'trunc_ln59_6' <Predicate = true> <Delay = 0.00>
ST_5 : Operation 115 [1/1] (0.00ns)   --->   "%lshr_ln59_5 = partselect i4 @_ssdm_op_PartSelect.i4.i9.i32.i32, i9 %add_ln59_4, i32 5, i32 8" [bnn.cpp:59]   --->   Operation 115 'partselect' 'lshr_ln59_5' <Predicate = true> <Delay = 0.00>
ST_5 : Operation 116 [1/1] (0.00ns)   --->   "%zext_ln59_5 = zext i4 %lshr_ln59_5" [bnn.cpp:59]   --->   Operation 116 'zext' 'zext_ln59_5' <Predicate = true> <Delay = 0.00>
ST_5 : Operation 117 [1/1] (0.77ns)   --->   "%add_ln59_5 = add i9 %add_ln59_8, i9 6" [bnn.cpp:59]   --->   Operation 117 'add' 'add_ln59_5' <Predicate = true> <Delay = 0.77> <CoreInst = "Adder">   --->   Core 1 'Adder' <Latency = 0> <II = 1> <Delay = 0.77> <FuncUnit> <Opcode : 'add' 'sub'> <InPorts = 2> <OutPorts = 1>
ST_5 : Operation 118 [1/1] (0.00ns)   --->   "%trunc_ln59_7 = trunc i9 %add_ln59_5" [bnn.cpp:59]   --->   Operation 118 'trunc' 'trunc_ln59_7' <Predicate = true> <Delay = 0.00>
ST_5 : Operation 119 [1/1] (0.00ns)   --->   "%lshr_ln59_6 = partselect i4 @_ssdm_op_PartSelect.i4.i9.i32.i32, i9 %add_ln59_5, i32 5, i32 8" [bnn.cpp:59]   --->   Operation 119 'partselect' 'lshr_ln59_6' <Predicate = true> <Delay = 0.00>
ST_5 : Operation 120 [1/1] (0.00ns)   --->   "%zext_ln59_6 = zext i4 %lshr_ln59_6" [bnn.cpp:59]   --->   Operation 120 'zext' 'zext_ln59_6' <Predicate = true> <Delay = 0.00>
ST_5 : Operation 121 [1/1] (0.00ns)   --->   "%W1_addr_5 = getelementptr i32 %W1, i64 0, i64 %zext_ln59_5" [bnn.cpp:59]   --->   Operation 121 'getelementptr' 'W1_addr_5' <Predicate = true> <Delay = 0.00>
ST_5 : Operation 122 [1/1] (0.00ns)   --->   "%W1_addr_6 = getelementptr i32 %W1, i64 0, i64 %zext_ln59_6" [bnn.cpp:59]   --->   Operation 122 'getelementptr' 'W1_addr_6' <Predicate = true> <Delay = 0.00>
ST_5 : Operation 123 [1/2] ( I:0.00ns O:0.00ns )   --->   "%W1_load_3 = load i4 %W1_addr_3" [bnn.cpp:59]   --->   Operation 123 'load' 'W1_load_3' <Predicate = true> <Delay = 0.00> <CoreInst = "RAM">   --->   Core 82 'RAM' <Latency = 1> <II = 1> <Delay = 0.67> <Storage> <Opcode : 'load' 'store'> <Ports = 2> <Width = 32> <Depth = 9> <RAM>
ST_5 : Operation 124 [1/2] ( I:0.00ns O:0.00ns )   --->   "%W1_load_4 = load i4 %W1_addr_4" [bnn.cpp:59]   --->   Operation 124 'load' 'W1_load_4' <Predicate = true> <Delay = 0.00> <CoreInst = "RAM">   --->   Core 82 'RAM' <Latency = 1> <II = 1> <Delay = 0.67> <Storage> <Opcode : 'load' 'store'> <Ports = 2> <Width = 32> <Depth = 9> <RAM>
ST_5 : Operation 125 [2/2] (0.00ns)   --->   "%W1_load_5 = load i4 %W1_addr_5" [bnn.cpp:59]   --->   Operation 125 'load' 'W1_load_5' <Predicate = true> <Delay = 0.00> <CoreInst = "RAM">   --->   Core 82 'RAM' <Latency = 1> <II = 1> <Delay = 0.67> <Storage> <Opcode : 'load' 'store'> <Ports = 2> <Width = 32> <Depth = 9> <RAM>
ST_5 : Operation 126 [2/2] (0.00ns)   --->   "%W1_load_6 = load i4 %W1_addr_6" [bnn.cpp:59]   --->   Operation 126 'load' 'W1_load_6' <Predicate = true> <Delay = 0.00> <CoreInst = "RAM">   --->   Core 82 'RAM' <Latency = 1> <II = 1> <Delay = 0.67> <Storage> <Opcode : 'load' 'store'> <Ports = 2> <Width = 32> <Depth = 9> <RAM>

State 6 <SV = 5> <Delay = 0.77>
ST_6 : Operation 127 [1/1] (0.77ns)   --->   "%add_ln59_6 = add i9 %add_ln59_8, i9 7" [bnn.cpp:59]   --->   Operation 127 'add' 'add_ln59_6' <Predicate = true> <Delay = 0.77> <CoreInst = "Adder">   --->   Core 1 'Adder' <Latency = 0> <II = 1> <Delay = 0.77> <FuncUnit> <Opcode : 'add' 'sub'> <InPorts = 2> <OutPorts = 1>
ST_6 : Operation 128 [1/1] (0.00ns)   --->   "%trunc_ln59_8 = trunc i9 %add_ln59_6" [bnn.cpp:59]   --->   Operation 128 'trunc' 'trunc_ln59_8' <Predicate = true> <Delay = 0.00>
ST_6 : Operation 129 [1/1] (0.00ns)   --->   "%lshr_ln59_7 = partselect i4 @_ssdm_op_PartSelect.i4.i9.i32.i32, i9 %add_ln59_6, i32 5, i32 8" [bnn.cpp:59]   --->   Operation 129 'partselect' 'lshr_ln59_7' <Predicate = true> <Delay = 0.00>
ST_6 : Operation 130 [1/1] (0.00ns)   --->   "%zext_ln59_7 = zext i4 %lshr_ln59_7" [bnn.cpp:59]   --->   Operation 130 'zext' 'zext_ln59_7' <Predicate = true> <Delay = 0.00>
ST_6 : Operation 131 [1/1] (0.77ns)   --->   "%add_ln59_7 = add i9 %add_ln59_8, i9 8" [bnn.cpp:59]   --->   Operation 131 'add' 'add_ln59_7' <Predicate = true> <Delay = 0.77> <CoreInst = "Adder">   --->   Core 1 'Adder' <Latency = 0> <II = 1> <Delay = 0.77> <FuncUnit> <Opcode : 'add' 'sub'> <InPorts = 2> <OutPorts = 1>
ST_6 : Operation 132 [1/1] (0.00ns)   --->   "%trunc_ln59_9 = trunc i9 %add_ln59_7" [bnn.cpp:59]   --->   Operation 132 'trunc' 'trunc_ln59_9' <Predicate = true> <Delay = 0.00>
ST_6 : Operation 133 [1/1] (0.00ns)   --->   "%lshr_ln59_8 = partselect i4 @_ssdm_op_PartSelect.i4.i9.i32.i32, i9 %add_ln59_7, i32 5, i32 8" [bnn.cpp:59]   --->   Operation 133 'partselect' 'lshr_ln59_8' <Predicate = true> <Delay = 0.00>
ST_6 : Operation 134 [1/1] (0.00ns)   --->   "%zext_ln59_8 = zext i4 %lshr_ln59_8" [bnn.cpp:59]   --->   Operation 134 'zext' 'zext_ln59_8' <Predicate = true> <Delay = 0.00>
ST_6 : Operation 135 [1/1] (0.00ns)   --->   "%W1_addr_7 = getelementptr i32 %W1, i64 0, i64 %zext_ln59_7" [bnn.cpp:59]   --->   Operation 135 'getelementptr' 'W1_addr_7' <Predicate = true> <Delay = 0.00>
ST_6 : Operation 136 [1/1] (0.00ns)   --->   "%W1_addr_8 = getelementptr i32 %W1, i64 0, i64 %zext_ln59_8" [bnn.cpp:59]   --->   Operation 136 'getelementptr' 'W1_addr_8' <Predicate = true> <Delay = 0.00>
ST_6 : Operation 137 [1/2] ( I:0.00ns O:0.00ns )   --->   "%W1_load_5 = load i4 %W1_addr_5" [bnn.cpp:59]   --->   Operation 137 'load' 'W1_load_5' <Predicate = true> <Delay = 0.00> <CoreInst = "RAM">   --->   Core 82 'RAM' <Latency = 1> <II = 1> <Delay = 0.67> <Storage> <Opcode : 'load' 'store'> <Ports = 2> <Width = 32> <Depth = 9> <RAM>
ST_6 : Operation 138 [1/2] ( I:0.00ns O:0.00ns )   --->   "%W1_load_6 = load i4 %W1_addr_6" [bnn.cpp:59]   --->   Operation 138 'load' 'W1_load_6' <Predicate = true> <Delay = 0.00> <CoreInst = "RAM">   --->   Core 82 'RAM' <Latency = 1> <II = 1> <Delay = 0.67> <Storage> <Opcode : 'load' 'store'> <Ports = 2> <Width = 32> <Depth = 9> <RAM>
ST_6 : Operation 139 [2/2] (0.00ns)   --->   "%W1_load_7 = load i4 %W1_addr_7" [bnn.cpp:59]   --->   Operation 139 'load' 'W1_load_7' <Predicate = true> <Delay = 0.00> <CoreInst = "RAM">   --->   Core 82 'RAM' <Latency = 1> <II = 1> <Delay = 0.67> <Storage> <Opcode : 'load' 'store'> <Ports = 2> <Width = 32> <Depth = 9> <RAM>
ST_6 : Operation 140 [2/2] (0.00ns)   --->   "%W1_load_8 = load i4 %W1_addr_8" [bnn.cpp:59]   --->   Operation 140 'load' 'W1_load_8' <Predicate = true> <Delay = 0.00> <CoreInst = "RAM">   --->   Core 82 'RAM' <Latency = 1> <II = 1> <Delay = 0.67> <Storage> <Opcode : 'load' 'store'> <Ports = 2> <Width = 32> <Depth = 9> <RAM>

State 7 <SV = 6> <Delay = 0.57>
ST_7 : Operation 141 [1/2] ( I:0.00ns O:0.00ns )   --->   "%W1_load_7 = load i4 %W1_addr_7" [bnn.cpp:59]   --->   Operation 141 'load' 'W1_load_7' <Predicate = true> <Delay = 0.00> <CoreInst = "RAM">   --->   Core 82 'RAM' <Latency = 1> <II = 1> <Delay = 0.67> <Storage> <Opcode : 'load' 'store'> <Ports = 2> <Width = 32> <Depth = 9> <RAM>
ST_7 : Operation 142 [1/2] ( I:0.00ns O:0.00ns )   --->   "%W1_load_8 = load i4 %W1_addr_8" [bnn.cpp:59]   --->   Operation 142 'load' 'W1_load_8' <Predicate = true> <Delay = 0.00> <CoreInst = "RAM">   --->   Core 82 'RAM' <Latency = 1> <II = 1> <Delay = 0.67> <Storage> <Opcode : 'load' 'store'> <Ports = 2> <Width = 32> <Depth = 9> <RAM>
ST_7 : Operation 143 [2/2] (0.57ns)   --->   "%call_ln59 = call void @bnn_top_Pipeline_VITIS_LOOP_50_2_VITIS_LOOP_51_3, i32 %img_0, i32 %img_1, i32 %img_2, i32 %img_3, i32 %W1_load_1, i5 %trunc_ln59_1, i32 %W1_load_2, i5 %trunc_ln59_2, i32 %W1_load_3, i5 %trunc_ln59_3, i32 %W1_load_4, i5 %trunc_ln59_4, i1 %cmp38_1_1, i32 %W1_load_5, i5 %trunc_ln59_6, i32 %W1_load_6, i5 %trunc_ln59_7, i32 %W1_load_7, i5 %trunc_ln59_8, i32 %W1_load_8, i5 %trunc_ln59_9, i32 %bnn_top_int_const_unsigned_int_const_int_const_unsigned_int_const_int_co_4, i32 %bnn_top_int_const_unsigned_int_const_int_const_unsigned_int_const_int_co_3, i32 %bnn_top_int_const_unsigned_int_const_int_const_unsigned_int_const_int_co_2, i32 %bnn_top_int_const_unsigned_int_const_int_const_unsigned_int_const_int_co_1, i32 %bnn_top_int_const_unsigned_int_const_int_const_unsigned_int_const_int_co" [bnn.cpp:59]   --->   Operation 143 'call' 'call_ln59' <Predicate = true> <Delay = 0.57> <CoreType = "Generic">   --->   Generic Core

State 8 <SV = 7> <Delay = 0.00>
ST_8 : Operation 144 [1/1] (0.00ns)   --->   "%zext_ln49 = zext i6 %oc_3" [bnn.cpp:49]   --->   Operation 144 'zext' 'zext_ln49' <Predicate = true> <Delay = 0.00>
ST_8 : Operation 145 [1/2] (0.00ns)   --->   "%call_ln59 = call void @bnn_top_Pipeline_VITIS_LOOP_50_2_VITIS_LOOP_51_3, i32 %img_0, i32 %img_1, i32 %img_2, i32 %img_3, i32 %W1_load_1, i5 %trunc_ln59_1, i32 %W1_load_2, i5 %trunc_ln59_2, i32 %W1_load_3, i5 %trunc_ln59_3, i32 %W1_load_4, i5 %trunc_ln59_4, i1 %cmp38_1_1, i32 %W1_load_5, i5 %trunc_ln59_6, i32 %W1_load_6, i5 %trunc_ln59_7, i32 %W1_load_7, i5 %trunc_ln59_8, i32 %W1_load_8, i5 %trunc_ln59_9, i32 %bnn_top_int_const_unsigned_int_const_int_const_unsigned_int_const_int_co_4, i32 %bnn_top_int_const_unsigned_int_const_int_const_unsigned_int_const_int_co_3, i32 %bnn_top_int_const_unsigned_int_const_int_const_unsigned_int_const_int_co_2, i32 %bnn_top_int_const_unsigned_int_const_int_const_unsigned_int_const_int_co_1, i32 %bnn_top_int_const_unsigned_int_const_int_const_unsigned_int_const_int_co" [bnn.cpp:59]   --->   Operation 145 'call' 'call_ln59' <Predicate = true> <Delay = 0.00> <CoreType = "Generic">   --->   Generic Core
ST_8 : Operation 146 [1/1] (0.00ns)   --->   "%TAU1_addr = getelementptr i32 %TAU1, i64 0, i64 %zext_ln49" [bnn.cpp:73]   --->   Operation 146 'getelementptr' 'TAU1_addr' <Predicate = true> <Delay = 0.00>
ST_8 : Operation 147 [2/2] (0.00ns)   --->   "%TAU1_load = load i5 %TAU1_addr" [bnn.cpp:73]   --->   Operation 147 'load' 'TAU1_load' <Predicate = true> <Delay = 0.00> <CoreInst = "RAM">   --->   Core 82 'RAM' <Latency = 1> <II = 1> <Delay = 1.23> <Storage> <Opcode : 'load' 'store'> <Ports = 2> <Width = 32> <Depth = 32> <RAM>

State 9 <SV = 8> <Delay = 0.00>
ST_9 : Operation 148 [1/2] ( I:0.00ns O:0.00ns )   --->   "%TAU1_load = load i5 %TAU1_addr" [bnn.cpp:73]   --->   Operation 148 'load' 'TAU1_load' <Predicate = true> <Delay = 0.00> <CoreInst = "RAM">   --->   Core 82 'RAM' <Latency = 1> <II = 1> <Delay = 1.23> <Storage> <Opcode : 'load' 'store'> <Ports = 2> <Width = 32> <Depth = 32> <RAM>
ST_9 : Operation 149 [2/2] (0.00ns)   --->   "%call_ln73 = call void @bnn_top_Pipeline_VITIS_LOOP_65_6_VITIS_LOOP_66_7, i32 %TAU1_load, i5 %trunc_ln59, i1 %bnn_top_int_const_unsigned_int_const_int_const_unsigned_int_const_int_co_20, i32 %bnn_top_int_const_unsigned_int_const_int_const_unsigned_int_const_int_co_4, i32 %bnn_top_int_const_unsigned_int_const_int_const_unsigned_int_const_int_co_3, i32 %bnn_top_int_const_unsigned_int_const_int_const_unsigned_int_const_int_co_2, i32 %bnn_top_int_const_unsigned_int_const_int_const_unsigned_int_const_int_co_1, i32 %bnn_top_int_const_unsigned_int_const_int_const_unsigned_int_const_int_co, i1 %bnn_top_int_const_unsigned_int_const_int_const_unsigned_int_const_int_co_19, i1 %bnn_top_int_const_unsigned_int_const_int_const_unsigned_int_const_int_co_18, i1 %bnn_top_int_const_unsigned_int_const_int_const_unsigned_int_const_int_co_17, i1 %bnn_top_int_const_unsigned_int_const_int_const_unsigned_int_const_int_co_16, i1 %bnn_top_int_const_unsigned_int_const_int_const_unsigned_int_const_int_co_15, i1 %bnn_top_int_const_unsigned_int_const_int_const_unsigned_int_const_int_co_14, i1 %bnn_top_int_const_unsigned_int_const_int_const_unsigned_int_const_int_co_13" [bnn.cpp:73]   --->   Operation 149 'call' 'call_ln73' <Predicate = true> <Delay = 0.00> <CoreType = "Generic">   --->   Generic Core

State 10 <SV = 9> <Delay = 0.00>
ST_10 : Operation 150 [1/1] (0.00ns)   --->   "%speclooptripcount_ln49 = speclooptripcount void @_ssdm_op_SpecLoopTripCount, i64 32, i64 32, i64 32" [bnn.cpp:49]   --->   Operation 150 'speclooptripcount' 'speclooptripcount_ln49' <Predicate = true> <Delay = 0.00>
ST_10 : Operation 151 [1/1] (0.00ns)   --->   "%specloopname_ln49 = specloopname void @_ssdm_op_SpecLoopName, void @empty_4" [bnn.cpp:49]   --->   Operation 151 'specloopname' 'specloopname_ln49' <Predicate = true> <Delay = 0.00>
ST_10 : Operation 152 [1/2] (0.00ns)   --->   "%call_ln73 = call void @bnn_top_Pipeline_VITIS_LOOP_65_6_VITIS_LOOP_66_7, i32 %TAU1_load, i5 %trunc_ln59, i1 %bnn_top_int_const_unsigned_int_const_int_const_unsigned_int_const_int_co_20, i32 %bnn_top_int_const_unsigned_int_const_int_const_unsigned_int_const_int_co_4, i32 %bnn_top_int_const_unsigned_int_const_int_const_unsigned_int_const_int_co_3, i32 %bnn_top_int_const_unsigned_int_const_int_const_unsigned_int_const_int_co_2, i32 %bnn_top_int_const_unsigned_int_const_int_const_unsigned_int_const_int_co_1, i32 %bnn_top_int_const_unsigned_int_const_int_const_unsigned_int_const_int_co, i1 %bnn_top_int_const_unsigned_int_const_int_const_unsigned_int_const_int_co_19, i1 %bnn_top_int_const_unsigned_int_const_int_const_unsigned_int_const_int_co_18, i1 %bnn_top_int_const_unsigned_int_const_int_const_unsigned_int_const_int_co_17, i1 %bnn_top_int_const_unsigned_int_const_int_const_unsigned_int_const_int_co_16, i1 %bnn_top_int_const_unsigned_int_const_int_const_unsigned_int_const_int_co_15, i1 %bnn_top_int_const_unsigned_int_const_int_const_unsigned_int_const_int_co_14, i1 %bnn_top_int_const_unsigned_int_const_int_const_unsigned_int_const_int_co_13" [bnn.cpp:73]   --->   Operation 152 'call' 'call_ln73' <Predicate = true> <Delay = 0.00> <CoreType = "Generic">   --->   Generic Core
ST_10 : Operation 153 [1/1] (0.00ns)   --->   "%br_ln49 = br void %VITIS_LOOP_50_2" [bnn.cpp:49]   --->   Operation 153 'br' 'br_ln49' <Predicate = true> <Delay = 0.00>

State 11 <SV = 2> <Delay = 1.20>
ST_11 : Operation 154 [1/1] (0.00ns)   --->   "%oc_4 = load i7 %oc_1" [bnn.cpp:78]   --->   Operation 154 'load' 'oc_4' <Predicate = true> <Delay = 0.00>
ST_11 : Operation 155 [1/1] (0.77ns)   --->   "%icmp_ln78 = icmp_eq  i7 %oc_4, i7 64" [bnn.cpp:78]   --->   Operation 155 'icmp' 'icmp_ln78' <Predicate = true> <Delay = 0.77> <CoreInst = "Cmp">   --->   Core 9 'Cmp' <Latency = 0> <II = 1> <Delay = 0.76> <FuncUnit> <Opcode : 'seteq' 'setne' 'setle' 'setge' 'setlt' 'setgt'> <InPorts = 2> <OutPorts = 1>
ST_11 : Operation 156 [1/1] (0.77ns)   --->   "%add_ln78 = add i7 %oc_4, i7 1" [bnn.cpp:78]   --->   Operation 156 'add' 'add_ln78' <Predicate = true> <Delay = 0.77> <CoreInst = "Adder">   --->   Core 1 'Adder' <Latency = 0> <II = 1> <Delay = 0.77> <FuncUnit> <Opcode : 'add' 'sub'> <InPorts = 2> <OutPorts = 1>
ST_11 : Operation 157 [1/1] (0.00ns)   --->   "%br_ln78 = br i1 %icmp_ln78, void %VITIS_LOOP_79_9.split, void %VITIS_LOOP_110_17.preheader" [bnn.cpp:78]   --->   Operation 157 'br' 'br_ln78' <Predicate = true> <Delay = 0.00>
ST_11 : Operation 158 [1/1] (0.00ns)   --->   "%p_shl3 = bitconcatenate i15 @_ssdm_op_BitConcatenate.i15.i7.i8, i7 %oc_4, i8 0" [bnn.cpp:79]   --->   Operation 158 'bitconcatenate' 'p_shl3' <Predicate = (!icmp_ln78)> <Delay = 0.00>
ST_11 : Operation 159 [1/1] (0.00ns)   --->   "%tmp_75 = bitconcatenate i12 @_ssdm_op_BitConcatenate.i12.i7.i5, i7 %oc_4, i5 0" [bnn.cpp:79]   --->   Operation 159 'bitconcatenate' 'tmp_75' <Predicate = (!icmp_ln78)> <Delay = 0.00>
ST_11 : Operation 160 [1/1] (0.00ns)   --->   "%zext_ln79 = zext i12 %tmp_75" [bnn.cpp:79]   --->   Operation 160 'zext' 'zext_ln79' <Predicate = (!icmp_ln78)> <Delay = 0.00>
ST_11 : Operation 161 [1/1] (0.84ns)   --->   "%add_ln79 = add i15 %p_shl3, i15 %zext_ln79" [bnn.cpp:79]   --->   Operation 161 'add' 'add_ln79' <Predicate = (!icmp_ln78)> <Delay = 0.84> <CoreInst = "Adder">   --->   Core 1 'Adder' <Latency = 0> <II = 1> <Delay = 0.84> <FuncUnit> <Opcode : 'add' 'sub'> <InPorts = 2> <OutPorts = 1>
ST_11 : Operation 162 [2/2] (0.00ns)   --->   "%call_ln79 = call void @bnn_top_Pipeline_VITIS_LOOP_79_9_VITIS_LOOP_80_10_VITIS_LOOP_82_11, i15 %add_ln79, i32 %W2_0, i32 %W2_1, i32 %bnn_top_int_const_unsigned_int_const_int_const_unsigned_int_const_int_co_4, i1 %bnn_top_int_const_unsigned_int_const_int_const_unsigned_int_const_int_co_20, i1 %bnn_top_int_const_unsigned_int_const_int_const_unsigned_int_const_int_co_19, i1 %bnn_top_int_const_unsigned_int_const_int_const_unsigned_int_const_int_co_18, i1 %bnn_top_int_const_unsigned_int_const_int_const_unsigned_int_const_int_co_17, i1 %bnn_top_int_const_unsigned_int_const_int_const_unsigned_int_const_int_co_16, i1 %bnn_top_int_const_unsigned_int_const_int_const_unsigned_int_const_int_co_15, i1 %bnn_top_int_const_unsigned_int_const_int_const_unsigned_int_const_int_co_14, i1 %bnn_top_int_const_unsigned_int_const_int_const_unsigned_int_const_int_co_13, i32 %bnn_top_int_const_unsigned_int_const_int_const_unsigned_int_const_int_co_3, i32 %bnn_top_int_const_unsigned_int_const_int_const_unsigned_int_const_int_co_2, i32 %bnn_top_int_const_unsigned_int_const_int_const_unsigned_int_const_int_co_1, i32 %bnn_top_int_const_unsigned_int_const_int_const_unsigned_int_const_int_co" [bnn.cpp:79]   --->   Operation 162 'call' 'call_ln79' <Predicate = (!icmp_ln78)> <Delay = 0.00> <CoreType = "Generic">   --->   Generic Core
ST_11 : Operation 163 [1/1] (0.42ns)   --->   "%store_ln78 = store i7 %add_ln78, i7 %oc_1" [bnn.cpp:78]   --->   Operation 163 'store' 'store_ln78' <Predicate = (!icmp_ln78)> <Delay = 0.42>
ST_11 : Operation 164 [1/1] (0.00ns)   --->   "%oc_2 = alloca i32 1" [bnn.cpp:109]   --->   Operation 164 'alloca' 'oc_2' <Predicate = (icmp_ln78)> <Delay = 0.00>
ST_11 : Operation 165 [1/1] (0.42ns)   --->   "%store_ln109 = store i7 0, i7 %oc_2" [bnn.cpp:109]   --->   Operation 165 'store' 'store_ln109' <Predicate = (icmp_ln78)> <Delay = 0.42>
ST_11 : Operation 166 [1/1] (0.00ns)   --->   "%br_ln109 = br void %VITIS_LOOP_110_17" [bnn.cpp:109]   --->   Operation 166 'br' 'br_ln109' <Predicate = (icmp_ln78)> <Delay = 0.00>

State 12 <SV = 3> <Delay = 0.00>
ST_12 : Operation 167 [1/1] (0.00ns)   --->   "%zext_ln78 = zext i7 %oc_4" [bnn.cpp:78]   --->   Operation 167 'zext' 'zext_ln78' <Predicate = true> <Delay = 0.00>
ST_12 : Operation 168 [1/2] (0.00ns)   --->   "%call_ln79 = call void @bnn_top_Pipeline_VITIS_LOOP_79_9_VITIS_LOOP_80_10_VITIS_LOOP_82_11, i15 %add_ln79, i32 %W2_0, i32 %W2_1, i32 %bnn_top_int_const_unsigned_int_const_int_const_unsigned_int_const_int_co_4, i1 %bnn_top_int_const_unsigned_int_const_int_const_unsigned_int_const_int_co_20, i1 %bnn_top_int_const_unsigned_int_const_int_const_unsigned_int_const_int_co_19, i1 %bnn_top_int_const_unsigned_int_const_int_const_unsigned_int_const_int_co_18, i1 %bnn_top_int_const_unsigned_int_const_int_const_unsigned_int_const_int_co_17, i1 %bnn_top_int_const_unsigned_int_const_int_const_unsigned_int_const_int_co_16, i1 %bnn_top_int_const_unsigned_int_const_int_const_unsigned_int_const_int_co_15, i1 %bnn_top_int_const_unsigned_int_const_int_const_unsigned_int_const_int_co_14, i1 %bnn_top_int_const_unsigned_int_const_int_const_unsigned_int_const_int_co_13, i32 %bnn_top_int_const_unsigned_int_const_int_const_unsigned_int_const_int_co_3, i32 %bnn_top_int_const_unsigned_int_const_int_const_unsigned_int_const_int_co_2, i32 %bnn_top_int_const_unsigned_int_const_int_const_unsigned_int_const_int_co_1, i32 %bnn_top_int_const_unsigned_int_const_int_const_unsigned_int_const_int_co" [bnn.cpp:79]   --->   Operation 168 'call' 'call_ln79' <Predicate = true> <Delay = 0.00> <CoreType = "Generic">   --->   Generic Core
ST_12 : Operation 169 [1/1] (0.00ns)   --->   "%TAU2_addr = getelementptr i32 %TAU2, i64 0, i64 %zext_ln78" [bnn.cpp:104]   --->   Operation 169 'getelementptr' 'TAU2_addr' <Predicate = true> <Delay = 0.00>
ST_12 : Operation 170 [2/2] (0.00ns)   --->   "%TAU2_load = load i6 %TAU2_addr" [bnn.cpp:104]   --->   Operation 170 'load' 'TAU2_load' <Predicate = true> <Delay = 0.00> <CoreInst = "RAM">   --->   Core 82 'RAM' <Latency = 1> <II = 1> <Delay = 1.23> <Storage> <Opcode : 'load' 'store'> <Ports = 2> <Width = 32> <Depth = 64> <RAM>
ST_12 : Operation 171 [1/1] (0.00ns)   --->   "%trunc_ln104 = trunc i7 %oc_4" [bnn.cpp:104]   --->   Operation 171 'trunc' 'trunc_ln104' <Predicate = true> <Delay = 0.00>

State 13 <SV = 4> <Delay = 0.00>
ST_13 : Operation 172 [1/2] ( I:0.00ns O:0.00ns )   --->   "%TAU2_load = load i6 %TAU2_addr" [bnn.cpp:104]   --->   Operation 172 'load' 'TAU2_load' <Predicate = true> <Delay = 0.00> <CoreInst = "RAM">   --->   Core 82 'RAM' <Latency = 1> <II = 1> <Delay = 1.23> <Storage> <Opcode : 'load' 'store'> <Ports = 2> <Width = 32> <Depth = 64> <RAM>
ST_13 : Operation 173 [1/1] (0.00ns)   --->   "%shl_ln2 = bitconcatenate i9 @_ssdm_op_BitConcatenate.i9.i6.i3, i6 %trunc_ln104, i3 0" [bnn.cpp:104]   --->   Operation 173 'bitconcatenate' 'shl_ln2' <Predicate = true> <Delay = 0.00>
ST_13 : Operation 174 [2/2] (0.00ns)   --->   "%call_ln104 = call void @bnn_top_Pipeline_VITIS_LOOP_96_14_VITIS_LOOP_97_15, i9 %shl_ln2, i32 %TAU2_load, i1 %bnn_top_int_const_unsigned_int_const_int_const_unsigned_int_const_int_co_12, i32 %bnn_top_int_const_unsigned_int_const_int_const_unsigned_int_const_int_co_4, i32 %bnn_top_int_const_unsigned_int_const_int_const_unsigned_int_const_int_co_3, i32 %bnn_top_int_const_unsigned_int_const_int_const_unsigned_int_const_int_co_2, i32 %bnn_top_int_const_unsigned_int_const_int_const_unsigned_int_const_int_co_1, i32 %bnn_top_int_const_unsigned_int_const_int_const_unsigned_int_const_int_co, i1 %bnn_top_int_const_unsigned_int_const_int_const_unsigned_int_const_int_co_6, i1 %bnn_top_int_const_unsigned_int_const_int_const_unsigned_int_const_int_co_5, i1 %bnn_top_int_const_unsigned_int_const_int_const_unsigned_int_const_int_co_11, i1 %bnn_top_int_const_unsigned_int_const_int_const_unsigned_int_const_int_co_10, i1 %bnn_top_int_const_unsigned_int_const_int_const_unsigned_int_const_int_co_9, i1 %bnn_top_int_const_unsigned_int_const_int_const_unsigned_int_const_int_co_8, i1 %bnn_top_int_const_unsigned_int_const_int_const_unsigned_int_const_int_co_7" [bnn.cpp:104]   --->   Operation 174 'call' 'call_ln104' <Predicate = true> <Delay = 0.00> <CoreType = "Generic">   --->   Generic Core

State 14 <SV = 5> <Delay = 0.00>
ST_14 : Operation 175 [1/1] (0.00ns)   --->   "%speclooptripcount_ln78 = speclooptripcount void @_ssdm_op_SpecLoopTripCount, i64 64, i64 64, i64 64" [bnn.cpp:78]   --->   Operation 175 'speclooptripcount' 'speclooptripcount_ln78' <Predicate = true> <Delay = 0.00>
ST_14 : Operation 176 [1/1] (0.00ns)   --->   "%specloopname_ln78 = specloopname void @_ssdm_op_SpecLoopName, void @empty_1" [bnn.cpp:78]   --->   Operation 176 'specloopname' 'specloopname_ln78' <Predicate = true> <Delay = 0.00>
ST_14 : Operation 177 [1/2] (0.00ns)   --->   "%call_ln104 = call void @bnn_top_Pipeline_VITIS_LOOP_96_14_VITIS_LOOP_97_15, i9 %shl_ln2, i32 %TAU2_load, i1 %bnn_top_int_const_unsigned_int_const_int_const_unsigned_int_const_int_co_12, i32 %bnn_top_int_const_unsigned_int_const_int_const_unsigned_int_const_int_co_4, i32 %bnn_top_int_const_unsigned_int_const_int_const_unsigned_int_const_int_co_3, i32 %bnn_top_int_const_unsigned_int_const_int_const_unsigned_int_const_int_co_2, i32 %bnn_top_int_const_unsigned_int_const_int_const_unsigned_int_const_int_co_1, i32 %bnn_top_int_const_unsigned_int_const_int_const_unsigned_int_const_int_co, i1 %bnn_top_int_const_unsigned_int_const_int_const_unsigned_int_const_int_co_6, i1 %bnn_top_int_const_unsigned_int_const_int_const_unsigned_int_const_int_co_5, i1 %bnn_top_int_const_unsigned_int_const_int_const_unsigned_int_const_int_co_11, i1 %bnn_top_int_const_unsigned_int_const_int_const_unsigned_int_const_int_co_10, i1 %bnn_top_int_const_unsigned_int_const_int_const_unsigned_int_const_int_co_9, i1 %bnn_top_int_const_unsigned_int_const_int_const_unsigned_int_const_int_co_8, i1 %bnn_top_int_const_unsigned_int_const_int_const_unsigned_int_const_int_co_7" [bnn.cpp:104]   --->   Operation 177 'call' 'call_ln104' <Predicate = true> <Delay = 0.00> <CoreType = "Generic">   --->   Generic Core
ST_14 : Operation 178 [1/1] (0.00ns)   --->   "%br_ln78 = br void %VITIS_LOOP_79_9" [bnn.cpp:78]   --->   Operation 178 'br' 'br_ln78' <Predicate = true> <Delay = 0.00>

State 15 <SV = 3> <Delay = 1.20>
ST_15 : Operation 179 [1/1] (0.00ns)   --->   "%oc_5 = load i7 %oc_2" [bnn.cpp:109]   --->   Operation 179 'load' 'oc_5' <Predicate = true> <Delay = 0.00>
ST_15 : Operation 180 [1/1] (0.77ns)   --->   "%icmp_ln109 = icmp_eq  i7 %oc_5, i7 64" [bnn.cpp:109]   --->   Operation 180 'icmp' 'icmp_ln109' <Predicate = true> <Delay = 0.77> <CoreInst = "Cmp">   --->   Core 9 'Cmp' <Latency = 0> <II = 1> <Delay = 0.76> <FuncUnit> <Opcode : 'seteq' 'setne' 'setle' 'setge' 'setlt' 'setgt'> <InPorts = 2> <OutPorts = 1>
ST_15 : Operation 181 [1/1] (0.77ns)   --->   "%add_ln109 = add i7 %oc_5, i7 1" [bnn.cpp:109]   --->   Operation 181 'add' 'add_ln109' <Predicate = true> <Delay = 0.77> <CoreInst = "Adder">   --->   Core 1 'Adder' <Latency = 0> <II = 1> <Delay = 0.77> <FuncUnit> <Opcode : 'add' 'sub'> <InPorts = 2> <OutPorts = 1>
ST_15 : Operation 182 [1/1] (0.00ns)   --->   "%br_ln109 = br i1 %icmp_ln109, void %VITIS_LOOP_110_17.split, void %for.inc478.preheader" [bnn.cpp:109]   --->   Operation 182 'br' 'br_ln109' <Predicate = true> <Delay = 0.00>
ST_15 : Operation 183 [1/1] (0.00ns)   --->   "%p_shl = bitconcatenate i16 @_ssdm_op_BitConcatenate.i16.i7.i9, i7 %oc_5, i9 0" [bnn.cpp:110]   --->   Operation 183 'bitconcatenate' 'p_shl' <Predicate = (!icmp_ln109)> <Delay = 0.00>
ST_15 : Operation 184 [1/1] (0.00ns)   --->   "%tmp_76 = bitconcatenate i13 @_ssdm_op_BitConcatenate.i13.i7.i6, i7 %oc_5, i6 0" [bnn.cpp:110]   --->   Operation 184 'bitconcatenate' 'tmp_76' <Predicate = (!icmp_ln109)> <Delay = 0.00>
ST_15 : Operation 185 [1/1] (0.00ns)   --->   "%zext_ln110 = zext i13 %tmp_76" [bnn.cpp:110]   --->   Operation 185 'zext' 'zext_ln110' <Predicate = (!icmp_ln109)> <Delay = 0.00>
ST_15 : Operation 186 [1/1] (0.85ns)   --->   "%add_ln110 = add i16 %p_shl, i16 %zext_ln110" [bnn.cpp:110]   --->   Operation 186 'add' 'add_ln110' <Predicate = (!icmp_ln109)> <Delay = 0.85> <CoreInst = "Adder">   --->   Core 1 'Adder' <Latency = 0> <II = 1> <Delay = 0.85> <FuncUnit> <Opcode : 'add' 'sub'> <InPorts = 2> <OutPorts = 1>
ST_15 : Operation 187 [2/2] (0.00ns)   --->   "%call_ln110 = call void @bnn_top_Pipeline_VITIS_LOOP_110_17_VITIS_LOOP_111_18_VITIS_LOOP_113_19, i16 %add_ln110, i32 %W3_0, i32 %W3_1, i32 %bnn_top_int_const_unsigned_int_const_int_const_unsigned_int_const_int_co_4, i1 %bnn_top_int_const_unsigned_int_const_int_const_unsigned_int_const_int_co_12, i1 %bnn_top_int_const_unsigned_int_const_int_const_unsigned_int_const_int_co_6, i1 %bnn_top_int_const_unsigned_int_const_int_const_unsigned_int_const_int_co_5, i1 %bnn_top_int_const_unsigned_int_const_int_const_unsigned_int_const_int_co_11, i1 %bnn_top_int_const_unsigned_int_const_int_const_unsigned_int_const_int_co_10, i1 %bnn_top_int_const_unsigned_int_const_int_const_unsigned_int_const_int_co_9, i1 %bnn_top_int_const_unsigned_int_const_int_const_unsigned_int_const_int_co_8, i1 %bnn_top_int_const_unsigned_int_const_int_const_unsigned_int_const_int_co_7, i32 %bnn_top_int_const_unsigned_int_const_int_const_unsigned_int_const_int_co_3, i32 %bnn_top_int_const_unsigned_int_const_int_const_unsigned_int_const_int_co_2, i32 %bnn_top_int_const_unsigned_int_const_int_const_unsigned_int_const_int_co_1, i32 %bnn_top_int_const_unsigned_int_const_int_const_unsigned_int_const_int_co" [bnn.cpp:110]   --->   Operation 187 'call' 'call_ln110' <Predicate = (!icmp_ln109)> <Delay = 0.00> <CoreType = "Generic">   --->   Generic Core
ST_15 : Operation 188 [1/1] (0.42ns)   --->   "%store_ln109 = store i7 %add_ln109, i7 %oc_2" [bnn.cpp:109]   --->   Operation 188 'store' 'store_ln109' <Predicate = (!icmp_ln109)> <Delay = 0.42>
ST_15 : Operation 189 [2/2] (0.00ns)   --->   "%call_ln0 = call void @bnn_top_Pipeline_VITIS_LOOP_140_24_VITIS_LOOP_142_25, i32 %WF1, i32 %TAUF1, i1 %f1, i1 %l3"   --->   Operation 189 'call' 'call_ln0' <Predicate = (icmp_ln109)> <Delay = 0.00> <CoreType = "Generic">   --->   Generic Core

State 16 <SV = 4> <Delay = 0.00>
ST_16 : Operation 190 [1/1] (0.00ns)   --->   "%trunc_ln109 = trunc i7 %oc_5" [bnn.cpp:109]   --->   Operation 190 'trunc' 'trunc_ln109' <Predicate = true> <Delay = 0.00>
ST_16 : Operation 191 [1/1] (0.00ns)   --->   "%zext_ln109 = zext i7 %oc_5" [bnn.cpp:109]   --->   Operation 191 'zext' 'zext_ln109' <Predicate = true> <Delay = 0.00>
ST_16 : Operation 192 [1/2] (0.00ns)   --->   "%call_ln110 = call void @bnn_top_Pipeline_VITIS_LOOP_110_17_VITIS_LOOP_111_18_VITIS_LOOP_113_19, i16 %add_ln110, i32 %W3_0, i32 %W3_1, i32 %bnn_top_int_const_unsigned_int_const_int_const_unsigned_int_const_int_co_4, i1 %bnn_top_int_const_unsigned_int_const_int_const_unsigned_int_const_int_co_12, i1 %bnn_top_int_const_unsigned_int_const_int_const_unsigned_int_const_int_co_6, i1 %bnn_top_int_const_unsigned_int_const_int_const_unsigned_int_const_int_co_5, i1 %bnn_top_int_const_unsigned_int_const_int_const_unsigned_int_const_int_co_11, i1 %bnn_top_int_const_unsigned_int_const_int_const_unsigned_int_const_int_co_10, i1 %bnn_top_int_const_unsigned_int_const_int_const_unsigned_int_const_int_co_9, i1 %bnn_top_int_const_unsigned_int_const_int_const_unsigned_int_const_int_co_8, i1 %bnn_top_int_const_unsigned_int_const_int_const_unsigned_int_const_int_co_7, i32 %bnn_top_int_const_unsigned_int_const_int_const_unsigned_int_const_int_co_3, i32 %bnn_top_int_const_unsigned_int_const_int_const_unsigned_int_const_int_co_2, i32 %bnn_top_int_const_unsigned_int_const_int_const_unsigned_int_const_int_co_1, i32 %bnn_top_int_const_unsigned_int_const_int_const_unsigned_int_const_int_co" [bnn.cpp:110]   --->   Operation 192 'call' 'call_ln110' <Predicate = true> <Delay = 0.00> <CoreType = "Generic">   --->   Generic Core
ST_16 : Operation 193 [1/1] (0.00ns)   --->   "%TAU3_addr = getelementptr i32 %TAU3, i64 0, i64 %zext_ln109" [bnn.cpp:135]   --->   Operation 193 'getelementptr' 'TAU3_addr' <Predicate = true> <Delay = 0.00>
ST_16 : Operation 194 [2/2] (0.00ns)   --->   "%TAU3_load = load i6 %TAU3_addr" [bnn.cpp:135]   --->   Operation 194 'load' 'TAU3_load' <Predicate = true> <Delay = 0.00> <CoreInst = "RAM">   --->   Core 82 'RAM' <Latency = 1> <II = 1> <Delay = 1.23> <Storage> <Opcode : 'load' 'store'> <Ports = 2> <Width = 32> <Depth = 64> <RAM>

State 17 <SV = 5> <Delay = 0.00>
ST_17 : Operation 195 [1/2] ( I:0.00ns O:0.00ns )   --->   "%TAU3_load = load i6 %TAU3_addr" [bnn.cpp:135]   --->   Operation 195 'load' 'TAU3_load' <Predicate = true> <Delay = 0.00> <CoreInst = "RAM">   --->   Core 82 'RAM' <Latency = 1> <II = 1> <Delay = 1.23> <Storage> <Opcode : 'load' 'store'> <Ports = 2> <Width = 32> <Depth = 64> <RAM>
ST_17 : Operation 196 [2/2] (0.00ns)   --->   "%call_ln135 = call void @bnn_top_Pipeline_VITIS_LOOP_127_22_VITIS_LOOP_128_23, i32 %TAU3_load, i6 %trunc_ln109, i32 %bnn_top_int_const_unsigned_int_const_int_const_unsigned_int_const_int_co_4, i32 %bnn_top_int_const_unsigned_int_const_int_const_unsigned_int_const_int_co_3, i32 %bnn_top_int_const_unsigned_int_const_int_const_unsigned_int_const_int_co_2, i32 %bnn_top_int_const_unsigned_int_const_int_const_unsigned_int_const_int_co_1, i32 %bnn_top_int_const_unsigned_int_const_int_const_unsigned_int_const_int_co, i1 %l3" [bnn.cpp:135]   --->   Operation 196 'call' 'call_ln135' <Predicate = true> <Delay = 0.00> <CoreType = "Generic">   --->   Generic Core

State 18 <SV = 6> <Delay = 0.00>
ST_18 : Operation 197 [1/1] (0.00ns)   --->   "%speclooptripcount_ln109 = speclooptripcount void @_ssdm_op_SpecLoopTripCount, i64 64, i64 64, i64 64" [bnn.cpp:109]   --->   Operation 197 'speclooptripcount' 'speclooptripcount_ln109' <Predicate = true> <Delay = 0.00>
ST_18 : Operation 198 [1/1] (0.00ns)   --->   "%specloopname_ln109 = specloopname void @_ssdm_op_SpecLoopName, void @empty_3" [bnn.cpp:109]   --->   Operation 198 'specloopname' 'specloopname_ln109' <Predicate = true> <Delay = 0.00>
ST_18 : Operation 199 [1/2] (0.00ns)   --->   "%call_ln135 = call void @bnn_top_Pipeline_VITIS_LOOP_127_22_VITIS_LOOP_128_23, i32 %TAU3_load, i6 %trunc_ln109, i32 %bnn_top_int_const_unsigned_int_const_int_const_unsigned_int_const_int_co_4, i32 %bnn_top_int_const_unsigned_int_const_int_const_unsigned_int_const_int_co_3, i32 %bnn_top_int_const_unsigned_int_const_int_const_unsigned_int_const_int_co_2, i32 %bnn_top_int_const_unsigned_int_const_int_const_unsigned_int_const_int_co_1, i32 %bnn_top_int_const_unsigned_int_const_int_const_unsigned_int_const_int_co, i1 %l3" [bnn.cpp:135]   --->   Operation 199 'call' 'call_ln135' <Predicate = true> <Delay = 0.00> <CoreType = "Generic">   --->   Generic Core
ST_18 : Operation 200 [1/1] (0.00ns)   --->   "%br_ln109 = br void %VITIS_LOOP_110_17" [bnn.cpp:109]   --->   Operation 200 'br' 'br_ln109' <Predicate = true> <Delay = 0.00>

State 19 <SV = 4> <Delay = 1.30>
ST_19 : Operation 201 [1/2] (1.30ns)   --->   "%call_ln0 = call void @bnn_top_Pipeline_VITIS_LOOP_140_24_VITIS_LOOP_142_25, i32 %WF1, i32 %TAUF1, i1 %f1, i1 %l3"   --->   Operation 201 'call' 'call_ln0' <Predicate = true> <Delay = 1.30> <CoreType = "Generic">   --->   Generic Core
ST_19 : Operation 202 [1/1] (0.00ns)   --->   "%BF2_addr = getelementptr i32 %BF2, i64 0, i64 0" [bnn.cpp:152]   --->   Operation 202 'getelementptr' 'BF2_addr' <Predicate = true> <Delay = 0.00>
ST_19 : Operation 203 [2/2] (0.00ns)   --->   "%a0 = load i1 %BF2_addr" [bnn.cpp:152]   --->   Operation 203 'load' 'a0' <Predicate = true> <Delay = 0.00> <CoreInst = "RAM">   --->   Core 82 'RAM' <Latency = 1> <II = 1> <Delay = 0.67> <Storage> <Opcode : 'load' 'store'> <Ports = 2> <Width = 32> <Depth = 2> <RAM>
ST_19 : Operation 204 [1/1] (0.00ns)   --->   "%BF2_addr_1 = getelementptr i32 %BF2, i64 0, i64 1" [bnn.cpp:152]   --->   Operation 204 'getelementptr' 'BF2_addr_1' <Predicate = true> <Delay = 0.00>
ST_19 : Operation 205 [2/2] (0.00ns)   --->   "%a1 = load i1 %BF2_addr_1" [bnn.cpp:152]   --->   Operation 205 'load' 'a1' <Predicate = true> <Delay = 0.00> <CoreInst = "RAM">   --->   Core 82 'RAM' <Latency = 1> <II = 1> <Delay = 0.67> <Storage> <Opcode : 'load' 'store'> <Ports = 2> <Width = 32> <Depth = 2> <RAM>

State 20 <SV = 5> <Delay = 0.42>
ST_20 : Operation 206 [1/2] ( I:0.00ns O:0.00ns )   --->   "%a0 = load i1 %BF2_addr" [bnn.cpp:152]   --->   Operation 206 'load' 'a0' <Predicate = true> <Delay = 0.00> <CoreInst = "RAM">   --->   Core 82 'RAM' <Latency = 1> <II = 1> <Delay = 0.67> <Storage> <Opcode : 'load' 'store'> <Ports = 2> <Width = 32> <Depth = 2> <RAM>
ST_20 : Operation 207 [1/2] ( I:0.00ns O:0.00ns )   --->   "%a1 = load i1 %BF2_addr_1" [bnn.cpp:152]   --->   Operation 207 'load' 'a1' <Predicate = true> <Delay = 0.00> <CoreInst = "RAM">   --->   Core 82 'RAM' <Latency = 1> <II = 1> <Delay = 0.67> <Storage> <Opcode : 'load' 'store'> <Ports = 2> <Width = 32> <Depth = 2> <RAM>
ST_20 : Operation 208 [2/2] (0.42ns)   --->   "%call_ln152 = call void @bnn_top_Pipeline_VITIS_LOOP_153_26, i32 %a1, i32 %a0, i32 %WF2, i40 %a1_1_loc, i40 %a0_1_loc, i1 %f1" [bnn.cpp:152]   --->   Operation 208 'call' 'call_ln152' <Predicate = true> <Delay = 0.42> <CoreType = "Generic">   --->   Generic Core

State 21 <SV = 6> <Delay = 1.61>
ST_21 : Operation 209 [1/2] (1.61ns)   --->   "%call_ln152 = call void @bnn_top_Pipeline_VITIS_LOOP_153_26, i32 %a1, i32 %a0, i32 %WF2, i40 %a1_1_loc, i40 %a0_1_loc, i1 %f1" [bnn.cpp:152]   --->   Operation 209 'call' 'call_ln152' <Predicate = true> <Delay = 1.61> <CoreType = "Generic">   --->   Generic Core

State 22 <SV = 7> <Delay = 1.03>
ST_22 : Operation 210 [1/1] (0.00ns)   --->   "%a1_1_loc_load = load i40 %a1_1_loc"   --->   Operation 210 'load' 'a1_1_loc_load' <Predicate = true> <Delay = 0.00>
ST_22 : Operation 211 [1/1] (0.00ns)   --->   "%a0_1_loc_load = load i40 %a0_1_loc"   --->   Operation 211 'load' 'a0_1_loc_load' <Predicate = true> <Delay = 0.00>
ST_22 : Operation 212 [1/1] (0.00ns)   --->   "%trunc_ln160 = trunc i40 %a0_1_loc_load" [bnn.cpp:160]   --->   Operation 212 'trunc' 'trunc_ln160' <Predicate = true> <Delay = 0.00>
ST_22 : Operation 213 [1/1] (0.00ns)   --->   "%write_ln160 = write void @_ssdm_op_Write.ap_auto.i32P0A, i32 %logit0, i32 %trunc_ln160" [bnn.cpp:160]   --->   Operation 213 'write' 'write_ln160' <Predicate = true> <Delay = 0.00>
ST_22 : Operation 214 [1/1] (0.00ns)   --->   "%trunc_ln161 = trunc i40 %a1_1_loc_load" [bnn.cpp:161]   --->   Operation 214 'trunc' 'trunc_ln161' <Predicate = true> <Delay = 0.00>
ST_22 : Operation 215 [1/1] (0.00ns)   --->   "%write_ln161 = write void @_ssdm_op_Write.ap_auto.i32P0A, i32 %logit1, i32 %trunc_ln161" [bnn.cpp:161]   --->   Operation 215 'write' 'write_ln161' <Predicate = true> <Delay = 0.00>
ST_22 : Operation 216 [1/1] (1.03ns)   --->   "%icmp_ln162 = icmp_sgt  i40 %a1_1_loc_load, i40 %a0_1_loc_load" [bnn.cpp:162]   --->   Operation 216 'icmp' 'icmp_ln162' <Predicate = true> <Delay = 1.03> <CoreInst = "Cmp">   --->   Core 9 'Cmp' <Latency = 0> <II = 1> <Delay = 1.03> <FuncUnit> <Opcode : 'seteq' 'setne' 'setle' 'setge' 'setlt' 'setgt'> <InPorts = 2> <OutPorts = 1>
ST_22 : Operation 217 [1/1] (0.00ns)   --->   "%zext_ln162 = zext i1 %icmp_ln162" [bnn.cpp:162]   --->   Operation 217 'zext' 'zext_ln162' <Predicate = true> <Delay = 0.00>
ST_22 : Operation 218 [1/1] (0.00ns)   --->   "%write_ln162 = write void @_ssdm_op_Write.ap_auto.i32P0A, i32 %pred_r, i32 %zext_ln162" [bnn.cpp:162]   --->   Operation 218 'write' 'write_ln162' <Predicate = true> <Delay = 0.00>
ST_22 : Operation 219 [1/1] (0.00ns)   --->   "%ret_ln163 = ret" [bnn.cpp:163]   --->   Operation 219 'ret' 'ret_ln163' <Predicate = true> <Delay = 0.00>


============================================================
+ Verbose Summary: Binding
============================================================
STG Binding: 
---------------- STG Properties BEGIN ----------------
- Is combinational: 0
- Is one-state seq: 0
- Is datapath-only: 0
- Is pipelined: 0
- Is top level: 1
Port [ Return ] is wired: 1; IO mode=ap_ctrl_hs:ce=0
Port [ img_0]:  wired=1; compound=1; hidden=0; nouse=0; global=0; static=0; extern=0; dir=0; type=1; pingpong=0; private_global=0; MemPort=[11]; IO mode=ap_memory:ce=0
Port [ img_1]:  wired=1; compound=1; hidden=0; nouse=0; global=0; static=0; extern=0; dir=0; type=1; pingpong=0; private_global=0; MemPort=[11]; IO mode=ap_memory:ce=0
Port [ img_2]:  wired=1; compound=1; hidden=0; nouse=0; global=0; static=0; extern=0; dir=0; type=1; pingpong=0; private_global=0; MemPort=[11]; IO mode=ap_memory:ce=0
Port [ img_3]:  wired=1; compound=1; hidden=0; nouse=0; global=0; static=0; extern=0; dir=0; type=1; pingpong=0; private_global=0; MemPort=[11]; IO mode=ap_memory:ce=0
Port [ W1]:  wired=1; compound=1; hidden=0; nouse=0; global=0; static=0; extern=0; dir=0; type=1; pingpong=0; private_global=0; MemPort=[11]; IO mode=ap_memory:ce=0
Port [ TAU1]:  wired=1; compound=1; hidden=0; nouse=0; global=0; static=0; extern=0; dir=0; type=1; pingpong=0; private_global=0; MemPort=[13]; IO mode=ap_memory:ce=0
Port [ W2_0]:  wired=1; compound=1; hidden=0; nouse=0; global=0; static=0; extern=0; dir=0; type=1; pingpong=0; private_global=0; MemPort=[11]; IO mode=ap_memory:ce=0
Port [ W2_1]:  wired=1; compound=1; hidden=0; nouse=0; global=0; static=0; extern=0; dir=0; type=1; pingpong=0; private_global=0; MemPort=[11]; IO mode=ap_memory:ce=0
Port [ TAU2]:  wired=1; compound=1; hidden=0; nouse=0; global=0; static=0; extern=0; dir=0; type=1; pingpong=0; private_global=0; MemPort=[13]; IO mode=ap_memory:ce=0
Port [ W3_0]:  wired=1; compound=1; hidden=0; nouse=0; global=0; static=0; extern=0; dir=0; type=1; pingpong=0; private_global=0; MemPort=[11]; IO mode=ap_memory:ce=0
Port [ W3_1]:  wired=1; compound=1; hidden=0; nouse=0; global=0; static=0; extern=0; dir=0; type=1; pingpong=0; private_global=0; MemPort=[11]; IO mode=ap_memory:ce=0
Port [ TAU3]:  wired=1; compound=1; hidden=0; nouse=0; global=0; static=0; extern=0; dir=0; type=1; pingpong=0; private_global=0; MemPort=[13]; IO mode=ap_memory:ce=0
Port [ WF1]:  wired=1; compound=1; hidden=0; nouse=0; global=0; static=0; extern=0; dir=0; type=1; pingpong=0; private_global=0; MemPort=[13]; IO mode=ap_memory:ce=0
Port [ TAUF1]:  wired=1; compound=1; hidden=0; nouse=0; global=0; static=0; extern=0; dir=0; type=1; pingpong=0; private_global=0; MemPort=[13]; IO mode=ap_memory:ce=0
Port [ WF2]:  wired=1; compound=1; hidden=0; nouse=0; global=0; static=0; extern=0; dir=0; type=1; pingpong=0; private_global=0; MemPort=[11]; IO mode=ap_memory:ce=0
Port [ BF2]:  wired=1; compound=1; hidden=0; nouse=0; global=0; static=0; extern=0; dir=0; type=1; pingpong=0; private_global=0; MemPort=[11]; IO mode=ap_memory:ce=0
Port [ logit0]:  wired=1; compound=0; hidden=0; nouse=0; global=0; static=0; extern=0; dir=1; type=0; pingpong=0; private_global=0; IO mode=ap_vld:ce=0
Port [ logit1]:  wired=1; compound=0; hidden=0; nouse=0; global=0; static=0; extern=0; dir=1; type=0; pingpong=0; private_global=0; IO mode=ap_vld:ce=0
Port [ pred_r]:  wired=1; compound=0; hidden=0; nouse=0; global=0; static=0; extern=0; dir=1; type=0; pingpong=0; private_global=0; IO mode=ap_vld:ce=0
Port [ bnn_top_int_const_unsigned_int_const_int_const_unsigned_int_const_int_co_4]:  wired=0; compound=1; hidden=1; nouse=0; global=1; static=1; extern=0; dir=2; type=1; pingpong=0; private_global=1; MemPort=[21]; IO mode=ap_memory:ce=0
Port [ bnn_top_int_const_unsigned_int_const_int_const_unsigned_int_const_int_co_3]:  wired=0; compound=1; hidden=1; nouse=0; global=1; static=1; extern=0; dir=2; type=1; pingpong=0; private_global=1; MemPort=[21]; IO mode=ap_memory:ce=0
Port [ bnn_top_int_const_unsigned_int_const_int_const_unsigned_int_const_int_co_2]:  wired=0; compound=1; hidden=1; nouse=0; global=1; static=1; extern=0; dir=2; type=1; pingpong=0; private_global=1; MemPort=[21]; IO mode=ap_memory:ce=0
Port [ bnn_top_int_const_unsigned_int_const_int_const_unsigned_int_const_int_co_1]:  wired=0; compound=1; hidden=1; nouse=0; global=1; static=1; extern=0; dir=2; type=1; pingpong=0; private_global=1; MemPort=[21]; IO mode=ap_memory:ce=0
Port [ bnn_top_int_const_unsigned_int_const_int_const_unsigned_int_const_int_co]:  wired=0; compound=1; hidden=1; nouse=0; global=1; static=1; extern=0; dir=2; type=1; pingpong=0; private_global=1; MemPort=[21]; IO mode=ap_memory:ce=0
Port [ bnn_top_int_const_unsigned_int_const_int_const_unsigned_int_const_int_co_20]:  wired=0; compound=1; hidden=1; nouse=0; global=1; static=1; extern=0; dir=2; type=1; pingpong=0; private_global=1; MemPort=[23]; IO mode=ap_memory:ce=0
Port [ bnn_top_int_const_unsigned_int_const_int_const_unsigned_int_const_int_co_19]:  wired=0; compound=1; hidden=1; nouse=0; global=1; static=1; extern=0; dir=2; type=1; pingpong=0; private_global=1; MemPort=[23]; IO mode=ap_memory:ce=0
Port [ bnn_top_int_const_unsigned_int_const_int_const_unsigned_int_const_int_co_18]:  wired=0; compound=1; hidden=1; nouse=0; global=1; static=1; extern=0; dir=2; type=1; pingpong=0; private_global=1; MemPort=[23]; IO mode=ap_memory:ce=0
Port [ bnn_top_int_const_unsigned_int_const_int_const_unsigned_int_const_int_co_17]:  wired=0; compound=1; hidden=1; nouse=0; global=1; static=1; extern=0; dir=2; type=1; pingpong=0; private_global=1; MemPort=[23]; IO mode=ap_memory:ce=0
Port [ bnn_top_int_const_unsigned_int_const_int_const_unsigned_int_const_int_co_16]:  wired=0; compound=1; hidden=1; nouse=0; global=1; static=1; extern=0; dir=2; type=1; pingpong=0; private_global=1; MemPort=[23]; IO mode=ap_memory:ce=0
Port [ bnn_top_int_const_unsigned_int_const_int_const_unsigned_int_const_int_co_15]:  wired=0; compound=1; hidden=1; nouse=0; global=1; static=1; extern=0; dir=2; type=1; pingpong=0; private_global=1; MemPort=[23]; IO mode=ap_memory:ce=0
Port [ bnn_top_int_const_unsigned_int_const_int_const_unsigned_int_const_int_co_14]:  wired=0; compound=1; hidden=1; nouse=0; global=1; static=1; extern=0; dir=2; type=1; pingpong=0; private_global=1; MemPort=[23]; IO mode=ap_memory:ce=0
Port [ bnn_top_int_const_unsigned_int_const_int_const_unsigned_int_const_int_co_13]:  wired=0; compound=1; hidden=1; nouse=0; global=1; static=1; extern=0; dir=2; type=1; pingpong=0; private_global=1; MemPort=[23]; IO mode=ap_memory:ce=0
Port [ bnn_top_int_const_unsigned_int_const_int_const_unsigned_int_const_int_co_12]:  wired=0; compound=1; hidden=1; nouse=0; global=1; static=1; extern=0; dir=2; type=1; pingpong=0; private_global=1; MemPort=[23]; IO mode=ap_memory:ce=0
Port [ bnn_top_int_const_unsigned_int_const_int_const_unsigned_int_const_int_co_6]:  wired=0; compound=1; hidden=1; nouse=0; global=1; static=1; extern=0; dir=2; type=1; pingpong=0; private_global=1; MemPort=[23]; IO mode=ap_memory:ce=0
Port [ bnn_top_int_const_unsigned_int_const_int_const_unsigned_int_const_int_co_5]:  wired=0; compound=1; hidden=1; nouse=0; global=1; static=1; extern=0; dir=2; type=1; pingpong=0; private_global=1; MemPort=[23]; IO mode=ap_memory:ce=0
Port [ bnn_top_int_const_unsigned_int_const_int_const_unsigned_int_const_int_co_11]:  wired=0; compound=1; hidden=1; nouse=0; global=1; static=1; extern=0; dir=2; type=1; pingpong=0; private_global=1; MemPort=[23]; IO mode=ap_memory:ce=0
Port [ bnn_top_int_const_unsigned_int_const_int_const_unsigned_int_const_int_co_10]:  wired=0; compound=1; hidden=1; nouse=0; global=1; static=1; extern=0; dir=2; type=1; pingpong=0; private_global=1; MemPort=[23]; IO mode=ap_memory:ce=0
Port [ bnn_top_int_const_unsigned_int_const_int_const_unsigned_int_const_int_co_9]:  wired=0; compound=1; hidden=1; nouse=0; global=1; static=1; extern=0; dir=2; type=1; pingpong=0; private_global=1; MemPort=[23]; IO mode=ap_memory:ce=0
Port [ bnn_top_int_const_unsigned_int_const_int_const_unsigned_int_const_int_co_8]:  wired=0; compound=1; hidden=1; nouse=0; global=1; static=1; extern=0; dir=2; type=1; pingpong=0; private_global=1; MemPort=[23]; IO mode=ap_memory:ce=0
Port [ bnn_top_int_const_unsigned_int_const_int_const_unsigned_int_const_int_co_7]:  wired=0; compound=1; hidden=1; nouse=0; global=1; static=1; extern=0; dir=2; type=1; pingpong=0; private_global=1; MemPort=[23]; IO mode=ap_memory:ce=0
Port [ f1]:  wired=0; compound=1; hidden=1; nouse=0; global=1; static=1; extern=0; dir=2; type=1; pingpong=0; private_global=1; MemPort=[23]; IO mode=ap_memory:ce=0
Port [ l3]:  wired=0; compound=1; hidden=1; nouse=0; global=1; static=1; extern=0; dir=2; type=1; pingpong=0; private_global=1; MemPort=[23]; IO mode=ap_memory:ce=0
---------------- STG Properties END ------------------

---------------- Datapath Model BEGIN ----------------

<LifeTime>
<method=bitvector/>
oc                      (alloca           ) [ 01111111111000000000000]
a0_1_loc                (alloca           ) [ 00111111111111111111111]
a1_1_loc                (alloca           ) [ 00111111111111111111111]
spectopmodule_ln26      (spectopmodule    ) [ 00000000000000000000000]
specinterface_ln0       (specinterface    ) [ 00000000000000000000000]
specbitsmap_ln0         (specbitsmap      ) [ 00000000000000000000000]
specinterface_ln0       (specinterface    ) [ 00000000000000000000000]
specbitsmap_ln0         (specbitsmap      ) [ 00000000000000000000000]
specinterface_ln0       (specinterface    ) [ 00000000000000000000000]
specbitsmap_ln0         (specbitsmap      ) [ 00000000000000000000000]
specinterface_ln0       (specinterface    ) [ 00000000000000000000000]
specbitsmap_ln0         (specbitsmap      ) [ 00000000000000000000000]
specinterface_ln0       (specinterface    ) [ 00000000000000000000000]
specbitsmap_ln0         (specbitsmap      ) [ 00000000000000000000000]
specinterface_ln0       (specinterface    ) [ 00000000000000000000000]
specbitsmap_ln0         (specbitsmap      ) [ 00000000000000000000000]
specinterface_ln0       (specinterface    ) [ 00000000000000000000000]
specbitsmap_ln0         (specbitsmap      ) [ 00000000000000000000000]
specinterface_ln0       (specinterface    ) [ 00000000000000000000000]
specbitsmap_ln0         (specbitsmap      ) [ 00000000000000000000000]
specinterface_ln0       (specinterface    ) [ 00000000000000000000000]
specbitsmap_ln0         (specbitsmap      ) [ 00000000000000000000000]
specinterface_ln0       (specinterface    ) [ 00000000000000000000000]
specbitsmap_ln0         (specbitsmap      ) [ 00000000000000000000000]
specinterface_ln0       (specinterface    ) [ 00000000000000000000000]
specbitsmap_ln0         (specbitsmap      ) [ 00000000000000000000000]
specinterface_ln0       (specinterface    ) [ 00000000000000000000000]
specbitsmap_ln0         (specbitsmap      ) [ 00000000000000000000000]
specinterface_ln0       (specinterface    ) [ 00000000000000000000000]
specbitsmap_ln0         (specbitsmap      ) [ 00000000000000000000000]
specinterface_ln0       (specinterface    ) [ 00000000000000000000000]
specbitsmap_ln0         (specbitsmap      ) [ 00000000000000000000000]
specinterface_ln0       (specinterface    ) [ 00000000000000000000000]
specbitsmap_ln0         (specbitsmap      ) [ 00000000000000000000000]
specinterface_ln0       (specinterface    ) [ 00000000000000000000000]
specbitsmap_ln0         (specbitsmap      ) [ 00000000000000000000000]
specbitsmap_ln0         (specbitsmap      ) [ 00000000000000000000000]
specinterface_ln0       (specinterface    ) [ 00000000000000000000000]
specbitsmap_ln0         (specbitsmap      ) [ 00000000000000000000000]
specinterface_ln0       (specinterface    ) [ 00000000000000000000000]
specbitsmap_ln0         (specbitsmap      ) [ 00000000000000000000000]
specinterface_ln0       (specinterface    ) [ 00000000000000000000000]
store_ln49              (store            ) [ 00000000000000000000000]
br_ln49                 (br               ) [ 00000000000000000000000]
oc_3                    (load             ) [ 00011111100000000000000]
icmp_ln49               (icmp             ) [ 00111111111000000000000]
add_ln49                (add              ) [ 00000000000000000000000]
br_ln49                 (br               ) [ 00000000000000000000000]
trunc_ln59              (trunc            ) [ 00011111111000000000000]
zext_ln59_9             (zext             ) [ 00000000000000000000000]
tmp                     (bitconcatenate   ) [ 00000000000000000000000]
zext_ln59_10            (zext             ) [ 00000000000000000000000]
add_ln59_8              (add              ) [ 00011110000000000000000]
trunc_ln59_1            (trunc            ) [ 00011111100000000000000]
lshr_ln                 (partselect       ) [ 00010000000000000000000]
add_ln59_3              (add              ) [ 00000000000000000000000]
trunc_ln59_5            (trunc            ) [ 00010000000000000000000]
lshr_ln59_4             (partselect       ) [ 00000000000000000000000]
zext_ln59_4             (zext             ) [ 00000000000000000000000]
W1_addr                 (getelementptr    ) [ 00010000000000000000000]
store_ln49              (store            ) [ 00000000000000000000000]
oc_1                    (alloca           ) [ 00111111111111100000000]
store_ln78              (store            ) [ 00000000000000000000000]
br_ln78                 (br               ) [ 00000000000000000000000]
zext_ln59               (zext             ) [ 00000000000000000000000]
add_ln59                (add              ) [ 00000000000000000000000]
trunc_ln59_2            (trunc            ) [ 00001111100000000000000]
lshr_ln59_1             (partselect       ) [ 00000000000000000000000]
zext_ln59_1             (zext             ) [ 00000000000000000000000]
W1_load                 (load             ) [ 00000000000000000000000]
cmp38_1_1               (bitselect        ) [ 00001111100000000000000]
W1_addr_1               (getelementptr    ) [ 00001000000000000000000]
W1_addr_2               (getelementptr    ) [ 00001000000000000000000]
add_ln59_1              (add              ) [ 00000000000000000000000]
trunc_ln59_3            (trunc            ) [ 00000111100000000000000]
lshr_ln59_2             (partselect       ) [ 00000000000000000000000]
zext_ln59_2             (zext             ) [ 00000000000000000000000]
add_ln59_2              (add              ) [ 00000000000000000000000]
trunc_ln59_4            (trunc            ) [ 00000111100000000000000]
lshr_ln59_3             (partselect       ) [ 00000000000000000000000]
zext_ln59_3             (zext             ) [ 00000000000000000000000]
W1_addr_3               (getelementptr    ) [ 00000100000000000000000]
W1_addr_4               (getelementptr    ) [ 00000100000000000000000]
W1_load_1               (load             ) [ 00000111100000000000000]
W1_load_2               (load             ) [ 00000111100000000000000]
add_ln59_4              (add              ) [ 00000000000000000000000]
trunc_ln59_6            (trunc            ) [ 00000011100000000000000]
lshr_ln59_5             (partselect       ) [ 00000000000000000000000]
zext_ln59_5             (zext             ) [ 00000000000000000000000]
add_ln59_5              (add              ) [ 00000000000000000000000]
trunc_ln59_7            (trunc            ) [ 00000011100000000000000]
lshr_ln59_6             (partselect       ) [ 00000000000000000000000]
zext_ln59_6             (zext             ) [ 00000000000000000000000]
W1_addr_5               (getelementptr    ) [ 00000010000000000000000]
W1_addr_6               (getelementptr    ) [ 00000010000000000000000]
W1_load_3               (load             ) [ 00000011100000000000000]
W1_load_4               (load             ) [ 00000011100000000000000]
add_ln59_6              (add              ) [ 00000000000000000000000]
trunc_ln59_8            (trunc            ) [ 00000001100000000000000]
lshr_ln59_7             (partselect       ) [ 00000000000000000000000]
zext_ln59_7             (zext             ) [ 00000000000000000000000]
add_ln59_7              (add              ) [ 00000000000000000000000]
trunc_ln59_9            (trunc            ) [ 00000001100000000000000]
lshr_ln59_8             (partselect       ) [ 00000000000000000000000]
zext_ln59_8             (zext             ) [ 00000000000000000000000]
W1_addr_7               (getelementptr    ) [ 00000001000000000000000]
W1_addr_8               (getelementptr    ) [ 00000001000000000000000]
W1_load_5               (load             ) [ 00000001100000000000000]
W1_load_6               (load             ) [ 00000001100000000000000]
W1_load_7               (load             ) [ 00000000100000000000000]
W1_load_8               (load             ) [ 00000000100000000000000]
zext_ln49               (zext             ) [ 00000000000000000000000]
call_ln59               (call             ) [ 00000000000000000000000]
TAU1_addr               (getelementptr    ) [ 00000000010000000000000]
TAU1_load               (load             ) [ 00000000001000000000000]
speclooptripcount_ln49  (speclooptripcount) [ 00000000000000000000000]
specloopname_ln49       (specloopname     ) [ 00000000000000000000000]
call_ln73               (call             ) [ 00000000000000000000000]
br_ln49                 (br               ) [ 00000000000000000000000]
oc_4                    (load             ) [ 00000000000010000000000]
icmp_ln78               (icmp             ) [ 00000000000111100000000]
add_ln78                (add              ) [ 00000000000000000000000]
br_ln78                 (br               ) [ 00000000000000000000000]
p_shl3                  (bitconcatenate   ) [ 00000000000000000000000]
tmp_75                  (bitconcatenate   ) [ 00000000000000000000000]
zext_ln79               (zext             ) [ 00000000000000000000000]
add_ln79                (add              ) [ 00000000000010000000000]
store_ln78              (store            ) [ 00000000000000000000000]
oc_2                    (alloca           ) [ 00000000000111111110000]
store_ln109             (store            ) [ 00000000000000000000000]
br_ln109                (br               ) [ 00000000000000000000000]
zext_ln78               (zext             ) [ 00000000000000000000000]
call_ln79               (call             ) [ 00000000000000000000000]
TAU2_addr               (getelementptr    ) [ 00000000000001000000000]
trunc_ln104             (trunc            ) [ 00000000000001000000000]
TAU2_load               (load             ) [ 00000000000000100000000]
shl_ln2                 (bitconcatenate   ) [ 00000000000000100000000]
speclooptripcount_ln78  (speclooptripcount) [ 00000000000000000000000]
specloopname_ln78       (specloopname     ) [ 00000000000000000000000]
call_ln104              (call             ) [ 00000000000000000000000]
br_ln78                 (br               ) [ 00000000000000000000000]
oc_5                    (load             ) [ 00000000000000001000000]
icmp_ln109              (icmp             ) [ 00000000000000011110000]
add_ln109               (add              ) [ 00000000000000000000000]
br_ln109                (br               ) [ 00000000000000000000000]
p_shl                   (bitconcatenate   ) [ 00000000000000000000000]
tmp_76                  (bitconcatenate   ) [ 00000000000000000000000]
zext_ln110              (zext             ) [ 00000000000000000000000]
add_ln110               (add              ) [ 00000000000000001000000]
store_ln109             (store            ) [ 00000000000000000000000]
trunc_ln109             (trunc            ) [ 00000000000000000110000]
zext_ln109              (zext             ) [ 00000000000000000000000]
call_ln110              (call             ) [ 00000000000000000000000]
TAU3_addr               (getelementptr    ) [ 00000000000000000100000]
TAU3_load               (load             ) [ 00000000000000000010000]
speclooptripcount_ln109 (speclooptripcount) [ 00000000000000000000000]
specloopname_ln109      (specloopname     ) [ 00000000000000000000000]
call_ln135              (call             ) [ 00000000000000000000000]
br_ln109                (br               ) [ 00000000000000000000000]
call_ln0                (call             ) [ 00000000000000000000000]
BF2_addr                (getelementptr    ) [ 00000000000000000000100]
BF2_addr_1              (getelementptr    ) [ 00000000000000000000100]
a0                      (load             ) [ 00000000000000000000010]
a1                      (load             ) [ 00000000000000000000010]
call_ln152              (call             ) [ 00000000000000000000000]
a1_1_loc_load           (load             ) [ 00000000000000000000000]
a0_1_loc_load           (load             ) [ 00000000000000000000000]
trunc_ln160             (trunc            ) [ 00000000000000000000000]
write_ln160             (write            ) [ 00000000000000000000000]
trunc_ln161             (trunc            ) [ 00000000000000000000000]
write_ln161             (write            ) [ 00000000000000000000000]
icmp_ln162              (icmp             ) [ 00000000000000000000000]
zext_ln162              (zext             ) [ 00000000000000000000000]
write_ln162             (write            ) [ 00000000000000000000000]
ret_ln163               (ret              ) [ 00000000000000000000000]
</LifeTime>

<model>

<comp_list>
<comp id="0" class="1000" name="img_0">
<pin_list>
<pin id="1" dir="1" index="0" bw="1" slack="0"/>
</pin_list>
<bind>
<StgValue><ssdm name="img_0"/><MemPortTyVec>1 1 </MemPortTyVec>
</StgValue>
</bind>
</comp>

<comp id="2" class="1000" name="img_1">
<pin_list>
<pin id="3" dir="1" index="0" bw="1" slack="0"/>
</pin_list>
<bind>
<StgValue><ssdm name="img_1"/><MemPortTyVec>1 1 </MemPortTyVec>
</StgValue>
</bind>
</comp>

<comp id="4" class="1000" name="img_2">
<pin_list>
<pin id="5" dir="1" index="0" bw="1" slack="0"/>
</pin_list>
<bind>
<StgValue><ssdm name="img_2"/><MemPortTyVec>1 1 </MemPortTyVec>
</StgValue>
</bind>
</comp>

<comp id="6" class="1000" name="img_3">
<pin_list>
<pin id="7" dir="1" index="0" bw="1" slack="0"/>
</pin_list>
<bind>
<StgValue><ssdm name="img_3"/><MemPortTyVec>1 1 </MemPortTyVec>
</StgValue>
</bind>
</comp>

<comp id="8" class="1000" name="W1">
<pin_list>
<pin id="9" dir="1" index="0" bw="1" slack="0"/>
</pin_list>
<bind>
<StgValue><ssdm name="W1"/><MemPortTyVec>1 1 </MemPortTyVec>
</StgValue>
</bind>
</comp>

<comp id="10" class="1000" name="TAU1">
<pin_list>
<pin id="11" dir="1" index="0" bw="1" slack="0"/>
</pin_list>
<bind>
<StgValue><ssdm name="TAU1"/><MemPortTyVec>1 3 </MemPortTyVec>
</StgValue>
</bind>
</comp>

<comp id="12" class="1000" name="W2_0">
<pin_list>
<pin id="13" dir="1" index="0" bw="1" slack="0"/>
</pin_list>
<bind>
<StgValue><ssdm name="W2_0"/><MemPortTyVec>1 1 </MemPortTyVec>
</StgValue>
</bind>
</comp>

<comp id="14" class="1000" name="W2_1">
<pin_list>
<pin id="15" dir="1" index="0" bw="1" slack="0"/>
</pin_list>
<bind>
<StgValue><ssdm name="W2_1"/><MemPortTyVec>1 1 </MemPortTyVec>
</StgValue>
</bind>
</comp>

<comp id="16" class="1000" name="TAU2">
<pin_list>
<pin id="17" dir="1" index="0" bw="1" slack="0"/>
</pin_list>
<bind>
<StgValue><ssdm name="TAU2"/><MemPortTyVec>1 3 </MemPortTyVec>
</StgValue>
</bind>
</comp>

<comp id="18" class="1000" name="W3_0">
<pin_list>
<pin id="19" dir="1" index="0" bw="1" slack="0"/>
</pin_list>
<bind>
<StgValue><ssdm name="W3_0"/><MemPortTyVec>1 1 </MemPortTyVec>
</StgValue>
</bind>
</comp>

<comp id="20" class="1000" name="W3_1">
<pin_list>
<pin id="21" dir="1" index="0" bw="1" slack="0"/>
</pin_list>
<bind>
<StgValue><ssdm name="W3_1"/><MemPortTyVec>1 1 </MemPortTyVec>
</StgValue>
</bind>
</comp>

<comp id="22" class="1000" name="TAU3">
<pin_list>
<pin id="23" dir="1" index="0" bw="1" slack="0"/>
</pin_list>
<bind>
<StgValue><ssdm name="TAU3"/><MemPortTyVec>1 3 </MemPortTyVec>
</StgValue>
</bind>
</comp>

<comp id="24" class="1000" name="WF1">
<pin_list>
<pin id="25" dir="1" index="0" bw="1" slack="0"/>
</pin_list>
<bind>
<StgValue><ssdm name="WF1"/><MemPortTyVec>1 3 </MemPortTyVec>
</StgValue>
</bind>
</comp>

<comp id="26" class="1000" name="TAUF1">
<pin_list>
<pin id="27" dir="1" index="0" bw="1" slack="0"/>
</pin_list>
<bind>
<StgValue><ssdm name="TAUF1"/><MemPortTyVec>1 3 </MemPortTyVec>
</StgValue>
</bind>
</comp>

<comp id="28" class="1000" name="WF2">
<pin_list>
<pin id="29" dir="1" index="0" bw="1" slack="0"/>
</pin_list>
<bind>
<StgValue><ssdm name="WF2"/><MemPortTyVec>1 1 </MemPortTyVec>
</StgValue>
</bind>
</comp>

<comp id="30" class="1000" name="BF2">
<pin_list>
<pin id="31" dir="1" index="0" bw="1" slack="0"/>
</pin_list>
<bind>
<StgValue><ssdm name="BF2"/><MemPortTyVec>1 1 </MemPortTyVec>
</StgValue>
</bind>
</comp>

<comp id="32" class="1000" name="logit0">
<pin_list>
<pin id="33" dir="1" index="0" bw="1" slack="0"/>
</pin_list>
<bind>
<StgValue><ssdm name="logit0"/></StgValue>
</bind>
</comp>

<comp id="34" class="1000" name="logit1">
<pin_list>
<pin id="35" dir="1" index="0" bw="1" slack="0"/>
</pin_list>
<bind>
<StgValue><ssdm name="logit1"/></StgValue>
</bind>
</comp>

<comp id="36" class="1000" name="pred_r">
<pin_list>
<pin id="37" dir="1" index="0" bw="1" slack="0"/>
</pin_list>
<bind>
<StgValue><ssdm name="pred_r"/></StgValue>
</bind>
</comp>

<comp id="38" class="1000" name="bnn_top_int_const_unsigned_int_const_int_const_unsigned_int_const_int_co_4">
<pin_list>
<pin id="39" dir="1" index="0" bw="1" slack="0"/>
</pin_list>
<bind>
<StgValue><ssdm name="bnn_top_int_const_unsigned_int_const_int_const_unsigned_int_const_int_co_4"/><MemPortTyVec>2 1 </MemPortTyVec>
</StgValue>
</bind>
</comp>

<comp id="40" class="1000" name="bnn_top_int_const_unsigned_int_const_int_const_unsigned_int_const_int_co_3">
<pin_list>
<pin id="41" dir="1" index="0" bw="1" slack="0"/>
</pin_list>
<bind>
<StgValue><ssdm name="bnn_top_int_const_unsigned_int_const_int_const_unsigned_int_const_int_co_3"/><MemPortTyVec>2 1 </MemPortTyVec>
</StgValue>
</bind>
</comp>

<comp id="42" class="1000" name="bnn_top_int_const_unsigned_int_const_int_const_unsigned_int_const_int_co_2">
<pin_list>
<pin id="43" dir="1" index="0" bw="1" slack="0"/>
</pin_list>
<bind>
<StgValue><ssdm name="bnn_top_int_const_unsigned_int_const_int_const_unsigned_int_const_int_co_2"/><MemPortTyVec>2 1 </MemPortTyVec>
</StgValue>
</bind>
</comp>

<comp id="44" class="1000" name="bnn_top_int_const_unsigned_int_const_int_const_unsigned_int_const_int_co_1">
<pin_list>
<pin id="45" dir="1" index="0" bw="1" slack="0"/>
</pin_list>
<bind>
<StgValue><ssdm name="bnn_top_int_const_unsigned_int_const_int_const_unsigned_int_const_int_co_1"/><MemPortTyVec>2 1 </MemPortTyVec>
</StgValue>
</bind>
</comp>

<comp id="46" class="1000" name="bnn_top_int_const_unsigned_int_const_int_const_unsigned_int_const_int_co">
<pin_list>
<pin id="47" dir="1" index="0" bw="1" slack="0"/>
</pin_list>
<bind>
<StgValue><ssdm name="bnn_top_int_const_unsigned_int_const_int_const_unsigned_int_const_int_co"/><MemPortTyVec>2 1 </MemPortTyVec>
</StgValue>
</bind>
</comp>

<comp id="48" class="1000" name="bnn_top_int_const_unsigned_int_const_int_const_unsigned_int_const_int_co_20">
<pin_list>
<pin id="49" dir="1" index="0" bw="1" slack="0"/>
</pin_list>
<bind>
<StgValue><ssdm name="bnn_top_int_const_unsigned_int_const_int_const_unsigned_int_const_int_co_20"/><MemPortTyVec>2 3 </MemPortTyVec>
</StgValue>
</bind>
</comp>

<comp id="50" class="1000" name="bnn_top_int_const_unsigned_int_const_int_const_unsigned_int_const_int_co_19">
<pin_list>
<pin id="51" dir="1" index="0" bw="1" slack="0"/>
</pin_list>
<bind>
<StgValue><ssdm name="bnn_top_int_const_unsigned_int_const_int_const_unsigned_int_const_int_co_19"/><MemPortTyVec>2 3 </MemPortTyVec>
</StgValue>
</bind>
</comp>

<comp id="52" class="1000" name="bnn_top_int_const_unsigned_int_const_int_const_unsigned_int_const_int_co_18">
<pin_list>
<pin id="53" dir="1" index="0" bw="1" slack="0"/>
</pin_list>
<bind>
<StgValue><ssdm name="bnn_top_int_const_unsigned_int_const_int_const_unsigned_int_const_int_co_18"/><MemPortTyVec>2 3 </MemPortTyVec>
</StgValue>
</bind>
</comp>

<comp id="54" class="1000" name="bnn_top_int_const_unsigned_int_const_int_const_unsigned_int_const_int_co_17">
<pin_list>
<pin id="55" dir="1" index="0" bw="1" slack="0"/>
</pin_list>
<bind>
<StgValue><ssdm name="bnn_top_int_const_unsigned_int_const_int_const_unsigned_int_const_int_co_17"/><MemPortTyVec>2 3 </MemPortTyVec>
</StgValue>
</bind>
</comp>

<comp id="56" class="1000" name="bnn_top_int_const_unsigned_int_const_int_const_unsigned_int_const_int_co_16">
<pin_list>
<pin id="57" dir="1" index="0" bw="1" slack="0"/>
</pin_list>
<bind>
<StgValue><ssdm name="bnn_top_int_const_unsigned_int_const_int_const_unsigned_int_const_int_co_16"/><MemPortTyVec>2 3 </MemPortTyVec>
</StgValue>
</bind>
</comp>

<comp id="58" class="1000" name="bnn_top_int_const_unsigned_int_const_int_const_unsigned_int_const_int_co_15">
<pin_list>
<pin id="59" dir="1" index="0" bw="1" slack="0"/>
</pin_list>
<bind>
<StgValue><ssdm name="bnn_top_int_const_unsigned_int_const_int_const_unsigned_int_const_int_co_15"/><MemPortTyVec>2 3 </MemPortTyVec>
</StgValue>
</bind>
</comp>

<comp id="60" class="1000" name="bnn_top_int_const_unsigned_int_const_int_const_unsigned_int_const_int_co_14">
<pin_list>
<pin id="61" dir="1" index="0" bw="1" slack="0"/>
</pin_list>
<bind>
<StgValue><ssdm name="bnn_top_int_const_unsigned_int_const_int_const_unsigned_int_const_int_co_14"/><MemPortTyVec>2 3 </MemPortTyVec>
</StgValue>
</bind>
</comp>

<comp id="62" class="1000" name="bnn_top_int_const_unsigned_int_const_int_const_unsigned_int_const_int_co_13">
<pin_list>
<pin id="63" dir="1" index="0" bw="1" slack="0"/>
</pin_list>
<bind>
<StgValue><ssdm name="bnn_top_int_const_unsigned_int_const_int_const_unsigned_int_const_int_co_13"/><MemPortTyVec>2 3 </MemPortTyVec>
</StgValue>
</bind>
</comp>

<comp id="64" class="1000" name="bnn_top_int_const_unsigned_int_const_int_const_unsigned_int_const_int_co_12">
<pin_list>
<pin id="65" dir="1" index="0" bw="1" slack="0"/>
</pin_list>
<bind>
<StgValue><ssdm name="bnn_top_int_const_unsigned_int_const_int_const_unsigned_int_const_int_co_12"/><MemPortTyVec>2 3 </MemPortTyVec>
</StgValue>
</bind>
</comp>

<comp id="66" class="1000" name="bnn_top_int_const_unsigned_int_const_int_const_unsigned_int_const_int_co_6">
<pin_list>
<pin id="67" dir="1" index="0" bw="1" slack="0"/>
</pin_list>
<bind>
<StgValue><ssdm name="bnn_top_int_const_unsigned_int_const_int_const_unsigned_int_const_int_co_6"/><MemPortTyVec>2 3 </MemPortTyVec>
</StgValue>
</bind>
</comp>

<comp id="68" class="1000" name="bnn_top_int_const_unsigned_int_const_int_const_unsigned_int_const_int_co_5">
<pin_list>
<pin id="69" dir="1" index="0" bw="1" slack="0"/>
</pin_list>
<bind>
<StgValue><ssdm name="bnn_top_int_const_unsigned_int_const_int_const_unsigned_int_const_int_co_5"/><MemPortTyVec>2 3 </MemPortTyVec>
</StgValue>
</bind>
</comp>

<comp id="70" class="1000" name="bnn_top_int_const_unsigned_int_const_int_const_unsigned_int_const_int_co_11">
<pin_list>
<pin id="71" dir="1" index="0" bw="1" slack="0"/>
</pin_list>
<bind>
<StgValue><ssdm name="bnn_top_int_const_unsigned_int_const_int_const_unsigned_int_const_int_co_11"/><MemPortTyVec>2 3 </MemPortTyVec>
</StgValue>
</bind>
</comp>

<comp id="72" class="1000" name="bnn_top_int_const_unsigned_int_const_int_const_unsigned_int_const_int_co_10">
<pin_list>
<pin id="73" dir="1" index="0" bw="1" slack="0"/>
</pin_list>
<bind>
<StgValue><ssdm name="bnn_top_int_const_unsigned_int_const_int_const_unsigned_int_const_int_co_10"/><MemPortTyVec>2 3 </MemPortTyVec>
</StgValue>
</bind>
</comp>

<comp id="74" class="1000" name="bnn_top_int_const_unsigned_int_const_int_const_unsigned_int_const_int_co_9">
<pin_list>
<pin id="75" dir="1" index="0" bw="1" slack="0"/>
</pin_list>
<bind>
<StgValue><ssdm name="bnn_top_int_const_unsigned_int_const_int_const_unsigned_int_const_int_co_9"/><MemPortTyVec>2 3 </MemPortTyVec>
</StgValue>
</bind>
</comp>

<comp id="76" class="1000" name="bnn_top_int_const_unsigned_int_const_int_const_unsigned_int_const_int_co_8">
<pin_list>
<pin id="77" dir="1" index="0" bw="1" slack="0"/>
</pin_list>
<bind>
<StgValue><ssdm name="bnn_top_int_const_unsigned_int_const_int_const_unsigned_int_const_int_co_8"/><MemPortTyVec>2 3 </MemPortTyVec>
</StgValue>
</bind>
</comp>

<comp id="78" class="1000" name="bnn_top_int_const_unsigned_int_const_int_const_unsigned_int_const_int_co_7">
<pin_list>
<pin id="79" dir="1" index="0" bw="1" slack="0"/>
</pin_list>
<bind>
<StgValue><ssdm name="bnn_top_int_const_unsigned_int_const_int_const_unsigned_int_const_int_co_7"/><MemPortTyVec>2 3 </MemPortTyVec>
</StgValue>
</bind>
</comp>

<comp id="80" class="1000" name="f1">
<pin_list>
<pin id="81" dir="1" index="0" bw="1" slack="0"/>
</pin_list>
<bind>
<StgValue><ssdm name="f1"/><MemPortTyVec>2 3 </MemPortTyVec>
</StgValue>
</bind>
</comp>

<comp id="82" class="1000" name="l3">
<pin_list>
<pin id="83" dir="1" index="0" bw="1" slack="0"/>
</pin_list>
<bind>
<StgValue><ssdm name="l3"/><MemPortTyVec>2 3 </MemPortTyVec>
</StgValue>
</bind>
</comp>

<comp id="84" class="1001" name="const_84">
<pin_list>
<pin id="85" dir="1" index="0" bw="1" slack="0"/>
</pin_list>
<bind>
<StgValue><ssdm name=""/></StgValue>
</bind>
</comp>

<comp id="86" class="1001" name="const_86">
<pin_list>
<pin id="87" dir="1" index="0" bw="1" slack="0"/>
</pin_list>
<bind>
<StgValue><ssdm name=""/></StgValue>
</bind>
</comp>

<comp id="88" class="1001" name="const_88">
<pin_list>
<pin id="89" dir="1" index="0" bw="1" slack="2147483647"/>
</pin_list>
<bind>
<StgValue><ssdm name="_ssdm_op_SpecTopModule"/></StgValue>
</bind>
</comp>

<comp id="90" class="1001" name="const_90">
<pin_list>
<pin id="91" dir="1" index="0" bw="1" slack="2147483647"/>
</pin_list>
<bind>
<StgValue><ssdm name="empty"/></StgValue>
</bind>
</comp>

<comp id="92" class="1001" name="const_92">
<pin_list>
<pin id="93" dir="1" index="0" bw="1" slack="2147483647"/>
</pin_list>
<bind>
<StgValue><ssdm name="_ssdm_op_SpecInterface"/></StgValue>
</bind>
</comp>

<comp id="94" class="1001" name="const_94">
<pin_list>
<pin id="95" dir="1" index="0" bw="1" slack="2147483647"/>
</pin_list>
<bind>
<StgValue><ssdm name="empty_5"/></StgValue>
</bind>
</comp>

<comp id="96" class="1001" name="const_96">
<pin_list>
<pin id="97" dir="1" index="0" bw="1" slack="2147483647"/>
</pin_list>
<bind>
<StgValue><ssdm name=""/></StgValue>
</bind>
</comp>

<comp id="98" class="1001" name="const_98">
<pin_list>
<pin id="99" dir="1" index="0" bw="1" slack="2147483647"/>
</pin_list>
<bind>
<StgValue><ssdm name="empty_2"/></StgValue>
</bind>
</comp>

<comp id="100" class="1001" name="const_100">
<pin_list>
<pin id="101" dir="1" index="0" bw="1" slack="2147483647"/>
</pin_list>
<bind>
<StgValue><ssdm name=""/></StgValue>
</bind>
</comp>

<comp id="102" class="1001" name="const_102">
<pin_list>
<pin id="103" dir="1" index="0" bw="1" slack="2147483647"/>
</pin_list>
<bind>
<StgValue><ssdm name="_ssdm_op_SpecBitsMap"/></StgValue>
</bind>
</comp>

<comp id="104" class="1001" name="const_104">
<pin_list>
<pin id="105" dir="1" index="0" bw="1" slack="2147483647"/>
</pin_list>
<bind>
<StgValue><ssdm name="empty_6"/></StgValue>
</bind>
</comp>

<comp id="106" class="1001" name="const_106">
<pin_list>
<pin id="107" dir="1" index="0" bw="1" slack="0"/>
</pin_list>
<bind>
<StgValue><ssdm name=""/></StgValue>
</bind>
</comp>

<comp id="108" class="1001" name="const_108">
<pin_list>
<pin id="109" dir="1" index="0" bw="1" slack="0"/>
</pin_list>
<bind>
<StgValue><ssdm name=""/></StgValue>
</bind>
</comp>

<comp id="110" class="1001" name="const_110">
<pin_list>
<pin id="111" dir="1" index="0" bw="1" slack="0"/>
</pin_list>
<bind>
<StgValue><ssdm name=""/></StgValue>
</bind>
</comp>

<comp id="112" class="1001" name="const_112">
<pin_list>
<pin id="113" dir="1" index="0" bw="1" slack="0"/>
</pin_list>
<bind>
<StgValue><ssdm name="_ssdm_op_BitConcatenate.i8.i5.i3"/></StgValue>
</bind>
</comp>

<comp id="114" class="1001" name="const_114">
<pin_list>
<pin id="115" dir="1" index="0" bw="1" slack="0"/>
</pin_list>
<bind>
<StgValue><ssdm name=""/></StgValue>
</bind>
</comp>

<comp id="116" class="1001" name="const_116">
<pin_list>
<pin id="117" dir="1" index="0" bw="1" slack="0"/>
</pin_list>
<bind>
<StgValue><ssdm name="_ssdm_op_PartSelect.i4.i9.i32.i32"/></StgValue>
</bind>
</comp>

<comp id="118" class="1001" name="const_118">
<pin_list>
<pin id="119" dir="1" index="0" bw="1" slack="0"/>
</pin_list>
<bind>
<StgValue><ssdm name=""/></StgValue>
</bind>
</comp>

<comp id="120" class="1001" name="const_120">
<pin_list>
<pin id="121" dir="1" index="0" bw="1" slack="0"/>
</pin_list>
<bind>
<StgValue><ssdm name=""/></StgValue>
</bind>
</comp>

<comp id="122" class="1001" name="const_122">
<pin_list>
<pin id="123" dir="1" index="0" bw="1" slack="0"/>
</pin_list>
<bind>
<StgValue><ssdm name=""/></StgValue>
</bind>
</comp>

<comp id="124" class="1001" name="const_124">
<pin_list>
<pin id="125" dir="1" index="0" bw="1" slack="0"/>
</pin_list>
<bind>
<StgValue><ssdm name=""/></StgValue>
</bind>
</comp>

<comp id="126" class="1001" name="const_126">
<pin_list>
<pin id="127" dir="1" index="0" bw="1" slack="0"/>
</pin_list>
<bind>
<StgValue><ssdm name=""/></StgValue>
</bind>
</comp>

<comp id="128" class="1001" name="const_128">
<pin_list>
<pin id="129" dir="1" index="0" bw="1" slack="0"/>
</pin_list>
<bind>
<StgValue><ssdm name=""/></StgValue>
</bind>
</comp>

<comp id="130" class="1001" name="const_130">
<pin_list>
<pin id="131" dir="1" index="0" bw="1" slack="0"/>
</pin_list>
<bind>
<StgValue><ssdm name="_ssdm_op_BitSelect.i1.i32.i5"/></StgValue>
</bind>
</comp>

<comp id="132" class="1001" name="const_132">
<pin_list>
<pin id="133" dir="1" index="0" bw="1" slack="0"/>
</pin_list>
<bind>
<StgValue><ssdm name=""/></StgValue>
</bind>
</comp>

<comp id="134" class="1001" name="const_134">
<pin_list>
<pin id="135" dir="1" index="0" bw="1" slack="0"/>
</pin_list>
<bind>
<StgValue><ssdm name=""/></StgValue>
</bind>
</comp>

<comp id="136" class="1001" name="const_136">
<pin_list>
<pin id="137" dir="1" index="0" bw="1" slack="0"/>
</pin_list>
<bind>
<StgValue><ssdm name=""/></StgValue>
</bind>
</comp>

<comp id="138" class="1001" name="const_138">
<pin_list>
<pin id="139" dir="1" index="0" bw="1" slack="0"/>
</pin_list>
<bind>
<StgValue><ssdm name=""/></StgValue>
</bind>
</comp>

<comp id="140" class="1001" name="const_140">
<pin_list>
<pin id="141" dir="1" index="0" bw="1" slack="0"/>
</pin_list>
<bind>
<StgValue><ssdm name=""/></StgValue>
</bind>
</comp>

<comp id="142" class="1001" name="const_142">
<pin_list>
<pin id="143" dir="1" index="0" bw="1" slack="0"/>
</pin_list>
<bind>
<StgValue><ssdm name=""/></StgValue>
</bind>
</comp>

<comp id="144" class="1001" name="const_144">
<pin_list>
<pin id="145" dir="1" index="0" bw="1" slack="0"/>
</pin_list>
<bind>
<StgValue><ssdm name="bnn_top_Pipeline_VITIS_LOOP_50_2_VITIS_LOOP_51_3"/></StgValue>
</bind>
</comp>

<comp id="146" class="1001" name="const_146">
<pin_list>
<pin id="147" dir="1" index="0" bw="1" slack="0"/>
</pin_list>
<bind>
<StgValue><ssdm name="bnn_top_Pipeline_VITIS_LOOP_65_6_VITIS_LOOP_66_7"/></StgValue>
</bind>
</comp>

<comp id="148" class="1001" name="const_148">
<pin_list>
<pin id="149" dir="1" index="0" bw="1" slack="2147483647"/>
</pin_list>
<bind>
<StgValue><ssdm name="_ssdm_op_SpecLoopTripCount"/></StgValue>
</bind>
</comp>

<comp id="150" class="1001" name="const_150">
<pin_list>
<pin id="151" dir="1" index="0" bw="1" slack="2147483647"/>
</pin_list>
<bind>
<StgValue><ssdm name=""/></StgValue>
</bind>
</comp>

<comp id="152" class="1001" name="const_152">
<pin_list>
<pin id="153" dir="1" index="0" bw="1" slack="2147483647"/>
</pin_list>
<bind>
<StgValue><ssdm name="_ssdm_op_SpecLoopName"/></StgValue>
</bind>
</comp>

<comp id="154" class="1001" name="const_154">
<pin_list>
<pin id="155" dir="1" index="0" bw="1" slack="2147483647"/>
</pin_list>
<bind>
<StgValue><ssdm name="empty_4"/></StgValue>
</bind>
</comp>

<comp id="156" class="1001" name="const_156">
<pin_list>
<pin id="157" dir="1" index="0" bw="1" slack="0"/>
</pin_list>
<bind>
<StgValue><ssdm name=""/></StgValue>
</bind>
</comp>

<comp id="158" class="1001" name="const_158">
<pin_list>
<pin id="159" dir="1" index="0" bw="1" slack="0"/>
</pin_list>
<bind>
<StgValue><ssdm name=""/></StgValue>
</bind>
</comp>

<comp id="160" class="1001" name="const_160">
<pin_list>
<pin id="161" dir="1" index="0" bw="1" slack="0"/>
</pin_list>
<bind>
<StgValue><ssdm name="_ssdm_op_BitConcatenate.i15.i7.i8"/></StgValue>
</bind>
</comp>

<comp id="162" class="1001" name="const_162">
<pin_list>
<pin id="163" dir="1" index="0" bw="1" slack="0"/>
</pin_list>
<bind>
<StgValue><ssdm name=""/></StgValue>
</bind>
</comp>

<comp id="164" class="1001" name="const_164">
<pin_list>
<pin id="165" dir="1" index="0" bw="1" slack="0"/>
</pin_list>
<bind>
<StgValue><ssdm name="_ssdm_op_BitConcatenate.i12.i7.i5"/></StgValue>
</bind>
</comp>

<comp id="166" class="1001" name="const_166">
<pin_list>
<pin id="167" dir="1" index="0" bw="1" slack="0"/>
</pin_list>
<bind>
<StgValue><ssdm name=""/></StgValue>
</bind>
</comp>

<comp id="168" class="1001" name="const_168">
<pin_list>
<pin id="169" dir="1" index="0" bw="1" slack="0"/>
</pin_list>
<bind>
<StgValue><ssdm name="bnn_top_Pipeline_VITIS_LOOP_79_9_VITIS_LOOP_80_10_VITIS_LOOP_82_11"/></StgValue>
</bind>
</comp>

<comp id="170" class="1001" name="const_170">
<pin_list>
<pin id="171" dir="1" index="0" bw="1" slack="0"/>
</pin_list>
<bind>
<StgValue><ssdm name="_ssdm_op_BitConcatenate.i9.i6.i3"/></StgValue>
</bind>
</comp>

<comp id="172" class="1001" name="const_172">
<pin_list>
<pin id="173" dir="1" index="0" bw="1" slack="0"/>
</pin_list>
<bind>
<StgValue><ssdm name="bnn_top_Pipeline_VITIS_LOOP_96_14_VITIS_LOOP_97_15"/></StgValue>
</bind>
</comp>

<comp id="174" class="1001" name="const_174">
<pin_list>
<pin id="175" dir="1" index="0" bw="1" slack="2147483647"/>
</pin_list>
<bind>
<StgValue><ssdm name=""/></StgValue>
</bind>
</comp>

<comp id="176" class="1001" name="const_176">
<pin_list>
<pin id="177" dir="1" index="0" bw="1" slack="2147483647"/>
</pin_list>
<bind>
<StgValue><ssdm name="empty_1"/></StgValue>
</bind>
</comp>

<comp id="178" class="1001" name="const_178">
<pin_list>
<pin id="179" dir="1" index="0" bw="1" slack="0"/>
</pin_list>
<bind>
<StgValue><ssdm name="_ssdm_op_BitConcatenate.i16.i7.i9"/></StgValue>
</bind>
</comp>

<comp id="180" class="1001" name="const_180">
<pin_list>
<pin id="181" dir="1" index="0" bw="1" slack="0"/>
</pin_list>
<bind>
<StgValue><ssdm name=""/></StgValue>
</bind>
</comp>

<comp id="182" class="1001" name="const_182">
<pin_list>
<pin id="183" dir="1" index="0" bw="1" slack="0"/>
</pin_list>
<bind>
<StgValue><ssdm name="_ssdm_op_BitConcatenate.i13.i7.i6"/></StgValue>
</bind>
</comp>

<comp id="184" class="1001" name="const_184">
<pin_list>
<pin id="185" dir="1" index="0" bw="1" slack="0"/>
</pin_list>
<bind>
<StgValue><ssdm name="bnn_top_Pipeline_VITIS_LOOP_110_17_VITIS_LOOP_111_18_VITIS_LOOP_113_19"/></StgValue>
</bind>
</comp>

<comp id="186" class="1001" name="const_186">
<pin_list>
<pin id="187" dir="1" index="0" bw="1" slack="0"/>
</pin_list>
<bind>
<StgValue><ssdm name="bnn_top_Pipeline_VITIS_LOOP_140_24_VITIS_LOOP_142_25"/></StgValue>
</bind>
</comp>

<comp id="188" class="1001" name="const_188">
<pin_list>
<pin id="189" dir="1" index="0" bw="1" slack="0"/>
</pin_list>
<bind>
<StgValue><ssdm name="bnn_top_Pipeline_VITIS_LOOP_127_22_VITIS_LOOP_128_23"/></StgValue>
</bind>
</comp>

<comp id="190" class="1001" name="const_190">
<pin_list>
<pin id="191" dir="1" index="0" bw="1" slack="2147483647"/>
</pin_list>
<bind>
<StgValue><ssdm name="empty_3"/></StgValue>
</bind>
</comp>

<comp id="192" class="1001" name="const_192">
<pin_list>
<pin id="193" dir="1" index="0" bw="1" slack="0"/>
</pin_list>
<bind>
<StgValue><ssdm name="bnn_top_Pipeline_VITIS_LOOP_153_26"/></StgValue>
</bind>
</comp>

<comp id="194" class="1001" name="const_194">
<pin_list>
<pin id="195" dir="1" index="0" bw="1" slack="0"/>
</pin_list>
<bind>
<StgValue><ssdm name="_ssdm_op_Write.ap_auto.i32P0A"/></StgValue>
</bind>
</comp>

<comp id="196" class="1004" name="oc_fu_196">
<pin_list>
<pin id="197" dir="0" index="0" bw="1" slack="0"/>
<pin id="198" dir="1" index="1" bw="6" slack="0"/>
</pin_list>
<bind>
<opcode="alloca(26) " fcode="alloca"/>
<opset="oc/1 "/>
</bind>
</comp>

<comp id="200" class="1004" name="a0_1_loc_fu_200">
<pin_list>
<pin id="201" dir="0" index="0" bw="1" slack="0"/>
<pin id="202" dir="1" index="1" bw="40" slack="5"/>
</pin_list>
<bind>
<opcode="alloca(26) " fcode="alloca"/>
<opset="a0_1_loc/1 "/>
</bind>
</comp>

<comp id="204" class="1004" name="a1_1_loc_fu_204">
<pin_list>
<pin id="205" dir="0" index="0" bw="1" slack="0"/>
<pin id="206" dir="1" index="1" bw="40" slack="5"/>
</pin_list>
<bind>
<opcode="alloca(26) " fcode="alloca"/>
<opset="a1_1_loc/1 "/>
</bind>
</comp>

<comp id="208" class="1004" name="oc_1_fu_208">
<pin_list>
<pin id="209" dir="0" index="0" bw="1" slack="0"/>
<pin id="210" dir="1" index="1" bw="7" slack="0"/>
</pin_list>
<bind>
<opcode="alloca(26) " fcode="alloca"/>
<opset="oc_1/2 "/>
</bind>
</comp>

<comp id="212" class="1004" name="oc_2_fu_212">
<pin_list>
<pin id="213" dir="0" index="0" bw="1" slack="0"/>
<pin id="214" dir="1" index="1" bw="7" slack="0"/>
</pin_list>
<bind>
<opcode="alloca(26) " fcode="alloca"/>
<opset="oc_2/11 "/>
</bind>
</comp>

<comp id="216" class="1004" name="write_ln160_write_fu_216">
<pin_list>
<pin id="217" dir="0" index="0" bw="0" slack="0"/>
<pin id="218" dir="0" index="1" bw="32" slack="0"/>
<pin id="219" dir="0" index="2" bw="32" slack="0"/>
<pin id="220" dir="1" index="3" bw="0" slack="2147483647"/>
</pin_list>
<bind>
<opcode="write(1151) " fcode="write"/>
<opset="write_ln160/22 "/>
</bind>
</comp>

<comp id="223" class="1004" name="write_ln161_write_fu_223">
<pin_list>
<pin id="224" dir="0" index="0" bw="0" slack="0"/>
<pin id="225" dir="0" index="1" bw="32" slack="0"/>
<pin id="226" dir="0" index="2" bw="32" slack="0"/>
<pin id="227" dir="1" index="3" bw="0" slack="2147483647"/>
</pin_list>
<bind>
<opcode="write(1151) " fcode="write"/>
<opset="write_ln161/22 "/>
</bind>
</comp>

<comp id="230" class="1004" name="write_ln162_write_fu_230">
<pin_list>
<pin id="231" dir="0" index="0" bw="0" slack="0"/>
<pin id="232" dir="0" index="1" bw="32" slack="0"/>
<pin id="233" dir="0" index="2" bw="1" slack="0"/>
<pin id="234" dir="1" index="3" bw="0" slack="2147483647"/>
</pin_list>
<bind>
<opcode="write(1151) " fcode="write"/>
<opset="write_ln162/22 "/>
</bind>
</comp>

<comp id="237" class="1004" name="W1_addr_gep_fu_237">
<pin_list>
<pin id="238" dir="0" index="0" bw="32" slack="0"/>
<pin id="239" dir="0" index="1" bw="1" slack="0"/>
<pin id="240" dir="0" index="2" bw="4" slack="0"/>
<pin id="241" dir="1" index="3" bw="4" slack="0"/>
</pin_list>
<bind>
<opcode="getelementptr(29) " fcode="getelementptr"/>
<opset="W1_addr/2 "/>
</bind>
</comp>

<comp id="244" class="1004" name="grp_access_fu_244">
<pin_list>
<pin id="245" dir="0" index="0" bw="4" slack="0"/>
<pin id="246" dir="0" index="1" bw="32" slack="2147483647"/>
<pin id="247" dir="0" index="2" bw="0" slack="0"/>
<pin id="264" dir="0" index="4" bw="4" slack="2147483647"/>
<pin id="265" dir="0" index="5" bw="32" slack="2147483647"/>
<pin id="266" dir="0" index="6" bw="0" slack="2147483647"/>
<pin id="248" dir="1" index="3" bw="32" slack="0"/>
<pin id="267" dir="1" index="7" bw="32" slack="0"/>
</pin_list>
<bind>
<opcode="load(27) " fcode="load"/>
<opset="W1_load/2 W1_load_1/3 W1_load_2/3 W1_load_3/4 W1_load_4/4 W1_load_5/5 W1_load_6/5 W1_load_7/6 W1_load_8/6 "/>
</bind>
</comp>

<comp id="250" class="1004" name="W1_addr_1_gep_fu_250">
<pin_list>
<pin id="251" dir="0" index="0" bw="32" slack="0"/>
<pin id="252" dir="0" index="1" bw="1" slack="0"/>
<pin id="253" dir="0" index="2" bw="4" slack="0"/>
<pin id="254" dir="1" index="3" bw="4" slack="0"/>
</pin_list>
<bind>
<opcode="getelementptr(29) " fcode="getelementptr"/>
<opset="W1_addr_1/3 "/>
</bind>
</comp>

<comp id="257" class="1004" name="W1_addr_2_gep_fu_257">
<pin_list>
<pin id="258" dir="0" index="0" bw="32" slack="0"/>
<pin id="259" dir="0" index="1" bw="1" slack="0"/>
<pin id="260" dir="0" index="2" bw="4" slack="0"/>
<pin id="261" dir="1" index="3" bw="4" slack="0"/>
</pin_list>
<bind>
<opcode="getelementptr(29) " fcode="getelementptr"/>
<opset="W1_addr_2/3 "/>
</bind>
</comp>

<comp id="270" class="1004" name="W1_addr_3_gep_fu_270">
<pin_list>
<pin id="271" dir="0" index="0" bw="32" slack="0"/>
<pin id="272" dir="0" index="1" bw="1" slack="0"/>
<pin id="273" dir="0" index="2" bw="4" slack="0"/>
<pin id="274" dir="1" index="3" bw="4" slack="0"/>
</pin_list>
<bind>
<opcode="getelementptr(29) " fcode="getelementptr"/>
<opset="W1_addr_3/4 "/>
</bind>
</comp>

<comp id="277" class="1004" name="W1_addr_4_gep_fu_277">
<pin_list>
<pin id="278" dir="0" index="0" bw="32" slack="0"/>
<pin id="279" dir="0" index="1" bw="1" slack="0"/>
<pin id="280" dir="0" index="2" bw="4" slack="0"/>
<pin id="281" dir="1" index="3" bw="4" slack="0"/>
</pin_list>
<bind>
<opcode="getelementptr(29) " fcode="getelementptr"/>
<opset="W1_addr_4/4 "/>
</bind>
</comp>

<comp id="286" class="1004" name="W1_addr_5_gep_fu_286">
<pin_list>
<pin id="287" dir="0" index="0" bw="32" slack="0"/>
<pin id="288" dir="0" index="1" bw="1" slack="0"/>
<pin id="289" dir="0" index="2" bw="4" slack="0"/>
<pin id="290" dir="1" index="3" bw="4" slack="0"/>
</pin_list>
<bind>
<opcode="getelementptr(29) " fcode="getelementptr"/>
<opset="W1_addr_5/5 "/>
</bind>
</comp>

<comp id="293" class="1004" name="W1_addr_6_gep_fu_293">
<pin_list>
<pin id="294" dir="0" index="0" bw="32" slack="0"/>
<pin id="295" dir="0" index="1" bw="1" slack="0"/>
<pin id="296" dir="0" index="2" bw="4" slack="0"/>
<pin id="297" dir="1" index="3" bw="4" slack="0"/>
</pin_list>
<bind>
<opcode="getelementptr(29) " fcode="getelementptr"/>
<opset="W1_addr_6/5 "/>
</bind>
</comp>

<comp id="302" class="1004" name="W1_addr_7_gep_fu_302">
<pin_list>
<pin id="303" dir="0" index="0" bw="32" slack="0"/>
<pin id="304" dir="0" index="1" bw="1" slack="0"/>
<pin id="305" dir="0" index="2" bw="4" slack="0"/>
<pin id="306" dir="1" index="3" bw="4" slack="0"/>
</pin_list>
<bind>
<opcode="getelementptr(29) " fcode="getelementptr"/>
<opset="W1_addr_7/6 "/>
</bind>
</comp>

<comp id="309" class="1004" name="W1_addr_8_gep_fu_309">
<pin_list>
<pin id="310" dir="0" index="0" bw="32" slack="0"/>
<pin id="311" dir="0" index="1" bw="1" slack="0"/>
<pin id="312" dir="0" index="2" bw="4" slack="0"/>
<pin id="313" dir="1" index="3" bw="4" slack="0"/>
</pin_list>
<bind>
<opcode="getelementptr(29) " fcode="getelementptr"/>
<opset="W1_addr_8/6 "/>
</bind>
</comp>

<comp id="318" class="1004" name="TAU1_addr_gep_fu_318">
<pin_list>
<pin id="319" dir="0" index="0" bw="32" slack="0"/>
<pin id="320" dir="0" index="1" bw="1" slack="0"/>
<pin id="321" dir="0" index="2" bw="6" slack="0"/>
<pin id="322" dir="1" index="3" bw="5" slack="0"/>
</pin_list>
<bind>
<opcode="getelementptr(29) " fcode="getelementptr"/>
<opset="TAU1_addr/8 "/>
</bind>
</comp>

<comp id="325" class="1004" name="grp_access_fu_325">
<pin_list>
<pin id="326" dir="0" index="0" bw="5" slack="0"/>
<pin id="327" dir="0" index="1" bw="32" slack="2147483647"/>
<pin id="328" dir="0" index="2" bw="0" slack="2147483647"/>
<pin id="329" dir="1" index="3" bw="32" slack="0"/>
</pin_list>
<bind>
<opcode="load(27) " fcode="load"/>
<opset="TAU1_load/8 "/>
</bind>
</comp>

<comp id="331" class="1004" name="TAU2_addr_gep_fu_331">
<pin_list>
<pin id="332" dir="0" index="0" bw="32" slack="0"/>
<pin id="333" dir="0" index="1" bw="1" slack="0"/>
<pin id="334" dir="0" index="2" bw="7" slack="0"/>
<pin id="335" dir="1" index="3" bw="6" slack="0"/>
</pin_list>
<bind>
<opcode="getelementptr(29) " fcode="getelementptr"/>
<opset="TAU2_addr/12 "/>
</bind>
</comp>

<comp id="338" class="1004" name="grp_access_fu_338">
<pin_list>
<pin id="339" dir="0" index="0" bw="6" slack="0"/>
<pin id="340" dir="0" index="1" bw="32" slack="2147483647"/>
<pin id="341" dir="0" index="2" bw="0" slack="2147483647"/>
<pin id="342" dir="1" index="3" bw="32" slack="0"/>
</pin_list>
<bind>
<opcode="load(27) " fcode="load"/>
<opset="TAU2_load/12 "/>
</bind>
</comp>

<comp id="344" class="1004" name="TAU3_addr_gep_fu_344">
<pin_list>
<pin id="345" dir="0" index="0" bw="32" slack="0"/>
<pin id="346" dir="0" index="1" bw="1" slack="0"/>
<pin id="347" dir="0" index="2" bw="7" slack="0"/>
<pin id="348" dir="1" index="3" bw="6" slack="0"/>
</pin_list>
<bind>
<opcode="getelementptr(29) " fcode="getelementptr"/>
<opset="TAU3_addr/16 "/>
</bind>
</comp>

<comp id="351" class="1004" name="grp_access_fu_351">
<pin_list>
<pin id="352" dir="0" index="0" bw="6" slack="0"/>
<pin id="353" dir="0" index="1" bw="32" slack="2147483647"/>
<pin id="354" dir="0" index="2" bw="0" slack="2147483647"/>
<pin id="355" dir="1" index="3" bw="32" slack="0"/>
</pin_list>
<bind>
<opcode="load(27) " fcode="load"/>
<opset="TAU3_load/16 "/>
</bind>
</comp>

<comp id="357" class="1004" name="BF2_addr_gep_fu_357">
<pin_list>
<pin id="358" dir="0" index="0" bw="32" slack="0"/>
<pin id="359" dir="0" index="1" bw="1" slack="0"/>
<pin id="360" dir="0" index="2" bw="1" slack="0"/>
<pin id="361" dir="1" index="3" bw="1" slack="0"/>
</pin_list>
<bind>
<opcode="getelementptr(29) " fcode="getelementptr"/>
<opset="BF2_addr/19 "/>
</bind>
</comp>

<comp id="365" class="1004" name="grp_access_fu_365">
<pin_list>
<pin id="366" dir="0" index="0" bw="1" slack="0"/>
<pin id="367" dir="0" index="1" bw="32" slack="2147483647"/>
<pin id="368" dir="0" index="2" bw="0" slack="0"/>
<pin id="370" dir="0" index="4" bw="1" slack="2147483647"/>
<pin id="371" dir="0" index="5" bw="32" slack="2147483647"/>
<pin id="372" dir="0" index="6" bw="0" slack="2147483647"/>
<pin id="369" dir="1" index="3" bw="32" slack="0"/>
<pin id="373" dir="1" index="7" bw="32" slack="0"/>
</pin_list>
<bind>
<opcode="load(27) " fcode="load"/>
<opset="a0/19 a1/19 "/>
</bind>
</comp>

<comp id="375" class="1004" name="BF2_addr_1_gep_fu_375">
<pin_list>
<pin id="376" dir="0" index="0" bw="32" slack="0"/>
<pin id="377" dir="0" index="1" bw="1" slack="0"/>
<pin id="378" dir="0" index="2" bw="1" slack="0"/>
<pin id="379" dir="1" index="3" bw="1" slack="0"/>
</pin_list>
<bind>
<opcode="getelementptr(29) " fcode="getelementptr"/>
<opset="BF2_addr_1/19 "/>
</bind>
</comp>

<comp id="384" class="1004" name="grp_bnn_top_Pipeline_VITIS_LOOP_50_2_VITIS_LOOP_51_3_fu_384">
<pin_list>
<pin id="385" dir="0" index="0" bw="0" slack="0"/>
<pin id="386" dir="0" index="1" bw="32" slack="0"/>
<pin id="387" dir="0" index="2" bw="32" slack="0"/>
<pin id="388" dir="0" index="3" bw="32" slack="0"/>
<pin id="389" dir="0" index="4" bw="32" slack="0"/>
<pin id="390" dir="0" index="5" bw="32" slack="3"/>
<pin id="391" dir="0" index="6" bw="5" slack="5"/>
<pin id="392" dir="0" index="7" bw="32" slack="3"/>
<pin id="393" dir="0" index="8" bw="5" slack="4"/>
<pin id="394" dir="0" index="9" bw="32" slack="2"/>
<pin id="395" dir="0" index="10" bw="5" slack="3"/>
<pin id="396" dir="0" index="11" bw="32" slack="2"/>
<pin id="397" dir="0" index="12" bw="5" slack="3"/>
<pin id="398" dir="0" index="13" bw="1" slack="4"/>
<pin id="399" dir="0" index="14" bw="32" slack="1"/>
<pin id="400" dir="0" index="15" bw="5" slack="2"/>
<pin id="401" dir="0" index="16" bw="32" slack="1"/>
<pin id="402" dir="0" index="17" bw="5" slack="2"/>
<pin id="403" dir="0" index="18" bw="32" slack="0"/>
<pin id="404" dir="0" index="19" bw="5" slack="1"/>
<pin id="405" dir="0" index="20" bw="32" slack="0"/>
<pin id="406" dir="0" index="21" bw="5" slack="1"/>
<pin id="407" dir="0" index="22" bw="32" slack="0"/>
<pin id="408" dir="0" index="23" bw="32" slack="0"/>
<pin id="409" dir="0" index="24" bw="32" slack="0"/>
<pin id="410" dir="0" index="25" bw="32" slack="0"/>
<pin id="411" dir="0" index="26" bw="32" slack="0"/>
<pin id="412" dir="1" index="27" bw="0" slack="2147483647"/>
</pin_list>
<bind>
<opcode="call(48) " fcode="call"/>
<opset="call_ln59/7 "/>
</bind>
</comp>

<comp id="425" class="1004" name="grp_bnn_top_Pipeline_VITIS_LOOP_65_6_VITIS_LOOP_66_7_fu_425">
<pin_list>
<pin id="426" dir="0" index="0" bw="0" slack="0"/>
<pin id="427" dir="0" index="1" bw="32" slack="0"/>
<pin id="428" dir="0" index="2" bw="5" slack="7"/>
<pin id="429" dir="0" index="3" bw="1" slack="0"/>
<pin id="430" dir="0" index="4" bw="32" slack="0"/>
<pin id="431" dir="0" index="5" bw="32" slack="0"/>
<pin id="432" dir="0" index="6" bw="32" slack="0"/>
<pin id="433" dir="0" index="7" bw="32" slack="0"/>
<pin id="434" dir="0" index="8" bw="32" slack="0"/>
<pin id="435" dir="0" index="9" bw="1" slack="0"/>
<pin id="436" dir="0" index="10" bw="1" slack="0"/>
<pin id="437" dir="0" index="11" bw="1" slack="0"/>
<pin id="438" dir="0" index="12" bw="1" slack="0"/>
<pin id="439" dir="0" index="13" bw="1" slack="0"/>
<pin id="440" dir="0" index="14" bw="1" slack="0"/>
<pin id="441" dir="0" index="15" bw="1" slack="0"/>
<pin id="442" dir="1" index="16" bw="0" slack="2147483647"/>
</pin_list>
<bind>
<opcode="call(48) " fcode="call"/>
<opset="call_ln73/9 "/>
</bind>
</comp>

<comp id="458" class="1004" name="grp_bnn_top_Pipeline_VITIS_LOOP_79_9_VITIS_LOOP_80_10_VITIS_LOOP_82_11_fu_458">
<pin_list>
<pin id="459" dir="0" index="0" bw="0" slack="0"/>
<pin id="460" dir="0" index="1" bw="15" slack="0"/>
<pin id="461" dir="0" index="2" bw="32" slack="0"/>
<pin id="462" dir="0" index="3" bw="32" slack="0"/>
<pin id="463" dir="0" index="4" bw="32" slack="0"/>
<pin id="464" dir="0" index="5" bw="1" slack="0"/>
<pin id="465" dir="0" index="6" bw="1" slack="0"/>
<pin id="466" dir="0" index="7" bw="1" slack="0"/>
<pin id="467" dir="0" index="8" bw="1" slack="0"/>
<pin id="468" dir="0" index="9" bw="1" slack="0"/>
<pin id="469" dir="0" index="10" bw="1" slack="0"/>
<pin id="470" dir="0" index="11" bw="1" slack="0"/>
<pin id="471" dir="0" index="12" bw="1" slack="0"/>
<pin id="472" dir="0" index="13" bw="32" slack="0"/>
<pin id="473" dir="0" index="14" bw="32" slack="0"/>
<pin id="474" dir="0" index="15" bw="32" slack="0"/>
<pin id="475" dir="0" index="16" bw="32" slack="0"/>
<pin id="476" dir="1" index="17" bw="0" slack="2147483647"/>
</pin_list>
<bind>
<opcode="call(48) " fcode="call"/>
<opset="call_ln79/11 "/>
</bind>
</comp>

<comp id="493" class="1004" name="grp_bnn_top_Pipeline_VITIS_LOOP_96_14_VITIS_LOOP_97_15_fu_493">
<pin_list>
<pin id="494" dir="0" index="0" bw="0" slack="0"/>
<pin id="495" dir="0" index="1" bw="9" slack="0"/>
<pin id="496" dir="0" index="2" bw="32" slack="0"/>
<pin id="497" dir="0" index="3" bw="1" slack="0"/>
<pin id="498" dir="0" index="4" bw="32" slack="0"/>
<pin id="499" dir="0" index="5" bw="32" slack="0"/>
<pin id="500" dir="0" index="6" bw="32" slack="0"/>
<pin id="501" dir="0" index="7" bw="32" slack="0"/>
<pin id="502" dir="0" index="8" bw="32" slack="0"/>
<pin id="503" dir="0" index="9" bw="1" slack="0"/>
<pin id="504" dir="0" index="10" bw="1" slack="0"/>
<pin id="505" dir="0" index="11" bw="1" slack="0"/>
<pin id="506" dir="0" index="12" bw="1" slack="0"/>
<pin id="507" dir="0" index="13" bw="1" slack="0"/>
<pin id="508" dir="0" index="14" bw="1" slack="0"/>
<pin id="509" dir="0" index="15" bw="1" slack="0"/>
<pin id="510" dir="1" index="16" bw="0" slack="2147483647"/>
</pin_list>
<bind>
<opcode="call(48) " fcode="call"/>
<opset="call_ln104/13 "/>
</bind>
</comp>

<comp id="526" class="1004" name="grp_bnn_top_Pipeline_VITIS_LOOP_110_17_VITIS_LOOP_111_18_VITIS_LOOP_113_19_fu_526">
<pin_list>
<pin id="527" dir="0" index="0" bw="0" slack="0"/>
<pin id="528" dir="0" index="1" bw="16" slack="0"/>
<pin id="529" dir="0" index="2" bw="32" slack="0"/>
<pin id="530" dir="0" index="3" bw="32" slack="0"/>
<pin id="531" dir="0" index="4" bw="32" slack="0"/>
<pin id="532" dir="0" index="5" bw="1" slack="0"/>
<pin id="533" dir="0" index="6" bw="1" slack="0"/>
<pin id="534" dir="0" index="7" bw="1" slack="0"/>
<pin id="535" dir="0" index="8" bw="1" slack="0"/>
<pin id="536" dir="0" index="9" bw="1" slack="0"/>
<pin id="537" dir="0" index="10" bw="1" slack="0"/>
<pin id="538" dir="0" index="11" bw="1" slack="0"/>
<pin id="539" dir="0" index="12" bw="1" slack="0"/>
<pin id="540" dir="0" index="13" bw="32" slack="0"/>
<pin id="541" dir="0" index="14" bw="32" slack="0"/>
<pin id="542" dir="0" index="15" bw="32" slack="0"/>
<pin id="543" dir="0" index="16" bw="32" slack="0"/>
<pin id="544" dir="1" index="17" bw="0" slack="2147483647"/>
</pin_list>
<bind>
<opcode="call(48) " fcode="call"/>
<opset="call_ln110/15 "/>
</bind>
</comp>

<comp id="561" class="1004" name="grp_bnn_top_Pipeline_VITIS_LOOP_140_24_VITIS_LOOP_142_25_fu_561">
<pin_list>
<pin id="562" dir="0" index="0" bw="0" slack="0"/>
<pin id="563" dir="0" index="1" bw="32" slack="0"/>
<pin id="564" dir="0" index="2" bw="32" slack="0"/>
<pin id="565" dir="0" index="3" bw="1" slack="0"/>
<pin id="566" dir="0" index="4" bw="1" slack="0"/>
<pin id="567" dir="1" index="5" bw="0" slack="2147483647"/>
</pin_list>
<bind>
<opcode="call(48) " fcode="call"/>
<opset="call_ln0/15 "/>
</bind>
</comp>

<comp id="573" class="1004" name="grp_bnn_top_Pipeline_VITIS_LOOP_127_22_VITIS_LOOP_128_23_fu_573">
<pin_list>
<pin id="574" dir="0" index="0" bw="0" slack="0"/>
<pin id="575" dir="0" index="1" bw="32" slack="0"/>
<pin id="576" dir="0" index="2" bw="6" slack="1"/>
<pin id="577" dir="0" index="3" bw="32" slack="0"/>
<pin id="578" dir="0" index="4" bw="32" slack="0"/>
<pin id="579" dir="0" index="5" bw="32" slack="0"/>
<pin id="580" dir="0" index="6" bw="32" slack="0"/>
<pin id="581" dir="0" index="7" bw="32" slack="0"/>
<pin id="582" dir="0" index="8" bw="1" slack="0"/>
<pin id="583" dir="1" index="9" bw="0" slack="2147483647"/>
</pin_list>
<bind>
<opcode="call(48) " fcode="call"/>
<opset="call_ln135/17 "/>
</bind>
</comp>

<comp id="592" class="1004" name="grp_bnn_top_Pipeline_VITIS_LOOP_153_26_fu_592">
<pin_list>
<pin id="593" dir="0" index="0" bw="0" slack="0"/>
<pin id="594" dir="0" index="1" bw="32" slack="0"/>
<pin id="595" dir="0" index="2" bw="32" slack="0"/>
<pin id="596" dir="0" index="3" bw="32" slack="0"/>
<pin id="597" dir="0" index="4" bw="40" slack="5"/>
<pin id="598" dir="0" index="5" bw="40" slack="5"/>
<pin id="599" dir="0" index="6" bw="1" slack="0"/>
<pin id="600" dir="1" index="7" bw="0" slack="2147483647"/>
</pin_list>
<bind>
<opcode="call(48) " fcode="call"/>
<opset="call_ln152/20 "/>
</bind>
</comp>

<comp id="606" class="1004" name="store_ln49_store_fu_606">
<pin_list>
<pin id="607" dir="0" index="0" bw="1" slack="0"/>
<pin id="608" dir="0" index="1" bw="6" slack="0"/>
<pin id="609" dir="1" index="2" bw="0" slack="2147483647"/>
</pin_list>
<bind>
<opcode="store(28) " fcode="store"/>
<opset="store_ln49/1 "/>
</bind>
</comp>

<comp id="611" class="1004" name="oc_3_load_fu_611">
<pin_list>
<pin id="612" dir="0" index="0" bw="6" slack="1"/>
<pin id="613" dir="1" index="1" bw="6" slack="0"/>
</pin_list>
<bind>
<opcode="load(27) " fcode="load"/>
<opset="oc_3/2 "/>
</bind>
</comp>

<comp id="614" class="1004" name="icmp_ln49_fu_614">
<pin_list>
<pin id="615" dir="0" index="0" bw="6" slack="0"/>
<pin id="616" dir="0" index="1" bw="6" slack="0"/>
<pin id="617" dir="1" index="2" bw="1" slack="2147483647"/>
</pin_list>
<bind>
<opcode="icmp(45) " fcode="icmp"/>
<opset="icmp_ln49/2 "/>
</bind>
</comp>

<comp id="620" class="1004" name="add_ln49_fu_620">
<pin_list>
<pin id="621" dir="0" index="0" bw="6" slack="0"/>
<pin id="622" dir="0" index="1" bw="1" slack="0"/>
<pin id="623" dir="1" index="2" bw="6" slack="0"/>
</pin_list>
<bind>
<opcode="add(8) " fcode="add"/>
<opset="add_ln49/2 "/>
</bind>
</comp>

<comp id="626" class="1004" name="trunc_ln59_fu_626">
<pin_list>
<pin id="627" dir="0" index="0" bw="6" slack="0"/>
<pin id="628" dir="1" index="1" bw="5" slack="0"/>
</pin_list>
<bind>
<opcode="trunc(33) " fcode="trunc"/>
<opset="trunc_ln59/2 "/>
</bind>
</comp>

<comp id="630" class="1004" name="zext_ln59_9_fu_630">
<pin_list>
<pin id="631" dir="0" index="0" bw="5" slack="0"/>
<pin id="632" dir="1" index="1" bw="9" slack="0"/>
</pin_list>
<bind>
<opcode="zext(34) " fcode="zext"/>
<opset="zext_ln59_9/2 "/>
</bind>
</comp>

<comp id="634" class="1004" name="tmp_fu_634">
<pin_list>
<pin id="635" dir="0" index="0" bw="8" slack="0"/>
<pin id="636" dir="0" index="1" bw="5" slack="0"/>
<pin id="637" dir="0" index="2" bw="1" slack="0"/>
<pin id="638" dir="1" index="3" bw="8" slack="0"/>
</pin_list>
<bind>
<opcode="bitconcatenate(1004) " fcode="bitconcatenate"/>
<opset="tmp/2 "/>
</bind>
</comp>

<comp id="642" class="1004" name="zext_ln59_10_fu_642">
<pin_list>
<pin id="643" dir="0" index="0" bw="8" slack="0"/>
<pin id="644" dir="1" index="1" bw="9" slack="0"/>
</pin_list>
<bind>
<opcode="zext(34) " fcode="zext"/>
<opset="zext_ln59_10/2 "/>
</bind>
</comp>

<comp id="646" class="1004" name="add_ln59_8_fu_646">
<pin_list>
<pin id="647" dir="0" index="0" bw="8" slack="0"/>
<pin id="648" dir="0" index="1" bw="5" slack="0"/>
<pin id="649" dir="1" index="2" bw="9" slack="0"/>
</pin_list>
<bind>
<opcode="add(8) " fcode="add"/>
<opset="add_ln59_8/2 "/>
</bind>
</comp>

<comp id="652" class="1004" name="trunc_ln59_1_fu_652">
<pin_list>
<pin id="653" dir="0" index="0" bw="9" slack="0"/>
<pin id="654" dir="1" index="1" bw="5" slack="5"/>
</pin_list>
<bind>
<opcode="trunc(33) " fcode="trunc"/>
<opset="trunc_ln59_1/2 "/>
</bind>
</comp>

<comp id="656" class="1004" name="lshr_ln_fu_656">
<pin_list>
<pin id="657" dir="0" index="0" bw="4" slack="0"/>
<pin id="658" dir="0" index="1" bw="9" slack="0"/>
<pin id="659" dir="0" index="2" bw="4" slack="0"/>
<pin id="660" dir="0" index="3" bw="5" slack="0"/>
<pin id="661" dir="1" index="4" bw="4" slack="1"/>
</pin_list>
<bind>
<opcode="partselect(1002) " fcode="partselect"/>
<opset="lshr_ln/2 "/>
</bind>
</comp>

<comp id="666" class="1004" name="add_ln59_3_fu_666">
<pin_list>
<pin id="667" dir="0" index="0" bw="9" slack="0"/>
<pin id="668" dir="0" index="1" bw="4" slack="0"/>
<pin id="669" dir="1" index="2" bw="9" slack="0"/>
</pin_list>
<bind>
<opcode="add(8) " fcode="add"/>
<opset="add_ln59_3/2 "/>
</bind>
</comp>

<comp id="672" class="1004" name="trunc_ln59_5_fu_672">
<pin_list>
<pin id="673" dir="0" index="0" bw="9" slack="0"/>
<pin id="674" dir="1" index="1" bw="5" slack="1"/>
</pin_list>
<bind>
<opcode="trunc(33) " fcode="trunc"/>
<opset="trunc_ln59_5/2 "/>
</bind>
</comp>

<comp id="676" class="1004" name="lshr_ln59_4_fu_676">
<pin_list>
<pin id="677" dir="0" index="0" bw="4" slack="0"/>
<pin id="678" dir="0" index="1" bw="9" slack="0"/>
<pin id="679" dir="0" index="2" bw="4" slack="0"/>
<pin id="680" dir="0" index="3" bw="5" slack="0"/>
<pin id="681" dir="1" index="4" bw="4" slack="0"/>
</pin_list>
<bind>
<opcode="partselect(1002) " fcode="partselect"/>
<opset="lshr_ln59_4/2 "/>
</bind>
</comp>

<comp id="686" class="1004" name="zext_ln59_4_fu_686">
<pin_list>
<pin id="687" dir="0" index="0" bw="4" slack="0"/>
<pin id="688" dir="1" index="1" bw="64" slack="0"/>
</pin_list>
<bind>
<opcode="zext(34) " fcode="zext"/>
<opset="zext_ln59_4/2 "/>
</bind>
</comp>

<comp id="691" class="1004" name="store_ln49_store_fu_691">
<pin_list>
<pin id="692" dir="0" index="0" bw="6" slack="0"/>
<pin id="693" dir="0" index="1" bw="6" slack="1"/>
<pin id="694" dir="1" index="2" bw="0" slack="2147483647"/>
</pin_list>
<bind>
<opcode="store(28) " fcode="store"/>
<opset="store_ln49/2 "/>
</bind>
</comp>

<comp id="696" class="1004" name="store_ln78_store_fu_696">
<pin_list>
<pin id="697" dir="0" index="0" bw="1" slack="0"/>
<pin id="698" dir="0" index="1" bw="7" slack="0"/>
<pin id="699" dir="1" index="2" bw="0" slack="2147483647"/>
</pin_list>
<bind>
<opcode="store(28) " fcode="store"/>
<opset="store_ln78/2 "/>
</bind>
</comp>

<comp id="701" class="1004" name="zext_ln59_fu_701">
<pin_list>
<pin id="702" dir="0" index="0" bw="4" slack="1"/>
<pin id="703" dir="1" index="1" bw="64" slack="0"/>
</pin_list>
<bind>
<opcode="zext(34) " fcode="zext"/>
<opset="zext_ln59/3 "/>
</bind>
</comp>

<comp id="705" class="1004" name="add_ln59_fu_705">
<pin_list>
<pin id="706" dir="0" index="0" bw="9" slack="1"/>
<pin id="707" dir="0" index="1" bw="1" slack="0"/>
<pin id="708" dir="1" index="2" bw="9" slack="0"/>
</pin_list>
<bind>
<opcode="add(8) " fcode="add"/>
<opset="add_ln59/3 "/>
</bind>
</comp>

<comp id="710" class="1004" name="trunc_ln59_2_fu_710">
<pin_list>
<pin id="711" dir="0" index="0" bw="9" slack="0"/>
<pin id="712" dir="1" index="1" bw="5" slack="4"/>
</pin_list>
<bind>
<opcode="trunc(33) " fcode="trunc"/>
<opset="trunc_ln59_2/3 "/>
</bind>
</comp>

<comp id="714" class="1004" name="lshr_ln59_1_fu_714">
<pin_list>
<pin id="715" dir="0" index="0" bw="4" slack="0"/>
<pin id="716" dir="0" index="1" bw="9" slack="0"/>
<pin id="717" dir="0" index="2" bw="4" slack="0"/>
<pin id="718" dir="0" index="3" bw="5" slack="0"/>
<pin id="719" dir="1" index="4" bw="4" slack="0"/>
</pin_list>
<bind>
<opcode="partselect(1002) " fcode="partselect"/>
<opset="lshr_ln59_1/3 "/>
</bind>
</comp>

<comp id="724" class="1004" name="zext_ln59_1_fu_724">
<pin_list>
<pin id="725" dir="0" index="0" bw="4" slack="0"/>
<pin id="726" dir="1" index="1" bw="64" slack="0"/>
</pin_list>
<bind>
<opcode="zext(34) " fcode="zext"/>
<opset="zext_ln59_1/3 "/>
</bind>
</comp>

<comp id="729" class="1004" name="cmp38_1_1_fu_729">
<pin_list>
<pin id="730" dir="0" index="0" bw="1" slack="0"/>
<pin id="731" dir="0" index="1" bw="32" slack="0"/>
<pin id="732" dir="0" index="2" bw="5" slack="1"/>
<pin id="733" dir="1" index="3" bw="1" slack="4"/>
</pin_list>
<bind>
<opcode="bitselect(1000) " fcode="bitselect"/>
<opset="cmp38_1_1/3 "/>
</bind>
</comp>

<comp id="736" class="1004" name="add_ln59_1_fu_736">
<pin_list>
<pin id="737" dir="0" index="0" bw="9" slack="2"/>
<pin id="738" dir="0" index="1" bw="3" slack="0"/>
<pin id="739" dir="1" index="2" bw="9" slack="0"/>
</pin_list>
<bind>
<opcode="add(8) " fcode="add"/>
<opset="add_ln59_1/4 "/>
</bind>
</comp>

<comp id="741" class="1004" name="trunc_ln59_3_fu_741">
<pin_list>
<pin id="742" dir="0" index="0" bw="9" slack="0"/>
<pin id="743" dir="1" index="1" bw="5" slack="3"/>
</pin_list>
<bind>
<opcode="trunc(33) " fcode="trunc"/>
<opset="trunc_ln59_3/4 "/>
</bind>
</comp>

<comp id="745" class="1004" name="lshr_ln59_2_fu_745">
<pin_list>
<pin id="746" dir="0" index="0" bw="4" slack="0"/>
<pin id="747" dir="0" index="1" bw="9" slack="0"/>
<pin id="748" dir="0" index="2" bw="4" slack="0"/>
<pin id="749" dir="0" index="3" bw="5" slack="0"/>
<pin id="750" dir="1" index="4" bw="4" slack="0"/>
</pin_list>
<bind>
<opcode="partselect(1002) " fcode="partselect"/>
<opset="lshr_ln59_2/4 "/>
</bind>
</comp>

<comp id="755" class="1004" name="zext_ln59_2_fu_755">
<pin_list>
<pin id="756" dir="0" index="0" bw="4" slack="0"/>
<pin id="757" dir="1" index="1" bw="64" slack="0"/>
</pin_list>
<bind>
<opcode="zext(34) " fcode="zext"/>
<opset="zext_ln59_2/4 "/>
</bind>
</comp>

<comp id="760" class="1004" name="add_ln59_2_fu_760">
<pin_list>
<pin id="761" dir="0" index="0" bw="9" slack="2"/>
<pin id="762" dir="0" index="1" bw="3" slack="0"/>
<pin id="763" dir="1" index="2" bw="9" slack="0"/>
</pin_list>
<bind>
<opcode="add(8) " fcode="add"/>
<opset="add_ln59_2/4 "/>
</bind>
</comp>

<comp id="765" class="1004" name="trunc_ln59_4_fu_765">
<pin_list>
<pin id="766" dir="0" index="0" bw="9" slack="0"/>
<pin id="767" dir="1" index="1" bw="5" slack="3"/>
</pin_list>
<bind>
<opcode="trunc(33) " fcode="trunc"/>
<opset="trunc_ln59_4/4 "/>
</bind>
</comp>

<comp id="769" class="1004" name="lshr_ln59_3_fu_769">
<pin_list>
<pin id="770" dir="0" index="0" bw="4" slack="0"/>
<pin id="771" dir="0" index="1" bw="9" slack="0"/>
<pin id="772" dir="0" index="2" bw="4" slack="0"/>
<pin id="773" dir="0" index="3" bw="5" slack="0"/>
<pin id="774" dir="1" index="4" bw="4" slack="0"/>
</pin_list>
<bind>
<opcode="partselect(1002) " fcode="partselect"/>
<opset="lshr_ln59_3/4 "/>
</bind>
</comp>

<comp id="779" class="1004" name="zext_ln59_3_fu_779">
<pin_list>
<pin id="780" dir="0" index="0" bw="4" slack="0"/>
<pin id="781" dir="1" index="1" bw="64" slack="0"/>
</pin_list>
<bind>
<opcode="zext(34) " fcode="zext"/>
<opset="zext_ln59_3/4 "/>
</bind>
</comp>

<comp id="784" class="1004" name="add_ln59_4_fu_784">
<pin_list>
<pin id="785" dir="0" index="0" bw="9" slack="3"/>
<pin id="786" dir="0" index="1" bw="4" slack="0"/>
<pin id="787" dir="1" index="2" bw="9" slack="0"/>
</pin_list>
<bind>
<opcode="add(8) " fcode="add"/>
<opset="add_ln59_4/5 "/>
</bind>
</comp>

<comp id="789" class="1004" name="trunc_ln59_6_fu_789">
<pin_list>
<pin id="790" dir="0" index="0" bw="9" slack="0"/>
<pin id="791" dir="1" index="1" bw="5" slack="2"/>
</pin_list>
<bind>
<opcode="trunc(33) " fcode="trunc"/>
<opset="trunc_ln59_6/5 "/>
</bind>
</comp>

<comp id="793" class="1004" name="lshr_ln59_5_fu_793">
<pin_list>
<pin id="794" dir="0" index="0" bw="4" slack="0"/>
<pin id="795" dir="0" index="1" bw="9" slack="0"/>
<pin id="796" dir="0" index="2" bw="4" slack="0"/>
<pin id="797" dir="0" index="3" bw="5" slack="0"/>
<pin id="798" dir="1" index="4" bw="4" slack="0"/>
</pin_list>
<bind>
<opcode="partselect(1002) " fcode="partselect"/>
<opset="lshr_ln59_5/5 "/>
</bind>
</comp>

<comp id="803" class="1004" name="zext_ln59_5_fu_803">
<pin_list>
<pin id="804" dir="0" index="0" bw="4" slack="0"/>
<pin id="805" dir="1" index="1" bw="64" slack="0"/>
</pin_list>
<bind>
<opcode="zext(34) " fcode="zext"/>
<opset="zext_ln59_5/5 "/>
</bind>
</comp>

<comp id="808" class="1004" name="add_ln59_5_fu_808">
<pin_list>
<pin id="809" dir="0" index="0" bw="9" slack="3"/>
<pin id="810" dir="0" index="1" bw="4" slack="0"/>
<pin id="811" dir="1" index="2" bw="9" slack="0"/>
</pin_list>
<bind>
<opcode="add(8) " fcode="add"/>
<opset="add_ln59_5/5 "/>
</bind>
</comp>

<comp id="813" class="1004" name="trunc_ln59_7_fu_813">
<pin_list>
<pin id="814" dir="0" index="0" bw="9" slack="0"/>
<pin id="815" dir="1" index="1" bw="5" slack="2"/>
</pin_list>
<bind>
<opcode="trunc(33) " fcode="trunc"/>
<opset="trunc_ln59_7/5 "/>
</bind>
</comp>

<comp id="817" class="1004" name="lshr_ln59_6_fu_817">
<pin_list>
<pin id="818" dir="0" index="0" bw="4" slack="0"/>
<pin id="819" dir="0" index="1" bw="9" slack="0"/>
<pin id="820" dir="0" index="2" bw="4" slack="0"/>
<pin id="821" dir="0" index="3" bw="5" slack="0"/>
<pin id="822" dir="1" index="4" bw="4" slack="0"/>
</pin_list>
<bind>
<opcode="partselect(1002) " fcode="partselect"/>
<opset="lshr_ln59_6/5 "/>
</bind>
</comp>

<comp id="827" class="1004" name="zext_ln59_6_fu_827">
<pin_list>
<pin id="828" dir="0" index="0" bw="4" slack="0"/>
<pin id="829" dir="1" index="1" bw="64" slack="0"/>
</pin_list>
<bind>
<opcode="zext(34) " fcode="zext"/>
<opset="zext_ln59_6/5 "/>
</bind>
</comp>

<comp id="832" class="1004" name="add_ln59_6_fu_832">
<pin_list>
<pin id="833" dir="0" index="0" bw="9" slack="4"/>
<pin id="834" dir="0" index="1" bw="4" slack="0"/>
<pin id="835" dir="1" index="2" bw="9" slack="0"/>
</pin_list>
<bind>
<opcode="add(8) " fcode="add"/>
<opset="add_ln59_6/6 "/>
</bind>
</comp>

<comp id="837" class="1004" name="trunc_ln59_8_fu_837">
<pin_list>
<pin id="838" dir="0" index="0" bw="9" slack="0"/>
<pin id="839" dir="1" index="1" bw="5" slack="1"/>
</pin_list>
<bind>
<opcode="trunc(33) " fcode="trunc"/>
<opset="trunc_ln59_8/6 "/>
</bind>
</comp>

<comp id="841" class="1004" name="lshr_ln59_7_fu_841">
<pin_list>
<pin id="842" dir="0" index="0" bw="4" slack="0"/>
<pin id="843" dir="0" index="1" bw="9" slack="0"/>
<pin id="844" dir="0" index="2" bw="4" slack="0"/>
<pin id="845" dir="0" index="3" bw="5" slack="0"/>
<pin id="846" dir="1" index="4" bw="4" slack="0"/>
</pin_list>
<bind>
<opcode="partselect(1002) " fcode="partselect"/>
<opset="lshr_ln59_7/6 "/>
</bind>
</comp>

<comp id="851" class="1004" name="zext_ln59_7_fu_851">
<pin_list>
<pin id="852" dir="0" index="0" bw="4" slack="0"/>
<pin id="853" dir="1" index="1" bw="64" slack="0"/>
</pin_list>
<bind>
<opcode="zext(34) " fcode="zext"/>
<opset="zext_ln59_7/6 "/>
</bind>
</comp>

<comp id="856" class="1004" name="add_ln59_7_fu_856">
<pin_list>
<pin id="857" dir="0" index="0" bw="9" slack="4"/>
<pin id="858" dir="0" index="1" bw="5" slack="0"/>
<pin id="859" dir="1" index="2" bw="9" slack="0"/>
</pin_list>
<bind>
<opcode="add(8) " fcode="add"/>
<opset="add_ln59_7/6 "/>
</bind>
</comp>

<comp id="861" class="1004" name="trunc_ln59_9_fu_861">
<pin_list>
<pin id="862" dir="0" index="0" bw="9" slack="0"/>
<pin id="863" dir="1" index="1" bw="5" slack="1"/>
</pin_list>
<bind>
<opcode="trunc(33) " fcode="trunc"/>
<opset="trunc_ln59_9/6 "/>
</bind>
</comp>

<comp id="865" class="1004" name="lshr_ln59_8_fu_865">
<pin_list>
<pin id="866" dir="0" index="0" bw="4" slack="0"/>
<pin id="867" dir="0" index="1" bw="9" slack="0"/>
<pin id="868" dir="0" index="2" bw="4" slack="0"/>
<pin id="869" dir="0" index="3" bw="5" slack="0"/>
<pin id="870" dir="1" index="4" bw="4" slack="0"/>
</pin_list>
<bind>
<opcode="partselect(1002) " fcode="partselect"/>
<opset="lshr_ln59_8/6 "/>
</bind>
</comp>

<comp id="875" class="1004" name="zext_ln59_8_fu_875">
<pin_list>
<pin id="876" dir="0" index="0" bw="4" slack="0"/>
<pin id="877" dir="1" index="1" bw="64" slack="0"/>
</pin_list>
<bind>
<opcode="zext(34) " fcode="zext"/>
<opset="zext_ln59_8/6 "/>
</bind>
</comp>

<comp id="880" class="1004" name="zext_ln49_fu_880">
<pin_list>
<pin id="881" dir="0" index="0" bw="6" slack="6"/>
<pin id="882" dir="1" index="1" bw="64" slack="0"/>
</pin_list>
<bind>
<opcode="zext(34) " fcode="zext"/>
<opset="zext_ln49/8 "/>
</bind>
</comp>

<comp id="884" class="1004" name="oc_4_load_fu_884">
<pin_list>
<pin id="885" dir="0" index="0" bw="7" slack="1"/>
<pin id="886" dir="1" index="1" bw="7" slack="0"/>
</pin_list>
<bind>
<opcode="load(27) " fcode="load"/>
<opset="oc_4/11 "/>
</bind>
</comp>

<comp id="887" class="1004" name="icmp_ln78_fu_887">
<pin_list>
<pin id="888" dir="0" index="0" bw="7" slack="0"/>
<pin id="889" dir="0" index="1" bw="7" slack="0"/>
<pin id="890" dir="1" index="2" bw="1" slack="2147483647"/>
</pin_list>
<bind>
<opcode="icmp(45) " fcode="icmp"/>
<opset="icmp_ln78/11 "/>
</bind>
</comp>

<comp id="893" class="1004" name="add_ln78_fu_893">
<pin_list>
<pin id="894" dir="0" index="0" bw="7" slack="0"/>
<pin id="895" dir="0" index="1" bw="1" slack="0"/>
<pin id="896" dir="1" index="2" bw="7" slack="0"/>
</pin_list>
<bind>
<opcode="add(8) " fcode="add"/>
<opset="add_ln78/11 "/>
</bind>
</comp>

<comp id="899" class="1004" name="p_shl3_fu_899">
<pin_list>
<pin id="900" dir="0" index="0" bw="15" slack="0"/>
<pin id="901" dir="0" index="1" bw="7" slack="0"/>
<pin id="902" dir="0" index="2" bw="1" slack="0"/>
<pin id="903" dir="1" index="3" bw="15" slack="0"/>
</pin_list>
<bind>
<opcode="bitconcatenate(1004) " fcode="bitconcatenate"/>
<opset="p_shl3/11 "/>
</bind>
</comp>

<comp id="907" class="1004" name="tmp_75_fu_907">
<pin_list>
<pin id="908" dir="0" index="0" bw="12" slack="0"/>
<pin id="909" dir="0" index="1" bw="7" slack="0"/>
<pin id="910" dir="0" index="2" bw="1" slack="0"/>
<pin id="911" dir="1" index="3" bw="12" slack="0"/>
</pin_list>
<bind>
<opcode="bitconcatenate(1004) " fcode="bitconcatenate"/>
<opset="tmp_75/11 "/>
</bind>
</comp>

<comp id="915" class="1004" name="zext_ln79_fu_915">
<pin_list>
<pin id="916" dir="0" index="0" bw="12" slack="0"/>
<pin id="917" dir="1" index="1" bw="15" slack="0"/>
</pin_list>
<bind>
<opcode="zext(34) " fcode="zext"/>
<opset="zext_ln79/11 "/>
</bind>
</comp>

<comp id="919" class="1004" name="add_ln79_fu_919">
<pin_list>
<pin id="920" dir="0" index="0" bw="15" slack="0"/>
<pin id="921" dir="0" index="1" bw="12" slack="0"/>
<pin id="922" dir="1" index="2" bw="15" slack="0"/>
</pin_list>
<bind>
<opcode="add(8) " fcode="add"/>
<opset="add_ln79/11 "/>
</bind>
</comp>

<comp id="926" class="1004" name="store_ln78_store_fu_926">
<pin_list>
<pin id="927" dir="0" index="0" bw="7" slack="0"/>
<pin id="928" dir="0" index="1" bw="7" slack="1"/>
<pin id="929" dir="1" index="2" bw="0" slack="2147483647"/>
</pin_list>
<bind>
<opcode="store(28) " fcode="store"/>
<opset="store_ln78/11 "/>
</bind>
</comp>

<comp id="931" class="1004" name="store_ln109_store_fu_931">
<pin_list>
<pin id="932" dir="0" index="0" bw="1" slack="0"/>
<pin id="933" dir="0" index="1" bw="7" slack="0"/>
<pin id="934" dir="1" index="2" bw="0" slack="2147483647"/>
</pin_list>
<bind>
<opcode="store(28) " fcode="store"/>
<opset="store_ln109/11 "/>
</bind>
</comp>

<comp id="936" class="1004" name="zext_ln78_fu_936">
<pin_list>
<pin id="937" dir="0" index="0" bw="7" slack="1"/>
<pin id="938" dir="1" index="1" bw="64" slack="0"/>
</pin_list>
<bind>
<opcode="zext(34) " fcode="zext"/>
<opset="zext_ln78/12 "/>
</bind>
</comp>

<comp id="940" class="1004" name="trunc_ln104_fu_940">
<pin_list>
<pin id="941" dir="0" index="0" bw="7" slack="1"/>
<pin id="942" dir="1" index="1" bw="6" slack="1"/>
</pin_list>
<bind>
<opcode="trunc(33) " fcode="trunc"/>
<opset="trunc_ln104/12 "/>
</bind>
</comp>

<comp id="943" class="1004" name="shl_ln2_fu_943">
<pin_list>
<pin id="944" dir="0" index="0" bw="9" slack="0"/>
<pin id="945" dir="0" index="1" bw="6" slack="1"/>
<pin id="946" dir="0" index="2" bw="1" slack="0"/>
<pin id="947" dir="1" index="3" bw="9" slack="0"/>
</pin_list>
<bind>
<opcode="bitconcatenate(1004) " fcode="bitconcatenate"/>
<opset="shl_ln2/13 "/>
</bind>
</comp>

<comp id="951" class="1004" name="oc_5_load_fu_951">
<pin_list>
<pin id="952" dir="0" index="0" bw="7" slack="1"/>
<pin id="953" dir="1" index="1" bw="7" slack="0"/>
</pin_list>
<bind>
<opcode="load(27) " fcode="load"/>
<opset="oc_5/15 "/>
</bind>
</comp>

<comp id="954" class="1004" name="icmp_ln109_fu_954">
<pin_list>
<pin id="955" dir="0" index="0" bw="7" slack="0"/>
<pin id="956" dir="0" index="1" bw="7" slack="0"/>
<pin id="957" dir="1" index="2" bw="1" slack="2147483647"/>
</pin_list>
<bind>
<opcode="icmp(45) " fcode="icmp"/>
<opset="icmp_ln109/15 "/>
</bind>
</comp>

<comp id="960" class="1004" name="add_ln109_fu_960">
<pin_list>
<pin id="961" dir="0" index="0" bw="7" slack="0"/>
<pin id="962" dir="0" index="1" bw="1" slack="0"/>
<pin id="963" dir="1" index="2" bw="7" slack="0"/>
</pin_list>
<bind>
<opcode="add(8) " fcode="add"/>
<opset="add_ln109/15 "/>
</bind>
</comp>

<comp id="966" class="1004" name="p_shl_fu_966">
<pin_list>
<pin id="967" dir="0" index="0" bw="16" slack="0"/>
<pin id="968" dir="0" index="1" bw="7" slack="0"/>
<pin id="969" dir="0" index="2" bw="1" slack="0"/>
<pin id="970" dir="1" index="3" bw="16" slack="0"/>
</pin_list>
<bind>
<opcode="bitconcatenate(1004) " fcode="bitconcatenate"/>
<opset="p_shl/15 "/>
</bind>
</comp>

<comp id="974" class="1004" name="tmp_76_fu_974">
<pin_list>
<pin id="975" dir="0" index="0" bw="13" slack="0"/>
<pin id="976" dir="0" index="1" bw="7" slack="0"/>
<pin id="977" dir="0" index="2" bw="1" slack="0"/>
<pin id="978" dir="1" index="3" bw="13" slack="0"/>
</pin_list>
<bind>
<opcode="bitconcatenate(1004) " fcode="bitconcatenate"/>
<opset="tmp_76/15 "/>
</bind>
</comp>

<comp id="982" class="1004" name="zext_ln110_fu_982">
<pin_list>
<pin id="983" dir="0" index="0" bw="13" slack="0"/>
<pin id="984" dir="1" index="1" bw="16" slack="0"/>
</pin_list>
<bind>
<opcode="zext(34) " fcode="zext"/>
<opset="zext_ln110/15 "/>
</bind>
</comp>

<comp id="986" class="1004" name="add_ln110_fu_986">
<pin_list>
<pin id="987" dir="0" index="0" bw="16" slack="0"/>
<pin id="988" dir="0" index="1" bw="13" slack="0"/>
<pin id="989" dir="1" index="2" bw="16" slack="0"/>
</pin_list>
<bind>
<opcode="add(8) " fcode="add"/>
<opset="add_ln110/15 "/>
</bind>
</comp>

<comp id="993" class="1004" name="store_ln109_store_fu_993">
<pin_list>
<pin id="994" dir="0" index="0" bw="7" slack="0"/>
<pin id="995" dir="0" index="1" bw="7" slack="1"/>
<pin id="996" dir="1" index="2" bw="0" slack="2147483647"/>
</pin_list>
<bind>
<opcode="store(28) " fcode="store"/>
<opset="store_ln109/15 "/>
</bind>
</comp>

<comp id="998" class="1004" name="trunc_ln109_fu_998">
<pin_list>
<pin id="999" dir="0" index="0" bw="7" slack="1"/>
<pin id="1000" dir="1" index="1" bw="6" slack="1"/>
</pin_list>
<bind>
<opcode="trunc(33) " fcode="trunc"/>
<opset="trunc_ln109/16 "/>
</bind>
</comp>

<comp id="1001" class="1004" name="zext_ln109_fu_1001">
<pin_list>
<pin id="1002" dir="0" index="0" bw="7" slack="1"/>
<pin id="1003" dir="1" index="1" bw="64" slack="0"/>
</pin_list>
<bind>
<opcode="zext(34) " fcode="zext"/>
<opset="zext_ln109/16 "/>
</bind>
</comp>

<comp id="1005" class="1004" name="a1_1_loc_load_load_fu_1005">
<pin_list>
<pin id="1006" dir="0" index="0" bw="40" slack="7"/>
<pin id="1007" dir="1" index="1" bw="40" slack="0"/>
</pin_list>
<bind>
<opcode="load(27) " fcode="load"/>
<opset="a1_1_loc_load/22 "/>
</bind>
</comp>

<comp id="1008" class="1004" name="a0_1_loc_load_load_fu_1008">
<pin_list>
<pin id="1009" dir="0" index="0" bw="40" slack="7"/>
<pin id="1010" dir="1" index="1" bw="40" slack="0"/>
</pin_list>
<bind>
<opcode="load(27) " fcode="load"/>
<opset="a0_1_loc_load/22 "/>
</bind>
</comp>

<comp id="1011" class="1004" name="trunc_ln160_fu_1011">
<pin_list>
<pin id="1012" dir="0" index="0" bw="40" slack="0"/>
<pin id="1013" dir="1" index="1" bw="32" slack="0"/>
</pin_list>
<bind>
<opcode="trunc(33) " fcode="trunc"/>
<opset="trunc_ln160/22 "/>
</bind>
</comp>

<comp id="1016" class="1004" name="trunc_ln161_fu_1016">
<pin_list>
<pin id="1017" dir="0" index="0" bw="40" slack="0"/>
<pin id="1018" dir="1" index="1" bw="32" slack="0"/>
</pin_list>
<bind>
<opcode="trunc(33) " fcode="trunc"/>
<opset="trunc_ln161/22 "/>
</bind>
</comp>

<comp id="1021" class="1004" name="icmp_ln162_fu_1021">
<pin_list>
<pin id="1022" dir="0" index="0" bw="40" slack="0"/>
<pin id="1023" dir="0" index="1" bw="40" slack="0"/>
<pin id="1024" dir="1" index="2" bw="1" slack="0"/>
</pin_list>
<bind>
<opcode="icmp(45) " fcode="icmp"/>
<opset="icmp_ln162/22 "/>
</bind>
</comp>

<comp id="1027" class="1004" name="zext_ln162_fu_1027">
<pin_list>
<pin id="1028" dir="0" index="0" bw="1" slack="0"/>
<pin id="1029" dir="1" index="1" bw="32" slack="0"/>
</pin_list>
<bind>
<opcode="zext(34) " fcode="zext"/>
<opset="zext_ln162/22 "/>
</bind>
</comp>

<comp id="1032" class="1005" name="oc_reg_1032">
<pin_list>
<pin id="1033" dir="0" index="0" bw="6" slack="0"/>
<pin id="1034" dir="1" index="1" bw="6" slack="0"/>
</pin_list>
<bind>
<opset="oc "/>
</bind>
</comp>

<comp id="1039" class="1005" name="a0_1_loc_reg_1039">
<pin_list>
<pin id="1040" dir="0" index="0" bw="40" slack="5"/>
<pin id="1041" dir="1" index="1" bw="40" slack="5"/>
</pin_list>
<bind>
<opset="a0_1_loc "/>
</bind>
</comp>

<comp id="1045" class="1005" name="a1_1_loc_reg_1045">
<pin_list>
<pin id="1046" dir="0" index="0" bw="40" slack="5"/>
<pin id="1047" dir="1" index="1" bw="40" slack="5"/>
</pin_list>
<bind>
<opset="a1_1_loc "/>
</bind>
</comp>

<comp id="1051" class="1005" name="oc_3_reg_1051">
<pin_list>
<pin id="1052" dir="0" index="0" bw="6" slack="6"/>
<pin id="1053" dir="1" index="1" bw="6" slack="6"/>
</pin_list>
<bind>
<opset="oc_3 "/>
</bind>
</comp>

<comp id="1059" class="1005" name="trunc_ln59_reg_1059">
<pin_list>
<pin id="1060" dir="0" index="0" bw="5" slack="7"/>
<pin id="1061" dir="1" index="1" bw="5" slack="7"/>
</pin_list>
<bind>
<opset="trunc_ln59 "/>
</bind>
</comp>

<comp id="1064" class="1005" name="add_ln59_8_reg_1064">
<pin_list>
<pin id="1065" dir="0" index="0" bw="9" slack="1"/>
<pin id="1066" dir="1" index="1" bw="9" slack="1"/>
</pin_list>
<bind>
<opset="add_ln59_8 "/>
</bind>
</comp>

<comp id="1075" class="1005" name="trunc_ln59_1_reg_1075">
<pin_list>
<pin id="1076" dir="0" index="0" bw="5" slack="5"/>
<pin id="1077" dir="1" index="1" bw="5" slack="5"/>
</pin_list>
<bind>
<opset="trunc_ln59_1 "/>
</bind>
</comp>

<comp id="1080" class="1005" name="lshr_ln_reg_1080">
<pin_list>
<pin id="1081" dir="0" index="0" bw="4" slack="1"/>
<pin id="1082" dir="1" index="1" bw="4" slack="1"/>
</pin_list>
<bind>
<opset="lshr_ln "/>
</bind>
</comp>

<comp id="1085" class="1005" name="trunc_ln59_5_reg_1085">
<pin_list>
<pin id="1086" dir="0" index="0" bw="5" slack="1"/>
<pin id="1087" dir="1" index="1" bw="5" slack="1"/>
</pin_list>
<bind>
<opset="trunc_ln59_5 "/>
</bind>
</comp>

<comp id="1090" class="1005" name="W1_addr_reg_1090">
<pin_list>
<pin id="1091" dir="0" index="0" bw="4" slack="1"/>
<pin id="1092" dir="1" index="1" bw="4" slack="1"/>
</pin_list>
<bind>
<opset="W1_addr "/>
</bind>
</comp>

<comp id="1095" class="1005" name="oc_1_reg_1095">
<pin_list>
<pin id="1096" dir="0" index="0" bw="7" slack="0"/>
<pin id="1097" dir="1" index="1" bw="7" slack="0"/>
</pin_list>
<bind>
<opset="oc_1 "/>
</bind>
</comp>

<comp id="1102" class="1005" name="trunc_ln59_2_reg_1102">
<pin_list>
<pin id="1103" dir="0" index="0" bw="5" slack="4"/>
<pin id="1104" dir="1" index="1" bw="5" slack="4"/>
</pin_list>
<bind>
<opset="trunc_ln59_2 "/>
</bind>
</comp>

<comp id="1107" class="1005" name="cmp38_1_1_reg_1107">
<pin_list>
<pin id="1108" dir="0" index="0" bw="1" slack="4"/>
<pin id="1109" dir="1" index="1" bw="1" slack="4"/>
</pin_list>
<bind>
<opset="cmp38_1_1 "/>
</bind>
</comp>

<comp id="1112" class="1005" name="W1_addr_1_reg_1112">
<pin_list>
<pin id="1113" dir="0" index="0" bw="4" slack="1"/>
<pin id="1114" dir="1" index="1" bw="4" slack="1"/>
</pin_list>
<bind>
<opset="W1_addr_1 "/>
</bind>
</comp>

<comp id="1117" class="1005" name="W1_addr_2_reg_1117">
<pin_list>
<pin id="1118" dir="0" index="0" bw="4" slack="1"/>
<pin id="1119" dir="1" index="1" bw="4" slack="1"/>
</pin_list>
<bind>
<opset="W1_addr_2 "/>
</bind>
</comp>

<comp id="1122" class="1005" name="trunc_ln59_3_reg_1122">
<pin_list>
<pin id="1123" dir="0" index="0" bw="5" slack="3"/>
<pin id="1124" dir="1" index="1" bw="5" slack="3"/>
</pin_list>
<bind>
<opset="trunc_ln59_3 "/>
</bind>
</comp>

<comp id="1127" class="1005" name="trunc_ln59_4_reg_1127">
<pin_list>
<pin id="1128" dir="0" index="0" bw="5" slack="3"/>
<pin id="1129" dir="1" index="1" bw="5" slack="3"/>
</pin_list>
<bind>
<opset="trunc_ln59_4 "/>
</bind>
</comp>

<comp id="1132" class="1005" name="W1_addr_3_reg_1132">
<pin_list>
<pin id="1133" dir="0" index="0" bw="4" slack="1"/>
<pin id="1134" dir="1" index="1" bw="4" slack="1"/>
</pin_list>
<bind>
<opset="W1_addr_3 "/>
</bind>
</comp>

<comp id="1137" class="1005" name="W1_addr_4_reg_1137">
<pin_list>
<pin id="1138" dir="0" index="0" bw="4" slack="1"/>
<pin id="1139" dir="1" index="1" bw="4" slack="1"/>
</pin_list>
<bind>
<opset="W1_addr_4 "/>
</bind>
</comp>

<comp id="1142" class="1005" name="W1_load_1_reg_1142">
<pin_list>
<pin id="1143" dir="0" index="0" bw="32" slack="3"/>
<pin id="1144" dir="1" index="1" bw="32" slack="3"/>
</pin_list>
<bind>
<opset="W1_load_1 "/>
</bind>
</comp>

<comp id="1147" class="1005" name="W1_load_2_reg_1147">
<pin_list>
<pin id="1148" dir="0" index="0" bw="32" slack="3"/>
<pin id="1149" dir="1" index="1" bw="32" slack="3"/>
</pin_list>
<bind>
<opset="W1_load_2 "/>
</bind>
</comp>

<comp id="1152" class="1005" name="trunc_ln59_6_reg_1152">
<pin_list>
<pin id="1153" dir="0" index="0" bw="5" slack="2"/>
<pin id="1154" dir="1" index="1" bw="5" slack="2"/>
</pin_list>
<bind>
<opset="trunc_ln59_6 "/>
</bind>
</comp>

<comp id="1157" class="1005" name="trunc_ln59_7_reg_1157">
<pin_list>
<pin id="1158" dir="0" index="0" bw="5" slack="2"/>
<pin id="1159" dir="1" index="1" bw="5" slack="2"/>
</pin_list>
<bind>
<opset="trunc_ln59_7 "/>
</bind>
</comp>

<comp id="1162" class="1005" name="W1_addr_5_reg_1162">
<pin_list>
<pin id="1163" dir="0" index="0" bw="4" slack="1"/>
<pin id="1164" dir="1" index="1" bw="4" slack="1"/>
</pin_list>
<bind>
<opset="W1_addr_5 "/>
</bind>
</comp>

<comp id="1167" class="1005" name="W1_addr_6_reg_1167">
<pin_list>
<pin id="1168" dir="0" index="0" bw="4" slack="1"/>
<pin id="1169" dir="1" index="1" bw="4" slack="1"/>
</pin_list>
<bind>
<opset="W1_addr_6 "/>
</bind>
</comp>

<comp id="1172" class="1005" name="W1_load_3_reg_1172">
<pin_list>
<pin id="1173" dir="0" index="0" bw="32" slack="2"/>
<pin id="1174" dir="1" index="1" bw="32" slack="2"/>
</pin_list>
<bind>
<opset="W1_load_3 "/>
</bind>
</comp>

<comp id="1177" class="1005" name="W1_load_4_reg_1177">
<pin_list>
<pin id="1178" dir="0" index="0" bw="32" slack="2"/>
<pin id="1179" dir="1" index="1" bw="32" slack="2"/>
</pin_list>
<bind>
<opset="W1_load_4 "/>
</bind>
</comp>

<comp id="1182" class="1005" name="trunc_ln59_8_reg_1182">
<pin_list>
<pin id="1183" dir="0" index="0" bw="5" slack="1"/>
<pin id="1184" dir="1" index="1" bw="5" slack="1"/>
</pin_list>
<bind>
<opset="trunc_ln59_8 "/>
</bind>
</comp>

<comp id="1187" class="1005" name="trunc_ln59_9_reg_1187">
<pin_list>
<pin id="1188" dir="0" index="0" bw="5" slack="1"/>
<pin id="1189" dir="1" index="1" bw="5" slack="1"/>
</pin_list>
<bind>
<opset="trunc_ln59_9 "/>
</bind>
</comp>

<comp id="1192" class="1005" name="W1_addr_7_reg_1192">
<pin_list>
<pin id="1193" dir="0" index="0" bw="4" slack="1"/>
<pin id="1194" dir="1" index="1" bw="4" slack="1"/>
</pin_list>
<bind>
<opset="W1_addr_7 "/>
</bind>
</comp>

<comp id="1197" class="1005" name="W1_addr_8_reg_1197">
<pin_list>
<pin id="1198" dir="0" index="0" bw="4" slack="1"/>
<pin id="1199" dir="1" index="1" bw="4" slack="1"/>
</pin_list>
<bind>
<opset="W1_addr_8 "/>
</bind>
</comp>

<comp id="1202" class="1005" name="W1_load_5_reg_1202">
<pin_list>
<pin id="1203" dir="0" index="0" bw="32" slack="1"/>
<pin id="1204" dir="1" index="1" bw="32" slack="1"/>
</pin_list>
<bind>
<opset="W1_load_5 "/>
</bind>
</comp>

<comp id="1207" class="1005" name="W1_load_6_reg_1207">
<pin_list>
<pin id="1208" dir="0" index="0" bw="32" slack="1"/>
<pin id="1209" dir="1" index="1" bw="32" slack="1"/>
</pin_list>
<bind>
<opset="W1_load_6 "/>
</bind>
</comp>

<comp id="1212" class="1005" name="W1_load_7_reg_1212">
<pin_list>
<pin id="1213" dir="0" index="0" bw="32" slack="1"/>
<pin id="1214" dir="1" index="1" bw="32" slack="1"/>
</pin_list>
<bind>
<opset="W1_load_7 "/>
</bind>
</comp>

<comp id="1217" class="1005" name="W1_load_8_reg_1217">
<pin_list>
<pin id="1218" dir="0" index="0" bw="32" slack="1"/>
<pin id="1219" dir="1" index="1" bw="32" slack="1"/>
</pin_list>
<bind>
<opset="W1_load_8 "/>
</bind>
</comp>

<comp id="1222" class="1005" name="TAU1_addr_reg_1222">
<pin_list>
<pin id="1223" dir="0" index="0" bw="5" slack="1"/>
<pin id="1224" dir="1" index="1" bw="5" slack="1"/>
</pin_list>
<bind>
<opset="TAU1_addr "/>
</bind>
</comp>

<comp id="1227" class="1005" name="TAU1_load_reg_1227">
<pin_list>
<pin id="1228" dir="0" index="0" bw="32" slack="1"/>
<pin id="1229" dir="1" index="1" bw="32" slack="1"/>
</pin_list>
<bind>
<opset="TAU1_load "/>
</bind>
</comp>

<comp id="1232" class="1005" name="oc_4_reg_1232">
<pin_list>
<pin id="1233" dir="0" index="0" bw="7" slack="1"/>
<pin id="1234" dir="1" index="1" bw="7" slack="1"/>
</pin_list>
<bind>
<opset="oc_4 "/>
</bind>
</comp>

<comp id="1241" class="1005" name="add_ln79_reg_1241">
<pin_list>
<pin id="1242" dir="0" index="0" bw="15" slack="1"/>
<pin id="1243" dir="1" index="1" bw="15" slack="1"/>
</pin_list>
<bind>
<opset="add_ln79 "/>
</bind>
</comp>

<comp id="1246" class="1005" name="oc_2_reg_1246">
<pin_list>
<pin id="1247" dir="0" index="0" bw="7" slack="0"/>
<pin id="1248" dir="1" index="1" bw="7" slack="0"/>
</pin_list>
<bind>
<opset="oc_2 "/>
</bind>
</comp>

<comp id="1253" class="1005" name="TAU2_addr_reg_1253">
<pin_list>
<pin id="1254" dir="0" index="0" bw="6" slack="1"/>
<pin id="1255" dir="1" index="1" bw="6" slack="1"/>
</pin_list>
<bind>
<opset="TAU2_addr "/>
</bind>
</comp>

<comp id="1258" class="1005" name="trunc_ln104_reg_1258">
<pin_list>
<pin id="1259" dir="0" index="0" bw="6" slack="1"/>
<pin id="1260" dir="1" index="1" bw="6" slack="1"/>
</pin_list>
<bind>
<opset="trunc_ln104 "/>
</bind>
</comp>

<comp id="1263" class="1005" name="TAU2_load_reg_1263">
<pin_list>
<pin id="1264" dir="0" index="0" bw="32" slack="1"/>
<pin id="1265" dir="1" index="1" bw="32" slack="1"/>
</pin_list>
<bind>
<opset="TAU2_load "/>
</bind>
</comp>

<comp id="1268" class="1005" name="shl_ln2_reg_1268">
<pin_list>
<pin id="1269" dir="0" index="0" bw="9" slack="1"/>
<pin id="1270" dir="1" index="1" bw="9" slack="1"/>
</pin_list>
<bind>
<opset="shl_ln2 "/>
</bind>
</comp>

<comp id="1273" class="1005" name="oc_5_reg_1273">
<pin_list>
<pin id="1274" dir="0" index="0" bw="7" slack="1"/>
<pin id="1275" dir="1" index="1" bw="7" slack="1"/>
</pin_list>
<bind>
<opset="oc_5 "/>
</bind>
</comp>

<comp id="1282" class="1005" name="add_ln110_reg_1282">
<pin_list>
<pin id="1283" dir="0" index="0" bw="16" slack="1"/>
<pin id="1284" dir="1" index="1" bw="16" slack="1"/>
</pin_list>
<bind>
<opset="add_ln110 "/>
</bind>
</comp>

<comp id="1287" class="1005" name="trunc_ln109_reg_1287">
<pin_list>
<pin id="1288" dir="0" index="0" bw="6" slack="1"/>
<pin id="1289" dir="1" index="1" bw="6" slack="1"/>
</pin_list>
<bind>
<opset="trunc_ln109 "/>
</bind>
</comp>

<comp id="1292" class="1005" name="TAU3_addr_reg_1292">
<pin_list>
<pin id="1293" dir="0" index="0" bw="6" slack="1"/>
<pin id="1294" dir="1" index="1" bw="6" slack="1"/>
</pin_list>
<bind>
<opset="TAU3_addr "/>
</bind>
</comp>

<comp id="1297" class="1005" name="TAU3_load_reg_1297">
<pin_list>
<pin id="1298" dir="0" index="0" bw="32" slack="1"/>
<pin id="1299" dir="1" index="1" bw="32" slack="1"/>
</pin_list>
<bind>
<opset="TAU3_load "/>
</bind>
</comp>

<comp id="1302" class="1005" name="BF2_addr_reg_1302">
<pin_list>
<pin id="1303" dir="0" index="0" bw="1" slack="1"/>
<pin id="1304" dir="1" index="1" bw="1" slack="1"/>
</pin_list>
<bind>
<opset="BF2_addr "/>
</bind>
</comp>

<comp id="1307" class="1005" name="BF2_addr_1_reg_1307">
<pin_list>
<pin id="1308" dir="0" index="0" bw="1" slack="1"/>
<pin id="1309" dir="1" index="1" bw="1" slack="1"/>
</pin_list>
<bind>
<opset="BF2_addr_1 "/>
</bind>
</comp>

<comp id="1312" class="1005" name="a0_reg_1312">
<pin_list>
<pin id="1313" dir="0" index="0" bw="32" slack="1"/>
<pin id="1314" dir="1" index="1" bw="32" slack="1"/>
</pin_list>
<bind>
<opset="a0 "/>
</bind>
</comp>

<comp id="1317" class="1005" name="a1_reg_1317">
<pin_list>
<pin id="1318" dir="0" index="0" bw="32" slack="1"/>
<pin id="1319" dir="1" index="1" bw="32" slack="1"/>
</pin_list>
<bind>
<opset="a1 "/>
</bind>
</comp>

</comp_list>

<net_list>
<net id="199"><net_src comp="84" pin="0"/><net_sink comp="196" pin=0"/></net>

<net id="203"><net_src comp="86" pin="0"/><net_sink comp="200" pin=0"/></net>

<net id="207"><net_src comp="86" pin="0"/><net_sink comp="204" pin=0"/></net>

<net id="211"><net_src comp="84" pin="0"/><net_sink comp="208" pin=0"/></net>

<net id="215"><net_src comp="84" pin="0"/><net_sink comp="212" pin=0"/></net>

<net id="221"><net_src comp="194" pin="0"/><net_sink comp="216" pin=0"/></net>

<net id="222"><net_src comp="32" pin="0"/><net_sink comp="216" pin=1"/></net>

<net id="228"><net_src comp="194" pin="0"/><net_sink comp="223" pin=0"/></net>

<net id="229"><net_src comp="34" pin="0"/><net_sink comp="223" pin=1"/></net>

<net id="235"><net_src comp="194" pin="0"/><net_sink comp="230" pin=0"/></net>

<net id="236"><net_src comp="36" pin="0"/><net_sink comp="230" pin=1"/></net>

<net id="242"><net_src comp="8" pin="0"/><net_sink comp="237" pin=0"/></net>

<net id="243"><net_src comp="124" pin="0"/><net_sink comp="237" pin=1"/></net>

<net id="249"><net_src comp="237" pin="3"/><net_sink comp="244" pin=0"/></net>

<net id="255"><net_src comp="8" pin="0"/><net_sink comp="250" pin=0"/></net>

<net id="256"><net_src comp="124" pin="0"/><net_sink comp="250" pin=1"/></net>

<net id="262"><net_src comp="8" pin="0"/><net_sink comp="257" pin=0"/></net>

<net id="263"><net_src comp="124" pin="0"/><net_sink comp="257" pin=1"/></net>

<net id="268"><net_src comp="250" pin="3"/><net_sink comp="244" pin=2"/></net>

<net id="269"><net_src comp="257" pin="3"/><net_sink comp="244" pin=0"/></net>

<net id="275"><net_src comp="8" pin="0"/><net_sink comp="270" pin=0"/></net>

<net id="276"><net_src comp="124" pin="0"/><net_sink comp="270" pin=1"/></net>

<net id="282"><net_src comp="8" pin="0"/><net_sink comp="277" pin=0"/></net>

<net id="283"><net_src comp="124" pin="0"/><net_sink comp="277" pin=1"/></net>

<net id="284"><net_src comp="270" pin="3"/><net_sink comp="244" pin=0"/></net>

<net id="285"><net_src comp="277" pin="3"/><net_sink comp="244" pin=2"/></net>

<net id="291"><net_src comp="8" pin="0"/><net_sink comp="286" pin=0"/></net>

<net id="292"><net_src comp="124" pin="0"/><net_sink comp="286" pin=1"/></net>

<net id="298"><net_src comp="8" pin="0"/><net_sink comp="293" pin=0"/></net>

<net id="299"><net_src comp="124" pin="0"/><net_sink comp="293" pin=1"/></net>

<net id="300"><net_src comp="286" pin="3"/><net_sink comp="244" pin=0"/></net>

<net id="301"><net_src comp="293" pin="3"/><net_sink comp="244" pin=2"/></net>

<net id="307"><net_src comp="8" pin="0"/><net_sink comp="302" pin=0"/></net>

<net id="308"><net_src comp="124" pin="0"/><net_sink comp="302" pin=1"/></net>

<net id="314"><net_src comp="8" pin="0"/><net_sink comp="309" pin=0"/></net>

<net id="315"><net_src comp="124" pin="0"/><net_sink comp="309" pin=1"/></net>

<net id="316"><net_src comp="302" pin="3"/><net_sink comp="244" pin=0"/></net>

<net id="317"><net_src comp="309" pin="3"/><net_sink comp="244" pin=2"/></net>

<net id="323"><net_src comp="10" pin="0"/><net_sink comp="318" pin=0"/></net>

<net id="324"><net_src comp="124" pin="0"/><net_sink comp="318" pin=1"/></net>

<net id="330"><net_src comp="318" pin="3"/><net_sink comp="325" pin=0"/></net>

<net id="336"><net_src comp="16" pin="0"/><net_sink comp="331" pin=0"/></net>

<net id="337"><net_src comp="124" pin="0"/><net_sink comp="331" pin=1"/></net>

<net id="343"><net_src comp="331" pin="3"/><net_sink comp="338" pin=0"/></net>

<net id="349"><net_src comp="22" pin="0"/><net_sink comp="344" pin=0"/></net>

<net id="350"><net_src comp="124" pin="0"/><net_sink comp="344" pin=1"/></net>

<net id="356"><net_src comp="344" pin="3"/><net_sink comp="351" pin=0"/></net>

<net id="362"><net_src comp="30" pin="0"/><net_sink comp="357" pin=0"/></net>

<net id="363"><net_src comp="124" pin="0"/><net_sink comp="357" pin=1"/></net>

<net id="364"><net_src comp="124" pin="0"/><net_sink comp="357" pin=2"/></net>

<net id="374"><net_src comp="357" pin="3"/><net_sink comp="365" pin=2"/></net>

<net id="380"><net_src comp="30" pin="0"/><net_sink comp="375" pin=0"/></net>

<net id="381"><net_src comp="124" pin="0"/><net_sink comp="375" pin=1"/></net>

<net id="382"><net_src comp="86" pin="0"/><net_sink comp="375" pin=2"/></net>

<net id="383"><net_src comp="375" pin="3"/><net_sink comp="365" pin=0"/></net>

<net id="413"><net_src comp="144" pin="0"/><net_sink comp="384" pin=0"/></net>

<net id="414"><net_src comp="0" pin="0"/><net_sink comp="384" pin=1"/></net>

<net id="415"><net_src comp="2" pin="0"/><net_sink comp="384" pin=2"/></net>

<net id="416"><net_src comp="4" pin="0"/><net_sink comp="384" pin=3"/></net>

<net id="417"><net_src comp="6" pin="0"/><net_sink comp="384" pin=4"/></net>

<net id="418"><net_src comp="244" pin="3"/><net_sink comp="384" pin=18"/></net>

<net id="419"><net_src comp="244" pin="7"/><net_sink comp="384" pin=20"/></net>

<net id="420"><net_src comp="38" pin="0"/><net_sink comp="384" pin=22"/></net>

<net id="421"><net_src comp="40" pin="0"/><net_sink comp="384" pin=23"/></net>

<net id="422"><net_src comp="42" pin="0"/><net_sink comp="384" pin=24"/></net>

<net id="423"><net_src comp="44" pin="0"/><net_sink comp="384" pin=25"/></net>

<net id="424"><net_src comp="46" pin="0"/><net_sink comp="384" pin=26"/></net>

<net id="443"><net_src comp="146" pin="0"/><net_sink comp="425" pin=0"/></net>

<net id="444"><net_src comp="325" pin="3"/><net_sink comp="425" pin=1"/></net>

<net id="445"><net_src comp="48" pin="0"/><net_sink comp="425" pin=3"/></net>

<net id="446"><net_src comp="38" pin="0"/><net_sink comp="425" pin=4"/></net>

<net id="447"><net_src comp="40" pin="0"/><net_sink comp="425" pin=5"/></net>

<net id="448"><net_src comp="42" pin="0"/><net_sink comp="425" pin=6"/></net>

<net id="449"><net_src comp="44" pin="0"/><net_sink comp="425" pin=7"/></net>

<net id="450"><net_src comp="46" pin="0"/><net_sink comp="425" pin=8"/></net>

<net id="451"><net_src comp="50" pin="0"/><net_sink comp="425" pin=9"/></net>

<net id="452"><net_src comp="52" pin="0"/><net_sink comp="425" pin=10"/></net>

<net id="453"><net_src comp="54" pin="0"/><net_sink comp="425" pin=11"/></net>

<net id="454"><net_src comp="56" pin="0"/><net_sink comp="425" pin=12"/></net>

<net id="455"><net_src comp="58" pin="0"/><net_sink comp="425" pin=13"/></net>

<net id="456"><net_src comp="60" pin="0"/><net_sink comp="425" pin=14"/></net>

<net id="457"><net_src comp="62" pin="0"/><net_sink comp="425" pin=15"/></net>

<net id="477"><net_src comp="168" pin="0"/><net_sink comp="458" pin=0"/></net>

<net id="478"><net_src comp="12" pin="0"/><net_sink comp="458" pin=2"/></net>

<net id="479"><net_src comp="14" pin="0"/><net_sink comp="458" pin=3"/></net>

<net id="480"><net_src comp="38" pin="0"/><net_sink comp="458" pin=4"/></net>

<net id="481"><net_src comp="48" pin="0"/><net_sink comp="458" pin=5"/></net>

<net id="482"><net_src comp="50" pin="0"/><net_sink comp="458" pin=6"/></net>

<net id="483"><net_src comp="52" pin="0"/><net_sink comp="458" pin=7"/></net>

<net id="484"><net_src comp="54" pin="0"/><net_sink comp="458" pin=8"/></net>

<net id="485"><net_src comp="56" pin="0"/><net_sink comp="458" pin=9"/></net>

<net id="486"><net_src comp="58" pin="0"/><net_sink comp="458" pin=10"/></net>

<net id="487"><net_src comp="60" pin="0"/><net_sink comp="458" pin=11"/></net>

<net id="488"><net_src comp="62" pin="0"/><net_sink comp="458" pin=12"/></net>

<net id="489"><net_src comp="40" pin="0"/><net_sink comp="458" pin=13"/></net>

<net id="490"><net_src comp="42" pin="0"/><net_sink comp="458" pin=14"/></net>

<net id="491"><net_src comp="44" pin="0"/><net_sink comp="458" pin=15"/></net>

<net id="492"><net_src comp="46" pin="0"/><net_sink comp="458" pin=16"/></net>

<net id="511"><net_src comp="172" pin="0"/><net_sink comp="493" pin=0"/></net>

<net id="512"><net_src comp="338" pin="3"/><net_sink comp="493" pin=2"/></net>

<net id="513"><net_src comp="64" pin="0"/><net_sink comp="493" pin=3"/></net>

<net id="514"><net_src comp="38" pin="0"/><net_sink comp="493" pin=4"/></net>

<net id="515"><net_src comp="40" pin="0"/><net_sink comp="493" pin=5"/></net>

<net id="516"><net_src comp="42" pin="0"/><net_sink comp="493" pin=6"/></net>

<net id="517"><net_src comp="44" pin="0"/><net_sink comp="493" pin=7"/></net>

<net id="518"><net_src comp="46" pin="0"/><net_sink comp="493" pin=8"/></net>

<net id="519"><net_src comp="66" pin="0"/><net_sink comp="493" pin=9"/></net>

<net id="520"><net_src comp="68" pin="0"/><net_sink comp="493" pin=10"/></net>

<net id="521"><net_src comp="70" pin="0"/><net_sink comp="493" pin=11"/></net>

<net id="522"><net_src comp="72" pin="0"/><net_sink comp="493" pin=12"/></net>

<net id="523"><net_src comp="74" pin="0"/><net_sink comp="493" pin=13"/></net>

<net id="524"><net_src comp="76" pin="0"/><net_sink comp="493" pin=14"/></net>

<net id="525"><net_src comp="78" pin="0"/><net_sink comp="493" pin=15"/></net>

<net id="545"><net_src comp="184" pin="0"/><net_sink comp="526" pin=0"/></net>

<net id="546"><net_src comp="18" pin="0"/><net_sink comp="526" pin=2"/></net>

<net id="547"><net_src comp="20" pin="0"/><net_sink comp="526" pin=3"/></net>

<net id="548"><net_src comp="38" pin="0"/><net_sink comp="526" pin=4"/></net>

<net id="549"><net_src comp="64" pin="0"/><net_sink comp="526" pin=5"/></net>

<net id="550"><net_src comp="66" pin="0"/><net_sink comp="526" pin=6"/></net>

<net id="551"><net_src comp="68" pin="0"/><net_sink comp="526" pin=7"/></net>

<net id="552"><net_src comp="70" pin="0"/><net_sink comp="526" pin=8"/></net>

<net id="553"><net_src comp="72" pin="0"/><net_sink comp="526" pin=9"/></net>

<net id="554"><net_src comp="74" pin="0"/><net_sink comp="526" pin=10"/></net>

<net id="555"><net_src comp="76" pin="0"/><net_sink comp="526" pin=11"/></net>

<net id="556"><net_src comp="78" pin="0"/><net_sink comp="526" pin=12"/></net>

<net id="557"><net_src comp="40" pin="0"/><net_sink comp="526" pin=13"/></net>

<net id="558"><net_src comp="42" pin="0"/><net_sink comp="526" pin=14"/></net>

<net id="559"><net_src comp="44" pin="0"/><net_sink comp="526" pin=15"/></net>

<net id="560"><net_src comp="46" pin="0"/><net_sink comp="526" pin=16"/></net>

<net id="568"><net_src comp="186" pin="0"/><net_sink comp="561" pin=0"/></net>

<net id="569"><net_src comp="24" pin="0"/><net_sink comp="561" pin=1"/></net>

<net id="570"><net_src comp="26" pin="0"/><net_sink comp="561" pin=2"/></net>

<net id="571"><net_src comp="80" pin="0"/><net_sink comp="561" pin=3"/></net>

<net id="572"><net_src comp="82" pin="0"/><net_sink comp="561" pin=4"/></net>

<net id="584"><net_src comp="188" pin="0"/><net_sink comp="573" pin=0"/></net>

<net id="585"><net_src comp="351" pin="3"/><net_sink comp="573" pin=1"/></net>

<net id="586"><net_src comp="38" pin="0"/><net_sink comp="573" pin=3"/></net>

<net id="587"><net_src comp="40" pin="0"/><net_sink comp="573" pin=4"/></net>

<net id="588"><net_src comp="42" pin="0"/><net_sink comp="573" pin=5"/></net>

<net id="589"><net_src comp="44" pin="0"/><net_sink comp="573" pin=6"/></net>

<net id="590"><net_src comp="46" pin="0"/><net_sink comp="573" pin=7"/></net>

<net id="591"><net_src comp="82" pin="0"/><net_sink comp="573" pin=8"/></net>

<net id="601"><net_src comp="192" pin="0"/><net_sink comp="592" pin=0"/></net>

<net id="602"><net_src comp="365" pin="3"/><net_sink comp="592" pin=1"/></net>

<net id="603"><net_src comp="365" pin="7"/><net_sink comp="592" pin=2"/></net>

<net id="604"><net_src comp="28" pin="0"/><net_sink comp="592" pin=3"/></net>

<net id="605"><net_src comp="80" pin="0"/><net_sink comp="592" pin=6"/></net>

<net id="610"><net_src comp="106" pin="0"/><net_sink comp="606" pin=0"/></net>

<net id="618"><net_src comp="611" pin="1"/><net_sink comp="614" pin=0"/></net>

<net id="619"><net_src comp="108" pin="0"/><net_sink comp="614" pin=1"/></net>

<net id="624"><net_src comp="611" pin="1"/><net_sink comp="620" pin=0"/></net>

<net id="625"><net_src comp="110" pin="0"/><net_sink comp="620" pin=1"/></net>

<net id="629"><net_src comp="611" pin="1"/><net_sink comp="626" pin=0"/></net>

<net id="633"><net_src comp="626" pin="1"/><net_sink comp="630" pin=0"/></net>

<net id="639"><net_src comp="112" pin="0"/><net_sink comp="634" pin=0"/></net>

<net id="640"><net_src comp="626" pin="1"/><net_sink comp="634" pin=1"/></net>

<net id="641"><net_src comp="114" pin="0"/><net_sink comp="634" pin=2"/></net>

<net id="645"><net_src comp="634" pin="3"/><net_sink comp="642" pin=0"/></net>

<net id="650"><net_src comp="642" pin="1"/><net_sink comp="646" pin=0"/></net>

<net id="651"><net_src comp="630" pin="1"/><net_sink comp="646" pin=1"/></net>

<net id="655"><net_src comp="646" pin="2"/><net_sink comp="652" pin=0"/></net>

<net id="662"><net_src comp="116" pin="0"/><net_sink comp="656" pin=0"/></net>

<net id="663"><net_src comp="646" pin="2"/><net_sink comp="656" pin=1"/></net>

<net id="664"><net_src comp="118" pin="0"/><net_sink comp="656" pin=2"/></net>

<net id="665"><net_src comp="120" pin="0"/><net_sink comp="656" pin=3"/></net>

<net id="670"><net_src comp="646" pin="2"/><net_sink comp="666" pin=0"/></net>

<net id="671"><net_src comp="122" pin="0"/><net_sink comp="666" pin=1"/></net>

<net id="675"><net_src comp="666" pin="2"/><net_sink comp="672" pin=0"/></net>

<net id="682"><net_src comp="116" pin="0"/><net_sink comp="676" pin=0"/></net>

<net id="683"><net_src comp="666" pin="2"/><net_sink comp="676" pin=1"/></net>

<net id="684"><net_src comp="118" pin="0"/><net_sink comp="676" pin=2"/></net>

<net id="685"><net_src comp="120" pin="0"/><net_sink comp="676" pin=3"/></net>

<net id="689"><net_src comp="676" pin="4"/><net_sink comp="686" pin=0"/></net>

<net id="690"><net_src comp="686" pin="1"/><net_sink comp="237" pin=2"/></net>

<net id="695"><net_src comp="620" pin="2"/><net_sink comp="691" pin=0"/></net>

<net id="700"><net_src comp="126" pin="0"/><net_sink comp="696" pin=0"/></net>

<net id="704"><net_src comp="701" pin="1"/><net_sink comp="250" pin=2"/></net>

<net id="709"><net_src comp="128" pin="0"/><net_sink comp="705" pin=1"/></net>

<net id="713"><net_src comp="705" pin="2"/><net_sink comp="710" pin=0"/></net>

<net id="720"><net_src comp="116" pin="0"/><net_sink comp="714" pin=0"/></net>

<net id="721"><net_src comp="705" pin="2"/><net_sink comp="714" pin=1"/></net>

<net id="722"><net_src comp="118" pin="0"/><net_sink comp="714" pin=2"/></net>

<net id="723"><net_src comp="120" pin="0"/><net_sink comp="714" pin=3"/></net>

<net id="727"><net_src comp="714" pin="4"/><net_sink comp="724" pin=0"/></net>

<net id="728"><net_src comp="724" pin="1"/><net_sink comp="257" pin=2"/></net>

<net id="734"><net_src comp="130" pin="0"/><net_sink comp="729" pin=0"/></net>

<net id="735"><net_src comp="244" pin="3"/><net_sink comp="729" pin=1"/></net>

<net id="740"><net_src comp="132" pin="0"/><net_sink comp="736" pin=1"/></net>

<net id="744"><net_src comp="736" pin="2"/><net_sink comp="741" pin=0"/></net>

<net id="751"><net_src comp="116" pin="0"/><net_sink comp="745" pin=0"/></net>

<net id="752"><net_src comp="736" pin="2"/><net_sink comp="745" pin=1"/></net>

<net id="753"><net_src comp="118" pin="0"/><net_sink comp="745" pin=2"/></net>

<net id="754"><net_src comp="120" pin="0"/><net_sink comp="745" pin=3"/></net>

<net id="758"><net_src comp="745" pin="4"/><net_sink comp="755" pin=0"/></net>

<net id="759"><net_src comp="755" pin="1"/><net_sink comp="270" pin=2"/></net>

<net id="764"><net_src comp="134" pin="0"/><net_sink comp="760" pin=1"/></net>

<net id="768"><net_src comp="760" pin="2"/><net_sink comp="765" pin=0"/></net>

<net id="775"><net_src comp="116" pin="0"/><net_sink comp="769" pin=0"/></net>

<net id="776"><net_src comp="760" pin="2"/><net_sink comp="769" pin=1"/></net>

<net id="777"><net_src comp="118" pin="0"/><net_sink comp="769" pin=2"/></net>

<net id="778"><net_src comp="120" pin="0"/><net_sink comp="769" pin=3"/></net>

<net id="782"><net_src comp="769" pin="4"/><net_sink comp="779" pin=0"/></net>

<net id="783"><net_src comp="779" pin="1"/><net_sink comp="277" pin=2"/></net>

<net id="788"><net_src comp="136" pin="0"/><net_sink comp="784" pin=1"/></net>

<net id="792"><net_src comp="784" pin="2"/><net_sink comp="789" pin=0"/></net>

<net id="799"><net_src comp="116" pin="0"/><net_sink comp="793" pin=0"/></net>

<net id="800"><net_src comp="784" pin="2"/><net_sink comp="793" pin=1"/></net>

<net id="801"><net_src comp="118" pin="0"/><net_sink comp="793" pin=2"/></net>

<net id="802"><net_src comp="120" pin="0"/><net_sink comp="793" pin=3"/></net>

<net id="806"><net_src comp="793" pin="4"/><net_sink comp="803" pin=0"/></net>

<net id="807"><net_src comp="803" pin="1"/><net_sink comp="286" pin=2"/></net>

<net id="812"><net_src comp="138" pin="0"/><net_sink comp="808" pin=1"/></net>

<net id="816"><net_src comp="808" pin="2"/><net_sink comp="813" pin=0"/></net>

<net id="823"><net_src comp="116" pin="0"/><net_sink comp="817" pin=0"/></net>

<net id="824"><net_src comp="808" pin="2"/><net_sink comp="817" pin=1"/></net>

<net id="825"><net_src comp="118" pin="0"/><net_sink comp="817" pin=2"/></net>

<net id="826"><net_src comp="120" pin="0"/><net_sink comp="817" pin=3"/></net>

<net id="830"><net_src comp="817" pin="4"/><net_sink comp="827" pin=0"/></net>

<net id="831"><net_src comp="827" pin="1"/><net_sink comp="293" pin=2"/></net>

<net id="836"><net_src comp="140" pin="0"/><net_sink comp="832" pin=1"/></net>

<net id="840"><net_src comp="832" pin="2"/><net_sink comp="837" pin=0"/></net>

<net id="847"><net_src comp="116" pin="0"/><net_sink comp="841" pin=0"/></net>

<net id="848"><net_src comp="832" pin="2"/><net_sink comp="841" pin=1"/></net>

<net id="849"><net_src comp="118" pin="0"/><net_sink comp="841" pin=2"/></net>

<net id="850"><net_src comp="120" pin="0"/><net_sink comp="841" pin=3"/></net>

<net id="854"><net_src comp="841" pin="4"/><net_sink comp="851" pin=0"/></net>

<net id="855"><net_src comp="851" pin="1"/><net_sink comp="302" pin=2"/></net>

<net id="860"><net_src comp="142" pin="0"/><net_sink comp="856" pin=1"/></net>

<net id="864"><net_src comp="856" pin="2"/><net_sink comp="861" pin=0"/></net>

<net id="871"><net_src comp="116" pin="0"/><net_sink comp="865" pin=0"/></net>

<net id="872"><net_src comp="856" pin="2"/><net_sink comp="865" pin=1"/></net>

<net id="873"><net_src comp="118" pin="0"/><net_sink comp="865" pin=2"/></net>

<net id="874"><net_src comp="120" pin="0"/><net_sink comp="865" pin=3"/></net>

<net id="878"><net_src comp="865" pin="4"/><net_sink comp="875" pin=0"/></net>

<net id="879"><net_src comp="875" pin="1"/><net_sink comp="309" pin=2"/></net>

<net id="883"><net_src comp="880" pin="1"/><net_sink comp="318" pin=2"/></net>

<net id="891"><net_src comp="884" pin="1"/><net_sink comp="887" pin=0"/></net>

<net id="892"><net_src comp="156" pin="0"/><net_sink comp="887" pin=1"/></net>

<net id="897"><net_src comp="884" pin="1"/><net_sink comp="893" pin=0"/></net>

<net id="898"><net_src comp="158" pin="0"/><net_sink comp="893" pin=1"/></net>

<net id="904"><net_src comp="160" pin="0"/><net_sink comp="899" pin=0"/></net>

<net id="905"><net_src comp="884" pin="1"/><net_sink comp="899" pin=1"/></net>

<net id="906"><net_src comp="162" pin="0"/><net_sink comp="899" pin=2"/></net>

<net id="912"><net_src comp="164" pin="0"/><net_sink comp="907" pin=0"/></net>

<net id="913"><net_src comp="884" pin="1"/><net_sink comp="907" pin=1"/></net>

<net id="914"><net_src comp="166" pin="0"/><net_sink comp="907" pin=2"/></net>

<net id="918"><net_src comp="907" pin="3"/><net_sink comp="915" pin=0"/></net>

<net id="923"><net_src comp="899" pin="3"/><net_sink comp="919" pin=0"/></net>

<net id="924"><net_src comp="915" pin="1"/><net_sink comp="919" pin=1"/></net>

<net id="925"><net_src comp="919" pin="2"/><net_sink comp="458" pin=1"/></net>

<net id="930"><net_src comp="893" pin="2"/><net_sink comp="926" pin=0"/></net>

<net id="935"><net_src comp="126" pin="0"/><net_sink comp="931" pin=0"/></net>

<net id="939"><net_src comp="936" pin="1"/><net_sink comp="331" pin=2"/></net>

<net id="948"><net_src comp="170" pin="0"/><net_sink comp="943" pin=0"/></net>

<net id="949"><net_src comp="114" pin="0"/><net_sink comp="943" pin=2"/></net>

<net id="950"><net_src comp="943" pin="3"/><net_sink comp="493" pin=1"/></net>

<net id="958"><net_src comp="951" pin="1"/><net_sink comp="954" pin=0"/></net>

<net id="959"><net_src comp="156" pin="0"/><net_sink comp="954" pin=1"/></net>

<net id="964"><net_src comp="951" pin="1"/><net_sink comp="960" pin=0"/></net>

<net id="965"><net_src comp="158" pin="0"/><net_sink comp="960" pin=1"/></net>

<net id="971"><net_src comp="178" pin="0"/><net_sink comp="966" pin=0"/></net>

<net id="972"><net_src comp="951" pin="1"/><net_sink comp="966" pin=1"/></net>

<net id="973"><net_src comp="180" pin="0"/><net_sink comp="966" pin=2"/></net>

<net id="979"><net_src comp="182" pin="0"/><net_sink comp="974" pin=0"/></net>

<net id="980"><net_src comp="951" pin="1"/><net_sink comp="974" pin=1"/></net>

<net id="981"><net_src comp="106" pin="0"/><net_sink comp="974" pin=2"/></net>

<net id="985"><net_src comp="974" pin="3"/><net_sink comp="982" pin=0"/></net>

<net id="990"><net_src comp="966" pin="3"/><net_sink comp="986" pin=0"/></net>

<net id="991"><net_src comp="982" pin="1"/><net_sink comp="986" pin=1"/></net>

<net id="992"><net_src comp="986" pin="2"/><net_sink comp="526" pin=1"/></net>

<net id="997"><net_src comp="960" pin="2"/><net_sink comp="993" pin=0"/></net>

<net id="1004"><net_src comp="1001" pin="1"/><net_sink comp="344" pin=2"/></net>

<net id="1014"><net_src comp="1008" pin="1"/><net_sink comp="1011" pin=0"/></net>

<net id="1015"><net_src comp="1011" pin="1"/><net_sink comp="216" pin=2"/></net>

<net id="1019"><net_src comp="1005" pin="1"/><net_sink comp="1016" pin=0"/></net>

<net id="1020"><net_src comp="1016" pin="1"/><net_sink comp="223" pin=2"/></net>

<net id="1025"><net_src comp="1005" pin="1"/><net_sink comp="1021" pin=0"/></net>

<net id="1026"><net_src comp="1008" pin="1"/><net_sink comp="1021" pin=1"/></net>

<net id="1030"><net_src comp="1021" pin="2"/><net_sink comp="1027" pin=0"/></net>

<net id="1031"><net_src comp="1027" pin="1"/><net_sink comp="230" pin=2"/></net>

<net id="1035"><net_src comp="196" pin="1"/><net_sink comp="1032" pin=0"/></net>

<net id="1036"><net_src comp="1032" pin="1"/><net_sink comp="606" pin=1"/></net>

<net id="1037"><net_src comp="1032" pin="1"/><net_sink comp="611" pin=0"/></net>

<net id="1038"><net_src comp="1032" pin="1"/><net_sink comp="691" pin=1"/></net>

<net id="1042"><net_src comp="200" pin="1"/><net_sink comp="1039" pin=0"/></net>

<net id="1043"><net_src comp="1039" pin="1"/><net_sink comp="592" pin=5"/></net>

<net id="1044"><net_src comp="1039" pin="1"/><net_sink comp="1008" pin=0"/></net>

<net id="1048"><net_src comp="204" pin="1"/><net_sink comp="1045" pin=0"/></net>

<net id="1049"><net_src comp="1045" pin="1"/><net_sink comp="592" pin=4"/></net>

<net id="1050"><net_src comp="1045" pin="1"/><net_sink comp="1005" pin=0"/></net>

<net id="1054"><net_src comp="611" pin="1"/><net_sink comp="1051" pin=0"/></net>

<net id="1055"><net_src comp="1051" pin="1"/><net_sink comp="880" pin=0"/></net>

<net id="1062"><net_src comp="626" pin="1"/><net_sink comp="1059" pin=0"/></net>

<net id="1063"><net_src comp="1059" pin="1"/><net_sink comp="425" pin=2"/></net>

<net id="1067"><net_src comp="646" pin="2"/><net_sink comp="1064" pin=0"/></net>

<net id="1068"><net_src comp="1064" pin="1"/><net_sink comp="705" pin=0"/></net>

<net id="1069"><net_src comp="1064" pin="1"/><net_sink comp="736" pin=0"/></net>

<net id="1070"><net_src comp="1064" pin="1"/><net_sink comp="760" pin=0"/></net>

<net id="1071"><net_src comp="1064" pin="1"/><net_sink comp="784" pin=0"/></net>

<net id="1072"><net_src comp="1064" pin="1"/><net_sink comp="808" pin=0"/></net>

<net id="1073"><net_src comp="1064" pin="1"/><net_sink comp="832" pin=0"/></net>

<net id="1074"><net_src comp="1064" pin="1"/><net_sink comp="856" pin=0"/></net>

<net id="1078"><net_src comp="652" pin="1"/><net_sink comp="1075" pin=0"/></net>

<net id="1079"><net_src comp="1075" pin="1"/><net_sink comp="384" pin=6"/></net>

<net id="1083"><net_src comp="656" pin="4"/><net_sink comp="1080" pin=0"/></net>

<net id="1084"><net_src comp="1080" pin="1"/><net_sink comp="701" pin=0"/></net>

<net id="1088"><net_src comp="672" pin="1"/><net_sink comp="1085" pin=0"/></net>

<net id="1089"><net_src comp="1085" pin="1"/><net_sink comp="729" pin=2"/></net>

<net id="1093"><net_src comp="237" pin="3"/><net_sink comp="1090" pin=0"/></net>

<net id="1094"><net_src comp="1090" pin="1"/><net_sink comp="244" pin=0"/></net>

<net id="1098"><net_src comp="208" pin="1"/><net_sink comp="1095" pin=0"/></net>

<net id="1099"><net_src comp="1095" pin="1"/><net_sink comp="696" pin=1"/></net>

<net id="1100"><net_src comp="1095" pin="1"/><net_sink comp="884" pin=0"/></net>

<net id="1101"><net_src comp="1095" pin="1"/><net_sink comp="926" pin=1"/></net>

<net id="1105"><net_src comp="710" pin="1"/><net_sink comp="1102" pin=0"/></net>

<net id="1106"><net_src comp="1102" pin="1"/><net_sink comp="384" pin=8"/></net>

<net id="1110"><net_src comp="729" pin="3"/><net_sink comp="1107" pin=0"/></net>

<net id="1111"><net_src comp="1107" pin="1"/><net_sink comp="384" pin=13"/></net>

<net id="1115"><net_src comp="250" pin="3"/><net_sink comp="1112" pin=0"/></net>

<net id="1116"><net_src comp="1112" pin="1"/><net_sink comp="244" pin=2"/></net>

<net id="1120"><net_src comp="257" pin="3"/><net_sink comp="1117" pin=0"/></net>

<net id="1121"><net_src comp="1117" pin="1"/><net_sink comp="244" pin=0"/></net>

<net id="1125"><net_src comp="741" pin="1"/><net_sink comp="1122" pin=0"/></net>

<net id="1126"><net_src comp="1122" pin="1"/><net_sink comp="384" pin=10"/></net>

<net id="1130"><net_src comp="765" pin="1"/><net_sink comp="1127" pin=0"/></net>

<net id="1131"><net_src comp="1127" pin="1"/><net_sink comp="384" pin=12"/></net>

<net id="1135"><net_src comp="270" pin="3"/><net_sink comp="1132" pin=0"/></net>

<net id="1136"><net_src comp="1132" pin="1"/><net_sink comp="244" pin=0"/></net>

<net id="1140"><net_src comp="277" pin="3"/><net_sink comp="1137" pin=0"/></net>

<net id="1141"><net_src comp="1137" pin="1"/><net_sink comp="244" pin=2"/></net>

<net id="1145"><net_src comp="244" pin="7"/><net_sink comp="1142" pin=0"/></net>

<net id="1146"><net_src comp="1142" pin="1"/><net_sink comp="384" pin=5"/></net>

<net id="1150"><net_src comp="244" pin="3"/><net_sink comp="1147" pin=0"/></net>

<net id="1151"><net_src comp="1147" pin="1"/><net_sink comp="384" pin=7"/></net>

<net id="1155"><net_src comp="789" pin="1"/><net_sink comp="1152" pin=0"/></net>

<net id="1156"><net_src comp="1152" pin="1"/><net_sink comp="384" pin=15"/></net>

<net id="1160"><net_src comp="813" pin="1"/><net_sink comp="1157" pin=0"/></net>

<net id="1161"><net_src comp="1157" pin="1"/><net_sink comp="384" pin=17"/></net>

<net id="1165"><net_src comp="286" pin="3"/><net_sink comp="1162" pin=0"/></net>

<net id="1166"><net_src comp="1162" pin="1"/><net_sink comp="244" pin=0"/></net>

<net id="1170"><net_src comp="293" pin="3"/><net_sink comp="1167" pin=0"/></net>

<net id="1171"><net_src comp="1167" pin="1"/><net_sink comp="244" pin=2"/></net>

<net id="1175"><net_src comp="244" pin="3"/><net_sink comp="1172" pin=0"/></net>

<net id="1176"><net_src comp="1172" pin="1"/><net_sink comp="384" pin=9"/></net>

<net id="1180"><net_src comp="244" pin="7"/><net_sink comp="1177" pin=0"/></net>

<net id="1181"><net_src comp="1177" pin="1"/><net_sink comp="384" pin=11"/></net>

<net id="1185"><net_src comp="837" pin="1"/><net_sink comp="1182" pin=0"/></net>

<net id="1186"><net_src comp="1182" pin="1"/><net_sink comp="384" pin=19"/></net>

<net id="1190"><net_src comp="861" pin="1"/><net_sink comp="1187" pin=0"/></net>

<net id="1191"><net_src comp="1187" pin="1"/><net_sink comp="384" pin=21"/></net>

<net id="1195"><net_src comp="302" pin="3"/><net_sink comp="1192" pin=0"/></net>

<net id="1196"><net_src comp="1192" pin="1"/><net_sink comp="244" pin=0"/></net>

<net id="1200"><net_src comp="309" pin="3"/><net_sink comp="1197" pin=0"/></net>

<net id="1201"><net_src comp="1197" pin="1"/><net_sink comp="244" pin=2"/></net>

<net id="1205"><net_src comp="244" pin="3"/><net_sink comp="1202" pin=0"/></net>

<net id="1206"><net_src comp="1202" pin="1"/><net_sink comp="384" pin=14"/></net>

<net id="1210"><net_src comp="244" pin="7"/><net_sink comp="1207" pin=0"/></net>

<net id="1211"><net_src comp="1207" pin="1"/><net_sink comp="384" pin=16"/></net>

<net id="1215"><net_src comp="244" pin="3"/><net_sink comp="1212" pin=0"/></net>

<net id="1216"><net_src comp="1212" pin="1"/><net_sink comp="384" pin=18"/></net>

<net id="1220"><net_src comp="244" pin="7"/><net_sink comp="1217" pin=0"/></net>

<net id="1221"><net_src comp="1217" pin="1"/><net_sink comp="384" pin=20"/></net>

<net id="1225"><net_src comp="318" pin="3"/><net_sink comp="1222" pin=0"/></net>

<net id="1226"><net_src comp="1222" pin="1"/><net_sink comp="325" pin=0"/></net>

<net id="1230"><net_src comp="325" pin="3"/><net_sink comp="1227" pin=0"/></net>

<net id="1231"><net_src comp="1227" pin="1"/><net_sink comp="425" pin=1"/></net>

<net id="1235"><net_src comp="884" pin="1"/><net_sink comp="1232" pin=0"/></net>

<net id="1236"><net_src comp="1232" pin="1"/><net_sink comp="936" pin=0"/></net>

<net id="1237"><net_src comp="1232" pin="1"/><net_sink comp="940" pin=0"/></net>

<net id="1244"><net_src comp="919" pin="2"/><net_sink comp="1241" pin=0"/></net>

<net id="1245"><net_src comp="1241" pin="1"/><net_sink comp="458" pin=1"/></net>

<net id="1249"><net_src comp="212" pin="1"/><net_sink comp="1246" pin=0"/></net>

<net id="1250"><net_src comp="1246" pin="1"/><net_sink comp="931" pin=1"/></net>

<net id="1251"><net_src comp="1246" pin="1"/><net_sink comp="951" pin=0"/></net>

<net id="1252"><net_src comp="1246" pin="1"/><net_sink comp="993" pin=1"/></net>

<net id="1256"><net_src comp="331" pin="3"/><net_sink comp="1253" pin=0"/></net>

<net id="1257"><net_src comp="1253" pin="1"/><net_sink comp="338" pin=0"/></net>

<net id="1261"><net_src comp="940" pin="1"/><net_sink comp="1258" pin=0"/></net>

<net id="1262"><net_src comp="1258" pin="1"/><net_sink comp="943" pin=1"/></net>

<net id="1266"><net_src comp="338" pin="3"/><net_sink comp="1263" pin=0"/></net>

<net id="1267"><net_src comp="1263" pin="1"/><net_sink comp="493" pin=2"/></net>

<net id="1271"><net_src comp="943" pin="3"/><net_sink comp="1268" pin=0"/></net>

<net id="1272"><net_src comp="1268" pin="1"/><net_sink comp="493" pin=1"/></net>

<net id="1276"><net_src comp="951" pin="1"/><net_sink comp="1273" pin=0"/></net>

<net id="1277"><net_src comp="1273" pin="1"/><net_sink comp="998" pin=0"/></net>

<net id="1278"><net_src comp="1273" pin="1"/><net_sink comp="1001" pin=0"/></net>

<net id="1285"><net_src comp="986" pin="2"/><net_sink comp="1282" pin=0"/></net>

<net id="1286"><net_src comp="1282" pin="1"/><net_sink comp="526" pin=1"/></net>

<net id="1290"><net_src comp="998" pin="1"/><net_sink comp="1287" pin=0"/></net>

<net id="1291"><net_src comp="1287" pin="1"/><net_sink comp="573" pin=2"/></net>

<net id="1295"><net_src comp="344" pin="3"/><net_sink comp="1292" pin=0"/></net>

<net id="1296"><net_src comp="1292" pin="1"/><net_sink comp="351" pin=0"/></net>

<net id="1300"><net_src comp="351" pin="3"/><net_sink comp="1297" pin=0"/></net>

<net id="1301"><net_src comp="1297" pin="1"/><net_sink comp="573" pin=1"/></net>

<net id="1305"><net_src comp="357" pin="3"/><net_sink comp="1302" pin=0"/></net>

<net id="1306"><net_src comp="1302" pin="1"/><net_sink comp="365" pin=2"/></net>

<net id="1310"><net_src comp="375" pin="3"/><net_sink comp="1307" pin=0"/></net>

<net id="1311"><net_src comp="1307" pin="1"/><net_sink comp="365" pin=0"/></net>

<net id="1315"><net_src comp="365" pin="7"/><net_sink comp="1312" pin=0"/></net>

<net id="1316"><net_src comp="1312" pin="1"/><net_sink comp="592" pin=2"/></net>

<net id="1320"><net_src comp="365" pin="3"/><net_sink comp="1317" pin=0"/></net>

<net id="1321"><net_src comp="1317" pin="1"/><net_sink comp="592" pin=1"/></net>

</net_list>

</model> 
---------------- Datapath Model END ------------------

* FSMD analyzer results:
  - Output states:
	Port: logit0 | {22 }
	Port: logit1 | {22 }
	Port: pred_r | {22 }
	Port: bnn_top_int_const_unsigned_int_const_int_const_unsigned_int_const_int_co_4 | {7 8 11 12 15 16 }
	Port: bnn_top_int_const_unsigned_int_const_int_const_unsigned_int_const_int_co_3 | {7 8 11 12 15 16 }
	Port: bnn_top_int_const_unsigned_int_const_int_const_unsigned_int_const_int_co_2 | {7 8 11 12 15 16 }
	Port: bnn_top_int_const_unsigned_int_const_int_const_unsigned_int_const_int_co_1 | {7 8 11 12 15 16 }
	Port: bnn_top_int_const_unsigned_int_const_int_const_unsigned_int_const_int_co | {7 8 11 12 15 16 }
	Port: bnn_top_int_const_unsigned_int_const_int_const_unsigned_int_const_int_co_20 | {9 10 }
	Port: bnn_top_int_const_unsigned_int_const_int_const_unsigned_int_const_int_co_19 | {9 10 }
	Port: bnn_top_int_const_unsigned_int_const_int_const_unsigned_int_const_int_co_18 | {9 10 }
	Port: bnn_top_int_const_unsigned_int_const_int_const_unsigned_int_const_int_co_17 | {9 10 }
	Port: bnn_top_int_const_unsigned_int_const_int_const_unsigned_int_const_int_co_16 | {9 10 }
	Port: bnn_top_int_const_unsigned_int_const_int_const_unsigned_int_const_int_co_15 | {9 10 }
	Port: bnn_top_int_const_unsigned_int_const_int_const_unsigned_int_const_int_co_14 | {9 10 }
	Port: bnn_top_int_const_unsigned_int_const_int_const_unsigned_int_const_int_co_13 | {9 10 }
	Port: bnn_top_int_const_unsigned_int_const_int_const_unsigned_int_const_int_co_12 | {13 14 }
	Port: bnn_top_int_const_unsigned_int_const_int_const_unsigned_int_const_int_co_6 | {13 14 }
	Port: bnn_top_int_const_unsigned_int_const_int_const_unsigned_int_const_int_co_5 | {13 14 }
	Port: bnn_top_int_const_unsigned_int_const_int_const_unsigned_int_const_int_co_11 | {13 14 }
	Port: bnn_top_int_const_unsigned_int_const_int_const_unsigned_int_const_int_co_10 | {13 14 }
	Port: bnn_top_int_const_unsigned_int_const_int_const_unsigned_int_const_int_co_9 | {13 14 }
	Port: bnn_top_int_const_unsigned_int_const_int_const_unsigned_int_const_int_co_8 | {13 14 }
	Port: bnn_top_int_const_unsigned_int_const_int_const_unsigned_int_const_int_co_7 | {13 14 }
	Port: f1 | {15 19 }
	Port: l3 | {17 18 }
 - Input state : 
	Port: bnn_top : img_0 | {7 8 }
	Port: bnn_top : img_1 | {7 8 }
	Port: bnn_top : img_2 | {7 8 }
	Port: bnn_top : img_3 | {7 8 }
	Port: bnn_top : W1 | {2 3 4 5 6 7 }
	Port: bnn_top : TAU1 | {8 9 }
	Port: bnn_top : W2_0 | {11 12 }
	Port: bnn_top : W2_1 | {11 12 }
	Port: bnn_top : TAU2 | {12 13 }
	Port: bnn_top : W3_0 | {15 16 }
	Port: bnn_top : W3_1 | {15 16 }
	Port: bnn_top : TAU3 | {16 17 }
	Port: bnn_top : WF1 | {15 19 }
	Port: bnn_top : TAUF1 | {15 19 }
	Port: bnn_top : WF2 | {20 21 }
	Port: bnn_top : BF2 | {19 20 }
	Port: bnn_top : bnn_top_int_const_unsigned_int_const_int_const_unsigned_int_const_int_co_4 | {9 10 13 14 17 18 }
	Port: bnn_top : bnn_top_int_const_unsigned_int_const_int_const_unsigned_int_const_int_co_3 | {9 10 13 14 17 18 }
	Port: bnn_top : bnn_top_int_const_unsigned_int_const_int_const_unsigned_int_const_int_co_2 | {9 10 13 14 17 18 }
	Port: bnn_top : bnn_top_int_const_unsigned_int_const_int_const_unsigned_int_const_int_co_1 | {9 10 13 14 17 18 }
	Port: bnn_top : bnn_top_int_const_unsigned_int_const_int_const_unsigned_int_const_int_co | {9 10 13 14 17 18 }
	Port: bnn_top : bnn_top_int_const_unsigned_int_const_int_const_unsigned_int_const_int_co_20 | {11 12 }
	Port: bnn_top : bnn_top_int_const_unsigned_int_const_int_const_unsigned_int_const_int_co_19 | {11 12 }
	Port: bnn_top : bnn_top_int_const_unsigned_int_const_int_const_unsigned_int_const_int_co_18 | {11 12 }
	Port: bnn_top : bnn_top_int_const_unsigned_int_const_int_const_unsigned_int_const_int_co_17 | {11 12 }
	Port: bnn_top : bnn_top_int_const_unsigned_int_const_int_const_unsigned_int_const_int_co_16 | {11 12 }
	Port: bnn_top : bnn_top_int_const_unsigned_int_const_int_const_unsigned_int_const_int_co_15 | {11 12 }
	Port: bnn_top : bnn_top_int_const_unsigned_int_const_int_const_unsigned_int_const_int_co_14 | {11 12 }
	Port: bnn_top : bnn_top_int_const_unsigned_int_const_int_const_unsigned_int_const_int_co_13 | {11 12 }
	Port: bnn_top : bnn_top_int_const_unsigned_int_const_int_const_unsigned_int_const_int_co_12 | {15 16 }
	Port: bnn_top : bnn_top_int_const_unsigned_int_const_int_const_unsigned_int_const_int_co_6 | {15 16 }
	Port: bnn_top : bnn_top_int_const_unsigned_int_const_int_const_unsigned_int_const_int_co_5 | {15 16 }
	Port: bnn_top : bnn_top_int_const_unsigned_int_const_int_const_unsigned_int_const_int_co_11 | {15 16 }
	Port: bnn_top : bnn_top_int_const_unsigned_int_const_int_const_unsigned_int_const_int_co_10 | {15 16 }
	Port: bnn_top : bnn_top_int_const_unsigned_int_const_int_const_unsigned_int_const_int_co_9 | {15 16 }
	Port: bnn_top : bnn_top_int_const_unsigned_int_const_int_const_unsigned_int_const_int_co_8 | {15 16 }
	Port: bnn_top : bnn_top_int_const_unsigned_int_const_int_const_unsigned_int_const_int_co_7 | {15 16 }
	Port: bnn_top : f1 | {20 21 }
	Port: bnn_top : l3 | {15 19 }
  - Chain level:
	State 1
		store_ln49 : 1
	State 2
		icmp_ln49 : 1
		add_ln49 : 1
		br_ln49 : 2
		trunc_ln59 : 1
		zext_ln59_9 : 2
		tmp : 2
		zext_ln59_10 : 3
		add_ln59_8 : 4
		trunc_ln59_1 : 5
		lshr_ln : 5
		add_ln59_3 : 5
		trunc_ln59_5 : 6
		lshr_ln59_4 : 6
		zext_ln59_4 : 7
		W1_addr : 8
		W1_load : 9
		store_ln49 : 2
		store_ln78 : 1
	State 3
		trunc_ln59_2 : 1
		lshr_ln59_1 : 1
		zext_ln59_1 : 2
		cmp38_1_1 : 1
		W1_addr_1 : 1
		W1_addr_2 : 3
		W1_load_1 : 2
		W1_load_2 : 4
	State 4
		trunc_ln59_3 : 1
		lshr_ln59_2 : 1
		zext_ln59_2 : 2
		trunc_ln59_4 : 1
		lshr_ln59_3 : 1
		zext_ln59_3 : 2
		W1_addr_3 : 3
		W1_addr_4 : 3
		W1_load_3 : 4
		W1_load_4 : 4
	State 5
		trunc_ln59_6 : 1
		lshr_ln59_5 : 1
		zext_ln59_5 : 2
		trunc_ln59_7 : 1
		lshr_ln59_6 : 1
		zext_ln59_6 : 2
		W1_addr_5 : 3
		W1_addr_6 : 3
		W1_load_5 : 4
		W1_load_6 : 4
	State 6
		trunc_ln59_8 : 1
		lshr_ln59_7 : 1
		zext_ln59_7 : 2
		trunc_ln59_9 : 1
		lshr_ln59_8 : 1
		zext_ln59_8 : 2
		W1_addr_7 : 3
		W1_addr_8 : 3
		W1_load_7 : 4
		W1_load_8 : 4
	State 7
		call_ln59 : 1
	State 8
		TAU1_addr : 1
		TAU1_load : 2
	State 9
		call_ln73 : 1
	State 10
	State 11
		icmp_ln78 : 1
		add_ln78 : 1
		br_ln78 : 2
		p_shl3 : 1
		tmp_75 : 1
		zext_ln79 : 2
		add_ln79 : 3
		call_ln79 : 4
		store_ln78 : 2
		store_ln109 : 1
	State 12
		TAU2_addr : 1
		TAU2_load : 2
	State 13
		call_ln104 : 1
	State 14
	State 15
		icmp_ln109 : 1
		add_ln109 : 1
		br_ln109 : 2
		p_shl : 1
		tmp_76 : 1
		zext_ln110 : 2
		add_ln110 : 3
		call_ln110 : 4
		store_ln109 : 2
	State 16
		TAU3_addr : 1
		TAU3_load : 2
	State 17
		call_ln135 : 1
	State 18
	State 19
		a0 : 1
		a1 : 1
	State 20
		call_ln152 : 1
	State 21
	State 22
		trunc_ln160 : 1
		write_ln160 : 2
		trunc_ln161 : 1
		write_ln161 : 2
		icmp_ln162 : 1
		zext_ln162 : 2
		write_ln162 : 3


============================================================
+ Verbose Summary: Datapath Resource usage 
============================================================

* Functional unit list:
|----------|-----------------------------------------------------------------------------------|---------|---------|---------|---------|
| Operation|                                  Functional Unit                                  |   DSP   |  Delay  |    FF   |   LUT   |
|----------|-----------------------------------------------------------------------------------|---------|---------|---------|---------|
|          |            grp_bnn_top_Pipeline_VITIS_LOOP_50_2_VITIS_LOOP_51_3_fu_384            |    1    |  5.811  |   706   |   2212  |
|          |            grp_bnn_top_Pipeline_VITIS_LOOP_65_6_VITIS_LOOP_66_7_fu_425            |    4    |  5.677  |   437   |   799   |
|          |   grp_bnn_top_Pipeline_VITIS_LOOP_79_9_VITIS_LOOP_80_10_VITIS_LOOP_82_11_fu_458   |    0    | 9.28167 |   1570  |   4201  |
|   call   |           grp_bnn_top_Pipeline_VITIS_LOOP_96_14_VITIS_LOOP_97_15_fu_493           |    0    |  5.677  |   373   |   1008  |
|          | grp_bnn_top_Pipeline_VITIS_LOOP_110_17_VITIS_LOOP_111_18_VITIS_LOOP_113_19_fu_526 |    0    | 9.28167 |   1510  |   4169  |
|          |          grp_bnn_top_Pipeline_VITIS_LOOP_140_24_VITIS_LOOP_142_25_fu_561          |    0    |  1.281  |    92   |   342   |
|          |          grp_bnn_top_Pipeline_VITIS_LOOP_127_22_VITIS_LOOP_128_23_fu_573          |    1    |  5.677  |   367   |   851   |
|          |                   grp_bnn_top_Pipeline_VITIS_LOOP_153_26_fu_592                   |    0    |  1.281  |   111   |   293   |
|----------|-----------------------------------------------------------------------------------|---------|---------|---------|---------|
|          |                                  add_ln49_fu_620                                  |    0    |    0    |    0    |    13   |
|          |                                 add_ln59_8_fu_646                                 |    0    |    0    |    0    |    15   |
|          |                                 add_ln59_3_fu_666                                 |    0    |    0    |    0    |    16   |
|          |                                  add_ln59_fu_705                                  |    0    |    0    |    0    |    16   |
|          |                                 add_ln59_1_fu_736                                 |    0    |    0    |    0    |    16   |
|          |                                 add_ln59_2_fu_760                                 |    0    |    0    |    0    |    16   |
|    add   |                                 add_ln59_4_fu_784                                 |    0    |    0    |    0    |    16   |
|          |                                 add_ln59_5_fu_808                                 |    0    |    0    |    0    |    16   |
|          |                                 add_ln59_6_fu_832                                 |    0    |    0    |    0    |    16   |
|          |                                 add_ln59_7_fu_856                                 |    0    |    0    |    0    |    16   |
|          |                                  add_ln78_fu_893                                  |    0    |    0    |    0    |    14   |
|          |                                  add_ln79_fu_919                                  |    0    |    0    |    0    |    22   |
|          |                                  add_ln109_fu_960                                 |    0    |    0    |    0    |    14   |
|          |                                  add_ln110_fu_986                                 |    0    |    0    |    0    |    23   |
|----------|-----------------------------------------------------------------------------------|---------|---------|---------|---------|
|          |                                  icmp_ln49_fu_614                                 |    0    |    0    |    0    |    13   |
|   icmp   |                                  icmp_ln78_fu_887                                 |    0    |    0    |    0    |    14   |
|          |                                 icmp_ln109_fu_954                                 |    0    |    0    |    0    |    14   |
|          |                                 icmp_ln162_fu_1021                                |    0    |    0    |    0    |    47   |
|----------|-----------------------------------------------------------------------------------|---------|---------|---------|---------|
| bitselect|                                  cmp38_1_1_fu_729                                 |    0    |    0    |    0    |    9    |
|----------|-----------------------------------------------------------------------------------|---------|---------|---------|---------|
|          |                              write_ln160_write_fu_216                             |    0    |    0    |    0    |    0    |
|   write  |                              write_ln161_write_fu_223                             |    0    |    0    |    0    |    0    |
|          |                              write_ln162_write_fu_230                             |    0    |    0    |    0    |    0    |
|----------|-----------------------------------------------------------------------------------|---------|---------|---------|---------|
|          |                                 trunc_ln59_fu_626                                 |    0    |    0    |    0    |    0    |
|          |                                trunc_ln59_1_fu_652                                |    0    |    0    |    0    |    0    |
|          |                                trunc_ln59_5_fu_672                                |    0    |    0    |    0    |    0    |
|          |                                trunc_ln59_2_fu_710                                |    0    |    0    |    0    |    0    |
|          |                                trunc_ln59_3_fu_741                                |    0    |    0    |    0    |    0    |
|          |                                trunc_ln59_4_fu_765                                |    0    |    0    |    0    |    0    |
|   trunc  |                                trunc_ln59_6_fu_789                                |    0    |    0    |    0    |    0    |
|          |                                trunc_ln59_7_fu_813                                |    0    |    0    |    0    |    0    |
|          |                                trunc_ln59_8_fu_837                                |    0    |    0    |    0    |    0    |
|          |                                trunc_ln59_9_fu_861                                |    0    |    0    |    0    |    0    |
|          |                                 trunc_ln104_fu_940                                |    0    |    0    |    0    |    0    |
|          |                                 trunc_ln109_fu_998                                |    0    |    0    |    0    |    0    |
|          |                                trunc_ln160_fu_1011                                |    0    |    0    |    0    |    0    |
|          |                                trunc_ln161_fu_1016                                |    0    |    0    |    0    |    0    |
|----------|-----------------------------------------------------------------------------------|---------|---------|---------|---------|
|          |                                 zext_ln59_9_fu_630                                |    0    |    0    |    0    |    0    |
|          |                                zext_ln59_10_fu_642                                |    0    |    0    |    0    |    0    |
|          |                                 zext_ln59_4_fu_686                                |    0    |    0    |    0    |    0    |
|          |                                  zext_ln59_fu_701                                 |    0    |    0    |    0    |    0    |
|          |                                 zext_ln59_1_fu_724                                |    0    |    0    |    0    |    0    |
|          |                                 zext_ln59_2_fu_755                                |    0    |    0    |    0    |    0    |
|          |                                 zext_ln59_3_fu_779                                |    0    |    0    |    0    |    0    |
|          |                                 zext_ln59_5_fu_803                                |    0    |    0    |    0    |    0    |
|   zext   |                                 zext_ln59_6_fu_827                                |    0    |    0    |    0    |    0    |
|          |                                 zext_ln59_7_fu_851                                |    0    |    0    |    0    |    0    |
|          |                                 zext_ln59_8_fu_875                                |    0    |    0    |    0    |    0    |
|          |                                  zext_ln49_fu_880                                 |    0    |    0    |    0    |    0    |
|          |                                  zext_ln79_fu_915                                 |    0    |    0    |    0    |    0    |
|          |                                  zext_ln78_fu_936                                 |    0    |    0    |    0    |    0    |
|          |                                 zext_ln110_fu_982                                 |    0    |    0    |    0    |    0    |
|          |                                 zext_ln109_fu_1001                                |    0    |    0    |    0    |    0    |
|          |                                 zext_ln162_fu_1027                                |    0    |    0    |    0    |    0    |
|----------|-----------------------------------------------------------------------------------|---------|---------|---------|---------|
|          |                                     tmp_fu_634                                    |    0    |    0    |    0    |    0    |
|          |                                   p_shl3_fu_899                                   |    0    |    0    |    0    |    0    |
|bitconcatenate|                                   tmp_75_fu_907                                   |    0    |    0    |    0    |    0    |
|          |                                   shl_ln2_fu_943                                  |    0    |    0    |    0    |    0    |
|          |                                    p_shl_fu_966                                   |    0    |    0    |    0    |    0    |
|          |                                   tmp_76_fu_974                                   |    0    |    0    |    0    |    0    |
|----------|-----------------------------------------------------------------------------------|---------|---------|---------|---------|
|          |                                   lshr_ln_fu_656                                  |    0    |    0    |    0    |    0    |
|          |                                 lshr_ln59_4_fu_676                                |    0    |    0    |    0    |    0    |
|          |                                 lshr_ln59_1_fu_714                                |    0    |    0    |    0    |    0    |
|          |                                 lshr_ln59_2_fu_745                                |    0    |    0    |    0    |    0    |
|partselect|                                 lshr_ln59_3_fu_769                                |    0    |    0    |    0    |    0    |
|          |                                 lshr_ln59_5_fu_793                                |    0    |    0    |    0    |    0    |
|          |                                 lshr_ln59_6_fu_817                                |    0    |    0    |    0    |    0    |
|          |                                 lshr_ln59_7_fu_841                                |    0    |    0    |    0    |    0    |
|          |                                 lshr_ln59_8_fu_865                                |    0    |    0    |    0    |    0    |
|----------|-----------------------------------------------------------------------------------|---------|---------|---------|---------|
|   Total  |                                                                                   |    6    | 43.9673 |   5166  |  14201  |
|----------|-----------------------------------------------------------------------------------|---------|---------|---------|---------|

Memories:
+---------------------------------------------------------------------------+--------+--------+--------+--------+
|                                                                           |  BRAM  |   FF   |   LUT  |  URAM  |
+---------------------------------------------------------------------------+--------+--------+--------+--------+
|  bnn_top_int_const_unsigned_int_const_int_const_unsigned_int_const_int_co |    2   |    0   |    0   |    0   |
| bnn_top_int_const_unsigned_int_const_int_const_unsigned_int_const_int_co_1|    2   |    0   |    0   |    0   |
|bnn_top_int_const_unsigned_int_const_int_const_unsigned_int_const_int_co_10|    0   |    1   |    8   |    0   |
|bnn_top_int_const_unsigned_int_const_int_const_unsigned_int_const_int_co_11|    0   |    1   |    8   |    0   |
|bnn_top_int_const_unsigned_int_const_int_const_unsigned_int_const_int_co_12|    0   |    1   |    8   |    0   |
|bnn_top_int_const_unsigned_int_const_int_const_unsigned_int_const_int_co_13|    1   |    0   |    0   |    0   |
|bnn_top_int_const_unsigned_int_const_int_const_unsigned_int_const_int_co_14|    1   |    0   |    0   |    0   |
|bnn_top_int_const_unsigned_int_const_int_const_unsigned_int_const_int_co_15|    1   |    0   |    0   |    0   |
|bnn_top_int_const_unsigned_int_const_int_const_unsigned_int_const_int_co_16|    1   |    0   |    0   |    0   |
|bnn_top_int_const_unsigned_int_const_int_const_unsigned_int_const_int_co_17|    1   |    0   |    0   |    0   |
|bnn_top_int_const_unsigned_int_const_int_const_unsigned_int_const_int_co_18|    1   |    0   |    0   |    0   |
|bnn_top_int_const_unsigned_int_const_int_const_unsigned_int_const_int_co_19|    1   |    0   |    0   |    0   |
| bnn_top_int_const_unsigned_int_const_int_const_unsigned_int_const_int_co_2|    2   |    0   |    0   |    0   |
|bnn_top_int_const_unsigned_int_const_int_const_unsigned_int_const_int_co_20|    1   |    0   |    0   |    0   |
| bnn_top_int_const_unsigned_int_const_int_const_unsigned_int_const_int_co_3|    2   |    0   |    0   |    0   |
| bnn_top_int_const_unsigned_int_const_int_const_unsigned_int_const_int_co_4|    2   |    0   |    0   |    0   |
| bnn_top_int_const_unsigned_int_const_int_const_unsigned_int_const_int_co_5|    0   |    1   |    8   |    0   |
| bnn_top_int_const_unsigned_int_const_int_const_unsigned_int_const_int_co_6|    0   |    1   |    8   |    0   |
| bnn_top_int_const_unsigned_int_const_int_const_unsigned_int_const_int_co_7|    0   |    1   |    8   |    0   |
| bnn_top_int_const_unsigned_int_const_int_const_unsigned_int_const_int_co_8|    0   |    1   |    8   |    0   |
| bnn_top_int_const_unsigned_int_const_int_const_unsigned_int_const_int_co_9|    0   |    1   |    8   |    0   |
|                                     f1                                    |    0   |    1   |    2   |    0   |
|                                     l3                                    |    1   |    0   |    0   |    0   |
+---------------------------------------------------------------------------+--------+--------+--------+--------+
|                                   Total                                   |   19   |    9   |   66   |    0   |
+---------------------------------------------------------------------------+--------+--------+--------+--------+

* Register list:
+---------------------+--------+
|                     |   FF   |
+---------------------+--------+
| BF2_addr_1_reg_1307 |    1   |
|  BF2_addr_reg_1302  |    1   |
|  TAU1_addr_reg_1222 |    5   |
|  TAU1_load_reg_1227 |   32   |
|  TAU2_addr_reg_1253 |    6   |
|  TAU2_load_reg_1263 |   32   |
|  TAU3_addr_reg_1292 |    6   |
|  TAU3_load_reg_1297 |   32   |
|  W1_addr_1_reg_1112 |    4   |
|  W1_addr_2_reg_1117 |    4   |
|  W1_addr_3_reg_1132 |    4   |
|  W1_addr_4_reg_1137 |    4   |
|  W1_addr_5_reg_1162 |    4   |
|  W1_addr_6_reg_1167 |    4   |
|  W1_addr_7_reg_1192 |    4   |
|  W1_addr_8_reg_1197 |    4   |
|   W1_addr_reg_1090  |    4   |
|  W1_load_1_reg_1142 |   32   |
|  W1_load_2_reg_1147 |   32   |
|  W1_load_3_reg_1172 |   32   |
|  W1_load_4_reg_1177 |   32   |
|  W1_load_5_reg_1202 |   32   |
|  W1_load_6_reg_1207 |   32   |
|  W1_load_7_reg_1212 |   32   |
|  W1_load_8_reg_1217 |   32   |
|  a0_1_loc_reg_1039  |   40   |
|     a0_reg_1312     |   32   |
|  a1_1_loc_reg_1045  |   40   |
|     a1_reg_1317     |   32   |
|  add_ln110_reg_1282 |   16   |
| add_ln59_8_reg_1064 |    9   |
|  add_ln79_reg_1241  |   15   |
|  cmp38_1_1_reg_1107 |    1   |
|   lshr_ln_reg_1080  |    4   |
|    oc_1_reg_1095    |    7   |
|    oc_2_reg_1246    |    7   |
|    oc_3_reg_1051    |    6   |
|    oc_4_reg_1232    |    7   |
|    oc_5_reg_1273    |    7   |
|     oc_reg_1032     |    6   |
|   shl_ln2_reg_1268  |    9   |
| trunc_ln104_reg_1258|    6   |
| trunc_ln109_reg_1287|    6   |
|trunc_ln59_1_reg_1075|    5   |
|trunc_ln59_2_reg_1102|    5   |
|trunc_ln59_3_reg_1122|    5   |
|trunc_ln59_4_reg_1127|    5   |
|trunc_ln59_5_reg_1085|    5   |
|trunc_ln59_6_reg_1152|    5   |
|trunc_ln59_7_reg_1157|    5   |
|trunc_ln59_8_reg_1182|    5   |
|trunc_ln59_9_reg_1187|    5   |
| trunc_ln59_reg_1059 |    5   |
+---------------------+--------+
|        Total        |   707  |
+---------------------+--------+

* Multiplexer (MUX) list: 
|-----------------------------------------------------------------------------------|------|------|------|--------||---------||---------||---------|
|                                        Comp                                       |  Pin | Size |  BW  | S x BW ||  Delay  ||    FF   ||   LUT   |
|-----------------------------------------------------------------------------------|------|------|------|--------||---------||---------||---------|
|                                 grp_access_fu_244                                 |  p0  |  10  |   4  |   40   ||    0    ||    54   |
|                                 grp_access_fu_244                                 |  p2  |   8  |   0  |    0   ||    0    ||    43   |
|                                 grp_access_fu_325                                 |  p0  |   2  |   5  |   10   ||    0    ||    9    |
|                                 grp_access_fu_338                                 |  p0  |   2  |   6  |   12   ||    0    ||    9    |
|                                 grp_access_fu_351                                 |  p0  |   2  |   6  |   12   ||    0    ||    9    |
|                                 grp_access_fu_365                                 |  p0  |   2  |   1  |    2   ||    0    ||    9    |
|                                 grp_access_fu_365                                 |  p2  |   2  |   0  |    0   ||    0    ||    9    |
|            grp_bnn_top_Pipeline_VITIS_LOOP_50_2_VITIS_LOOP_51_3_fu_384            |  p18 |   2  |  32  |   64   ||    0    ||    9    |
|            grp_bnn_top_Pipeline_VITIS_LOOP_50_2_VITIS_LOOP_51_3_fu_384            |  p20 |   2  |  32  |   64   ||    0    ||    9    |
|            grp_bnn_top_Pipeline_VITIS_LOOP_65_6_VITIS_LOOP_66_7_fu_425            |  p1  |   2  |  32  |   64   ||    0    ||    9    |
|   grp_bnn_top_Pipeline_VITIS_LOOP_79_9_VITIS_LOOP_80_10_VITIS_LOOP_82_11_fu_458   |  p1  |   2  |  15  |   30   ||    0    ||    9    |
|           grp_bnn_top_Pipeline_VITIS_LOOP_96_14_VITIS_LOOP_97_15_fu_493           |  p1  |   2  |   9  |   18   ||    0    ||    9    |
|           grp_bnn_top_Pipeline_VITIS_LOOP_96_14_VITIS_LOOP_97_15_fu_493           |  p2  |   2  |  32  |   64   ||    0    ||    9    |
| grp_bnn_top_Pipeline_VITIS_LOOP_110_17_VITIS_LOOP_111_18_VITIS_LOOP_113_19_fu_526 |  p1  |   2  |  16  |   32   ||    0    ||    9    |
|          grp_bnn_top_Pipeline_VITIS_LOOP_127_22_VITIS_LOOP_128_23_fu_573          |  p1  |   2  |  32  |   64   ||    0    ||    9    |
|                   grp_bnn_top_Pipeline_VITIS_LOOP_153_26_fu_592                   |  p1  |   2  |  32  |   64   ||    0    ||    9    |
|                   grp_bnn_top_Pipeline_VITIS_LOOP_153_26_fu_592                   |  p2  |   2  |  32  |   64   ||    0    ||    9    |
|-----------------------------------------------------------------------------------|------|------|------|--------||---------||---------||---------|
|                                       Total                                       |      |      |      |   604  || 7.88033 ||    0    ||   232   |
|-----------------------------------------------------------------------------------|------|------|------|--------||---------||---------||---------|



* Summary:
+-----------+--------+--------+--------+--------+--------+--------+
|           |  BRAM  |   DSP  |  Delay |   FF   |   LUT  |  URAM  |
+-----------+--------+--------+--------+--------+--------+--------+
|  Function |    -   |    6   |   43   |  5166  |  14201 |    -   |
|   Memory  |   19   |    -   |    -   |    9   |   66   |    0   |
|Multiplexer|    -   |    -   |    7   |    0   |   232  |    -   |
|  Register |    -   |    -   |    -   |   707  |    -   |    -   |
+-----------+--------+--------+--------+--------+--------+--------+
|   Total   |   19   |    6   |   51   |  5882  |  14499 |    0   |
+-----------+--------+--------+--------+--------+--------+--------+
