

================================================================
== Vitis HLS Report for 'bnn_top_Pipeline_VITIS_LOOP_96_14_VITIS_LOOP_97_15'
================================================================
* Date:           Mon Aug 24 01:28:41 2026

* Version:        2025.2 (Build 6295257 on Nov 12 2025)
* Project:        bnn_hls
* Solution:       sol1 (Vivado IP Flow Target)
* Product family: zynquplus
* Target device:  xczu7ev-ffvc1156-2-e


================================================================
== Performance Estimates
================================================================
+ Timing: 
    * Summary: 
    +--------+----------+----------+------------+
    |  Clock |  Target  | Estimated| Uncertainty|
    +--------+----------+----------+------------+
    |ap_clk  |  10.00 ns|  6.003 ns|     2.70 ns|
    +--------+----------+----------+------------+

+ Latency: 
    * Summary: 
    +---------+---------+----------+----------+-----+-----+-------------------+
    |  Latency (cycles) |  Latency (absolute) |  Interval |      Pipeline     |
    |   min   |   max   |    min   |    max   | min | max |        Type       |
    +---------+---------+----------+----------+-----+-----+-------------------+
    |       76|       76|  0.760 us|  0.760 us|    0|    0|  loop pipeline stp|
    +---------+---------+----------+----------+-----+-----+-------------------+

    + Detail: 
        * Instance: 
        N/A

        * Loop: 
        +-------------------------------------+---------+---------+----------+-----------+-----------+------+----------+
        |                                     |  Latency (cycles) | Iteration|  Initiation Interval  | Trip |          |
        |              Loop Name              |   min   |   max   |  Latency |  achieved |   target  | Count| Pipelined|
        +-------------------------------------+---------+---------+----------+-----------+-----------+------+----------+
        |- VITIS_LOOP_96_14_VITIS_LOOP_97_15  |       74|       74|        12|          1|          1|    64|       yes|
        +-------------------------------------+---------+---------+----------+-----------+-----------+------+----------+

============================================================
+ Verbose Summary: Synthesis Manager
============================================================
InlineROM: 1
ExposeGlobal: 0
============================================================
+ Verbose Summary: CDFG Model
============================================================
IsTopModel: 0
ResetActiveHigh: 1
IsCombinational: 0
IsDatapathOnly: 0
HasWiredReturn: 1
HasMFsm: 2
HasVarLatency: 1
IsPipeline: 0
IsRtlPipelined: 0
IsInstanceOverlapped: 0
IsDontTouch: 0
HasImplIP: 0
IsGatedGlobalClock: 0

+ Individual pipeline summary: 
  * Pipeline-0: initiation interval (II) = 1, depth = 12


============================================================
+ Verbose Summary: Schedule
============================================================
* Number of FSM states : 12
* Pipeline : 1
  Pipeline-0 : II = 1, D = 12, States = { 1 2 3 4 5 6 7 8 9 10 11 12 }
* Dataflow Pipeline: 0

* FSM state transitions: 
1 --> 2 
2 --> 3 
3 --> 4 
4 --> 5 
5 --> 6 
6 --> 7 
7 --> 8 
8 --> 9 
9 --> 10 
10 --> 11 
11 --> 12 
12 --> 

* FSM state operations: 

State 1 <SV = 0> <Delay = 3.47>
ST_1 : Operation 15 [1/1] (0.00ns)   --->   "%pw = alloca i32 1" [bnn.cpp:97]   --->   Operation 15 'alloca' 'pw' <Predicate = true> <Delay = 0.00>
ST_1 : Operation 16 [1/1] (0.00ns)   --->   "%ph = alloca i32 1" [bnn.cpp:96]   --->   Operation 16 'alloca' 'ph' <Predicate = true> <Delay = 0.00>
ST_1 : Operation 17 [1/1] (0.00ns)   --->   "%indvar_flatten36 = alloca i32 1"   --->   Operation 17 'alloca' 'indvar_flatten36' <Predicate = true> <Delay = 0.00>
ST_1 : Operation 18 [1/1] (0.00ns)   --->   "%sext_ln104_read = read i32 @_ssdm_op_Read.ap_auto.i32, i32 %sext_ln104"   --->   Operation 18 'read' 'sext_ln104_read' <Predicate = true> <Delay = 0.00>
ST_1 : Operation 19 [1/1] (0.00ns)   --->   "%shl_ln2_read = read i9 @_ssdm_op_Read.ap_auto.i9, i9 %shl_ln2"   --->   Operation 19 'read' 'shl_ln2_read' <Predicate = true> <Delay = 0.00>
ST_1 : Operation 20 [1/1] (0.00ns)   --->   "%sext_ln104_cast = sext i32 %sext_ln104_read"   --->   Operation 20 'sext' 'sext_ln104_cast' <Predicate = true> <Delay = 0.00>
ST_1 : Operation 21 [1/1] (0.42ns)   --->   "%store_ln0 = store i7 0, i7 %indvar_flatten36"   --->   Operation 21 'store' 'store_ln0' <Predicate = true> <Delay = 0.42>
ST_1 : Operation 22 [1/1] (0.42ns)   --->   "%store_ln96 = store i4 0, i4 %ph" [bnn.cpp:96]   --->   Operation 22 'store' 'store_ln96' <Predicate = true> <Delay = 0.42>
ST_1 : Operation 23 [1/1] (0.42ns)   --->   "%store_ln97 = store i4 0, i4 %pw" [bnn.cpp:97]   --->   Operation 23 'store' 'store_ln97' <Predicate = true> <Delay = 0.42>
ST_1 : Operation 24 [1/1] (0.00ns)   --->   "%br_ln0 = br void %for.body220"   --->   Operation 24 'br' 'br_ln0' <Predicate = true> <Delay = 0.00>
ST_1 : Operation 25 [1/1] (0.00ns)   --->   "%indvar_flatten36_load = load i7 %indvar_flatten36" [bnn.cpp:96]   --->   Operation 25 'load' 'indvar_flatten36_load' <Predicate = true> <Delay = 0.00>
ST_1 : Operation 26 [1/1] (0.77ns)   --->   "%icmp_ln96 = icmp_eq  i7 %indvar_flatten36_load, i7 64" [bnn.cpp:96]   --->   Operation 26 'icmp' 'icmp_ln96' <Predicate = true> <Delay = 0.77> <CoreInst = "Cmp">   --->   Core 9 'Cmp' <Latency = 0> <II = 1> <Delay = 0.77> <FuncUnit> <Opcode : 'seteq' 'setne' 'setle' 'setge' 'setlt' 'setgt'> <InPorts = 2> <OutPorts = 1>
ST_1 : Operation 27 [1/1] (0.77ns)   --->   "%add_ln96 = add i7 %indvar_flatten36_load, i7 1" [bnn.cpp:96]   --->   Operation 27 'add' 'add_ln96' <Predicate = true> <Delay = 0.77> <CoreInst = "Adder">   --->   Core 1 'Adder' <Latency = 0> <II = 1> <Delay = 0.77> <FuncUnit> <Opcode : 'add' 'sub'> <InPorts = 2> <OutPorts = 1>
ST_1 : Operation 28 [1/1] (0.00ns)   --->   "%br_ln96 = br i1 %icmp_ln96, void %for.inc277, void %for.inc280.exitStub" [bnn.cpp:96]   --->   Operation 28 'br' 'br_ln96' <Predicate = true> <Delay = 0.00>
ST_1 : Operation 29 [1/1] (0.00ns)   --->   "%pw_load = load i4 %pw" [bnn.cpp:97]   --->   Operation 29 'load' 'pw_load' <Predicate = (!icmp_ln96)> <Delay = 0.00>
ST_1 : Operation 30 [1/1] (0.00ns)   --->   "%ph_load = load i4 %ph" [bnn.cpp:96]   --->   Operation 30 'load' 'ph_load' <Predicate = (!icmp_ln96)> <Delay = 0.00>
ST_1 : Operation 31 [1/1] (0.79ns)   --->   "%icmp_ln97 = icmp_eq  i4 %pw_load, i4 8" [bnn.cpp:97]   --->   Operation 31 'icmp' 'icmp_ln97' <Predicate = (!icmp_ln96)> <Delay = 0.79> <CoreInst = "Cmp">   --->   Core 9 'Cmp' <Latency = 0> <II = 1> <Delay = 0.79> <FuncUnit> <Opcode : 'seteq' 'setne' 'setle' 'setge' 'setlt' 'setgt'> <InPorts = 2> <OutPorts = 1>
ST_1 : Operation 32 [1/1] (0.39ns)   --->   "%select_ln96 = select i1 %icmp_ln97, i4 0, i4 %pw_load" [bnn.cpp:96]   --->   Operation 32 'select' 'select_ln96' <Predicate = (!icmp_ln96)> <Delay = 0.39> <CoreInst = "Sel">   --->   Core 73 'Sel' <Latency = 0> <II = 1> <Delay = 0.39> <FuncUnit> <Opcode : 'select'> <InPorts = 3> <OutPorts = 1>
ST_1 : Operation 33 [1/1] (0.79ns)   --->   "%add_ln96_1 = add i4 %ph_load, i4 1" [bnn.cpp:96]   --->   Operation 33 'add' 'add_ln96_1' <Predicate = (!icmp_ln96)> <Delay = 0.79> <CoreInst = "Adder">   --->   Core 1 'Adder' <Latency = 0> <II = 1> <Delay = 0.79> <FuncUnit> <Opcode : 'add' 'sub'> <InPorts = 2> <OutPorts = 1>
ST_1 : Operation 34 [1/1] (0.39ns)   --->   "%select_ln96_1 = select i1 %icmp_ln97, i4 %add_ln96_1, i4 %ph_load" [bnn.cpp:96]   --->   Operation 34 'select' 'select_ln96_1' <Predicate = (!icmp_ln96)> <Delay = 0.39> <CoreInst = "Sel">   --->   Core 73 'Sel' <Latency = 0> <II = 1> <Delay = 0.39> <FuncUnit> <Opcode : 'select'> <InPorts = 3> <OutPorts = 1>
ST_1 : Operation 35 [1/1] (0.00ns)   --->   "%trunc_ln99 = trunc i4 %select_ln96_1" [bnn.cpp:99]   --->   Operation 35 'trunc' 'trunc_ln99' <Predicate = (!icmp_ln96)> <Delay = 0.00>
ST_1 : Operation 36 [1/1] (0.00ns) (grouped into LUT with out node add_ln99)   --->   "%shl_ln99 = shl i4 %select_ln96_1, i4 1" [bnn.cpp:99]   --->   Operation 36 'shl' 'shl_ln99' <Predicate = (!icmp_ln96)> <Delay = 0.00>
ST_1 : Operation 37 [1/1] (0.00ns) (grouped into LUT with out node add_ln99)   --->   "%zext_ln99 = zext i4 %shl_ln99" [bnn.cpp:99]   --->   Operation 37 'zext' 'zext_ln99' <Predicate = (!icmp_ln96)> <Delay = 0.00>
ST_1 : Operation 38 [1/1] (0.00ns)   --->   "%trunc_ln97 = trunc i4 %select_ln96" [bnn.cpp:97]   --->   Operation 38 'trunc' 'trunc_ln97' <Predicate = (!icmp_ln96)> <Delay = 0.00>
ST_1 : Operation 39 [1/1] (0.00ns) (grouped into LUT with out node add_ln99)   --->   "%shl_ln99_1 = shl i4 %select_ln96, i4 1" [bnn.cpp:99]   --->   Operation 39 'shl' 'shl_ln99_1' <Predicate = (!icmp_ln96)> <Delay = 0.00>
ST_1 : Operation 40 [1/1] (0.00ns) (grouped into LUT with out node add_ln99)   --->   "%zext_ln99_1 = zext i4 %shl_ln99_1" [bnn.cpp:99]   --->   Operation 40 'zext' 'zext_ln99_1' <Predicate = (!icmp_ln96)> <Delay = 0.00>
ST_1 : Operation 41 [1/1] (0.79ns) (out node of the LUT)   --->   "%add_ln99 = add i5 %zext_ln99_1, i5 %zext_ln99" [bnn.cpp:99]   --->   Operation 41 'add' 'add_ln99' <Predicate = (!icmp_ln96)> <Delay = 0.79> <CoreInst = "Adder">   --->   Core 1 'Adder' <Latency = 0> <II = 1> <Delay = 0.79> <FuncUnit> <Opcode : 'add' 'sub'> <InPorts = 2> <OutPorts = 1>
ST_1 : Operation 42 [9/9] (1.06ns)   --->   "%urem_ln99 = urem i5 %add_ln99, i5 5" [bnn.cpp:99]   --->   Operation 42 'urem' 'urem_ln99' <Predicate = (!icmp_ln96)> <Delay = 1.06> <CoreInst = "Divider">   --->   Core 6 'Divider' <Latency = 8> <II = 1> <Delay = 1.06> <FuncUnit> <Opcode : 'udiv' 'sdiv' 'urem' 'srem'> <InPorts = 2> <OutPorts = 1>
ST_1 : Operation 43 [1/1] (0.67ns)   --->   "%switch_ln104 = switch i3 %trunc_ln97, void %arrayidx273.case.7, i3 0, void %arrayidx273.case.0, i3 1, void %arrayidx273.case.1, i3 2, void %arrayidx273.case.2, i3 3, void %arrayidx273.case.3, i3 4, void %arrayidx273.case.4, i3 5, void %arrayidx273.case.5, i3 6, void %arrayidx273.case.6" [bnn.cpp:104]   --->   Operation 43 'switch' 'switch_ln104' <Predicate = (!icmp_ln96)> <Delay = 0.67>
ST_1 : Operation 44 [1/1] (0.79ns)   --->   "%add_ln97 = add i4 %select_ln96, i4 1" [bnn.cpp:97]   --->   Operation 44 'add' 'add_ln97' <Predicate = (!icmp_ln96)> <Delay = 0.79> <CoreInst = "Adder">   --->   Core 1 'Adder' <Latency = 0> <II = 1> <Delay = 0.79> <FuncUnit> <Opcode : 'add' 'sub'> <InPorts = 2> <OutPorts = 1>
ST_1 : Operation 45 [1/1] (0.42ns)   --->   "%store_ln96 = store i7 %add_ln96, i7 %indvar_flatten36" [bnn.cpp:96]   --->   Operation 45 'store' 'store_ln96' <Predicate = (!icmp_ln96)> <Delay = 0.42>
ST_1 : Operation 46 [1/1] (0.42ns)   --->   "%store_ln96 = store i4 %select_ln96_1, i4 %ph" [bnn.cpp:96]   --->   Operation 46 'store' 'store_ln96' <Predicate = (!icmp_ln96)> <Delay = 0.42>
ST_1 : Operation 47 [1/1] (0.42ns)   --->   "%store_ln97 = store i4 %add_ln97, i4 %pw" [bnn.cpp:97]   --->   Operation 47 'store' 'store_ln97' <Predicate = (!icmp_ln96)> <Delay = 0.42>
ST_1 : Operation 48 [1/1] (0.00ns)   --->   "%br_ln97 = br void %for.body220" [bnn.cpp:97]   --->   Operation 48 'br' 'br_ln97' <Predicate = (!icmp_ln96)> <Delay = 0.00>

State 2 <SV = 1> <Delay = 1.06>
ST_2 : Operation 49 [8/9] (1.06ns)   --->   "%urem_ln99 = urem i5 %add_ln99, i5 5" [bnn.cpp:99]   --->   Operation 49 'urem' 'urem_ln99' <Predicate = true> <Delay = 1.06> <CoreInst = "Divider">   --->   Core 6 'Divider' <Latency = 8> <II = 1> <Delay = 1.06> <FuncUnit> <Opcode : 'udiv' 'sdiv' 'urem' 'srem'> <InPorts = 2> <OutPorts = 1>

State 3 <SV = 2> <Delay = 1.06>
ST_3 : Operation 50 [7/9] (1.06ns)   --->   "%urem_ln99 = urem i5 %add_ln99, i5 5" [bnn.cpp:99]   --->   Operation 50 'urem' 'urem_ln99' <Predicate = true> <Delay = 1.06> <CoreInst = "Divider">   --->   Core 6 'Divider' <Latency = 8> <II = 1> <Delay = 1.06> <FuncUnit> <Opcode : 'udiv' 'sdiv' 'urem' 'srem'> <InPorts = 2> <OutPorts = 1>

State 4 <SV = 3> <Delay = 1.06>
ST_4 : Operation 51 [6/9] (1.06ns)   --->   "%urem_ln99 = urem i5 %add_ln99, i5 5" [bnn.cpp:99]   --->   Operation 51 'urem' 'urem_ln99' <Predicate = true> <Delay = 1.06> <CoreInst = "Divider">   --->   Core 6 'Divider' <Latency = 8> <II = 1> <Delay = 1.06> <FuncUnit> <Opcode : 'udiv' 'sdiv' 'urem' 'srem'> <InPorts = 2> <OutPorts = 1>

State 5 <SV = 4> <Delay = 1.06>
ST_5 : Operation 52 [5/9] (1.06ns)   --->   "%urem_ln99 = urem i5 %add_ln99, i5 5" [bnn.cpp:99]   --->   Operation 52 'urem' 'urem_ln99' <Predicate = true> <Delay = 1.06> <CoreInst = "Divider">   --->   Core 6 'Divider' <Latency = 8> <II = 1> <Delay = 1.06> <FuncUnit> <Opcode : 'udiv' 'sdiv' 'urem' 'srem'> <InPorts = 2> <OutPorts = 1>

State 6 <SV = 5> <Delay = 1.06>
ST_6 : Operation 53 [4/9] (1.06ns)   --->   "%urem_ln99 = urem i5 %add_ln99, i5 5" [bnn.cpp:99]   --->   Operation 53 'urem' 'urem_ln99' <Predicate = true> <Delay = 1.06> <CoreInst = "Divider">   --->   Core 6 'Divider' <Latency = 8> <II = 1> <Delay = 1.06> <FuncUnit> <Opcode : 'udiv' 'sdiv' 'urem' 'srem'> <InPorts = 2> <OutPorts = 1>

State 7 <SV = 6> <Delay = 1.06>
ST_7 : Operation 54 [3/9] (1.06ns)   --->   "%urem_ln99 = urem i5 %add_ln99, i5 5" [bnn.cpp:99]   --->   Operation 54 'urem' 'urem_ln99' <Predicate = true> <Delay = 1.06> <CoreInst = "Divider">   --->   Core 6 'Divider' <Latency = 8> <II = 1> <Delay = 1.06> <FuncUnit> <Opcode : 'udiv' 'sdiv' 'urem' 'srem'> <InPorts = 2> <OutPorts = 1>

State 8 <SV = 7> <Delay = 1.06>
ST_8 : Operation 55 [2/9] (1.06ns)   --->   "%urem_ln99 = urem i5 %add_ln99, i5 5" [bnn.cpp:99]   --->   Operation 55 'urem' 'urem_ln99' <Predicate = true> <Delay = 1.06> <CoreInst = "Divider">   --->   Core 6 'Divider' <Latency = 8> <II = 1> <Delay = 1.06> <FuncUnit> <Opcode : 'udiv' 'sdiv' 'urem' 'srem'> <InPorts = 2> <OutPorts = 1>

State 9 <SV = 8> <Delay = 1.06>
ST_9 : Operation 56 [1/9] (1.06ns)   --->   "%urem_ln99 = urem i5 %add_ln99, i5 5" [bnn.cpp:99]   --->   Operation 56 'urem' 'urem_ln99' <Predicate = true> <Delay = 1.06> <CoreInst = "Divider">   --->   Core 6 'Divider' <Latency = 8> <II = 1> <Delay = 1.06> <FuncUnit> <Opcode : 'udiv' 'sdiv' 'urem' 'srem'> <InPorts = 2> <OutPorts = 1>
ST_9 : Operation 57 [1/1] (0.00ns)   --->   "%trunc_ln99_1 = trunc i3 %urem_ln99" [bnn.cpp:99]   --->   Operation 57 'trunc' 'trunc_ln99_1' <Predicate = true> <Delay = 0.00>

State 10 <SV = 9> <Delay = 4.39>
ST_10 : Operation 58 [1/1] (0.00ns)   --->   "%zext_ln99_2 = zext i5 %add_ln99" [bnn.cpp:99]   --->   Operation 58 'zext' 'zext_ln99_2' <Predicate = true> <Delay = 0.00>
ST_10 : Operation 59 [1/1] (0.00ns)   --->   "%p_shl = bitconcatenate i8 @_ssdm_op_BitConcatenate.i8.i3.i5, i3 %trunc_ln99, i5 0" [bnn.cpp:99]   --->   Operation 59 'bitconcatenate' 'p_shl' <Predicate = true> <Delay = 0.00>
ST_10 : Operation 60 [1/1] (0.00ns)   --->   "%tmp = bitconcatenate i5 @_ssdm_op_BitConcatenate.i5.i4.i1, i4 %select_ln96_1, i1 0" [bnn.cpp:99]   --->   Operation 60 'bitconcatenate' 'tmp' <Predicate = true> <Delay = 0.00>
ST_10 : Operation 61 [1/1] (0.00ns)   --->   "%zext_ln99_3 = zext i5 %tmp" [bnn.cpp:99]   --->   Operation 61 'zext' 'zext_ln99_3' <Predicate = true> <Delay = 0.00>
ST_10 : Operation 62 [1/1] (0.00ns) (grouped into TernaryAdder)   --->   "%sub_ln99 = sub i8 %p_shl, i8 %zext_ln99_3" [bnn.cpp:99]   --->   Operation 62 'sub' 'sub_ln99' <Predicate = true> <Delay = 0.00> <CoreInst = "TAddSub">   --->   Core 10 'TAddSub' <Latency = 0> <II = 1> <Delay = 0.52> <IPBlock> <Opcode : 'add' 'sub'> <InPorts = 3> <OutPorts = 1> <Sync> <CReg>
ST_10 : Operation 63 [1/1] (1.05ns) (root node of TernaryAdder)   --->   "%add_ln99_1 = add i8 %zext_ln99_2, i8 %sub_ln99" [bnn.cpp:99]   --->   Operation 63 'add' 'add_ln99_1' <Predicate = true> <Delay = 1.05> <CoreInst = "TAddSub">   --->   Core 10 'TAddSub' <Latency = 0> <II = 1> <Delay = 0.52> <IPBlock> <Opcode : 'add' 'sub'> <InPorts = 3> <OutPorts = 1> <Sync> <CReg>
ST_10 : Operation 64 [1/1] (0.00ns)   --->   "%zext_ln99_5 = zext i8 %add_ln99_1" [bnn.cpp:99]   --->   Operation 64 'zext' 'zext_ln99_5' <Predicate = true> <Delay = 0.00>
ST_10 : Operation 65 [1/1] (2.11ns)   --->   "%mul_ln99 = mul i17 %zext_ln99_5, i17 410" [bnn.cpp:99]   --->   Operation 65 'mul' 'mul_ln99' <Predicate = true> <Delay = 2.11> <CoreInst = "Multiplier">   --->   Core 3 'Multiplier' <Latency = 0> <II = 1> <Delay = 2.11> <FuncUnit> <Opcode : 'mul'> <InPorts = 2> <OutPorts = 1>
ST_10 : Operation 66 [1/1] (0.00ns)   --->   "%tmp_1 = partselect i6 @_ssdm_op_PartSelect.i6.i17.i32.i32, i17 %mul_ln99, i32 11, i32 16" [bnn.cpp:99]   --->   Operation 66 'partselect' 'tmp_1' <Predicate = true> <Delay = 0.00>
ST_10 : Operation 67 [1/1] (0.00ns)   --->   "%zext_ln99_4 = zext i6 %tmp_1" [bnn.cpp:99]   --->   Operation 67 'zext' 'zext_ln99_4' <Predicate = true> <Delay = 0.00>
ST_10 : Operation 68 [1/1] (0.00ns)   --->   "%bnn_top_int_const_unsigned_int_const_int_const_unsigned_int_const_int_co_29 = getelementptr i32 %bnn_top_int_const_unsigned_int_const_int_const_unsigned_int_const_int_co_4, i64 0, i64 %zext_ln99_4" [bnn.cpp:99]   --->   Operation 68 'getelementptr' 'bnn_top_int_const_unsigned_int_const_int_const_unsigned_int_const_int_co_29' <Predicate = (trunc_ln99_1 == 0)> <Delay = 0.00>
ST_10 : Operation 69 [1/1] (0.00ns)   --->   "%bnn_top_int_const_unsigned_int_const_int_const_unsigned_int_const_int_co_30 = getelementptr i32 %bnn_top_int_const_unsigned_int_const_int_const_unsigned_int_const_int_co_3, i64 0, i64 %zext_ln99_4" [bnn.cpp:99]   --->   Operation 69 'getelementptr' 'bnn_top_int_const_unsigned_int_const_int_const_unsigned_int_const_int_co_30' <Predicate = (trunc_ln99_1 == 1)> <Delay = 0.00>
ST_10 : Operation 70 [1/1] (0.00ns)   --->   "%bnn_top_int_const_unsigned_int_const_int_const_unsigned_int_const_int_co_31 = getelementptr i32 %bnn_top_int_const_unsigned_int_const_int_const_unsigned_int_const_int_co_2, i64 0, i64 %zext_ln99_4" [bnn.cpp:99]   --->   Operation 70 'getelementptr' 'bnn_top_int_const_unsigned_int_const_int_const_unsigned_int_const_int_co_31' <Predicate = (trunc_ln99_1 == 2)> <Delay = 0.00>
ST_10 : Operation 71 [1/1] (0.00ns)   --->   "%bnn_top_int_const_unsigned_int_const_int_const_unsigned_int_const_int_co_32 = getelementptr i32 %bnn_top_int_const_unsigned_int_const_int_const_unsigned_int_const_int_co_1, i64 0, i64 %zext_ln99_4" [bnn.cpp:99]   --->   Operation 71 'getelementptr' 'bnn_top_int_const_unsigned_int_const_int_const_unsigned_int_const_int_co_32' <Predicate = (trunc_ln99_1 == 3)> <Delay = 0.00>
ST_10 : Operation 72 [1/1] (0.00ns)   --->   "%bnn_top_int_const_unsigned_int_const_int_const_unsigned_int_const_int_co_33 = getelementptr i32 %bnn_top_int_const_unsigned_int_const_int_const_unsigned_int_const_int_co, i64 0, i64 %zext_ln99_4" [bnn.cpp:99]   --->   Operation 72 'getelementptr' 'bnn_top_int_const_unsigned_int_const_int_const_unsigned_int_const_int_co_33' <Predicate = (trunc_ln99_1 == 4)> <Delay = 0.00>
ST_10 : Operation 73 [2/2] (1.23ns)   --->   "%bnn_top_int_const_unsigned_int_const_int_const_unsigned_int_const_int_co_34 = load i8 %bnn_top_int_const_unsigned_int_const_int_const_unsigned_int_const_int_co_29" [bnn.cpp:99]   --->   Operation 73 'load' 'bnn_top_int_const_unsigned_int_const_int_const_unsigned_int_const_int_co_34' <Predicate = (trunc_ln99_1 == 0)> <Delay = 1.23> <CoreInst = "RAM">   --->   Core 82 'RAM' <Latency = 1> <II = 1> <Delay = 1.23> <Storage> <Opcode : 'load' 'store'> <Ports = 2> <Width = 32> <Depth = 205> <RAM>
ST_10 : Operation 74 [2/2] (1.23ns)   --->   "%bnn_top_int_const_unsigned_int_const_int_const_unsigned_int_const_int_co_35 = load i8 %bnn_top_int_const_unsigned_int_const_int_const_unsigned_int_const_int_co_30" [bnn.cpp:99]   --->   Operation 74 'load' 'bnn_top_int_const_unsigned_int_const_int_const_unsigned_int_const_int_co_35' <Predicate = (trunc_ln99_1 == 1)> <Delay = 1.23> <CoreInst = "RAM">   --->   Core 82 'RAM' <Latency = 1> <II = 1> <Delay = 1.23> <Storage> <Opcode : 'load' 'store'> <Ports = 2> <Width = 32> <Depth = 205> <RAM>
ST_10 : Operation 75 [2/2] (1.23ns)   --->   "%bnn_top_int_const_unsigned_int_const_int_const_unsigned_int_const_int_co_36 = load i8 %bnn_top_int_const_unsigned_int_const_int_const_unsigned_int_const_int_co_31" [bnn.cpp:99]   --->   Operation 75 'load' 'bnn_top_int_const_unsigned_int_const_int_const_unsigned_int_const_int_co_36' <Predicate = (trunc_ln99_1 == 2)> <Delay = 1.23> <CoreInst = "RAM">   --->   Core 82 'RAM' <Latency = 1> <II = 1> <Delay = 1.23> <Storage> <Opcode : 'load' 'store'> <Ports = 2> <Width = 32> <Depth = 205> <RAM>
ST_10 : Operation 76 [2/2] (1.23ns)   --->   "%bnn_top_int_const_unsigned_int_const_int_const_unsigned_int_const_int_co_37 = load i8 %bnn_top_int_const_unsigned_int_const_int_const_unsigned_int_const_int_co_32" [bnn.cpp:99]   --->   Operation 76 'load' 'bnn_top_int_const_unsigned_int_const_int_const_unsigned_int_const_int_co_37' <Predicate = (trunc_ln99_1 == 3)> <Delay = 1.23> <CoreInst = "RAM">   --->   Core 82 'RAM' <Latency = 1> <II = 1> <Delay = 1.23> <Storage> <Opcode : 'load' 'store'> <Ports = 2> <Width = 32> <Depth = 205> <RAM>
ST_10 : Operation 77 [2/2] (1.23ns)   --->   "%bnn_top_int_const_unsigned_int_const_int_const_unsigned_int_const_int_co_38 = load i8 %bnn_top_int_const_unsigned_int_const_int_const_unsigned_int_const_int_co_33" [bnn.cpp:99]   --->   Operation 77 'load' 'bnn_top_int_const_unsigned_int_const_int_const_unsigned_int_const_int_co_38' <Predicate = (trunc_ln99_1 == 4)> <Delay = 1.23> <CoreInst = "RAM">   --->   Core 82 'RAM' <Latency = 1> <II = 1> <Delay = 1.23> <Storage> <Opcode : 'load' 'store'> <Ports = 2> <Width = 32> <Depth = 205> <RAM>
ST_10 : Operation 78 [1/1] (0.00ns)   --->   "%add_ln4 = bitconcatenate i8 @_ssdm_op_BitConcatenate.i8.i3.i1.i3.i1, i3 %trunc_ln99, i1 0, i3 %trunc_ln97, i1 1" [bnn.cpp:100]   --->   Operation 78 'bitconcatenate' 'add_ln4' <Predicate = true> <Delay = 0.00>
ST_10 : Operation 79 [1/1] (0.00ns)   --->   "%zext_ln100_1 = zext i8 %add_ln4" [bnn.cpp:100]   --->   Operation 79 'zext' 'zext_ln100_1' <Predicate = true> <Delay = 0.00>
ST_10 : Operation 80 [1/1] (2.11ns)   --->   "%mul_ln100 = mul i17 %zext_ln100_1, i17 410" [bnn.cpp:100]   --->   Operation 80 'mul' 'mul_ln100' <Predicate = true> <Delay = 2.11> <CoreInst = "Multiplier">   --->   Core 3 'Multiplier' <Latency = 0> <II = 1> <Delay = 2.11> <FuncUnit> <Opcode : 'mul'> <InPorts = 2> <OutPorts = 1>
ST_10 : Operation 81 [1/1] (0.00ns)   --->   "%tmp_2 = partselect i6 @_ssdm_op_PartSelect.i6.i17.i32.i32, i17 %mul_ln100, i32 11, i32 16" [bnn.cpp:100]   --->   Operation 81 'partselect' 'tmp_2' <Predicate = true> <Delay = 0.00>
ST_10 : Operation 82 [1/1] (0.00ns)   --->   "%zext_ln100 = zext i6 %tmp_2" [bnn.cpp:100]   --->   Operation 82 'zext' 'zext_ln100' <Predicate = true> <Delay = 0.00>
ST_10 : Operation 83 [1/1] (0.00ns)   --->   "%bnn_top_int_const_unsigned_int_const_int_const_unsigned_int_const_int_co_39 = getelementptr i32 %bnn_top_int_const_unsigned_int_const_int_const_unsigned_int_const_int_co_4, i64 0, i64 %zext_ln100" [bnn.cpp:100]   --->   Operation 83 'getelementptr' 'bnn_top_int_const_unsigned_int_const_int_const_unsigned_int_const_int_co_39' <Predicate = (trunc_ln99_1 == 4)> <Delay = 0.00>
ST_10 : Operation 84 [1/1] (0.00ns)   --->   "%bnn_top_int_const_unsigned_int_const_int_const_unsigned_int_const_int_co_40 = getelementptr i32 %bnn_top_int_const_unsigned_int_const_int_const_unsigned_int_const_int_co_3, i64 0, i64 %zext_ln100" [bnn.cpp:100]   --->   Operation 84 'getelementptr' 'bnn_top_int_const_unsigned_int_const_int_const_unsigned_int_const_int_co_40' <Predicate = (trunc_ln99_1 == 0)> <Delay = 0.00>
ST_10 : Operation 85 [1/1] (0.00ns)   --->   "%bnn_top_int_const_unsigned_int_const_int_const_unsigned_int_const_int_co_41 = getelementptr i32 %bnn_top_int_const_unsigned_int_const_int_const_unsigned_int_const_int_co_2, i64 0, i64 %zext_ln100" [bnn.cpp:100]   --->   Operation 85 'getelementptr' 'bnn_top_int_const_unsigned_int_const_int_const_unsigned_int_const_int_co_41' <Predicate = (trunc_ln99_1 == 1)> <Delay = 0.00>
ST_10 : Operation 86 [1/1] (0.00ns)   --->   "%bnn_top_int_const_unsigned_int_const_int_const_unsigned_int_const_int_co_42 = getelementptr i32 %bnn_top_int_const_unsigned_int_const_int_const_unsigned_int_const_int_co_1, i64 0, i64 %zext_ln100" [bnn.cpp:100]   --->   Operation 86 'getelementptr' 'bnn_top_int_const_unsigned_int_const_int_const_unsigned_int_const_int_co_42' <Predicate = (trunc_ln99_1 == 2)> <Delay = 0.00>
ST_10 : Operation 87 [1/1] (0.00ns)   --->   "%bnn_top_int_const_unsigned_int_const_int_const_unsigned_int_const_int_co_43 = getelementptr i32 %bnn_top_int_const_unsigned_int_const_int_const_unsigned_int_const_int_co, i64 0, i64 %zext_ln100" [bnn.cpp:100]   --->   Operation 87 'getelementptr' 'bnn_top_int_const_unsigned_int_const_int_const_unsigned_int_const_int_co_43' <Predicate = (trunc_ln99_1 == 3)> <Delay = 0.00>
ST_10 : Operation 88 [2/2] (1.23ns)   --->   "%bnn_top_int_const_unsigned_int_const_int_const_unsigned_int_const_int_co_44 = load i8 %bnn_top_int_const_unsigned_int_const_int_const_unsigned_int_const_int_co_39" [bnn.cpp:100]   --->   Operation 88 'load' 'bnn_top_int_const_unsigned_int_const_int_const_unsigned_int_const_int_co_44' <Predicate = (trunc_ln99_1 == 4)> <Delay = 1.23> <CoreInst = "RAM">   --->   Core 82 'RAM' <Latency = 1> <II = 1> <Delay = 1.23> <Storage> <Opcode : 'load' 'store'> <Ports = 2> <Width = 32> <Depth = 205> <RAM>
ST_10 : Operation 89 [2/2] (1.23ns)   --->   "%bnn_top_int_const_unsigned_int_const_int_const_unsigned_int_const_int_co_45 = load i8 %bnn_top_int_const_unsigned_int_const_int_const_unsigned_int_const_int_co_40" [bnn.cpp:100]   --->   Operation 89 'load' 'bnn_top_int_const_unsigned_int_const_int_const_unsigned_int_const_int_co_45' <Predicate = (trunc_ln99_1 == 0)> <Delay = 1.23> <CoreInst = "RAM">   --->   Core 82 'RAM' <Latency = 1> <II = 1> <Delay = 1.23> <Storage> <Opcode : 'load' 'store'> <Ports = 2> <Width = 32> <Depth = 205> <RAM>
ST_10 : Operation 90 [2/2] (1.23ns)   --->   "%bnn_top_int_const_unsigned_int_const_int_const_unsigned_int_const_int_co_46 = load i8 %bnn_top_int_const_unsigned_int_const_int_const_unsigned_int_const_int_co_41" [bnn.cpp:100]   --->   Operation 90 'load' 'bnn_top_int_const_unsigned_int_const_int_const_unsigned_int_const_int_co_46' <Predicate = (trunc_ln99_1 == 1)> <Delay = 1.23> <CoreInst = "RAM">   --->   Core 82 'RAM' <Latency = 1> <II = 1> <Delay = 1.23> <Storage> <Opcode : 'load' 'store'> <Ports = 2> <Width = 32> <Depth = 205> <RAM>
ST_10 : Operation 91 [2/2] (1.23ns)   --->   "%bnn_top_int_const_unsigned_int_const_int_const_unsigned_int_const_int_co_47 = load i8 %bnn_top_int_const_unsigned_int_const_int_const_unsigned_int_const_int_co_42" [bnn.cpp:100]   --->   Operation 91 'load' 'bnn_top_int_const_unsigned_int_const_int_const_unsigned_int_const_int_co_47' <Predicate = (trunc_ln99_1 == 2)> <Delay = 1.23> <CoreInst = "RAM">   --->   Core 82 'RAM' <Latency = 1> <II = 1> <Delay = 1.23> <Storage> <Opcode : 'load' 'store'> <Ports = 2> <Width = 32> <Depth = 205> <RAM>
ST_10 : Operation 92 [2/2] (1.23ns)   --->   "%bnn_top_int_const_unsigned_int_const_int_const_unsigned_int_const_int_co_48 = load i8 %bnn_top_int_const_unsigned_int_const_int_const_unsigned_int_const_int_co_43" [bnn.cpp:100]   --->   Operation 92 'load' 'bnn_top_int_const_unsigned_int_const_int_const_unsigned_int_const_int_co_48' <Predicate = (trunc_ln99_1 == 3)> <Delay = 1.23> <CoreInst = "RAM">   --->   Core 82 'RAM' <Latency = 1> <II = 1> <Delay = 1.23> <Storage> <Opcode : 'load' 'store'> <Ports = 2> <Width = 32> <Depth = 205> <RAM>

State 11 <SV = 10> <Delay = 3.34>
ST_11 : Operation 93 [1/2] ( I:1.23ns O:1.23ns )   --->   "%bnn_top_int_const_unsigned_int_const_int_const_unsigned_int_const_int_co_34 = load i8 %bnn_top_int_const_unsigned_int_const_int_const_unsigned_int_const_int_co_29" [bnn.cpp:99]   --->   Operation 93 'load' 'bnn_top_int_const_unsigned_int_const_int_const_unsigned_int_const_int_co_34' <Predicate = (trunc_ln99_1 == 0)> <Delay = 1.23> <CoreInst = "RAM">   --->   Core 82 'RAM' <Latency = 1> <II = 1> <Delay = 1.23> <Storage> <Opcode : 'load' 'store'> <Ports = 2> <Width = 32> <Depth = 205> <RAM>
ST_11 : Operation 94 [1/2] ( I:1.23ns O:1.23ns )   --->   "%bnn_top_int_const_unsigned_int_const_int_const_unsigned_int_const_int_co_35 = load i8 %bnn_top_int_const_unsigned_int_const_int_const_unsigned_int_const_int_co_30" [bnn.cpp:99]   --->   Operation 94 'load' 'bnn_top_int_const_unsigned_int_const_int_const_unsigned_int_const_int_co_35' <Predicate = (trunc_ln99_1 == 1)> <Delay = 1.23> <CoreInst = "RAM">   --->   Core 82 'RAM' <Latency = 1> <II = 1> <Delay = 1.23> <Storage> <Opcode : 'load' 'store'> <Ports = 2> <Width = 32> <Depth = 205> <RAM>
ST_11 : Operation 95 [1/2] ( I:1.23ns O:1.23ns )   --->   "%bnn_top_int_const_unsigned_int_const_int_const_unsigned_int_const_int_co_36 = load i8 %bnn_top_int_const_unsigned_int_const_int_const_unsigned_int_const_int_co_31" [bnn.cpp:99]   --->   Operation 95 'load' 'bnn_top_int_const_unsigned_int_const_int_const_unsigned_int_const_int_co_36' <Predicate = (trunc_ln99_1 == 2)> <Delay = 1.23> <CoreInst = "RAM">   --->   Core 82 'RAM' <Latency = 1> <II = 1> <Delay = 1.23> <Storage> <Opcode : 'load' 'store'> <Ports = 2> <Width = 32> <Depth = 205> <RAM>
ST_11 : Operation 96 [1/2] ( I:1.23ns O:1.23ns )   --->   "%bnn_top_int_const_unsigned_int_const_int_const_unsigned_int_const_int_co_37 = load i8 %bnn_top_int_const_unsigned_int_const_int_const_unsigned_int_const_int_co_32" [bnn.cpp:99]   --->   Operation 96 'load' 'bnn_top_int_const_unsigned_int_const_int_const_unsigned_int_const_int_co_37' <Predicate = (trunc_ln99_1 == 3)> <Delay = 1.23> <CoreInst = "RAM">   --->   Core 82 'RAM' <Latency = 1> <II = 1> <Delay = 1.23> <Storage> <Opcode : 'load' 'store'> <Ports = 2> <Width = 32> <Depth = 205> <RAM>
ST_11 : Operation 97 [1/2] ( I:1.23ns O:1.23ns )   --->   "%bnn_top_int_const_unsigned_int_const_int_const_unsigned_int_const_int_co_38 = load i8 %bnn_top_int_const_unsigned_int_const_int_const_unsigned_int_const_int_co_33" [bnn.cpp:99]   --->   Operation 97 'load' 'bnn_top_int_const_unsigned_int_const_int_const_unsigned_int_const_int_co_38' <Predicate = (trunc_ln99_1 == 4)> <Delay = 1.23> <CoreInst = "RAM">   --->   Core 82 'RAM' <Latency = 1> <II = 1> <Delay = 1.23> <Storage> <Opcode : 'load' 'store'> <Ports = 2> <Width = 32> <Depth = 205> <RAM>
ST_11 : Operation 98 [1/1] (0.57ns)   --->   "%s0 = sparsemux i32 @_ssdm_op_SparseMux.ap_auto.5i32.i32.i3, i3 0, i32 %bnn_top_int_const_unsigned_int_const_int_const_unsigned_int_const_int_co_34, i3 1, i32 %bnn_top_int_const_unsigned_int_const_int_const_unsigned_int_const_int_co_35, i3 2, i32 %bnn_top_int_const_unsigned_int_const_int_const_unsigned_int_const_int_co_36, i3 3, i32 %bnn_top_int_const_unsigned_int_const_int_const_unsigned_int_const_int_co_37, i3 4, i32 %bnn_top_int_const_unsigned_int_const_int_const_unsigned_int_const_int_co_38, i32 0, i3 %trunc_ln99_1" [bnn.cpp:99]   --->   Operation 98 'sparsemux' 's0' <Predicate = true> <Delay = 0.57> <CoreInst = "BinarySparseMux_DontCare">   --->   Core 149 'BinarySparseMux_DontCare' <Latency = 0> <II = 1> <Delay = 0.57> <FuncUnit> <Opcode : 'sparsemux'> <InPorts = 2> <OutPorts = 1>
ST_11 : Operation 99 [1/2] ( I:1.23ns O:1.23ns )   --->   "%bnn_top_int_const_unsigned_int_const_int_const_unsigned_int_const_int_co_44 = load i8 %bnn_top_int_const_unsigned_int_const_int_const_unsigned_int_const_int_co_39" [bnn.cpp:100]   --->   Operation 99 'load' 'bnn_top_int_const_unsigned_int_const_int_const_unsigned_int_const_int_co_44' <Predicate = (trunc_ln99_1 == 4)> <Delay = 1.23> <CoreInst = "RAM">   --->   Core 82 'RAM' <Latency = 1> <II = 1> <Delay = 1.23> <Storage> <Opcode : 'load' 'store'> <Ports = 2> <Width = 32> <Depth = 205> <RAM>
ST_11 : Operation 100 [1/2] ( I:1.23ns O:1.23ns )   --->   "%bnn_top_int_const_unsigned_int_const_int_const_unsigned_int_const_int_co_45 = load i8 %bnn_top_int_const_unsigned_int_const_int_const_unsigned_int_const_int_co_40" [bnn.cpp:100]   --->   Operation 100 'load' 'bnn_top_int_const_unsigned_int_const_int_const_unsigned_int_const_int_co_45' <Predicate = (trunc_ln99_1 == 0)> <Delay = 1.23> <CoreInst = "RAM">   --->   Core 82 'RAM' <Latency = 1> <II = 1> <Delay = 1.23> <Storage> <Opcode : 'load' 'store'> <Ports = 2> <Width = 32> <Depth = 205> <RAM>
ST_11 : Operation 101 [1/2] ( I:1.23ns O:1.23ns )   --->   "%bnn_top_int_const_unsigned_int_const_int_const_unsigned_int_const_int_co_46 = load i8 %bnn_top_int_const_unsigned_int_const_int_const_unsigned_int_const_int_co_41" [bnn.cpp:100]   --->   Operation 101 'load' 'bnn_top_int_const_unsigned_int_const_int_const_unsigned_int_const_int_co_46' <Predicate = (trunc_ln99_1 == 1)> <Delay = 1.23> <CoreInst = "RAM">   --->   Core 82 'RAM' <Latency = 1> <II = 1> <Delay = 1.23> <Storage> <Opcode : 'load' 'store'> <Ports = 2> <Width = 32> <Depth = 205> <RAM>
ST_11 : Operation 102 [1/2] ( I:1.23ns O:1.23ns )   --->   "%bnn_top_int_const_unsigned_int_const_int_const_unsigned_int_const_int_co_47 = load i8 %bnn_top_int_const_unsigned_int_const_int_const_unsigned_int_const_int_co_42" [bnn.cpp:100]   --->   Operation 102 'load' 'bnn_top_int_const_unsigned_int_const_int_const_unsigned_int_const_int_co_47' <Predicate = (trunc_ln99_1 == 2)> <Delay = 1.23> <CoreInst = "RAM">   --->   Core 82 'RAM' <Latency = 1> <II = 1> <Delay = 1.23> <Storage> <Opcode : 'load' 'store'> <Ports = 2> <Width = 32> <Depth = 205> <RAM>
ST_11 : Operation 103 [1/2] ( I:1.23ns O:1.23ns )   --->   "%bnn_top_int_const_unsigned_int_const_int_const_unsigned_int_const_int_co_48 = load i8 %bnn_top_int_const_unsigned_int_const_int_const_unsigned_int_const_int_co_43" [bnn.cpp:100]   --->   Operation 103 'load' 'bnn_top_int_const_unsigned_int_const_int_const_unsigned_int_const_int_co_48' <Predicate = (trunc_ln99_1 == 3)> <Delay = 1.23> <CoreInst = "RAM">   --->   Core 82 'RAM' <Latency = 1> <II = 1> <Delay = 1.23> <Storage> <Opcode : 'load' 'store'> <Ports = 2> <Width = 32> <Depth = 205> <RAM>
ST_11 : Operation 104 [1/1] (0.57ns)   --->   "%s1 = sparsemux i32 @_ssdm_op_SparseMux.ap_auto.5i32.i32.i3, i3 4, i32 %bnn_top_int_const_unsigned_int_const_int_const_unsigned_int_const_int_co_44, i3 0, i32 %bnn_top_int_const_unsigned_int_const_int_const_unsigned_int_const_int_co_45, i3 1, i32 %bnn_top_int_const_unsigned_int_const_int_const_unsigned_int_const_int_co_46, i3 2, i32 %bnn_top_int_const_unsigned_int_const_int_const_unsigned_int_const_int_co_47, i3 3, i32 %bnn_top_int_const_unsigned_int_const_int_const_unsigned_int_const_int_co_48, i32 0, i3 %trunc_ln99_1" [bnn.cpp:100]   --->   Operation 104 'sparsemux' 's1' <Predicate = true> <Delay = 0.57> <CoreInst = "BinarySparseMux_DontCare">   --->   Core 149 'BinarySparseMux_DontCare' <Latency = 0> <II = 1> <Delay = 0.57> <FuncUnit> <Opcode : 'sparsemux'> <InPorts = 2> <OutPorts = 1>
ST_11 : Operation 105 [1/1] (0.00ns)   --->   "%add_ln5 = bitconcatenate i8 @_ssdm_op_BitConcatenate.i8.i3.i1.i3.i1, i3 %trunc_ln99, i1 1, i3 %trunc_ln97, i1 0" [bnn.cpp:101]   --->   Operation 105 'bitconcatenate' 'add_ln5' <Predicate = true> <Delay = 0.00>
ST_11 : Operation 106 [1/1] (0.00ns)   --->   "%zext_ln101_1 = zext i8 %add_ln5" [bnn.cpp:101]   --->   Operation 106 'zext' 'zext_ln101_1' <Predicate = true> <Delay = 0.00>
ST_11 : Operation 107 [1/1] (2.11ns)   --->   "%mul_ln101 = mul i17 %zext_ln101_1, i17 410" [bnn.cpp:101]   --->   Operation 107 'mul' 'mul_ln101' <Predicate = true> <Delay = 2.11> <CoreInst = "Multiplier">   --->   Core 3 'Multiplier' <Latency = 0> <II = 1> <Delay = 2.11> <FuncUnit> <Opcode : 'mul'> <InPorts = 2> <OutPorts = 1>
ST_11 : Operation 108 [1/1] (0.00ns)   --->   "%tmp_3 = partselect i6 @_ssdm_op_PartSelect.i6.i17.i32.i32, i17 %mul_ln101, i32 11, i32 16" [bnn.cpp:101]   --->   Operation 108 'partselect' 'tmp_3' <Predicate = true> <Delay = 0.00>
ST_11 : Operation 109 [1/1] (0.00ns)   --->   "%zext_ln101 = zext i6 %tmp_3" [bnn.cpp:101]   --->   Operation 109 'zext' 'zext_ln101' <Predicate = true> <Delay = 0.00>
ST_11 : Operation 110 [1/1] (0.00ns)   --->   "%bnn_top_int_const_unsigned_int_const_int_const_unsigned_int_const_int_co_49 = getelementptr i32 %bnn_top_int_const_unsigned_int_const_int_const_unsigned_int_const_int_co_4, i64 0, i64 %zext_ln101" [bnn.cpp:101]   --->   Operation 110 'getelementptr' 'bnn_top_int_const_unsigned_int_const_int_const_unsigned_int_const_int_co_49' <Predicate = (trunc_ln99_1 == 4)> <Delay = 0.00>
ST_11 : Operation 111 [1/1] (0.00ns)   --->   "%bnn_top_int_const_unsigned_int_const_int_const_unsigned_int_const_int_co_50 = getelementptr i32 %bnn_top_int_const_unsigned_int_const_int_const_unsigned_int_const_int_co_3, i64 0, i64 %zext_ln101" [bnn.cpp:101]   --->   Operation 111 'getelementptr' 'bnn_top_int_const_unsigned_int_const_int_const_unsigned_int_const_int_co_50' <Predicate = (trunc_ln99_1 == 0)> <Delay = 0.00>
ST_11 : Operation 112 [1/1] (0.00ns)   --->   "%bnn_top_int_const_unsigned_int_const_int_const_unsigned_int_const_int_co_51 = getelementptr i32 %bnn_top_int_const_unsigned_int_const_int_const_unsigned_int_const_int_co_2, i64 0, i64 %zext_ln101" [bnn.cpp:101]   --->   Operation 112 'getelementptr' 'bnn_top_int_const_unsigned_int_const_int_const_unsigned_int_const_int_co_51' <Predicate = (trunc_ln99_1 == 1)> <Delay = 0.00>
ST_11 : Operation 113 [1/1] (0.00ns)   --->   "%bnn_top_int_const_unsigned_int_const_int_const_unsigned_int_const_int_co_52 = getelementptr i32 %bnn_top_int_const_unsigned_int_const_int_const_unsigned_int_const_int_co_1, i64 0, i64 %zext_ln101" [bnn.cpp:101]   --->   Operation 113 'getelementptr' 'bnn_top_int_const_unsigned_int_const_int_const_unsigned_int_const_int_co_52' <Predicate = (trunc_ln99_1 == 2)> <Delay = 0.00>
ST_11 : Operation 114 [1/1] (0.00ns)   --->   "%bnn_top_int_const_unsigned_int_const_int_const_unsigned_int_const_int_co_53 = getelementptr i32 %bnn_top_int_const_unsigned_int_const_int_const_unsigned_int_const_int_co, i64 0, i64 %zext_ln101" [bnn.cpp:101]   --->   Operation 114 'getelementptr' 'bnn_top_int_const_unsigned_int_const_int_const_unsigned_int_const_int_co_53' <Predicate = (trunc_ln99_1 == 3)> <Delay = 0.00>
ST_11 : Operation 115 [2/2] (1.23ns)   --->   "%bnn_top_int_const_unsigned_int_const_int_const_unsigned_int_const_int_co_54 = load i8 %bnn_top_int_const_unsigned_int_const_int_const_unsigned_int_const_int_co_49" [bnn.cpp:101]   --->   Operation 115 'load' 'bnn_top_int_const_unsigned_int_const_int_const_unsigned_int_const_int_co_54' <Predicate = (trunc_ln99_1 == 4)> <Delay = 1.23> <CoreInst = "RAM">   --->   Core 82 'RAM' <Latency = 1> <II = 1> <Delay = 1.23> <Storage> <Opcode : 'load' 'store'> <Ports = 2> <Width = 32> <Depth = 205> <RAM>
ST_11 : Operation 116 [2/2] (1.23ns)   --->   "%bnn_top_int_const_unsigned_int_const_int_const_unsigned_int_const_int_co_55 = load i8 %bnn_top_int_const_unsigned_int_const_int_const_unsigned_int_const_int_co_50" [bnn.cpp:101]   --->   Operation 116 'load' 'bnn_top_int_const_unsigned_int_const_int_const_unsigned_int_const_int_co_55' <Predicate = (trunc_ln99_1 == 0)> <Delay = 1.23> <CoreInst = "RAM">   --->   Core 82 'RAM' <Latency = 1> <II = 1> <Delay = 1.23> <Storage> <Opcode : 'load' 'store'> <Ports = 2> <Width = 32> <Depth = 205> <RAM>
ST_11 : Operation 117 [2/2] (1.23ns)   --->   "%bnn_top_int_const_unsigned_int_const_int_const_unsigned_int_const_int_co_56 = load i8 %bnn_top_int_const_unsigned_int_const_int_const_unsigned_int_const_int_co_51" [bnn.cpp:101]   --->   Operation 117 'load' 'bnn_top_int_const_unsigned_int_const_int_const_unsigned_int_const_int_co_56' <Predicate = (trunc_ln99_1 == 1)> <Delay = 1.23> <CoreInst = "RAM">   --->   Core 82 'RAM' <Latency = 1> <II = 1> <Delay = 1.23> <Storage> <Opcode : 'load' 'store'> <Ports = 2> <Width = 32> <Depth = 205> <RAM>
ST_11 : Operation 118 [2/2] (1.23ns)   --->   "%bnn_top_int_const_unsigned_int_const_int_const_unsigned_int_const_int_co_57 = load i8 %bnn_top_int_const_unsigned_int_const_int_const_unsigned_int_const_int_co_52" [bnn.cpp:101]   --->   Operation 118 'load' 'bnn_top_int_const_unsigned_int_const_int_const_unsigned_int_const_int_co_57' <Predicate = (trunc_ln99_1 == 2)> <Delay = 1.23> <CoreInst = "RAM">   --->   Core 82 'RAM' <Latency = 1> <II = 1> <Delay = 1.23> <Storage> <Opcode : 'load' 'store'> <Ports = 2> <Width = 32> <Depth = 205> <RAM>
ST_11 : Operation 119 [2/2] (1.23ns)   --->   "%bnn_top_int_const_unsigned_int_const_int_const_unsigned_int_const_int_co_58 = load i8 %bnn_top_int_const_unsigned_int_const_int_const_unsigned_int_const_int_co_53" [bnn.cpp:101]   --->   Operation 119 'load' 'bnn_top_int_const_unsigned_int_const_int_const_unsigned_int_const_int_co_58' <Predicate = (trunc_ln99_1 == 3)> <Delay = 1.23> <CoreInst = "RAM">   --->   Core 82 'RAM' <Latency = 1> <II = 1> <Delay = 1.23> <Storage> <Opcode : 'load' 'store'> <Ports = 2> <Width = 32> <Depth = 205> <RAM>
ST_11 : Operation 120 [1/1] (0.00ns)   --->   "%add_ln6 = bitconcatenate i8 @_ssdm_op_BitConcatenate.i8.i3.i1.i3.i1, i3 %trunc_ln99, i1 1, i3 %trunc_ln97, i1 1" [bnn.cpp:102]   --->   Operation 120 'bitconcatenate' 'add_ln6' <Predicate = true> <Delay = 0.00>
ST_11 : Operation 121 [1/1] (0.00ns)   --->   "%zext_ln102_1 = zext i8 %add_ln6" [bnn.cpp:102]   --->   Operation 121 'zext' 'zext_ln102_1' <Predicate = true> <Delay = 0.00>
ST_11 : Operation 122 [1/1] (2.11ns)   --->   "%mul_ln102 = mul i17 %zext_ln102_1, i17 410" [bnn.cpp:102]   --->   Operation 122 'mul' 'mul_ln102' <Predicate = true> <Delay = 2.11> <CoreInst = "Multiplier">   --->   Core 3 'Multiplier' <Latency = 0> <II = 1> <Delay = 2.11> <FuncUnit> <Opcode : 'mul'> <InPorts = 2> <OutPorts = 1>
ST_11 : Operation 123 [1/1] (0.00ns)   --->   "%tmp_4 = partselect i6 @_ssdm_op_PartSelect.i6.i17.i32.i32, i17 %mul_ln102, i32 11, i32 16" [bnn.cpp:102]   --->   Operation 123 'partselect' 'tmp_4' <Predicate = true> <Delay = 0.00>
ST_11 : Operation 124 [1/1] (0.00ns)   --->   "%zext_ln102 = zext i6 %tmp_4" [bnn.cpp:102]   --->   Operation 124 'zext' 'zext_ln102' <Predicate = true> <Delay = 0.00>
ST_11 : Operation 125 [1/1] (0.00ns)   --->   "%bnn_top_int_const_unsigned_int_const_int_const_unsigned_int_const_int_co_59 = getelementptr i32 %bnn_top_int_const_unsigned_int_const_int_const_unsigned_int_const_int_co_4, i64 0, i64 %zext_ln102" [bnn.cpp:102]   --->   Operation 125 'getelementptr' 'bnn_top_int_const_unsigned_int_const_int_const_unsigned_int_const_int_co_59' <Predicate = (trunc_ln99_1 == 3)> <Delay = 0.00>
ST_11 : Operation 126 [1/1] (0.00ns)   --->   "%bnn_top_int_const_unsigned_int_const_int_const_unsigned_int_const_int_co_60 = getelementptr i32 %bnn_top_int_const_unsigned_int_const_int_const_unsigned_int_const_int_co_3, i64 0, i64 %zext_ln102" [bnn.cpp:102]   --->   Operation 126 'getelementptr' 'bnn_top_int_const_unsigned_int_const_int_const_unsigned_int_const_int_co_60' <Predicate = (trunc_ln99_1 == 4)> <Delay = 0.00>
ST_11 : Operation 127 [1/1] (0.00ns)   --->   "%bnn_top_int_const_unsigned_int_const_int_const_unsigned_int_const_int_co_61 = getelementptr i32 %bnn_top_int_const_unsigned_int_const_int_const_unsigned_int_const_int_co_2, i64 0, i64 %zext_ln102" [bnn.cpp:102]   --->   Operation 127 'getelementptr' 'bnn_top_int_const_unsigned_int_const_int_const_unsigned_int_const_int_co_61' <Predicate = (trunc_ln99_1 == 0)> <Delay = 0.00>
ST_11 : Operation 128 [1/1] (0.00ns)   --->   "%bnn_top_int_const_unsigned_int_const_int_const_unsigned_int_const_int_co_62 = getelementptr i32 %bnn_top_int_const_unsigned_int_const_int_const_unsigned_int_const_int_co_1, i64 0, i64 %zext_ln102" [bnn.cpp:102]   --->   Operation 128 'getelementptr' 'bnn_top_int_const_unsigned_int_const_int_const_unsigned_int_const_int_co_62' <Predicate = (trunc_ln99_1 == 1)> <Delay = 0.00>
ST_11 : Operation 129 [1/1] (0.00ns)   --->   "%bnn_top_int_const_unsigned_int_const_int_const_unsigned_int_const_int_co_63 = getelementptr i32 %bnn_top_int_const_unsigned_int_const_int_const_unsigned_int_const_int_co, i64 0, i64 %zext_ln102" [bnn.cpp:102]   --->   Operation 129 'getelementptr' 'bnn_top_int_const_unsigned_int_const_int_const_unsigned_int_const_int_co_63' <Predicate = (trunc_ln99_1 == 2)> <Delay = 0.00>
ST_11 : Operation 130 [2/2] (1.23ns)   --->   "%bnn_top_int_const_unsigned_int_const_int_const_unsigned_int_const_int_co_64 = load i8 %bnn_top_int_const_unsigned_int_const_int_const_unsigned_int_const_int_co_59" [bnn.cpp:102]   --->   Operation 130 'load' 'bnn_top_int_const_unsigned_int_const_int_const_unsigned_int_const_int_co_64' <Predicate = (trunc_ln99_1 == 3)> <Delay = 1.23> <CoreInst = "RAM">   --->   Core 82 'RAM' <Latency = 1> <II = 1> <Delay = 1.23> <Storage> <Opcode : 'load' 'store'> <Ports = 2> <Width = 32> <Depth = 205> <RAM>
ST_11 : Operation 131 [2/2] (1.23ns)   --->   "%bnn_top_int_const_unsigned_int_const_int_const_unsigned_int_const_int_co_65 = load i8 %bnn_top_int_const_unsigned_int_const_int_const_unsigned_int_const_int_co_60" [bnn.cpp:102]   --->   Operation 131 'load' 'bnn_top_int_const_unsigned_int_const_int_const_unsigned_int_const_int_co_65' <Predicate = (trunc_ln99_1 == 4)> <Delay = 1.23> <CoreInst = "RAM">   --->   Core 82 'RAM' <Latency = 1> <II = 1> <Delay = 1.23> <Storage> <Opcode : 'load' 'store'> <Ports = 2> <Width = 32> <Depth = 205> <RAM>
ST_11 : Operation 132 [2/2] (1.23ns)   --->   "%bnn_top_int_const_unsigned_int_const_int_const_unsigned_int_const_int_co_66 = load i8 %bnn_top_int_const_unsigned_int_const_int_const_unsigned_int_const_int_co_61" [bnn.cpp:102]   --->   Operation 132 'load' 'bnn_top_int_const_unsigned_int_const_int_const_unsigned_int_const_int_co_66' <Predicate = (trunc_ln99_1 == 0)> <Delay = 1.23> <CoreInst = "RAM">   --->   Core 82 'RAM' <Latency = 1> <II = 1> <Delay = 1.23> <Storage> <Opcode : 'load' 'store'> <Ports = 2> <Width = 32> <Depth = 205> <RAM>
ST_11 : Operation 133 [2/2] (1.23ns)   --->   "%bnn_top_int_const_unsigned_int_const_int_const_unsigned_int_const_int_co_67 = load i8 %bnn_top_int_const_unsigned_int_const_int_const_unsigned_int_const_int_co_62" [bnn.cpp:102]   --->   Operation 133 'load' 'bnn_top_int_const_unsigned_int_const_int_const_unsigned_int_const_int_co_67' <Predicate = (trunc_ln99_1 == 1)> <Delay = 1.23> <CoreInst = "RAM">   --->   Core 82 'RAM' <Latency = 1> <II = 1> <Delay = 1.23> <Storage> <Opcode : 'load' 'store'> <Ports = 2> <Width = 32> <Depth = 205> <RAM>
ST_11 : Operation 134 [2/2] (1.23ns)   --->   "%bnn_top_int_const_unsigned_int_const_int_const_unsigned_int_const_int_co_68 = load i8 %bnn_top_int_const_unsigned_int_const_int_const_unsigned_int_const_int_co_63" [bnn.cpp:102]   --->   Operation 134 'load' 'bnn_top_int_const_unsigned_int_const_int_const_unsigned_int_const_int_co_68' <Predicate = (trunc_ln99_1 == 2)> <Delay = 1.23> <CoreInst = "RAM">   --->   Core 82 'RAM' <Latency = 1> <II = 1> <Delay = 1.23> <Storage> <Opcode : 'load' 'store'> <Ports = 2> <Width = 32> <Depth = 205> <RAM>
ST_11 : Operation 135 [1/1] (1.01ns)   --->   "%icmp_ln103 = icmp_sgt  i32 %s1, i32 %s0" [bnn.cpp:103]   --->   Operation 135 'icmp' 'icmp_ln103' <Predicate = true> <Delay = 1.01> <CoreInst = "Cmp">   --->   Core 9 'Cmp' <Latency = 0> <II = 1> <Delay = 1.01> <FuncUnit> <Opcode : 'seteq' 'setne' 'setle' 'setge' 'setlt' 'setgt'> <InPorts = 2> <OutPorts = 1>
ST_11 : Operation 136 [1/1] (0.44ns)   --->   "%m_1 = select i1 %icmp_ln103, i32 %s1, i32 %s0" [bnn.cpp:103]   --->   Operation 136 'select' 'm_1' <Predicate = true> <Delay = 0.44> <CoreInst = "Sel">   --->   Core 73 'Sel' <Latency = 0> <II = 1> <Delay = 0.44> <FuncUnit> <Opcode : 'select'> <InPorts = 3> <OutPorts = 1>
ST_11 : Operation 185 [1/1] (0.42ns)   --->   "%ret_ln0 = ret"   --->   Operation 185 'ret' 'ret_ln0' <Predicate = (icmp_ln96)> <Delay = 0.42>

State 12 <SV = 11> <Delay = 6.00>
ST_12 : Operation 137 [1/1] (0.00ns)   --->   "%specloopname_ln0 = specloopname void @_ssdm_op_SpecLoopName, void @VITIS_LOOP_96_14_VITIS_LOOP_97_15_str"   --->   Operation 137 'specloopname' 'specloopname_ln0' <Predicate = true> <Delay = 0.00>
ST_12 : Operation 138 [1/1] (0.00ns)   --->   "%speclooptripcount_ln0 = speclooptripcount void @_ssdm_op_SpecLoopTripCount, i64 64, i64 64, i64 64"   --->   Operation 138 'speclooptripcount' 'speclooptripcount_ln0' <Predicate = true> <Delay = 0.00>
ST_12 : Operation 139 [1/1] (0.00ns)   --->   "%zext_ln96 = zext i4 %select_ln96_1" [bnn.cpp:96]   --->   Operation 139 'zext' 'zext_ln96' <Predicate = true> <Delay = 0.00>
ST_12 : Operation 140 [1/1] (0.77ns)   --->   "%add_ln104 = add i9 %zext_ln96, i9 %shl_ln2_read" [bnn.cpp:104]   --->   Operation 140 'add' 'add_ln104' <Predicate = true> <Delay = 0.77> <CoreInst = "Adder">   --->   Core 1 'Adder' <Latency = 0> <II = 1> <Delay = 0.77> <FuncUnit> <Opcode : 'add' 'sub'> <InPorts = 2> <OutPorts = 1>
ST_12 : Operation 141 [1/1] (0.00ns)   --->   "%zext_ln104 = zext i9 %add_ln104" [bnn.cpp:104]   --->   Operation 141 'zext' 'zext_ln104' <Predicate = true> <Delay = 0.00>
ST_12 : Operation 142 [1/1] (0.00ns)   --->   "%bnn_top_int_const_unsigned_int_const_int_const_unsigned_int_const_int_co_21 = getelementptr i1 %bnn_top_int_const_unsigned_int_const_int_const_unsigned_int_const_int_co_12, i64 0, i64 %zext_ln104" [bnn.cpp:104]   --->   Operation 142 'getelementptr' 'bnn_top_int_const_unsigned_int_const_int_const_unsigned_int_const_int_co_21' <Predicate = true> <Delay = 0.00>
ST_12 : Operation 143 [1/1] (0.00ns)   --->   "%bnn_top_int_const_unsigned_int_const_int_const_unsigned_int_const_int_co_22 = getelementptr i1 %bnn_top_int_const_unsigned_int_const_int_const_unsigned_int_const_int_co_6, i64 0, i64 %zext_ln104" [bnn.cpp:104]   --->   Operation 143 'getelementptr' 'bnn_top_int_const_unsigned_int_const_int_const_unsigned_int_const_int_co_22' <Predicate = true> <Delay = 0.00>
ST_12 : Operation 144 [1/1] (0.00ns)   --->   "%bnn_top_int_const_unsigned_int_const_int_const_unsigned_int_const_int_co_23 = getelementptr i1 %bnn_top_int_const_unsigned_int_const_int_const_unsigned_int_const_int_co_5, i64 0, i64 %zext_ln104" [bnn.cpp:104]   --->   Operation 144 'getelementptr' 'bnn_top_int_const_unsigned_int_const_int_const_unsigned_int_const_int_co_23' <Predicate = true> <Delay = 0.00>
ST_12 : Operation 145 [1/1] (0.00ns)   --->   "%bnn_top_int_const_unsigned_int_const_int_const_unsigned_int_const_int_co_24 = getelementptr i1 %bnn_top_int_const_unsigned_int_const_int_const_unsigned_int_const_int_co_11, i64 0, i64 %zext_ln104" [bnn.cpp:104]   --->   Operation 145 'getelementptr' 'bnn_top_int_const_unsigned_int_const_int_const_unsigned_int_const_int_co_24' <Predicate = true> <Delay = 0.00>
ST_12 : Operation 146 [1/1] (0.00ns)   --->   "%bnn_top_int_const_unsigned_int_const_int_const_unsigned_int_const_int_co_25 = getelementptr i1 %bnn_top_int_const_unsigned_int_const_int_const_unsigned_int_const_int_co_10, i64 0, i64 %zext_ln104" [bnn.cpp:104]   --->   Operation 146 'getelementptr' 'bnn_top_int_const_unsigned_int_const_int_const_unsigned_int_const_int_co_25' <Predicate = true> <Delay = 0.00>
ST_12 : Operation 147 [1/1] (0.00ns)   --->   "%bnn_top_int_const_unsigned_int_const_int_const_unsigned_int_const_int_co_26 = getelementptr i1 %bnn_top_int_const_unsigned_int_const_int_const_unsigned_int_const_int_co_9, i64 0, i64 %zext_ln104" [bnn.cpp:104]   --->   Operation 147 'getelementptr' 'bnn_top_int_const_unsigned_int_const_int_const_unsigned_int_const_int_co_26' <Predicate = true> <Delay = 0.00>
ST_12 : Operation 148 [1/1] (0.00ns)   --->   "%bnn_top_int_const_unsigned_int_const_int_const_unsigned_int_const_int_co_27 = getelementptr i1 %bnn_top_int_const_unsigned_int_const_int_const_unsigned_int_const_int_co_8, i64 0, i64 %zext_ln104" [bnn.cpp:104]   --->   Operation 148 'getelementptr' 'bnn_top_int_const_unsigned_int_const_int_const_unsigned_int_const_int_co_27' <Predicate = true> <Delay = 0.00>
ST_12 : Operation 149 [1/1] (0.00ns)   --->   "%bnn_top_int_const_unsigned_int_const_int_const_unsigned_int_const_int_co_28 = getelementptr i1 %bnn_top_int_const_unsigned_int_const_int_const_unsigned_int_const_int_co_7, i64 0, i64 %zext_ln104" [bnn.cpp:104]   --->   Operation 149 'getelementptr' 'bnn_top_int_const_unsigned_int_const_int_const_unsigned_int_const_int_co_28' <Predicate = true> <Delay = 0.00>
ST_12 : Operation 150 [1/1] (0.00ns)   --->   "%specpipeline_ln98 = specpipeline void @_ssdm_op_SpecPipeline, i32 1, i32 0, i32 0, i32 0, i32 4294967295, void @empty_2" [bnn.cpp:98]   --->   Operation 150 'specpipeline' 'specpipeline_ln98' <Predicate = true> <Delay = 0.00>
ST_12 : Operation 151 [1/2] ( I:1.23ns O:1.23ns )   --->   "%bnn_top_int_const_unsigned_int_const_int_const_unsigned_int_const_int_co_54 = load i8 %bnn_top_int_const_unsigned_int_const_int_const_unsigned_int_const_int_co_49" [bnn.cpp:101]   --->   Operation 151 'load' 'bnn_top_int_const_unsigned_int_const_int_const_unsigned_int_const_int_co_54' <Predicate = (trunc_ln99_1 == 4)> <Delay = 1.23> <CoreInst = "RAM">   --->   Core 82 'RAM' <Latency = 1> <II = 1> <Delay = 1.23> <Storage> <Opcode : 'load' 'store'> <Ports = 2> <Width = 32> <Depth = 205> <RAM>
ST_12 : Operation 152 [1/2] ( I:1.23ns O:1.23ns )   --->   "%bnn_top_int_const_unsigned_int_const_int_const_unsigned_int_const_int_co_55 = load i8 %bnn_top_int_const_unsigned_int_const_int_const_unsigned_int_const_int_co_50" [bnn.cpp:101]   --->   Operation 152 'load' 'bnn_top_int_const_unsigned_int_const_int_const_unsigned_int_const_int_co_55' <Predicate = (trunc_ln99_1 == 0)> <Delay = 1.23> <CoreInst = "RAM">   --->   Core 82 'RAM' <Latency = 1> <II = 1> <Delay = 1.23> <Storage> <Opcode : 'load' 'store'> <Ports = 2> <Width = 32> <Depth = 205> <RAM>
ST_12 : Operation 153 [1/2] ( I:1.23ns O:1.23ns )   --->   "%bnn_top_int_const_unsigned_int_const_int_const_unsigned_int_const_int_co_56 = load i8 %bnn_top_int_const_unsigned_int_const_int_const_unsigned_int_const_int_co_51" [bnn.cpp:101]   --->   Operation 153 'load' 'bnn_top_int_const_unsigned_int_const_int_const_unsigned_int_const_int_co_56' <Predicate = (trunc_ln99_1 == 1)> <Delay = 1.23> <CoreInst = "RAM">   --->   Core 82 'RAM' <Latency = 1> <II = 1> <Delay = 1.23> <Storage> <Opcode : 'load' 'store'> <Ports = 2> <Width = 32> <Depth = 205> <RAM>
ST_12 : Operation 154 [1/2] ( I:1.23ns O:1.23ns )   --->   "%bnn_top_int_const_unsigned_int_const_int_const_unsigned_int_const_int_co_57 = load i8 %bnn_top_int_const_unsigned_int_const_int_const_unsigned_int_const_int_co_52" [bnn.cpp:101]   --->   Operation 154 'load' 'bnn_top_int_const_unsigned_int_const_int_const_unsigned_int_const_int_co_57' <Predicate = (trunc_ln99_1 == 2)> <Delay = 1.23> <CoreInst = "RAM">   --->   Core 82 'RAM' <Latency = 1> <II = 1> <Delay = 1.23> <Storage> <Opcode : 'load' 'store'> <Ports = 2> <Width = 32> <Depth = 205> <RAM>
ST_12 : Operation 155 [1/2] ( I:1.23ns O:1.23ns )   --->   "%bnn_top_int_const_unsigned_int_const_int_const_unsigned_int_const_int_co_58 = load i8 %bnn_top_int_const_unsigned_int_const_int_const_unsigned_int_const_int_co_53" [bnn.cpp:101]   --->   Operation 155 'load' 'bnn_top_int_const_unsigned_int_const_int_const_unsigned_int_const_int_co_58' <Predicate = (trunc_ln99_1 == 3)> <Delay = 1.23> <CoreInst = "RAM">   --->   Core 82 'RAM' <Latency = 1> <II = 1> <Delay = 1.23> <Storage> <Opcode : 'load' 'store'> <Ports = 2> <Width = 32> <Depth = 205> <RAM>
ST_12 : Operation 156 [1/1] (0.57ns)   --->   "%s2 = sparsemux i32 @_ssdm_op_SparseMux.ap_auto.5i32.i32.i3, i3 4, i32 %bnn_top_int_const_unsigned_int_const_int_const_unsigned_int_const_int_co_54, i3 0, i32 %bnn_top_int_const_unsigned_int_const_int_const_unsigned_int_const_int_co_55, i3 1, i32 %bnn_top_int_const_unsigned_int_const_int_const_unsigned_int_const_int_co_56, i3 2, i32 %bnn_top_int_const_unsigned_int_const_int_const_unsigned_int_const_int_co_57, i3 3, i32 %bnn_top_int_const_unsigned_int_const_int_const_unsigned_int_const_int_co_58, i32 0, i3 %trunc_ln99_1" [bnn.cpp:101]   --->   Operation 156 'sparsemux' 's2' <Predicate = true> <Delay = 0.57> <CoreInst = "BinarySparseMux_DontCare">   --->   Core 149 'BinarySparseMux_DontCare' <Latency = 0> <II = 1> <Delay = 0.57> <FuncUnit> <Opcode : 'sparsemux'> <InPorts = 2> <OutPorts = 1>
ST_12 : Operation 157 [1/2] ( I:1.23ns O:1.23ns )   --->   "%bnn_top_int_const_unsigned_int_const_int_const_unsigned_int_const_int_co_64 = load i8 %bnn_top_int_const_unsigned_int_const_int_const_unsigned_int_const_int_co_59" [bnn.cpp:102]   --->   Operation 157 'load' 'bnn_top_int_const_unsigned_int_const_int_const_unsigned_int_const_int_co_64' <Predicate = (trunc_ln99_1 == 3)> <Delay = 1.23> <CoreInst = "RAM">   --->   Core 82 'RAM' <Latency = 1> <II = 1> <Delay = 1.23> <Storage> <Opcode : 'load' 'store'> <Ports = 2> <Width = 32> <Depth = 205> <RAM>
ST_12 : Operation 158 [1/2] ( I:1.23ns O:1.23ns )   --->   "%bnn_top_int_const_unsigned_int_const_int_const_unsigned_int_const_int_co_65 = load i8 %bnn_top_int_const_unsigned_int_const_int_const_unsigned_int_const_int_co_60" [bnn.cpp:102]   --->   Operation 158 'load' 'bnn_top_int_const_unsigned_int_const_int_const_unsigned_int_const_int_co_65' <Predicate = (trunc_ln99_1 == 4)> <Delay = 1.23> <CoreInst = "RAM">   --->   Core 82 'RAM' <Latency = 1> <II = 1> <Delay = 1.23> <Storage> <Opcode : 'load' 'store'> <Ports = 2> <Width = 32> <Depth = 205> <RAM>
ST_12 : Operation 159 [1/2] ( I:1.23ns O:1.23ns )   --->   "%bnn_top_int_const_unsigned_int_const_int_const_unsigned_int_const_int_co_66 = load i8 %bnn_top_int_const_unsigned_int_const_int_const_unsigned_int_const_int_co_61" [bnn.cpp:102]   --->   Operation 159 'load' 'bnn_top_int_const_unsigned_int_const_int_const_unsigned_int_const_int_co_66' <Predicate = (trunc_ln99_1 == 0)> <Delay = 1.23> <CoreInst = "RAM">   --->   Core 82 'RAM' <Latency = 1> <II = 1> <Delay = 1.23> <Storage> <Opcode : 'load' 'store'> <Ports = 2> <Width = 32> <Depth = 205> <RAM>
ST_12 : Operation 160 [1/2] ( I:1.23ns O:1.23ns )   --->   "%bnn_top_int_const_unsigned_int_const_int_const_unsigned_int_const_int_co_67 = load i8 %bnn_top_int_const_unsigned_int_const_int_const_unsigned_int_const_int_co_62" [bnn.cpp:102]   --->   Operation 160 'load' 'bnn_top_int_const_unsigned_int_const_int_const_unsigned_int_const_int_co_67' <Predicate = (trunc_ln99_1 == 1)> <Delay = 1.23> <CoreInst = "RAM">   --->   Core 82 'RAM' <Latency = 1> <II = 1> <Delay = 1.23> <Storage> <Opcode : 'load' 'store'> <Ports = 2> <Width = 32> <Depth = 205> <RAM>
ST_12 : Operation 161 [1/2] ( I:1.23ns O:1.23ns )   --->   "%bnn_top_int_const_unsigned_int_const_int_const_unsigned_int_const_int_co_68 = load i8 %bnn_top_int_const_unsigned_int_const_int_const_unsigned_int_const_int_co_63" [bnn.cpp:102]   --->   Operation 161 'load' 'bnn_top_int_const_unsigned_int_const_int_const_unsigned_int_const_int_co_68' <Predicate = (trunc_ln99_1 == 2)> <Delay = 1.23> <CoreInst = "RAM">   --->   Core 82 'RAM' <Latency = 1> <II = 1> <Delay = 1.23> <Storage> <Opcode : 'load' 'store'> <Ports = 2> <Width = 32> <Depth = 205> <RAM>
ST_12 : Operation 162 [1/1] (0.57ns)   --->   "%s3 = sparsemux i32 @_ssdm_op_SparseMux.ap_auto.5i32.i32.i3, i3 3, i32 %bnn_top_int_const_unsigned_int_const_int_const_unsigned_int_const_int_co_64, i3 4, i32 %bnn_top_int_const_unsigned_int_const_int_const_unsigned_int_const_int_co_65, i3 0, i32 %bnn_top_int_const_unsigned_int_const_int_const_unsigned_int_const_int_co_66, i3 1, i32 %bnn_top_int_const_unsigned_int_const_int_const_unsigned_int_const_int_co_67, i3 2, i32 %bnn_top_int_const_unsigned_int_const_int_const_unsigned_int_const_int_co_68, i32 0, i3 %trunc_ln99_1" [bnn.cpp:102]   --->   Operation 162 'sparsemux' 's3' <Predicate = true> <Delay = 0.57> <CoreInst = "BinarySparseMux_DontCare">   --->   Core 149 'BinarySparseMux_DontCare' <Latency = 0> <II = 1> <Delay = 0.57> <FuncUnit> <Opcode : 'sparsemux'> <InPorts = 2> <OutPorts = 1>
ST_12 : Operation 163 [1/1] (1.01ns)   --->   "%icmp_ln103_1 = icmp_sgt  i32 %s2, i32 %m_1" [bnn.cpp:103]   --->   Operation 163 'icmp' 'icmp_ln103_1' <Predicate = true> <Delay = 1.01> <CoreInst = "Cmp">   --->   Core 9 'Cmp' <Latency = 0> <II = 1> <Delay = 1.01> <FuncUnit> <Opcode : 'seteq' 'setne' 'setle' 'setge' 'setlt' 'setgt'> <InPorts = 2> <OutPorts = 1>
ST_12 : Operation 164 [1/1] (0.44ns)   --->   "%m_3 = select i1 %icmp_ln103_1, i32 %s2, i32 %m_1" [bnn.cpp:103]   --->   Operation 164 'select' 'm_3' <Predicate = true> <Delay = 0.44> <CoreInst = "Sel">   --->   Core 73 'Sel' <Latency = 0> <II = 1> <Delay = 0.44> <FuncUnit> <Opcode : 'select'> <InPorts = 3> <OutPorts = 1>
ST_12 : Operation 165 [1/1] (1.01ns)   --->   "%icmp_ln103_2 = icmp_sgt  i32 %s3, i32 %m_3" [bnn.cpp:103]   --->   Operation 165 'icmp' 'icmp_ln103_2' <Predicate = true> <Delay = 1.01> <CoreInst = "Cmp">   --->   Core 9 'Cmp' <Latency = 0> <II = 1> <Delay = 1.01> <FuncUnit> <Opcode : 'seteq' 'setne' 'setle' 'setge' 'setlt' 'setgt'> <InPorts = 2> <OutPorts = 1>
ST_12 : Operation 166 [1/1] (0.00ns) (grouped into LUT with out node icmp_ln104)   --->   "%select_ln103 = select i1 %icmp_ln103_2, i32 %s3, i32 %m_3" [bnn.cpp:103]   --->   Operation 166 'select' 'select_ln103' <Predicate = true> <Delay = 0.00> <CoreInst = "Sel">   --->   Core 73 'Sel' <Latency = 0> <II = 1> <Delay = 0.44> <FuncUnit> <Opcode : 'select'> <InPorts = 3> <OutPorts = 1>
ST_12 : Operation 167 [1/1] (0.00ns) (grouped into LUT with out node icmp_ln104)   --->   "%shl_ln104_1 = bitconcatenate i40 @_ssdm_op_BitConcatenate.i40.i32.i8, i32 %select_ln103, i8 0" [bnn.cpp:104]   --->   Operation 167 'bitconcatenate' 'shl_ln104_1' <Predicate = true> <Delay = 0.00>
ST_12 : Operation 168 [1/1] (1.03ns) (out node of the LUT)   --->   "%icmp_ln104 = icmp_sgt  i40 %shl_ln104_1, i40 %sext_ln104_cast" [bnn.cpp:104]   --->   Operation 168 'icmp' 'icmp_ln104' <Predicate = true> <Delay = 1.03> <CoreInst = "Cmp">   --->   Core 9 'Cmp' <Latency = 0> <II = 1> <Delay = 1.03> <FuncUnit> <Opcode : 'seteq' 'setne' 'setle' 'setge' 'setlt' 'setgt'> <InPorts = 2> <OutPorts = 1>
ST_12 : Operation 169 [1/1] ( I:0.67ns O:0.67ns )   --->   "%store_ln104 = store i1 %icmp_ln104, i9 %bnn_top_int_const_unsigned_int_const_int_const_unsigned_int_const_int_co_27" [bnn.cpp:104]   --->   Operation 169 'store' 'store_ln104' <Predicate = (trunc_ln97 == 6)> <Delay = 0.67> <CoreInst = "RAM">   --->   Core 82 'RAM' <Latency = 1> <II = 1> <Delay = 0.67> <Storage> <Opcode : 'load' 'store'> <Ports = 2> <Width = 1> <Depth = 512> <RAM>
ST_12 : Operation 170 [1/1] (0.00ns)   --->   "%br_ln104 = br void %arrayidx273.exit" [bnn.cpp:104]   --->   Operation 170 'br' 'br_ln104' <Predicate = (trunc_ln97 == 6)> <Delay = 0.00>
ST_12 : Operation 171 [1/1] ( I:0.67ns O:0.67ns )   --->   "%store_ln104 = store i1 %icmp_ln104, i9 %bnn_top_int_const_unsigned_int_const_int_const_unsigned_int_const_int_co_26" [bnn.cpp:104]   --->   Operation 171 'store' 'store_ln104' <Predicate = (trunc_ln97 == 5)> <Delay = 0.67> <CoreInst = "RAM">   --->   Core 82 'RAM' <Latency = 1> <II = 1> <Delay = 0.67> <Storage> <Opcode : 'load' 'store'> <Ports = 2> <Width = 1> <Depth = 512> <RAM>
ST_12 : Operation 172 [1/1] (0.00ns)   --->   "%br_ln104 = br void %arrayidx273.exit" [bnn.cpp:104]   --->   Operation 172 'br' 'br_ln104' <Predicate = (trunc_ln97 == 5)> <Delay = 0.00>
ST_12 : Operation 173 [1/1] ( I:0.67ns O:0.67ns )   --->   "%store_ln104 = store i1 %icmp_ln104, i9 %bnn_top_int_const_unsigned_int_const_int_const_unsigned_int_const_int_co_25" [bnn.cpp:104]   --->   Operation 173 'store' 'store_ln104' <Predicate = (trunc_ln97 == 4)> <Delay = 0.67> <CoreInst = "RAM">   --->   Core 82 'RAM' <Latency = 1> <II = 1> <Delay = 0.67> <Storage> <Opcode : 'load' 'store'> <Ports = 2> <Width = 1> <Depth = 512> <RAM>
ST_12 : Operation 174 [1/1] (0.00ns)   --->   "%br_ln104 = br void %arrayidx273.exit" [bnn.cpp:104]   --->   Operation 174 'br' 'br_ln104' <Predicate = (trunc_ln97 == 4)> <Delay = 0.00>
ST_12 : Operation 175 [1/1] ( I:0.67ns O:0.67ns )   --->   "%store_ln104 = store i1 %icmp_ln104, i9 %bnn_top_int_const_unsigned_int_const_int_const_unsigned_int_const_int_co_24" [bnn.cpp:104]   --->   Operation 175 'store' 'store_ln104' <Predicate = (trunc_ln97 == 3)> <Delay = 0.67> <CoreInst = "RAM">   --->   Core 82 'RAM' <Latency = 1> <II = 1> <Delay = 0.67> <Storage> <Opcode : 'load' 'store'> <Ports = 2> <Width = 1> <Depth = 512> <RAM>
ST_12 : Operation 176 [1/1] (0.00ns)   --->   "%br_ln104 = br void %arrayidx273.exit" [bnn.cpp:104]   --->   Operation 176 'br' 'br_ln104' <Predicate = (trunc_ln97 == 3)> <Delay = 0.00>
ST_12 : Operation 177 [1/1] ( I:0.67ns O:0.67ns )   --->   "%store_ln104 = store i1 %icmp_ln104, i9 %bnn_top_int_const_unsigned_int_const_int_const_unsigned_int_const_int_co_23" [bnn.cpp:104]   --->   Operation 177 'store' 'store_ln104' <Predicate = (trunc_ln97 == 2)> <Delay = 0.67> <CoreInst = "RAM">   --->   Core 82 'RAM' <Latency = 1> <II = 1> <Delay = 0.67> <Storage> <Opcode : 'load' 'store'> <Ports = 2> <Width = 1> <Depth = 512> <RAM>
ST_12 : Operation 178 [1/1] (0.00ns)   --->   "%br_ln104 = br void %arrayidx273.exit" [bnn.cpp:104]   --->   Operation 178 'br' 'br_ln104' <Predicate = (trunc_ln97 == 2)> <Delay = 0.00>
ST_12 : Operation 179 [1/1] ( I:0.67ns O:0.67ns )   --->   "%store_ln104 = store i1 %icmp_ln104, i9 %bnn_top_int_const_unsigned_int_const_int_const_unsigned_int_const_int_co_22" [bnn.cpp:104]   --->   Operation 179 'store' 'store_ln104' <Predicate = (trunc_ln97 == 1)> <Delay = 0.67> <CoreInst = "RAM">   --->   Core 82 'RAM' <Latency = 1> <II = 1> <Delay = 0.67> <Storage> <Opcode : 'load' 'store'> <Ports = 2> <Width = 1> <Depth = 512> <RAM>
ST_12 : Operation 180 [1/1] (0.00ns)   --->   "%br_ln104 = br void %arrayidx273.exit" [bnn.cpp:104]   --->   Operation 180 'br' 'br_ln104' <Predicate = (trunc_ln97 == 1)> <Delay = 0.00>
ST_12 : Operation 181 [1/1] ( I:0.67ns O:0.67ns )   --->   "%store_ln104 = store i1 %icmp_ln104, i9 %bnn_top_int_const_unsigned_int_const_int_const_unsigned_int_const_int_co_21" [bnn.cpp:104]   --->   Operation 181 'store' 'store_ln104' <Predicate = (trunc_ln97 == 0)> <Delay = 0.67> <CoreInst = "RAM">   --->   Core 82 'RAM' <Latency = 1> <II = 1> <Delay = 0.67> <Storage> <Opcode : 'load' 'store'> <Ports = 2> <Width = 1> <Depth = 512> <RAM>
ST_12 : Operation 182 [1/1] (0.00ns)   --->   "%br_ln104 = br void %arrayidx273.exit" [bnn.cpp:104]   --->   Operation 182 'br' 'br_ln104' <Predicate = (trunc_ln97 == 0)> <Delay = 0.00>
ST_12 : Operation 183 [1/1] ( I:0.67ns O:0.67ns )   --->   "%store_ln104 = store i1 %icmp_ln104, i9 %bnn_top_int_const_unsigned_int_const_int_const_unsigned_int_const_int_co_28" [bnn.cpp:104]   --->   Operation 183 'store' 'store_ln104' <Predicate = (trunc_ln97 == 7)> <Delay = 0.67> <CoreInst = "RAM">   --->   Core 82 'RAM' <Latency = 1> <II = 1> <Delay = 0.67> <Storage> <Opcode : 'load' 'store'> <Ports = 2> <Width = 1> <Depth = 512> <RAM>
ST_12 : Operation 184 [1/1] (0.00ns)   --->   "%br_ln104 = br void %arrayidx273.exit" [bnn.cpp:104]   --->   Operation 184 'br' 'br_ln104' <Predicate = (trunc_ln97 == 7)> <Delay = 0.00>


============================================================
+ Verbose Summary: Binding
============================================================
STG Binding: 
---------------- STG Properties BEGIN ----------------
- Is combinational: 0
- Is one-state seq: 0
- Is datapath-only: 0
- Is pipelined: 0
- Is top level: 0
Port [ Return ] is wired: 1; IO mode=ap_ctrl_hs:ce=0
Port [ shl_ln2]:  wired=1; compound=0; hidden=0; nouse=0; global=0; static=0; extern=0; dir=0; type=0; pingpong=0; private_global=0; IO mode=ap_none:ce=0
Port [ sext_ln104]:  wired=1; compound=0; hidden=0; nouse=0; global=0; static=0; extern=0; dir=0; type=0; pingpong=0; private_global=0; IO mode=ap_none:ce=0
Port [ bnn_top_int_const_unsigned_int_const_int_const_unsigned_int_const_int_co_12]:  wired=1; compound=1; hidden=0; nouse=0; global=1; static=1; extern=0; dir=1; type=1; pingpong=0; private_global=0; MemPort=[03]; IO mode=ap_memory:ce=0
Port [ bnn_top_int_const_unsigned_int_const_int_const_unsigned_int_const_int_co_4]:  wired=1; compound=1; hidden=0; nouse=0; global=1; static=1; extern=0; dir=0; type=1; pingpong=0; private_global=0; MemPort=[11]; IO mode=ap_memory:ce=0
Port [ bnn_top_int_const_unsigned_int_const_int_const_unsigned_int_const_int_co_3]:  wired=1; compound=1; hidden=0; nouse=0; global=1; static=1; extern=0; dir=0; type=1; pingpong=0; private_global=0; MemPort=[11]; IO mode=ap_memory:ce=0
Port [ bnn_top_int_const_unsigned_int_const_int_const_unsigned_int_const_int_co_2]:  wired=1; compound=1; hidden=0; nouse=0; global=1; static=1; extern=0; dir=0; type=1; pingpong=0; private_global=0; MemPort=[11]; IO mode=ap_memory:ce=0
Port [ bnn_top_int_const_unsigned_int_const_int_const_unsigned_int_const_int_co_1]:  wired=1; compound=1; hidden=0; nouse=0; global=1; static=1; extern=0; dir=0; type=1; pingpong=0; private_global=0; MemPort=[11]; IO mode=ap_memory:ce=0
Port [ bnn_top_int_const_unsigned_int_const_int_const_unsigned_int_const_int_co]:  wired=1; compound=1; hidden=0; nouse=0; global=1; static=1; extern=0; dir=0; type=1; pingpong=0; private_global=0; MemPort=[11]; IO mode=ap_memory:ce=0
Port [ bnn_top_int_const_unsigned_int_const_int_const_unsigned_int_const_int_co_6]:  wired=1; compound=1; hidden=0; nouse=0; global=1; static=1; extern=0; dir=1; type=1; pingpong=0; private_global=0; MemPort=[03]; IO mode=ap_memory:ce=0
Port [ bnn_top_int_const_unsigned_int_const_int_const_unsigned_int_const_int_co_5]:  wired=1; compound=1; hidden=0; nouse=0; global=1; static=1; extern=0; dir=1; type=1; pingpong=0; private_global=0; MemPort=[03]; IO mode=ap_memory:ce=0
Port [ bnn_top_int_const_unsigned_int_const_int_const_unsigned_int_const_int_co_11]:  wired=1; compound=1; hidden=0; nouse=0; global=1; static=1; extern=0; dir=1; type=1; pingpong=0; private_global=0; MemPort=[03]; IO mode=ap_memory:ce=0
Port [ bnn_top_int_const_unsigned_int_const_int_const_unsigned_int_const_int_co_10]:  wired=1; compound=1; hidden=0; nouse=0; global=1; static=1; extern=0; dir=1; type=1; pingpong=0; private_global=0; MemPort=[03]; IO mode=ap_memory:ce=0
Port [ bnn_top_int_const_unsigned_int_const_int_const_unsigned_int_const_int_co_9]:  wired=1; compound=1; hidden=0; nouse=0; global=1; static=1; extern=0; dir=1; type=1; pingpong=0; private_global=0; MemPort=[03]; IO mode=ap_memory:ce=0
Port [ bnn_top_int_const_unsigned_int_const_int_const_unsigned_int_const_int_co_8]:  wired=1; compound=1; hidden=0; nouse=0; global=1; static=1; extern=0; dir=1; type=1; pingpong=0; private_global=0; MemPort=[03]; IO mode=ap_memory:ce=0
Port [ bnn_top_int_const_unsigned_int_const_int_const_unsigned_int_const_int_co_7]:  wired=1; compound=1; hidden=0; nouse=0; global=1; static=1; extern=0; dir=1; type=1; pingpong=0; private_global=0; MemPort=[03]; IO mode=ap_memory:ce=0
---------------- STG Properties END ------------------

---------------- Datapath Model BEGIN ----------------

<LifeTime>
<method=bitvector/>
pw                                                                          (alloca           ) [ 0100000000000]
ph                                                                          (alloca           ) [ 0100000000000]
indvar_flatten36                                                            (alloca           ) [ 0100000000000]
sext_ln104_read                                                             (read             ) [ 0000000000000]
shl_ln2_read                                                                (read             ) [ 0111111111111]
sext_ln104_cast                                                             (sext             ) [ 0111111111111]
store_ln0                                                                   (store            ) [ 0000000000000]
store_ln96                                                                  (store            ) [ 0000000000000]
store_ln97                                                                  (store            ) [ 0000000000000]
br_ln0                                                                      (br               ) [ 0000000000000]
indvar_flatten36_load                                                       (load             ) [ 0000000000000]
icmp_ln96                                                                   (icmp             ) [ 0111111111110]
add_ln96                                                                    (add              ) [ 0000000000000]
br_ln96                                                                     (br               ) [ 0000000000000]
pw_load                                                                     (load             ) [ 0000000000000]
ph_load                                                                     (load             ) [ 0000000000000]
icmp_ln97                                                                   (icmp             ) [ 0000000000000]
select_ln96                                                                 (select           ) [ 0000000000000]
add_ln96_1                                                                  (add              ) [ 0000000000000]
select_ln96_1                                                               (select           ) [ 0111111111111]
trunc_ln99                                                                  (trunc            ) [ 0111111111110]
shl_ln99                                                                    (shl              ) [ 0000000000000]
zext_ln99                                                                   (zext             ) [ 0000000000000]
trunc_ln97                                                                  (trunc            ) [ 0111111111111]
shl_ln99_1                                                                  (shl              ) [ 0000000000000]
zext_ln99_1                                                                 (zext             ) [ 0000000000000]
add_ln99                                                                    (add              ) [ 0111111111100]
switch_ln104                                                                (switch           ) [ 0000000000000]
add_ln97                                                                    (add              ) [ 0000000000000]
store_ln96                                                                  (store            ) [ 0000000000000]
store_ln96                                                                  (store            ) [ 0000000000000]
store_ln97                                                                  (store            ) [ 0000000000000]
br_ln97                                                                     (br               ) [ 0000000000000]
urem_ln99                                                                   (urem             ) [ 0000000000000]
trunc_ln99_1                                                                (trunc            ) [ 0100000000111]
zext_ln99_2                                                                 (zext             ) [ 0000000000000]
p_shl                                                                       (bitconcatenate   ) [ 0000000000000]
tmp                                                                         (bitconcatenate   ) [ 0000000000000]
zext_ln99_3                                                                 (zext             ) [ 0000000000000]
sub_ln99                                                                    (sub              ) [ 0000000000000]
add_ln99_1                                                                  (add              ) [ 0000000000000]
zext_ln99_5                                                                 (zext             ) [ 0000000000000]
mul_ln99                                                                    (mul              ) [ 0000000000000]
tmp_1                                                                       (partselect       ) [ 0000000000000]
zext_ln99_4                                                                 (zext             ) [ 0000000000000]
bnn_top_int_const_unsigned_int_const_int_const_unsigned_int_const_int_co_29 (getelementptr    ) [ 0100000000010]
bnn_top_int_const_unsigned_int_const_int_const_unsigned_int_const_int_co_30 (getelementptr    ) [ 0100000000010]
bnn_top_int_const_unsigned_int_const_int_const_unsigned_int_const_int_co_31 (getelementptr    ) [ 0100000000010]
bnn_top_int_const_unsigned_int_const_int_const_unsigned_int_const_int_co_32 (getelementptr    ) [ 0100000000010]
bnn_top_int_const_unsigned_int_const_int_const_unsigned_int_const_int_co_33 (getelementptr    ) [ 0100000000010]
add_ln4                                                                     (bitconcatenate   ) [ 0000000000000]
zext_ln100_1                                                                (zext             ) [ 0000000000000]
mul_ln100                                                                   (mul              ) [ 0000000000000]
tmp_2                                                                       (partselect       ) [ 0000000000000]
zext_ln100                                                                  (zext             ) [ 0000000000000]
bnn_top_int_const_unsigned_int_const_int_const_unsigned_int_const_int_co_39 (getelementptr    ) [ 0100000000010]
bnn_top_int_const_unsigned_int_const_int_const_unsigned_int_const_int_co_40 (getelementptr    ) [ 0100000000010]
bnn_top_int_const_unsigned_int_const_int_const_unsigned_int_const_int_co_41 (getelementptr    ) [ 0100000000010]
bnn_top_int_const_unsigned_int_const_int_const_unsigned_int_const_int_co_42 (getelementptr    ) [ 0100000000010]
bnn_top_int_const_unsigned_int_const_int_const_unsigned_int_const_int_co_43 (getelementptr    ) [ 0100000000010]
bnn_top_int_const_unsigned_int_const_int_const_unsigned_int_const_int_co_34 (load             ) [ 0000000000000]
bnn_top_int_const_unsigned_int_const_int_const_unsigned_int_const_int_co_35 (load             ) [ 0000000000000]
bnn_top_int_const_unsigned_int_const_int_const_unsigned_int_const_int_co_36 (load             ) [ 0000000000000]
bnn_top_int_const_unsigned_int_const_int_const_unsigned_int_const_int_co_37 (load             ) [ 0000000000000]
bnn_top_int_const_unsigned_int_const_int_const_unsigned_int_const_int_co_38 (load             ) [ 0000000000000]
s0                                                                          (sparsemux        ) [ 0000000000000]
bnn_top_int_const_unsigned_int_const_int_const_unsigned_int_const_int_co_44 (load             ) [ 0000000000000]
bnn_top_int_const_unsigned_int_const_int_const_unsigned_int_const_int_co_45 (load             ) [ 0000000000000]
bnn_top_int_const_unsigned_int_const_int_const_unsigned_int_const_int_co_46 (load             ) [ 0000000000000]
bnn_top_int_const_unsigned_int_const_int_const_unsigned_int_const_int_co_47 (load             ) [ 0000000000000]
bnn_top_int_const_unsigned_int_const_int_const_unsigned_int_const_int_co_48 (load             ) [ 0000000000000]
s1                                                                          (sparsemux        ) [ 0000000000000]
add_ln5                                                                     (bitconcatenate   ) [ 0000000000000]
zext_ln101_1                                                                (zext             ) [ 0000000000000]
mul_ln101                                                                   (mul              ) [ 0000000000000]
tmp_3                                                                       (partselect       ) [ 0000000000000]
zext_ln101                                                                  (zext             ) [ 0000000000000]
bnn_top_int_const_unsigned_int_const_int_const_unsigned_int_const_int_co_49 (getelementptr    ) [ 0100000000001]
bnn_top_int_const_unsigned_int_const_int_const_unsigned_int_const_int_co_50 (getelementptr    ) [ 0100000000001]
bnn_top_int_const_unsigned_int_const_int_const_unsigned_int_const_int_co_51 (getelementptr    ) [ 0100000000001]
bnn_top_int_const_unsigned_int_const_int_const_unsigned_int_const_int_co_52 (getelementptr    ) [ 0100000000001]
bnn_top_int_const_unsigned_int_const_int_const_unsigned_int_const_int_co_53 (getelementptr    ) [ 0100000000001]
add_ln6                                                                     (bitconcatenate   ) [ 0000000000000]
zext_ln102_1                                                                (zext             ) [ 0000000000000]
mul_ln102                                                                   (mul              ) [ 0000000000000]
tmp_4                                                                       (partselect       ) [ 0000000000000]
zext_ln102                                                                  (zext             ) [ 0000000000000]
bnn_top_int_const_unsigned_int_const_int_const_unsigned_int_const_int_co_59 (getelementptr    ) [ 0100000000001]
bnn_top_int_const_unsigned_int_const_int_const_unsigned_int_const_int_co_60 (getelementptr    ) [ 0100000000001]
bnn_top_int_const_unsigned_int_const_int_const_unsigned_int_const_int_co_61 (getelementptr    ) [ 0100000000001]
bnn_top_int_const_unsigned_int_const_int_const_unsigned_int_const_int_co_62 (getelementptr    ) [ 0100000000001]
bnn_top_int_const_unsigned_int_const_int_const_unsigned_int_const_int_co_63 (getelementptr    ) [ 0100000000001]
icmp_ln103                                                                  (icmp             ) [ 0000000000000]
m_1                                                                         (select           ) [ 0100000000001]
specloopname_ln0                                                            (specloopname     ) [ 0000000000000]
speclooptripcount_ln0                                                       (speclooptripcount) [ 0000000000000]
zext_ln96                                                                   (zext             ) [ 0000000000000]
add_ln104                                                                   (add              ) [ 0000000000000]
zext_ln104                                                                  (zext             ) [ 0000000000000]
bnn_top_int_const_unsigned_int_const_int_const_unsigned_int_const_int_co_21 (getelementptr    ) [ 0000000000000]
bnn_top_int_const_unsigned_int_const_int_const_unsigned_int_const_int_co_22 (getelementptr    ) [ 0000000000000]
bnn_top_int_const_unsigned_int_const_int_const_unsigned_int_const_int_co_23 (getelementptr    ) [ 0000000000000]
bnn_top_int_const_unsigned_int_const_int_const_unsigned_int_const_int_co_24 (getelementptr    ) [ 0000000000000]
bnn_top_int_const_unsigned_int_const_int_const_unsigned_int_const_int_co_25 (getelementptr    ) [ 0000000000000]
bnn_top_int_const_unsigned_int_const_int_const_unsigned_int_const_int_co_26 (getelementptr    ) [ 0000000000000]
bnn_top_int_const_unsigned_int_const_int_const_unsigned_int_const_int_co_27 (getelementptr    ) [ 0000000000000]
bnn_top_int_const_unsigned_int_const_int_const_unsigned_int_const_int_co_28 (getelementptr    ) [ 0000000000000]
specpipeline_ln98                                                           (specpipeline     ) [ 0000000000000]
bnn_top_int_const_unsigned_int_const_int_const_unsigned_int_const_int_co_54 (load             ) [ 0000000000000]
bnn_top_int_const_unsigned_int_const_int_const_unsigned_int_const_int_co_55 (load             ) [ 0000000000000]
bnn_top_int_const_unsigned_int_const_int_const_unsigned_int_const_int_co_56 (load             ) [ 0000000000000]
bnn_top_int_const_unsigned_int_const_int_const_unsigned_int_const_int_co_57 (load             ) [ 0000000000000]
bnn_top_int_const_unsigned_int_const_int_const_unsigned_int_const_int_co_58 (load             ) [ 0000000000000]
s2                                                                          (sparsemux        ) [ 0000000000000]
bnn_top_int_const_unsigned_int_const_int_const_unsigned_int_const_int_co_64 (load             ) [ 0000000000000]
bnn_top_int_const_unsigned_int_const_int_const_unsigned_int_const_int_co_65 (load             ) [ 0000000000000]
bnn_top_int_const_unsigned_int_const_int_const_unsigned_int_const_int_co_66 (load             ) [ 0000000000000]
bnn_top_int_const_unsigned_int_const_int_const_unsigned_int_const_int_co_67 (load             ) [ 0000000000000]
bnn_top_int_const_unsigned_int_const_int_const_unsigned_int_const_int_co_68 (load             ) [ 0000000000000]
s3                                                                          (sparsemux        ) [ 0000000000000]
icmp_ln103_1                                                                (icmp             ) [ 0000000000000]
m_3                                                                         (select           ) [ 0000000000000]
icmp_ln103_2                                                                (icmp             ) [ 0000000000000]
select_ln103                                                                (select           ) [ 0000000000000]
shl_ln104_1                                                                 (bitconcatenate   ) [ 0000000000000]
icmp_ln104                                                                  (icmp             ) [ 0000000000000]
store_ln104                                                                 (store            ) [ 0000000000000]
br_ln104                                                                    (br               ) [ 0000000000000]
store_ln104                                                                 (store            ) [ 0000000000000]
br_ln104                                                                    (br               ) [ 0000000000000]
store_ln104                                                                 (store            ) [ 0000000000000]
br_ln104                                                                    (br               ) [ 0000000000000]
store_ln104                                                                 (store            ) [ 0000000000000]
br_ln104                                                                    (br               ) [ 0000000000000]
store_ln104                                                                 (store            ) [ 0000000000000]
br_ln104                                                                    (br               ) [ 0000000000000]
store_ln104                                                                 (store            ) [ 0000000000000]
br_ln104                                                                    (br               ) [ 0000000000000]
store_ln104                                                                 (store            ) [ 0000000000000]
br_ln104                                                                    (br               ) [ 0000000000000]
store_ln104                                                                 (store            ) [ 0000000000000]
br_ln104                                                                    (br               ) [ 0000000000000]
ret_ln0                                                                     (ret              ) [ 0000000000000]
</LifeTime>

<model>

<comp_list>
<comp id="0" class="1000" name="shl_ln2">
<pin_list>
<pin id="1" dir="1" index="0" bw="1" slack="0"/>
</pin_list>
<bind>
<StgValue><ssdm name="shl_ln2"/></StgValue>
</bind>
</comp>

<comp id="2" class="1000" name="sext_ln104">
<pin_list>
<pin id="3" dir="1" index="0" bw="1" slack="0"/>
</pin_list>
<bind>
<StgValue><ssdm name="sext_ln104"/></StgValue>
</bind>
</comp>

<comp id="4" class="1000" name="bnn_top_int_const_unsigned_int_const_int_const_unsigned_int_const_int_co_12">
<pin_list>
<pin id="5" dir="1" index="0" bw="1" slack="0"/>
</pin_list>
<bind>
<StgValue><ssdm name="bnn_top_int_const_unsigned_int_const_int_const_unsigned_int_const_int_co_12"/><MemPortTyVec>0 3 </MemPortTyVec>
</StgValue>
</bind>
</comp>

<comp id="6" class="1000" name="bnn_top_int_const_unsigned_int_const_int_const_unsigned_int_const_int_co_4">
<pin_list>
<pin id="7" dir="1" index="0" bw="1" slack="0"/>
</pin_list>
<bind>
<StgValue><ssdm name="bnn_top_int_const_unsigned_int_const_int_const_unsigned_int_const_int_co_4"/><MemPortTyVec>1 1 </MemPortTyVec>
</StgValue>
</bind>
</comp>

<comp id="8" class="1000" name="bnn_top_int_const_unsigned_int_const_int_const_unsigned_int_const_int_co_3">
<pin_list>
<pin id="9" dir="1" index="0" bw="1" slack="0"/>
</pin_list>
<bind>
<StgValue><ssdm name="bnn_top_int_const_unsigned_int_const_int_const_unsigned_int_const_int_co_3"/><MemPortTyVec>1 1 </MemPortTyVec>
</StgValue>
</bind>
</comp>

<comp id="10" class="1000" name="bnn_top_int_const_unsigned_int_const_int_const_unsigned_int_const_int_co_2">
<pin_list>
<pin id="11" dir="1" index="0" bw="1" slack="0"/>
</pin_list>
<bind>
<StgValue><ssdm name="bnn_top_int_const_unsigned_int_const_int_const_unsigned_int_const_int_co_2"/><MemPortTyVec>1 1 </MemPortTyVec>
</StgValue>
</bind>
</comp>

<comp id="12" class="1000" name="bnn_top_int_const_unsigned_int_const_int_const_unsigned_int_const_int_co_1">
<pin_list>
<pin id="13" dir="1" index="0" bw="1" slack="0"/>
</pin_list>
<bind>
<StgValue><ssdm name="bnn_top_int_const_unsigned_int_const_int_const_unsigned_int_const_int_co_1"/><MemPortTyVec>1 1 </MemPortTyVec>
</StgValue>
</bind>
</comp>

<comp id="14" class="1000" name="bnn_top_int_const_unsigned_int_const_int_const_unsigned_int_const_int_co">
<pin_list>
<pin id="15" dir="1" index="0" bw="1" slack="0"/>
</pin_list>
<bind>
<StgValue><ssdm name="bnn_top_int_const_unsigned_int_const_int_const_unsigned_int_const_int_co"/><MemPortTyVec>1 1 </MemPortTyVec>
</StgValue>
</bind>
</comp>

<comp id="16" class="1000" name="bnn_top_int_const_unsigned_int_const_int_const_unsigned_int_const_int_co_6">
<pin_list>
<pin id="17" dir="1" index="0" bw="1" slack="0"/>
</pin_list>
<bind>
<StgValue><ssdm name="bnn_top_int_const_unsigned_int_const_int_const_unsigned_int_const_int_co_6"/><MemPortTyVec>0 3 </MemPortTyVec>
</StgValue>
</bind>
</comp>

<comp id="18" class="1000" name="bnn_top_int_const_unsigned_int_const_int_const_unsigned_int_const_int_co_5">
<pin_list>
<pin id="19" dir="1" index="0" bw="1" slack="0"/>
</pin_list>
<bind>
<StgValue><ssdm name="bnn_top_int_const_unsigned_int_const_int_const_unsigned_int_const_int_co_5"/><MemPortTyVec>0 3 </MemPortTyVec>
</StgValue>
</bind>
</comp>

<comp id="20" class="1000" name="bnn_top_int_const_unsigned_int_const_int_const_unsigned_int_const_int_co_11">
<pin_list>
<pin id="21" dir="1" index="0" bw="1" slack="0"/>
</pin_list>
<bind>
<StgValue><ssdm name="bnn_top_int_const_unsigned_int_const_int_const_unsigned_int_const_int_co_11"/><MemPortTyVec>0 3 </MemPortTyVec>
</StgValue>
</bind>
</comp>

<comp id="22" class="1000" name="bnn_top_int_const_unsigned_int_const_int_const_unsigned_int_const_int_co_10">
<pin_list>
<pin id="23" dir="1" index="0" bw="1" slack="0"/>
</pin_list>
<bind>
<StgValue><ssdm name="bnn_top_int_const_unsigned_int_const_int_const_unsigned_int_const_int_co_10"/><MemPortTyVec>0 3 </MemPortTyVec>
</StgValue>
</bind>
</comp>

<comp id="24" class="1000" name="bnn_top_int_const_unsigned_int_const_int_const_unsigned_int_const_int_co_9">
<pin_list>
<pin id="25" dir="1" index="0" bw="1" slack="0"/>
</pin_list>
<bind>
<StgValue><ssdm name="bnn_top_int_const_unsigned_int_const_int_const_unsigned_int_const_int_co_9"/><MemPortTyVec>0 3 </MemPortTyVec>
</StgValue>
</bind>
</comp>

<comp id="26" class="1000" name="bnn_top_int_const_unsigned_int_const_int_const_unsigned_int_const_int_co_8">
<pin_list>
<pin id="27" dir="1" index="0" bw="1" slack="0"/>
</pin_list>
<bind>
<StgValue><ssdm name="bnn_top_int_const_unsigned_int_const_int_const_unsigned_int_const_int_co_8"/><MemPortTyVec>0 3 </MemPortTyVec>
</StgValue>
</bind>
</comp>

<comp id="28" class="1000" name="bnn_top_int_const_unsigned_int_const_int_const_unsigned_int_const_int_co_7">
<pin_list>
<pin id="29" dir="1" index="0" bw="1" slack="0"/>
</pin_list>
<bind>
<StgValue><ssdm name="bnn_top_int_const_unsigned_int_const_int_const_unsigned_int_const_int_co_7"/><MemPortTyVec>0 3 </MemPortTyVec>
</StgValue>
</bind>
</comp>

<comp id="30" class="1001" name="const_30">
<pin_list>
<pin id="31" dir="1" index="0" bw="1" slack="0"/>
</pin_list>
<bind>
<StgValue><ssdm name=""/></StgValue>
</bind>
</comp>

<comp id="32" class="1001" name="const_32">
<pin_list>
<pin id="33" dir="1" index="0" bw="1" slack="0"/>
</pin_list>
<bind>
<StgValue><ssdm name="_ssdm_op_Read.ap_auto.i32"/></StgValue>
</bind>
</comp>

<comp id="34" class="1001" name="const_34">
<pin_list>
<pin id="35" dir="1" index="0" bw="1" slack="0"/>
</pin_list>
<bind>
<StgValue><ssdm name="_ssdm_op_Read.ap_auto.i9"/></StgValue>
</bind>
</comp>

<comp id="36" class="1001" name="const_36">
<pin_list>
<pin id="37" dir="1" index="0" bw="1" slack="0"/>
</pin_list>
<bind>
<StgValue><ssdm name=""/></StgValue>
</bind>
</comp>

<comp id="38" class="1001" name="const_38">
<pin_list>
<pin id="39" dir="1" index="0" bw="1" slack="0"/>
</pin_list>
<bind>
<StgValue><ssdm name=""/></StgValue>
</bind>
</comp>

<comp id="40" class="1001" name="const_40">
<pin_list>
<pin id="41" dir="1" index="0" bw="1" slack="0"/>
</pin_list>
<bind>
<StgValue><ssdm name=""/></StgValue>
</bind>
</comp>

<comp id="42" class="1001" name="const_42">
<pin_list>
<pin id="43" dir="1" index="0" bw="1" slack="0"/>
</pin_list>
<bind>
<StgValue><ssdm name=""/></StgValue>
</bind>
</comp>

<comp id="44" class="1001" name="const_44">
<pin_list>
<pin id="45" dir="1" index="0" bw="1" slack="0"/>
</pin_list>
<bind>
<StgValue><ssdm name=""/></StgValue>
</bind>
</comp>

<comp id="46" class="1001" name="const_46">
<pin_list>
<pin id="47" dir="1" index="0" bw="1" slack="0"/>
</pin_list>
<bind>
<StgValue><ssdm name=""/></StgValue>
</bind>
</comp>

<comp id="48" class="1001" name="const_48">
<pin_list>
<pin id="49" dir="1" index="0" bw="1" slack="0"/>
</pin_list>
<bind>
<StgValue><ssdm name=""/></StgValue>
</bind>
</comp>

<comp id="50" class="1001" name="const_50">
<pin_list>
<pin id="51" dir="1" index="0" bw="1" slack="0"/>
</pin_list>
<bind>
<StgValue><ssdm name=""/></StgValue>
</bind>
</comp>

<comp id="52" class="1001" name="const_52">
<pin_list>
<pin id="53" dir="1" index="0" bw="1" slack="0"/>
</pin_list>
<bind>
<StgValue><ssdm name=""/></StgValue>
</bind>
</comp>

<comp id="54" class="1001" name="const_54">
<pin_list>
<pin id="55" dir="1" index="0" bw="1" slack="0"/>
</pin_list>
<bind>
<StgValue><ssdm name=""/></StgValue>
</bind>
</comp>

<comp id="56" class="1001" name="const_56">
<pin_list>
<pin id="57" dir="1" index="0" bw="1" slack="0"/>
</pin_list>
<bind>
<StgValue><ssdm name=""/></StgValue>
</bind>
</comp>

<comp id="58" class="1001" name="const_58">
<pin_list>
<pin id="59" dir="1" index="0" bw="1" slack="0"/>
</pin_list>
<bind>
<StgValue><ssdm name=""/></StgValue>
</bind>
</comp>

<comp id="60" class="1001" name="const_60">
<pin_list>
<pin id="61" dir="1" index="0" bw="1" slack="0"/>
</pin_list>
<bind>
<StgValue><ssdm name=""/></StgValue>
</bind>
</comp>

<comp id="62" class="1001" name="const_62">
<pin_list>
<pin id="63" dir="1" index="0" bw="1" slack="0"/>
</pin_list>
<bind>
<StgValue><ssdm name=""/></StgValue>
</bind>
</comp>

<comp id="64" class="1001" name="const_64">
<pin_list>
<pin id="65" dir="1" index="0" bw="1" slack="0"/>
</pin_list>
<bind>
<StgValue><ssdm name="_ssdm_op_BitConcatenate.i8.i3.i5"/></StgValue>
</bind>
</comp>

<comp id="66" class="1001" name="const_66">
<pin_list>
<pin id="67" dir="1" index="0" bw="1" slack="0"/>
</pin_list>
<bind>
<StgValue><ssdm name=""/></StgValue>
</bind>
</comp>

<comp id="68" class="1001" name="const_68">
<pin_list>
<pin id="69" dir="1" index="0" bw="1" slack="0"/>
</pin_list>
<bind>
<StgValue><ssdm name="_ssdm_op_BitConcatenate.i5.i4.i1"/></StgValue>
</bind>
</comp>

<comp id="70" class="1001" name="const_70">
<pin_list>
<pin id="71" dir="1" index="0" bw="1" slack="0"/>
</pin_list>
<bind>
<StgValue><ssdm name=""/></StgValue>
</bind>
</comp>

<comp id="72" class="1001" name="const_72">
<pin_list>
<pin id="73" dir="1" index="0" bw="1" slack="0"/>
</pin_list>
<bind>
<StgValue><ssdm name=""/></StgValue>
</bind>
</comp>

<comp id="74" class="1001" name="const_74">
<pin_list>
<pin id="75" dir="1" index="0" bw="1" slack="0"/>
</pin_list>
<bind>
<StgValue><ssdm name="_ssdm_op_PartSelect.i6.i17.i32.i32"/></StgValue>
</bind>
</comp>

<comp id="76" class="1001" name="const_76">
<pin_list>
<pin id="77" dir="1" index="0" bw="1" slack="0"/>
</pin_list>
<bind>
<StgValue><ssdm name=""/></StgValue>
</bind>
</comp>

<comp id="78" class="1001" name="const_78">
<pin_list>
<pin id="79" dir="1" index="0" bw="1" slack="0"/>
</pin_list>
<bind>
<StgValue><ssdm name=""/></StgValue>
</bind>
</comp>

<comp id="80" class="1001" name="const_80">
<pin_list>
<pin id="81" dir="1" index="0" bw="1" slack="0"/>
</pin_list>
<bind>
<StgValue><ssdm name=""/></StgValue>
</bind>
</comp>

<comp id="82" class="1001" name="const_82">
<pin_list>
<pin id="83" dir="1" index="0" bw="1" slack="0"/>
</pin_list>
<bind>
<StgValue><ssdm name="_ssdm_op_BitConcatenate.i8.i3.i1.i3.i1"/></StgValue>
</bind>
</comp>

<comp id="84" class="1001" name="const_84">
<pin_list>
<pin id="85" dir="1" index="0" bw="1" slack="0"/>
</pin_list>
<bind>
<StgValue><ssdm name=""/></StgValue>
</bind>
</comp>

<comp id="86" class="1001" name="const_86">
<pin_list>
<pin id="87" dir="1" index="0" bw="1" slack="0"/>
</pin_list>
<bind>
<StgValue><ssdm name="_ssdm_op_SparseMux.ap_auto.5i32.i32.i3"/></StgValue>
</bind>
</comp>

<comp id="88" class="1001" name="const_88">
<pin_list>
<pin id="89" dir="1" index="0" bw="1" slack="0"/>
</pin_list>
<bind>
<StgValue><ssdm name=""/></StgValue>
</bind>
</comp>

<comp id="90" class="1001" name="const_90">
<pin_list>
<pin id="91" dir="1" index="0" bw="1" slack="2147483647"/>
</pin_list>
<bind>
<StgValue><ssdm name="_ssdm_op_SpecLoopName"/></StgValue>
</bind>
</comp>

<comp id="92" class="1001" name="const_92">
<pin_list>
<pin id="93" dir="1" index="0" bw="1" slack="2147483647"/>
</pin_list>
<bind>
<StgValue><ssdm name="VITIS_LOOP_96_14_VITIS_LOOP_97_15_str"/></StgValue>
</bind>
</comp>

<comp id="94" class="1001" name="const_94">
<pin_list>
<pin id="95" dir="1" index="0" bw="1" slack="2147483647"/>
</pin_list>
<bind>
<StgValue><ssdm name="_ssdm_op_SpecLoopTripCount"/></StgValue>
</bind>
</comp>

<comp id="96" class="1001" name="const_96">
<pin_list>
<pin id="97" dir="1" index="0" bw="1" slack="2147483647"/>
</pin_list>
<bind>
<StgValue><ssdm name=""/></StgValue>
</bind>
</comp>

<comp id="98" class="1001" name="const_98">
<pin_list>
<pin id="99" dir="1" index="0" bw="1" slack="2147483647"/>
</pin_list>
<bind>
<StgValue><ssdm name="_ssdm_op_SpecPipeline"/></StgValue>
</bind>
</comp>

<comp id="100" class="1001" name="const_100">
<pin_list>
<pin id="101" dir="1" index="0" bw="1" slack="2147483647"/>
</pin_list>
<bind>
<StgValue><ssdm name=""/></StgValue>
</bind>
</comp>

<comp id="102" class="1001" name="const_102">
<pin_list>
<pin id="103" dir="1" index="0" bw="1" slack="2147483647"/>
</pin_list>
<bind>
<StgValue><ssdm name=""/></StgValue>
</bind>
</comp>

<comp id="104" class="1001" name="const_104">
<pin_list>
<pin id="105" dir="1" index="0" bw="1" slack="2147483647"/>
</pin_list>
<bind>
<StgValue><ssdm name="empty_2"/></StgValue>
</bind>
</comp>

<comp id="106" class="1001" name="const_106">
<pin_list>
<pin id="107" dir="1" index="0" bw="1" slack="0"/>
</pin_list>
<bind>
<StgValue><ssdm name="_ssdm_op_BitConcatenate.i40.i32.i8"/></StgValue>
</bind>
</comp>

<comp id="108" class="1001" name="const_108">
<pin_list>
<pin id="109" dir="1" index="0" bw="1" slack="0"/>
</pin_list>
<bind>
<StgValue><ssdm name=""/></StgValue>
</bind>
</comp>

<comp id="110" class="1004" name="pw_fu_110">
<pin_list>
<pin id="111" dir="0" index="0" bw="1" slack="0"/>
<pin id="112" dir="1" index="1" bw="4" slack="0"/>
</pin_list>
<bind>
<opcode="alloca(26) " fcode="alloca"/>
<opset="pw/1 "/>
</bind>
</comp>

<comp id="114" class="1004" name="ph_fu_114">
<pin_list>
<pin id="115" dir="0" index="0" bw="1" slack="0"/>
<pin id="116" dir="1" index="1" bw="4" slack="0"/>
</pin_list>
<bind>
<opcode="alloca(26) " fcode="alloca"/>
<opset="ph/1 "/>
</bind>
</comp>

<comp id="118" class="1004" name="indvar_flatten36_fu_118">
<pin_list>
<pin id="119" dir="0" index="0" bw="1" slack="0"/>
<pin id="120" dir="1" index="1" bw="7" slack="0"/>
</pin_list>
<bind>
<opcode="alloca(26) " fcode="alloca"/>
<opset="indvar_flatten36/1 "/>
</bind>
</comp>

<comp id="122" class="1004" name="sext_ln104_read_read_fu_122">
<pin_list>
<pin id="123" dir="0" index="0" bw="32" slack="0"/>
<pin id="124" dir="0" index="1" bw="32" slack="0"/>
<pin id="125" dir="1" index="2" bw="32" slack="0"/>
</pin_list>
<bind>
<opcode="read(1150) " fcode="read"/>
<opset="sext_ln104_read/1 "/>
</bind>
</comp>

<comp id="128" class="1004" name="shl_ln2_read_read_fu_128">
<pin_list>
<pin id="129" dir="0" index="0" bw="9" slack="0"/>
<pin id="130" dir="0" index="1" bw="9" slack="0"/>
<pin id="131" dir="1" index="2" bw="9" slack="11"/>
</pin_list>
<bind>
<opcode="read(1150) " fcode="read"/>
<opset="shl_ln2_read/1 "/>
</bind>
</comp>

<comp id="134" class="1004" name="bnn_top_int_const_unsigned_int_const_int_const_unsigned_int_const_int_co_29_gep_fu_134">
<pin_list>
<pin id="135" dir="0" index="0" bw="32" slack="0"/>
<pin id="136" dir="0" index="1" bw="1" slack="0"/>
<pin id="137" dir="0" index="2" bw="6" slack="0"/>
<pin id="138" dir="1" index="3" bw="8" slack="0"/>
</pin_list>
<bind>
<opcode="getelementptr(29) " fcode="getelementptr"/>
<opset="bnn_top_int_const_unsigned_int_const_int_const_unsigned_int_const_int_co_29/10 "/>
</bind>
</comp>

<comp id="141" class="1004" name="bnn_top_int_const_unsigned_int_const_int_const_unsigned_int_const_int_co_30_gep_fu_141">
<pin_list>
<pin id="142" dir="0" index="0" bw="32" slack="0"/>
<pin id="143" dir="0" index="1" bw="1" slack="0"/>
<pin id="144" dir="0" index="2" bw="6" slack="0"/>
<pin id="145" dir="1" index="3" bw="8" slack="0"/>
</pin_list>
<bind>
<opcode="getelementptr(29) " fcode="getelementptr"/>
<opset="bnn_top_int_const_unsigned_int_const_int_const_unsigned_int_const_int_co_30/10 "/>
</bind>
</comp>

<comp id="148" class="1004" name="bnn_top_int_const_unsigned_int_const_int_const_unsigned_int_const_int_co_31_gep_fu_148">
<pin_list>
<pin id="149" dir="0" index="0" bw="32" slack="0"/>
<pin id="150" dir="0" index="1" bw="1" slack="0"/>
<pin id="151" dir="0" index="2" bw="6" slack="0"/>
<pin id="152" dir="1" index="3" bw="8" slack="0"/>
</pin_list>
<bind>
<opcode="getelementptr(29) " fcode="getelementptr"/>
<opset="bnn_top_int_const_unsigned_int_const_int_const_unsigned_int_const_int_co_31/10 "/>
</bind>
</comp>

<comp id="155" class="1004" name="bnn_top_int_const_unsigned_int_const_int_const_unsigned_int_const_int_co_32_gep_fu_155">
<pin_list>
<pin id="156" dir="0" index="0" bw="32" slack="0"/>
<pin id="157" dir="0" index="1" bw="1" slack="0"/>
<pin id="158" dir="0" index="2" bw="6" slack="0"/>
<pin id="159" dir="1" index="3" bw="8" slack="0"/>
</pin_list>
<bind>
<opcode="getelementptr(29) " fcode="getelementptr"/>
<opset="bnn_top_int_const_unsigned_int_const_int_const_unsigned_int_const_int_co_32/10 "/>
</bind>
</comp>

<comp id="162" class="1004" name="bnn_top_int_const_unsigned_int_const_int_const_unsigned_int_const_int_co_33_gep_fu_162">
<pin_list>
<pin id="163" dir="0" index="0" bw="32" slack="0"/>
<pin id="164" dir="0" index="1" bw="1" slack="0"/>
<pin id="165" dir="0" index="2" bw="6" slack="0"/>
<pin id="166" dir="1" index="3" bw="8" slack="0"/>
</pin_list>
<bind>
<opcode="getelementptr(29) " fcode="getelementptr"/>
<opset="bnn_top_int_const_unsigned_int_const_int_const_unsigned_int_const_int_co_33/10 "/>
</bind>
</comp>

<comp id="169" class="1004" name="grp_access_fu_169">
<pin_list>
<pin id="170" dir="0" index="0" bw="8" slack="0"/>
<pin id="171" dir="0" index="1" bw="32" slack="2147483647"/>
<pin id="172" dir="0" index="2" bw="0" slack="0"/>
<pin id="174" dir="0" index="4" bw="8" slack="2147483647"/>
<pin id="175" dir="0" index="5" bw="32" slack="2147483647"/>
<pin id="176" dir="0" index="6" bw="0" slack="2147483647"/>
<pin id="173" dir="1" index="3" bw="32" slack="0"/>
<pin id="177" dir="1" index="7" bw="32" slack="0"/>
</pin_list>
<bind>
<opcode="load(27) " fcode="load"/>
<opset="bnn_top_int_const_unsigned_int_const_int_const_unsigned_int_const_int_co_34/10 bnn_top_int_const_unsigned_int_const_int_const_unsigned_int_const_int_co_44/10 bnn_top_int_const_unsigned_int_const_int_const_unsigned_int_const_int_co_54/11 bnn_top_int_const_unsigned_int_const_int_const_unsigned_int_const_int_co_64/11 "/>
</bind>
</comp>

<comp id="179" class="1004" name="grp_access_fu_179">
<pin_list>
<pin id="180" dir="0" index="0" bw="8" slack="0"/>
<pin id="181" dir="0" index="1" bw="32" slack="2147483647"/>
<pin id="182" dir="0" index="2" bw="0" slack="0"/>
<pin id="184" dir="0" index="4" bw="8" slack="2147483647"/>
<pin id="185" dir="0" index="5" bw="32" slack="2147483647"/>
<pin id="186" dir="0" index="6" bw="0" slack="2147483647"/>
<pin id="183" dir="1" index="3" bw="32" slack="0"/>
<pin id="187" dir="1" index="7" bw="32" slack="0"/>
</pin_list>
<bind>
<opcode="load(27) " fcode="load"/>
<opset="bnn_top_int_const_unsigned_int_const_int_const_unsigned_int_const_int_co_35/10 bnn_top_int_const_unsigned_int_const_int_const_unsigned_int_const_int_co_45/10 bnn_top_int_const_unsigned_int_const_int_const_unsigned_int_const_int_co_55/11 bnn_top_int_const_unsigned_int_const_int_const_unsigned_int_const_int_co_65/11 "/>
</bind>
</comp>

<comp id="189" class="1004" name="grp_access_fu_189">
<pin_list>
<pin id="190" dir="0" index="0" bw="8" slack="0"/>
<pin id="191" dir="0" index="1" bw="32" slack="2147483647"/>
<pin id="192" dir="0" index="2" bw="0" slack="0"/>
<pin id="194" dir="0" index="4" bw="8" slack="2147483647"/>
<pin id="195" dir="0" index="5" bw="32" slack="2147483647"/>
<pin id="196" dir="0" index="6" bw="0" slack="2147483647"/>
<pin id="193" dir="1" index="3" bw="32" slack="0"/>
<pin id="197" dir="1" index="7" bw="32" slack="0"/>
</pin_list>
<bind>
<opcode="load(27) " fcode="load"/>
<opset="bnn_top_int_const_unsigned_int_const_int_const_unsigned_int_const_int_co_36/10 bnn_top_int_const_unsigned_int_const_int_const_unsigned_int_const_int_co_46/10 bnn_top_int_const_unsigned_int_const_int_const_unsigned_int_const_int_co_56/11 bnn_top_int_const_unsigned_int_const_int_const_unsigned_int_const_int_co_66/11 "/>
</bind>
</comp>

<comp id="199" class="1004" name="grp_access_fu_199">
<pin_list>
<pin id="200" dir="0" index="0" bw="8" slack="0"/>
<pin id="201" dir="0" index="1" bw="32" slack="2147483647"/>
<pin id="202" dir="0" index="2" bw="0" slack="0"/>
<pin id="204" dir="0" index="4" bw="8" slack="2147483647"/>
<pin id="205" dir="0" index="5" bw="32" slack="2147483647"/>
<pin id="206" dir="0" index="6" bw="0" slack="2147483647"/>
<pin id="203" dir="1" index="3" bw="32" slack="0"/>
<pin id="207" dir="1" index="7" bw="32" slack="0"/>
</pin_list>
<bind>
<opcode="load(27) " fcode="load"/>
<opset="bnn_top_int_const_unsigned_int_const_int_const_unsigned_int_const_int_co_37/10 bnn_top_int_const_unsigned_int_const_int_const_unsigned_int_const_int_co_47/10 bnn_top_int_const_unsigned_int_const_int_const_unsigned_int_const_int_co_57/11 bnn_top_int_const_unsigned_int_const_int_const_unsigned_int_const_int_co_67/11 "/>
</bind>
</comp>

<comp id="209" class="1004" name="grp_access_fu_209">
<pin_list>
<pin id="210" dir="0" index="0" bw="8" slack="0"/>
<pin id="211" dir="0" index="1" bw="32" slack="2147483647"/>
<pin id="212" dir="0" index="2" bw="0" slack="0"/>
<pin id="214" dir="0" index="4" bw="8" slack="2147483647"/>
<pin id="215" dir="0" index="5" bw="32" slack="2147483647"/>
<pin id="216" dir="0" index="6" bw="0" slack="2147483647"/>
<pin id="213" dir="1" index="3" bw="32" slack="0"/>
<pin id="217" dir="1" index="7" bw="32" slack="0"/>
</pin_list>
<bind>
<opcode="load(27) " fcode="load"/>
<opset="bnn_top_int_const_unsigned_int_const_int_const_unsigned_int_const_int_co_38/10 bnn_top_int_const_unsigned_int_const_int_const_unsigned_int_const_int_co_48/10 bnn_top_int_const_unsigned_int_const_int_const_unsigned_int_const_int_co_58/11 bnn_top_int_const_unsigned_int_const_int_const_unsigned_int_const_int_co_68/11 "/>
</bind>
</comp>

<comp id="219" class="1004" name="bnn_top_int_const_unsigned_int_const_int_const_unsigned_int_const_int_co_39_gep_fu_219">
<pin_list>
<pin id="220" dir="0" index="0" bw="32" slack="0"/>
<pin id="221" dir="0" index="1" bw="1" slack="0"/>
<pin id="222" dir="0" index="2" bw="6" slack="0"/>
<pin id="223" dir="1" index="3" bw="8" slack="0"/>
</pin_list>
<bind>
<opcode="getelementptr(29) " fcode="getelementptr"/>
<opset="bnn_top_int_const_unsigned_int_const_int_const_unsigned_int_const_int_co_39/10 "/>
</bind>
</comp>

<comp id="226" class="1004" name="bnn_top_int_const_unsigned_int_const_int_const_unsigned_int_const_int_co_40_gep_fu_226">
<pin_list>
<pin id="227" dir="0" index="0" bw="32" slack="0"/>
<pin id="228" dir="0" index="1" bw="1" slack="0"/>
<pin id="229" dir="0" index="2" bw="6" slack="0"/>
<pin id="230" dir="1" index="3" bw="8" slack="0"/>
</pin_list>
<bind>
<opcode="getelementptr(29) " fcode="getelementptr"/>
<opset="bnn_top_int_const_unsigned_int_const_int_const_unsigned_int_const_int_co_40/10 "/>
</bind>
</comp>

<comp id="233" class="1004" name="bnn_top_int_const_unsigned_int_const_int_const_unsigned_int_const_int_co_41_gep_fu_233">
<pin_list>
<pin id="234" dir="0" index="0" bw="32" slack="0"/>
<pin id="235" dir="0" index="1" bw="1" slack="0"/>
<pin id="236" dir="0" index="2" bw="6" slack="0"/>
<pin id="237" dir="1" index="3" bw="8" slack="0"/>
</pin_list>
<bind>
<opcode="getelementptr(29) " fcode="getelementptr"/>
<opset="bnn_top_int_const_unsigned_int_const_int_const_unsigned_int_const_int_co_41/10 "/>
</bind>
</comp>

<comp id="240" class="1004" name="bnn_top_int_const_unsigned_int_const_int_const_unsigned_int_const_int_co_42_gep_fu_240">
<pin_list>
<pin id="241" dir="0" index="0" bw="32" slack="0"/>
<pin id="242" dir="0" index="1" bw="1" slack="0"/>
<pin id="243" dir="0" index="2" bw="6" slack="0"/>
<pin id="244" dir="1" index="3" bw="8" slack="0"/>
</pin_list>
<bind>
<opcode="getelementptr(29) " fcode="getelementptr"/>
<opset="bnn_top_int_const_unsigned_int_const_int_const_unsigned_int_const_int_co_42/10 "/>
</bind>
</comp>

<comp id="247" class="1004" name="bnn_top_int_const_unsigned_int_const_int_const_unsigned_int_const_int_co_43_gep_fu_247">
<pin_list>
<pin id="248" dir="0" index="0" bw="32" slack="0"/>
<pin id="249" dir="0" index="1" bw="1" slack="0"/>
<pin id="250" dir="0" index="2" bw="6" slack="0"/>
<pin id="251" dir="1" index="3" bw="8" slack="0"/>
</pin_list>
<bind>
<opcode="getelementptr(29) " fcode="getelementptr"/>
<opset="bnn_top_int_const_unsigned_int_const_int_const_unsigned_int_const_int_co_43/10 "/>
</bind>
</comp>

<comp id="259" class="1004" name="bnn_top_int_const_unsigned_int_const_int_const_unsigned_int_const_int_co_49_gep_fu_259">
<pin_list>
<pin id="260" dir="0" index="0" bw="32" slack="0"/>
<pin id="261" dir="0" index="1" bw="1" slack="0"/>
<pin id="262" dir="0" index="2" bw="6" slack="0"/>
<pin id="263" dir="1" index="3" bw="8" slack="0"/>
</pin_list>
<bind>
<opcode="getelementptr(29) " fcode="getelementptr"/>
<opset="bnn_top_int_const_unsigned_int_const_int_const_unsigned_int_const_int_co_49/11 "/>
</bind>
</comp>

<comp id="266" class="1004" name="bnn_top_int_const_unsigned_int_const_int_const_unsigned_int_const_int_co_50_gep_fu_266">
<pin_list>
<pin id="267" dir="0" index="0" bw="32" slack="0"/>
<pin id="268" dir="0" index="1" bw="1" slack="0"/>
<pin id="269" dir="0" index="2" bw="6" slack="0"/>
<pin id="270" dir="1" index="3" bw="8" slack="0"/>
</pin_list>
<bind>
<opcode="getelementptr(29) " fcode="getelementptr"/>
<opset="bnn_top_int_const_unsigned_int_const_int_const_unsigned_int_const_int_co_50/11 "/>
</bind>
</comp>

<comp id="273" class="1004" name="bnn_top_int_const_unsigned_int_const_int_const_unsigned_int_const_int_co_51_gep_fu_273">
<pin_list>
<pin id="274" dir="0" index="0" bw="32" slack="0"/>
<pin id="275" dir="0" index="1" bw="1" slack="0"/>
<pin id="276" dir="0" index="2" bw="6" slack="0"/>
<pin id="277" dir="1" index="3" bw="8" slack="0"/>
</pin_list>
<bind>
<opcode="getelementptr(29) " fcode="getelementptr"/>
<opset="bnn_top_int_const_unsigned_int_const_int_const_unsigned_int_const_int_co_51/11 "/>
</bind>
</comp>

<comp id="280" class="1004" name="bnn_top_int_const_unsigned_int_const_int_const_unsigned_int_const_int_co_52_gep_fu_280">
<pin_list>
<pin id="281" dir="0" index="0" bw="32" slack="0"/>
<pin id="282" dir="0" index="1" bw="1" slack="0"/>
<pin id="283" dir="0" index="2" bw="6" slack="0"/>
<pin id="284" dir="1" index="3" bw="8" slack="0"/>
</pin_list>
<bind>
<opcode="getelementptr(29) " fcode="getelementptr"/>
<opset="bnn_top_int_const_unsigned_int_const_int_const_unsigned_int_const_int_co_52/11 "/>
</bind>
</comp>

<comp id="287" class="1004" name="bnn_top_int_const_unsigned_int_const_int_const_unsigned_int_const_int_co_53_gep_fu_287">
<pin_list>
<pin id="288" dir="0" index="0" bw="32" slack="0"/>
<pin id="289" dir="0" index="1" bw="1" slack="0"/>
<pin id="290" dir="0" index="2" bw="6" slack="0"/>
<pin id="291" dir="1" index="3" bw="8" slack="0"/>
</pin_list>
<bind>
<opcode="getelementptr(29) " fcode="getelementptr"/>
<opset="bnn_top_int_const_unsigned_int_const_int_const_unsigned_int_const_int_co_53/11 "/>
</bind>
</comp>

<comp id="299" class="1004" name="bnn_top_int_const_unsigned_int_const_int_const_unsigned_int_const_int_co_59_gep_fu_299">
<pin_list>
<pin id="300" dir="0" index="0" bw="32" slack="0"/>
<pin id="301" dir="0" index="1" bw="1" slack="0"/>
<pin id="302" dir="0" index="2" bw="6" slack="0"/>
<pin id="303" dir="1" index="3" bw="8" slack="0"/>
</pin_list>
<bind>
<opcode="getelementptr(29) " fcode="getelementptr"/>
<opset="bnn_top_int_const_unsigned_int_const_int_const_unsigned_int_const_int_co_59/11 "/>
</bind>
</comp>

<comp id="306" class="1004" name="bnn_top_int_const_unsigned_int_const_int_const_unsigned_int_const_int_co_60_gep_fu_306">
<pin_list>
<pin id="307" dir="0" index="0" bw="32" slack="0"/>
<pin id="308" dir="0" index="1" bw="1" slack="0"/>
<pin id="309" dir="0" index="2" bw="6" slack="0"/>
<pin id="310" dir="1" index="3" bw="8" slack="0"/>
</pin_list>
<bind>
<opcode="getelementptr(29) " fcode="getelementptr"/>
<opset="bnn_top_int_const_unsigned_int_const_int_const_unsigned_int_const_int_co_60/11 "/>
</bind>
</comp>

<comp id="313" class="1004" name="bnn_top_int_const_unsigned_int_const_int_const_unsigned_int_const_int_co_61_gep_fu_313">
<pin_list>
<pin id="314" dir="0" index="0" bw="32" slack="0"/>
<pin id="315" dir="0" index="1" bw="1" slack="0"/>
<pin id="316" dir="0" index="2" bw="6" slack="0"/>
<pin id="317" dir="1" index="3" bw="8" slack="0"/>
</pin_list>
<bind>
<opcode="getelementptr(29) " fcode="getelementptr"/>
<opset="bnn_top_int_const_unsigned_int_const_int_const_unsigned_int_const_int_co_61/11 "/>
</bind>
</comp>

<comp id="320" class="1004" name="bnn_top_int_const_unsigned_int_const_int_const_unsigned_int_const_int_co_62_gep_fu_320">
<pin_list>
<pin id="321" dir="0" index="0" bw="32" slack="0"/>
<pin id="322" dir="0" index="1" bw="1" slack="0"/>
<pin id="323" dir="0" index="2" bw="6" slack="0"/>
<pin id="324" dir="1" index="3" bw="8" slack="0"/>
</pin_list>
<bind>
<opcode="getelementptr(29) " fcode="getelementptr"/>
<opset="bnn_top_int_const_unsigned_int_const_int_const_unsigned_int_const_int_co_62/11 "/>
</bind>
</comp>

<comp id="327" class="1004" name="bnn_top_int_const_unsigned_int_const_int_const_unsigned_int_const_int_co_63_gep_fu_327">
<pin_list>
<pin id="328" dir="0" index="0" bw="32" slack="0"/>
<pin id="329" dir="0" index="1" bw="1" slack="0"/>
<pin id="330" dir="0" index="2" bw="6" slack="0"/>
<pin id="331" dir="1" index="3" bw="8" slack="0"/>
</pin_list>
<bind>
<opcode="getelementptr(29) " fcode="getelementptr"/>
<opset="bnn_top_int_const_unsigned_int_const_int_const_unsigned_int_const_int_co_63/11 "/>
</bind>
</comp>

<comp id="339" class="1004" name="bnn_top_int_const_unsigned_int_const_int_const_unsigned_int_const_int_co_21_gep_fu_339">
<pin_list>
<pin id="340" dir="0" index="0" bw="1" slack="0"/>
<pin id="341" dir="0" index="1" bw="1" slack="0"/>
<pin id="342" dir="0" index="2" bw="9" slack="0"/>
<pin id="343" dir="1" index="3" bw="9" slack="0"/>
</pin_list>
<bind>
<opcode="getelementptr(29) " fcode="getelementptr"/>
<opset="bnn_top_int_const_unsigned_int_const_int_const_unsigned_int_const_int_co_21/12 "/>
</bind>
</comp>

<comp id="346" class="1004" name="bnn_top_int_const_unsigned_int_const_int_const_unsigned_int_const_int_co_22_gep_fu_346">
<pin_list>
<pin id="347" dir="0" index="0" bw="1" slack="0"/>
<pin id="348" dir="0" index="1" bw="1" slack="0"/>
<pin id="349" dir="0" index="2" bw="9" slack="0"/>
<pin id="350" dir="1" index="3" bw="9" slack="0"/>
</pin_list>
<bind>
<opcode="getelementptr(29) " fcode="getelementptr"/>
<opset="bnn_top_int_const_unsigned_int_const_int_const_unsigned_int_const_int_co_22/12 "/>
</bind>
</comp>

<comp id="353" class="1004" name="bnn_top_int_const_unsigned_int_const_int_const_unsigned_int_const_int_co_23_gep_fu_353">
<pin_list>
<pin id="354" dir="0" index="0" bw="1" slack="0"/>
<pin id="355" dir="0" index="1" bw="1" slack="0"/>
<pin id="356" dir="0" index="2" bw="9" slack="0"/>
<pin id="357" dir="1" index="3" bw="9" slack="0"/>
</pin_list>
<bind>
<opcode="getelementptr(29) " fcode="getelementptr"/>
<opset="bnn_top_int_const_unsigned_int_const_int_const_unsigned_int_const_int_co_23/12 "/>
</bind>
</comp>

<comp id="360" class="1004" name="bnn_top_int_const_unsigned_int_const_int_const_unsigned_int_const_int_co_24_gep_fu_360">
<pin_list>
<pin id="361" dir="0" index="0" bw="1" slack="0"/>
<pin id="362" dir="0" index="1" bw="1" slack="0"/>
<pin id="363" dir="0" index="2" bw="9" slack="0"/>
<pin id="364" dir="1" index="3" bw="9" slack="0"/>
</pin_list>
<bind>
<opcode="getelementptr(29) " fcode="getelementptr"/>
<opset="bnn_top_int_const_unsigned_int_const_int_const_unsigned_int_const_int_co_24/12 "/>
</bind>
</comp>

<comp id="367" class="1004" name="bnn_top_int_const_unsigned_int_const_int_const_unsigned_int_const_int_co_25_gep_fu_367">
<pin_list>
<pin id="368" dir="0" index="0" bw="1" slack="0"/>
<pin id="369" dir="0" index="1" bw="1" slack="0"/>
<pin id="370" dir="0" index="2" bw="9" slack="0"/>
<pin id="371" dir="1" index="3" bw="9" slack="0"/>
</pin_list>
<bind>
<opcode="getelementptr(29) " fcode="getelementptr"/>
<opset="bnn_top_int_const_unsigned_int_const_int_const_unsigned_int_const_int_co_25/12 "/>
</bind>
</comp>

<comp id="374" class="1004" name="bnn_top_int_const_unsigned_int_const_int_const_unsigned_int_const_int_co_26_gep_fu_374">
<pin_list>
<pin id="375" dir="0" index="0" bw="1" slack="0"/>
<pin id="376" dir="0" index="1" bw="1" slack="0"/>
<pin id="377" dir="0" index="2" bw="9" slack="0"/>
<pin id="378" dir="1" index="3" bw="9" slack="0"/>
</pin_list>
<bind>
<opcode="getelementptr(29) " fcode="getelementptr"/>
<opset="bnn_top_int_const_unsigned_int_const_int_const_unsigned_int_const_int_co_26/12 "/>
</bind>
</comp>

<comp id="381" class="1004" name="bnn_top_int_const_unsigned_int_const_int_const_unsigned_int_const_int_co_27_gep_fu_381">
<pin_list>
<pin id="382" dir="0" index="0" bw="1" slack="0"/>
<pin id="383" dir="0" index="1" bw="1" slack="0"/>
<pin id="384" dir="0" index="2" bw="9" slack="0"/>
<pin id="385" dir="1" index="3" bw="9" slack="0"/>
</pin_list>
<bind>
<opcode="getelementptr(29) " fcode="getelementptr"/>
<opset="bnn_top_int_const_unsigned_int_const_int_const_unsigned_int_const_int_co_27/12 "/>
</bind>
</comp>

<comp id="388" class="1004" name="bnn_top_int_const_unsigned_int_const_int_const_unsigned_int_const_int_co_28_gep_fu_388">
<pin_list>
<pin id="389" dir="0" index="0" bw="1" slack="0"/>
<pin id="390" dir="0" index="1" bw="1" slack="0"/>
<pin id="391" dir="0" index="2" bw="9" slack="0"/>
<pin id="392" dir="1" index="3" bw="9" slack="0"/>
</pin_list>
<bind>
<opcode="getelementptr(29) " fcode="getelementptr"/>
<opset="bnn_top_int_const_unsigned_int_const_int_const_unsigned_int_const_int_co_28/12 "/>
</bind>
</comp>

<comp id="395" class="1004" name="store_ln104_access_fu_395">
<pin_list>
<pin id="396" dir="0" index="0" bw="9" slack="0"/>
<pin id="397" dir="0" index="1" bw="1" slack="0"/>
<pin id="398" dir="0" index="2" bw="0" slack="2147483647"/>
<pin id="399" dir="1" index="3" bw="1" slack="2147483647"/>
</pin_list>
<bind>
<opcode="store(28) " fcode="store"/>
<opset="store_ln104/12 "/>
</bind>
</comp>

<comp id="401" class="1004" name="store_ln104_access_fu_401">
<pin_list>
<pin id="402" dir="0" index="0" bw="9" slack="0"/>
<pin id="403" dir="0" index="1" bw="1" slack="0"/>
<pin id="404" dir="0" index="2" bw="0" slack="2147483647"/>
<pin id="405" dir="1" index="3" bw="1" slack="2147483647"/>
</pin_list>
<bind>
<opcode="store(28) " fcode="store"/>
<opset="store_ln104/12 "/>
</bind>
</comp>

<comp id="407" class="1004" name="store_ln104_access_fu_407">
<pin_list>
<pin id="408" dir="0" index="0" bw="9" slack="0"/>
<pin id="409" dir="0" index="1" bw="1" slack="0"/>
<pin id="410" dir="0" index="2" bw="0" slack="2147483647"/>
<pin id="411" dir="1" index="3" bw="1" slack="2147483647"/>
</pin_list>
<bind>
<opcode="store(28) " fcode="store"/>
<opset="store_ln104/12 "/>
</bind>
</comp>

<comp id="413" class="1004" name="store_ln104_access_fu_413">
<pin_list>
<pin id="414" dir="0" index="0" bw="9" slack="0"/>
<pin id="415" dir="0" index="1" bw="1" slack="0"/>
<pin id="416" dir="0" index="2" bw="0" slack="2147483647"/>
<pin id="417" dir="1" index="3" bw="1" slack="2147483647"/>
</pin_list>
<bind>
<opcode="store(28) " fcode="store"/>
<opset="store_ln104/12 "/>
</bind>
</comp>

<comp id="419" class="1004" name="store_ln104_access_fu_419">
<pin_list>
<pin id="420" dir="0" index="0" bw="9" slack="0"/>
<pin id="421" dir="0" index="1" bw="1" slack="0"/>
<pin id="422" dir="0" index="2" bw="0" slack="2147483647"/>
<pin id="423" dir="1" index="3" bw="1" slack="2147483647"/>
</pin_list>
<bind>
<opcode="store(28) " fcode="store"/>
<opset="store_ln104/12 "/>
</bind>
</comp>

<comp id="425" class="1004" name="store_ln104_access_fu_425">
<pin_list>
<pin id="426" dir="0" index="0" bw="9" slack="0"/>
<pin id="427" dir="0" index="1" bw="1" slack="0"/>
<pin id="428" dir="0" index="2" bw="0" slack="2147483647"/>
<pin id="429" dir="1" index="3" bw="1" slack="2147483647"/>
</pin_list>
<bind>
<opcode="store(28) " fcode="store"/>
<opset="store_ln104/12 "/>
</bind>
</comp>

<comp id="431" class="1004" name="store_ln104_access_fu_431">
<pin_list>
<pin id="432" dir="0" index="0" bw="9" slack="0"/>
<pin id="433" dir="0" index="1" bw="1" slack="0"/>
<pin id="434" dir="0" index="2" bw="0" slack="2147483647"/>
<pin id="435" dir="1" index="3" bw="1" slack="2147483647"/>
</pin_list>
<bind>
<opcode="store(28) " fcode="store"/>
<opset="store_ln104/12 "/>
</bind>
</comp>

<comp id="437" class="1004" name="store_ln104_access_fu_437">
<pin_list>
<pin id="438" dir="0" index="0" bw="9" slack="0"/>
<pin id="439" dir="0" index="1" bw="1" slack="0"/>
<pin id="440" dir="0" index="2" bw="0" slack="2147483647"/>
<pin id="441" dir="1" index="3" bw="1" slack="2147483647"/>
</pin_list>
<bind>
<opcode="store(28) " fcode="store"/>
<opset="store_ln104/12 "/>
</bind>
</comp>

<comp id="443" class="1004" name="sext_ln104_cast_fu_443">
<pin_list>
<pin id="444" dir="0" index="0" bw="32" slack="0"/>
<pin id="445" dir="1" index="1" bw="40" slack="11"/>
</pin_list>
<bind>
<opcode="sext(35) " fcode="sext"/>
<opset="sext_ln104_cast/1 "/>
</bind>
</comp>

<comp id="447" class="1004" name="store_ln0_store_fu_447">
<pin_list>
<pin id="448" dir="0" index="0" bw="1" slack="0"/>
<pin id="449" dir="0" index="1" bw="7" slack="0"/>
<pin id="450" dir="1" index="2" bw="0" slack="2147483647"/>
</pin_list>
<bind>
<opcode="store(28) " fcode="store"/>
<opset="store_ln0/1 "/>
</bind>
</comp>

<comp id="452" class="1004" name="store_ln96_store_fu_452">
<pin_list>
<pin id="453" dir="0" index="0" bw="1" slack="0"/>
<pin id="454" dir="0" index="1" bw="4" slack="0"/>
<pin id="455" dir="1" index="2" bw="0" slack="2147483647"/>
</pin_list>
<bind>
<opcode="store(28) " fcode="store"/>
<opset="store_ln96/1 "/>
</bind>
</comp>

<comp id="457" class="1004" name="store_ln97_store_fu_457">
<pin_list>
<pin id="458" dir="0" index="0" bw="1" slack="0"/>
<pin id="459" dir="0" index="1" bw="4" slack="0"/>
<pin id="460" dir="1" index="2" bw="0" slack="2147483647"/>
</pin_list>
<bind>
<opcode="store(28) " fcode="store"/>
<opset="store_ln97/1 "/>
</bind>
</comp>

<comp id="462" class="1004" name="indvar_flatten36_load_load_fu_462">
<pin_list>
<pin id="463" dir="0" index="0" bw="7" slack="0"/>
<pin id="464" dir="1" index="1" bw="7" slack="0"/>
</pin_list>
<bind>
<opcode="load(27) " fcode="load"/>
<opset="indvar_flatten36_load/1 "/>
</bind>
</comp>

<comp id="465" class="1004" name="icmp_ln96_fu_465">
<pin_list>
<pin id="466" dir="0" index="0" bw="7" slack="0"/>
<pin id="467" dir="0" index="1" bw="7" slack="0"/>
<pin id="468" dir="1" index="2" bw="1" slack="10"/>
</pin_list>
<bind>
<opcode="icmp(45) " fcode="icmp"/>
<opset="icmp_ln96/1 "/>
</bind>
</comp>

<comp id="471" class="1004" name="add_ln96_fu_471">
<pin_list>
<pin id="472" dir="0" index="0" bw="7" slack="0"/>
<pin id="473" dir="0" index="1" bw="1" slack="0"/>
<pin id="474" dir="1" index="2" bw="7" slack="0"/>
</pin_list>
<bind>
<opcode="add(8) " fcode="add"/>
<opset="add_ln96/1 "/>
</bind>
</comp>

<comp id="477" class="1004" name="pw_load_load_fu_477">
<pin_list>
<pin id="478" dir="0" index="0" bw="4" slack="0"/>
<pin id="479" dir="1" index="1" bw="4" slack="0"/>
</pin_list>
<bind>
<opcode="load(27) " fcode="load"/>
<opset="pw_load/1 "/>
</bind>
</comp>

<comp id="480" class="1004" name="ph_load_load_fu_480">
<pin_list>
<pin id="481" dir="0" index="0" bw="4" slack="0"/>
<pin id="482" dir="1" index="1" bw="4" slack="0"/>
</pin_list>
<bind>
<opcode="load(27) " fcode="load"/>
<opset="ph_load/1 "/>
</bind>
</comp>

<comp id="483" class="1004" name="icmp_ln97_fu_483">
<pin_list>
<pin id="484" dir="0" index="0" bw="4" slack="0"/>
<pin id="485" dir="0" index="1" bw="4" slack="0"/>
<pin id="486" dir="1" index="2" bw="1" slack="0"/>
</pin_list>
<bind>
<opcode="icmp(45) " fcode="icmp"/>
<opset="icmp_ln97/1 "/>
</bind>
</comp>

<comp id="489" class="1004" name="select_ln96_fu_489">
<pin_list>
<pin id="490" dir="0" index="0" bw="1" slack="0"/>
<pin id="491" dir="0" index="1" bw="1" slack="0"/>
<pin id="492" dir="0" index="2" bw="4" slack="0"/>
<pin id="493" dir="1" index="3" bw="4" slack="0"/>
</pin_list>
<bind>
<opcode="select(49) " fcode="select"/>
<opset="select_ln96/1 "/>
</bind>
</comp>

<comp id="497" class="1004" name="add_ln96_1_fu_497">
<pin_list>
<pin id="498" dir="0" index="0" bw="4" slack="0"/>
<pin id="499" dir="0" index="1" bw="1" slack="0"/>
<pin id="500" dir="1" index="2" bw="4" slack="0"/>
</pin_list>
<bind>
<opcode="add(8) " fcode="add"/>
<opset="add_ln96_1/1 "/>
</bind>
</comp>

<comp id="503" class="1004" name="select_ln96_1_fu_503">
<pin_list>
<pin id="504" dir="0" index="0" bw="1" slack="0"/>
<pin id="505" dir="0" index="1" bw="4" slack="0"/>
<pin id="506" dir="0" index="2" bw="4" slack="0"/>
<pin id="507" dir="1" index="3" bw="4" slack="0"/>
</pin_list>
<bind>
<opcode="select(49) " fcode="select"/>
<opset="select_ln96_1/1 "/>
</bind>
</comp>

<comp id="511" class="1004" name="trunc_ln99_fu_511">
<pin_list>
<pin id="512" dir="0" index="0" bw="4" slack="0"/>
<pin id="513" dir="1" index="1" bw="3" slack="9"/>
</pin_list>
<bind>
<opcode="trunc(33) " fcode="trunc"/>
<opset="trunc_ln99/1 "/>
</bind>
</comp>

<comp id="515" class="1004" name="shl_ln99_fu_515">
<pin_list>
<pin id="516" dir="0" index="0" bw="4" slack="0"/>
<pin id="517" dir="0" index="1" bw="1" slack="0"/>
<pin id="518" dir="1" index="2" bw="4" slack="0"/>
</pin_list>
<bind>
<opcode="shl(20) " fcode="shl"/>
<opset="shl_ln99/1 "/>
</bind>
</comp>

<comp id="521" class="1004" name="zext_ln99_fu_521">
<pin_list>
<pin id="522" dir="0" index="0" bw="4" slack="0"/>
<pin id="523" dir="1" index="1" bw="5" slack="0"/>
</pin_list>
<bind>
<opcode="zext(34) " fcode="zext"/>
<opset="zext_ln99/1 "/>
</bind>
</comp>

<comp id="525" class="1004" name="trunc_ln97_fu_525">
<pin_list>
<pin id="526" dir="0" index="0" bw="4" slack="0"/>
<pin id="527" dir="1" index="1" bw="3" slack="0"/>
</pin_list>
<bind>
<opcode="trunc(33) " fcode="trunc"/>
<opset="trunc_ln97/1 "/>
</bind>
</comp>

<comp id="529" class="1004" name="shl_ln99_1_fu_529">
<pin_list>
<pin id="530" dir="0" index="0" bw="4" slack="0"/>
<pin id="531" dir="0" index="1" bw="1" slack="0"/>
<pin id="532" dir="1" index="2" bw="4" slack="0"/>
</pin_list>
<bind>
<opcode="shl(20) " fcode="shl"/>
<opset="shl_ln99_1/1 "/>
</bind>
</comp>

<comp id="535" class="1004" name="zext_ln99_1_fu_535">
<pin_list>
<pin id="536" dir="0" index="0" bw="4" slack="0"/>
<pin id="537" dir="1" index="1" bw="5" slack="0"/>
</pin_list>
<bind>
<opcode="zext(34) " fcode="zext"/>
<opset="zext_ln99_1/1 "/>
</bind>
</comp>

<comp id="539" class="1004" name="add_ln99_fu_539">
<pin_list>
<pin id="540" dir="0" index="0" bw="4" slack="0"/>
<pin id="541" dir="0" index="1" bw="4" slack="0"/>
<pin id="542" dir="1" index="2" bw="5" slack="0"/>
</pin_list>
<bind>
<opcode="add(8) " fcode="add"/>
<opset="add_ln99/1 "/>
</bind>
</comp>

<comp id="545" class="1004" name="grp_fu_545">
<pin_list>
<pin id="546" dir="0" index="0" bw="5" slack="0"/>
<pin id="547" dir="0" index="1" bw="4" slack="0"/>
<pin id="548" dir="1" index="2" bw="3" slack="0"/>
</pin_list>
<bind>
<opcode="urem(17) " fcode="urem"/>
<opset="urem_ln99/1 "/>
</bind>
</comp>

<comp id="551" class="1004" name="switch_ln104_fu_551">
<pin_list>
<pin id="552" dir="0" index="0" bw="3" slack="0"/>
<pin id="553" dir="0" index="1" bw="1" slack="0"/>
<pin id="554" dir="0" index="2" bw="1" slack="0"/>
<pin id="555" dir="0" index="3" bw="3" slack="0"/>
<pin id="556" dir="0" index="4" bw="3" slack="0"/>
<pin id="557" dir="0" index="5" bw="3" slack="0"/>
<pin id="558" dir="0" index="6" bw="3" slack="0"/>
<pin id="559" dir="0" index="7" bw="2" slack="0"/>
<pin id="560" dir="1" index="8" bw="0" slack="2147483647"/>
</pin_list>
<bind>
<opcode="switch(3) " fcode="switch"/>
<opset="switch_ln104/1 "/>
</bind>
</comp>

<comp id="569" class="1004" name="add_ln97_fu_569">
<pin_list>
<pin id="570" dir="0" index="0" bw="4" slack="0"/>
<pin id="571" dir="0" index="1" bw="1" slack="0"/>
<pin id="572" dir="1" index="2" bw="4" slack="0"/>
</pin_list>
<bind>
<opcode="add(8) " fcode="add"/>
<opset="add_ln97/1 "/>
</bind>
</comp>

<comp id="575" class="1004" name="store_ln96_store_fu_575">
<pin_list>
<pin id="576" dir="0" index="0" bw="7" slack="0"/>
<pin id="577" dir="0" index="1" bw="7" slack="0"/>
<pin id="578" dir="1" index="2" bw="0" slack="2147483647"/>
</pin_list>
<bind>
<opcode="store(28) " fcode="store"/>
<opset="store_ln96/1 "/>
</bind>
</comp>

<comp id="580" class="1004" name="store_ln96_store_fu_580">
<pin_list>
<pin id="581" dir="0" index="0" bw="4" slack="0"/>
<pin id="582" dir="0" index="1" bw="4" slack="0"/>
<pin id="583" dir="1" index="2" bw="0" slack="2147483647"/>
</pin_list>
<bind>
<opcode="store(28) " fcode="store"/>
<opset="store_ln96/1 "/>
</bind>
</comp>

<comp id="585" class="1004" name="store_ln97_store_fu_585">
<pin_list>
<pin id="586" dir="0" index="0" bw="4" slack="0"/>
<pin id="587" dir="0" index="1" bw="4" slack="0"/>
<pin id="588" dir="1" index="2" bw="0" slack="2147483647"/>
</pin_list>
<bind>
<opcode="store(28) " fcode="store"/>
<opset="store_ln97/1 "/>
</bind>
</comp>

<comp id="590" class="1004" name="trunc_ln99_1_fu_590">
<pin_list>
<pin id="591" dir="0" index="0" bw="3" slack="0"/>
<pin id="592" dir="1" index="1" bw="3" slack="1"/>
</pin_list>
<bind>
<opcode="trunc(33) " fcode="trunc"/>
<opset="trunc_ln99_1/9 "/>
</bind>
</comp>

<comp id="594" class="1004" name="zext_ln99_2_fu_594">
<pin_list>
<pin id="595" dir="0" index="0" bw="5" slack="9"/>
<pin id="596" dir="1" index="1" bw="8" slack="0"/>
</pin_list>
<bind>
<opcode="zext(34) " fcode="zext"/>
<opset="zext_ln99_2/10 "/>
</bind>
</comp>

<comp id="597" class="1004" name="p_shl_fu_597">
<pin_list>
<pin id="598" dir="0" index="0" bw="8" slack="0"/>
<pin id="599" dir="0" index="1" bw="3" slack="9"/>
<pin id="600" dir="0" index="2" bw="1" slack="0"/>
<pin id="601" dir="1" index="3" bw="8" slack="0"/>
</pin_list>
<bind>
<opcode="bitconcatenate(1004) " fcode="bitconcatenate"/>
<opset="p_shl/10 "/>
</bind>
</comp>

<comp id="604" class="1004" name="tmp_fu_604">
<pin_list>
<pin id="605" dir="0" index="0" bw="5" slack="0"/>
<pin id="606" dir="0" index="1" bw="4" slack="9"/>
<pin id="607" dir="0" index="2" bw="1" slack="0"/>
<pin id="608" dir="1" index="3" bw="5" slack="0"/>
</pin_list>
<bind>
<opcode="bitconcatenate(1004) " fcode="bitconcatenate"/>
<opset="tmp/10 "/>
</bind>
</comp>

<comp id="611" class="1004" name="zext_ln99_3_fu_611">
<pin_list>
<pin id="612" dir="0" index="0" bw="5" slack="0"/>
<pin id="613" dir="1" index="1" bw="8" slack="0"/>
</pin_list>
<bind>
<opcode="zext(34) " fcode="zext"/>
<opset="zext_ln99_3/10 "/>
</bind>
</comp>

<comp id="615" class="1004" name="sub_ln99_fu_615">
<pin_list>
<pin id="616" dir="0" index="0" bw="8" slack="0"/>
<pin id="617" dir="0" index="1" bw="5" slack="0"/>
<pin id="618" dir="1" index="2" bw="8" slack="0"/>
</pin_list>
<bind>
<opcode="sub(10) " fcode="sub"/>
<opset="sub_ln99/10 "/>
</bind>
</comp>

<comp id="621" class="1004" name="add_ln99_1_fu_621">
<pin_list>
<pin id="622" dir="0" index="0" bw="5" slack="0"/>
<pin id="623" dir="0" index="1" bw="8" slack="0"/>
<pin id="624" dir="1" index="2" bw="8" slack="0"/>
</pin_list>
<bind>
<opcode="add(8) " fcode="add"/>
<opset="add_ln99_1/10 "/>
</bind>
</comp>

<comp id="627" class="1004" name="zext_ln99_5_fu_627">
<pin_list>
<pin id="628" dir="0" index="0" bw="8" slack="0"/>
<pin id="629" dir="1" index="1" bw="17" slack="0"/>
</pin_list>
<bind>
<opcode="zext(34) " fcode="zext"/>
<opset="zext_ln99_5/10 "/>
</bind>
</comp>

<comp id="631" class="1004" name="mul_ln99_fu_631">
<pin_list>
<pin id="632" dir="0" index="0" bw="8" slack="0"/>
<pin id="633" dir="0" index="1" bw="10" slack="0"/>
<pin id="634" dir="1" index="2" bw="17" slack="0"/>
</pin_list>
<bind>
<opcode="mul(12) " fcode="mul"/>
<opset="mul_ln99/10 "/>
</bind>
</comp>

<comp id="637" class="1004" name="tmp_1_fu_637">
<pin_list>
<pin id="638" dir="0" index="0" bw="6" slack="0"/>
<pin id="639" dir="0" index="1" bw="17" slack="0"/>
<pin id="640" dir="0" index="2" bw="5" slack="0"/>
<pin id="641" dir="0" index="3" bw="6" slack="0"/>
<pin id="642" dir="1" index="4" bw="6" slack="0"/>
</pin_list>
<bind>
<opcode="partselect(1002) " fcode="partselect"/>
<opset="tmp_1/10 "/>
</bind>
</comp>

<comp id="647" class="1004" name="zext_ln99_4_fu_647">
<pin_list>
<pin id="648" dir="0" index="0" bw="6" slack="0"/>
<pin id="649" dir="1" index="1" bw="64" slack="0"/>
</pin_list>
<bind>
<opcode="zext(34) " fcode="zext"/>
<opset="zext_ln99_4/10 "/>
</bind>
</comp>

<comp id="656" class="1004" name="add_ln4_fu_656">
<pin_list>
<pin id="657" dir="0" index="0" bw="8" slack="0"/>
<pin id="658" dir="0" index="1" bw="3" slack="9"/>
<pin id="659" dir="0" index="2" bw="1" slack="0"/>
<pin id="660" dir="0" index="3" bw="3" slack="9"/>
<pin id="661" dir="0" index="4" bw="1" slack="0"/>
<pin id="662" dir="1" index="5" bw="8" slack="0"/>
</pin_list>
<bind>
<opcode="bitconcatenate(1004) " fcode="bitconcatenate"/>
<opset="add_ln4/10 "/>
</bind>
</comp>

<comp id="666" class="1004" name="zext_ln100_1_fu_666">
<pin_list>
<pin id="667" dir="0" index="0" bw="8" slack="0"/>
<pin id="668" dir="1" index="1" bw="17" slack="0"/>
</pin_list>
<bind>
<opcode="zext(34) " fcode="zext"/>
<opset="zext_ln100_1/10 "/>
</bind>
</comp>

<comp id="670" class="1004" name="mul_ln100_fu_670">
<pin_list>
<pin id="671" dir="0" index="0" bw="8" slack="0"/>
<pin id="672" dir="0" index="1" bw="10" slack="0"/>
<pin id="673" dir="1" index="2" bw="17" slack="0"/>
</pin_list>
<bind>
<opcode="mul(12) " fcode="mul"/>
<opset="mul_ln100/10 "/>
</bind>
</comp>

<comp id="676" class="1004" name="tmp_2_fu_676">
<pin_list>
<pin id="677" dir="0" index="0" bw="6" slack="0"/>
<pin id="678" dir="0" index="1" bw="17" slack="0"/>
<pin id="679" dir="0" index="2" bw="5" slack="0"/>
<pin id="680" dir="0" index="3" bw="6" slack="0"/>
<pin id="681" dir="1" index="4" bw="6" slack="0"/>
</pin_list>
<bind>
<opcode="partselect(1002) " fcode="partselect"/>
<opset="tmp_2/10 "/>
</bind>
</comp>

<comp id="686" class="1004" name="zext_ln100_fu_686">
<pin_list>
<pin id="687" dir="0" index="0" bw="6" slack="0"/>
<pin id="688" dir="1" index="1" bw="64" slack="0"/>
</pin_list>
<bind>
<opcode="zext(34) " fcode="zext"/>
<opset="zext_ln100/10 "/>
</bind>
</comp>

<comp id="695" class="1004" name="s0_fu_695">
<pin_list>
<pin id="696" dir="0" index="0" bw="32" slack="0"/>
<pin id="697" dir="0" index="1" bw="3" slack="0"/>
<pin id="698" dir="0" index="2" bw="32" slack="0"/>
<pin id="699" dir="0" index="3" bw="3" slack="0"/>
<pin id="700" dir="0" index="4" bw="32" slack="0"/>
<pin id="701" dir="0" index="5" bw="3" slack="0"/>
<pin id="702" dir="0" index="6" bw="32" slack="0"/>
<pin id="703" dir="0" index="7" bw="3" slack="0"/>
<pin id="704" dir="0" index="8" bw="32" slack="0"/>
<pin id="705" dir="0" index="9" bw="3" slack="0"/>
<pin id="706" dir="0" index="10" bw="32" slack="0"/>
<pin id="707" dir="0" index="11" bw="32" slack="0"/>
<pin id="708" dir="0" index="12" bw="3" slack="2"/>
<pin id="709" dir="1" index="13" bw="32" slack="0"/>
</pin_list>
<bind>
<opcode="sparsemux(1197) " fcode="sparsemux"/>
<opset="s0/11 "/>
</bind>
</comp>

<comp id="722" class="1004" name="s1_fu_722">
<pin_list>
<pin id="723" dir="0" index="0" bw="32" slack="0"/>
<pin id="724" dir="0" index="1" bw="3" slack="0"/>
<pin id="725" dir="0" index="2" bw="32" slack="0"/>
<pin id="726" dir="0" index="3" bw="3" slack="0"/>
<pin id="727" dir="0" index="4" bw="32" slack="0"/>
<pin id="728" dir="0" index="5" bw="3" slack="0"/>
<pin id="729" dir="0" index="6" bw="32" slack="0"/>
<pin id="730" dir="0" index="7" bw="3" slack="0"/>
<pin id="731" dir="0" index="8" bw="32" slack="0"/>
<pin id="732" dir="0" index="9" bw="3" slack="0"/>
<pin id="733" dir="0" index="10" bw="32" slack="0"/>
<pin id="734" dir="0" index="11" bw="32" slack="0"/>
<pin id="735" dir="0" index="12" bw="3" slack="2"/>
<pin id="736" dir="1" index="13" bw="32" slack="0"/>
</pin_list>
<bind>
<opcode="sparsemux(1197) " fcode="sparsemux"/>
<opset="s1/11 "/>
</bind>
</comp>

<comp id="749" class="1004" name="add_ln5_fu_749">
<pin_list>
<pin id="750" dir="0" index="0" bw="8" slack="0"/>
<pin id="751" dir="0" index="1" bw="3" slack="10"/>
<pin id="752" dir="0" index="2" bw="1" slack="0"/>
<pin id="753" dir="0" index="3" bw="3" slack="10"/>
<pin id="754" dir="0" index="4" bw="1" slack="0"/>
<pin id="755" dir="1" index="5" bw="8" slack="0"/>
</pin_list>
<bind>
<opcode="bitconcatenate(1004) " fcode="bitconcatenate"/>
<opset="add_ln5/11 "/>
</bind>
</comp>

<comp id="759" class="1004" name="zext_ln101_1_fu_759">
<pin_list>
<pin id="760" dir="0" index="0" bw="8" slack="0"/>
<pin id="761" dir="1" index="1" bw="17" slack="0"/>
</pin_list>
<bind>
<opcode="zext(34) " fcode="zext"/>
<opset="zext_ln101_1/11 "/>
</bind>
</comp>

<comp id="763" class="1004" name="mul_ln101_fu_763">
<pin_list>
<pin id="764" dir="0" index="0" bw="8" slack="0"/>
<pin id="765" dir="0" index="1" bw="10" slack="0"/>
<pin id="766" dir="1" index="2" bw="17" slack="0"/>
</pin_list>
<bind>
<opcode="mul(12) " fcode="mul"/>
<opset="mul_ln101/11 "/>
</bind>
</comp>

<comp id="769" class="1004" name="tmp_3_fu_769">
<pin_list>
<pin id="770" dir="0" index="0" bw="6" slack="0"/>
<pin id="771" dir="0" index="1" bw="17" slack="0"/>
<pin id="772" dir="0" index="2" bw="5" slack="0"/>
<pin id="773" dir="0" index="3" bw="6" slack="0"/>
<pin id="774" dir="1" index="4" bw="6" slack="0"/>
</pin_list>
<bind>
<opcode="partselect(1002) " fcode="partselect"/>
<opset="tmp_3/11 "/>
</bind>
</comp>

<comp id="779" class="1004" name="zext_ln101_fu_779">
<pin_list>
<pin id="780" dir="0" index="0" bw="6" slack="0"/>
<pin id="781" dir="1" index="1" bw="64" slack="0"/>
</pin_list>
<bind>
<opcode="zext(34) " fcode="zext"/>
<opset="zext_ln101/11 "/>
</bind>
</comp>

<comp id="788" class="1004" name="add_ln6_fu_788">
<pin_list>
<pin id="789" dir="0" index="0" bw="8" slack="0"/>
<pin id="790" dir="0" index="1" bw="3" slack="10"/>
<pin id="791" dir="0" index="2" bw="1" slack="0"/>
<pin id="792" dir="0" index="3" bw="3" slack="10"/>
<pin id="793" dir="0" index="4" bw="1" slack="0"/>
<pin id="794" dir="1" index="5" bw="8" slack="0"/>
</pin_list>
<bind>
<opcode="bitconcatenate(1004) " fcode="bitconcatenate"/>
<opset="add_ln6/11 "/>
</bind>
</comp>

<comp id="798" class="1004" name="zext_ln102_1_fu_798">
<pin_list>
<pin id="799" dir="0" index="0" bw="8" slack="0"/>
<pin id="800" dir="1" index="1" bw="17" slack="0"/>
</pin_list>
<bind>
<opcode="zext(34) " fcode="zext"/>
<opset="zext_ln102_1/11 "/>
</bind>
</comp>

<comp id="802" class="1004" name="mul_ln102_fu_802">
<pin_list>
<pin id="803" dir="0" index="0" bw="8" slack="0"/>
<pin id="804" dir="0" index="1" bw="10" slack="0"/>
<pin id="805" dir="1" index="2" bw="17" slack="0"/>
</pin_list>
<bind>
<opcode="mul(12) " fcode="mul"/>
<opset="mul_ln102/11 "/>
</bind>
</comp>

<comp id="808" class="1004" name="tmp_4_fu_808">
<pin_list>
<pin id="809" dir="0" index="0" bw="6" slack="0"/>
<pin id="810" dir="0" index="1" bw="17" slack="0"/>
<pin id="811" dir="0" index="2" bw="5" slack="0"/>
<pin id="812" dir="0" index="3" bw="6" slack="0"/>
<pin id="813" dir="1" index="4" bw="6" slack="0"/>
</pin_list>
<bind>
<opcode="partselect(1002) " fcode="partselect"/>
<opset="tmp_4/11 "/>
</bind>
</comp>

<comp id="818" class="1004" name="zext_ln102_fu_818">
<pin_list>
<pin id="819" dir="0" index="0" bw="6" slack="0"/>
<pin id="820" dir="1" index="1" bw="64" slack="0"/>
</pin_list>
<bind>
<opcode="zext(34) " fcode="zext"/>
<opset="zext_ln102/11 "/>
</bind>
</comp>

<comp id="827" class="1004" name="icmp_ln103_fu_827">
<pin_list>
<pin id="828" dir="0" index="0" bw="32" slack="0"/>
<pin id="829" dir="0" index="1" bw="32" slack="0"/>
<pin id="830" dir="1" index="2" bw="1" slack="0"/>
</pin_list>
<bind>
<opcode="icmp(45) " fcode="icmp"/>
<opset="icmp_ln103/11 "/>
</bind>
</comp>

<comp id="833" class="1004" name="m_1_fu_833">
<pin_list>
<pin id="834" dir="0" index="0" bw="1" slack="0"/>
<pin id="835" dir="0" index="1" bw="32" slack="0"/>
<pin id="836" dir="0" index="2" bw="32" slack="0"/>
<pin id="837" dir="1" index="3" bw="32" slack="1"/>
</pin_list>
<bind>
<opcode="select(49) " fcode="select"/>
<opset="m_1/11 "/>
</bind>
</comp>

<comp id="841" class="1004" name="zext_ln96_fu_841">
<pin_list>
<pin id="842" dir="0" index="0" bw="4" slack="11"/>
<pin id="843" dir="1" index="1" bw="9" slack="0"/>
</pin_list>
<bind>
<opcode="zext(34) " fcode="zext"/>
<opset="zext_ln96/12 "/>
</bind>
</comp>

<comp id="844" class="1004" name="add_ln104_fu_844">
<pin_list>
<pin id="845" dir="0" index="0" bw="4" slack="0"/>
<pin id="846" dir="0" index="1" bw="9" slack="11"/>
<pin id="847" dir="1" index="2" bw="9" slack="0"/>
</pin_list>
<bind>
<opcode="add(8) " fcode="add"/>
<opset="add_ln104/12 "/>
</bind>
</comp>

<comp id="849" class="1004" name="zext_ln104_fu_849">
<pin_list>
<pin id="850" dir="0" index="0" bw="9" slack="0"/>
<pin id="851" dir="1" index="1" bw="64" slack="0"/>
</pin_list>
<bind>
<opcode="zext(34) " fcode="zext"/>
<opset="zext_ln104/12 "/>
</bind>
</comp>

<comp id="861" class="1004" name="s2_fu_861">
<pin_list>
<pin id="862" dir="0" index="0" bw="32" slack="0"/>
<pin id="863" dir="0" index="1" bw="3" slack="0"/>
<pin id="864" dir="0" index="2" bw="32" slack="0"/>
<pin id="865" dir="0" index="3" bw="3" slack="0"/>
<pin id="866" dir="0" index="4" bw="32" slack="0"/>
<pin id="867" dir="0" index="5" bw="3" slack="0"/>
<pin id="868" dir="0" index="6" bw="32" slack="0"/>
<pin id="869" dir="0" index="7" bw="3" slack="0"/>
<pin id="870" dir="0" index="8" bw="32" slack="0"/>
<pin id="871" dir="0" index="9" bw="3" slack="0"/>
<pin id="872" dir="0" index="10" bw="32" slack="0"/>
<pin id="873" dir="0" index="11" bw="32" slack="0"/>
<pin id="874" dir="0" index="12" bw="3" slack="3"/>
<pin id="875" dir="1" index="13" bw="32" slack="0"/>
</pin_list>
<bind>
<opcode="sparsemux(1197) " fcode="sparsemux"/>
<opset="s2/12 "/>
</bind>
</comp>

<comp id="888" class="1004" name="s3_fu_888">
<pin_list>
<pin id="889" dir="0" index="0" bw="32" slack="0"/>
<pin id="890" dir="0" index="1" bw="3" slack="0"/>
<pin id="891" dir="0" index="2" bw="32" slack="0"/>
<pin id="892" dir="0" index="3" bw="3" slack="0"/>
<pin id="893" dir="0" index="4" bw="32" slack="0"/>
<pin id="894" dir="0" index="5" bw="3" slack="0"/>
<pin id="895" dir="0" index="6" bw="32" slack="0"/>
<pin id="896" dir="0" index="7" bw="3" slack="0"/>
<pin id="897" dir="0" index="8" bw="32" slack="0"/>
<pin id="898" dir="0" index="9" bw="3" slack="0"/>
<pin id="899" dir="0" index="10" bw="32" slack="0"/>
<pin id="900" dir="0" index="11" bw="32" slack="0"/>
<pin id="901" dir="0" index="12" bw="3" slack="3"/>
<pin id="902" dir="1" index="13" bw="32" slack="0"/>
</pin_list>
<bind>
<opcode="sparsemux(1197) " fcode="sparsemux"/>
<opset="s3/12 "/>
</bind>
</comp>

<comp id="915" class="1004" name="icmp_ln103_1_fu_915">
<pin_list>
<pin id="916" dir="0" index="0" bw="32" slack="0"/>
<pin id="917" dir="0" index="1" bw="32" slack="1"/>
<pin id="918" dir="1" index="2" bw="1" slack="0"/>
</pin_list>
<bind>
<opcode="icmp(45) " fcode="icmp"/>
<opset="icmp_ln103_1/12 "/>
</bind>
</comp>

<comp id="920" class="1004" name="m_3_fu_920">
<pin_list>
<pin id="921" dir="0" index="0" bw="1" slack="0"/>
<pin id="922" dir="0" index="1" bw="32" slack="0"/>
<pin id="923" dir="0" index="2" bw="32" slack="1"/>
<pin id="924" dir="1" index="3" bw="32" slack="0"/>
</pin_list>
<bind>
<opcode="select(49) " fcode="select"/>
<opset="m_3/12 "/>
</bind>
</comp>

<comp id="927" class="1004" name="icmp_ln103_2_fu_927">
<pin_list>
<pin id="928" dir="0" index="0" bw="32" slack="0"/>
<pin id="929" dir="0" index="1" bw="32" slack="0"/>
<pin id="930" dir="1" index="2" bw="1" slack="0"/>
</pin_list>
<bind>
<opcode="icmp(45) " fcode="icmp"/>
<opset="icmp_ln103_2/12 "/>
</bind>
</comp>

<comp id="933" class="1004" name="select_ln103_fu_933">
<pin_list>
<pin id="934" dir="0" index="0" bw="1" slack="0"/>
<pin id="935" dir="0" index="1" bw="32" slack="0"/>
<pin id="936" dir="0" index="2" bw="32" slack="0"/>
<pin id="937" dir="1" index="3" bw="32" slack="0"/>
</pin_list>
<bind>
<opcode="select(49) " fcode="select"/>
<opset="select_ln103/12 "/>
</bind>
</comp>

<comp id="941" class="1004" name="shl_ln104_1_fu_941">
<pin_list>
<pin id="942" dir="0" index="0" bw="40" slack="0"/>
<pin id="943" dir="0" index="1" bw="32" slack="0"/>
<pin id="944" dir="0" index="2" bw="1" slack="0"/>
<pin id="945" dir="1" index="3" bw="40" slack="0"/>
</pin_list>
<bind>
<opcode="bitconcatenate(1004) " fcode="bitconcatenate"/>
<opset="shl_ln104_1/12 "/>
</bind>
</comp>

<comp id="949" class="1004" name="icmp_ln104_fu_949">
<pin_list>
<pin id="950" dir="0" index="0" bw="40" slack="0"/>
<pin id="951" dir="0" index="1" bw="32" slack="11"/>
<pin id="952" dir="1" index="2" bw="1" slack="0"/>
</pin_list>
<bind>
<opcode="icmp(45) " fcode="icmp"/>
<opset="icmp_ln104/12 "/>
</bind>
</comp>

<comp id="962" class="1005" name="pw_reg_962">
<pin_list>
<pin id="963" dir="0" index="0" bw="4" slack="0"/>
<pin id="964" dir="1" index="1" bw="4" slack="0"/>
</pin_list>
<bind>
<opset="pw "/>
</bind>
</comp>

<comp id="969" class="1005" name="ph_reg_969">
<pin_list>
<pin id="970" dir="0" index="0" bw="4" slack="0"/>
<pin id="971" dir="1" index="1" bw="4" slack="0"/>
</pin_list>
<bind>
<opset="ph "/>
</bind>
</comp>

<comp id="976" class="1005" name="indvar_flatten36_reg_976">
<pin_list>
<pin id="977" dir="0" index="0" bw="7" slack="0"/>
<pin id="978" dir="1" index="1" bw="7" slack="0"/>
</pin_list>
<bind>
<opset="indvar_flatten36 "/>
</bind>
</comp>

<comp id="983" class="1005" name="shl_ln2_read_reg_983">
<pin_list>
<pin id="984" dir="0" index="0" bw="9" slack="11"/>
<pin id="985" dir="1" index="1" bw="9" slack="11"/>
</pin_list>
<bind>
<opset="shl_ln2_read "/>
</bind>
</comp>

<comp id="988" class="1005" name="sext_ln104_cast_reg_988">
<pin_list>
<pin id="989" dir="0" index="0" bw="40" slack="11"/>
<pin id="990" dir="1" index="1" bw="40" slack="11"/>
</pin_list>
<bind>
<opset="sext_ln104_cast "/>
</bind>
</comp>

<comp id="993" class="1005" name="icmp_ln96_reg_993">
<pin_list>
<pin id="994" dir="0" index="0" bw="1" slack="10"/>
<pin id="995" dir="1" index="1" bw="1" slack="2147483647"/>
</pin_list>
<bind>
<opset="icmp_ln96 "/>
</bind>
</comp>

<comp id="997" class="1005" name="select_ln96_1_reg_997">
<pin_list>
<pin id="998" dir="0" index="0" bw="4" slack="9"/>
<pin id="999" dir="1" index="1" bw="4" slack="9"/>
</pin_list>
<bind>
<opset="select_ln96_1 "/>
</bind>
</comp>

<comp id="1003" class="1005" name="trunc_ln99_reg_1003">
<pin_list>
<pin id="1004" dir="0" index="0" bw="3" slack="9"/>
<pin id="1005" dir="1" index="1" bw="3" slack="9"/>
</pin_list>
<bind>
<opset="trunc_ln99 "/>
</bind>
</comp>

<comp id="1011" class="1005" name="trunc_ln97_reg_1011">
<pin_list>
<pin id="1012" dir="0" index="0" bw="3" slack="9"/>
<pin id="1013" dir="1" index="1" bw="3" slack="9"/>
</pin_list>
<bind>
<opset="trunc_ln97 "/>
</bind>
</comp>

<comp id="1018" class="1005" name="add_ln99_reg_1018">
<pin_list>
<pin id="1019" dir="0" index="0" bw="5" slack="1"/>
<pin id="1020" dir="1" index="1" bw="5" slack="1"/>
</pin_list>
<bind>
<opset="add_ln99 "/>
</bind>
</comp>

<comp id="1024" class="1005" name="trunc_ln99_1_reg_1024">
<pin_list>
<pin id="1025" dir="0" index="0" bw="3" slack="1"/>
<pin id="1026" dir="1" index="1" bw="3" slack="2"/>
</pin_list>
<bind>
<opset="trunc_ln99_1 "/>
</bind>
</comp>

<comp id="1032" class="1005" name="bnn_top_int_const_unsigned_int_const_int_const_unsigned_int_const_int_co_29_reg_1032">
<pin_list>
<pin id="1033" dir="0" index="0" bw="8" slack="1"/>
<pin id="1034" dir="1" index="1" bw="8" slack="1"/>
</pin_list>
<bind>
<opset="bnn_top_int_const_unsigned_int_const_int_const_unsigned_int_const_int_co_29 "/>
</bind>
</comp>

<comp id="1037" class="1005" name="bnn_top_int_const_unsigned_int_const_int_const_unsigned_int_const_int_co_30_reg_1037">
<pin_list>
<pin id="1038" dir="0" index="0" bw="8" slack="1"/>
<pin id="1039" dir="1" index="1" bw="8" slack="1"/>
</pin_list>
<bind>
<opset="bnn_top_int_const_unsigned_int_const_int_const_unsigned_int_const_int_co_30 "/>
</bind>
</comp>

<comp id="1042" class="1005" name="bnn_top_int_const_unsigned_int_const_int_const_unsigned_int_const_int_co_31_reg_1042">
<pin_list>
<pin id="1043" dir="0" index="0" bw="8" slack="1"/>
<pin id="1044" dir="1" index="1" bw="8" slack="1"/>
</pin_list>
<bind>
<opset="bnn_top_int_const_unsigned_int_const_int_const_unsigned_int_const_int_co_31 "/>
</bind>
</comp>

<comp id="1047" class="1005" name="bnn_top_int_const_unsigned_int_const_int_const_unsigned_int_const_int_co_32_reg_1047">
<pin_list>
<pin id="1048" dir="0" index="0" bw="8" slack="1"/>
<pin id="1049" dir="1" index="1" bw="8" slack="1"/>
</pin_list>
<bind>
<opset="bnn_top_int_const_unsigned_int_const_int_const_unsigned_int_const_int_co_32 "/>
</bind>
</comp>

<comp id="1052" class="1005" name="bnn_top_int_const_unsigned_int_const_int_const_unsigned_int_const_int_co_33_reg_1052">
<pin_list>
<pin id="1053" dir="0" index="0" bw="8" slack="1"/>
<pin id="1054" dir="1" index="1" bw="8" slack="1"/>
</pin_list>
<bind>
<opset="bnn_top_int_const_unsigned_int_const_int_const_unsigned_int_const_int_co_33 "/>
</bind>
</comp>

<comp id="1057" class="1005" name="bnn_top_int_const_unsigned_int_const_int_const_unsigned_int_const_int_co_39_reg_1057">
<pin_list>
<pin id="1058" dir="0" index="0" bw="8" slack="1"/>
<pin id="1059" dir="1" index="1" bw="8" slack="1"/>
</pin_list>
<bind>
<opset="bnn_top_int_const_unsigned_int_const_int_const_unsigned_int_const_int_co_39 "/>
</bind>
</comp>

<comp id="1062" class="1005" name="bnn_top_int_const_unsigned_int_const_int_const_unsigned_int_const_int_co_40_reg_1062">
<pin_list>
<pin id="1063" dir="0" index="0" bw="8" slack="1"/>
<pin id="1064" dir="1" index="1" bw="8" slack="1"/>
</pin_list>
<bind>
<opset="bnn_top_int_const_unsigned_int_const_int_const_unsigned_int_const_int_co_40 "/>
</bind>
</comp>

<comp id="1067" class="1005" name="bnn_top_int_const_unsigned_int_const_int_const_unsigned_int_const_int_co_41_reg_1067">
<pin_list>
<pin id="1068" dir="0" index="0" bw="8" slack="1"/>
<pin id="1069" dir="1" index="1" bw="8" slack="1"/>
</pin_list>
<bind>
<opset="bnn_top_int_const_unsigned_int_const_int_const_unsigned_int_const_int_co_41 "/>
</bind>
</comp>

<comp id="1072" class="1005" name="bnn_top_int_const_unsigned_int_const_int_const_unsigned_int_const_int_co_42_reg_1072">
<pin_list>
<pin id="1073" dir="0" index="0" bw="8" slack="1"/>
<pin id="1074" dir="1" index="1" bw="8" slack="1"/>
</pin_list>
<bind>
<opset="bnn_top_int_const_unsigned_int_const_int_const_unsigned_int_const_int_co_42 "/>
</bind>
</comp>

<comp id="1077" class="1005" name="bnn_top_int_const_unsigned_int_const_int_const_unsigned_int_const_int_co_43_reg_1077">
<pin_list>
<pin id="1078" dir="0" index="0" bw="8" slack="1"/>
<pin id="1079" dir="1" index="1" bw="8" slack="1"/>
</pin_list>
<bind>
<opset="bnn_top_int_const_unsigned_int_const_int_const_unsigned_int_const_int_co_43 "/>
</bind>
</comp>

<comp id="1082" class="1005" name="bnn_top_int_const_unsigned_int_const_int_const_unsigned_int_const_int_co_49_reg_1082">
<pin_list>
<pin id="1083" dir="0" index="0" bw="8" slack="1"/>
<pin id="1084" dir="1" index="1" bw="8" slack="1"/>
</pin_list>
<bind>
<opset="bnn_top_int_const_unsigned_int_const_int_const_unsigned_int_const_int_co_49 "/>
</bind>
</comp>

<comp id="1087" class="1005" name="bnn_top_int_const_unsigned_int_const_int_const_unsigned_int_const_int_co_50_reg_1087">
<pin_list>
<pin id="1088" dir="0" index="0" bw="8" slack="1"/>
<pin id="1089" dir="1" index="1" bw="8" slack="1"/>
</pin_list>
<bind>
<opset="bnn_top_int_const_unsigned_int_const_int_const_unsigned_int_const_int_co_50 "/>
</bind>
</comp>

<comp id="1092" class="1005" name="bnn_top_int_const_unsigned_int_const_int_const_unsigned_int_const_int_co_51_reg_1092">
<pin_list>
<pin id="1093" dir="0" index="0" bw="8" slack="1"/>
<pin id="1094" dir="1" index="1" bw="8" slack="1"/>
</pin_list>
<bind>
<opset="bnn_top_int_const_unsigned_int_const_int_const_unsigned_int_const_int_co_51 "/>
</bind>
</comp>

<comp id="1097" class="1005" name="bnn_top_int_const_unsigned_int_const_int_const_unsigned_int_const_int_co_52_reg_1097">
<pin_list>
<pin id="1098" dir="0" index="0" bw="8" slack="1"/>
<pin id="1099" dir="1" index="1" bw="8" slack="1"/>
</pin_list>
<bind>
<opset="bnn_top_int_const_unsigned_int_const_int_const_unsigned_int_const_int_co_52 "/>
</bind>
</comp>

<comp id="1102" class="1005" name="bnn_top_int_const_unsigned_int_const_int_const_unsigned_int_const_int_co_53_reg_1102">
<pin_list>
<pin id="1103" dir="0" index="0" bw="8" slack="1"/>
<pin id="1104" dir="1" index="1" bw="8" slack="1"/>
</pin_list>
<bind>
<opset="bnn_top_int_const_unsigned_int_const_int_const_unsigned_int_const_int_co_53 "/>
</bind>
</comp>

<comp id="1107" class="1005" name="bnn_top_int_const_unsigned_int_const_int_const_unsigned_int_const_int_co_59_reg_1107">
<pin_list>
<pin id="1108" dir="0" index="0" bw="8" slack="1"/>
<pin id="1109" dir="1" index="1" bw="8" slack="1"/>
</pin_list>
<bind>
<opset="bnn_top_int_const_unsigned_int_const_int_const_unsigned_int_const_int_co_59 "/>
</bind>
</comp>

<comp id="1112" class="1005" name="bnn_top_int_const_unsigned_int_const_int_const_unsigned_int_const_int_co_60_reg_1112">
<pin_list>
<pin id="1113" dir="0" index="0" bw="8" slack="1"/>
<pin id="1114" dir="1" index="1" bw="8" slack="1"/>
</pin_list>
<bind>
<opset="bnn_top_int_const_unsigned_int_const_int_const_unsigned_int_const_int_co_60 "/>
</bind>
</comp>

<comp id="1117" class="1005" name="bnn_top_int_const_unsigned_int_const_int_const_unsigned_int_const_int_co_61_reg_1117">
<pin_list>
<pin id="1118" dir="0" index="0" bw="8" slack="1"/>
<pin id="1119" dir="1" index="1" bw="8" slack="1"/>
</pin_list>
<bind>
<opset="bnn_top_int_const_unsigned_int_const_int_const_unsigned_int_const_int_co_61 "/>
</bind>
</comp>

<comp id="1122" class="1005" name="bnn_top_int_const_unsigned_int_const_int_const_unsigned_int_const_int_co_62_reg_1122">
<pin_list>
<pin id="1123" dir="0" index="0" bw="8" slack="1"/>
<pin id="1124" dir="1" index="1" bw="8" slack="1"/>
</pin_list>
<bind>
<opset="bnn_top_int_const_unsigned_int_const_int_const_unsigned_int_const_int_co_62 "/>
</bind>
</comp>

<comp id="1127" class="1005" name="bnn_top_int_const_unsigned_int_const_int_const_unsigned_int_const_int_co_63_reg_1127">
<pin_list>
<pin id="1128" dir="0" index="0" bw="8" slack="1"/>
<pin id="1129" dir="1" index="1" bw="8" slack="1"/>
</pin_list>
<bind>
<opset="bnn_top_int_const_unsigned_int_const_int_const_unsigned_int_const_int_co_63 "/>
</bind>
</comp>

<comp id="1132" class="1005" name="m_1_reg_1132">
<pin_list>
<pin id="1133" dir="0" index="0" bw="32" slack="1"/>
<pin id="1134" dir="1" index="1" bw="32" slack="1"/>
</pin_list>
<bind>
<opset="m_1 "/>
</bind>
</comp>

</comp_list>

<net_list>
<net id="113"><net_src comp="30" pin="0"/><net_sink comp="110" pin=0"/></net>

<net id="117"><net_src comp="30" pin="0"/><net_sink comp="114" pin=0"/></net>

<net id="121"><net_src comp="30" pin="0"/><net_sink comp="118" pin=0"/></net>

<net id="126"><net_src comp="32" pin="0"/><net_sink comp="122" pin=0"/></net>

<net id="127"><net_src comp="2" pin="0"/><net_sink comp="122" pin=1"/></net>

<net id="132"><net_src comp="34" pin="0"/><net_sink comp="128" pin=0"/></net>

<net id="133"><net_src comp="0" pin="0"/><net_sink comp="128" pin=1"/></net>

<net id="139"><net_src comp="6" pin="0"/><net_sink comp="134" pin=0"/></net>

<net id="140"><net_src comp="80" pin="0"/><net_sink comp="134" pin=1"/></net>

<net id="146"><net_src comp="8" pin="0"/><net_sink comp="141" pin=0"/></net>

<net id="147"><net_src comp="80" pin="0"/><net_sink comp="141" pin=1"/></net>

<net id="153"><net_src comp="10" pin="0"/><net_sink comp="148" pin=0"/></net>

<net id="154"><net_src comp="80" pin="0"/><net_sink comp="148" pin=1"/></net>

<net id="160"><net_src comp="12" pin="0"/><net_sink comp="155" pin=0"/></net>

<net id="161"><net_src comp="80" pin="0"/><net_sink comp="155" pin=1"/></net>

<net id="167"><net_src comp="14" pin="0"/><net_sink comp="162" pin=0"/></net>

<net id="168"><net_src comp="80" pin="0"/><net_sink comp="162" pin=1"/></net>

<net id="178"><net_src comp="134" pin="3"/><net_sink comp="169" pin=2"/></net>

<net id="188"><net_src comp="141" pin="3"/><net_sink comp="179" pin=2"/></net>

<net id="198"><net_src comp="148" pin="3"/><net_sink comp="189" pin=2"/></net>

<net id="208"><net_src comp="155" pin="3"/><net_sink comp="199" pin=2"/></net>

<net id="218"><net_src comp="162" pin="3"/><net_sink comp="209" pin=2"/></net>

<net id="224"><net_src comp="6" pin="0"/><net_sink comp="219" pin=0"/></net>

<net id="225"><net_src comp="80" pin="0"/><net_sink comp="219" pin=1"/></net>

<net id="231"><net_src comp="8" pin="0"/><net_sink comp="226" pin=0"/></net>

<net id="232"><net_src comp="80" pin="0"/><net_sink comp="226" pin=1"/></net>

<net id="238"><net_src comp="10" pin="0"/><net_sink comp="233" pin=0"/></net>

<net id="239"><net_src comp="80" pin="0"/><net_sink comp="233" pin=1"/></net>

<net id="245"><net_src comp="12" pin="0"/><net_sink comp="240" pin=0"/></net>

<net id="246"><net_src comp="80" pin="0"/><net_sink comp="240" pin=1"/></net>

<net id="252"><net_src comp="14" pin="0"/><net_sink comp="247" pin=0"/></net>

<net id="253"><net_src comp="80" pin="0"/><net_sink comp="247" pin=1"/></net>

<net id="254"><net_src comp="219" pin="3"/><net_sink comp="169" pin=2"/></net>

<net id="255"><net_src comp="226" pin="3"/><net_sink comp="179" pin=2"/></net>

<net id="256"><net_src comp="233" pin="3"/><net_sink comp="189" pin=2"/></net>

<net id="257"><net_src comp="240" pin="3"/><net_sink comp="199" pin=2"/></net>

<net id="258"><net_src comp="247" pin="3"/><net_sink comp="209" pin=2"/></net>

<net id="264"><net_src comp="6" pin="0"/><net_sink comp="259" pin=0"/></net>

<net id="265"><net_src comp="80" pin="0"/><net_sink comp="259" pin=1"/></net>

<net id="271"><net_src comp="8" pin="0"/><net_sink comp="266" pin=0"/></net>

<net id="272"><net_src comp="80" pin="0"/><net_sink comp="266" pin=1"/></net>

<net id="278"><net_src comp="10" pin="0"/><net_sink comp="273" pin=0"/></net>

<net id="279"><net_src comp="80" pin="0"/><net_sink comp="273" pin=1"/></net>

<net id="285"><net_src comp="12" pin="0"/><net_sink comp="280" pin=0"/></net>

<net id="286"><net_src comp="80" pin="0"/><net_sink comp="280" pin=1"/></net>

<net id="292"><net_src comp="14" pin="0"/><net_sink comp="287" pin=0"/></net>

<net id="293"><net_src comp="80" pin="0"/><net_sink comp="287" pin=1"/></net>

<net id="294"><net_src comp="259" pin="3"/><net_sink comp="169" pin=0"/></net>

<net id="295"><net_src comp="266" pin="3"/><net_sink comp="179" pin=0"/></net>

<net id="296"><net_src comp="273" pin="3"/><net_sink comp="189" pin=0"/></net>

<net id="297"><net_src comp="280" pin="3"/><net_sink comp="199" pin=0"/></net>

<net id="298"><net_src comp="287" pin="3"/><net_sink comp="209" pin=0"/></net>

<net id="304"><net_src comp="6" pin="0"/><net_sink comp="299" pin=0"/></net>

<net id="305"><net_src comp="80" pin="0"/><net_sink comp="299" pin=1"/></net>

<net id="311"><net_src comp="8" pin="0"/><net_sink comp="306" pin=0"/></net>

<net id="312"><net_src comp="80" pin="0"/><net_sink comp="306" pin=1"/></net>

<net id="318"><net_src comp="10" pin="0"/><net_sink comp="313" pin=0"/></net>

<net id="319"><net_src comp="80" pin="0"/><net_sink comp="313" pin=1"/></net>

<net id="325"><net_src comp="12" pin="0"/><net_sink comp="320" pin=0"/></net>

<net id="326"><net_src comp="80" pin="0"/><net_sink comp="320" pin=1"/></net>

<net id="332"><net_src comp="14" pin="0"/><net_sink comp="327" pin=0"/></net>

<net id="333"><net_src comp="80" pin="0"/><net_sink comp="327" pin=1"/></net>

<net id="334"><net_src comp="299" pin="3"/><net_sink comp="169" pin=0"/></net>

<net id="335"><net_src comp="306" pin="3"/><net_sink comp="179" pin=0"/></net>

<net id="336"><net_src comp="313" pin="3"/><net_sink comp="189" pin=0"/></net>

<net id="337"><net_src comp="320" pin="3"/><net_sink comp="199" pin=0"/></net>

<net id="338"><net_src comp="327" pin="3"/><net_sink comp="209" pin=0"/></net>

<net id="344"><net_src comp="4" pin="0"/><net_sink comp="339" pin=0"/></net>

<net id="345"><net_src comp="80" pin="0"/><net_sink comp="339" pin=1"/></net>

<net id="351"><net_src comp="16" pin="0"/><net_sink comp="346" pin=0"/></net>

<net id="352"><net_src comp="80" pin="0"/><net_sink comp="346" pin=1"/></net>

<net id="358"><net_src comp="18" pin="0"/><net_sink comp="353" pin=0"/></net>

<net id="359"><net_src comp="80" pin="0"/><net_sink comp="353" pin=1"/></net>

<net id="365"><net_src comp="20" pin="0"/><net_sink comp="360" pin=0"/></net>

<net id="366"><net_src comp="80" pin="0"/><net_sink comp="360" pin=1"/></net>

<net id="372"><net_src comp="22" pin="0"/><net_sink comp="367" pin=0"/></net>

<net id="373"><net_src comp="80" pin="0"/><net_sink comp="367" pin=1"/></net>

<net id="379"><net_src comp="24" pin="0"/><net_sink comp="374" pin=0"/></net>

<net id="380"><net_src comp="80" pin="0"/><net_sink comp="374" pin=1"/></net>

<net id="386"><net_src comp="26" pin="0"/><net_sink comp="381" pin=0"/></net>

<net id="387"><net_src comp="80" pin="0"/><net_sink comp="381" pin=1"/></net>

<net id="393"><net_src comp="28" pin="0"/><net_sink comp="388" pin=0"/></net>

<net id="394"><net_src comp="80" pin="0"/><net_sink comp="388" pin=1"/></net>

<net id="400"><net_src comp="381" pin="3"/><net_sink comp="395" pin=0"/></net>

<net id="406"><net_src comp="374" pin="3"/><net_sink comp="401" pin=0"/></net>

<net id="412"><net_src comp="367" pin="3"/><net_sink comp="407" pin=0"/></net>

<net id="418"><net_src comp="360" pin="3"/><net_sink comp="413" pin=0"/></net>

<net id="424"><net_src comp="353" pin="3"/><net_sink comp="419" pin=0"/></net>

<net id="430"><net_src comp="346" pin="3"/><net_sink comp="425" pin=0"/></net>

<net id="436"><net_src comp="339" pin="3"/><net_sink comp="431" pin=0"/></net>

<net id="442"><net_src comp="388" pin="3"/><net_sink comp="437" pin=0"/></net>

<net id="446"><net_src comp="122" pin="2"/><net_sink comp="443" pin=0"/></net>

<net id="451"><net_src comp="36" pin="0"/><net_sink comp="447" pin=0"/></net>

<net id="456"><net_src comp="38" pin="0"/><net_sink comp="452" pin=0"/></net>

<net id="461"><net_src comp="38" pin="0"/><net_sink comp="457" pin=0"/></net>

<net id="469"><net_src comp="462" pin="1"/><net_sink comp="465" pin=0"/></net>

<net id="470"><net_src comp="40" pin="0"/><net_sink comp="465" pin=1"/></net>

<net id="475"><net_src comp="462" pin="1"/><net_sink comp="471" pin=0"/></net>

<net id="476"><net_src comp="42" pin="0"/><net_sink comp="471" pin=1"/></net>

<net id="487"><net_src comp="477" pin="1"/><net_sink comp="483" pin=0"/></net>

<net id="488"><net_src comp="44" pin="0"/><net_sink comp="483" pin=1"/></net>

<net id="494"><net_src comp="483" pin="2"/><net_sink comp="489" pin=0"/></net>

<net id="495"><net_src comp="38" pin="0"/><net_sink comp="489" pin=1"/></net>

<net id="496"><net_src comp="477" pin="1"/><net_sink comp="489" pin=2"/></net>

<net id="501"><net_src comp="480" pin="1"/><net_sink comp="497" pin=0"/></net>

<net id="502"><net_src comp="46" pin="0"/><net_sink comp="497" pin=1"/></net>

<net id="508"><net_src comp="483" pin="2"/><net_sink comp="503" pin=0"/></net>

<net id="509"><net_src comp="497" pin="2"/><net_sink comp="503" pin=1"/></net>

<net id="510"><net_src comp="480" pin="1"/><net_sink comp="503" pin=2"/></net>

<net id="514"><net_src comp="503" pin="3"/><net_sink comp="511" pin=0"/></net>

<net id="519"><net_src comp="503" pin="3"/><net_sink comp="515" pin=0"/></net>

<net id="520"><net_src comp="46" pin="0"/><net_sink comp="515" pin=1"/></net>

<net id="524"><net_src comp="515" pin="2"/><net_sink comp="521" pin=0"/></net>

<net id="528"><net_src comp="489" pin="3"/><net_sink comp="525" pin=0"/></net>

<net id="533"><net_src comp="489" pin="3"/><net_sink comp="529" pin=0"/></net>

<net id="534"><net_src comp="46" pin="0"/><net_sink comp="529" pin=1"/></net>

<net id="538"><net_src comp="529" pin="2"/><net_sink comp="535" pin=0"/></net>

<net id="543"><net_src comp="535" pin="1"/><net_sink comp="539" pin=0"/></net>

<net id="544"><net_src comp="521" pin="1"/><net_sink comp="539" pin=1"/></net>

<net id="549"><net_src comp="539" pin="2"/><net_sink comp="545" pin=0"/></net>

<net id="550"><net_src comp="48" pin="0"/><net_sink comp="545" pin=1"/></net>

<net id="561"><net_src comp="525" pin="1"/><net_sink comp="551" pin=0"/></net>

<net id="562"><net_src comp="50" pin="0"/><net_sink comp="551" pin=1"/></net>

<net id="563"><net_src comp="52" pin="0"/><net_sink comp="551" pin=2"/></net>

<net id="564"><net_src comp="54" pin="0"/><net_sink comp="551" pin=3"/></net>

<net id="565"><net_src comp="56" pin="0"/><net_sink comp="551" pin=4"/></net>

<net id="566"><net_src comp="58" pin="0"/><net_sink comp="551" pin=5"/></net>

<net id="567"><net_src comp="60" pin="0"/><net_sink comp="551" pin=6"/></net>

<net id="568"><net_src comp="62" pin="0"/><net_sink comp="551" pin=7"/></net>

<net id="573"><net_src comp="489" pin="3"/><net_sink comp="569" pin=0"/></net>

<net id="574"><net_src comp="46" pin="0"/><net_sink comp="569" pin=1"/></net>

<net id="579"><net_src comp="471" pin="2"/><net_sink comp="575" pin=0"/></net>

<net id="584"><net_src comp="503" pin="3"/><net_sink comp="580" pin=0"/></net>

<net id="589"><net_src comp="569" pin="2"/><net_sink comp="585" pin=0"/></net>

<net id="593"><net_src comp="545" pin="2"/><net_sink comp="590" pin=0"/></net>

<net id="602"><net_src comp="64" pin="0"/><net_sink comp="597" pin=0"/></net>

<net id="603"><net_src comp="66" pin="0"/><net_sink comp="597" pin=2"/></net>

<net id="609"><net_src comp="68" pin="0"/><net_sink comp="604" pin=0"/></net>

<net id="610"><net_src comp="70" pin="0"/><net_sink comp="604" pin=2"/></net>

<net id="614"><net_src comp="604" pin="3"/><net_sink comp="611" pin=0"/></net>

<net id="619"><net_src comp="597" pin="3"/><net_sink comp="615" pin=0"/></net>

<net id="620"><net_src comp="611" pin="1"/><net_sink comp="615" pin=1"/></net>

<net id="625"><net_src comp="594" pin="1"/><net_sink comp="621" pin=0"/></net>

<net id="626"><net_src comp="615" pin="2"/><net_sink comp="621" pin=1"/></net>

<net id="630"><net_src comp="621" pin="2"/><net_sink comp="627" pin=0"/></net>

<net id="635"><net_src comp="627" pin="1"/><net_sink comp="631" pin=0"/></net>

<net id="636"><net_src comp="72" pin="0"/><net_sink comp="631" pin=1"/></net>

<net id="643"><net_src comp="74" pin="0"/><net_sink comp="637" pin=0"/></net>

<net id="644"><net_src comp="631" pin="2"/><net_sink comp="637" pin=1"/></net>

<net id="645"><net_src comp="76" pin="0"/><net_sink comp="637" pin=2"/></net>

<net id="646"><net_src comp="78" pin="0"/><net_sink comp="637" pin=3"/></net>

<net id="650"><net_src comp="637" pin="4"/><net_sink comp="647" pin=0"/></net>

<net id="651"><net_src comp="647" pin="1"/><net_sink comp="134" pin=2"/></net>

<net id="652"><net_src comp="647" pin="1"/><net_sink comp="141" pin=2"/></net>

<net id="653"><net_src comp="647" pin="1"/><net_sink comp="148" pin=2"/></net>

<net id="654"><net_src comp="647" pin="1"/><net_sink comp="155" pin=2"/></net>

<net id="655"><net_src comp="647" pin="1"/><net_sink comp="162" pin=2"/></net>

<net id="663"><net_src comp="82" pin="0"/><net_sink comp="656" pin=0"/></net>

<net id="664"><net_src comp="70" pin="0"/><net_sink comp="656" pin=2"/></net>

<net id="665"><net_src comp="84" pin="0"/><net_sink comp="656" pin=4"/></net>

<net id="669"><net_src comp="656" pin="5"/><net_sink comp="666" pin=0"/></net>

<net id="674"><net_src comp="666" pin="1"/><net_sink comp="670" pin=0"/></net>

<net id="675"><net_src comp="72" pin="0"/><net_sink comp="670" pin=1"/></net>

<net id="682"><net_src comp="74" pin="0"/><net_sink comp="676" pin=0"/></net>

<net id="683"><net_src comp="670" pin="2"/><net_sink comp="676" pin=1"/></net>

<net id="684"><net_src comp="76" pin="0"/><net_sink comp="676" pin=2"/></net>

<net id="685"><net_src comp="78" pin="0"/><net_sink comp="676" pin=3"/></net>

<net id="689"><net_src comp="676" pin="4"/><net_sink comp="686" pin=0"/></net>

<net id="690"><net_src comp="686" pin="1"/><net_sink comp="219" pin=2"/></net>

<net id="691"><net_src comp="686" pin="1"/><net_sink comp="226" pin=2"/></net>

<net id="692"><net_src comp="686" pin="1"/><net_sink comp="233" pin=2"/></net>

<net id="693"><net_src comp="686" pin="1"/><net_sink comp="240" pin=2"/></net>

<net id="694"><net_src comp="686" pin="1"/><net_sink comp="247" pin=2"/></net>

<net id="710"><net_src comp="86" pin="0"/><net_sink comp="695" pin=0"/></net>

<net id="711"><net_src comp="50" pin="0"/><net_sink comp="695" pin=1"/></net>

<net id="712"><net_src comp="169" pin="7"/><net_sink comp="695" pin=2"/></net>

<net id="713"><net_src comp="52" pin="0"/><net_sink comp="695" pin=3"/></net>

<net id="714"><net_src comp="179" pin="7"/><net_sink comp="695" pin=4"/></net>

<net id="715"><net_src comp="54" pin="0"/><net_sink comp="695" pin=5"/></net>

<net id="716"><net_src comp="189" pin="7"/><net_sink comp="695" pin=6"/></net>

<net id="717"><net_src comp="56" pin="0"/><net_sink comp="695" pin=7"/></net>

<net id="718"><net_src comp="199" pin="7"/><net_sink comp="695" pin=8"/></net>

<net id="719"><net_src comp="58" pin="0"/><net_sink comp="695" pin=9"/></net>

<net id="720"><net_src comp="209" pin="7"/><net_sink comp="695" pin=10"/></net>

<net id="721"><net_src comp="88" pin="0"/><net_sink comp="695" pin=11"/></net>

<net id="737"><net_src comp="86" pin="0"/><net_sink comp="722" pin=0"/></net>

<net id="738"><net_src comp="58" pin="0"/><net_sink comp="722" pin=1"/></net>

<net id="739"><net_src comp="169" pin="7"/><net_sink comp="722" pin=2"/></net>

<net id="740"><net_src comp="50" pin="0"/><net_sink comp="722" pin=3"/></net>

<net id="741"><net_src comp="179" pin="7"/><net_sink comp="722" pin=4"/></net>

<net id="742"><net_src comp="52" pin="0"/><net_sink comp="722" pin=5"/></net>

<net id="743"><net_src comp="189" pin="7"/><net_sink comp="722" pin=6"/></net>

<net id="744"><net_src comp="54" pin="0"/><net_sink comp="722" pin=7"/></net>

<net id="745"><net_src comp="199" pin="7"/><net_sink comp="722" pin=8"/></net>

<net id="746"><net_src comp="56" pin="0"/><net_sink comp="722" pin=9"/></net>

<net id="747"><net_src comp="209" pin="7"/><net_sink comp="722" pin=10"/></net>

<net id="748"><net_src comp="88" pin="0"/><net_sink comp="722" pin=11"/></net>

<net id="756"><net_src comp="82" pin="0"/><net_sink comp="749" pin=0"/></net>

<net id="757"><net_src comp="84" pin="0"/><net_sink comp="749" pin=2"/></net>

<net id="758"><net_src comp="70" pin="0"/><net_sink comp="749" pin=4"/></net>

<net id="762"><net_src comp="749" pin="5"/><net_sink comp="759" pin=0"/></net>

<net id="767"><net_src comp="759" pin="1"/><net_sink comp="763" pin=0"/></net>

<net id="768"><net_src comp="72" pin="0"/><net_sink comp="763" pin=1"/></net>

<net id="775"><net_src comp="74" pin="0"/><net_sink comp="769" pin=0"/></net>

<net id="776"><net_src comp="763" pin="2"/><net_sink comp="769" pin=1"/></net>

<net id="777"><net_src comp="76" pin="0"/><net_sink comp="769" pin=2"/></net>

<net id="778"><net_src comp="78" pin="0"/><net_sink comp="769" pin=3"/></net>

<net id="782"><net_src comp="769" pin="4"/><net_sink comp="779" pin=0"/></net>

<net id="783"><net_src comp="779" pin="1"/><net_sink comp="259" pin=2"/></net>

<net id="784"><net_src comp="779" pin="1"/><net_sink comp="266" pin=2"/></net>

<net id="785"><net_src comp="779" pin="1"/><net_sink comp="273" pin=2"/></net>

<net id="786"><net_src comp="779" pin="1"/><net_sink comp="280" pin=2"/></net>

<net id="787"><net_src comp="779" pin="1"/><net_sink comp="287" pin=2"/></net>

<net id="795"><net_src comp="82" pin="0"/><net_sink comp="788" pin=0"/></net>

<net id="796"><net_src comp="84" pin="0"/><net_sink comp="788" pin=2"/></net>

<net id="797"><net_src comp="84" pin="0"/><net_sink comp="788" pin=4"/></net>

<net id="801"><net_src comp="788" pin="5"/><net_sink comp="798" pin=0"/></net>

<net id="806"><net_src comp="798" pin="1"/><net_sink comp="802" pin=0"/></net>

<net id="807"><net_src comp="72" pin="0"/><net_sink comp="802" pin=1"/></net>

<net id="814"><net_src comp="74" pin="0"/><net_sink comp="808" pin=0"/></net>

<net id="815"><net_src comp="802" pin="2"/><net_sink comp="808" pin=1"/></net>

<net id="816"><net_src comp="76" pin="0"/><net_sink comp="808" pin=2"/></net>

<net id="817"><net_src comp="78" pin="0"/><net_sink comp="808" pin=3"/></net>

<net id="821"><net_src comp="808" pin="4"/><net_sink comp="818" pin=0"/></net>

<net id="822"><net_src comp="818" pin="1"/><net_sink comp="299" pin=2"/></net>

<net id="823"><net_src comp="818" pin="1"/><net_sink comp="306" pin=2"/></net>

<net id="824"><net_src comp="818" pin="1"/><net_sink comp="313" pin=2"/></net>

<net id="825"><net_src comp="818" pin="1"/><net_sink comp="320" pin=2"/></net>

<net id="826"><net_src comp="818" pin="1"/><net_sink comp="327" pin=2"/></net>

<net id="831"><net_src comp="722" pin="13"/><net_sink comp="827" pin=0"/></net>

<net id="832"><net_src comp="695" pin="13"/><net_sink comp="827" pin=1"/></net>

<net id="838"><net_src comp="827" pin="2"/><net_sink comp="833" pin=0"/></net>

<net id="839"><net_src comp="722" pin="13"/><net_sink comp="833" pin=1"/></net>

<net id="840"><net_src comp="695" pin="13"/><net_sink comp="833" pin=2"/></net>

<net id="848"><net_src comp="841" pin="1"/><net_sink comp="844" pin=0"/></net>

<net id="852"><net_src comp="844" pin="2"/><net_sink comp="849" pin=0"/></net>

<net id="853"><net_src comp="849" pin="1"/><net_sink comp="339" pin=2"/></net>

<net id="854"><net_src comp="849" pin="1"/><net_sink comp="346" pin=2"/></net>

<net id="855"><net_src comp="849" pin="1"/><net_sink comp="353" pin=2"/></net>

<net id="856"><net_src comp="849" pin="1"/><net_sink comp="360" pin=2"/></net>

<net id="857"><net_src comp="849" pin="1"/><net_sink comp="367" pin=2"/></net>

<net id="858"><net_src comp="849" pin="1"/><net_sink comp="374" pin=2"/></net>

<net id="859"><net_src comp="849" pin="1"/><net_sink comp="381" pin=2"/></net>

<net id="860"><net_src comp="849" pin="1"/><net_sink comp="388" pin=2"/></net>

<net id="876"><net_src comp="86" pin="0"/><net_sink comp="861" pin=0"/></net>

<net id="877"><net_src comp="58" pin="0"/><net_sink comp="861" pin=1"/></net>

<net id="878"><net_src comp="169" pin="3"/><net_sink comp="861" pin=2"/></net>

<net id="879"><net_src comp="50" pin="0"/><net_sink comp="861" pin=3"/></net>

<net id="880"><net_src comp="179" pin="3"/><net_sink comp="861" pin=4"/></net>

<net id="881"><net_src comp="52" pin="0"/><net_sink comp="861" pin=5"/></net>

<net id="882"><net_src comp="189" pin="3"/><net_sink comp="861" pin=6"/></net>

<net id="883"><net_src comp="54" pin="0"/><net_sink comp="861" pin=7"/></net>

<net id="884"><net_src comp="199" pin="3"/><net_sink comp="861" pin=8"/></net>

<net id="885"><net_src comp="56" pin="0"/><net_sink comp="861" pin=9"/></net>

<net id="886"><net_src comp="209" pin="3"/><net_sink comp="861" pin=10"/></net>

<net id="887"><net_src comp="88" pin="0"/><net_sink comp="861" pin=11"/></net>

<net id="903"><net_src comp="86" pin="0"/><net_sink comp="888" pin=0"/></net>

<net id="904"><net_src comp="56" pin="0"/><net_sink comp="888" pin=1"/></net>

<net id="905"><net_src comp="169" pin="3"/><net_sink comp="888" pin=2"/></net>

<net id="906"><net_src comp="58" pin="0"/><net_sink comp="888" pin=3"/></net>

<net id="907"><net_src comp="179" pin="3"/><net_sink comp="888" pin=4"/></net>

<net id="908"><net_src comp="50" pin="0"/><net_sink comp="888" pin=5"/></net>

<net id="909"><net_src comp="189" pin="3"/><net_sink comp="888" pin=6"/></net>

<net id="910"><net_src comp="52" pin="0"/><net_sink comp="888" pin=7"/></net>

<net id="911"><net_src comp="199" pin="3"/><net_sink comp="888" pin=8"/></net>

<net id="912"><net_src comp="54" pin="0"/><net_sink comp="888" pin=9"/></net>

<net id="913"><net_src comp="209" pin="3"/><net_sink comp="888" pin=10"/></net>

<net id="914"><net_src comp="88" pin="0"/><net_sink comp="888" pin=11"/></net>

<net id="919"><net_src comp="861" pin="13"/><net_sink comp="915" pin=0"/></net>

<net id="925"><net_src comp="915" pin="2"/><net_sink comp="920" pin=0"/></net>

<net id="926"><net_src comp="861" pin="13"/><net_sink comp="920" pin=1"/></net>

<net id="931"><net_src comp="888" pin="13"/><net_sink comp="927" pin=0"/></net>

<net id="932"><net_src comp="920" pin="3"/><net_sink comp="927" pin=1"/></net>

<net id="938"><net_src comp="927" pin="2"/><net_sink comp="933" pin=0"/></net>

<net id="939"><net_src comp="888" pin="13"/><net_sink comp="933" pin=1"/></net>

<net id="940"><net_src comp="920" pin="3"/><net_sink comp="933" pin=2"/></net>

<net id="946"><net_src comp="106" pin="0"/><net_sink comp="941" pin=0"/></net>

<net id="947"><net_src comp="933" pin="3"/><net_sink comp="941" pin=1"/></net>

<net id="948"><net_src comp="108" pin="0"/><net_sink comp="941" pin=2"/></net>

<net id="953"><net_src comp="941" pin="3"/><net_sink comp="949" pin=0"/></net>

<net id="954"><net_src comp="949" pin="2"/><net_sink comp="395" pin=1"/></net>

<net id="955"><net_src comp="949" pin="2"/><net_sink comp="401" pin=1"/></net>

<net id="956"><net_src comp="949" pin="2"/><net_sink comp="407" pin=1"/></net>

<net id="957"><net_src comp="949" pin="2"/><net_sink comp="413" pin=1"/></net>

<net id="958"><net_src comp="949" pin="2"/><net_sink comp="419" pin=1"/></net>

<net id="959"><net_src comp="949" pin="2"/><net_sink comp="425" pin=1"/></net>

<net id="960"><net_src comp="949" pin="2"/><net_sink comp="431" pin=1"/></net>

<net id="961"><net_src comp="949" pin="2"/><net_sink comp="437" pin=1"/></net>

<net id="965"><net_src comp="110" pin="1"/><net_sink comp="962" pin=0"/></net>

<net id="966"><net_src comp="962" pin="1"/><net_sink comp="457" pin=1"/></net>

<net id="967"><net_src comp="962" pin="1"/><net_sink comp="477" pin=0"/></net>

<net id="968"><net_src comp="962" pin="1"/><net_sink comp="585" pin=1"/></net>

<net id="972"><net_src comp="114" pin="1"/><net_sink comp="969" pin=0"/></net>

<net id="973"><net_src comp="969" pin="1"/><net_sink comp="452" pin=1"/></net>

<net id="974"><net_src comp="969" pin="1"/><net_sink comp="480" pin=0"/></net>

<net id="975"><net_src comp="969" pin="1"/><net_sink comp="580" pin=1"/></net>

<net id="979"><net_src comp="118" pin="1"/><net_sink comp="976" pin=0"/></net>

<net id="980"><net_src comp="976" pin="1"/><net_sink comp="447" pin=1"/></net>

<net id="981"><net_src comp="976" pin="1"/><net_sink comp="462" pin=0"/></net>

<net id="982"><net_src comp="976" pin="1"/><net_sink comp="575" pin=1"/></net>

<net id="986"><net_src comp="128" pin="2"/><net_sink comp="983" pin=0"/></net>

<net id="987"><net_src comp="983" pin="1"/><net_sink comp="844" pin=1"/></net>

<net id="991"><net_src comp="443" pin="1"/><net_sink comp="988" pin=0"/></net>

<net id="992"><net_src comp="988" pin="1"/><net_sink comp="949" pin=1"/></net>

<net id="996"><net_src comp="465" pin="2"/><net_sink comp="993" pin=0"/></net>

<net id="1000"><net_src comp="503" pin="3"/><net_sink comp="997" pin=0"/></net>

<net id="1001"><net_src comp="997" pin="1"/><net_sink comp="604" pin=1"/></net>

<net id="1002"><net_src comp="997" pin="1"/><net_sink comp="841" pin=0"/></net>

<net id="1006"><net_src comp="511" pin="1"/><net_sink comp="1003" pin=0"/></net>

<net id="1007"><net_src comp="1003" pin="1"/><net_sink comp="597" pin=1"/></net>

<net id="1008"><net_src comp="1003" pin="1"/><net_sink comp="656" pin=1"/></net>

<net id="1009"><net_src comp="1003" pin="1"/><net_sink comp="749" pin=1"/></net>

<net id="1010"><net_src comp="1003" pin="1"/><net_sink comp="788" pin=1"/></net>

<net id="1014"><net_src comp="525" pin="1"/><net_sink comp="1011" pin=0"/></net>

<net id="1015"><net_src comp="1011" pin="1"/><net_sink comp="656" pin=3"/></net>

<net id="1016"><net_src comp="1011" pin="1"/><net_sink comp="749" pin=3"/></net>

<net id="1017"><net_src comp="1011" pin="1"/><net_sink comp="788" pin=3"/></net>

<net id="1021"><net_src comp="539" pin="2"/><net_sink comp="1018" pin=0"/></net>

<net id="1022"><net_src comp="1018" pin="1"/><net_sink comp="545" pin=0"/></net>

<net id="1023"><net_src comp="1018" pin="1"/><net_sink comp="594" pin=0"/></net>

<net id="1027"><net_src comp="590" pin="1"/><net_sink comp="1024" pin=0"/></net>

<net id="1028"><net_src comp="1024" pin="1"/><net_sink comp="695" pin=12"/></net>

<net id="1029"><net_src comp="1024" pin="1"/><net_sink comp="722" pin=12"/></net>

<net id="1030"><net_src comp="1024" pin="1"/><net_sink comp="861" pin=12"/></net>

<net id="1031"><net_src comp="1024" pin="1"/><net_sink comp="888" pin=12"/></net>

<net id="1035"><net_src comp="134" pin="3"/><net_sink comp="1032" pin=0"/></net>

<net id="1036"><net_src comp="1032" pin="1"/><net_sink comp="169" pin=2"/></net>

<net id="1040"><net_src comp="141" pin="3"/><net_sink comp="1037" pin=0"/></net>

<net id="1041"><net_src comp="1037" pin="1"/><net_sink comp="179" pin=2"/></net>

<net id="1045"><net_src comp="148" pin="3"/><net_sink comp="1042" pin=0"/></net>

<net id="1046"><net_src comp="1042" pin="1"/><net_sink comp="189" pin=2"/></net>

<net id="1050"><net_src comp="155" pin="3"/><net_sink comp="1047" pin=0"/></net>

<net id="1051"><net_src comp="1047" pin="1"/><net_sink comp="199" pin=2"/></net>

<net id="1055"><net_src comp="162" pin="3"/><net_sink comp="1052" pin=0"/></net>

<net id="1056"><net_src comp="1052" pin="1"/><net_sink comp="209" pin=2"/></net>

<net id="1060"><net_src comp="219" pin="3"/><net_sink comp="1057" pin=0"/></net>

<net id="1061"><net_src comp="1057" pin="1"/><net_sink comp="169" pin=2"/></net>

<net id="1065"><net_src comp="226" pin="3"/><net_sink comp="1062" pin=0"/></net>

<net id="1066"><net_src comp="1062" pin="1"/><net_sink comp="179" pin=2"/></net>

<net id="1070"><net_src comp="233" pin="3"/><net_sink comp="1067" pin=0"/></net>

<net id="1071"><net_src comp="1067" pin="1"/><net_sink comp="189" pin=2"/></net>

<net id="1075"><net_src comp="240" pin="3"/><net_sink comp="1072" pin=0"/></net>

<net id="1076"><net_src comp="1072" pin="1"/><net_sink comp="199" pin=2"/></net>

<net id="1080"><net_src comp="247" pin="3"/><net_sink comp="1077" pin=0"/></net>

<net id="1081"><net_src comp="1077" pin="1"/><net_sink comp="209" pin=2"/></net>

<net id="1085"><net_src comp="259" pin="3"/><net_sink comp="1082" pin=0"/></net>

<net id="1086"><net_src comp="1082" pin="1"/><net_sink comp="169" pin=0"/></net>

<net id="1090"><net_src comp="266" pin="3"/><net_sink comp="1087" pin=0"/></net>

<net id="1091"><net_src comp="1087" pin="1"/><net_sink comp="179" pin=0"/></net>

<net id="1095"><net_src comp="273" pin="3"/><net_sink comp="1092" pin=0"/></net>

<net id="1096"><net_src comp="1092" pin="1"/><net_sink comp="189" pin=0"/></net>

<net id="1100"><net_src comp="280" pin="3"/><net_sink comp="1097" pin=0"/></net>

<net id="1101"><net_src comp="1097" pin="1"/><net_sink comp="199" pin=0"/></net>

<net id="1105"><net_src comp="287" pin="3"/><net_sink comp="1102" pin=0"/></net>

<net id="1106"><net_src comp="1102" pin="1"/><net_sink comp="209" pin=0"/></net>

<net id="1110"><net_src comp="299" pin="3"/><net_sink comp="1107" pin=0"/></net>

<net id="1111"><net_src comp="1107" pin="1"/><net_sink comp="169" pin=0"/></net>

<net id="1115"><net_src comp="306" pin="3"/><net_sink comp="1112" pin=0"/></net>

<net id="1116"><net_src comp="1112" pin="1"/><net_sink comp="179" pin=0"/></net>

<net id="1120"><net_src comp="313" pin="3"/><net_sink comp="1117" pin=0"/></net>

<net id="1121"><net_src comp="1117" pin="1"/><net_sink comp="189" pin=0"/></net>

<net id="1125"><net_src comp="320" pin="3"/><net_sink comp="1122" pin=0"/></net>

<net id="1126"><net_src comp="1122" pin="1"/><net_sink comp="199" pin=0"/></net>

<net id="1130"><net_src comp="327" pin="3"/><net_sink comp="1127" pin=0"/></net>

<net id="1131"><net_src comp="1127" pin="1"/><net_sink comp="209" pin=0"/></net>

<net id="1135"><net_src comp="833" pin="3"/><net_sink comp="1132" pin=0"/></net>

<net id="1136"><net_src comp="1132" pin="1"/><net_sink comp="915" pin=1"/></net>

<net id="1137"><net_src comp="1132" pin="1"/><net_sink comp="920" pin=2"/></net>

</net_list>

</model> 
---------------- Datapath Model END ------------------

* FSMD analyzer results:
  - Output states:
	Port: bnn_top_int_const_unsigned_int_const_int_const_unsigned_int_const_int_co_12 | {12 }
	Port: bnn_top_int_const_unsigned_int_const_int_const_unsigned_int_const_int_co_6 | {12 }
	Port: bnn_top_int_const_unsigned_int_const_int_const_unsigned_int_const_int_co_5 | {12 }
	Port: bnn_top_int_const_unsigned_int_const_int_const_unsigned_int_const_int_co_11 | {12 }
	Port: bnn_top_int_const_unsigned_int_const_int_const_unsigned_int_const_int_co_10 | {12 }
	Port: bnn_top_int_const_unsigned_int_const_int_const_unsigned_int_const_int_co_9 | {12 }
	Port: bnn_top_int_const_unsigned_int_const_int_const_unsigned_int_const_int_co_8 | {12 }
	Port: bnn_top_int_const_unsigned_int_const_int_const_unsigned_int_const_int_co_7 | {12 }
 - Input state : 
	Port: bnn_top_Pipeline_VITIS_LOOP_96_14_VITIS_LOOP_97_15 : shl_ln2 | {1 }
	Port: bnn_top_Pipeline_VITIS_LOOP_96_14_VITIS_LOOP_97_15 : sext_ln104 | {1 }
	Port: bnn_top_Pipeline_VITIS_LOOP_96_14_VITIS_LOOP_97_15 : bnn_top_int_const_unsigned_int_const_int_const_unsigned_int_const_int_co_4 | {10 11 12 }
	Port: bnn_top_Pipeline_VITIS_LOOP_96_14_VITIS_LOOP_97_15 : bnn_top_int_const_unsigned_int_const_int_const_unsigned_int_const_int_co_3 | {10 11 12 }
	Port: bnn_top_Pipeline_VITIS_LOOP_96_14_VITIS_LOOP_97_15 : bnn_top_int_const_unsigned_int_const_int_const_unsigned_int_const_int_co_2 | {10 11 12 }
	Port: bnn_top_Pipeline_VITIS_LOOP_96_14_VITIS_LOOP_97_15 : bnn_top_int_const_unsigned_int_const_int_const_unsigned_int_const_int_co_1 | {10 11 12 }
	Port: bnn_top_Pipeline_VITIS_LOOP_96_14_VITIS_LOOP_97_15 : bnn_top_int_const_unsigned_int_const_int_const_unsigned_int_const_int_co | {10 11 12 }
  - Chain level:
	State 1
		store_ln0 : 1
		store_ln96 : 1
		store_ln97 : 1
		indvar_flatten36_load : 1
		icmp_ln96 : 2
		add_ln96 : 2
		br_ln96 : 3
		pw_load : 1
		ph_load : 1
		icmp_ln97 : 2
		select_ln96 : 3
		add_ln96_1 : 2
		select_ln96_1 : 3
		trunc_ln99 : 4
		shl_ln99 : 4
		zext_ln99 : 4
		trunc_ln97 : 4
		shl_ln99_1 : 4
		zext_ln99_1 : 4
		add_ln99 : 5
		urem_ln99 : 6
		switch_ln104 : 5
		add_ln97 : 4
		store_ln96 : 3
		store_ln96 : 4
		store_ln97 : 5
	State 2
	State 3
	State 4
	State 5
	State 6
	State 7
	State 8
	State 9
		trunc_ln99_1 : 1
	State 10
		zext_ln99_3 : 1
		sub_ln99 : 2
		add_ln99_1 : 3
		zext_ln99_5 : 4
		mul_ln99 : 5
		tmp_1 : 6
		zext_ln99_4 : 7
		bnn_top_int_const_unsigned_int_const_int_const_unsigned_int_const_int_co_29 : 8
		bnn_top_int_const_unsigned_int_const_int_const_unsigned_int_const_int_co_30 : 8
		bnn_top_int_const_unsigned_int_const_int_const_unsigned_int_const_int_co_31 : 8
		bnn_top_int_const_unsigned_int_const_int_const_unsigned_int_const_int_co_32 : 8
		bnn_top_int_const_unsigned_int_const_int_const_unsigned_int_const_int_co_33 : 8
		bnn_top_int_const_unsigned_int_const_int_const_unsigned_int_const_int_co_34 : 9
		bnn_top_int_const_unsigned_int_const_int_const_unsigned_int_const_int_co_35 : 9
		bnn_top_int_const_unsigned_int_const_int_const_unsigned_int_const_int_co_36 : 9
		bnn_top_int_const_unsigned_int_const_int_const_unsigned_int_const_int_co_37 : 9
		bnn_top_int_const_unsigned_int_const_int_const_unsigned_int_const_int_co_38 : 9
		zext_ln100_1 : 1
		mul_ln100 : 2
		tmp_2 : 3
		zext_ln100 : 4
		bnn_top_int_const_unsigned_int_const_int_const_unsigned_int_const_int_co_39 : 5
		bnn_top_int_const_unsigned_int_const_int_const_unsigned_int_const_int_co_40 : 5
		bnn_top_int_const_unsigned_int_const_int_const_unsigned_int_const_int_co_41 : 5
		bnn_top_int_const_unsigned_int_const_int_const_unsigned_int_const_int_co_42 : 5
		bnn_top_int_const_unsigned_int_const_int_const_unsigned_int_const_int_co_43 : 5
		bnn_top_int_const_unsigned_int_const_int_const_unsigned_int_const_int_co_44 : 6
		bnn_top_int_const_unsigned_int_const_int_const_unsigned_int_const_int_co_45 : 6
		bnn_top_int_const_unsigned_int_const_int_const_unsigned_int_const_int_co_46 : 6
		bnn_top_int_const_unsigned_int_const_int_const_unsigned_int_const_int_co_47 : 6
		bnn_top_int_const_unsigned_int_const_int_const_unsigned_int_const_int_co_48 : 6
	State 11
		s0 : 1
		s1 : 1
		zext_ln101_1 : 1
		mul_ln101 : 2
		tmp_3 : 3
		zext_ln101 : 4
		bnn_top_int_const_unsigned_int_const_int_const_unsigned_int_const_int_co_49 : 5
		bnn_top_int_const_unsigned_int_const_int_const_unsigned_int_const_int_co_50 : 5
		bnn_top_int_const_unsigned_int_const_int_const_unsigned_int_const_int_co_51 : 5
		bnn_top_int_const_unsigned_int_const_int_const_unsigned_int_const_int_co_52 : 5
		bnn_top_int_const_unsigned_int_const_int_const_unsigned_int_const_int_co_53 : 5
		bnn_top_int_const_unsigned_int_const_int_const_unsigned_int_const_int_co_54 : 6
		bnn_top_int_const_unsigned_int_const_int_const_unsigned_int_const_int_co_55 : 6
		bnn_top_int_const_unsigned_int_const_int_const_unsigned_int_const_int_co_56 : 6
		bnn_top_int_const_unsigned_int_const_int_const_unsigned_int_const_int_co_57 : 6
		bnn_top_int_const_unsigned_int_const_int_const_unsigned_int_const_int_co_58 : 6
		zext_ln102_1 : 1
		mul_ln102 : 2
		tmp_4 : 3
		zext_ln102 : 4
		bnn_top_int_const_unsigned_int_const_int_const_unsigned_int_const_int_co_59 : 5
		bnn_top_int_const_unsigned_int_const_int_const_unsigned_int_const_int_co_60 : 5
		bnn_top_int_const_unsigned_int_const_int_const_unsigned_int_const_int_co_61 : 5
		bnn_top_int_const_unsigned_int_const_int_const_unsigned_int_const_int_co_62 : 5
		bnn_top_int_const_unsigned_int_const_int_const_unsigned_int_const_int_co_63 : 5
		bnn_top_int_const_unsigned_int_const_int_const_unsigned_int_const_int_co_64 : 6
		bnn_top_int_const_unsigned_int_const_int_const_unsigned_int_const_int_co_65 : 6
		bnn_top_int_const_unsigned_int_const_int_const_unsigned_int_const_int_co_66 : 6
		bnn_top_int_const_unsigned_int_const_int_const_unsigned_int_const_int_co_67 : 6
		bnn_top_int_const_unsigned_int_const_int_const_unsigned_int_const_int_co_68 : 6
		icmp_ln103 : 2
		m_1 : 3
	State 12
		add_ln104 : 1
		zext_ln104 : 2
		bnn_top_int_const_unsigned_int_const_int_const_unsigned_int_const_int_co_21 : 3
		bnn_top_int_const_unsigned_int_const_int_const_unsigned_int_const_int_co_22 : 3
		bnn_top_int_const_unsigned_int_const_int_const_unsigned_int_const_int_co_23 : 3
		bnn_top_int_const_unsigned_int_const_int_const_unsigned_int_const_int_co_24 : 3
		bnn_top_int_const_unsigned_int_const_int_const_unsigned_int_const_int_co_25 : 3
		bnn_top_int_const_unsigned_int_const_int_const_unsigned_int_const_int_co_26 : 3
		bnn_top_int_const_unsigned_int_const_int_const_unsigned_int_const_int_co_27 : 3
		bnn_top_int_const_unsigned_int_const_int_const_unsigned_int_const_int_co_28 : 3
		s2 : 1
		s3 : 1
		icmp_ln103_1 : 2
		m_3 : 3
		icmp_ln103_2 : 4
		select_ln103 : 5
		shl_ln104_1 : 6
		icmp_ln104 : 7
		store_ln104 : 8
		store_ln104 : 8
		store_ln104 : 8
		store_ln104 : 8
		store_ln104 : 8
		store_ln104 : 8
		store_ln104 : 8
		store_ln104 : 8


============================================================
+ Verbose Summary: Datapath Resource usage 
============================================================

* Functional unit list:
|----------|-----------------------------|---------|---------|---------|
| Operation|       Functional Unit       |   DSP   |    FF   |   LUT   |
|----------|-----------------------------|---------|---------|---------|
|          |       mul_ln99_fu_631       |    0    |    0    |    62   |
|    mul   |       mul_ln100_fu_670      |    0    |    0    |    62   |
|          |       mul_ln101_fu_763      |    0    |    0    |    62   |
|          |       mul_ln102_fu_802      |    0    |    0    |    62   |
|----------|-----------------------------|---------|---------|---------|
|          |       icmp_ln96_fu_465      |    0    |    0    |    14   |
|          |       icmp_ln97_fu_483      |    0    |    0    |    12   |
|   icmp   |      icmp_ln103_fu_827      |    0    |    0    |    39   |
|          |     icmp_ln103_1_fu_915     |    0    |    0    |    39   |
|          |     icmp_ln103_2_fu_927     |    0    |    0    |    39   |
|          |      icmp_ln104_fu_949      |    0    |    0    |    47   |
|----------|-----------------------------|---------|---------|---------|
|   urem   |          grp_fu_545         |    0    |    98   |    49   |
|----------|-----------------------------|---------|---------|---------|
|          |      select_ln96_fu_489     |    0    |    0    |    4    |
|          |     select_ln96_1_fu_503    |    0    |    0    |    4    |
|  select  |          m_1_fu_833         |    0    |    0    |    32   |
|          |          m_3_fu_920         |    0    |    0    |    32   |
|          |     select_ln103_fu_933     |    0    |    0    |    32   |
|----------|-----------------------------|---------|---------|---------|
|          |          s0_fu_695          |    0    |    0    |    26   |
| sparsemux|          s1_fu_722          |    0    |    0    |    26   |
|          |          s2_fu_861          |    0    |    0    |    26   |
|          |          s3_fu_888          |    0    |    0    |    26   |
|----------|-----------------------------|---------|---------|---------|
|          |       add_ln96_fu_471       |    0    |    0    |    14   |
|          |      add_ln96_1_fu_497      |    0    |    0    |    12   |
|    add   |       add_ln99_fu_539       |    0    |    0    |    12   |
|          |       add_ln97_fu_569       |    0    |    0    |    12   |
|          |      add_ln99_1_fu_621      |    0    |    0    |    19   |
|          |       add_ln104_fu_844      |    0    |    0    |    16   |
|----------|-----------------------------|---------|---------|---------|
|    sub   |       sub_ln99_fu_615       |    0    |    0    |    19   |
|----------|-----------------------------|---------|---------|---------|
|   read   | sext_ln104_read_read_fu_122 |    0    |    0    |    0    |
|          |   shl_ln2_read_read_fu_128  |    0    |    0    |    0    |
|----------|-----------------------------|---------|---------|---------|
|   sext   |    sext_ln104_cast_fu_443   |    0    |    0    |    0    |
|----------|-----------------------------|---------|---------|---------|
|          |      trunc_ln99_fu_511      |    0    |    0    |    0    |
|   trunc  |      trunc_ln97_fu_525      |    0    |    0    |    0    |
|          |     trunc_ln99_1_fu_590     |    0    |    0    |    0    |
|----------|-----------------------------|---------|---------|---------|
|    shl   |       shl_ln99_fu_515       |    0    |    0    |    0    |
|          |      shl_ln99_1_fu_529      |    0    |    0    |    0    |
|----------|-----------------------------|---------|---------|---------|
|          |       zext_ln99_fu_521      |    0    |    0    |    0    |
|          |      zext_ln99_1_fu_535     |    0    |    0    |    0    |
|          |      zext_ln99_2_fu_594     |    0    |    0    |    0    |
|          |      zext_ln99_3_fu_611     |    0    |    0    |    0    |
|          |      zext_ln99_5_fu_627     |    0    |    0    |    0    |
|          |      zext_ln99_4_fu_647     |    0    |    0    |    0    |
|   zext   |     zext_ln100_1_fu_666     |    0    |    0    |    0    |
|          |      zext_ln100_fu_686      |    0    |    0    |    0    |
|          |     zext_ln101_1_fu_759     |    0    |    0    |    0    |
|          |      zext_ln101_fu_779      |    0    |    0    |    0    |
|          |     zext_ln102_1_fu_798     |    0    |    0    |    0    |
|          |      zext_ln102_fu_818      |    0    |    0    |    0    |
|          |       zext_ln96_fu_841      |    0    |    0    |    0    |
|          |      zext_ln104_fu_849      |    0    |    0    |    0    |
|----------|-----------------------------|---------|---------|---------|
|  switch  |     switch_ln104_fu_551     |    0    |    0    |    0    |
|----------|-----------------------------|---------|---------|---------|
|          |         p_shl_fu_597        |    0    |    0    |    0    |
|          |          tmp_fu_604         |    0    |    0    |    0    |
|bitconcatenate|        add_ln4_fu_656       |    0    |    0    |    0    |
|          |        add_ln5_fu_749       |    0    |    0    |    0    |
|          |        add_ln6_fu_788       |    0    |    0    |    0    |
|          |      shl_ln104_1_fu_941     |    0    |    0    |    0    |
|----------|-----------------------------|---------|---------|---------|
|          |         tmp_1_fu_637        |    0    |    0    |    0    |
|partselect|         tmp_2_fu_676        |    0    |    0    |    0    |
|          |         tmp_3_fu_769        |    0    |    0    |    0    |
|          |         tmp_4_fu_808        |    0    |    0    |    0    |
|----------|-----------------------------|---------|---------|---------|
|   Total  |                             |    0    |    98   |   799   |
|----------|-----------------------------|---------|---------|---------|

Memories:
N/A

* Register list:
+------------------------------------------------------------------------------------+--------+
|                                                                                    |   FF   |
+------------------------------------------------------------------------------------+--------+
|                                  add_ln99_reg_1018                                 |    5   |
|bnn_top_int_const_unsigned_int_const_int_const_unsigned_int_const_int_co_29_reg_1032|    8   |
|bnn_top_int_const_unsigned_int_const_int_const_unsigned_int_const_int_co_30_reg_1037|    8   |
|bnn_top_int_const_unsigned_int_const_int_const_unsigned_int_const_int_co_31_reg_1042|    8   |
|bnn_top_int_const_unsigned_int_const_int_const_unsigned_int_const_int_co_32_reg_1047|    8   |
|bnn_top_int_const_unsigned_int_const_int_const_unsigned_int_const_int_co_33_reg_1052|    8   |
|bnn_top_int_const_unsigned_int_const_int_const_unsigned_int_const_int_co_39_reg_1057|    8   |
|bnn_top_int_const_unsigned_int_const_int_const_unsigned_int_const_int_co_40_reg_1062|    8   |
|bnn_top_int_const_unsigned_int_const_int_const_unsigned_int_const_int_co_41_reg_1067|    8   |
|bnn_top_int_const_unsigned_int_const_int_const_unsigned_int_const_int_co_42_reg_1072|    8   |
|bnn_top_int_const_unsigned_int_const_int_const_unsigned_int_const_int_co_43_reg_1077|    8   |
|bnn_top_int_const_unsigned_int_const_int_const_unsigned_int_const_int_co_49_reg_1082|    8   |
|bnn_top_int_const_unsigned_int_const_int_const_unsigned_int_const_int_co_50_reg_1087|    8   |
|bnn_top_int_const_unsigned_int_const_int_const_unsigned_int_const_int_co_51_reg_1092|    8   |
|bnn_top_int_const_unsigned_int_const_int_const_unsigned_int_const_int_co_52_reg_1097|    8   |
|bnn_top_int_const_unsigned_int_const_int_const_unsigned_int_const_int_co_53_reg_1102|    8   |
|bnn_top_int_const_unsigned_int_const_int_const_unsigned_int_const_int_co_59_reg_1107|    8   |
|bnn_top_int_const_unsigned_int_const_int_const_unsigned_int_const_int_co_60_reg_1112|    8   |
|bnn_top_int_const_unsigned_int_const_int_const_unsigned_int_const_int_co_61_reg_1117|    8   |
|bnn_top_int_const_unsigned_int_const_int_const_unsigned_int_const_int_co_62_reg_1122|    8   |
|bnn_top_int_const_unsigned_int_const_int_const_unsigned_int_const_int_co_63_reg_1127|    8   |
|                                  icmp_ln96_reg_993                                 |    1   |
|                              indvar_flatten36_reg_976                              |    7   |
|                                    m_1_reg_1132                                    |   32   |
|                                     ph_reg_969                                     |    4   |
|                                     pw_reg_962                                     |    4   |
|                                select_ln96_1_reg_997                               |    4   |
|                               sext_ln104_cast_reg_988                              |   40   |
|                                shl_ln2_read_reg_983                                |    9   |
|                                 trunc_ln97_reg_1011                                |    3   |
|                                trunc_ln99_1_reg_1024                               |    3   |
|                                 trunc_ln99_reg_1003                                |    3   |
+------------------------------------------------------------------------------------+--------+
|                                        Total                                       |   275  |
+------------------------------------------------------------------------------------+--------+

* Multiplexer (MUX) list: 
|-------------------|------|------|------|--------||---------||---------||---------|
|        Comp       |  Pin | Size |  BW  | S x BW ||  Delay  ||    FF   ||   LUT   |
|-------------------|------|------|------|--------||---------||---------||---------|
| grp_access_fu_169 |  p0  |   4  |   8  |   32   ||    0    ||    20   |
| grp_access_fu_169 |  p2  |   4  |   0  |    0   ||    0    ||    20   |
| grp_access_fu_179 |  p0  |   4  |   8  |   32   ||    0    ||    20   |
| grp_access_fu_179 |  p2  |   4  |   0  |    0   ||    0    ||    20   |
| grp_access_fu_189 |  p0  |   4  |   8  |   32   ||    0    ||    20   |
| grp_access_fu_189 |  p2  |   4  |   0  |    0   ||    0    ||    20   |
| grp_access_fu_199 |  p0  |   4  |   8  |   32   ||    0    ||    20   |
| grp_access_fu_199 |  p2  |   4  |   0  |    0   ||    0    ||    20   |
| grp_access_fu_209 |  p0  |   4  |   8  |   32   ||    0    ||    20   |
| grp_access_fu_209 |  p2  |   4  |   0  |    0   ||    0    ||    20   |
|     grp_fu_545    |  p0  |   2  |   5  |   10   ||    0    ||    9    |
|-------------------|------|------|------|--------||---------||---------||---------|
|       Total       |      |      |      |   170  ||  5.677  ||    0    ||   209   |
|-------------------|------|------|------|--------||---------||---------||---------|



* Summary:
+-----------+--------+--------+--------+--------+
|           |   DSP  |  Delay |   FF   |   LUT  |
+-----------+--------+--------+--------+--------+
|  Function |    0   |    -   |   98   |   799  |
|   Memory  |    -   |    -   |    -   |    -   |
|Multiplexer|    -   |    5   |    0   |   209  |
|  Register |    -   |    -   |   275  |    -   |
+-----------+--------+--------+--------+--------+
|   Total   |    0   |    5   |   373  |  1008  |
+-----------+--------+--------+--------+--------+
