

================================================================
== Vitis HLS Report for 'bnn_top_Pipeline_VITIS_LOOP_127_22_VITIS_LOOP_128_23'
================================================================
* Date:           Mon Aug 24 01:28:43 2026

* Version:        2025.2 (Build 6295257 on Nov 12 2025)
* Project:        bnn_hls
* Solution:       sol1 (Vivado IP Flow Target)
* Product family: zynquplus
* Target device:  xczu7ev-ffvc1156-2-e


================================================================
== Performance Estimates
================================================================
+ Timing: 
    * Summary: 
    +--------+----------+----------+------------+
    |  Clock |  Target  | Estimated| Uncertainty|
    +--------+----------+----------+------------+
    |ap_clk  |  10.00 ns|  6.563 ns|     2.70 ns|
    +--------+----------+----------+------------+

+ Latency: 
    * Summary: 
    +---------+---------+----------+----------+-----+-----+-------------------+
    |  Latency (cycles) |  Latency (absolute) |  Interval |      Pipeline     |
    |   min   |   max   |    min   |    max   | min | max |        Type       |
    +---------+---------+----------+----------+-----+-----+-------------------+
    |       28|       28|  0.280 us|  0.280 us|    0|    0|  loop pipeline stp|
    +---------+---------+----------+----------+-----+-----+-------------------+

    + Detail: 
        * Instance: 
        N/A

        * Loop: 
        +---------------------------------------+---------+---------+----------+-----------+-----------+------+----------+
        |                                       |  Latency (cycles) | Iteration|  Initiation Interval  | Trip |          |
        |               Loop Name               |   min   |   max   |  Latency |  achieved |   target  | Count| Pipelined|
        +---------------------------------------+---------+---------+----------+-----------+-----------+------+----------+
        |- VITIS_LOOP_127_22_VITIS_LOOP_128_23  |       26|       26|        12|          1|          1|    16|       yes|
        +---------------------------------------+---------+---------+----------+-----------+-----------+------+----------+

============================================================
+ Verbose Summary: Synthesis Manager
============================================================
InlineROM: 1
ExposeGlobal: 0
============================================================
+ Verbose Summary: CDFG Model
============================================================
IsTopModel: 0
ResetActiveHigh: 1
IsCombinational: 0
IsDatapathOnly: 0
HasWiredReturn: 1
HasMFsm: 2
HasVarLatency: 1
IsPipeline: 0
IsRtlPipelined: 0
IsInstanceOverlapped: 0
IsDontTouch: 0
HasImplIP: 0
IsGatedGlobalClock: 0

+ Individual pipeline summary: 
  * Pipeline-0: initiation interval (II) = 1, depth = 12


============================================================
+ Verbose Summary: Schedule
============================================================
* Number of FSM states : 12
* Pipeline : 1
  Pipeline-0 : II = 1, D = 12, States = { 1 2 3 4 5 6 7 8 9 10 11 12 }
* Dataflow Pipeline: 0

* FSM state transitions: 
1 --> 2 
2 --> 3 
3 --> 4 
4 --> 5 
5 --> 6 
6 --> 7 
7 --> 8 
8 --> 9 
9 --> 10 
10 --> 11 
11 --> 12 
12 --> 

* FSM state operations: 

State 1 <SV = 0> <Delay = 5.48>
ST_1 : Operation 15 [1/1] (0.00ns)   --->   "%pw = alloca i32 1" [bnn.cpp:128]   --->   Operation 15 'alloca' 'pw' <Predicate = true> <Delay = 0.00>
ST_1 : Operation 16 [1/1] (0.00ns)   --->   "%ph = alloca i32 1" [bnn.cpp:127]   --->   Operation 16 'alloca' 'ph' <Predicate = true> <Delay = 0.00>
ST_1 : Operation 17 [1/1] (0.00ns)   --->   "%indvar_flatten66 = alloca i32 1"   --->   Operation 17 'alloca' 'indvar_flatten66' <Predicate = true> <Delay = 0.00>
ST_1 : Operation 18 [1/1] (0.00ns)   --->   "%oc_2_read = read i6 @_ssdm_op_Read.ap_auto.i6, i6 %oc_2"   --->   Operation 18 'read' 'oc_2_read' <Predicate = true> <Delay = 0.00>
ST_1 : Operation 19 [1/1] (0.00ns)   --->   "%sext_ln135_read = read i32 @_ssdm_op_Read.ap_auto.i32, i32 %sext_ln135"   --->   Operation 19 'read' 'sext_ln135_read' <Predicate = true> <Delay = 0.00>
ST_1 : Operation 20 [1/1] (0.00ns)   --->   "%sext_ln135_cast = sext i32 %sext_ln135_read"   --->   Operation 20 'sext' 'sext_ln135_cast' <Predicate = true> <Delay = 0.00>
ST_1 : Operation 21 [1/1] (0.42ns)   --->   "%store_ln0 = store i5 0, i5 %indvar_flatten66"   --->   Operation 21 'store' 'store_ln0' <Predicate = true> <Delay = 0.42>
ST_1 : Operation 22 [1/1] (0.42ns)   --->   "%store_ln127 = store i3 0, i3 %ph" [bnn.cpp:127]   --->   Operation 22 'store' 'store_ln127' <Predicate = true> <Delay = 0.42>
ST_1 : Operation 23 [1/1] (0.42ns)   --->   "%store_ln128 = store i3 0, i3 %pw" [bnn.cpp:128]   --->   Operation 23 'store' 'store_ln128' <Predicate = true> <Delay = 0.42>
ST_1 : Operation 24 [1/1] (0.00ns)   --->   "%br_ln0 = br void %for.body387"   --->   Operation 24 'br' 'br_ln0' <Predicate = true> <Delay = 0.00>
ST_1 : Operation 25 [1/1] (0.00ns)   --->   "%indvar_flatten66_load = load i5 %indvar_flatten66" [bnn.cpp:127]   --->   Operation 25 'load' 'indvar_flatten66_load' <Predicate = true> <Delay = 0.00>
ST_1 : Operation 26 [1/1] (0.78ns)   --->   "%icmp_ln127 = icmp_eq  i5 %indvar_flatten66_load, i5 16" [bnn.cpp:127]   --->   Operation 26 'icmp' 'icmp_ln127' <Predicate = true> <Delay = 0.78> <CoreInst = "Cmp">   --->   Core 9 'Cmp' <Latency = 0> <II = 1> <Delay = 0.78> <FuncUnit> <Opcode : 'seteq' 'setne' 'setle' 'setge' 'setlt' 'setgt'> <InPorts = 2> <OutPorts = 1>
ST_1 : Operation 27 [1/1] (0.78ns)   --->   "%add_ln127 = add i5 %indvar_flatten66_load, i5 1" [bnn.cpp:127]   --->   Operation 27 'add' 'add_ln127' <Predicate = true> <Delay = 0.78> <CoreInst = "Adder">   --->   Core 1 'Adder' <Latency = 0> <II = 1> <Delay = 0.78> <FuncUnit> <Opcode : 'add' 'sub'> <InPorts = 2> <OutPorts = 1>
ST_1 : Operation 28 [1/1] (0.00ns)   --->   "%br_ln127 = br i1 %icmp_ln127, void %for.inc446, void %for.inc449.exitStub" [bnn.cpp:127]   --->   Operation 28 'br' 'br_ln127' <Predicate = true> <Delay = 0.00>
ST_1 : Operation 29 [1/1] (0.00ns)   --->   "%pw_load = load i3 %pw" [bnn.cpp:128]   --->   Operation 29 'load' 'pw_load' <Predicate = (!icmp_ln127)> <Delay = 0.00>
ST_1 : Operation 30 [1/1] (0.00ns)   --->   "%ph_load = load i3 %ph" [bnn.cpp:127]   --->   Operation 30 'load' 'ph_load' <Predicate = (!icmp_ln127)> <Delay = 0.00>
ST_1 : Operation 31 [1/1] (0.67ns)   --->   "%icmp_ln128 = icmp_eq  i3 %pw_load, i3 4" [bnn.cpp:128]   --->   Operation 31 'icmp' 'icmp_ln128' <Predicate = (!icmp_ln127)> <Delay = 0.67> <CoreInst = "Cmp">   --->   Core 9 'Cmp' <Latency = 0> <II = 1> <Delay = 0.67> <FuncUnit> <Opcode : 'seteq' 'setne' 'setle' 'setge' 'setlt' 'setgt'> <InPorts = 2> <OutPorts = 1>
ST_1 : Operation 32 [1/1] (0.20ns)   --->   "%select_ln127 = select i1 %icmp_ln128, i3 0, i3 %pw_load" [bnn.cpp:127]   --->   Operation 32 'select' 'select_ln127' <Predicate = (!icmp_ln127)> <Delay = 0.20> <CoreInst = "Sel">   --->   Core 73 'Sel' <Latency = 0> <II = 1> <Delay = 0.20> <FuncUnit> <Opcode : 'select'> <InPorts = 3> <OutPorts = 1>
ST_1 : Operation 33 [1/1] (0.67ns)   --->   "%add_ln127_1 = add i3 %ph_load, i3 1" [bnn.cpp:127]   --->   Operation 33 'add' 'add_ln127_1' <Predicate = (!icmp_ln127)> <Delay = 0.67> <CoreInst = "Adder">   --->   Core 1 'Adder' <Latency = 0> <II = 1> <Delay = 0.67> <FuncUnit> <Opcode : 'add' 'sub'> <InPorts = 2> <OutPorts = 1>
ST_1 : Operation 34 [1/1] (0.20ns)   --->   "%select_ln127_1 = select i1 %icmp_ln128, i3 %add_ln127_1, i3 %ph_load" [bnn.cpp:127]   --->   Operation 34 'select' 'select_ln127_1' <Predicate = (!icmp_ln127)> <Delay = 0.20> <CoreInst = "Sel">   --->   Core 73 'Sel' <Latency = 0> <II = 1> <Delay = 0.20> <FuncUnit> <Opcode : 'select'> <InPorts = 3> <OutPorts = 1>
ST_1 : Operation 35 [1/1] (0.00ns)   --->   "%trunc_ln130 = trunc i3 %select_ln127_1" [bnn.cpp:130]   --->   Operation 35 'trunc' 'trunc_ln130' <Predicate = (!icmp_ln127)> <Delay = 0.00>
ST_1 : Operation 36 [1/1] (0.00ns)   --->   "%p_shl = bitconcatenate i5 @_ssdm_op_BitConcatenate.i5.i2.i3, i2 %trunc_ln130, i3 0" [bnn.cpp:130]   --->   Operation 36 'bitconcatenate' 'p_shl' <Predicate = (!icmp_ln127)> <Delay = 0.00>
ST_1 : Operation 37 [1/1] (0.00ns)   --->   "%tmp = bitconcatenate i4 @_ssdm_op_BitConcatenate.i4.i3.i1, i3 %select_ln127_1, i1 0" [bnn.cpp:130]   --->   Operation 37 'bitconcatenate' 'tmp' <Predicate = (!icmp_ln127)> <Delay = 0.00>
ST_1 : Operation 38 [1/1] (0.00ns)   --->   "%zext_ln130 = zext i4 %tmp" [bnn.cpp:130]   --->   Operation 38 'zext' 'zext_ln130' <Predicate = (!icmp_ln127)> <Delay = 0.00>
ST_1 : Operation 39 [1/1] (0.00ns) (grouped into TernaryAdder)   --->   "%sub_ln130 = sub i5 %p_shl, i5 %zext_ln130" [bnn.cpp:130]   --->   Operation 39 'sub' 'sub_ln130' <Predicate = (!icmp_ln127)> <Delay = 0.00> <CoreInst = "TAddSub">   --->   Core 10 'TAddSub' <Latency = 0> <II = 1> <Delay = 0.30> <IPBlock> <Opcode : 'add' 'sub'> <InPorts = 3> <OutPorts = 1> <Sync> <CReg>
ST_1 : Operation 40 [1/1] (0.00ns)   --->   "%trunc_ln130_1 = trunc i3 %select_ln127" [bnn.cpp:130]   --->   Operation 40 'trunc' 'trunc_ln130_1' <Predicate = (!icmp_ln127)> <Delay = 0.00>
ST_1 : Operation 41 [1/1] (0.00ns)   --->   "%shl_ln130 = shl i3 %select_ln127, i3 1" [bnn.cpp:130]   --->   Operation 41 'shl' 'shl_ln130' <Predicate = (!icmp_ln127)> <Delay = 0.00>
ST_1 : Operation 42 [1/1] (0.00ns)   --->   "%zext_ln130_1 = zext i3 %shl_ln130" [bnn.cpp:130]   --->   Operation 42 'zext' 'zext_ln130_1' <Predicate = (!icmp_ln127)> <Delay = 0.00>
ST_1 : Operation 43 [1/1] (0.61ns) (root node of TernaryAdder)   --->   "%add_ln130 = add i5 %zext_ln130_1, i5 %sub_ln130" [bnn.cpp:130]   --->   Operation 43 'add' 'add_ln130' <Predicate = (!icmp_ln127)> <Delay = 0.61> <CoreInst = "TAddSub">   --->   Core 10 'TAddSub' <Latency = 0> <II = 1> <Delay = 0.30> <IPBlock> <Opcode : 'add' 'sub'> <InPorts = 3> <OutPorts = 1> <Sync> <CReg>
ST_1 : Operation 44 [1/1] (0.00ns)   --->   "%zext_ln130_2 = zext i5 %add_ln130" [bnn.cpp:130]   --->   Operation 44 'zext' 'zext_ln130_2' <Predicate = (!icmp_ln127)> <Delay = 0.00>
ST_1 : Operation 45 [1/1] (0.78ns)   --->   "%add_ln130_2 = add i5 %p_shl, i5 %zext_ln130" [bnn.cpp:130]   --->   Operation 45 'add' 'add_ln130_2' <Predicate = (!icmp_ln127)> <Delay = 0.78> <CoreInst = "Adder">   --->   Core 1 'Adder' <Latency = 0> <II = 1> <Delay = 0.78> <FuncUnit> <Opcode : 'add' 'sub'> <InPorts = 2> <OutPorts = 1>
ST_1 : Operation 46 [1/1] (0.00ns)   --->   "%zext_ln130_3 = zext i5 %add_ln130_2" [bnn.cpp:130]   --->   Operation 46 'zext' 'zext_ln130_3' <Predicate = (!icmp_ln127)> <Delay = 0.00>
ST_1 : Operation 47 [1/1] (2.39ns) (grouped into DSP with root node mul_ln130)   --->   "%add_ln130_1 = add i6 %zext_ln130_2, i6 %zext_ln130_3" [bnn.cpp:130]   --->   Operation 47 'add' 'add_ln130_1' <Predicate = (!icmp_ln127)> <Delay = 2.39> <CoreInst = "DSP48">   --->   Core 124 'DSP48' <Latency = 3> <II = 1> <Delay = 0.53> <IPBlock> <Opcode : 'add' 'sub' 'mul' 'select'> <InPorts = 0> <OutPorts = 1> <Sync> <CReg>
ST_1 : Operation 48 [1/1] (0.00ns) (grouped into DSP with root node mul_ln130)   --->   "%zext_ln130_4 = zext i6 %add_ln130_1" [bnn.cpp:130]   --->   Operation 48 'zext' 'zext_ln130_4' <Predicate = (!icmp_ln127)> <Delay = 0.00>
ST_1 : Operation 49 [4/4] (0.99ns) (root node of the DSP)   --->   "%mul_ln130 = mul i13 %zext_ln130_4, i13 103" [bnn.cpp:130]   --->   Operation 49 'mul' 'mul_ln130' <Predicate = (!icmp_ln127)> <Delay = 0.99> <CoreInst = "DSP48">   --->   Core 124 'DSP48' <Latency = 3> <II = 1> <Delay = 0.53> <IPBlock> <Opcode : 'add' 'sub' 'mul' 'select'> <InPorts = 0> <OutPorts = 1> <Sync> <CReg>
ST_1 : Operation 50 [9/9] (1.06ns)   --->   "%urem_ln130 = urem i5 %add_ln130, i5 5" [bnn.cpp:130]   --->   Operation 50 'urem' 'urem_ln130' <Predicate = (!icmp_ln127)> <Delay = 1.06> <CoreInst = "Divider">   --->   Core 6 'Divider' <Latency = 8> <II = 1> <Delay = 1.06> <FuncUnit> <Opcode : 'udiv' 'sdiv' 'urem' 'srem'> <InPorts = 2> <OutPorts = 1>
ST_1 : Operation 51 [1/1] (0.67ns)   --->   "%add_ln128 = add i3 %select_ln127, i3 1" [bnn.cpp:128]   --->   Operation 51 'add' 'add_ln128' <Predicate = (!icmp_ln127)> <Delay = 0.67> <CoreInst = "Adder">   --->   Core 1 'Adder' <Latency = 0> <II = 1> <Delay = 0.67> <FuncUnit> <Opcode : 'add' 'sub'> <InPorts = 2> <OutPorts = 1>
ST_1 : Operation 52 [1/1] (0.42ns)   --->   "%store_ln127 = store i5 %add_ln127, i5 %indvar_flatten66" [bnn.cpp:127]   --->   Operation 52 'store' 'store_ln127' <Predicate = (!icmp_ln127)> <Delay = 0.42>
ST_1 : Operation 53 [1/1] (0.42ns)   --->   "%store_ln127 = store i3 %select_ln127_1, i3 %ph" [bnn.cpp:127]   --->   Operation 53 'store' 'store_ln127' <Predicate = (!icmp_ln127)> <Delay = 0.42>
ST_1 : Operation 54 [1/1] (0.42ns)   --->   "%store_ln128 = store i3 %add_ln128, i3 %pw" [bnn.cpp:128]   --->   Operation 54 'store' 'store_ln128' <Predicate = (!icmp_ln127)> <Delay = 0.42>

State 2 <SV = 1> <Delay = 1.06>
ST_2 : Operation 55 [3/4] (0.99ns) (root node of the DSP)   --->   "%mul_ln130 = mul i13 %zext_ln130_4, i13 103" [bnn.cpp:130]   --->   Operation 55 'mul' 'mul_ln130' <Predicate = true> <Delay = 0.99> <CoreInst = "DSP48">   --->   Core 124 'DSP48' <Latency = 3> <II = 1> <Delay = 0.53> <IPBlock> <Opcode : 'add' 'sub' 'mul' 'select'> <InPorts = 0> <OutPorts = 1> <Sync> <CReg>
ST_2 : Operation 56 [8/9] (1.06ns)   --->   "%urem_ln130 = urem i5 %add_ln130, i5 5" [bnn.cpp:130]   --->   Operation 56 'urem' 'urem_ln130' <Predicate = true> <Delay = 1.06> <CoreInst = "Divider">   --->   Core 6 'Divider' <Latency = 8> <II = 1> <Delay = 1.06> <FuncUnit> <Opcode : 'udiv' 'sdiv' 'urem' 'srem'> <InPorts = 2> <OutPorts = 1>

State 3 <SV = 2> <Delay = 1.06>
ST_3 : Operation 57 [2/4] (0.99ns) (root node of the DSP)   --->   "%mul_ln130 = mul i13 %zext_ln130_4, i13 103" [bnn.cpp:130]   --->   Operation 57 'mul' 'mul_ln130' <Predicate = true> <Delay = 0.99> <CoreInst = "DSP48">   --->   Core 124 'DSP48' <Latency = 3> <II = 1> <Delay = 0.53> <IPBlock> <Opcode : 'add' 'sub' 'mul' 'select'> <InPorts = 0> <OutPorts = 1> <Sync> <CReg>
ST_3 : Operation 58 [7/9] (1.06ns)   --->   "%urem_ln130 = urem i5 %add_ln130, i5 5" [bnn.cpp:130]   --->   Operation 58 'urem' 'urem_ln130' <Predicate = true> <Delay = 1.06> <CoreInst = "Divider">   --->   Core 6 'Divider' <Latency = 8> <II = 1> <Delay = 1.06> <FuncUnit> <Opcode : 'udiv' 'sdiv' 'urem' 'srem'> <InPorts = 2> <OutPorts = 1>

State 4 <SV = 3> <Delay = 1.06>
ST_4 : Operation 59 [1/4] (0.00ns) (root node of the DSP)   --->   "%mul_ln130 = mul i13 %zext_ln130_4, i13 103" [bnn.cpp:130]   --->   Operation 59 'mul' 'mul_ln130' <Predicate = true> <Delay = 0.00> <CoreInst = "DSP48">   --->   Core 124 'DSP48' <Latency = 3> <II = 1> <Delay = 0.53> <IPBlock> <Opcode : 'add' 'sub' 'mul' 'select'> <InPorts = 0> <OutPorts = 1> <Sync> <CReg>
ST_4 : Operation 60 [1/1] (0.00ns)   --->   "%tmp_51 = partselect i4 @_ssdm_op_PartSelect.i4.i13.i32.i32, i13 %mul_ln130, i32 9, i32 12" [bnn.cpp:130]   --->   Operation 60 'partselect' 'tmp_51' <Predicate = true> <Delay = 0.00>
ST_4 : Operation 61 [6/9] (1.06ns)   --->   "%urem_ln130 = urem i5 %add_ln130, i5 5" [bnn.cpp:130]   --->   Operation 61 'urem' 'urem_ln130' <Predicate = true> <Delay = 1.06> <CoreInst = "Divider">   --->   Core 6 'Divider' <Latency = 8> <II = 1> <Delay = 1.06> <FuncUnit> <Opcode : 'udiv' 'sdiv' 'urem' 'srem'> <InPorts = 2> <OutPorts = 1>

State 5 <SV = 4> <Delay = 1.06>
ST_5 : Operation 62 [5/9] (1.06ns)   --->   "%urem_ln130 = urem i5 %add_ln130, i5 5" [bnn.cpp:130]   --->   Operation 62 'urem' 'urem_ln130' <Predicate = true> <Delay = 1.06> <CoreInst = "Divider">   --->   Core 6 'Divider' <Latency = 8> <II = 1> <Delay = 1.06> <FuncUnit> <Opcode : 'udiv' 'sdiv' 'urem' 'srem'> <InPorts = 2> <OutPorts = 1>

State 6 <SV = 5> <Delay = 1.06>
ST_6 : Operation 63 [4/9] (1.06ns)   --->   "%urem_ln130 = urem i5 %add_ln130, i5 5" [bnn.cpp:130]   --->   Operation 63 'urem' 'urem_ln130' <Predicate = true> <Delay = 1.06> <CoreInst = "Divider">   --->   Core 6 'Divider' <Latency = 8> <II = 1> <Delay = 1.06> <FuncUnit> <Opcode : 'udiv' 'sdiv' 'urem' 'srem'> <InPorts = 2> <OutPorts = 1>

State 7 <SV = 6> <Delay = 1.06>
ST_7 : Operation 64 [3/9] (1.06ns)   --->   "%urem_ln130 = urem i5 %add_ln130, i5 5" [bnn.cpp:130]   --->   Operation 64 'urem' 'urem_ln130' <Predicate = true> <Delay = 1.06> <CoreInst = "Divider">   --->   Core 6 'Divider' <Latency = 8> <II = 1> <Delay = 1.06> <FuncUnit> <Opcode : 'udiv' 'sdiv' 'urem' 'srem'> <InPorts = 2> <OutPorts = 1>

State 8 <SV = 7> <Delay = 1.06>
ST_8 : Operation 65 [2/9] (1.06ns)   --->   "%urem_ln130 = urem i5 %add_ln130, i5 5" [bnn.cpp:130]   --->   Operation 65 'urem' 'urem_ln130' <Predicate = true> <Delay = 1.06> <CoreInst = "Divider">   --->   Core 6 'Divider' <Latency = 8> <II = 1> <Delay = 1.06> <FuncUnit> <Opcode : 'udiv' 'sdiv' 'urem' 'srem'> <InPorts = 2> <OutPorts = 1>

State 9 <SV = 8> <Delay = 1.06>
ST_9 : Operation 66 [1/9] (1.06ns)   --->   "%urem_ln130 = urem i5 %add_ln130, i5 5" [bnn.cpp:130]   --->   Operation 66 'urem' 'urem_ln130' <Predicate = true> <Delay = 1.06> <CoreInst = "Divider">   --->   Core 6 'Divider' <Latency = 8> <II = 1> <Delay = 1.06> <FuncUnit> <Opcode : 'udiv' 'sdiv' 'urem' 'srem'> <InPorts = 2> <OutPorts = 1>
ST_9 : Operation 67 [1/1] (0.00ns)   --->   "%trunc_ln130_2 = trunc i3 %urem_ln130" [bnn.cpp:130]   --->   Operation 67 'trunc' 'trunc_ln130_2' <Predicate = true> <Delay = 0.00>

State 10 <SV = 9> <Delay = 2.88>
ST_10 : Operation 68 [1/1] (0.00ns)   --->   "%zext_ln130_5 = zext i4 %tmp_51" [bnn.cpp:130]   --->   Operation 68 'zext' 'zext_ln130_5' <Predicate = true> <Delay = 0.00>
ST_10 : Operation 69 [1/1] (0.00ns)   --->   "%bnn_top_int_const_unsigned_int_const_int_const_unsigned_int_const_int_co_271 = getelementptr i32 %bnn_top_int_const_unsigned_int_const_int_const_unsigned_int_const_int_co_4, i64 0, i64 %zext_ln130_5" [bnn.cpp:130]   --->   Operation 69 'getelementptr' 'bnn_top_int_const_unsigned_int_const_int_const_unsigned_int_const_int_co_271' <Predicate = (trunc_ln130_2 == 0)> <Delay = 0.00>
ST_10 : Operation 70 [1/1] (0.00ns)   --->   "%bnn_top_int_const_unsigned_int_const_int_const_unsigned_int_const_int_co_272 = getelementptr i32 %bnn_top_int_const_unsigned_int_const_int_const_unsigned_int_const_int_co_3, i64 0, i64 %zext_ln130_5" [bnn.cpp:130]   --->   Operation 70 'getelementptr' 'bnn_top_int_const_unsigned_int_const_int_const_unsigned_int_const_int_co_272' <Predicate = (trunc_ln130_2 == 1)> <Delay = 0.00>
ST_10 : Operation 71 [1/1] (0.00ns)   --->   "%bnn_top_int_const_unsigned_int_const_int_const_unsigned_int_const_int_co_273 = getelementptr i32 %bnn_top_int_const_unsigned_int_const_int_const_unsigned_int_const_int_co_2, i64 0, i64 %zext_ln130_5" [bnn.cpp:130]   --->   Operation 71 'getelementptr' 'bnn_top_int_const_unsigned_int_const_int_const_unsigned_int_const_int_co_273' <Predicate = (trunc_ln130_2 == 2)> <Delay = 0.00>
ST_10 : Operation 72 [1/1] (0.00ns)   --->   "%bnn_top_int_const_unsigned_int_const_int_const_unsigned_int_const_int_co_274 = getelementptr i32 %bnn_top_int_const_unsigned_int_const_int_const_unsigned_int_const_int_co_1, i64 0, i64 %zext_ln130_5" [bnn.cpp:130]   --->   Operation 72 'getelementptr' 'bnn_top_int_const_unsigned_int_const_int_const_unsigned_int_const_int_co_274' <Predicate = (trunc_ln130_2 == 3)> <Delay = 0.00>
ST_10 : Operation 73 [1/1] (0.00ns)   --->   "%bnn_top_int_const_unsigned_int_const_int_const_unsigned_int_const_int_co_275 = getelementptr i32 %bnn_top_int_const_unsigned_int_const_int_const_unsigned_int_const_int_co, i64 0, i64 %zext_ln130_5" [bnn.cpp:130]   --->   Operation 73 'getelementptr' 'bnn_top_int_const_unsigned_int_const_int_const_unsigned_int_const_int_co_275' <Predicate = (trunc_ln130_2 == 4)> <Delay = 0.00>
ST_10 : Operation 74 [2/2] (1.23ns)   --->   "%bnn_top_int_const_unsigned_int_const_int_const_unsigned_int_const_int_co_276 = load i8 %bnn_top_int_const_unsigned_int_const_int_const_unsigned_int_const_int_co_271" [bnn.cpp:130]   --->   Operation 74 'load' 'bnn_top_int_const_unsigned_int_const_int_const_unsigned_int_const_int_co_276' <Predicate = (trunc_ln130_2 == 0)> <Delay = 1.23> <CoreInst = "RAM">   --->   Core 82 'RAM' <Latency = 1> <II = 1> <Delay = 1.23> <Storage> <Opcode : 'load' 'store'> <Ports = 2> <Width = 32> <Depth = 205> <RAM>
ST_10 : Operation 75 [2/2] (1.23ns)   --->   "%bnn_top_int_const_unsigned_int_const_int_const_unsigned_int_const_int_co_277 = load i8 %bnn_top_int_const_unsigned_int_const_int_const_unsigned_int_const_int_co_272" [bnn.cpp:130]   --->   Operation 75 'load' 'bnn_top_int_const_unsigned_int_const_int_const_unsigned_int_const_int_co_277' <Predicate = (trunc_ln130_2 == 1)> <Delay = 1.23> <CoreInst = "RAM">   --->   Core 82 'RAM' <Latency = 1> <II = 1> <Delay = 1.23> <Storage> <Opcode : 'load' 'store'> <Ports = 2> <Width = 32> <Depth = 205> <RAM>
ST_10 : Operation 76 [2/2] (1.23ns)   --->   "%bnn_top_int_const_unsigned_int_const_int_const_unsigned_int_const_int_co_278 = load i8 %bnn_top_int_const_unsigned_int_const_int_const_unsigned_int_const_int_co_273" [bnn.cpp:130]   --->   Operation 76 'load' 'bnn_top_int_const_unsigned_int_const_int_const_unsigned_int_const_int_co_278' <Predicate = (trunc_ln130_2 == 2)> <Delay = 1.23> <CoreInst = "RAM">   --->   Core 82 'RAM' <Latency = 1> <II = 1> <Delay = 1.23> <Storage> <Opcode : 'load' 'store'> <Ports = 2> <Width = 32> <Depth = 205> <RAM>
ST_10 : Operation 77 [2/2] (1.23ns)   --->   "%bnn_top_int_const_unsigned_int_const_int_const_unsigned_int_const_int_co_279 = load i8 %bnn_top_int_const_unsigned_int_const_int_const_unsigned_int_const_int_co_274" [bnn.cpp:130]   --->   Operation 77 'load' 'bnn_top_int_const_unsigned_int_const_int_const_unsigned_int_const_int_co_279' <Predicate = (trunc_ln130_2 == 3)> <Delay = 1.23> <CoreInst = "RAM">   --->   Core 82 'RAM' <Latency = 1> <II = 1> <Delay = 1.23> <Storage> <Opcode : 'load' 'store'> <Ports = 2> <Width = 32> <Depth = 205> <RAM>
ST_10 : Operation 78 [2/2] (1.23ns)   --->   "%bnn_top_int_const_unsigned_int_const_int_const_unsigned_int_const_int_co_280 = load i8 %bnn_top_int_const_unsigned_int_const_int_const_unsigned_int_const_int_co_275" [bnn.cpp:130]   --->   Operation 78 'load' 'bnn_top_int_const_unsigned_int_const_int_const_unsigned_int_const_int_co_280' <Predicate = (trunc_ln130_2 == 4)> <Delay = 1.23> <CoreInst = "RAM">   --->   Core 82 'RAM' <Latency = 1> <II = 1> <Delay = 1.23> <Storage> <Opcode : 'load' 'store'> <Ports = 2> <Width = 32> <Depth = 205> <RAM>
ST_10 : Operation 79 [1/1] (0.00ns)   --->   "%add_ln7 = bitconcatenate i6 @_ssdm_op_BitConcatenate.i6.i2.i1.i2.i1, i2 %trunc_ln130, i1 0, i2 %trunc_ln130_1, i1 1" [bnn.cpp:131]   --->   Operation 79 'bitconcatenate' 'add_ln7' <Predicate = true> <Delay = 0.00>
ST_10 : Operation 80 [1/1] (0.00ns)   --->   "%zext_ln131_1 = zext i6 %add_ln7" [bnn.cpp:131]   --->   Operation 80 'zext' 'zext_ln131_1' <Predicate = true> <Delay = 0.00>
ST_10 : Operation 81 [1/1] (1.65ns)   --->   "%mul_ln131 = mul i13 %zext_ln131_1, i13 103" [bnn.cpp:131]   --->   Operation 81 'mul' 'mul_ln131' <Predicate = true> <Delay = 1.65> <CoreInst = "Multiplier">   --->   Core 3 'Multiplier' <Latency = 0> <II = 1> <Delay = 1.65> <FuncUnit> <Opcode : 'mul'> <InPorts = 2> <OutPorts = 1>
ST_10 : Operation 82 [1/1] (0.00ns)   --->   "%tmp_52 = partselect i4 @_ssdm_op_PartSelect.i4.i13.i32.i32, i13 %mul_ln131, i32 9, i32 12" [bnn.cpp:131]   --->   Operation 82 'partselect' 'tmp_52' <Predicate = true> <Delay = 0.00>
ST_10 : Operation 83 [1/1] (0.00ns)   --->   "%zext_ln131 = zext i4 %tmp_52" [bnn.cpp:131]   --->   Operation 83 'zext' 'zext_ln131' <Predicate = true> <Delay = 0.00>
ST_10 : Operation 84 [1/1] (0.00ns)   --->   "%bnn_top_int_const_unsigned_int_const_int_const_unsigned_int_const_int_co_281 = getelementptr i32 %bnn_top_int_const_unsigned_int_const_int_const_unsigned_int_const_int_co_4, i64 0, i64 %zext_ln131" [bnn.cpp:131]   --->   Operation 84 'getelementptr' 'bnn_top_int_const_unsigned_int_const_int_const_unsigned_int_const_int_co_281' <Predicate = (trunc_ln130_2 == 4)> <Delay = 0.00>
ST_10 : Operation 85 [1/1] (0.00ns)   --->   "%bnn_top_int_const_unsigned_int_const_int_const_unsigned_int_const_int_co_282 = getelementptr i32 %bnn_top_int_const_unsigned_int_const_int_const_unsigned_int_const_int_co_3, i64 0, i64 %zext_ln131" [bnn.cpp:131]   --->   Operation 85 'getelementptr' 'bnn_top_int_const_unsigned_int_const_int_const_unsigned_int_const_int_co_282' <Predicate = (trunc_ln130_2 == 0)> <Delay = 0.00>
ST_10 : Operation 86 [1/1] (0.00ns)   --->   "%bnn_top_int_const_unsigned_int_const_int_const_unsigned_int_const_int_co_283 = getelementptr i32 %bnn_top_int_const_unsigned_int_const_int_const_unsigned_int_const_int_co_2, i64 0, i64 %zext_ln131" [bnn.cpp:131]   --->   Operation 86 'getelementptr' 'bnn_top_int_const_unsigned_int_const_int_const_unsigned_int_const_int_co_283' <Predicate = (trunc_ln130_2 == 1)> <Delay = 0.00>
ST_10 : Operation 87 [1/1] (0.00ns)   --->   "%bnn_top_int_const_unsigned_int_const_int_const_unsigned_int_const_int_co_284 = getelementptr i32 %bnn_top_int_const_unsigned_int_const_int_const_unsigned_int_const_int_co_1, i64 0, i64 %zext_ln131" [bnn.cpp:131]   --->   Operation 87 'getelementptr' 'bnn_top_int_const_unsigned_int_const_int_const_unsigned_int_const_int_co_284' <Predicate = (trunc_ln130_2 == 2)> <Delay = 0.00>
ST_10 : Operation 88 [1/1] (0.00ns)   --->   "%bnn_top_int_const_unsigned_int_const_int_const_unsigned_int_const_int_co_285 = getelementptr i32 %bnn_top_int_const_unsigned_int_const_int_const_unsigned_int_const_int_co, i64 0, i64 %zext_ln131" [bnn.cpp:131]   --->   Operation 88 'getelementptr' 'bnn_top_int_const_unsigned_int_const_int_const_unsigned_int_const_int_co_285' <Predicate = (trunc_ln130_2 == 3)> <Delay = 0.00>
ST_10 : Operation 89 [2/2] (1.23ns)   --->   "%bnn_top_int_const_unsigned_int_const_int_const_unsigned_int_const_int_co_286 = load i8 %bnn_top_int_const_unsigned_int_const_int_const_unsigned_int_const_int_co_281" [bnn.cpp:131]   --->   Operation 89 'load' 'bnn_top_int_const_unsigned_int_const_int_const_unsigned_int_const_int_co_286' <Predicate = (trunc_ln130_2 == 4)> <Delay = 1.23> <CoreInst = "RAM">   --->   Core 82 'RAM' <Latency = 1> <II = 1> <Delay = 1.23> <Storage> <Opcode : 'load' 'store'> <Ports = 2> <Width = 32> <Depth = 205> <RAM>
ST_10 : Operation 90 [2/2] (1.23ns)   --->   "%bnn_top_int_const_unsigned_int_const_int_const_unsigned_int_const_int_co_287 = load i8 %bnn_top_int_const_unsigned_int_const_int_const_unsigned_int_const_int_co_282" [bnn.cpp:131]   --->   Operation 90 'load' 'bnn_top_int_const_unsigned_int_const_int_const_unsigned_int_const_int_co_287' <Predicate = (trunc_ln130_2 == 0)> <Delay = 1.23> <CoreInst = "RAM">   --->   Core 82 'RAM' <Latency = 1> <II = 1> <Delay = 1.23> <Storage> <Opcode : 'load' 'store'> <Ports = 2> <Width = 32> <Depth = 205> <RAM>
ST_10 : Operation 91 [2/2] (1.23ns)   --->   "%bnn_top_int_const_unsigned_int_const_int_const_unsigned_int_const_int_co_288 = load i8 %bnn_top_int_const_unsigned_int_const_int_const_unsigned_int_const_int_co_283" [bnn.cpp:131]   --->   Operation 91 'load' 'bnn_top_int_const_unsigned_int_const_int_const_unsigned_int_const_int_co_288' <Predicate = (trunc_ln130_2 == 1)> <Delay = 1.23> <CoreInst = "RAM">   --->   Core 82 'RAM' <Latency = 1> <II = 1> <Delay = 1.23> <Storage> <Opcode : 'load' 'store'> <Ports = 2> <Width = 32> <Depth = 205> <RAM>
ST_10 : Operation 92 [2/2] (1.23ns)   --->   "%bnn_top_int_const_unsigned_int_const_int_const_unsigned_int_const_int_co_289 = load i8 %bnn_top_int_const_unsigned_int_const_int_const_unsigned_int_const_int_co_284" [bnn.cpp:131]   --->   Operation 92 'load' 'bnn_top_int_const_unsigned_int_const_int_const_unsigned_int_const_int_co_289' <Predicate = (trunc_ln130_2 == 2)> <Delay = 1.23> <CoreInst = "RAM">   --->   Core 82 'RAM' <Latency = 1> <II = 1> <Delay = 1.23> <Storage> <Opcode : 'load' 'store'> <Ports = 2> <Width = 32> <Depth = 205> <RAM>
ST_10 : Operation 93 [2/2] (1.23ns)   --->   "%bnn_top_int_const_unsigned_int_const_int_const_unsigned_int_const_int_co_290 = load i8 %bnn_top_int_const_unsigned_int_const_int_const_unsigned_int_const_int_co_285" [bnn.cpp:131]   --->   Operation 93 'load' 'bnn_top_int_const_unsigned_int_const_int_const_unsigned_int_const_int_co_290' <Predicate = (trunc_ln130_2 == 3)> <Delay = 1.23> <CoreInst = "RAM">   --->   Core 82 'RAM' <Latency = 1> <II = 1> <Delay = 1.23> <Storage> <Opcode : 'load' 'store'> <Ports = 2> <Width = 32> <Depth = 205> <RAM>

State 11 <SV = 10> <Delay = 3.27>
ST_11 : Operation 94 [1/2] ( I:1.23ns O:1.23ns )   --->   "%bnn_top_int_const_unsigned_int_const_int_const_unsigned_int_const_int_co_276 = load i8 %bnn_top_int_const_unsigned_int_const_int_const_unsigned_int_const_int_co_271" [bnn.cpp:130]   --->   Operation 94 'load' 'bnn_top_int_const_unsigned_int_const_int_const_unsigned_int_const_int_co_276' <Predicate = (trunc_ln130_2 == 0)> <Delay = 1.23> <CoreInst = "RAM">   --->   Core 82 'RAM' <Latency = 1> <II = 1> <Delay = 1.23> <Storage> <Opcode : 'load' 'store'> <Ports = 2> <Width = 32> <Depth = 205> <RAM>
ST_11 : Operation 95 [1/2] ( I:1.23ns O:1.23ns )   --->   "%bnn_top_int_const_unsigned_int_const_int_const_unsigned_int_const_int_co_277 = load i8 %bnn_top_int_const_unsigned_int_const_int_const_unsigned_int_const_int_co_272" [bnn.cpp:130]   --->   Operation 95 'load' 'bnn_top_int_const_unsigned_int_const_int_const_unsigned_int_const_int_co_277' <Predicate = (trunc_ln130_2 == 1)> <Delay = 1.23> <CoreInst = "RAM">   --->   Core 82 'RAM' <Latency = 1> <II = 1> <Delay = 1.23> <Storage> <Opcode : 'load' 'store'> <Ports = 2> <Width = 32> <Depth = 205> <RAM>
ST_11 : Operation 96 [1/2] ( I:1.23ns O:1.23ns )   --->   "%bnn_top_int_const_unsigned_int_const_int_const_unsigned_int_const_int_co_278 = load i8 %bnn_top_int_const_unsigned_int_const_int_const_unsigned_int_const_int_co_273" [bnn.cpp:130]   --->   Operation 96 'load' 'bnn_top_int_const_unsigned_int_const_int_const_unsigned_int_const_int_co_278' <Predicate = (trunc_ln130_2 == 2)> <Delay = 1.23> <CoreInst = "RAM">   --->   Core 82 'RAM' <Latency = 1> <II = 1> <Delay = 1.23> <Storage> <Opcode : 'load' 'store'> <Ports = 2> <Width = 32> <Depth = 205> <RAM>
ST_11 : Operation 97 [1/2] ( I:1.23ns O:1.23ns )   --->   "%bnn_top_int_const_unsigned_int_const_int_const_unsigned_int_const_int_co_279 = load i8 %bnn_top_int_const_unsigned_int_const_int_const_unsigned_int_const_int_co_274" [bnn.cpp:130]   --->   Operation 97 'load' 'bnn_top_int_const_unsigned_int_const_int_const_unsigned_int_const_int_co_279' <Predicate = (trunc_ln130_2 == 3)> <Delay = 1.23> <CoreInst = "RAM">   --->   Core 82 'RAM' <Latency = 1> <II = 1> <Delay = 1.23> <Storage> <Opcode : 'load' 'store'> <Ports = 2> <Width = 32> <Depth = 205> <RAM>
ST_11 : Operation 98 [1/2] ( I:1.23ns O:1.23ns )   --->   "%bnn_top_int_const_unsigned_int_const_int_const_unsigned_int_const_int_co_280 = load i8 %bnn_top_int_const_unsigned_int_const_int_const_unsigned_int_const_int_co_275" [bnn.cpp:130]   --->   Operation 98 'load' 'bnn_top_int_const_unsigned_int_const_int_const_unsigned_int_const_int_co_280' <Predicate = (trunc_ln130_2 == 4)> <Delay = 1.23> <CoreInst = "RAM">   --->   Core 82 'RAM' <Latency = 1> <II = 1> <Delay = 1.23> <Storage> <Opcode : 'load' 'store'> <Ports = 2> <Width = 32> <Depth = 205> <RAM>
ST_11 : Operation 99 [1/1] (0.57ns)   --->   "%s0 = sparsemux i32 @_ssdm_op_SparseMux.ap_auto.5i32.i32.i3, i3 0, i32 %bnn_top_int_const_unsigned_int_const_int_const_unsigned_int_const_int_co_276, i3 1, i32 %bnn_top_int_const_unsigned_int_const_int_const_unsigned_int_const_int_co_277, i3 2, i32 %bnn_top_int_const_unsigned_int_const_int_const_unsigned_int_const_int_co_278, i3 3, i32 %bnn_top_int_const_unsigned_int_const_int_const_unsigned_int_const_int_co_279, i3 4, i32 %bnn_top_int_const_unsigned_int_const_int_const_unsigned_int_const_int_co_280, i32 0, i3 %trunc_ln130_2" [bnn.cpp:130]   --->   Operation 99 'sparsemux' 's0' <Predicate = true> <Delay = 0.57> <CoreInst = "BinarySparseMux_DontCare">   --->   Core 149 'BinarySparseMux_DontCare' <Latency = 0> <II = 1> <Delay = 0.57> <FuncUnit> <Opcode : 'sparsemux'> <InPorts = 2> <OutPorts = 1>
ST_11 : Operation 100 [1/2] ( I:1.23ns O:1.23ns )   --->   "%bnn_top_int_const_unsigned_int_const_int_const_unsigned_int_const_int_co_286 = load i8 %bnn_top_int_const_unsigned_int_const_int_const_unsigned_int_const_int_co_281" [bnn.cpp:131]   --->   Operation 100 'load' 'bnn_top_int_const_unsigned_int_const_int_const_unsigned_int_const_int_co_286' <Predicate = (trunc_ln130_2 == 4)> <Delay = 1.23> <CoreInst = "RAM">   --->   Core 82 'RAM' <Latency = 1> <II = 1> <Delay = 1.23> <Storage> <Opcode : 'load' 'store'> <Ports = 2> <Width = 32> <Depth = 205> <RAM>
ST_11 : Operation 101 [1/2] ( I:1.23ns O:1.23ns )   --->   "%bnn_top_int_const_unsigned_int_const_int_const_unsigned_int_const_int_co_287 = load i8 %bnn_top_int_const_unsigned_int_const_int_const_unsigned_int_const_int_co_282" [bnn.cpp:131]   --->   Operation 101 'load' 'bnn_top_int_const_unsigned_int_const_int_const_unsigned_int_const_int_co_287' <Predicate = (trunc_ln130_2 == 0)> <Delay = 1.23> <CoreInst = "RAM">   --->   Core 82 'RAM' <Latency = 1> <II = 1> <Delay = 1.23> <Storage> <Opcode : 'load' 'store'> <Ports = 2> <Width = 32> <Depth = 205> <RAM>
ST_11 : Operation 102 [1/2] ( I:1.23ns O:1.23ns )   --->   "%bnn_top_int_const_unsigned_int_const_int_const_unsigned_int_const_int_co_288 = load i8 %bnn_top_int_const_unsigned_int_const_int_const_unsigned_int_const_int_co_283" [bnn.cpp:131]   --->   Operation 102 'load' 'bnn_top_int_const_unsigned_int_const_int_const_unsigned_int_const_int_co_288' <Predicate = (trunc_ln130_2 == 1)> <Delay = 1.23> <CoreInst = "RAM">   --->   Core 82 'RAM' <Latency = 1> <II = 1> <Delay = 1.23> <Storage> <Opcode : 'load' 'store'> <Ports = 2> <Width = 32> <Depth = 205> <RAM>
ST_11 : Operation 103 [1/2] ( I:1.23ns O:1.23ns )   --->   "%bnn_top_int_const_unsigned_int_const_int_const_unsigned_int_const_int_co_289 = load i8 %bnn_top_int_const_unsigned_int_const_int_const_unsigned_int_const_int_co_284" [bnn.cpp:131]   --->   Operation 103 'load' 'bnn_top_int_const_unsigned_int_const_int_const_unsigned_int_const_int_co_289' <Predicate = (trunc_ln130_2 == 2)> <Delay = 1.23> <CoreInst = "RAM">   --->   Core 82 'RAM' <Latency = 1> <II = 1> <Delay = 1.23> <Storage> <Opcode : 'load' 'store'> <Ports = 2> <Width = 32> <Depth = 205> <RAM>
ST_11 : Operation 104 [1/2] ( I:1.23ns O:1.23ns )   --->   "%bnn_top_int_const_unsigned_int_const_int_const_unsigned_int_const_int_co_290 = load i8 %bnn_top_int_const_unsigned_int_const_int_const_unsigned_int_const_int_co_285" [bnn.cpp:131]   --->   Operation 104 'load' 'bnn_top_int_const_unsigned_int_const_int_const_unsigned_int_const_int_co_290' <Predicate = (trunc_ln130_2 == 3)> <Delay = 1.23> <CoreInst = "RAM">   --->   Core 82 'RAM' <Latency = 1> <II = 1> <Delay = 1.23> <Storage> <Opcode : 'load' 'store'> <Ports = 2> <Width = 32> <Depth = 205> <RAM>
ST_11 : Operation 105 [1/1] (0.57ns)   --->   "%s1 = sparsemux i32 @_ssdm_op_SparseMux.ap_auto.5i32.i32.i3, i3 4, i32 %bnn_top_int_const_unsigned_int_const_int_const_unsigned_int_const_int_co_286, i3 0, i32 %bnn_top_int_const_unsigned_int_const_int_const_unsigned_int_const_int_co_287, i3 1, i32 %bnn_top_int_const_unsigned_int_const_int_const_unsigned_int_const_int_co_288, i3 2, i32 %bnn_top_int_const_unsigned_int_const_int_const_unsigned_int_const_int_co_289, i3 3, i32 %bnn_top_int_const_unsigned_int_const_int_const_unsigned_int_const_int_co_290, i32 0, i3 %trunc_ln130_2" [bnn.cpp:131]   --->   Operation 105 'sparsemux' 's1' <Predicate = true> <Delay = 0.57> <CoreInst = "BinarySparseMux_DontCare">   --->   Core 149 'BinarySparseMux_DontCare' <Latency = 0> <II = 1> <Delay = 0.57> <FuncUnit> <Opcode : 'sparsemux'> <InPorts = 2> <OutPorts = 1>
ST_11 : Operation 106 [1/1] (0.00ns)   --->   "%add_ln8 = bitconcatenate i6 @_ssdm_op_BitConcatenate.i6.i2.i1.i2.i1, i2 %trunc_ln130, i1 1, i2 %trunc_ln130_1, i1 0" [bnn.cpp:132]   --->   Operation 106 'bitconcatenate' 'add_ln8' <Predicate = true> <Delay = 0.00>
ST_11 : Operation 107 [1/1] (0.00ns)   --->   "%zext_ln132_1 = zext i6 %add_ln8" [bnn.cpp:132]   --->   Operation 107 'zext' 'zext_ln132_1' <Predicate = true> <Delay = 0.00>
ST_11 : Operation 108 [1/1] (1.65ns)   --->   "%mul_ln132 = mul i13 %zext_ln132_1, i13 103" [bnn.cpp:132]   --->   Operation 108 'mul' 'mul_ln132' <Predicate = true> <Delay = 1.65> <CoreInst = "Multiplier">   --->   Core 3 'Multiplier' <Latency = 0> <II = 1> <Delay = 1.65> <FuncUnit> <Opcode : 'mul'> <InPorts = 2> <OutPorts = 1>
ST_11 : Operation 109 [1/1] (0.00ns)   --->   "%tmp_53 = partselect i4 @_ssdm_op_PartSelect.i4.i13.i32.i32, i13 %mul_ln132, i32 9, i32 12" [bnn.cpp:132]   --->   Operation 109 'partselect' 'tmp_53' <Predicate = true> <Delay = 0.00>
ST_11 : Operation 110 [1/1] (0.00ns)   --->   "%zext_ln132 = zext i4 %tmp_53" [bnn.cpp:132]   --->   Operation 110 'zext' 'zext_ln132' <Predicate = true> <Delay = 0.00>
ST_11 : Operation 111 [1/1] (0.00ns)   --->   "%bnn_top_int_const_unsigned_int_const_int_const_unsigned_int_const_int_co_291 = getelementptr i32 %bnn_top_int_const_unsigned_int_const_int_const_unsigned_int_const_int_co_4, i64 0, i64 %zext_ln132" [bnn.cpp:132]   --->   Operation 111 'getelementptr' 'bnn_top_int_const_unsigned_int_const_int_const_unsigned_int_const_int_co_291' <Predicate = (trunc_ln130_2 == 2)> <Delay = 0.00>
ST_11 : Operation 112 [1/1] (0.00ns)   --->   "%bnn_top_int_const_unsigned_int_const_int_const_unsigned_int_const_int_co_292 = getelementptr i32 %bnn_top_int_const_unsigned_int_const_int_const_unsigned_int_const_int_co_3, i64 0, i64 %zext_ln132" [bnn.cpp:132]   --->   Operation 112 'getelementptr' 'bnn_top_int_const_unsigned_int_const_int_const_unsigned_int_const_int_co_292' <Predicate = (trunc_ln130_2 == 3)> <Delay = 0.00>
ST_11 : Operation 113 [1/1] (0.00ns)   --->   "%bnn_top_int_const_unsigned_int_const_int_const_unsigned_int_const_int_co_293 = getelementptr i32 %bnn_top_int_const_unsigned_int_const_int_const_unsigned_int_const_int_co_2, i64 0, i64 %zext_ln132" [bnn.cpp:132]   --->   Operation 113 'getelementptr' 'bnn_top_int_const_unsigned_int_const_int_const_unsigned_int_const_int_co_293' <Predicate = (trunc_ln130_2 == 4)> <Delay = 0.00>
ST_11 : Operation 114 [1/1] (0.00ns)   --->   "%bnn_top_int_const_unsigned_int_const_int_const_unsigned_int_const_int_co_294 = getelementptr i32 %bnn_top_int_const_unsigned_int_const_int_const_unsigned_int_const_int_co_1, i64 0, i64 %zext_ln132" [bnn.cpp:132]   --->   Operation 114 'getelementptr' 'bnn_top_int_const_unsigned_int_const_int_const_unsigned_int_const_int_co_294' <Predicate = (trunc_ln130_2 == 0)> <Delay = 0.00>
ST_11 : Operation 115 [1/1] (0.00ns)   --->   "%bnn_top_int_const_unsigned_int_const_int_const_unsigned_int_const_int_co_295 = getelementptr i32 %bnn_top_int_const_unsigned_int_const_int_const_unsigned_int_const_int_co, i64 0, i64 %zext_ln132" [bnn.cpp:132]   --->   Operation 115 'getelementptr' 'bnn_top_int_const_unsigned_int_const_int_const_unsigned_int_const_int_co_295' <Predicate = (trunc_ln130_2 == 1)> <Delay = 0.00>
ST_11 : Operation 116 [2/2] (1.23ns)   --->   "%bnn_top_int_const_unsigned_int_const_int_const_unsigned_int_const_int_co_296 = load i8 %bnn_top_int_const_unsigned_int_const_int_const_unsigned_int_const_int_co_291" [bnn.cpp:132]   --->   Operation 116 'load' 'bnn_top_int_const_unsigned_int_const_int_const_unsigned_int_const_int_co_296' <Predicate = (trunc_ln130_2 == 2)> <Delay = 1.23> <CoreInst = "RAM">   --->   Core 82 'RAM' <Latency = 1> <II = 1> <Delay = 1.23> <Storage> <Opcode : 'load' 'store'> <Ports = 2> <Width = 32> <Depth = 205> <RAM>
ST_11 : Operation 117 [2/2] (1.23ns)   --->   "%bnn_top_int_const_unsigned_int_const_int_const_unsigned_int_const_int_co_297 = load i8 %bnn_top_int_const_unsigned_int_const_int_const_unsigned_int_const_int_co_292" [bnn.cpp:132]   --->   Operation 117 'load' 'bnn_top_int_const_unsigned_int_const_int_const_unsigned_int_const_int_co_297' <Predicate = (trunc_ln130_2 == 3)> <Delay = 1.23> <CoreInst = "RAM">   --->   Core 82 'RAM' <Latency = 1> <II = 1> <Delay = 1.23> <Storage> <Opcode : 'load' 'store'> <Ports = 2> <Width = 32> <Depth = 205> <RAM>
ST_11 : Operation 118 [2/2] (1.23ns)   --->   "%bnn_top_int_const_unsigned_int_const_int_const_unsigned_int_const_int_co_298 = load i8 %bnn_top_int_const_unsigned_int_const_int_const_unsigned_int_const_int_co_293" [bnn.cpp:132]   --->   Operation 118 'load' 'bnn_top_int_const_unsigned_int_const_int_const_unsigned_int_const_int_co_298' <Predicate = (trunc_ln130_2 == 4)> <Delay = 1.23> <CoreInst = "RAM">   --->   Core 82 'RAM' <Latency = 1> <II = 1> <Delay = 1.23> <Storage> <Opcode : 'load' 'store'> <Ports = 2> <Width = 32> <Depth = 205> <RAM>
ST_11 : Operation 119 [2/2] (1.23ns)   --->   "%bnn_top_int_const_unsigned_int_const_int_const_unsigned_int_const_int_co_299 = load i8 %bnn_top_int_const_unsigned_int_const_int_const_unsigned_int_const_int_co_294" [bnn.cpp:132]   --->   Operation 119 'load' 'bnn_top_int_const_unsigned_int_const_int_const_unsigned_int_const_int_co_299' <Predicate = (trunc_ln130_2 == 0)> <Delay = 1.23> <CoreInst = "RAM">   --->   Core 82 'RAM' <Latency = 1> <II = 1> <Delay = 1.23> <Storage> <Opcode : 'load' 'store'> <Ports = 2> <Width = 32> <Depth = 205> <RAM>
ST_11 : Operation 120 [2/2] (1.23ns)   --->   "%bnn_top_int_const_unsigned_int_const_int_const_unsigned_int_const_int_co_300 = load i8 %bnn_top_int_const_unsigned_int_const_int_const_unsigned_int_const_int_co_295" [bnn.cpp:132]   --->   Operation 120 'load' 'bnn_top_int_const_unsigned_int_const_int_const_unsigned_int_const_int_co_300' <Predicate = (trunc_ln130_2 == 1)> <Delay = 1.23> <CoreInst = "RAM">   --->   Core 82 'RAM' <Latency = 1> <II = 1> <Delay = 1.23> <Storage> <Opcode : 'load' 'store'> <Ports = 2> <Width = 32> <Depth = 205> <RAM>
ST_11 : Operation 121 [1/1] (0.00ns)   --->   "%add_ln9 = bitconcatenate i6 @_ssdm_op_BitConcatenate.i6.i2.i1.i2.i1, i2 %trunc_ln130, i1 1, i2 %trunc_ln130_1, i1 1" [bnn.cpp:133]   --->   Operation 121 'bitconcatenate' 'add_ln9' <Predicate = true> <Delay = 0.00>
ST_11 : Operation 122 [1/1] (0.00ns)   --->   "%zext_ln133_1 = zext i6 %add_ln9" [bnn.cpp:133]   --->   Operation 122 'zext' 'zext_ln133_1' <Predicate = true> <Delay = 0.00>
ST_11 : Operation 123 [1/1] (1.65ns)   --->   "%mul_ln133 = mul i13 %zext_ln133_1, i13 103" [bnn.cpp:133]   --->   Operation 123 'mul' 'mul_ln133' <Predicate = true> <Delay = 1.65> <CoreInst = "Multiplier">   --->   Core 3 'Multiplier' <Latency = 0> <II = 1> <Delay = 1.65> <FuncUnit> <Opcode : 'mul'> <InPorts = 2> <OutPorts = 1>
ST_11 : Operation 124 [1/1] (0.00ns)   --->   "%tmp_54 = partselect i4 @_ssdm_op_PartSelect.i4.i13.i32.i32, i13 %mul_ln133, i32 9, i32 12" [bnn.cpp:133]   --->   Operation 124 'partselect' 'tmp_54' <Predicate = true> <Delay = 0.00>
ST_11 : Operation 125 [1/1] (0.00ns)   --->   "%zext_ln133 = zext i4 %tmp_54" [bnn.cpp:133]   --->   Operation 125 'zext' 'zext_ln133' <Predicate = true> <Delay = 0.00>
ST_11 : Operation 126 [1/1] (0.00ns)   --->   "%bnn_top_int_const_unsigned_int_const_int_const_unsigned_int_const_int_co_301 = getelementptr i32 %bnn_top_int_const_unsigned_int_const_int_const_unsigned_int_const_int_co_4, i64 0, i64 %zext_ln133" [bnn.cpp:133]   --->   Operation 126 'getelementptr' 'bnn_top_int_const_unsigned_int_const_int_const_unsigned_int_const_int_co_301' <Predicate = (trunc_ln130_2 == 1)> <Delay = 0.00>
ST_11 : Operation 127 [1/1] (0.00ns)   --->   "%bnn_top_int_const_unsigned_int_const_int_const_unsigned_int_const_int_co_302 = getelementptr i32 %bnn_top_int_const_unsigned_int_const_int_const_unsigned_int_const_int_co_3, i64 0, i64 %zext_ln133" [bnn.cpp:133]   --->   Operation 127 'getelementptr' 'bnn_top_int_const_unsigned_int_const_int_const_unsigned_int_const_int_co_302' <Predicate = (trunc_ln130_2 == 2)> <Delay = 0.00>
ST_11 : Operation 128 [1/1] (0.00ns)   --->   "%bnn_top_int_const_unsigned_int_const_int_const_unsigned_int_const_int_co_303 = getelementptr i32 %bnn_top_int_const_unsigned_int_const_int_const_unsigned_int_const_int_co_2, i64 0, i64 %zext_ln133" [bnn.cpp:133]   --->   Operation 128 'getelementptr' 'bnn_top_int_const_unsigned_int_const_int_const_unsigned_int_const_int_co_303' <Predicate = (trunc_ln130_2 == 3)> <Delay = 0.00>
ST_11 : Operation 129 [1/1] (0.00ns)   --->   "%bnn_top_int_const_unsigned_int_const_int_const_unsigned_int_const_int_co_304 = getelementptr i32 %bnn_top_int_const_unsigned_int_const_int_const_unsigned_int_const_int_co_1, i64 0, i64 %zext_ln133" [bnn.cpp:133]   --->   Operation 129 'getelementptr' 'bnn_top_int_const_unsigned_int_const_int_const_unsigned_int_const_int_co_304' <Predicate = (trunc_ln130_2 == 4)> <Delay = 0.00>
ST_11 : Operation 130 [1/1] (0.00ns)   --->   "%bnn_top_int_const_unsigned_int_const_int_const_unsigned_int_const_int_co_305 = getelementptr i32 %bnn_top_int_const_unsigned_int_const_int_const_unsigned_int_const_int_co, i64 0, i64 %zext_ln133" [bnn.cpp:133]   --->   Operation 130 'getelementptr' 'bnn_top_int_const_unsigned_int_const_int_const_unsigned_int_const_int_co_305' <Predicate = (trunc_ln130_2 == 0)> <Delay = 0.00>
ST_11 : Operation 131 [2/2] (1.23ns)   --->   "%bnn_top_int_const_unsigned_int_const_int_const_unsigned_int_const_int_co_306 = load i8 %bnn_top_int_const_unsigned_int_const_int_const_unsigned_int_const_int_co_301" [bnn.cpp:133]   --->   Operation 131 'load' 'bnn_top_int_const_unsigned_int_const_int_const_unsigned_int_const_int_co_306' <Predicate = (trunc_ln130_2 == 1)> <Delay = 1.23> <CoreInst = "RAM">   --->   Core 82 'RAM' <Latency = 1> <II = 1> <Delay = 1.23> <Storage> <Opcode : 'load' 'store'> <Ports = 2> <Width = 32> <Depth = 205> <RAM>
ST_11 : Operation 132 [2/2] (1.23ns)   --->   "%bnn_top_int_const_unsigned_int_const_int_const_unsigned_int_const_int_co_307 = load i8 %bnn_top_int_const_unsigned_int_const_int_const_unsigned_int_const_int_co_302" [bnn.cpp:133]   --->   Operation 132 'load' 'bnn_top_int_const_unsigned_int_const_int_const_unsigned_int_const_int_co_307' <Predicate = (trunc_ln130_2 == 2)> <Delay = 1.23> <CoreInst = "RAM">   --->   Core 82 'RAM' <Latency = 1> <II = 1> <Delay = 1.23> <Storage> <Opcode : 'load' 'store'> <Ports = 2> <Width = 32> <Depth = 205> <RAM>
ST_11 : Operation 133 [2/2] (1.23ns)   --->   "%bnn_top_int_const_unsigned_int_const_int_const_unsigned_int_const_int_co_308 = load i8 %bnn_top_int_const_unsigned_int_const_int_const_unsigned_int_const_int_co_303" [bnn.cpp:133]   --->   Operation 133 'load' 'bnn_top_int_const_unsigned_int_const_int_const_unsigned_int_const_int_co_308' <Predicate = (trunc_ln130_2 == 3)> <Delay = 1.23> <CoreInst = "RAM">   --->   Core 82 'RAM' <Latency = 1> <II = 1> <Delay = 1.23> <Storage> <Opcode : 'load' 'store'> <Ports = 2> <Width = 32> <Depth = 205> <RAM>
ST_11 : Operation 134 [2/2] (1.23ns)   --->   "%bnn_top_int_const_unsigned_int_const_int_const_unsigned_int_const_int_co_309 = load i8 %bnn_top_int_const_unsigned_int_const_int_const_unsigned_int_const_int_co_304" [bnn.cpp:133]   --->   Operation 134 'load' 'bnn_top_int_const_unsigned_int_const_int_const_unsigned_int_const_int_co_309' <Predicate = (trunc_ln130_2 == 4)> <Delay = 1.23> <CoreInst = "RAM">   --->   Core 82 'RAM' <Latency = 1> <II = 1> <Delay = 1.23> <Storage> <Opcode : 'load' 'store'> <Ports = 2> <Width = 32> <Depth = 205> <RAM>
ST_11 : Operation 135 [2/2] (1.23ns)   --->   "%bnn_top_int_const_unsigned_int_const_int_const_unsigned_int_const_int_co_310 = load i8 %bnn_top_int_const_unsigned_int_const_int_const_unsigned_int_const_int_co_305" [bnn.cpp:133]   --->   Operation 135 'load' 'bnn_top_int_const_unsigned_int_const_int_const_unsigned_int_const_int_co_310' <Predicate = (trunc_ln130_2 == 0)> <Delay = 1.23> <CoreInst = "RAM">   --->   Core 82 'RAM' <Latency = 1> <II = 1> <Delay = 1.23> <Storage> <Opcode : 'load' 'store'> <Ports = 2> <Width = 32> <Depth = 205> <RAM>
ST_11 : Operation 136 [1/1] (1.01ns)   --->   "%icmp_ln134 = icmp_sgt  i32 %s1, i32 %s0" [bnn.cpp:134]   --->   Operation 136 'icmp' 'icmp_ln134' <Predicate = true> <Delay = 1.01> <CoreInst = "Cmp">   --->   Core 9 'Cmp' <Latency = 0> <II = 1> <Delay = 1.01> <FuncUnit> <Opcode : 'seteq' 'setne' 'setle' 'setge' 'setlt' 'setgt'> <InPorts = 2> <OutPorts = 1>
ST_11 : Operation 137 [1/1] (0.44ns)   --->   "%m_9 = select i1 %icmp_ln134, i32 %s1, i32 %s0" [bnn.cpp:134]   --->   Operation 137 'select' 'm_9' <Predicate = true> <Delay = 0.44> <CoreInst = "Sel">   --->   Core 73 'Sel' <Latency = 0> <II = 1> <Delay = 0.44> <FuncUnit> <Opcode : 'select'> <InPorts = 3> <OutPorts = 1>
ST_11 : Operation 167 [1/1] (0.42ns)   --->   "%ret_ln0 = ret"   --->   Operation 167 'ret' 'ret_ln0' <Predicate = (icmp_ln127)> <Delay = 0.42>

State 12 <SV = 11> <Delay = 6.56>
ST_12 : Operation 138 [1/1] (0.00ns)   --->   "%specloopname_ln0 = specloopname void @_ssdm_op_SpecLoopName, void @VITIS_LOOP_127_22_VITIS_LOOP_128_23_str"   --->   Operation 138 'specloopname' 'specloopname_ln0' <Predicate = true> <Delay = 0.00>
ST_12 : Operation 139 [1/1] (0.00ns)   --->   "%speclooptripcount_ln0 = speclooptripcount void @_ssdm_op_SpecLoopTripCount, i64 16, i64 16, i64 16"   --->   Operation 139 'speclooptripcount' 'speclooptripcount_ln0' <Predicate = true> <Delay = 0.00>
ST_12 : Operation 140 [1/1] (0.00ns)   --->   "%shl_ln135_1 = bitconcatenate i4 @_ssdm_op_BitConcatenate.i4.i2.i2, i2 %trunc_ln130, i2 0" [bnn.cpp:135]   --->   Operation 140 'bitconcatenate' 'shl_ln135_1' <Predicate = true> <Delay = 0.00>
ST_12 : Operation 141 [1/1] (0.00ns)   --->   "%zext_ln128 = zext i4 %shl_ln135_1" [bnn.cpp:128]   --->   Operation 141 'zext' 'zext_ln128' <Predicate = true> <Delay = 0.00>
ST_12 : Operation 142 [1/1] (0.00ns)   --->   "%specpipeline_ln129 = specpipeline void @_ssdm_op_SpecPipeline, i32 1, i32 0, i32 0, i32 0, i32 4294967295, void @empty_2" [bnn.cpp:129]   --->   Operation 142 'specpipeline' 'specpipeline_ln129' <Predicate = true> <Delay = 0.00>
ST_12 : Operation 143 [1/2] ( I:1.23ns O:1.23ns )   --->   "%bnn_top_int_const_unsigned_int_const_int_const_unsigned_int_const_int_co_296 = load i8 %bnn_top_int_const_unsigned_int_const_int_const_unsigned_int_const_int_co_291" [bnn.cpp:132]   --->   Operation 143 'load' 'bnn_top_int_const_unsigned_int_const_int_const_unsigned_int_const_int_co_296' <Predicate = (trunc_ln130_2 == 2)> <Delay = 1.23> <CoreInst = "RAM">   --->   Core 82 'RAM' <Latency = 1> <II = 1> <Delay = 1.23> <Storage> <Opcode : 'load' 'store'> <Ports = 2> <Width = 32> <Depth = 205> <RAM>
ST_12 : Operation 144 [1/2] ( I:1.23ns O:1.23ns )   --->   "%bnn_top_int_const_unsigned_int_const_int_const_unsigned_int_const_int_co_297 = load i8 %bnn_top_int_const_unsigned_int_const_int_const_unsigned_int_const_int_co_292" [bnn.cpp:132]   --->   Operation 144 'load' 'bnn_top_int_const_unsigned_int_const_int_const_unsigned_int_const_int_co_297' <Predicate = (trunc_ln130_2 == 3)> <Delay = 1.23> <CoreInst = "RAM">   --->   Core 82 'RAM' <Latency = 1> <II = 1> <Delay = 1.23> <Storage> <Opcode : 'load' 'store'> <Ports = 2> <Width = 32> <Depth = 205> <RAM>
ST_12 : Operation 145 [1/2] ( I:1.23ns O:1.23ns )   --->   "%bnn_top_int_const_unsigned_int_const_int_const_unsigned_int_const_int_co_298 = load i8 %bnn_top_int_const_unsigned_int_const_int_const_unsigned_int_const_int_co_293" [bnn.cpp:132]   --->   Operation 145 'load' 'bnn_top_int_const_unsigned_int_const_int_const_unsigned_int_const_int_co_298' <Predicate = (trunc_ln130_2 == 4)> <Delay = 1.23> <CoreInst = "RAM">   --->   Core 82 'RAM' <Latency = 1> <II = 1> <Delay = 1.23> <Storage> <Opcode : 'load' 'store'> <Ports = 2> <Width = 32> <Depth = 205> <RAM>
ST_12 : Operation 146 [1/2] ( I:1.23ns O:1.23ns )   --->   "%bnn_top_int_const_unsigned_int_const_int_const_unsigned_int_const_int_co_299 = load i8 %bnn_top_int_const_unsigned_int_const_int_const_unsigned_int_const_int_co_294" [bnn.cpp:132]   --->   Operation 146 'load' 'bnn_top_int_const_unsigned_int_const_int_const_unsigned_int_const_int_co_299' <Predicate = (trunc_ln130_2 == 0)> <Delay = 1.23> <CoreInst = "RAM">   --->   Core 82 'RAM' <Latency = 1> <II = 1> <Delay = 1.23> <Storage> <Opcode : 'load' 'store'> <Ports = 2> <Width = 32> <Depth = 205> <RAM>
ST_12 : Operation 147 [1/2] ( I:1.23ns O:1.23ns )   --->   "%bnn_top_int_const_unsigned_int_const_int_const_unsigned_int_const_int_co_300 = load i8 %bnn_top_int_const_unsigned_int_const_int_const_unsigned_int_const_int_co_295" [bnn.cpp:132]   --->   Operation 147 'load' 'bnn_top_int_const_unsigned_int_const_int_const_unsigned_int_const_int_co_300' <Predicate = (trunc_ln130_2 == 1)> <Delay = 1.23> <CoreInst = "RAM">   --->   Core 82 'RAM' <Latency = 1> <II = 1> <Delay = 1.23> <Storage> <Opcode : 'load' 'store'> <Ports = 2> <Width = 32> <Depth = 205> <RAM>
ST_12 : Operation 148 [1/1] (0.57ns)   --->   "%s2 = sparsemux i32 @_ssdm_op_SparseMux.ap_auto.5i32.i32.i3, i3 2, i32 %bnn_top_int_const_unsigned_int_const_int_const_unsigned_int_const_int_co_296, i3 3, i32 %bnn_top_int_const_unsigned_int_const_int_const_unsigned_int_const_int_co_297, i3 4, i32 %bnn_top_int_const_unsigned_int_const_int_const_unsigned_int_const_int_co_298, i3 0, i32 %bnn_top_int_const_unsigned_int_const_int_const_unsigned_int_const_int_co_299, i3 1, i32 %bnn_top_int_const_unsigned_int_const_int_const_unsigned_int_const_int_co_300, i32 0, i3 %trunc_ln130_2" [bnn.cpp:132]   --->   Operation 148 'sparsemux' 's2' <Predicate = true> <Delay = 0.57> <CoreInst = "BinarySparseMux_DontCare">   --->   Core 149 'BinarySparseMux_DontCare' <Latency = 0> <II = 1> <Delay = 0.57> <FuncUnit> <Opcode : 'sparsemux'> <InPorts = 2> <OutPorts = 1>
ST_12 : Operation 149 [1/2] ( I:1.23ns O:1.23ns )   --->   "%bnn_top_int_const_unsigned_int_const_int_const_unsigned_int_const_int_co_306 = load i8 %bnn_top_int_const_unsigned_int_const_int_const_unsigned_int_const_int_co_301" [bnn.cpp:133]   --->   Operation 149 'load' 'bnn_top_int_const_unsigned_int_const_int_const_unsigned_int_const_int_co_306' <Predicate = (trunc_ln130_2 == 1)> <Delay = 1.23> <CoreInst = "RAM">   --->   Core 82 'RAM' <Latency = 1> <II = 1> <Delay = 1.23> <Storage> <Opcode : 'load' 'store'> <Ports = 2> <Width = 32> <Depth = 205> <RAM>
ST_12 : Operation 150 [1/2] ( I:1.23ns O:1.23ns )   --->   "%bnn_top_int_const_unsigned_int_const_int_const_unsigned_int_const_int_co_307 = load i8 %bnn_top_int_const_unsigned_int_const_int_const_unsigned_int_const_int_co_302" [bnn.cpp:133]   --->   Operation 150 'load' 'bnn_top_int_const_unsigned_int_const_int_const_unsigned_int_const_int_co_307' <Predicate = (trunc_ln130_2 == 2)> <Delay = 1.23> <CoreInst = "RAM">   --->   Core 82 'RAM' <Latency = 1> <II = 1> <Delay = 1.23> <Storage> <Opcode : 'load' 'store'> <Ports = 2> <Width = 32> <Depth = 205> <RAM>
ST_12 : Operation 151 [1/2] ( I:1.23ns O:1.23ns )   --->   "%bnn_top_int_const_unsigned_int_const_int_const_unsigned_int_const_int_co_308 = load i8 %bnn_top_int_const_unsigned_int_const_int_const_unsigned_int_const_int_co_303" [bnn.cpp:133]   --->   Operation 151 'load' 'bnn_top_int_const_unsigned_int_const_int_const_unsigned_int_const_int_co_308' <Predicate = (trunc_ln130_2 == 3)> <Delay = 1.23> <CoreInst = "RAM">   --->   Core 82 'RAM' <Latency = 1> <II = 1> <Delay = 1.23> <Storage> <Opcode : 'load' 'store'> <Ports = 2> <Width = 32> <Depth = 205> <RAM>
ST_12 : Operation 152 [1/2] ( I:1.23ns O:1.23ns )   --->   "%bnn_top_int_const_unsigned_int_const_int_const_unsigned_int_const_int_co_309 = load i8 %bnn_top_int_const_unsigned_int_const_int_const_unsigned_int_const_int_co_304" [bnn.cpp:133]   --->   Operation 152 'load' 'bnn_top_int_const_unsigned_int_const_int_const_unsigned_int_const_int_co_309' <Predicate = (trunc_ln130_2 == 4)> <Delay = 1.23> <CoreInst = "RAM">   --->   Core 82 'RAM' <Latency = 1> <II = 1> <Delay = 1.23> <Storage> <Opcode : 'load' 'store'> <Ports = 2> <Width = 32> <Depth = 205> <RAM>
ST_12 : Operation 153 [1/2] ( I:1.23ns O:1.23ns )   --->   "%bnn_top_int_const_unsigned_int_const_int_const_unsigned_int_const_int_co_310 = load i8 %bnn_top_int_const_unsigned_int_const_int_const_unsigned_int_const_int_co_305" [bnn.cpp:133]   --->   Operation 153 'load' 'bnn_top_int_const_unsigned_int_const_int_const_unsigned_int_const_int_co_310' <Predicate = (trunc_ln130_2 == 0)> <Delay = 1.23> <CoreInst = "RAM">   --->   Core 82 'RAM' <Latency = 1> <II = 1> <Delay = 1.23> <Storage> <Opcode : 'load' 'store'> <Ports = 2> <Width = 32> <Depth = 205> <RAM>
ST_12 : Operation 154 [1/1] (0.57ns)   --->   "%s3 = sparsemux i32 @_ssdm_op_SparseMux.ap_auto.5i32.i32.i3, i3 1, i32 %bnn_top_int_const_unsigned_int_const_int_const_unsigned_int_const_int_co_306, i3 2, i32 %bnn_top_int_const_unsigned_int_const_int_const_unsigned_int_const_int_co_307, i3 3, i32 %bnn_top_int_const_unsigned_int_const_int_const_unsigned_int_const_int_co_308, i3 4, i32 %bnn_top_int_const_unsigned_int_const_int_const_unsigned_int_const_int_co_309, i3 0, i32 %bnn_top_int_const_unsigned_int_const_int_const_unsigned_int_const_int_co_310, i32 0, i3 %trunc_ln130_2" [bnn.cpp:133]   --->   Operation 154 'sparsemux' 's3' <Predicate = true> <Delay = 0.57> <CoreInst = "BinarySparseMux_DontCare">   --->   Core 149 'BinarySparseMux_DontCare' <Latency = 0> <II = 1> <Delay = 0.57> <FuncUnit> <Opcode : 'sparsemux'> <InPorts = 2> <OutPorts = 1>
ST_12 : Operation 155 [1/1] (1.01ns)   --->   "%icmp_ln134_1 = icmp_sgt  i32 %s2, i32 %m_9" [bnn.cpp:134]   --->   Operation 155 'icmp' 'icmp_ln134_1' <Predicate = true> <Delay = 1.01> <CoreInst = "Cmp">   --->   Core 9 'Cmp' <Latency = 0> <II = 1> <Delay = 1.01> <FuncUnit> <Opcode : 'seteq' 'setne' 'setle' 'setge' 'setlt' 'setgt'> <InPorts = 2> <OutPorts = 1>
ST_12 : Operation 156 [1/1] (0.44ns)   --->   "%m_11 = select i1 %icmp_ln134_1, i32 %s2, i32 %m_9" [bnn.cpp:134]   --->   Operation 156 'select' 'm_11' <Predicate = true> <Delay = 0.44> <CoreInst = "Sel">   --->   Core 73 'Sel' <Latency = 0> <II = 1> <Delay = 0.44> <FuncUnit> <Opcode : 'select'> <InPorts = 3> <OutPorts = 1>
ST_12 : Operation 157 [1/1] (1.01ns)   --->   "%icmp_ln134_2 = icmp_sgt  i32 %s3, i32 %m_11" [bnn.cpp:134]   --->   Operation 157 'icmp' 'icmp_ln134_2' <Predicate = true> <Delay = 1.01> <CoreInst = "Cmp">   --->   Core 9 'Cmp' <Latency = 0> <II = 1> <Delay = 1.01> <FuncUnit> <Opcode : 'seteq' 'setne' 'setle' 'setge' 'setlt' 'setgt'> <InPorts = 2> <OutPorts = 1>
ST_12 : Operation 158 [1/1] (0.00ns) (grouped into LUT with out node icmp_ln135)   --->   "%select_ln134 = select i1 %icmp_ln134_2, i32 %s3, i32 %m_11" [bnn.cpp:134]   --->   Operation 158 'select' 'select_ln134' <Predicate = true> <Delay = 0.00> <CoreInst = "Sel">   --->   Core 73 'Sel' <Latency = 0> <II = 1> <Delay = 0.44> <FuncUnit> <Opcode : 'select'> <InPorts = 3> <OutPorts = 1>
ST_12 : Operation 159 [1/1] (0.00ns) (grouped into LUT with out node icmp_ln135)   --->   "%shl_ln = bitconcatenate i40 @_ssdm_op_BitConcatenate.i40.i32.i8, i32 %select_ln134, i8 0" [bnn.cpp:135]   --->   Operation 159 'bitconcatenate' 'shl_ln' <Predicate = true> <Delay = 0.00>
ST_12 : Operation 160 [1/1] (1.03ns) (out node of the LUT)   --->   "%icmp_ln135 = icmp_sgt  i40 %shl_ln, i40 %sext_ln135_cast" [bnn.cpp:135]   --->   Operation 160 'icmp' 'icmp_ln135' <Predicate = true> <Delay = 1.03> <CoreInst = "Cmp">   --->   Core 9 'Cmp' <Latency = 0> <II = 1> <Delay = 1.03> <FuncUnit> <Opcode : 'seteq' 'setne' 'setle' 'setge' 'setlt' 'setgt'> <InPorts = 2> <OutPorts = 1>
ST_12 : Operation 161 [1/1] (0.00ns)   --->   "%tmp12 = bitconcatenate i10 @_ssdm_op_BitConcatenate.i10.i6.i1.i3, i6 %oc_2_read, i1 0, i3 %select_ln127" [bnn.cpp:135]   --->   Operation 161 'bitconcatenate' 'tmp12' <Predicate = true> <Delay = 0.00>
ST_12 : Operation 162 [1/1] (0.78ns)   --->   "%add_ln135 = add i10 %tmp12, i10 %zext_ln128" [bnn.cpp:135]   --->   Operation 162 'add' 'add_ln135' <Predicate = true> <Delay = 0.78> <CoreInst = "Adder">   --->   Core 1 'Adder' <Latency = 0> <II = 1> <Delay = 0.78> <FuncUnit> <Opcode : 'add' 'sub'> <InPorts = 2> <OutPorts = 1>
ST_12 : Operation 163 [1/1] (0.00ns)   --->   "%zext_ln135 = zext i10 %add_ln135" [bnn.cpp:135]   --->   Operation 163 'zext' 'zext_ln135' <Predicate = true> <Delay = 0.00>
ST_12 : Operation 164 [1/1] (0.00ns)   --->   "%l3_addr = getelementptr i1 %l3, i64 0, i64 %zext_ln135" [bnn.cpp:135]   --->   Operation 164 'getelementptr' 'l3_addr' <Predicate = true> <Delay = 0.00>
ST_12 : Operation 165 [1/1] ( I:1.23ns O:1.23ns )   --->   "%store_ln135 = store i1 %icmp_ln135, i10 %l3_addr" [bnn.cpp:135]   --->   Operation 165 'store' 'store_ln135' <Predicate = true> <Delay = 1.23> <CoreInst = "RAM">   --->   Core 82 'RAM' <Latency = 1> <II = 1> <Delay = 1.23> <Storage> <Opcode : 'load' 'store'> <Ports = 2> <Width = 1> <Depth = 1024> <RAM>
ST_12 : Operation 166 [1/1] (0.00ns)   --->   "%br_ln128 = br void %for.body387" [bnn.cpp:128]   --->   Operation 166 'br' 'br_ln128' <Predicate = true> <Delay = 0.00>


============================================================
+ Verbose Summary: Binding
============================================================
STG Binding: 
---------------- STG Properties BEGIN ----------------
- Is combinational: 0
- Is one-state seq: 0
- Is datapath-only: 0
- Is pipelined: 0
- Is top level: 0
Port [ Return ] is wired: 1; IO mode=ap_ctrl_hs:ce=0
Port [ sext_ln135]:  wired=1; compound=0; hidden=0; nouse=0; global=0; static=0; extern=0; dir=0; type=0; pingpong=0; private_global=0; IO mode=ap_none:ce=0
Port [ oc_2]:  wired=1; compound=0; hidden=0; nouse=0; global=0; static=0; extern=0; dir=0; type=0; pingpong=0; private_global=0; IO mode=ap_none:ce=0
Port [ bnn_top_int_const_unsigned_int_const_int_const_unsigned_int_const_int_co_4]:  wired=1; compound=1; hidden=0; nouse=0; global=1; static=1; extern=0; dir=0; type=1; pingpong=0; private_global=0; MemPort=[11]; IO mode=ap_memory:ce=0
Port [ bnn_top_int_const_unsigned_int_const_int_const_unsigned_int_const_int_co_3]:  wired=1; compound=1; hidden=0; nouse=0; global=1; static=1; extern=0; dir=0; type=1; pingpong=0; private_global=0; MemPort=[11]; IO mode=ap_memory:ce=0
Port [ bnn_top_int_const_unsigned_int_const_int_const_unsigned_int_const_int_co_2]:  wired=1; compound=1; hidden=0; nouse=0; global=1; static=1; extern=0; dir=0; type=1; pingpong=0; private_global=0; MemPort=[11]; IO mode=ap_memory:ce=0
Port [ bnn_top_int_const_unsigned_int_const_int_const_unsigned_int_const_int_co_1]:  wired=1; compound=1; hidden=0; nouse=0; global=1; static=1; extern=0; dir=0; type=1; pingpong=0; private_global=0; MemPort=[11]; IO mode=ap_memory:ce=0
Port [ bnn_top_int_const_unsigned_int_const_int_const_unsigned_int_const_int_co]:  wired=1; compound=1; hidden=0; nouse=0; global=1; static=1; extern=0; dir=0; type=1; pingpong=0; private_global=0; MemPort=[11]; IO mode=ap_memory:ce=0
Port [ l3]:  wired=1; compound=1; hidden=0; nouse=0; global=1; static=1; extern=0; dir=1; type=1; pingpong=0; private_global=0; MemPort=[03]; IO mode=ap_memory:ce=0
---------------- STG Properties END ------------------

---------------- Datapath Model BEGIN ----------------

<LifeTime>
<method=bitvector/>
pw                                                                           (alloca           ) [ 0100000000000]
ph                                                                           (alloca           ) [ 0100000000000]
indvar_flatten66                                                             (alloca           ) [ 0100000000000]
oc_2_read                                                                    (read             ) [ 0111111111111]
sext_ln135_read                                                              (read             ) [ 0000000000000]
sext_ln135_cast                                                              (sext             ) [ 0111111111111]
store_ln0                                                                    (store            ) [ 0000000000000]
store_ln127                                                                  (store            ) [ 0000000000000]
store_ln128                                                                  (store            ) [ 0000000000000]
br_ln0                                                                       (br               ) [ 0000000000000]
indvar_flatten66_load                                                        (load             ) [ 0000000000000]
icmp_ln127                                                                   (icmp             ) [ 0111111111110]
add_ln127                                                                    (add              ) [ 0000000000000]
br_ln127                                                                     (br               ) [ 0000000000000]
pw_load                                                                      (load             ) [ 0000000000000]
ph_load                                                                      (load             ) [ 0000000000000]
icmp_ln128                                                                   (icmp             ) [ 0000000000000]
select_ln127                                                                 (select           ) [ 0111111111111]
add_ln127_1                                                                  (add              ) [ 0000000000000]
select_ln127_1                                                               (select           ) [ 0000000000000]
trunc_ln130                                                                  (trunc            ) [ 0111111111111]
p_shl                                                                        (bitconcatenate   ) [ 0000000000000]
tmp                                                                          (bitconcatenate   ) [ 0000000000000]
zext_ln130                                                                   (zext             ) [ 0000000000000]
sub_ln130                                                                    (sub              ) [ 0000000000000]
trunc_ln130_1                                                                (trunc            ) [ 0111111111110]
shl_ln130                                                                    (shl              ) [ 0000000000000]
zext_ln130_1                                                                 (zext             ) [ 0000000000000]
add_ln130                                                                    (add              ) [ 0111111111000]
zext_ln130_2                                                                 (zext             ) [ 0000000000000]
add_ln130_2                                                                  (add              ) [ 0000000000000]
zext_ln130_3                                                                 (zext             ) [ 0000000000000]
add_ln130_1                                                                  (add              ) [ 0000000000000]
zext_ln130_4                                                                 (zext             ) [ 0111100000000]
add_ln128                                                                    (add              ) [ 0000000000000]
store_ln127                                                                  (store            ) [ 0000000000000]
store_ln127                                                                  (store            ) [ 0000000000000]
store_ln128                                                                  (store            ) [ 0000000000000]
mul_ln130                                                                    (mul              ) [ 0000000000000]
tmp_51                                                                       (partselect       ) [ 0100011111100]
urem_ln130                                                                   (urem             ) [ 0000000000000]
trunc_ln130_2                                                                (trunc            ) [ 0100000000111]
zext_ln130_5                                                                 (zext             ) [ 0000000000000]
bnn_top_int_const_unsigned_int_const_int_const_unsigned_int_const_int_co_271 (getelementptr    ) [ 0100000000010]
bnn_top_int_const_unsigned_int_const_int_const_unsigned_int_const_int_co_272 (getelementptr    ) [ 0100000000010]
bnn_top_int_const_unsigned_int_const_int_const_unsigned_int_const_int_co_273 (getelementptr    ) [ 0100000000010]
bnn_top_int_const_unsigned_int_const_int_const_unsigned_int_const_int_co_274 (getelementptr    ) [ 0100000000010]
bnn_top_int_const_unsigned_int_const_int_const_unsigned_int_const_int_co_275 (getelementptr    ) [ 0100000000010]
add_ln7                                                                      (bitconcatenate   ) [ 0000000000000]
zext_ln131_1                                                                 (zext             ) [ 0000000000000]
mul_ln131                                                                    (mul              ) [ 0000000000000]
tmp_52                                                                       (partselect       ) [ 0000000000000]
zext_ln131                                                                   (zext             ) [ 0000000000000]
bnn_top_int_const_unsigned_int_const_int_const_unsigned_int_const_int_co_281 (getelementptr    ) [ 0100000000010]
bnn_top_int_const_unsigned_int_const_int_const_unsigned_int_const_int_co_282 (getelementptr    ) [ 0100000000010]
bnn_top_int_const_unsigned_int_const_int_const_unsigned_int_const_int_co_283 (getelementptr    ) [ 0100000000010]
bnn_top_int_const_unsigned_int_const_int_const_unsigned_int_const_int_co_284 (getelementptr    ) [ 0100000000010]
bnn_top_int_const_unsigned_int_const_int_const_unsigned_int_const_int_co_285 (getelementptr    ) [ 0100000000010]
bnn_top_int_const_unsigned_int_const_int_const_unsigned_int_const_int_co_276 (load             ) [ 0000000000000]
bnn_top_int_const_unsigned_int_const_int_const_unsigned_int_const_int_co_277 (load             ) [ 0000000000000]
bnn_top_int_const_unsigned_int_const_int_const_unsigned_int_const_int_co_278 (load             ) [ 0000000000000]
bnn_top_int_const_unsigned_int_const_int_const_unsigned_int_const_int_co_279 (load             ) [ 0000000000000]
bnn_top_int_const_unsigned_int_const_int_const_unsigned_int_const_int_co_280 (load             ) [ 0000000000000]
s0                                                                           (sparsemux        ) [ 0000000000000]
bnn_top_int_const_unsigned_int_const_int_const_unsigned_int_const_int_co_286 (load             ) [ 0000000000000]
bnn_top_int_const_unsigned_int_const_int_const_unsigned_int_const_int_co_287 (load             ) [ 0000000000000]
bnn_top_int_const_unsigned_int_const_int_const_unsigned_int_const_int_co_288 (load             ) [ 0000000000000]
bnn_top_int_const_unsigned_int_const_int_const_unsigned_int_const_int_co_289 (load             ) [ 0000000000000]
bnn_top_int_const_unsigned_int_const_int_const_unsigned_int_const_int_co_290 (load             ) [ 0000000000000]
s1                                                                           (sparsemux        ) [ 0000000000000]
add_ln8                                                                      (bitconcatenate   ) [ 0000000000000]
zext_ln132_1                                                                 (zext             ) [ 0000000000000]
mul_ln132                                                                    (mul              ) [ 0000000000000]
tmp_53                                                                       (partselect       ) [ 0000000000000]
zext_ln132                                                                   (zext             ) [ 0000000000000]
bnn_top_int_const_unsigned_int_const_int_const_unsigned_int_const_int_co_291 (getelementptr    ) [ 0100000000001]
bnn_top_int_const_unsigned_int_const_int_const_unsigned_int_const_int_co_292 (getelementptr    ) [ 0100000000001]
bnn_top_int_const_unsigned_int_const_int_const_unsigned_int_const_int_co_293 (getelementptr    ) [ 0100000000001]
bnn_top_int_const_unsigned_int_const_int_const_unsigned_int_const_int_co_294 (getelementptr    ) [ 0100000000001]
bnn_top_int_const_unsigned_int_const_int_const_unsigned_int_const_int_co_295 (getelementptr    ) [ 0100000000001]
add_ln9                                                                      (bitconcatenate   ) [ 0000000000000]
zext_ln133_1                                                                 (zext             ) [ 0000000000000]
mul_ln133                                                                    (mul              ) [ 0000000000000]
tmp_54                                                                       (partselect       ) [ 0000000000000]
zext_ln133                                                                   (zext             ) [ 0000000000000]
bnn_top_int_const_unsigned_int_const_int_const_unsigned_int_const_int_co_301 (getelementptr    ) [ 0100000000001]
bnn_top_int_const_unsigned_int_const_int_const_unsigned_int_const_int_co_302 (getelementptr    ) [ 0100000000001]
bnn_top_int_const_unsigned_int_const_int_const_unsigned_int_const_int_co_303 (getelementptr    ) [ 0100000000001]
bnn_top_int_const_unsigned_int_const_int_const_unsigned_int_const_int_co_304 (getelementptr    ) [ 0100000000001]
bnn_top_int_const_unsigned_int_const_int_const_unsigned_int_const_int_co_305 (getelementptr    ) [ 0100000000001]
icmp_ln134                                                                   (icmp             ) [ 0000000000000]
m_9                                                                          (select           ) [ 0100000000001]
specloopname_ln0                                                             (specloopname     ) [ 0000000000000]
speclooptripcount_ln0                                                        (speclooptripcount) [ 0000000000000]
shl_ln135_1                                                                  (bitconcatenate   ) [ 0000000000000]
zext_ln128                                                                   (zext             ) [ 0000000000000]
specpipeline_ln129                                                           (specpipeline     ) [ 0000000000000]
bnn_top_int_const_unsigned_int_const_int_const_unsigned_int_const_int_co_296 (load             ) [ 0000000000000]
bnn_top_int_const_unsigned_int_const_int_const_unsigned_int_const_int_co_297 (load             ) [ 0000000000000]
bnn_top_int_const_unsigned_int_const_int_const_unsigned_int_const_int_co_298 (load             ) [ 0000000000000]
bnn_top_int_const_unsigned_int_const_int_const_unsigned_int_const_int_co_299 (load             ) [ 0000000000000]
bnn_top_int_const_unsigned_int_const_int_const_unsigned_int_const_int_co_300 (load             ) [ 0000000000000]
s2                                                                           (sparsemux        ) [ 0000000000000]
bnn_top_int_const_unsigned_int_const_int_const_unsigned_int_const_int_co_306 (load             ) [ 0000000000000]
bnn_top_int_const_unsigned_int_const_int_const_unsigned_int_const_int_co_307 (load             ) [ 0000000000000]
bnn_top_int_const_unsigned_int_const_int_const_unsigned_int_const_int_co_308 (load             ) [ 0000000000000]
bnn_top_int_const_unsigned_int_const_int_const_unsigned_int_const_int_co_309 (load             ) [ 0000000000000]
bnn_top_int_const_unsigned_int_const_int_const_unsigned_int_const_int_co_310 (load             ) [ 0000000000000]
s3                                                                           (sparsemux        ) [ 0000000000000]
icmp_ln134_1                                                                 (icmp             ) [ 0000000000000]
m_11                                                                         (select           ) [ 0000000000000]
icmp_ln134_2                                                                 (icmp             ) [ 0000000000000]
select_ln134                                                                 (select           ) [ 0000000000000]
shl_ln                                                                       (bitconcatenate   ) [ 0000000000000]
icmp_ln135                                                                   (icmp             ) [ 0000000000000]
tmp12                                                                        (bitconcatenate   ) [ 0000000000000]
add_ln135                                                                    (add              ) [ 0000000000000]
zext_ln135                                                                   (zext             ) [ 0000000000000]
l3_addr                                                                      (getelementptr    ) [ 0000000000000]
store_ln135                                                                  (store            ) [ 0000000000000]
br_ln128                                                                     (br               ) [ 0000000000000]
ret_ln0                                                                      (ret              ) [ 0000000000000]
</LifeTime>

<model>

<comp_list>
<comp id="0" class="1000" name="sext_ln135">
<pin_list>
<pin id="1" dir="1" index="0" bw="1" slack="0"/>
</pin_list>
<bind>
<StgValue><ssdm name="sext_ln135"/></StgValue>
</bind>
</comp>

<comp id="2" class="1000" name="oc_2">
<pin_list>
<pin id="3" dir="1" index="0" bw="1" slack="0"/>
</pin_list>
<bind>
<StgValue><ssdm name="oc_2"/></StgValue>
</bind>
</comp>

<comp id="4" class="1000" name="bnn_top_int_const_unsigned_int_const_int_const_unsigned_int_const_int_co_4">
<pin_list>
<pin id="5" dir="1" index="0" bw="1" slack="0"/>
</pin_list>
<bind>
<StgValue><ssdm name="bnn_top_int_const_unsigned_int_const_int_const_unsigned_int_const_int_co_4"/><MemPortTyVec>1 1 </MemPortTyVec>
</StgValue>
</bind>
</comp>

<comp id="6" class="1000" name="bnn_top_int_const_unsigned_int_const_int_const_unsigned_int_const_int_co_3">
<pin_list>
<pin id="7" dir="1" index="0" bw="1" slack="0"/>
</pin_list>
<bind>
<StgValue><ssdm name="bnn_top_int_const_unsigned_int_const_int_const_unsigned_int_const_int_co_3"/><MemPortTyVec>1 1 </MemPortTyVec>
</StgValue>
</bind>
</comp>

<comp id="8" class="1000" name="bnn_top_int_const_unsigned_int_const_int_const_unsigned_int_const_int_co_2">
<pin_list>
<pin id="9" dir="1" index="0" bw="1" slack="0"/>
</pin_list>
<bind>
<StgValue><ssdm name="bnn_top_int_const_unsigned_int_const_int_const_unsigned_int_const_int_co_2"/><MemPortTyVec>1 1 </MemPortTyVec>
</StgValue>
</bind>
</comp>

<comp id="10" class="1000" name="bnn_top_int_const_unsigned_int_const_int_const_unsigned_int_const_int_co_1">
<pin_list>
<pin id="11" dir="1" index="0" bw="1" slack="0"/>
</pin_list>
<bind>
<StgValue><ssdm name="bnn_top_int_const_unsigned_int_const_int_const_unsigned_int_const_int_co_1"/><MemPortTyVec>1 1 </MemPortTyVec>
</StgValue>
</bind>
</comp>

<comp id="12" class="1000" name="bnn_top_int_const_unsigned_int_const_int_const_unsigned_int_const_int_co">
<pin_list>
<pin id="13" dir="1" index="0" bw="1" slack="0"/>
</pin_list>
<bind>
<StgValue><ssdm name="bnn_top_int_const_unsigned_int_const_int_const_unsigned_int_const_int_co"/><MemPortTyVec>1 1 </MemPortTyVec>
</StgValue>
</bind>
</comp>

<comp id="14" class="1000" name="l3">
<pin_list>
<pin id="15" dir="1" index="0" bw="1" slack="0"/>
</pin_list>
<bind>
<StgValue><ssdm name="l3"/><MemPortTyVec>0 3 </MemPortTyVec>
</StgValue>
</bind>
</comp>

<comp id="16" class="1001" name="const_16">
<pin_list>
<pin id="17" dir="1" index="0" bw="1" slack="0"/>
</pin_list>
<bind>
<StgValue><ssdm name=""/></StgValue>
</bind>
</comp>

<comp id="18" class="1001" name="const_18">
<pin_list>
<pin id="19" dir="1" index="0" bw="1" slack="0"/>
</pin_list>
<bind>
<StgValue><ssdm name="_ssdm_op_Read.ap_auto.i6"/></StgValue>
</bind>
</comp>

<comp id="20" class="1001" name="const_20">
<pin_list>
<pin id="21" dir="1" index="0" bw="1" slack="0"/>
</pin_list>
<bind>
<StgValue><ssdm name="_ssdm_op_Read.ap_auto.i32"/></StgValue>
</bind>
</comp>

<comp id="22" class="1001" name="const_22">
<pin_list>
<pin id="23" dir="1" index="0" bw="1" slack="0"/>
</pin_list>
<bind>
<StgValue><ssdm name=""/></StgValue>
</bind>
</comp>

<comp id="24" class="1001" name="const_24">
<pin_list>
<pin id="25" dir="1" index="0" bw="1" slack="0"/>
</pin_list>
<bind>
<StgValue><ssdm name=""/></StgValue>
</bind>
</comp>

<comp id="26" class="1001" name="const_26">
<pin_list>
<pin id="27" dir="1" index="0" bw="1" slack="0"/>
</pin_list>
<bind>
<StgValue><ssdm name=""/></StgValue>
</bind>
</comp>

<comp id="28" class="1001" name="const_28">
<pin_list>
<pin id="29" dir="1" index="0" bw="1" slack="0"/>
</pin_list>
<bind>
<StgValue><ssdm name=""/></StgValue>
</bind>
</comp>

<comp id="30" class="1001" name="const_30">
<pin_list>
<pin id="31" dir="1" index="0" bw="1" slack="0"/>
</pin_list>
<bind>
<StgValue><ssdm name=""/></StgValue>
</bind>
</comp>

<comp id="32" class="1001" name="const_32">
<pin_list>
<pin id="33" dir="1" index="0" bw="1" slack="0"/>
</pin_list>
<bind>
<StgValue><ssdm name=""/></StgValue>
</bind>
</comp>

<comp id="34" class="1001" name="const_34">
<pin_list>
<pin id="35" dir="1" index="0" bw="1" slack="0"/>
</pin_list>
<bind>
<StgValue><ssdm name="_ssdm_op_BitConcatenate.i5.i2.i3"/></StgValue>
</bind>
</comp>

<comp id="36" class="1001" name="const_36">
<pin_list>
<pin id="37" dir="1" index="0" bw="1" slack="0"/>
</pin_list>
<bind>
<StgValue><ssdm name="_ssdm_op_BitConcatenate.i4.i3.i1"/></StgValue>
</bind>
</comp>

<comp id="38" class="1001" name="const_38">
<pin_list>
<pin id="39" dir="1" index="0" bw="1" slack="0"/>
</pin_list>
<bind>
<StgValue><ssdm name=""/></StgValue>
</bind>
</comp>

<comp id="40" class="1001" name="const_40">
<pin_list>
<pin id="41" dir="1" index="0" bw="1" slack="0"/>
</pin_list>
<bind>
<StgValue><ssdm name=""/></StgValue>
</bind>
</comp>

<comp id="42" class="1001" name="const_42">
<pin_list>
<pin id="43" dir="1" index="0" bw="1" slack="0"/>
</pin_list>
<bind>
<StgValue><ssdm name=""/></StgValue>
</bind>
</comp>

<comp id="44" class="1001" name="const_44">
<pin_list>
<pin id="45" dir="1" index="0" bw="1" slack="0"/>
</pin_list>
<bind>
<StgValue><ssdm name="_ssdm_op_PartSelect.i4.i13.i32.i32"/></StgValue>
</bind>
</comp>

<comp id="46" class="1001" name="const_46">
<pin_list>
<pin id="47" dir="1" index="0" bw="1" slack="0"/>
</pin_list>
<bind>
<StgValue><ssdm name=""/></StgValue>
</bind>
</comp>

<comp id="48" class="1001" name="const_48">
<pin_list>
<pin id="49" dir="1" index="0" bw="1" slack="0"/>
</pin_list>
<bind>
<StgValue><ssdm name=""/></StgValue>
</bind>
</comp>

<comp id="50" class="1001" name="const_50">
<pin_list>
<pin id="51" dir="1" index="0" bw="1" slack="0"/>
</pin_list>
<bind>
<StgValue><ssdm name=""/></StgValue>
</bind>
</comp>

<comp id="52" class="1001" name="const_52">
<pin_list>
<pin id="53" dir="1" index="0" bw="1" slack="0"/>
</pin_list>
<bind>
<StgValue><ssdm name="_ssdm_op_BitConcatenate.i6.i2.i1.i2.i1"/></StgValue>
</bind>
</comp>

<comp id="54" class="1001" name="const_54">
<pin_list>
<pin id="55" dir="1" index="0" bw="1" slack="0"/>
</pin_list>
<bind>
<StgValue><ssdm name=""/></StgValue>
</bind>
</comp>

<comp id="56" class="1001" name="const_56">
<pin_list>
<pin id="57" dir="1" index="0" bw="1" slack="0"/>
</pin_list>
<bind>
<StgValue><ssdm name="_ssdm_op_SparseMux.ap_auto.5i32.i32.i3"/></StgValue>
</bind>
</comp>

<comp id="58" class="1001" name="const_58">
<pin_list>
<pin id="59" dir="1" index="0" bw="1" slack="0"/>
</pin_list>
<bind>
<StgValue><ssdm name=""/></StgValue>
</bind>
</comp>

<comp id="60" class="1001" name="const_60">
<pin_list>
<pin id="61" dir="1" index="0" bw="1" slack="0"/>
</pin_list>
<bind>
<StgValue><ssdm name=""/></StgValue>
</bind>
</comp>

<comp id="62" class="1001" name="const_62">
<pin_list>
<pin id="63" dir="1" index="0" bw="1" slack="0"/>
</pin_list>
<bind>
<StgValue><ssdm name=""/></StgValue>
</bind>
</comp>

<comp id="64" class="1001" name="const_64">
<pin_list>
<pin id="65" dir="1" index="0" bw="1" slack="2147483647"/>
</pin_list>
<bind>
<StgValue><ssdm name="_ssdm_op_SpecLoopName"/></StgValue>
</bind>
</comp>

<comp id="66" class="1001" name="const_66">
<pin_list>
<pin id="67" dir="1" index="0" bw="1" slack="2147483647"/>
</pin_list>
<bind>
<StgValue><ssdm name="VITIS_LOOP_127_22_VITIS_LOOP_128_23_str"/></StgValue>
</bind>
</comp>

<comp id="68" class="1001" name="const_68">
<pin_list>
<pin id="69" dir="1" index="0" bw="1" slack="2147483647"/>
</pin_list>
<bind>
<StgValue><ssdm name="_ssdm_op_SpecLoopTripCount"/></StgValue>
</bind>
</comp>

<comp id="70" class="1001" name="const_70">
<pin_list>
<pin id="71" dir="1" index="0" bw="1" slack="2147483647"/>
</pin_list>
<bind>
<StgValue><ssdm name=""/></StgValue>
</bind>
</comp>

<comp id="72" class="1001" name="const_72">
<pin_list>
<pin id="73" dir="1" index="0" bw="1" slack="0"/>
</pin_list>
<bind>
<StgValue><ssdm name="_ssdm_op_BitConcatenate.i4.i2.i2"/></StgValue>
</bind>
</comp>

<comp id="74" class="1001" name="const_74">
<pin_list>
<pin id="75" dir="1" index="0" bw="1" slack="0"/>
</pin_list>
<bind>
<StgValue><ssdm name=""/></StgValue>
</bind>
</comp>

<comp id="76" class="1001" name="const_76">
<pin_list>
<pin id="77" dir="1" index="0" bw="1" slack="2147483647"/>
</pin_list>
<bind>
<StgValue><ssdm name="_ssdm_op_SpecPipeline"/></StgValue>
</bind>
</comp>

<comp id="78" class="1001" name="const_78">
<pin_list>
<pin id="79" dir="1" index="0" bw="1" slack="2147483647"/>
</pin_list>
<bind>
<StgValue><ssdm name=""/></StgValue>
</bind>
</comp>

<comp id="80" class="1001" name="const_80">
<pin_list>
<pin id="81" dir="1" index="0" bw="1" slack="2147483647"/>
</pin_list>
<bind>
<StgValue><ssdm name=""/></StgValue>
</bind>
</comp>

<comp id="82" class="1001" name="const_82">
<pin_list>
<pin id="83" dir="1" index="0" bw="1" slack="2147483647"/>
</pin_list>
<bind>
<StgValue><ssdm name="empty_2"/></StgValue>
</bind>
</comp>

<comp id="84" class="1001" name="const_84">
<pin_list>
<pin id="85" dir="1" index="0" bw="1" slack="0"/>
</pin_list>
<bind>
<StgValue><ssdm name="_ssdm_op_BitConcatenate.i40.i32.i8"/></StgValue>
</bind>
</comp>

<comp id="86" class="1001" name="const_86">
<pin_list>
<pin id="87" dir="1" index="0" bw="1" slack="0"/>
</pin_list>
<bind>
<StgValue><ssdm name=""/></StgValue>
</bind>
</comp>

<comp id="88" class="1001" name="const_88">
<pin_list>
<pin id="89" dir="1" index="0" bw="1" slack="0"/>
</pin_list>
<bind>
<StgValue><ssdm name="_ssdm_op_BitConcatenate.i10.i6.i1.i3"/></StgValue>
</bind>
</comp>

<comp id="90" class="1004" name="pw_fu_90">
<pin_list>
<pin id="91" dir="0" index="0" bw="1" slack="0"/>
<pin id="92" dir="1" index="1" bw="3" slack="0"/>
</pin_list>
<bind>
<opcode="alloca(26) " fcode="alloca"/>
<opset="pw/1 "/>
</bind>
</comp>

<comp id="94" class="1004" name="ph_fu_94">
<pin_list>
<pin id="95" dir="0" index="0" bw="1" slack="0"/>
<pin id="96" dir="1" index="1" bw="3" slack="0"/>
</pin_list>
<bind>
<opcode="alloca(26) " fcode="alloca"/>
<opset="ph/1 "/>
</bind>
</comp>

<comp id="98" class="1004" name="indvar_flatten66_fu_98">
<pin_list>
<pin id="99" dir="0" index="0" bw="1" slack="0"/>
<pin id="100" dir="1" index="1" bw="5" slack="0"/>
</pin_list>
<bind>
<opcode="alloca(26) " fcode="alloca"/>
<opset="indvar_flatten66/1 "/>
</bind>
</comp>

<comp id="102" class="1004" name="oc_2_read_read_fu_102">
<pin_list>
<pin id="103" dir="0" index="0" bw="6" slack="0"/>
<pin id="104" dir="0" index="1" bw="6" slack="0"/>
<pin id="105" dir="1" index="2" bw="6" slack="11"/>
</pin_list>
<bind>
<opcode="read(1150) " fcode="read"/>
<opset="oc_2_read/1 "/>
</bind>
</comp>

<comp id="108" class="1004" name="sext_ln135_read_read_fu_108">
<pin_list>
<pin id="109" dir="0" index="0" bw="32" slack="0"/>
<pin id="110" dir="0" index="1" bw="32" slack="0"/>
<pin id="111" dir="1" index="2" bw="32" slack="0"/>
</pin_list>
<bind>
<opcode="read(1150) " fcode="read"/>
<opset="sext_ln135_read/1 "/>
</bind>
</comp>

<comp id="114" class="1004" name="bnn_top_int_const_unsigned_int_const_int_const_unsigned_int_const_int_co_271_gep_fu_114">
<pin_list>
<pin id="115" dir="0" index="0" bw="32" slack="0"/>
<pin id="116" dir="0" index="1" bw="1" slack="0"/>
<pin id="117" dir="0" index="2" bw="4" slack="0"/>
<pin id="118" dir="1" index="3" bw="8" slack="0"/>
</pin_list>
<bind>
<opcode="getelementptr(29) " fcode="getelementptr"/>
<opset="bnn_top_int_const_unsigned_int_const_int_const_unsigned_int_const_int_co_271/10 "/>
</bind>
</comp>

<comp id="121" class="1004" name="bnn_top_int_const_unsigned_int_const_int_const_unsigned_int_const_int_co_272_gep_fu_121">
<pin_list>
<pin id="122" dir="0" index="0" bw="32" slack="0"/>
<pin id="123" dir="0" index="1" bw="1" slack="0"/>
<pin id="124" dir="0" index="2" bw="4" slack="0"/>
<pin id="125" dir="1" index="3" bw="8" slack="0"/>
</pin_list>
<bind>
<opcode="getelementptr(29) " fcode="getelementptr"/>
<opset="bnn_top_int_const_unsigned_int_const_int_const_unsigned_int_const_int_co_272/10 "/>
</bind>
</comp>

<comp id="128" class="1004" name="bnn_top_int_const_unsigned_int_const_int_const_unsigned_int_const_int_co_273_gep_fu_128">
<pin_list>
<pin id="129" dir="0" index="0" bw="32" slack="0"/>
<pin id="130" dir="0" index="1" bw="1" slack="0"/>
<pin id="131" dir="0" index="2" bw="4" slack="0"/>
<pin id="132" dir="1" index="3" bw="8" slack="0"/>
</pin_list>
<bind>
<opcode="getelementptr(29) " fcode="getelementptr"/>
<opset="bnn_top_int_const_unsigned_int_const_int_const_unsigned_int_const_int_co_273/10 "/>
</bind>
</comp>

<comp id="135" class="1004" name="bnn_top_int_const_unsigned_int_const_int_const_unsigned_int_const_int_co_274_gep_fu_135">
<pin_list>
<pin id="136" dir="0" index="0" bw="32" slack="0"/>
<pin id="137" dir="0" index="1" bw="1" slack="0"/>
<pin id="138" dir="0" index="2" bw="4" slack="0"/>
<pin id="139" dir="1" index="3" bw="8" slack="0"/>
</pin_list>
<bind>
<opcode="getelementptr(29) " fcode="getelementptr"/>
<opset="bnn_top_int_const_unsigned_int_const_int_const_unsigned_int_const_int_co_274/10 "/>
</bind>
</comp>

<comp id="142" class="1004" name="bnn_top_int_const_unsigned_int_const_int_const_unsigned_int_const_int_co_275_gep_fu_142">
<pin_list>
<pin id="143" dir="0" index="0" bw="32" slack="0"/>
<pin id="144" dir="0" index="1" bw="1" slack="0"/>
<pin id="145" dir="0" index="2" bw="4" slack="0"/>
<pin id="146" dir="1" index="3" bw="8" slack="0"/>
</pin_list>
<bind>
<opcode="getelementptr(29) " fcode="getelementptr"/>
<opset="bnn_top_int_const_unsigned_int_const_int_const_unsigned_int_const_int_co_275/10 "/>
</bind>
</comp>

<comp id="149" class="1004" name="grp_access_fu_149">
<pin_list>
<pin id="150" dir="0" index="0" bw="8" slack="0"/>
<pin id="151" dir="0" index="1" bw="32" slack="2147483647"/>
<pin id="152" dir="0" index="2" bw="0" slack="0"/>
<pin id="154" dir="0" index="4" bw="8" slack="2147483647"/>
<pin id="155" dir="0" index="5" bw="32" slack="2147483647"/>
<pin id="156" dir="0" index="6" bw="0" slack="2147483647"/>
<pin id="153" dir="1" index="3" bw="32" slack="0"/>
<pin id="157" dir="1" index="7" bw="32" slack="0"/>
</pin_list>
<bind>
<opcode="load(27) " fcode="load"/>
<opset="bnn_top_int_const_unsigned_int_const_int_const_unsigned_int_const_int_co_276/10 bnn_top_int_const_unsigned_int_const_int_const_unsigned_int_const_int_co_286/10 bnn_top_int_const_unsigned_int_const_int_const_unsigned_int_const_int_co_296/11 bnn_top_int_const_unsigned_int_const_int_const_unsigned_int_const_int_co_306/11 "/>
</bind>
</comp>

<comp id="159" class="1004" name="grp_access_fu_159">
<pin_list>
<pin id="160" dir="0" index="0" bw="8" slack="0"/>
<pin id="161" dir="0" index="1" bw="32" slack="2147483647"/>
<pin id="162" dir="0" index="2" bw="0" slack="0"/>
<pin id="164" dir="0" index="4" bw="8" slack="2147483647"/>
<pin id="165" dir="0" index="5" bw="32" slack="2147483647"/>
<pin id="166" dir="0" index="6" bw="0" slack="2147483647"/>
<pin id="163" dir="1" index="3" bw="32" slack="0"/>
<pin id="167" dir="1" index="7" bw="32" slack="0"/>
</pin_list>
<bind>
<opcode="load(27) " fcode="load"/>
<opset="bnn_top_int_const_unsigned_int_const_int_const_unsigned_int_const_int_co_277/10 bnn_top_int_const_unsigned_int_const_int_const_unsigned_int_const_int_co_287/10 bnn_top_int_const_unsigned_int_const_int_const_unsigned_int_const_int_co_297/11 bnn_top_int_const_unsigned_int_const_int_const_unsigned_int_const_int_co_307/11 "/>
</bind>
</comp>

<comp id="169" class="1004" name="grp_access_fu_169">
<pin_list>
<pin id="170" dir="0" index="0" bw="8" slack="0"/>
<pin id="171" dir="0" index="1" bw="32" slack="2147483647"/>
<pin id="172" dir="0" index="2" bw="0" slack="0"/>
<pin id="174" dir="0" index="4" bw="8" slack="2147483647"/>
<pin id="175" dir="0" index="5" bw="32" slack="2147483647"/>
<pin id="176" dir="0" index="6" bw="0" slack="2147483647"/>
<pin id="173" dir="1" index="3" bw="32" slack="0"/>
<pin id="177" dir="1" index="7" bw="32" slack="0"/>
</pin_list>
<bind>
<opcode="load(27) " fcode="load"/>
<opset="bnn_top_int_const_unsigned_int_const_int_const_unsigned_int_const_int_co_278/10 bnn_top_int_const_unsigned_int_const_int_const_unsigned_int_const_int_co_288/10 bnn_top_int_const_unsigned_int_const_int_const_unsigned_int_const_int_co_298/11 bnn_top_int_const_unsigned_int_const_int_const_unsigned_int_const_int_co_308/11 "/>
</bind>
</comp>

<comp id="179" class="1004" name="grp_access_fu_179">
<pin_list>
<pin id="180" dir="0" index="0" bw="8" slack="0"/>
<pin id="181" dir="0" index="1" bw="32" slack="2147483647"/>
<pin id="182" dir="0" index="2" bw="0" slack="0"/>
<pin id="184" dir="0" index="4" bw="8" slack="2147483647"/>
<pin id="185" dir="0" index="5" bw="32" slack="2147483647"/>
<pin id="186" dir="0" index="6" bw="0" slack="2147483647"/>
<pin id="183" dir="1" index="3" bw="32" slack="0"/>
<pin id="187" dir="1" index="7" bw="32" slack="0"/>
</pin_list>
<bind>
<opcode="load(27) " fcode="load"/>
<opset="bnn_top_int_const_unsigned_int_const_int_const_unsigned_int_const_int_co_279/10 bnn_top_int_const_unsigned_int_const_int_const_unsigned_int_const_int_co_289/10 bnn_top_int_const_unsigned_int_const_int_const_unsigned_int_const_int_co_299/11 bnn_top_int_const_unsigned_int_const_int_const_unsigned_int_const_int_co_309/11 "/>
</bind>
</comp>

<comp id="189" class="1004" name="grp_access_fu_189">
<pin_list>
<pin id="190" dir="0" index="0" bw="8" slack="0"/>
<pin id="191" dir="0" index="1" bw="32" slack="2147483647"/>
<pin id="192" dir="0" index="2" bw="0" slack="0"/>
<pin id="194" dir="0" index="4" bw="8" slack="2147483647"/>
<pin id="195" dir="0" index="5" bw="32" slack="2147483647"/>
<pin id="196" dir="0" index="6" bw="0" slack="2147483647"/>
<pin id="193" dir="1" index="3" bw="32" slack="0"/>
<pin id="197" dir="1" index="7" bw="32" slack="0"/>
</pin_list>
<bind>
<opcode="load(27) " fcode="load"/>
<opset="bnn_top_int_const_unsigned_int_const_int_const_unsigned_int_const_int_co_280/10 bnn_top_int_const_unsigned_int_const_int_const_unsigned_int_const_int_co_290/10 bnn_top_int_const_unsigned_int_const_int_const_unsigned_int_const_int_co_300/11 bnn_top_int_const_unsigned_int_const_int_const_unsigned_int_const_int_co_310/11 "/>
</bind>
</comp>

<comp id="199" class="1004" name="bnn_top_int_const_unsigned_int_const_int_const_unsigned_int_const_int_co_281_gep_fu_199">
<pin_list>
<pin id="200" dir="0" index="0" bw="32" slack="0"/>
<pin id="201" dir="0" index="1" bw="1" slack="0"/>
<pin id="202" dir="0" index="2" bw="4" slack="0"/>
<pin id="203" dir="1" index="3" bw="8" slack="0"/>
</pin_list>
<bind>
<opcode="getelementptr(29) " fcode="getelementptr"/>
<opset="bnn_top_int_const_unsigned_int_const_int_const_unsigned_int_const_int_co_281/10 "/>
</bind>
</comp>

<comp id="206" class="1004" name="bnn_top_int_const_unsigned_int_const_int_const_unsigned_int_const_int_co_282_gep_fu_206">
<pin_list>
<pin id="207" dir="0" index="0" bw="32" slack="0"/>
<pin id="208" dir="0" index="1" bw="1" slack="0"/>
<pin id="209" dir="0" index="2" bw="4" slack="0"/>
<pin id="210" dir="1" index="3" bw="8" slack="0"/>
</pin_list>
<bind>
<opcode="getelementptr(29) " fcode="getelementptr"/>
<opset="bnn_top_int_const_unsigned_int_const_int_const_unsigned_int_const_int_co_282/10 "/>
</bind>
</comp>

<comp id="213" class="1004" name="bnn_top_int_const_unsigned_int_const_int_const_unsigned_int_const_int_co_283_gep_fu_213">
<pin_list>
<pin id="214" dir="0" index="0" bw="32" slack="0"/>
<pin id="215" dir="0" index="1" bw="1" slack="0"/>
<pin id="216" dir="0" index="2" bw="4" slack="0"/>
<pin id="217" dir="1" index="3" bw="8" slack="0"/>
</pin_list>
<bind>
<opcode="getelementptr(29) " fcode="getelementptr"/>
<opset="bnn_top_int_const_unsigned_int_const_int_const_unsigned_int_const_int_co_283/10 "/>
</bind>
</comp>

<comp id="220" class="1004" name="bnn_top_int_const_unsigned_int_const_int_const_unsigned_int_const_int_co_284_gep_fu_220">
<pin_list>
<pin id="221" dir="0" index="0" bw="32" slack="0"/>
<pin id="222" dir="0" index="1" bw="1" slack="0"/>
<pin id="223" dir="0" index="2" bw="4" slack="0"/>
<pin id="224" dir="1" index="3" bw="8" slack="0"/>
</pin_list>
<bind>
<opcode="getelementptr(29) " fcode="getelementptr"/>
<opset="bnn_top_int_const_unsigned_int_const_int_const_unsigned_int_const_int_co_284/10 "/>
</bind>
</comp>

<comp id="227" class="1004" name="bnn_top_int_const_unsigned_int_const_int_const_unsigned_int_const_int_co_285_gep_fu_227">
<pin_list>
<pin id="228" dir="0" index="0" bw="32" slack="0"/>
<pin id="229" dir="0" index="1" bw="1" slack="0"/>
<pin id="230" dir="0" index="2" bw="4" slack="0"/>
<pin id="231" dir="1" index="3" bw="8" slack="0"/>
</pin_list>
<bind>
<opcode="getelementptr(29) " fcode="getelementptr"/>
<opset="bnn_top_int_const_unsigned_int_const_int_const_unsigned_int_const_int_co_285/10 "/>
</bind>
</comp>

<comp id="239" class="1004" name="bnn_top_int_const_unsigned_int_const_int_const_unsigned_int_const_int_co_291_gep_fu_239">
<pin_list>
<pin id="240" dir="0" index="0" bw="32" slack="0"/>
<pin id="241" dir="0" index="1" bw="1" slack="0"/>
<pin id="242" dir="0" index="2" bw="4" slack="0"/>
<pin id="243" dir="1" index="3" bw="8" slack="0"/>
</pin_list>
<bind>
<opcode="getelementptr(29) " fcode="getelementptr"/>
<opset="bnn_top_int_const_unsigned_int_const_int_const_unsigned_int_const_int_co_291/11 "/>
</bind>
</comp>

<comp id="246" class="1004" name="bnn_top_int_const_unsigned_int_const_int_const_unsigned_int_const_int_co_292_gep_fu_246">
<pin_list>
<pin id="247" dir="0" index="0" bw="32" slack="0"/>
<pin id="248" dir="0" index="1" bw="1" slack="0"/>
<pin id="249" dir="0" index="2" bw="4" slack="0"/>
<pin id="250" dir="1" index="3" bw="8" slack="0"/>
</pin_list>
<bind>
<opcode="getelementptr(29) " fcode="getelementptr"/>
<opset="bnn_top_int_const_unsigned_int_const_int_const_unsigned_int_const_int_co_292/11 "/>
</bind>
</comp>

<comp id="253" class="1004" name="bnn_top_int_const_unsigned_int_const_int_const_unsigned_int_const_int_co_293_gep_fu_253">
<pin_list>
<pin id="254" dir="0" index="0" bw="32" slack="0"/>
<pin id="255" dir="0" index="1" bw="1" slack="0"/>
<pin id="256" dir="0" index="2" bw="4" slack="0"/>
<pin id="257" dir="1" index="3" bw="8" slack="0"/>
</pin_list>
<bind>
<opcode="getelementptr(29) " fcode="getelementptr"/>
<opset="bnn_top_int_const_unsigned_int_const_int_const_unsigned_int_const_int_co_293/11 "/>
</bind>
</comp>

<comp id="260" class="1004" name="bnn_top_int_const_unsigned_int_const_int_const_unsigned_int_const_int_co_294_gep_fu_260">
<pin_list>
<pin id="261" dir="0" index="0" bw="32" slack="0"/>
<pin id="262" dir="0" index="1" bw="1" slack="0"/>
<pin id="263" dir="0" index="2" bw="4" slack="0"/>
<pin id="264" dir="1" index="3" bw="8" slack="0"/>
</pin_list>
<bind>
<opcode="getelementptr(29) " fcode="getelementptr"/>
<opset="bnn_top_int_const_unsigned_int_const_int_const_unsigned_int_const_int_co_294/11 "/>
</bind>
</comp>

<comp id="267" class="1004" name="bnn_top_int_const_unsigned_int_const_int_const_unsigned_int_const_int_co_295_gep_fu_267">
<pin_list>
<pin id="268" dir="0" index="0" bw="32" slack="0"/>
<pin id="269" dir="0" index="1" bw="1" slack="0"/>
<pin id="270" dir="0" index="2" bw="4" slack="0"/>
<pin id="271" dir="1" index="3" bw="8" slack="0"/>
</pin_list>
<bind>
<opcode="getelementptr(29) " fcode="getelementptr"/>
<opset="bnn_top_int_const_unsigned_int_const_int_const_unsigned_int_const_int_co_295/11 "/>
</bind>
</comp>

<comp id="279" class="1004" name="bnn_top_int_const_unsigned_int_const_int_const_unsigned_int_const_int_co_301_gep_fu_279">
<pin_list>
<pin id="280" dir="0" index="0" bw="32" slack="0"/>
<pin id="281" dir="0" index="1" bw="1" slack="0"/>
<pin id="282" dir="0" index="2" bw="4" slack="0"/>
<pin id="283" dir="1" index="3" bw="8" slack="0"/>
</pin_list>
<bind>
<opcode="getelementptr(29) " fcode="getelementptr"/>
<opset="bnn_top_int_const_unsigned_int_const_int_const_unsigned_int_const_int_co_301/11 "/>
</bind>
</comp>

<comp id="286" class="1004" name="bnn_top_int_const_unsigned_int_const_int_const_unsigned_int_const_int_co_302_gep_fu_286">
<pin_list>
<pin id="287" dir="0" index="0" bw="32" slack="0"/>
<pin id="288" dir="0" index="1" bw="1" slack="0"/>
<pin id="289" dir="0" index="2" bw="4" slack="0"/>
<pin id="290" dir="1" index="3" bw="8" slack="0"/>
</pin_list>
<bind>
<opcode="getelementptr(29) " fcode="getelementptr"/>
<opset="bnn_top_int_const_unsigned_int_const_int_const_unsigned_int_const_int_co_302/11 "/>
</bind>
</comp>

<comp id="293" class="1004" name="bnn_top_int_const_unsigned_int_const_int_const_unsigned_int_const_int_co_303_gep_fu_293">
<pin_list>
<pin id="294" dir="0" index="0" bw="32" slack="0"/>
<pin id="295" dir="0" index="1" bw="1" slack="0"/>
<pin id="296" dir="0" index="2" bw="4" slack="0"/>
<pin id="297" dir="1" index="3" bw="8" slack="0"/>
</pin_list>
<bind>
<opcode="getelementptr(29) " fcode="getelementptr"/>
<opset="bnn_top_int_const_unsigned_int_const_int_const_unsigned_int_const_int_co_303/11 "/>
</bind>
</comp>

<comp id="300" class="1004" name="bnn_top_int_const_unsigned_int_const_int_const_unsigned_int_const_int_co_304_gep_fu_300">
<pin_list>
<pin id="301" dir="0" index="0" bw="32" slack="0"/>
<pin id="302" dir="0" index="1" bw="1" slack="0"/>
<pin id="303" dir="0" index="2" bw="4" slack="0"/>
<pin id="304" dir="1" index="3" bw="8" slack="0"/>
</pin_list>
<bind>
<opcode="getelementptr(29) " fcode="getelementptr"/>
<opset="bnn_top_int_const_unsigned_int_const_int_const_unsigned_int_const_int_co_304/11 "/>
</bind>
</comp>

<comp id="307" class="1004" name="bnn_top_int_const_unsigned_int_const_int_const_unsigned_int_const_int_co_305_gep_fu_307">
<pin_list>
<pin id="308" dir="0" index="0" bw="32" slack="0"/>
<pin id="309" dir="0" index="1" bw="1" slack="0"/>
<pin id="310" dir="0" index="2" bw="4" slack="0"/>
<pin id="311" dir="1" index="3" bw="8" slack="0"/>
</pin_list>
<bind>
<opcode="getelementptr(29) " fcode="getelementptr"/>
<opset="bnn_top_int_const_unsigned_int_const_int_const_unsigned_int_const_int_co_305/11 "/>
</bind>
</comp>

<comp id="319" class="1004" name="l3_addr_gep_fu_319">
<pin_list>
<pin id="320" dir="0" index="0" bw="1" slack="0"/>
<pin id="321" dir="0" index="1" bw="1" slack="0"/>
<pin id="322" dir="0" index="2" bw="10" slack="0"/>
<pin id="323" dir="1" index="3" bw="10" slack="0"/>
</pin_list>
<bind>
<opcode="getelementptr(29) " fcode="getelementptr"/>
<opset="l3_addr/12 "/>
</bind>
</comp>

<comp id="326" class="1004" name="store_ln135_access_fu_326">
<pin_list>
<pin id="327" dir="0" index="0" bw="10" slack="0"/>
<pin id="328" dir="0" index="1" bw="1" slack="0"/>
<pin id="329" dir="0" index="2" bw="0" slack="2147483647"/>
<pin id="330" dir="1" index="3" bw="1" slack="2147483647"/>
</pin_list>
<bind>
<opcode="store(28) " fcode="store"/>
<opset="store_ln135/12 "/>
</bind>
</comp>

<comp id="332" class="1004" name="sext_ln135_cast_fu_332">
<pin_list>
<pin id="333" dir="0" index="0" bw="32" slack="0"/>
<pin id="334" dir="1" index="1" bw="40" slack="11"/>
</pin_list>
<bind>
<opcode="sext(35) " fcode="sext"/>
<opset="sext_ln135_cast/1 "/>
</bind>
</comp>

<comp id="336" class="1004" name="store_ln0_store_fu_336">
<pin_list>
<pin id="337" dir="0" index="0" bw="1" slack="0"/>
<pin id="338" dir="0" index="1" bw="5" slack="0"/>
<pin id="339" dir="1" index="2" bw="0" slack="2147483647"/>
</pin_list>
<bind>
<opcode="store(28) " fcode="store"/>
<opset="store_ln0/1 "/>
</bind>
</comp>

<comp id="341" class="1004" name="store_ln127_store_fu_341">
<pin_list>
<pin id="342" dir="0" index="0" bw="1" slack="0"/>
<pin id="343" dir="0" index="1" bw="3" slack="0"/>
<pin id="344" dir="1" index="2" bw="0" slack="2147483647"/>
</pin_list>
<bind>
<opcode="store(28) " fcode="store"/>
<opset="store_ln127/1 "/>
</bind>
</comp>

<comp id="346" class="1004" name="store_ln128_store_fu_346">
<pin_list>
<pin id="347" dir="0" index="0" bw="1" slack="0"/>
<pin id="348" dir="0" index="1" bw="3" slack="0"/>
<pin id="349" dir="1" index="2" bw="0" slack="2147483647"/>
</pin_list>
<bind>
<opcode="store(28) " fcode="store"/>
<opset="store_ln128/1 "/>
</bind>
</comp>

<comp id="351" class="1004" name="indvar_flatten66_load_load_fu_351">
<pin_list>
<pin id="352" dir="0" index="0" bw="5" slack="0"/>
<pin id="353" dir="1" index="1" bw="5" slack="0"/>
</pin_list>
<bind>
<opcode="load(27) " fcode="load"/>
<opset="indvar_flatten66_load/1 "/>
</bind>
</comp>

<comp id="354" class="1004" name="icmp_ln127_fu_354">
<pin_list>
<pin id="355" dir="0" index="0" bw="5" slack="0"/>
<pin id="356" dir="0" index="1" bw="5" slack="0"/>
<pin id="357" dir="1" index="2" bw="1" slack="10"/>
</pin_list>
<bind>
<opcode="icmp(45) " fcode="icmp"/>
<opset="icmp_ln127/1 "/>
</bind>
</comp>

<comp id="360" class="1004" name="add_ln127_fu_360">
<pin_list>
<pin id="361" dir="0" index="0" bw="5" slack="0"/>
<pin id="362" dir="0" index="1" bw="1" slack="0"/>
<pin id="363" dir="1" index="2" bw="5" slack="0"/>
</pin_list>
<bind>
<opcode="add(8) " fcode="add"/>
<opset="add_ln127/1 "/>
</bind>
</comp>

<comp id="366" class="1004" name="pw_load_load_fu_366">
<pin_list>
<pin id="367" dir="0" index="0" bw="3" slack="0"/>
<pin id="368" dir="1" index="1" bw="3" slack="0"/>
</pin_list>
<bind>
<opcode="load(27) " fcode="load"/>
<opset="pw_load/1 "/>
</bind>
</comp>

<comp id="369" class="1004" name="ph_load_load_fu_369">
<pin_list>
<pin id="370" dir="0" index="0" bw="3" slack="0"/>
<pin id="371" dir="1" index="1" bw="3" slack="0"/>
</pin_list>
<bind>
<opcode="load(27) " fcode="load"/>
<opset="ph_load/1 "/>
</bind>
</comp>

<comp id="372" class="1004" name="icmp_ln128_fu_372">
<pin_list>
<pin id="373" dir="0" index="0" bw="3" slack="0"/>
<pin id="374" dir="0" index="1" bw="3" slack="0"/>
<pin id="375" dir="1" index="2" bw="1" slack="0"/>
</pin_list>
<bind>
<opcode="icmp(45) " fcode="icmp"/>
<opset="icmp_ln128/1 "/>
</bind>
</comp>

<comp id="378" class="1004" name="select_ln127_fu_378">
<pin_list>
<pin id="379" dir="0" index="0" bw="1" slack="0"/>
<pin id="380" dir="0" index="1" bw="1" slack="0"/>
<pin id="381" dir="0" index="2" bw="3" slack="0"/>
<pin id="382" dir="1" index="3" bw="3" slack="0"/>
</pin_list>
<bind>
<opcode="select(49) " fcode="select"/>
<opset="select_ln127/1 "/>
</bind>
</comp>

<comp id="386" class="1004" name="add_ln127_1_fu_386">
<pin_list>
<pin id="387" dir="0" index="0" bw="3" slack="0"/>
<pin id="388" dir="0" index="1" bw="1" slack="0"/>
<pin id="389" dir="1" index="2" bw="3" slack="0"/>
</pin_list>
<bind>
<opcode="add(8) " fcode="add"/>
<opset="add_ln127_1/1 "/>
</bind>
</comp>

<comp id="392" class="1004" name="select_ln127_1_fu_392">
<pin_list>
<pin id="393" dir="0" index="0" bw="1" slack="0"/>
<pin id="394" dir="0" index="1" bw="3" slack="0"/>
<pin id="395" dir="0" index="2" bw="3" slack="0"/>
<pin id="396" dir="1" index="3" bw="3" slack="0"/>
</pin_list>
<bind>
<opcode="select(49) " fcode="select"/>
<opset="select_ln127_1/1 "/>
</bind>
</comp>

<comp id="400" class="1004" name="trunc_ln130_fu_400">
<pin_list>
<pin id="401" dir="0" index="0" bw="3" slack="0"/>
<pin id="402" dir="1" index="1" bw="2" slack="0"/>
</pin_list>
<bind>
<opcode="trunc(33) " fcode="trunc"/>
<opset="trunc_ln130/1 "/>
</bind>
</comp>

<comp id="404" class="1004" name="p_shl_fu_404">
<pin_list>
<pin id="405" dir="0" index="0" bw="5" slack="0"/>
<pin id="406" dir="0" index="1" bw="2" slack="0"/>
<pin id="407" dir="0" index="2" bw="1" slack="0"/>
<pin id="408" dir="1" index="3" bw="5" slack="0"/>
</pin_list>
<bind>
<opcode="bitconcatenate(1004) " fcode="bitconcatenate"/>
<opset="p_shl/1 "/>
</bind>
</comp>

<comp id="412" class="1004" name="tmp_fu_412">
<pin_list>
<pin id="413" dir="0" index="0" bw="4" slack="0"/>
<pin id="414" dir="0" index="1" bw="3" slack="0"/>
<pin id="415" dir="0" index="2" bw="1" slack="0"/>
<pin id="416" dir="1" index="3" bw="4" slack="0"/>
</pin_list>
<bind>
<opcode="bitconcatenate(1004) " fcode="bitconcatenate"/>
<opset="tmp/1 "/>
</bind>
</comp>

<comp id="420" class="1004" name="zext_ln130_fu_420">
<pin_list>
<pin id="421" dir="0" index="0" bw="4" slack="0"/>
<pin id="422" dir="1" index="1" bw="5" slack="0"/>
</pin_list>
<bind>
<opcode="zext(34) " fcode="zext"/>
<opset="zext_ln130/1 "/>
</bind>
</comp>

<comp id="424" class="1004" name="sub_ln130_fu_424">
<pin_list>
<pin id="425" dir="0" index="0" bw="5" slack="0"/>
<pin id="426" dir="0" index="1" bw="4" slack="0"/>
<pin id="427" dir="1" index="2" bw="5" slack="0"/>
</pin_list>
<bind>
<opcode="sub(10) " fcode="sub"/>
<opset="sub_ln130/1 "/>
</bind>
</comp>

<comp id="430" class="1004" name="trunc_ln130_1_fu_430">
<pin_list>
<pin id="431" dir="0" index="0" bw="3" slack="0"/>
<pin id="432" dir="1" index="1" bw="2" slack="9"/>
</pin_list>
<bind>
<opcode="trunc(33) " fcode="trunc"/>
<opset="trunc_ln130_1/1 "/>
</bind>
</comp>

<comp id="434" class="1004" name="shl_ln130_fu_434">
<pin_list>
<pin id="435" dir="0" index="0" bw="3" slack="0"/>
<pin id="436" dir="0" index="1" bw="1" slack="0"/>
<pin id="437" dir="1" index="2" bw="3" slack="0"/>
</pin_list>
<bind>
<opcode="shl(20) " fcode="shl"/>
<opset="shl_ln130/1 "/>
</bind>
</comp>

<comp id="440" class="1004" name="zext_ln130_1_fu_440">
<pin_list>
<pin id="441" dir="0" index="0" bw="3" slack="0"/>
<pin id="442" dir="1" index="1" bw="5" slack="0"/>
</pin_list>
<bind>
<opcode="zext(34) " fcode="zext"/>
<opset="zext_ln130_1/1 "/>
</bind>
</comp>

<comp id="444" class="1004" name="add_ln130_fu_444">
<pin_list>
<pin id="445" dir="0" index="0" bw="3" slack="0"/>
<pin id="446" dir="0" index="1" bw="5" slack="0"/>
<pin id="447" dir="1" index="2" bw="5" slack="0"/>
</pin_list>
<bind>
<opcode="add(8) " fcode="add"/>
<opset="add_ln130/1 "/>
</bind>
</comp>

<comp id="450" class="1004" name="zext_ln130_2_fu_450">
<pin_list>
<pin id="451" dir="0" index="0" bw="5" slack="0"/>
<pin id="452" dir="1" index="1" bw="6" slack="0"/>
</pin_list>
<bind>
<opcode="zext(34) " fcode="zext"/>
<opset="zext_ln130_2/1 "/>
</bind>
</comp>

<comp id="454" class="1004" name="add_ln130_2_fu_454">
<pin_list>
<pin id="455" dir="0" index="0" bw="5" slack="0"/>
<pin id="456" dir="0" index="1" bw="4" slack="0"/>
<pin id="457" dir="1" index="2" bw="5" slack="0"/>
</pin_list>
<bind>
<opcode="add(8) " fcode="add"/>
<opset="add_ln130_2/1 "/>
</bind>
</comp>

<comp id="460" class="1004" name="zext_ln130_3_fu_460">
<pin_list>
<pin id="461" dir="0" index="0" bw="5" slack="0"/>
<pin id="462" dir="1" index="1" bw="6" slack="0"/>
</pin_list>
<bind>
<opcode="zext(34) " fcode="zext"/>
<opset="zext_ln130_3/1 "/>
</bind>
</comp>

<comp id="464" class="1004" name="grp_fu_464">
<pin_list>
<pin id="465" dir="0" index="0" bw="5" slack="0"/>
<pin id="466" dir="0" index="1" bw="4" slack="0"/>
<pin id="467" dir="1" index="2" bw="3" slack="0"/>
</pin_list>
<bind>
<opcode="urem(17) " fcode="urem"/>
<opset="urem_ln130/1 "/>
</bind>
</comp>

<comp id="470" class="1004" name="add_ln128_fu_470">
<pin_list>
<pin id="471" dir="0" index="0" bw="3" slack="0"/>
<pin id="472" dir="0" index="1" bw="1" slack="0"/>
<pin id="473" dir="1" index="2" bw="3" slack="0"/>
</pin_list>
<bind>
<opcode="add(8) " fcode="add"/>
<opset="add_ln128/1 "/>
</bind>
</comp>

<comp id="476" class="1004" name="store_ln127_store_fu_476">
<pin_list>
<pin id="477" dir="0" index="0" bw="5" slack="0"/>
<pin id="478" dir="0" index="1" bw="5" slack="0"/>
<pin id="479" dir="1" index="2" bw="0" slack="2147483647"/>
</pin_list>
<bind>
<opcode="store(28) " fcode="store"/>
<opset="store_ln127/1 "/>
</bind>
</comp>

<comp id="481" class="1004" name="store_ln127_store_fu_481">
<pin_list>
<pin id="482" dir="0" index="0" bw="3" slack="0"/>
<pin id="483" dir="0" index="1" bw="3" slack="0"/>
<pin id="484" dir="1" index="2" bw="0" slack="2147483647"/>
</pin_list>
<bind>
<opcode="store(28) " fcode="store"/>
<opset="store_ln127/1 "/>
</bind>
</comp>

<comp id="486" class="1004" name="store_ln128_store_fu_486">
<pin_list>
<pin id="487" dir="0" index="0" bw="3" slack="0"/>
<pin id="488" dir="0" index="1" bw="3" slack="0"/>
<pin id="489" dir="1" index="2" bw="0" slack="2147483647"/>
</pin_list>
<bind>
<opcode="store(28) " fcode="store"/>
<opset="store_ln128/1 "/>
</bind>
</comp>

<comp id="491" class="1004" name="tmp_51_fu_491">
<pin_list>
<pin id="492" dir="0" index="0" bw="4" slack="0"/>
<pin id="493" dir="0" index="1" bw="13" slack="0"/>
<pin id="494" dir="0" index="2" bw="5" slack="0"/>
<pin id="495" dir="0" index="3" bw="5" slack="0"/>
<pin id="496" dir="1" index="4" bw="4" slack="6"/>
</pin_list>
<bind>
<opcode="partselect(1002) " fcode="partselect"/>
<opset="tmp_51/4 "/>
</bind>
</comp>

<comp id="500" class="1004" name="trunc_ln130_2_fu_500">
<pin_list>
<pin id="501" dir="0" index="0" bw="3" slack="0"/>
<pin id="502" dir="1" index="1" bw="3" slack="1"/>
</pin_list>
<bind>
<opcode="trunc(33) " fcode="trunc"/>
<opset="trunc_ln130_2/9 "/>
</bind>
</comp>

<comp id="504" class="1004" name="zext_ln130_5_fu_504">
<pin_list>
<pin id="505" dir="0" index="0" bw="4" slack="6"/>
<pin id="506" dir="1" index="1" bw="64" slack="0"/>
</pin_list>
<bind>
<opcode="zext(34) " fcode="zext"/>
<opset="zext_ln130_5/10 "/>
</bind>
</comp>

<comp id="512" class="1004" name="add_ln7_fu_512">
<pin_list>
<pin id="513" dir="0" index="0" bw="6" slack="0"/>
<pin id="514" dir="0" index="1" bw="2" slack="9"/>
<pin id="515" dir="0" index="2" bw="1" slack="0"/>
<pin id="516" dir="0" index="3" bw="2" slack="9"/>
<pin id="517" dir="0" index="4" bw="1" slack="0"/>
<pin id="518" dir="1" index="5" bw="6" slack="0"/>
</pin_list>
<bind>
<opcode="bitconcatenate(1004) " fcode="bitconcatenate"/>
<opset="add_ln7/10 "/>
</bind>
</comp>

<comp id="522" class="1004" name="zext_ln131_1_fu_522">
<pin_list>
<pin id="523" dir="0" index="0" bw="6" slack="0"/>
<pin id="524" dir="1" index="1" bw="13" slack="0"/>
</pin_list>
<bind>
<opcode="zext(34) " fcode="zext"/>
<opset="zext_ln131_1/10 "/>
</bind>
</comp>

<comp id="526" class="1004" name="mul_ln131_fu_526">
<pin_list>
<pin id="527" dir="0" index="0" bw="6" slack="0"/>
<pin id="528" dir="0" index="1" bw="8" slack="0"/>
<pin id="529" dir="1" index="2" bw="13" slack="0"/>
</pin_list>
<bind>
<opcode="mul(12) " fcode="mul"/>
<opset="mul_ln131/10 "/>
</bind>
</comp>

<comp id="532" class="1004" name="tmp_52_fu_532">
<pin_list>
<pin id="533" dir="0" index="0" bw="4" slack="0"/>
<pin id="534" dir="0" index="1" bw="13" slack="0"/>
<pin id="535" dir="0" index="2" bw="5" slack="0"/>
<pin id="536" dir="0" index="3" bw="5" slack="0"/>
<pin id="537" dir="1" index="4" bw="4" slack="0"/>
</pin_list>
<bind>
<opcode="partselect(1002) " fcode="partselect"/>
<opset="tmp_52/10 "/>
</bind>
</comp>

<comp id="542" class="1004" name="zext_ln131_fu_542">
<pin_list>
<pin id="543" dir="0" index="0" bw="4" slack="0"/>
<pin id="544" dir="1" index="1" bw="64" slack="0"/>
</pin_list>
<bind>
<opcode="zext(34) " fcode="zext"/>
<opset="zext_ln131/10 "/>
</bind>
</comp>

<comp id="551" class="1004" name="s0_fu_551">
<pin_list>
<pin id="552" dir="0" index="0" bw="32" slack="0"/>
<pin id="553" dir="0" index="1" bw="3" slack="0"/>
<pin id="554" dir="0" index="2" bw="32" slack="0"/>
<pin id="555" dir="0" index="3" bw="3" slack="0"/>
<pin id="556" dir="0" index="4" bw="32" slack="0"/>
<pin id="557" dir="0" index="5" bw="3" slack="0"/>
<pin id="558" dir="0" index="6" bw="32" slack="0"/>
<pin id="559" dir="0" index="7" bw="3" slack="0"/>
<pin id="560" dir="0" index="8" bw="32" slack="0"/>
<pin id="561" dir="0" index="9" bw="3" slack="0"/>
<pin id="562" dir="0" index="10" bw="32" slack="0"/>
<pin id="563" dir="0" index="11" bw="32" slack="0"/>
<pin id="564" dir="0" index="12" bw="3" slack="2"/>
<pin id="565" dir="1" index="13" bw="32" slack="0"/>
</pin_list>
<bind>
<opcode="sparsemux(1197) " fcode="sparsemux"/>
<opset="s0/11 "/>
</bind>
</comp>

<comp id="578" class="1004" name="s1_fu_578">
<pin_list>
<pin id="579" dir="0" index="0" bw="32" slack="0"/>
<pin id="580" dir="0" index="1" bw="3" slack="0"/>
<pin id="581" dir="0" index="2" bw="32" slack="0"/>
<pin id="582" dir="0" index="3" bw="3" slack="0"/>
<pin id="583" dir="0" index="4" bw="32" slack="0"/>
<pin id="584" dir="0" index="5" bw="3" slack="0"/>
<pin id="585" dir="0" index="6" bw="32" slack="0"/>
<pin id="586" dir="0" index="7" bw="3" slack="0"/>
<pin id="587" dir="0" index="8" bw="32" slack="0"/>
<pin id="588" dir="0" index="9" bw="3" slack="0"/>
<pin id="589" dir="0" index="10" bw="32" slack="0"/>
<pin id="590" dir="0" index="11" bw="32" slack="0"/>
<pin id="591" dir="0" index="12" bw="3" slack="2"/>
<pin id="592" dir="1" index="13" bw="32" slack="0"/>
</pin_list>
<bind>
<opcode="sparsemux(1197) " fcode="sparsemux"/>
<opset="s1/11 "/>
</bind>
</comp>

<comp id="605" class="1004" name="add_ln8_fu_605">
<pin_list>
<pin id="606" dir="0" index="0" bw="6" slack="0"/>
<pin id="607" dir="0" index="1" bw="2" slack="10"/>
<pin id="608" dir="0" index="2" bw="1" slack="0"/>
<pin id="609" dir="0" index="3" bw="2" slack="10"/>
<pin id="610" dir="0" index="4" bw="1" slack="0"/>
<pin id="611" dir="1" index="5" bw="6" slack="0"/>
</pin_list>
<bind>
<opcode="bitconcatenate(1004) " fcode="bitconcatenate"/>
<opset="add_ln8/11 "/>
</bind>
</comp>

<comp id="615" class="1004" name="zext_ln132_1_fu_615">
<pin_list>
<pin id="616" dir="0" index="0" bw="6" slack="0"/>
<pin id="617" dir="1" index="1" bw="13" slack="0"/>
</pin_list>
<bind>
<opcode="zext(34) " fcode="zext"/>
<opset="zext_ln132_1/11 "/>
</bind>
</comp>

<comp id="619" class="1004" name="mul_ln132_fu_619">
<pin_list>
<pin id="620" dir="0" index="0" bw="6" slack="0"/>
<pin id="621" dir="0" index="1" bw="8" slack="0"/>
<pin id="622" dir="1" index="2" bw="13" slack="0"/>
</pin_list>
<bind>
<opcode="mul(12) " fcode="mul"/>
<opset="mul_ln132/11 "/>
</bind>
</comp>

<comp id="625" class="1004" name="tmp_53_fu_625">
<pin_list>
<pin id="626" dir="0" index="0" bw="4" slack="0"/>
<pin id="627" dir="0" index="1" bw="13" slack="0"/>
<pin id="628" dir="0" index="2" bw="5" slack="0"/>
<pin id="629" dir="0" index="3" bw="5" slack="0"/>
<pin id="630" dir="1" index="4" bw="4" slack="0"/>
</pin_list>
<bind>
<opcode="partselect(1002) " fcode="partselect"/>
<opset="tmp_53/11 "/>
</bind>
</comp>

<comp id="635" class="1004" name="zext_ln132_fu_635">
<pin_list>
<pin id="636" dir="0" index="0" bw="4" slack="0"/>
<pin id="637" dir="1" index="1" bw="64" slack="0"/>
</pin_list>
<bind>
<opcode="zext(34) " fcode="zext"/>
<opset="zext_ln132/11 "/>
</bind>
</comp>

<comp id="644" class="1004" name="add_ln9_fu_644">
<pin_list>
<pin id="645" dir="0" index="0" bw="6" slack="0"/>
<pin id="646" dir="0" index="1" bw="2" slack="10"/>
<pin id="647" dir="0" index="2" bw="1" slack="0"/>
<pin id="648" dir="0" index="3" bw="2" slack="10"/>
<pin id="649" dir="0" index="4" bw="1" slack="0"/>
<pin id="650" dir="1" index="5" bw="6" slack="0"/>
</pin_list>
<bind>
<opcode="bitconcatenate(1004) " fcode="bitconcatenate"/>
<opset="add_ln9/11 "/>
</bind>
</comp>

<comp id="654" class="1004" name="zext_ln133_1_fu_654">
<pin_list>
<pin id="655" dir="0" index="0" bw="6" slack="0"/>
<pin id="656" dir="1" index="1" bw="13" slack="0"/>
</pin_list>
<bind>
<opcode="zext(34) " fcode="zext"/>
<opset="zext_ln133_1/11 "/>
</bind>
</comp>

<comp id="658" class="1004" name="mul_ln133_fu_658">
<pin_list>
<pin id="659" dir="0" index="0" bw="6" slack="0"/>
<pin id="660" dir="0" index="1" bw="8" slack="0"/>
<pin id="661" dir="1" index="2" bw="13" slack="0"/>
</pin_list>
<bind>
<opcode="mul(12) " fcode="mul"/>
<opset="mul_ln133/11 "/>
</bind>
</comp>

<comp id="664" class="1004" name="tmp_54_fu_664">
<pin_list>
<pin id="665" dir="0" index="0" bw="4" slack="0"/>
<pin id="666" dir="0" index="1" bw="13" slack="0"/>
<pin id="667" dir="0" index="2" bw="5" slack="0"/>
<pin id="668" dir="0" index="3" bw="5" slack="0"/>
<pin id="669" dir="1" index="4" bw="4" slack="0"/>
</pin_list>
<bind>
<opcode="partselect(1002) " fcode="partselect"/>
<opset="tmp_54/11 "/>
</bind>
</comp>

<comp id="674" class="1004" name="zext_ln133_fu_674">
<pin_list>
<pin id="675" dir="0" index="0" bw="4" slack="0"/>
<pin id="676" dir="1" index="1" bw="64" slack="0"/>
</pin_list>
<bind>
<opcode="zext(34) " fcode="zext"/>
<opset="zext_ln133/11 "/>
</bind>
</comp>

<comp id="683" class="1004" name="icmp_ln134_fu_683">
<pin_list>
<pin id="684" dir="0" index="0" bw="32" slack="0"/>
<pin id="685" dir="0" index="1" bw="32" slack="0"/>
<pin id="686" dir="1" index="2" bw="1" slack="0"/>
</pin_list>
<bind>
<opcode="icmp(45) " fcode="icmp"/>
<opset="icmp_ln134/11 "/>
</bind>
</comp>

<comp id="689" class="1004" name="m_9_fu_689">
<pin_list>
<pin id="690" dir="0" index="0" bw="1" slack="0"/>
<pin id="691" dir="0" index="1" bw="32" slack="0"/>
<pin id="692" dir="0" index="2" bw="32" slack="0"/>
<pin id="693" dir="1" index="3" bw="32" slack="1"/>
</pin_list>
<bind>
<opcode="select(49) " fcode="select"/>
<opset="m_9/11 "/>
</bind>
</comp>

<comp id="697" class="1004" name="shl_ln135_1_fu_697">
<pin_list>
<pin id="698" dir="0" index="0" bw="4" slack="0"/>
<pin id="699" dir="0" index="1" bw="2" slack="11"/>
<pin id="700" dir="0" index="2" bw="1" slack="0"/>
<pin id="701" dir="1" index="3" bw="4" slack="0"/>
</pin_list>
<bind>
<opcode="bitconcatenate(1004) " fcode="bitconcatenate"/>
<opset="shl_ln135_1/12 "/>
</bind>
</comp>

<comp id="704" class="1004" name="zext_ln128_fu_704">
<pin_list>
<pin id="705" dir="0" index="0" bw="4" slack="0"/>
<pin id="706" dir="1" index="1" bw="10" slack="0"/>
</pin_list>
<bind>
<opcode="zext(34) " fcode="zext"/>
<opset="zext_ln128/12 "/>
</bind>
</comp>

<comp id="708" class="1004" name="s2_fu_708">
<pin_list>
<pin id="709" dir="0" index="0" bw="32" slack="0"/>
<pin id="710" dir="0" index="1" bw="3" slack="0"/>
<pin id="711" dir="0" index="2" bw="32" slack="0"/>
<pin id="712" dir="0" index="3" bw="3" slack="0"/>
<pin id="713" dir="0" index="4" bw="32" slack="0"/>
<pin id="714" dir="0" index="5" bw="3" slack="0"/>
<pin id="715" dir="0" index="6" bw="32" slack="0"/>
<pin id="716" dir="0" index="7" bw="3" slack="0"/>
<pin id="717" dir="0" index="8" bw="32" slack="0"/>
<pin id="718" dir="0" index="9" bw="3" slack="0"/>
<pin id="719" dir="0" index="10" bw="32" slack="0"/>
<pin id="720" dir="0" index="11" bw="32" slack="0"/>
<pin id="721" dir="0" index="12" bw="3" slack="3"/>
<pin id="722" dir="1" index="13" bw="32" slack="0"/>
</pin_list>
<bind>
<opcode="sparsemux(1197) " fcode="sparsemux"/>
<opset="s2/12 "/>
</bind>
</comp>

<comp id="735" class="1004" name="s3_fu_735">
<pin_list>
<pin id="736" dir="0" index="0" bw="32" slack="0"/>
<pin id="737" dir="0" index="1" bw="3" slack="0"/>
<pin id="738" dir="0" index="2" bw="32" slack="0"/>
<pin id="739" dir="0" index="3" bw="3" slack="0"/>
<pin id="740" dir="0" index="4" bw="32" slack="0"/>
<pin id="741" dir="0" index="5" bw="3" slack="0"/>
<pin id="742" dir="0" index="6" bw="32" slack="0"/>
<pin id="743" dir="0" index="7" bw="3" slack="0"/>
<pin id="744" dir="0" index="8" bw="32" slack="0"/>
<pin id="745" dir="0" index="9" bw="3" slack="0"/>
<pin id="746" dir="0" index="10" bw="32" slack="0"/>
<pin id="747" dir="0" index="11" bw="32" slack="0"/>
<pin id="748" dir="0" index="12" bw="3" slack="3"/>
<pin id="749" dir="1" index="13" bw="32" slack="0"/>
</pin_list>
<bind>
<opcode="sparsemux(1197) " fcode="sparsemux"/>
<opset="s3/12 "/>
</bind>
</comp>

<comp id="762" class="1004" name="icmp_ln134_1_fu_762">
<pin_list>
<pin id="763" dir="0" index="0" bw="32" slack="0"/>
<pin id="764" dir="0" index="1" bw="32" slack="1"/>
<pin id="765" dir="1" index="2" bw="1" slack="0"/>
</pin_list>
<bind>
<opcode="icmp(45) " fcode="icmp"/>
<opset="icmp_ln134_1/12 "/>
</bind>
</comp>

<comp id="767" class="1004" name="m_11_fu_767">
<pin_list>
<pin id="768" dir="0" index="0" bw="1" slack="0"/>
<pin id="769" dir="0" index="1" bw="32" slack="0"/>
<pin id="770" dir="0" index="2" bw="32" slack="1"/>
<pin id="771" dir="1" index="3" bw="32" slack="0"/>
</pin_list>
<bind>
<opcode="select(49) " fcode="select"/>
<opset="m_11/12 "/>
</bind>
</comp>

<comp id="774" class="1004" name="icmp_ln134_2_fu_774">
<pin_list>
<pin id="775" dir="0" index="0" bw="32" slack="0"/>
<pin id="776" dir="0" index="1" bw="32" slack="0"/>
<pin id="777" dir="1" index="2" bw="1" slack="0"/>
</pin_list>
<bind>
<opcode="icmp(45) " fcode="icmp"/>
<opset="icmp_ln134_2/12 "/>
</bind>
</comp>

<comp id="780" class="1004" name="select_ln134_fu_780">
<pin_list>
<pin id="781" dir="0" index="0" bw="1" slack="0"/>
<pin id="782" dir="0" index="1" bw="32" slack="0"/>
<pin id="783" dir="0" index="2" bw="32" slack="0"/>
<pin id="784" dir="1" index="3" bw="32" slack="0"/>
</pin_list>
<bind>
<opcode="select(49) " fcode="select"/>
<opset="select_ln134/12 "/>
</bind>
</comp>

<comp id="788" class="1004" name="shl_ln_fu_788">
<pin_list>
<pin id="789" dir="0" index="0" bw="40" slack="0"/>
<pin id="790" dir="0" index="1" bw="32" slack="0"/>
<pin id="791" dir="0" index="2" bw="1" slack="0"/>
<pin id="792" dir="1" index="3" bw="40" slack="0"/>
</pin_list>
<bind>
<opcode="bitconcatenate(1004) " fcode="bitconcatenate"/>
<opset="shl_ln/12 "/>
</bind>
</comp>

<comp id="796" class="1004" name="icmp_ln135_fu_796">
<pin_list>
<pin id="797" dir="0" index="0" bw="40" slack="0"/>
<pin id="798" dir="0" index="1" bw="32" slack="11"/>
<pin id="799" dir="1" index="2" bw="1" slack="0"/>
</pin_list>
<bind>
<opcode="icmp(45) " fcode="icmp"/>
<opset="icmp_ln135/12 "/>
</bind>
</comp>

<comp id="802" class="1004" name="tmp12_fu_802">
<pin_list>
<pin id="803" dir="0" index="0" bw="10" slack="0"/>
<pin id="804" dir="0" index="1" bw="6" slack="11"/>
<pin id="805" dir="0" index="2" bw="1" slack="0"/>
<pin id="806" dir="0" index="3" bw="3" slack="11"/>
<pin id="807" dir="1" index="4" bw="10" slack="0"/>
</pin_list>
<bind>
<opcode="bitconcatenate(1004) " fcode="bitconcatenate"/>
<opset="tmp12/12 "/>
</bind>
</comp>

<comp id="810" class="1004" name="add_ln135_fu_810">
<pin_list>
<pin id="811" dir="0" index="0" bw="10" slack="0"/>
<pin id="812" dir="0" index="1" bw="4" slack="0"/>
<pin id="813" dir="1" index="2" bw="10" slack="0"/>
</pin_list>
<bind>
<opcode="add(8) " fcode="add"/>
<opset="add_ln135/12 "/>
</bind>
</comp>

<comp id="816" class="1004" name="zext_ln135_fu_816">
<pin_list>
<pin id="817" dir="0" index="0" bw="10" slack="0"/>
<pin id="818" dir="1" index="1" bw="64" slack="0"/>
</pin_list>
<bind>
<opcode="zext(34) " fcode="zext"/>
<opset="zext_ln135/12 "/>
</bind>
</comp>

<comp id="821" class="1007" name="grp_fu_821">
<pin_list>
<pin id="822" dir="0" index="0" bw="5" slack="0"/>
<pin id="823" dir="0" index="1" bw="5" slack="0"/>
<pin id="824" dir="0" index="2" bw="7" slack="0"/>
<pin id="825" dir="1" index="3" bw="13" slack="0"/>
</pin_list>
<bind>
<opcode="addmul(1170) " fcode="addmul"/>
<opset="add_ln130_1/1 zext_ln130_4/1 mul_ln130/1 "/>
</bind>
</comp>

<comp id="830" class="1005" name="pw_reg_830">
<pin_list>
<pin id="831" dir="0" index="0" bw="3" slack="0"/>
<pin id="832" dir="1" index="1" bw="3" slack="0"/>
</pin_list>
<bind>
<opset="pw "/>
</bind>
</comp>

<comp id="837" class="1005" name="ph_reg_837">
<pin_list>
<pin id="838" dir="0" index="0" bw="3" slack="0"/>
<pin id="839" dir="1" index="1" bw="3" slack="0"/>
</pin_list>
<bind>
<opset="ph "/>
</bind>
</comp>

<comp id="844" class="1005" name="indvar_flatten66_reg_844">
<pin_list>
<pin id="845" dir="0" index="0" bw="5" slack="0"/>
<pin id="846" dir="1" index="1" bw="5" slack="0"/>
</pin_list>
<bind>
<opset="indvar_flatten66 "/>
</bind>
</comp>

<comp id="851" class="1005" name="oc_2_read_reg_851">
<pin_list>
<pin id="852" dir="0" index="0" bw="6" slack="11"/>
<pin id="853" dir="1" index="1" bw="6" slack="11"/>
</pin_list>
<bind>
<opset="oc_2_read "/>
</bind>
</comp>

<comp id="856" class="1005" name="sext_ln135_cast_reg_856">
<pin_list>
<pin id="857" dir="0" index="0" bw="40" slack="11"/>
<pin id="858" dir="1" index="1" bw="40" slack="11"/>
</pin_list>
<bind>
<opset="sext_ln135_cast "/>
</bind>
</comp>

<comp id="861" class="1005" name="icmp_ln127_reg_861">
<pin_list>
<pin id="862" dir="0" index="0" bw="1" slack="10"/>
<pin id="863" dir="1" index="1" bw="1" slack="2147483647"/>
</pin_list>
<bind>
<opset="icmp_ln127 "/>
</bind>
</comp>

<comp id="865" class="1005" name="select_ln127_reg_865">
<pin_list>
<pin id="866" dir="0" index="0" bw="3" slack="11"/>
<pin id="867" dir="1" index="1" bw="3" slack="11"/>
</pin_list>
<bind>
<opset="select_ln127 "/>
</bind>
</comp>

<comp id="870" class="1005" name="trunc_ln130_reg_870">
<pin_list>
<pin id="871" dir="0" index="0" bw="2" slack="9"/>
<pin id="872" dir="1" index="1" bw="2" slack="9"/>
</pin_list>
<bind>
<opset="trunc_ln130 "/>
</bind>
</comp>

<comp id="878" class="1005" name="trunc_ln130_1_reg_878">
<pin_list>
<pin id="879" dir="0" index="0" bw="2" slack="9"/>
<pin id="880" dir="1" index="1" bw="2" slack="9"/>
</pin_list>
<bind>
<opset="trunc_ln130_1 "/>
</bind>
</comp>

<comp id="885" class="1005" name="add_ln130_reg_885">
<pin_list>
<pin id="886" dir="0" index="0" bw="5" slack="1"/>
<pin id="887" dir="1" index="1" bw="5" slack="1"/>
</pin_list>
<bind>
<opset="add_ln130 "/>
</bind>
</comp>

<comp id="890" class="1005" name="tmp_51_reg_890">
<pin_list>
<pin id="891" dir="0" index="0" bw="4" slack="6"/>
<pin id="892" dir="1" index="1" bw="4" slack="6"/>
</pin_list>
<bind>
<opset="tmp_51 "/>
</bind>
</comp>

<comp id="895" class="1005" name="trunc_ln130_2_reg_895">
<pin_list>
<pin id="896" dir="0" index="0" bw="3" slack="1"/>
<pin id="897" dir="1" index="1" bw="3" slack="2"/>
</pin_list>
<bind>
<opset="trunc_ln130_2 "/>
</bind>
</comp>

<comp id="903" class="1005" name="bnn_top_int_const_unsigned_int_const_int_const_unsigned_int_const_int_co_271_reg_903">
<pin_list>
<pin id="904" dir="0" index="0" bw="8" slack="1"/>
<pin id="905" dir="1" index="1" bw="8" slack="1"/>
</pin_list>
<bind>
<opset="bnn_top_int_const_unsigned_int_const_int_const_unsigned_int_const_int_co_271 "/>
</bind>
</comp>

<comp id="908" class="1005" name="bnn_top_int_const_unsigned_int_const_int_const_unsigned_int_const_int_co_272_reg_908">
<pin_list>
<pin id="909" dir="0" index="0" bw="8" slack="1"/>
<pin id="910" dir="1" index="1" bw="8" slack="1"/>
</pin_list>
<bind>
<opset="bnn_top_int_const_unsigned_int_const_int_const_unsigned_int_const_int_co_272 "/>
</bind>
</comp>

<comp id="913" class="1005" name="bnn_top_int_const_unsigned_int_const_int_const_unsigned_int_const_int_co_273_reg_913">
<pin_list>
<pin id="914" dir="0" index="0" bw="8" slack="1"/>
<pin id="915" dir="1" index="1" bw="8" slack="1"/>
</pin_list>
<bind>
<opset="bnn_top_int_const_unsigned_int_const_int_const_unsigned_int_const_int_co_273 "/>
</bind>
</comp>

<comp id="918" class="1005" name="bnn_top_int_const_unsigned_int_const_int_const_unsigned_int_const_int_co_274_reg_918">
<pin_list>
<pin id="919" dir="0" index="0" bw="8" slack="1"/>
<pin id="920" dir="1" index="1" bw="8" slack="1"/>
</pin_list>
<bind>
<opset="bnn_top_int_const_unsigned_int_const_int_const_unsigned_int_const_int_co_274 "/>
</bind>
</comp>

<comp id="923" class="1005" name="bnn_top_int_const_unsigned_int_const_int_const_unsigned_int_const_int_co_275_reg_923">
<pin_list>
<pin id="924" dir="0" index="0" bw="8" slack="1"/>
<pin id="925" dir="1" index="1" bw="8" slack="1"/>
</pin_list>
<bind>
<opset="bnn_top_int_const_unsigned_int_const_int_const_unsigned_int_const_int_co_275 "/>
</bind>
</comp>

<comp id="928" class="1005" name="bnn_top_int_const_unsigned_int_const_int_const_unsigned_int_const_int_co_281_reg_928">
<pin_list>
<pin id="929" dir="0" index="0" bw="8" slack="1"/>
<pin id="930" dir="1" index="1" bw="8" slack="1"/>
</pin_list>
<bind>
<opset="bnn_top_int_const_unsigned_int_const_int_const_unsigned_int_const_int_co_281 "/>
</bind>
</comp>

<comp id="933" class="1005" name="bnn_top_int_const_unsigned_int_const_int_const_unsigned_int_const_int_co_282_reg_933">
<pin_list>
<pin id="934" dir="0" index="0" bw="8" slack="1"/>
<pin id="935" dir="1" index="1" bw="8" slack="1"/>
</pin_list>
<bind>
<opset="bnn_top_int_const_unsigned_int_const_int_const_unsigned_int_const_int_co_282 "/>
</bind>
</comp>

<comp id="938" class="1005" name="bnn_top_int_const_unsigned_int_const_int_const_unsigned_int_const_int_co_283_reg_938">
<pin_list>
<pin id="939" dir="0" index="0" bw="8" slack="1"/>
<pin id="940" dir="1" index="1" bw="8" slack="1"/>
</pin_list>
<bind>
<opset="bnn_top_int_const_unsigned_int_const_int_const_unsigned_int_const_int_co_283 "/>
</bind>
</comp>

<comp id="943" class="1005" name="bnn_top_int_const_unsigned_int_const_int_const_unsigned_int_const_int_co_284_reg_943">
<pin_list>
<pin id="944" dir="0" index="0" bw="8" slack="1"/>
<pin id="945" dir="1" index="1" bw="8" slack="1"/>
</pin_list>
<bind>
<opset="bnn_top_int_const_unsigned_int_const_int_const_unsigned_int_const_int_co_284 "/>
</bind>
</comp>

<comp id="948" class="1005" name="bnn_top_int_const_unsigned_int_const_int_const_unsigned_int_const_int_co_285_reg_948">
<pin_list>
<pin id="949" dir="0" index="0" bw="8" slack="1"/>
<pin id="950" dir="1" index="1" bw="8" slack="1"/>
</pin_list>
<bind>
<opset="bnn_top_int_const_unsigned_int_const_int_const_unsigned_int_const_int_co_285 "/>
</bind>
</comp>

<comp id="953" class="1005" name="bnn_top_int_const_unsigned_int_const_int_const_unsigned_int_const_int_co_291_reg_953">
<pin_list>
<pin id="954" dir="0" index="0" bw="8" slack="1"/>
<pin id="955" dir="1" index="1" bw="8" slack="1"/>
</pin_list>
<bind>
<opset="bnn_top_int_const_unsigned_int_const_int_const_unsigned_int_const_int_co_291 "/>
</bind>
</comp>

<comp id="958" class="1005" name="bnn_top_int_const_unsigned_int_const_int_const_unsigned_int_const_int_co_292_reg_958">
<pin_list>
<pin id="959" dir="0" index="0" bw="8" slack="1"/>
<pin id="960" dir="1" index="1" bw="8" slack="1"/>
</pin_list>
<bind>
<opset="bnn_top_int_const_unsigned_int_const_int_const_unsigned_int_const_int_co_292 "/>
</bind>
</comp>

<comp id="963" class="1005" name="bnn_top_int_const_unsigned_int_const_int_const_unsigned_int_const_int_co_293_reg_963">
<pin_list>
<pin id="964" dir="0" index="0" bw="8" slack="1"/>
<pin id="965" dir="1" index="1" bw="8" slack="1"/>
</pin_list>
<bind>
<opset="bnn_top_int_const_unsigned_int_const_int_const_unsigned_int_const_int_co_293 "/>
</bind>
</comp>

<comp id="968" class="1005" name="bnn_top_int_const_unsigned_int_const_int_const_unsigned_int_const_int_co_294_reg_968">
<pin_list>
<pin id="969" dir="0" index="0" bw="8" slack="1"/>
<pin id="970" dir="1" index="1" bw="8" slack="1"/>
</pin_list>
<bind>
<opset="bnn_top_int_const_unsigned_int_const_int_const_unsigned_int_const_int_co_294 "/>
</bind>
</comp>

<comp id="973" class="1005" name="bnn_top_int_const_unsigned_int_const_int_const_unsigned_int_const_int_co_295_reg_973">
<pin_list>
<pin id="974" dir="0" index="0" bw="8" slack="1"/>
<pin id="975" dir="1" index="1" bw="8" slack="1"/>
</pin_list>
<bind>
<opset="bnn_top_int_const_unsigned_int_const_int_const_unsigned_int_const_int_co_295 "/>
</bind>
</comp>

<comp id="978" class="1005" name="bnn_top_int_const_unsigned_int_const_int_const_unsigned_int_const_int_co_301_reg_978">
<pin_list>
<pin id="979" dir="0" index="0" bw="8" slack="1"/>
<pin id="980" dir="1" index="1" bw="8" slack="1"/>
</pin_list>
<bind>
<opset="bnn_top_int_const_unsigned_int_const_int_const_unsigned_int_const_int_co_301 "/>
</bind>
</comp>

<comp id="983" class="1005" name="bnn_top_int_const_unsigned_int_const_int_const_unsigned_int_const_int_co_302_reg_983">
<pin_list>
<pin id="984" dir="0" index="0" bw="8" slack="1"/>
<pin id="985" dir="1" index="1" bw="8" slack="1"/>
</pin_list>
<bind>
<opset="bnn_top_int_const_unsigned_int_const_int_const_unsigned_int_const_int_co_302 "/>
</bind>
</comp>

<comp id="988" class="1005" name="bnn_top_int_const_unsigned_int_const_int_const_unsigned_int_const_int_co_303_reg_988">
<pin_list>
<pin id="989" dir="0" index="0" bw="8" slack="1"/>
<pin id="990" dir="1" index="1" bw="8" slack="1"/>
</pin_list>
<bind>
<opset="bnn_top_int_const_unsigned_int_const_int_const_unsigned_int_const_int_co_303 "/>
</bind>
</comp>

<comp id="993" class="1005" name="bnn_top_int_const_unsigned_int_const_int_const_unsigned_int_const_int_co_304_reg_993">
<pin_list>
<pin id="994" dir="0" index="0" bw="8" slack="1"/>
<pin id="995" dir="1" index="1" bw="8" slack="1"/>
</pin_list>
<bind>
<opset="bnn_top_int_const_unsigned_int_const_int_const_unsigned_int_const_int_co_304 "/>
</bind>
</comp>

<comp id="998" class="1005" name="bnn_top_int_const_unsigned_int_const_int_const_unsigned_int_const_int_co_305_reg_998">
<pin_list>
<pin id="999" dir="0" index="0" bw="8" slack="1"/>
<pin id="1000" dir="1" index="1" bw="8" slack="1"/>
</pin_list>
<bind>
<opset="bnn_top_int_const_unsigned_int_const_int_const_unsigned_int_const_int_co_305 "/>
</bind>
</comp>

<comp id="1003" class="1005" name="m_9_reg_1003">
<pin_list>
<pin id="1004" dir="0" index="0" bw="32" slack="1"/>
<pin id="1005" dir="1" index="1" bw="32" slack="1"/>
</pin_list>
<bind>
<opset="m_9 "/>
</bind>
</comp>

</comp_list>

<net_list>
<net id="93"><net_src comp="16" pin="0"/><net_sink comp="90" pin=0"/></net>

<net id="97"><net_src comp="16" pin="0"/><net_sink comp="94" pin=0"/></net>

<net id="101"><net_src comp="16" pin="0"/><net_sink comp="98" pin=0"/></net>

<net id="106"><net_src comp="18" pin="0"/><net_sink comp="102" pin=0"/></net>

<net id="107"><net_src comp="2" pin="0"/><net_sink comp="102" pin=1"/></net>

<net id="112"><net_src comp="20" pin="0"/><net_sink comp="108" pin=0"/></net>

<net id="113"><net_src comp="0" pin="0"/><net_sink comp="108" pin=1"/></net>

<net id="119"><net_src comp="4" pin="0"/><net_sink comp="114" pin=0"/></net>

<net id="120"><net_src comp="50" pin="0"/><net_sink comp="114" pin=1"/></net>

<net id="126"><net_src comp="6" pin="0"/><net_sink comp="121" pin=0"/></net>

<net id="127"><net_src comp="50" pin="0"/><net_sink comp="121" pin=1"/></net>

<net id="133"><net_src comp="8" pin="0"/><net_sink comp="128" pin=0"/></net>

<net id="134"><net_src comp="50" pin="0"/><net_sink comp="128" pin=1"/></net>

<net id="140"><net_src comp="10" pin="0"/><net_sink comp="135" pin=0"/></net>

<net id="141"><net_src comp="50" pin="0"/><net_sink comp="135" pin=1"/></net>

<net id="147"><net_src comp="12" pin="0"/><net_sink comp="142" pin=0"/></net>

<net id="148"><net_src comp="50" pin="0"/><net_sink comp="142" pin=1"/></net>

<net id="158"><net_src comp="114" pin="3"/><net_sink comp="149" pin=2"/></net>

<net id="168"><net_src comp="121" pin="3"/><net_sink comp="159" pin=2"/></net>

<net id="178"><net_src comp="128" pin="3"/><net_sink comp="169" pin=2"/></net>

<net id="188"><net_src comp="135" pin="3"/><net_sink comp="179" pin=2"/></net>

<net id="198"><net_src comp="142" pin="3"/><net_sink comp="189" pin=2"/></net>

<net id="204"><net_src comp="4" pin="0"/><net_sink comp="199" pin=0"/></net>

<net id="205"><net_src comp="50" pin="0"/><net_sink comp="199" pin=1"/></net>

<net id="211"><net_src comp="6" pin="0"/><net_sink comp="206" pin=0"/></net>

<net id="212"><net_src comp="50" pin="0"/><net_sink comp="206" pin=1"/></net>

<net id="218"><net_src comp="8" pin="0"/><net_sink comp="213" pin=0"/></net>

<net id="219"><net_src comp="50" pin="0"/><net_sink comp="213" pin=1"/></net>

<net id="225"><net_src comp="10" pin="0"/><net_sink comp="220" pin=0"/></net>

<net id="226"><net_src comp="50" pin="0"/><net_sink comp="220" pin=1"/></net>

<net id="232"><net_src comp="12" pin="0"/><net_sink comp="227" pin=0"/></net>

<net id="233"><net_src comp="50" pin="0"/><net_sink comp="227" pin=1"/></net>

<net id="234"><net_src comp="199" pin="3"/><net_sink comp="149" pin=2"/></net>

<net id="235"><net_src comp="206" pin="3"/><net_sink comp="159" pin=2"/></net>

<net id="236"><net_src comp="213" pin="3"/><net_sink comp="169" pin=2"/></net>

<net id="237"><net_src comp="220" pin="3"/><net_sink comp="179" pin=2"/></net>

<net id="238"><net_src comp="227" pin="3"/><net_sink comp="189" pin=2"/></net>

<net id="244"><net_src comp="4" pin="0"/><net_sink comp="239" pin=0"/></net>

<net id="245"><net_src comp="50" pin="0"/><net_sink comp="239" pin=1"/></net>

<net id="251"><net_src comp="6" pin="0"/><net_sink comp="246" pin=0"/></net>

<net id="252"><net_src comp="50" pin="0"/><net_sink comp="246" pin=1"/></net>

<net id="258"><net_src comp="8" pin="0"/><net_sink comp="253" pin=0"/></net>

<net id="259"><net_src comp="50" pin="0"/><net_sink comp="253" pin=1"/></net>

<net id="265"><net_src comp="10" pin="0"/><net_sink comp="260" pin=0"/></net>

<net id="266"><net_src comp="50" pin="0"/><net_sink comp="260" pin=1"/></net>

<net id="272"><net_src comp="12" pin="0"/><net_sink comp="267" pin=0"/></net>

<net id="273"><net_src comp="50" pin="0"/><net_sink comp="267" pin=1"/></net>

<net id="274"><net_src comp="239" pin="3"/><net_sink comp="149" pin=0"/></net>

<net id="275"><net_src comp="246" pin="3"/><net_sink comp="159" pin=0"/></net>

<net id="276"><net_src comp="253" pin="3"/><net_sink comp="169" pin=0"/></net>

<net id="277"><net_src comp="260" pin="3"/><net_sink comp="179" pin=0"/></net>

<net id="278"><net_src comp="267" pin="3"/><net_sink comp="189" pin=0"/></net>

<net id="284"><net_src comp="4" pin="0"/><net_sink comp="279" pin=0"/></net>

<net id="285"><net_src comp="50" pin="0"/><net_sink comp="279" pin=1"/></net>

<net id="291"><net_src comp="6" pin="0"/><net_sink comp="286" pin=0"/></net>

<net id="292"><net_src comp="50" pin="0"/><net_sink comp="286" pin=1"/></net>

<net id="298"><net_src comp="8" pin="0"/><net_sink comp="293" pin=0"/></net>

<net id="299"><net_src comp="50" pin="0"/><net_sink comp="293" pin=1"/></net>

<net id="305"><net_src comp="10" pin="0"/><net_sink comp="300" pin=0"/></net>

<net id="306"><net_src comp="50" pin="0"/><net_sink comp="300" pin=1"/></net>

<net id="312"><net_src comp="12" pin="0"/><net_sink comp="307" pin=0"/></net>

<net id="313"><net_src comp="50" pin="0"/><net_sink comp="307" pin=1"/></net>

<net id="314"><net_src comp="279" pin="3"/><net_sink comp="149" pin=0"/></net>

<net id="315"><net_src comp="286" pin="3"/><net_sink comp="159" pin=0"/></net>

<net id="316"><net_src comp="293" pin="3"/><net_sink comp="169" pin=0"/></net>

<net id="317"><net_src comp="300" pin="3"/><net_sink comp="179" pin=0"/></net>

<net id="318"><net_src comp="307" pin="3"/><net_sink comp="189" pin=0"/></net>

<net id="324"><net_src comp="14" pin="0"/><net_sink comp="319" pin=0"/></net>

<net id="325"><net_src comp="50" pin="0"/><net_sink comp="319" pin=1"/></net>

<net id="331"><net_src comp="319" pin="3"/><net_sink comp="326" pin=0"/></net>

<net id="335"><net_src comp="108" pin="2"/><net_sink comp="332" pin=0"/></net>

<net id="340"><net_src comp="22" pin="0"/><net_sink comp="336" pin=0"/></net>

<net id="345"><net_src comp="24" pin="0"/><net_sink comp="341" pin=0"/></net>

<net id="350"><net_src comp="24" pin="0"/><net_sink comp="346" pin=0"/></net>

<net id="358"><net_src comp="351" pin="1"/><net_sink comp="354" pin=0"/></net>

<net id="359"><net_src comp="26" pin="0"/><net_sink comp="354" pin=1"/></net>

<net id="364"><net_src comp="351" pin="1"/><net_sink comp="360" pin=0"/></net>

<net id="365"><net_src comp="28" pin="0"/><net_sink comp="360" pin=1"/></net>

<net id="376"><net_src comp="366" pin="1"/><net_sink comp="372" pin=0"/></net>

<net id="377"><net_src comp="30" pin="0"/><net_sink comp="372" pin=1"/></net>

<net id="383"><net_src comp="372" pin="2"/><net_sink comp="378" pin=0"/></net>

<net id="384"><net_src comp="24" pin="0"/><net_sink comp="378" pin=1"/></net>

<net id="385"><net_src comp="366" pin="1"/><net_sink comp="378" pin=2"/></net>

<net id="390"><net_src comp="369" pin="1"/><net_sink comp="386" pin=0"/></net>

<net id="391"><net_src comp="32" pin="0"/><net_sink comp="386" pin=1"/></net>

<net id="397"><net_src comp="372" pin="2"/><net_sink comp="392" pin=0"/></net>

<net id="398"><net_src comp="386" pin="2"/><net_sink comp="392" pin=1"/></net>

<net id="399"><net_src comp="369" pin="1"/><net_sink comp="392" pin=2"/></net>

<net id="403"><net_src comp="392" pin="3"/><net_sink comp="400" pin=0"/></net>

<net id="409"><net_src comp="34" pin="0"/><net_sink comp="404" pin=0"/></net>

<net id="410"><net_src comp="400" pin="1"/><net_sink comp="404" pin=1"/></net>

<net id="411"><net_src comp="24" pin="0"/><net_sink comp="404" pin=2"/></net>

<net id="417"><net_src comp="36" pin="0"/><net_sink comp="412" pin=0"/></net>

<net id="418"><net_src comp="392" pin="3"/><net_sink comp="412" pin=1"/></net>

<net id="419"><net_src comp="38" pin="0"/><net_sink comp="412" pin=2"/></net>

<net id="423"><net_src comp="412" pin="3"/><net_sink comp="420" pin=0"/></net>

<net id="428"><net_src comp="404" pin="3"/><net_sink comp="424" pin=0"/></net>

<net id="429"><net_src comp="420" pin="1"/><net_sink comp="424" pin=1"/></net>

<net id="433"><net_src comp="378" pin="3"/><net_sink comp="430" pin=0"/></net>

<net id="438"><net_src comp="378" pin="3"/><net_sink comp="434" pin=0"/></net>

<net id="439"><net_src comp="32" pin="0"/><net_sink comp="434" pin=1"/></net>

<net id="443"><net_src comp="434" pin="2"/><net_sink comp="440" pin=0"/></net>

<net id="448"><net_src comp="440" pin="1"/><net_sink comp="444" pin=0"/></net>

<net id="449"><net_src comp="424" pin="2"/><net_sink comp="444" pin=1"/></net>

<net id="453"><net_src comp="444" pin="2"/><net_sink comp="450" pin=0"/></net>

<net id="458"><net_src comp="404" pin="3"/><net_sink comp="454" pin=0"/></net>

<net id="459"><net_src comp="420" pin="1"/><net_sink comp="454" pin=1"/></net>

<net id="463"><net_src comp="454" pin="2"/><net_sink comp="460" pin=0"/></net>

<net id="468"><net_src comp="444" pin="2"/><net_sink comp="464" pin=0"/></net>

<net id="469"><net_src comp="42" pin="0"/><net_sink comp="464" pin=1"/></net>

<net id="474"><net_src comp="378" pin="3"/><net_sink comp="470" pin=0"/></net>

<net id="475"><net_src comp="32" pin="0"/><net_sink comp="470" pin=1"/></net>

<net id="480"><net_src comp="360" pin="2"/><net_sink comp="476" pin=0"/></net>

<net id="485"><net_src comp="392" pin="3"/><net_sink comp="481" pin=0"/></net>

<net id="490"><net_src comp="470" pin="2"/><net_sink comp="486" pin=0"/></net>

<net id="497"><net_src comp="44" pin="0"/><net_sink comp="491" pin=0"/></net>

<net id="498"><net_src comp="46" pin="0"/><net_sink comp="491" pin=2"/></net>

<net id="499"><net_src comp="48" pin="0"/><net_sink comp="491" pin=3"/></net>

<net id="503"><net_src comp="464" pin="2"/><net_sink comp="500" pin=0"/></net>

<net id="507"><net_src comp="504" pin="1"/><net_sink comp="114" pin=2"/></net>

<net id="508"><net_src comp="504" pin="1"/><net_sink comp="121" pin=2"/></net>

<net id="509"><net_src comp="504" pin="1"/><net_sink comp="128" pin=2"/></net>

<net id="510"><net_src comp="504" pin="1"/><net_sink comp="135" pin=2"/></net>

<net id="511"><net_src comp="504" pin="1"/><net_sink comp="142" pin=2"/></net>

<net id="519"><net_src comp="52" pin="0"/><net_sink comp="512" pin=0"/></net>

<net id="520"><net_src comp="38" pin="0"/><net_sink comp="512" pin=2"/></net>

<net id="521"><net_src comp="54" pin="0"/><net_sink comp="512" pin=4"/></net>

<net id="525"><net_src comp="512" pin="5"/><net_sink comp="522" pin=0"/></net>

<net id="530"><net_src comp="522" pin="1"/><net_sink comp="526" pin=0"/></net>

<net id="531"><net_src comp="40" pin="0"/><net_sink comp="526" pin=1"/></net>

<net id="538"><net_src comp="44" pin="0"/><net_sink comp="532" pin=0"/></net>

<net id="539"><net_src comp="526" pin="2"/><net_sink comp="532" pin=1"/></net>

<net id="540"><net_src comp="46" pin="0"/><net_sink comp="532" pin=2"/></net>

<net id="541"><net_src comp="48" pin="0"/><net_sink comp="532" pin=3"/></net>

<net id="545"><net_src comp="532" pin="4"/><net_sink comp="542" pin=0"/></net>

<net id="546"><net_src comp="542" pin="1"/><net_sink comp="199" pin=2"/></net>

<net id="547"><net_src comp="542" pin="1"/><net_sink comp="206" pin=2"/></net>

<net id="548"><net_src comp="542" pin="1"/><net_sink comp="213" pin=2"/></net>

<net id="549"><net_src comp="542" pin="1"/><net_sink comp="220" pin=2"/></net>

<net id="550"><net_src comp="542" pin="1"/><net_sink comp="227" pin=2"/></net>

<net id="566"><net_src comp="56" pin="0"/><net_sink comp="551" pin=0"/></net>

<net id="567"><net_src comp="24" pin="0"/><net_sink comp="551" pin=1"/></net>

<net id="568"><net_src comp="149" pin="7"/><net_sink comp="551" pin=2"/></net>

<net id="569"><net_src comp="32" pin="0"/><net_sink comp="551" pin=3"/></net>

<net id="570"><net_src comp="159" pin="7"/><net_sink comp="551" pin=4"/></net>

<net id="571"><net_src comp="58" pin="0"/><net_sink comp="551" pin=5"/></net>

<net id="572"><net_src comp="169" pin="7"/><net_sink comp="551" pin=6"/></net>

<net id="573"><net_src comp="60" pin="0"/><net_sink comp="551" pin=7"/></net>

<net id="574"><net_src comp="179" pin="7"/><net_sink comp="551" pin=8"/></net>

<net id="575"><net_src comp="30" pin="0"/><net_sink comp="551" pin=9"/></net>

<net id="576"><net_src comp="189" pin="7"/><net_sink comp="551" pin=10"/></net>

<net id="577"><net_src comp="62" pin="0"/><net_sink comp="551" pin=11"/></net>

<net id="593"><net_src comp="56" pin="0"/><net_sink comp="578" pin=0"/></net>

<net id="594"><net_src comp="30" pin="0"/><net_sink comp="578" pin=1"/></net>

<net id="595"><net_src comp="149" pin="7"/><net_sink comp="578" pin=2"/></net>

<net id="596"><net_src comp="24" pin="0"/><net_sink comp="578" pin=3"/></net>

<net id="597"><net_src comp="159" pin="7"/><net_sink comp="578" pin=4"/></net>

<net id="598"><net_src comp="32" pin="0"/><net_sink comp="578" pin=5"/></net>

<net id="599"><net_src comp="169" pin="7"/><net_sink comp="578" pin=6"/></net>

<net id="600"><net_src comp="58" pin="0"/><net_sink comp="578" pin=7"/></net>

<net id="601"><net_src comp="179" pin="7"/><net_sink comp="578" pin=8"/></net>

<net id="602"><net_src comp="60" pin="0"/><net_sink comp="578" pin=9"/></net>

<net id="603"><net_src comp="189" pin="7"/><net_sink comp="578" pin=10"/></net>

<net id="604"><net_src comp="62" pin="0"/><net_sink comp="578" pin=11"/></net>

<net id="612"><net_src comp="52" pin="0"/><net_sink comp="605" pin=0"/></net>

<net id="613"><net_src comp="54" pin="0"/><net_sink comp="605" pin=2"/></net>

<net id="614"><net_src comp="38" pin="0"/><net_sink comp="605" pin=4"/></net>

<net id="618"><net_src comp="605" pin="5"/><net_sink comp="615" pin=0"/></net>

<net id="623"><net_src comp="615" pin="1"/><net_sink comp="619" pin=0"/></net>

<net id="624"><net_src comp="40" pin="0"/><net_sink comp="619" pin=1"/></net>

<net id="631"><net_src comp="44" pin="0"/><net_sink comp="625" pin=0"/></net>

<net id="632"><net_src comp="619" pin="2"/><net_sink comp="625" pin=1"/></net>

<net id="633"><net_src comp="46" pin="0"/><net_sink comp="625" pin=2"/></net>

<net id="634"><net_src comp="48" pin="0"/><net_sink comp="625" pin=3"/></net>

<net id="638"><net_src comp="625" pin="4"/><net_sink comp="635" pin=0"/></net>

<net id="639"><net_src comp="635" pin="1"/><net_sink comp="239" pin=2"/></net>

<net id="640"><net_src comp="635" pin="1"/><net_sink comp="246" pin=2"/></net>

<net id="641"><net_src comp="635" pin="1"/><net_sink comp="253" pin=2"/></net>

<net id="642"><net_src comp="635" pin="1"/><net_sink comp="260" pin=2"/></net>

<net id="643"><net_src comp="635" pin="1"/><net_sink comp="267" pin=2"/></net>

<net id="651"><net_src comp="52" pin="0"/><net_sink comp="644" pin=0"/></net>

<net id="652"><net_src comp="54" pin="0"/><net_sink comp="644" pin=2"/></net>

<net id="653"><net_src comp="54" pin="0"/><net_sink comp="644" pin=4"/></net>

<net id="657"><net_src comp="644" pin="5"/><net_sink comp="654" pin=0"/></net>

<net id="662"><net_src comp="654" pin="1"/><net_sink comp="658" pin=0"/></net>

<net id="663"><net_src comp="40" pin="0"/><net_sink comp="658" pin=1"/></net>

<net id="670"><net_src comp="44" pin="0"/><net_sink comp="664" pin=0"/></net>

<net id="671"><net_src comp="658" pin="2"/><net_sink comp="664" pin=1"/></net>

<net id="672"><net_src comp="46" pin="0"/><net_sink comp="664" pin=2"/></net>

<net id="673"><net_src comp="48" pin="0"/><net_sink comp="664" pin=3"/></net>

<net id="677"><net_src comp="664" pin="4"/><net_sink comp="674" pin=0"/></net>

<net id="678"><net_src comp="674" pin="1"/><net_sink comp="279" pin=2"/></net>

<net id="679"><net_src comp="674" pin="1"/><net_sink comp="286" pin=2"/></net>

<net id="680"><net_src comp="674" pin="1"/><net_sink comp="293" pin=2"/></net>

<net id="681"><net_src comp="674" pin="1"/><net_sink comp="300" pin=2"/></net>

<net id="682"><net_src comp="674" pin="1"/><net_sink comp="307" pin=2"/></net>

<net id="687"><net_src comp="578" pin="13"/><net_sink comp="683" pin=0"/></net>

<net id="688"><net_src comp="551" pin="13"/><net_sink comp="683" pin=1"/></net>

<net id="694"><net_src comp="683" pin="2"/><net_sink comp="689" pin=0"/></net>

<net id="695"><net_src comp="578" pin="13"/><net_sink comp="689" pin=1"/></net>

<net id="696"><net_src comp="551" pin="13"/><net_sink comp="689" pin=2"/></net>

<net id="702"><net_src comp="72" pin="0"/><net_sink comp="697" pin=0"/></net>

<net id="703"><net_src comp="74" pin="0"/><net_sink comp="697" pin=2"/></net>

<net id="707"><net_src comp="697" pin="3"/><net_sink comp="704" pin=0"/></net>

<net id="723"><net_src comp="56" pin="0"/><net_sink comp="708" pin=0"/></net>

<net id="724"><net_src comp="58" pin="0"/><net_sink comp="708" pin=1"/></net>

<net id="725"><net_src comp="149" pin="3"/><net_sink comp="708" pin=2"/></net>

<net id="726"><net_src comp="60" pin="0"/><net_sink comp="708" pin=3"/></net>

<net id="727"><net_src comp="159" pin="3"/><net_sink comp="708" pin=4"/></net>

<net id="728"><net_src comp="30" pin="0"/><net_sink comp="708" pin=5"/></net>

<net id="729"><net_src comp="169" pin="3"/><net_sink comp="708" pin=6"/></net>

<net id="730"><net_src comp="24" pin="0"/><net_sink comp="708" pin=7"/></net>

<net id="731"><net_src comp="179" pin="3"/><net_sink comp="708" pin=8"/></net>

<net id="732"><net_src comp="32" pin="0"/><net_sink comp="708" pin=9"/></net>

<net id="733"><net_src comp="189" pin="3"/><net_sink comp="708" pin=10"/></net>

<net id="734"><net_src comp="62" pin="0"/><net_sink comp="708" pin=11"/></net>

<net id="750"><net_src comp="56" pin="0"/><net_sink comp="735" pin=0"/></net>

<net id="751"><net_src comp="32" pin="0"/><net_sink comp="735" pin=1"/></net>

<net id="752"><net_src comp="149" pin="3"/><net_sink comp="735" pin=2"/></net>

<net id="753"><net_src comp="58" pin="0"/><net_sink comp="735" pin=3"/></net>

<net id="754"><net_src comp="159" pin="3"/><net_sink comp="735" pin=4"/></net>

<net id="755"><net_src comp="60" pin="0"/><net_sink comp="735" pin=5"/></net>

<net id="756"><net_src comp="169" pin="3"/><net_sink comp="735" pin=6"/></net>

<net id="757"><net_src comp="30" pin="0"/><net_sink comp="735" pin=7"/></net>

<net id="758"><net_src comp="179" pin="3"/><net_sink comp="735" pin=8"/></net>

<net id="759"><net_src comp="24" pin="0"/><net_sink comp="735" pin=9"/></net>

<net id="760"><net_src comp="189" pin="3"/><net_sink comp="735" pin=10"/></net>

<net id="761"><net_src comp="62" pin="0"/><net_sink comp="735" pin=11"/></net>

<net id="766"><net_src comp="708" pin="13"/><net_sink comp="762" pin=0"/></net>

<net id="772"><net_src comp="762" pin="2"/><net_sink comp="767" pin=0"/></net>

<net id="773"><net_src comp="708" pin="13"/><net_sink comp="767" pin=1"/></net>

<net id="778"><net_src comp="735" pin="13"/><net_sink comp="774" pin=0"/></net>

<net id="779"><net_src comp="767" pin="3"/><net_sink comp="774" pin=1"/></net>

<net id="785"><net_src comp="774" pin="2"/><net_sink comp="780" pin=0"/></net>

<net id="786"><net_src comp="735" pin="13"/><net_sink comp="780" pin=1"/></net>

<net id="787"><net_src comp="767" pin="3"/><net_sink comp="780" pin=2"/></net>

<net id="793"><net_src comp="84" pin="0"/><net_sink comp="788" pin=0"/></net>

<net id="794"><net_src comp="780" pin="3"/><net_sink comp="788" pin=1"/></net>

<net id="795"><net_src comp="86" pin="0"/><net_sink comp="788" pin=2"/></net>

<net id="800"><net_src comp="788" pin="3"/><net_sink comp="796" pin=0"/></net>

<net id="801"><net_src comp="796" pin="2"/><net_sink comp="326" pin=1"/></net>

<net id="808"><net_src comp="88" pin="0"/><net_sink comp="802" pin=0"/></net>

<net id="809"><net_src comp="38" pin="0"/><net_sink comp="802" pin=2"/></net>

<net id="814"><net_src comp="802" pin="4"/><net_sink comp="810" pin=0"/></net>

<net id="815"><net_src comp="704" pin="1"/><net_sink comp="810" pin=1"/></net>

<net id="819"><net_src comp="810" pin="2"/><net_sink comp="816" pin=0"/></net>

<net id="820"><net_src comp="816" pin="1"/><net_sink comp="319" pin=2"/></net>

<net id="826"><net_src comp="450" pin="1"/><net_sink comp="821" pin=0"/></net>

<net id="827"><net_src comp="460" pin="1"/><net_sink comp="821" pin=1"/></net>

<net id="828"><net_src comp="40" pin="0"/><net_sink comp="821" pin=2"/></net>

<net id="829"><net_src comp="821" pin="3"/><net_sink comp="491" pin=1"/></net>

<net id="833"><net_src comp="90" pin="1"/><net_sink comp="830" pin=0"/></net>

<net id="834"><net_src comp="830" pin="1"/><net_sink comp="346" pin=1"/></net>

<net id="835"><net_src comp="830" pin="1"/><net_sink comp="366" pin=0"/></net>

<net id="836"><net_src comp="830" pin="1"/><net_sink comp="486" pin=1"/></net>

<net id="840"><net_src comp="94" pin="1"/><net_sink comp="837" pin=0"/></net>

<net id="841"><net_src comp="837" pin="1"/><net_sink comp="341" pin=1"/></net>

<net id="842"><net_src comp="837" pin="1"/><net_sink comp="369" pin=0"/></net>

<net id="843"><net_src comp="837" pin="1"/><net_sink comp="481" pin=1"/></net>

<net id="847"><net_src comp="98" pin="1"/><net_sink comp="844" pin=0"/></net>

<net id="848"><net_src comp="844" pin="1"/><net_sink comp="336" pin=1"/></net>

<net id="849"><net_src comp="844" pin="1"/><net_sink comp="351" pin=0"/></net>

<net id="850"><net_src comp="844" pin="1"/><net_sink comp="476" pin=1"/></net>

<net id="854"><net_src comp="102" pin="2"/><net_sink comp="851" pin=0"/></net>

<net id="855"><net_src comp="851" pin="1"/><net_sink comp="802" pin=1"/></net>

<net id="859"><net_src comp="332" pin="1"/><net_sink comp="856" pin=0"/></net>

<net id="860"><net_src comp="856" pin="1"/><net_sink comp="796" pin=1"/></net>

<net id="864"><net_src comp="354" pin="2"/><net_sink comp="861" pin=0"/></net>

<net id="868"><net_src comp="378" pin="3"/><net_sink comp="865" pin=0"/></net>

<net id="869"><net_src comp="865" pin="1"/><net_sink comp="802" pin=3"/></net>

<net id="873"><net_src comp="400" pin="1"/><net_sink comp="870" pin=0"/></net>

<net id="874"><net_src comp="870" pin="1"/><net_sink comp="512" pin=1"/></net>

<net id="875"><net_src comp="870" pin="1"/><net_sink comp="605" pin=1"/></net>

<net id="876"><net_src comp="870" pin="1"/><net_sink comp="644" pin=1"/></net>

<net id="877"><net_src comp="870" pin="1"/><net_sink comp="697" pin=1"/></net>

<net id="881"><net_src comp="430" pin="1"/><net_sink comp="878" pin=0"/></net>

<net id="882"><net_src comp="878" pin="1"/><net_sink comp="512" pin=3"/></net>

<net id="883"><net_src comp="878" pin="1"/><net_sink comp="605" pin=3"/></net>

<net id="884"><net_src comp="878" pin="1"/><net_sink comp="644" pin=3"/></net>

<net id="888"><net_src comp="444" pin="2"/><net_sink comp="885" pin=0"/></net>

<net id="889"><net_src comp="885" pin="1"/><net_sink comp="464" pin=0"/></net>

<net id="893"><net_src comp="491" pin="4"/><net_sink comp="890" pin=0"/></net>

<net id="894"><net_src comp="890" pin="1"/><net_sink comp="504" pin=0"/></net>

<net id="898"><net_src comp="500" pin="1"/><net_sink comp="895" pin=0"/></net>

<net id="899"><net_src comp="895" pin="1"/><net_sink comp="551" pin=12"/></net>

<net id="900"><net_src comp="895" pin="1"/><net_sink comp="578" pin=12"/></net>

<net id="901"><net_src comp="895" pin="1"/><net_sink comp="708" pin=12"/></net>

<net id="902"><net_src comp="895" pin="1"/><net_sink comp="735" pin=12"/></net>

<net id="906"><net_src comp="114" pin="3"/><net_sink comp="903" pin=0"/></net>

<net id="907"><net_src comp="903" pin="1"/><net_sink comp="149" pin=2"/></net>

<net id="911"><net_src comp="121" pin="3"/><net_sink comp="908" pin=0"/></net>

<net id="912"><net_src comp="908" pin="1"/><net_sink comp="159" pin=2"/></net>

<net id="916"><net_src comp="128" pin="3"/><net_sink comp="913" pin=0"/></net>

<net id="917"><net_src comp="913" pin="1"/><net_sink comp="169" pin=2"/></net>

<net id="921"><net_src comp="135" pin="3"/><net_sink comp="918" pin=0"/></net>

<net id="922"><net_src comp="918" pin="1"/><net_sink comp="179" pin=2"/></net>

<net id="926"><net_src comp="142" pin="3"/><net_sink comp="923" pin=0"/></net>

<net id="927"><net_src comp="923" pin="1"/><net_sink comp="189" pin=2"/></net>

<net id="931"><net_src comp="199" pin="3"/><net_sink comp="928" pin=0"/></net>

<net id="932"><net_src comp="928" pin="1"/><net_sink comp="149" pin=2"/></net>

<net id="936"><net_src comp="206" pin="3"/><net_sink comp="933" pin=0"/></net>

<net id="937"><net_src comp="933" pin="1"/><net_sink comp="159" pin=2"/></net>

<net id="941"><net_src comp="213" pin="3"/><net_sink comp="938" pin=0"/></net>

<net id="942"><net_src comp="938" pin="1"/><net_sink comp="169" pin=2"/></net>

<net id="946"><net_src comp="220" pin="3"/><net_sink comp="943" pin=0"/></net>

<net id="947"><net_src comp="943" pin="1"/><net_sink comp="179" pin=2"/></net>

<net id="951"><net_src comp="227" pin="3"/><net_sink comp="948" pin=0"/></net>

<net id="952"><net_src comp="948" pin="1"/><net_sink comp="189" pin=2"/></net>

<net id="956"><net_src comp="239" pin="3"/><net_sink comp="953" pin=0"/></net>

<net id="957"><net_src comp="953" pin="1"/><net_sink comp="149" pin=0"/></net>

<net id="961"><net_src comp="246" pin="3"/><net_sink comp="958" pin=0"/></net>

<net id="962"><net_src comp="958" pin="1"/><net_sink comp="159" pin=0"/></net>

<net id="966"><net_src comp="253" pin="3"/><net_sink comp="963" pin=0"/></net>

<net id="967"><net_src comp="963" pin="1"/><net_sink comp="169" pin=0"/></net>

<net id="971"><net_src comp="260" pin="3"/><net_sink comp="968" pin=0"/></net>

<net id="972"><net_src comp="968" pin="1"/><net_sink comp="179" pin=0"/></net>

<net id="976"><net_src comp="267" pin="3"/><net_sink comp="973" pin=0"/></net>

<net id="977"><net_src comp="973" pin="1"/><net_sink comp="189" pin=0"/></net>

<net id="981"><net_src comp="279" pin="3"/><net_sink comp="978" pin=0"/></net>

<net id="982"><net_src comp="978" pin="1"/><net_sink comp="149" pin=0"/></net>

<net id="986"><net_src comp="286" pin="3"/><net_sink comp="983" pin=0"/></net>

<net id="987"><net_src comp="983" pin="1"/><net_sink comp="159" pin=0"/></net>

<net id="991"><net_src comp="293" pin="3"/><net_sink comp="988" pin=0"/></net>

<net id="992"><net_src comp="988" pin="1"/><net_sink comp="169" pin=0"/></net>

<net id="996"><net_src comp="300" pin="3"/><net_sink comp="993" pin=0"/></net>

<net id="997"><net_src comp="993" pin="1"/><net_sink comp="179" pin=0"/></net>

<net id="1001"><net_src comp="307" pin="3"/><net_sink comp="998" pin=0"/></net>

<net id="1002"><net_src comp="998" pin="1"/><net_sink comp="189" pin=0"/></net>

<net id="1006"><net_src comp="689" pin="3"/><net_sink comp="1003" pin=0"/></net>

<net id="1007"><net_src comp="1003" pin="1"/><net_sink comp="762" pin=1"/></net>

<net id="1008"><net_src comp="1003" pin="1"/><net_sink comp="767" pin=2"/></net>

</net_list>

</model> 
---------------- Datapath Model END ------------------

* FSMD analyzer results:
  - Output states:
	Port: l3 | {12 }
 - Input state : 
	Port: bnn_top_Pipeline_VITIS_LOOP_127_22_VITIS_LOOP_128_23 : sext_ln135 | {1 }
	Port: bnn_top_Pipeline_VITIS_LOOP_127_22_VITIS_LOOP_128_23 : oc_2 | {1 }
	Port: bnn_top_Pipeline_VITIS_LOOP_127_22_VITIS_LOOP_128_23 : bnn_top_int_const_unsigned_int_const_int_const_unsigned_int_const_int_co_4 | {10 11 12 }
	Port: bnn_top_Pipeline_VITIS_LOOP_127_22_VITIS_LOOP_128_23 : bnn_top_int_const_unsigned_int_const_int_const_unsigned_int_const_int_co_3 | {10 11 12 }
	Port: bnn_top_Pipeline_VITIS_LOOP_127_22_VITIS_LOOP_128_23 : bnn_top_int_const_unsigned_int_const_int_const_unsigned_int_const_int_co_2 | {10 11 12 }
	Port: bnn_top_Pipeline_VITIS_LOOP_127_22_VITIS_LOOP_128_23 : bnn_top_int_const_unsigned_int_const_int_const_unsigned_int_const_int_co_1 | {10 11 12 }
	Port: bnn_top_Pipeline_VITIS_LOOP_127_22_VITIS_LOOP_128_23 : bnn_top_int_const_unsigned_int_const_int_const_unsigned_int_const_int_co | {10 11 12 }
  - Chain level:
	State 1
		store_ln0 : 1
		store_ln127 : 1
		store_ln128 : 1
		indvar_flatten66_load : 1
		icmp_ln127 : 2
		add_ln127 : 2
		br_ln127 : 3
		pw_load : 1
		ph_load : 1
		icmp_ln128 : 2
		select_ln127 : 3
		add_ln127_1 : 2
		select_ln127_1 : 3
		trunc_ln130 : 4
		p_shl : 5
		tmp : 4
		zext_ln130 : 5
		sub_ln130 : 6
		trunc_ln130_1 : 4
		shl_ln130 : 4
		zext_ln130_1 : 4
		add_ln130 : 7
		zext_ln130_2 : 8
		add_ln130_2 : 6
		zext_ln130_3 : 7
		add_ln130_1 : 9
		zext_ln130_4 : 10
		mul_ln130 : 11
		urem_ln130 : 8
		add_ln128 : 4
		store_ln127 : 3
		store_ln127 : 4
		store_ln128 : 5
	State 2
	State 3
	State 4
		tmp_51 : 1
	State 5
	State 6
	State 7
	State 8
	State 9
		trunc_ln130_2 : 1
	State 10
		bnn_top_int_const_unsigned_int_const_int_const_unsigned_int_const_int_co_271 : 1
		bnn_top_int_const_unsigned_int_const_int_const_unsigned_int_const_int_co_272 : 1
		bnn_top_int_const_unsigned_int_const_int_const_unsigned_int_const_int_co_273 : 1
		bnn_top_int_const_unsigned_int_const_int_const_unsigned_int_const_int_co_274 : 1
		bnn_top_int_const_unsigned_int_const_int_const_unsigned_int_const_int_co_275 : 1
		bnn_top_int_const_unsigned_int_const_int_const_unsigned_int_const_int_co_276 : 2
		bnn_top_int_const_unsigned_int_const_int_const_unsigned_int_const_int_co_277 : 2
		bnn_top_int_const_unsigned_int_const_int_const_unsigned_int_const_int_co_278 : 2
		bnn_top_int_const_unsigned_int_const_int_const_unsigned_int_const_int_co_279 : 2
		bnn_top_int_const_unsigned_int_const_int_const_unsigned_int_const_int_co_280 : 2
		zext_ln131_1 : 1
		mul_ln131 : 2
		tmp_52 : 3
		zext_ln131 : 4
		bnn_top_int_const_unsigned_int_const_int_const_unsigned_int_const_int_co_281 : 5
		bnn_top_int_const_unsigned_int_const_int_const_unsigned_int_const_int_co_282 : 5
		bnn_top_int_const_unsigned_int_const_int_const_unsigned_int_const_int_co_283 : 5
		bnn_top_int_const_unsigned_int_const_int_const_unsigned_int_const_int_co_284 : 5
		bnn_top_int_const_unsigned_int_const_int_const_unsigned_int_const_int_co_285 : 5
		bnn_top_int_const_unsigned_int_const_int_const_unsigned_int_const_int_co_286 : 6
		bnn_top_int_const_unsigned_int_const_int_const_unsigned_int_const_int_co_287 : 6
		bnn_top_int_const_unsigned_int_const_int_const_unsigned_int_const_int_co_288 : 6
		bnn_top_int_const_unsigned_int_const_int_const_unsigned_int_const_int_co_289 : 6
		bnn_top_int_const_unsigned_int_const_int_const_unsigned_int_const_int_co_290 : 6
	State 11
		s0 : 1
		s1 : 1
		zext_ln132_1 : 1
		mul_ln132 : 2
		tmp_53 : 3
		zext_ln132 : 4
		bnn_top_int_const_unsigned_int_const_int_const_unsigned_int_const_int_co_291 : 5
		bnn_top_int_const_unsigned_int_const_int_const_unsigned_int_const_int_co_292 : 5
		bnn_top_int_const_unsigned_int_const_int_const_unsigned_int_const_int_co_293 : 5
		bnn_top_int_const_unsigned_int_const_int_const_unsigned_int_const_int_co_294 : 5
		bnn_top_int_const_unsigned_int_const_int_const_unsigned_int_const_int_co_295 : 5
		bnn_top_int_const_unsigned_int_const_int_const_unsigned_int_const_int_co_296 : 6
		bnn_top_int_const_unsigned_int_const_int_const_unsigned_int_const_int_co_297 : 6
		bnn_top_int_const_unsigned_int_const_int_const_unsigned_int_const_int_co_298 : 6
		bnn_top_int_const_unsigned_int_const_int_const_unsigned_int_const_int_co_299 : 6
		bnn_top_int_const_unsigned_int_const_int_const_unsigned_int_const_int_co_300 : 6
		zext_ln133_1 : 1
		mul_ln133 : 2
		tmp_54 : 3
		zext_ln133 : 4
		bnn_top_int_const_unsigned_int_const_int_const_unsigned_int_const_int_co_301 : 5
		bnn_top_int_const_unsigned_int_const_int_const_unsigned_int_const_int_co_302 : 5
		bnn_top_int_const_unsigned_int_const_int_const_unsigned_int_const_int_co_303 : 5
		bnn_top_int_const_unsigned_int_const_int_const_unsigned_int_const_int_co_304 : 5
		bnn_top_int_const_unsigned_int_const_int_const_unsigned_int_const_int_co_305 : 5
		bnn_top_int_const_unsigned_int_const_int_const_unsigned_int_const_int_co_306 : 6
		bnn_top_int_const_unsigned_int_const_int_const_unsigned_int_const_int_co_307 : 6
		bnn_top_int_const_unsigned_int_const_int_const_unsigned_int_const_int_co_308 : 6
		bnn_top_int_const_unsigned_int_const_int_const_unsigned_int_const_int_co_309 : 6
		bnn_top_int_const_unsigned_int_const_int_const_unsigned_int_const_int_co_310 : 6
		icmp_ln134 : 2
		m_9 : 3
	State 12
		zext_ln128 : 1
		s2 : 1
		s3 : 1
		icmp_ln134_1 : 2
		m_11 : 3
		icmp_ln134_2 : 4
		select_ln134 : 5
		shl_ln : 6
		icmp_ln135 : 7
		add_ln135 : 2
		zext_ln135 : 3
		l3_addr : 4
		store_ln135 : 8


============================================================
+ Verbose Summary: Datapath Resource usage 
============================================================

* Functional unit list:
|----------|-----------------------------|---------|---------|---------|
| Operation|       Functional Unit       |   DSP   |    FF   |   LUT   |
|----------|-----------------------------|---------|---------|---------|
|          |      icmp_ln127_fu_354      |    0    |    0    |    12   |
|          |      icmp_ln128_fu_372      |    0    |    0    |    10   |
|   icmp   |      icmp_ln134_fu_683      |    0    |    0    |    39   |
|          |     icmp_ln134_1_fu_762     |    0    |    0    |    39   |
|          |     icmp_ln134_2_fu_774     |    0    |    0    |    39   |
|          |      icmp_ln135_fu_796      |    0    |    0    |    47   |
|----------|-----------------------------|---------|---------|---------|
|   urem   |          grp_fu_464         |    0    |    98   |    49   |
|----------|-----------------------------|---------|---------|---------|
|          |       mul_ln131_fu_526      |    0    |    0    |    40   |
|    mul   |       mul_ln132_fu_619      |    0    |    0    |    40   |
|          |       mul_ln133_fu_658      |    0    |    0    |    40   |
|----------|-----------------------------|---------|---------|---------|
|          |          s0_fu_551          |    0    |    0    |    26   |
| sparsemux|          s1_fu_578          |    0    |    0    |    26   |
|          |          s2_fu_708          |    0    |    0    |    26   |
|          |          s3_fu_735          |    0    |    0    |    26   |
|----------|-----------------------------|---------|---------|---------|
|          |     select_ln127_fu_378     |    0    |    0    |    3    |
|          |    select_ln127_1_fu_392    |    0    |    0    |    3    |
|  select  |          m_9_fu_689         |    0    |    0    |    32   |
|          |         m_11_fu_767         |    0    |    0    |    32   |
|          |     select_ln134_fu_780     |    0    |    0    |    32   |
|----------|-----------------------------|---------|---------|---------|
|          |       add_ln127_fu_360      |    0    |    0    |    12   |
|          |      add_ln127_1_fu_386     |    0    |    0    |    10   |
|    add   |       add_ln130_fu_444      |    0    |    0    |    10   |
|          |      add_ln130_2_fu_454     |    0    |    0    |    12   |
|          |       add_ln128_fu_470      |    0    |    0    |    10   |
|          |       add_ln135_fu_810      |    0    |    0    |    17   |
|----------|-----------------------------|---------|---------|---------|
|    sub   |       sub_ln130_fu_424      |    0    |    0    |    10   |
|----------|-----------------------------|---------|---------|---------|
|  addmul  |          grp_fu_821         |    1    |    0    |    0    |
|----------|-----------------------------|---------|---------|---------|
|   read   |    oc_2_read_read_fu_102    |    0    |    0    |    0    |
|          | sext_ln135_read_read_fu_108 |    0    |    0    |    0    |
|----------|-----------------------------|---------|---------|---------|
|   sext   |    sext_ln135_cast_fu_332   |    0    |    0    |    0    |
|----------|-----------------------------|---------|---------|---------|
|          |      trunc_ln130_fu_400     |    0    |    0    |    0    |
|   trunc  |     trunc_ln130_1_fu_430    |    0    |    0    |    0    |
|          |     trunc_ln130_2_fu_500    |    0    |    0    |    0    |
|----------|-----------------------------|---------|---------|---------|
|          |         p_shl_fu_404        |    0    |    0    |    0    |
|          |          tmp_fu_412         |    0    |    0    |    0    |
|          |        add_ln7_fu_512       |    0    |    0    |    0    |
|bitconcatenate|        add_ln8_fu_605       |    0    |    0    |    0    |
|          |        add_ln9_fu_644       |    0    |    0    |    0    |
|          |      shl_ln135_1_fu_697     |    0    |    0    |    0    |
|          |        shl_ln_fu_788        |    0    |    0    |    0    |
|          |         tmp12_fu_802        |    0    |    0    |    0    |
|----------|-----------------------------|---------|---------|---------|
|          |      zext_ln130_fu_420      |    0    |    0    |    0    |
|          |     zext_ln130_1_fu_440     |    0    |    0    |    0    |
|          |     zext_ln130_2_fu_450     |    0    |    0    |    0    |
|          |     zext_ln130_3_fu_460     |    0    |    0    |    0    |
|          |     zext_ln130_5_fu_504     |    0    |    0    |    0    |
|          |     zext_ln131_1_fu_522     |    0    |    0    |    0    |
|   zext   |      zext_ln131_fu_542      |    0    |    0    |    0    |
|          |     zext_ln132_1_fu_615     |    0    |    0    |    0    |
|          |      zext_ln132_fu_635      |    0    |    0    |    0    |
|          |     zext_ln133_1_fu_654     |    0    |    0    |    0    |
|          |      zext_ln133_fu_674      |    0    |    0    |    0    |
|          |      zext_ln128_fu_704      |    0    |    0    |    0    |
|          |      zext_ln135_fu_816      |    0    |    0    |    0    |
|----------|-----------------------------|---------|---------|---------|
|    shl   |       shl_ln130_fu_434      |    0    |    0    |    0    |
|----------|-----------------------------|---------|---------|---------|
|          |        tmp_51_fu_491        |    0    |    0    |    0    |
|partselect|        tmp_52_fu_532        |    0    |    0    |    0    |
|          |        tmp_53_fu_625        |    0    |    0    |    0    |
|          |        tmp_54_fu_664        |    0    |    0    |    0    |
|----------|-----------------------------|---------|---------|---------|
|   Total  |                             |    1    |    98   |   642   |
|----------|-----------------------------|---------|---------|---------|

Memories:
N/A

* Register list:
+------------------------------------------------------------------------------------+--------+
|                                                                                    |   FF   |
+------------------------------------------------------------------------------------+--------+
|                                  add_ln130_reg_885                                 |    5   |
|bnn_top_int_const_unsigned_int_const_int_const_unsigned_int_const_int_co_271_reg_903|    8   |
|bnn_top_int_const_unsigned_int_const_int_const_unsigned_int_const_int_co_272_reg_908|    8   |
|bnn_top_int_const_unsigned_int_const_int_const_unsigned_int_const_int_co_273_reg_913|    8   |
|bnn_top_int_const_unsigned_int_const_int_const_unsigned_int_const_int_co_274_reg_918|    8   |
|bnn_top_int_const_unsigned_int_const_int_const_unsigned_int_const_int_co_275_reg_923|    8   |
|bnn_top_int_const_unsigned_int_const_int_const_unsigned_int_const_int_co_281_reg_928|    8   |
|bnn_top_int_const_unsigned_int_const_int_const_unsigned_int_const_int_co_282_reg_933|    8   |
|bnn_top_int_const_unsigned_int_const_int_const_unsigned_int_const_int_co_283_reg_938|    8   |
|bnn_top_int_const_unsigned_int_const_int_const_unsigned_int_const_int_co_284_reg_943|    8   |
|bnn_top_int_const_unsigned_int_const_int_const_unsigned_int_const_int_co_285_reg_948|    8   |
|bnn_top_int_const_unsigned_int_const_int_const_unsigned_int_const_int_co_291_reg_953|    8   |
|bnn_top_int_const_unsigned_int_const_int_const_unsigned_int_const_int_co_292_reg_958|    8   |
|bnn_top_int_const_unsigned_int_const_int_const_unsigned_int_const_int_co_293_reg_963|    8   |
|bnn_top_int_const_unsigned_int_const_int_const_unsigned_int_const_int_co_294_reg_968|    8   |
|bnn_top_int_const_unsigned_int_const_int_const_unsigned_int_const_int_co_295_reg_973|    8   |
|bnn_top_int_const_unsigned_int_const_int_const_unsigned_int_const_int_co_301_reg_978|    8   |
|bnn_top_int_const_unsigned_int_const_int_const_unsigned_int_const_int_co_302_reg_983|    8   |
|bnn_top_int_const_unsigned_int_const_int_const_unsigned_int_const_int_co_303_reg_988|    8   |
|bnn_top_int_const_unsigned_int_const_int_const_unsigned_int_const_int_co_304_reg_993|    8   |
|bnn_top_int_const_unsigned_int_const_int_const_unsigned_int_const_int_co_305_reg_998|    8   |
|                                 icmp_ln127_reg_861                                 |    1   |
|                              indvar_flatten66_reg_844                              |    5   |
|                                    m_9_reg_1003                                    |   32   |
|                                  oc_2_read_reg_851                                 |    6   |
|                                     ph_reg_837                                     |    3   |
|                                     pw_reg_830                                     |    3   |
|                                select_ln127_reg_865                                |    3   |
|                               sext_ln135_cast_reg_856                              |   40   |
|                                   tmp_51_reg_890                                   |    4   |
|                                trunc_ln130_1_reg_878                               |    2   |
|                                trunc_ln130_2_reg_895                               |    3   |
|                                 trunc_ln130_reg_870                                |    2   |
+------------------------------------------------------------------------------------+--------+
|                                        Total                                       |   269  |
+------------------------------------------------------------------------------------+--------+

* Multiplexer (MUX) list: 
|-------------------|------|------|------|--------||---------||---------||---------|
|        Comp       |  Pin | Size |  BW  | S x BW ||  Delay  ||    FF   ||   LUT   |
|-------------------|------|------|------|--------||---------||---------||---------|
| grp_access_fu_149 |  p0  |   4  |   8  |   32   ||    0    ||    20   |
| grp_access_fu_149 |  p2  |   4  |   0  |    0   ||    0    ||    20   |
| grp_access_fu_159 |  p0  |   4  |   8  |   32   ||    0    ||    20   |
| grp_access_fu_159 |  p2  |   4  |   0  |    0   ||    0    ||    20   |
| grp_access_fu_169 |  p0  |   4  |   8  |   32   ||    0    ||    20   |
| grp_access_fu_169 |  p2  |   4  |   0  |    0   ||    0    ||    20   |
| grp_access_fu_179 |  p0  |   4  |   8  |   32   ||    0    ||    20   |
| grp_access_fu_179 |  p2  |   4  |   0  |    0   ||    0    ||    20   |
| grp_access_fu_189 |  p0  |   4  |   8  |   32   ||    0    ||    20   |
| grp_access_fu_189 |  p2  |   4  |   0  |    0   ||    0    ||    20   |
|     grp_fu_464    |  p0  |   2  |   5  |   10   ||    0    ||    9    |
|-------------------|------|------|------|--------||---------||---------||---------|
|       Total       |      |      |      |   170  ||  5.677  ||    0    ||   209   |
|-------------------|------|------|------|--------||---------||---------||---------|



* Summary:
+-----------+--------+--------+--------+--------+
|           |   DSP  |  Delay |   FF   |   LUT  |
+-----------+--------+--------+--------+--------+
|  Function |    1   |    -   |   98   |   642  |
|   Memory  |    -   |    -   |    -   |    -   |
|Multiplexer|    -   |    5   |    0   |   209  |
|  Register |    -   |    -   |   269  |    -   |
+-----------+--------+--------+--------+--------+
|   Total   |    1   |    5   |   367  |   851  |
+-----------+--------+--------+--------+--------+
