

================================================================
== Vitis HLS Report for 'bnn_top_Pipeline_VITIS_LOOP_110_17_VITIS_LOOP_111_18_VITIS_LOOP_113_19'
================================================================
* Date:           Mon Aug 24 01:28:41 2026

* Version:        2025.2 (Build 6295257 on Nov 12 2025)
* Project:        bnn_hls
* Solution:       sol1 (Vivado IP Flow Target)
* Product family: zynquplus
* Target device:  xczu7ev-ffvc1156-2-e


================================================================
== Performance Estimates
================================================================
+ Timing: 
    * Summary: 
    +--------+----------+----------+------------+
    |  Clock |  Target  | Estimated| Uncertainty|
    +--------+----------+----------+------------+
    |ap_clk  |  10.00 ns|  6.360 ns|     2.70 ns|
    +--------+----------+----------+------------+

+ Latency: 
    * Summary: 
    +---------+---------+----------+----------+-----+-----+-------------------+
    |  Latency (cycles) |  Latency (absolute) |  Interval |      Pipeline     |
    |   min   |   max   |    min   |    max   | min | max |        Type       |
    +---------+---------+----------+----------+-----+-----+-------------------+
    |    20485|    20485|  0.205 ms|  0.205 ms|    0|    0|  loop pipeline stp|
    +---------+---------+----------+----------+-----+-----+-------------------+

    + Detail: 
        * Instance: 
        N/A

        * Loop: 
        +---------------------------------------------------------+---------+---------+----------+-----------+-----------+------+----------+
        |                                                         |  Latency (cycles) | Iteration|  Initiation Interval  | Trip |          |
        |                        Loop Name                        |   min   |   max   |  Latency |  achieved |   target  | Count| Pipelined|
        +---------------------------------------------------------+---------+---------+----------+-----------+-----------+------+----------+
        |- VITIS_LOOP_110_17_VITIS_LOOP_111_18_VITIS_LOOP_113_19  |    20483|    20483|         9|          5|          1|  4096|       yes|
        +---------------------------------------------------------+---------+---------+----------+-----------+-----------+------+----------+

============================================================
+ Verbose Summary: Synthesis Manager
============================================================
InlineROM: 1
ExposeGlobal: 0
============================================================
+ Verbose Summary: CDFG Model
============================================================
IsTopModel: 0
ResetActiveHigh: 1
IsCombinational: 0
IsDatapathOnly: 0
HasWiredReturn: 1
HasMFsm: 2
HasVarLatency: 1
IsPipeline: 0
IsRtlPipelined: 0
IsInstanceOverlapped: 0
IsDontTouch: 0
HasImplIP: 0
IsGatedGlobalClock: 0

+ Individual pipeline summary: 
  * Pipeline-0: initiation interval (II) = 5, depth = 10


============================================================
+ Verbose Summary: Schedule
============================================================
* Number of FSM states : 10
* Pipeline : 1
  Pipeline-0 : II = 5, D = 10, States = { 1 2 3 4 5 6 7 8 9 10 }
* Dataflow Pipeline: 0

* FSM state transitions: 
1 --> 2 
2 --> 3 
3 --> 4 
4 --> 5 
5 --> 6 
6 --> 7 
7 --> 8 
8 --> 9 
9 --> 10 
10 --> 

* FSM state operations: 

State 1 <SV = 0> <Delay = 0.42>
ST_1 : Operation 12 [1/1] (0.00ns)   --->   "%acc_27 = alloca i32 1" [bnn.cpp:112]   --->   Operation 12 'alloca' 'acc_27' <Predicate = true> <Delay = 0.00>
ST_1 : Operation 13 [1/1] (0.00ns)   --->   "%ci = alloca i32 1" [bnn.cpp:113]   --->   Operation 13 'alloca' 'ci' <Predicate = true> <Delay = 0.00>
ST_1 : Operation 14 [1/1] (0.00ns)   --->   "%ow = alloca i32 1" [bnn.cpp:111]   --->   Operation 14 'alloca' 'ow' <Predicate = true> <Delay = 0.00>
ST_1 : Operation 15 [1/1] (0.00ns)   --->   "%indvar_flatten43 = alloca i32 1"   --->   Operation 15 'alloca' 'indvar_flatten43' <Predicate = true> <Delay = 0.00>
ST_1 : Operation 16 [1/1] (0.00ns)   --->   "%oh = alloca i32 1" [bnn.cpp:110]   --->   Operation 16 'alloca' 'oh' <Predicate = true> <Delay = 0.00>
ST_1 : Operation 17 [1/1] (0.00ns)   --->   "%indvar_flatten59 = alloca i32 1"   --->   Operation 17 'alloca' 'indvar_flatten59' <Predicate = true> <Delay = 0.00>
ST_1 : Operation 18 [1/1] (0.00ns)   --->   "%specinterface_ln0 = specinterface void @_ssdm_op_SpecInterface, i32 %W3_1, void @empty_5, i32 0, i32 0, void @empty_2, i32 4294967295, i32 0, void @empty_2, void @empty_2, void @empty_2, i32 0, i32 0, i32 0, i32 0, void @empty_2, void @empty_2, i32 4294967295, i32 0, i32 0, i32 0"   --->   Operation 18 'specinterface' 'specinterface_ln0' <Predicate = true> <Delay = 0.00>
ST_1 : Operation 19 [1/1] (0.00ns)   --->   "%specinterface_ln0 = specinterface void @_ssdm_op_SpecInterface, i32 %W3_0, void @empty_5, i32 0, i32 0, void @empty_2, i32 4294967295, i32 0, void @empty_2, void @empty_2, void @empty_2, i32 0, i32 0, i32 0, i32 0, void @empty_2, void @empty_2, i32 4294967295, i32 0, i32 0, i32 0"   --->   Operation 19 'specinterface' 'specinterface_ln0' <Predicate = true> <Delay = 0.00>
ST_1 : Operation 20 [1/1] (0.00ns)   --->   "%mul_ln110_read = read i16 @_ssdm_op_Read.ap_auto.i16, i16 %mul_ln110"   --->   Operation 20 'read' 'mul_ln110_read' <Predicate = true> <Delay = 0.00>
ST_1 : Operation 21 [1/1] (0.42ns)   --->   "%store_ln0 = store i13 0, i13 %indvar_flatten59"   --->   Operation 21 'store' 'store_ln0' <Predicate = true> <Delay = 0.42>
ST_1 : Operation 22 [1/1] (0.42ns)   --->   "%store_ln110 = store i4 0, i4 %oh" [bnn.cpp:110]   --->   Operation 22 'store' 'store_ln110' <Predicate = true> <Delay = 0.42>
ST_1 : Operation 23 [1/1] (0.42ns)   --->   "%store_ln0 = store i11 0, i11 %indvar_flatten43"   --->   Operation 23 'store' 'store_ln0' <Predicate = true> <Delay = 0.42>
ST_1 : Operation 24 [1/1] (0.42ns)   --->   "%store_ln111 = store i4 0, i4 %ow" [bnn.cpp:111]   --->   Operation 24 'store' 'store_ln111' <Predicate = true> <Delay = 0.42>
ST_1 : Operation 25 [1/1] (0.42ns)   --->   "%store_ln113 = store i7 0, i7 %ci" [bnn.cpp:113]   --->   Operation 25 'store' 'store_ln113' <Predicate = true> <Delay = 0.42>
ST_1 : Operation 26 [1/1] (0.42ns)   --->   "%store_ln112 = store i32 0, i32 %acc_27" [bnn.cpp:112]   --->   Operation 26 'store' 'store_ln112' <Predicate = true> <Delay = 0.42>
ST_1 : Operation 27 [1/1] (0.00ns)   --->   "%br_ln0 = br void %VITIS_LOOP_115_20"   --->   Operation 27 'br' 'br_ln0' <Predicate = true> <Delay = 0.00>

State 2 <SV = 1> <Delay = 5.40>
ST_2 : Operation 28 [1/1] (0.00ns)   --->   "%indvar_flatten43_load = load i11 %indvar_flatten43" [bnn.cpp:111]   --->   Operation 28 'load' 'indvar_flatten43_load' <Predicate = true> <Delay = 0.00>
ST_2 : Operation 29 [1/1] (0.00ns)   --->   "%indvar_flatten59_load = load i13 %indvar_flatten59" [bnn.cpp:110]   --->   Operation 29 'load' 'indvar_flatten59_load' <Predicate = true> <Delay = 0.00>
ST_2 : Operation 30 [1/1] (0.82ns)   --->   "%icmp_ln110 = icmp_eq  i13 %indvar_flatten59_load, i13 4096" [bnn.cpp:110]   --->   Operation 30 'icmp' 'icmp_ln110' <Predicate = true> <Delay = 0.82> <CoreInst = "Cmp">   --->   Core 9 'Cmp' <Latency = 0> <II = 1> <Delay = 0.82> <FuncUnit> <Opcode : 'seteq' 'setne' 'setle' 'setge' 'setlt' 'setgt'> <InPorts = 2> <OutPorts = 1>
ST_2 : Operation 31 [1/1] (0.82ns)   --->   "%add_ln110 = add i13 %indvar_flatten59_load, i13 1" [bnn.cpp:110]   --->   Operation 31 'add' 'add_ln110' <Predicate = true> <Delay = 0.82> <CoreInst = "Adder">   --->   Core 1 'Adder' <Latency = 0> <II = 1> <Delay = 0.82> <FuncUnit> <Opcode : 'add' 'sub'> <InPorts = 2> <OutPorts = 1>
ST_2 : Operation 32 [1/1] (0.00ns)   --->   "%br_ln110 = br i1 %icmp_ln110, void %for.inc375, void %VITIS_LOOP_127_22.exitStub" [bnn.cpp:110]   --->   Operation 32 'br' 'br_ln110' <Predicate = true> <Delay = 0.00>
ST_2 : Operation 33 [1/1] (0.00ns)   --->   "%ci_load = load i7 %ci" [bnn.cpp:113]   --->   Operation 33 'load' 'ci_load' <Predicate = (!icmp_ln110)> <Delay = 0.00>
ST_2 : Operation 34 [1/1] (0.00ns)   --->   "%ow_load = load i4 %ow" [bnn.cpp:117]   --->   Operation 34 'load' 'ow_load' <Predicate = (!icmp_ln110)> <Delay = 0.00>
ST_2 : Operation 35 [1/1] (0.00ns)   --->   "%oh_load = load i4 %oh" [bnn.cpp:117]   --->   Operation 35 'load' 'oh_load' <Predicate = (!icmp_ln110)> <Delay = 0.00>
ST_2 : Operation 36 [1/1] (0.79ns)   --->   "%icmp_ln111 = icmp_eq  i11 %indvar_flatten43_load, i11 512" [bnn.cpp:111]   --->   Operation 36 'icmp' 'icmp_ln111' <Predicate = (!icmp_ln110)> <Delay = 0.79> <CoreInst = "Cmp">   --->   Core 9 'Cmp' <Latency = 0> <II = 1> <Delay = 0.79> <FuncUnit> <Opcode : 'seteq' 'setne' 'setle' 'setge' 'setlt' 'setgt'> <InPorts = 2> <OutPorts = 1>
ST_2 : Operation 37 [1/1] (0.39ns)   --->   "%select_ln110 = select i1 %icmp_ln111, i4 0, i4 %ow_load" [bnn.cpp:110]   --->   Operation 37 'select' 'select_ln110' <Predicate = (!icmp_ln110)> <Delay = 0.39> <CoreInst = "Sel">   --->   Core 73 'Sel' <Latency = 0> <II = 1> <Delay = 0.39> <FuncUnit> <Opcode : 'select'> <InPorts = 3> <OutPorts = 1>
ST_2 : Operation 38 [1/1] (0.79ns)   --->   "%add_ln117 = add i4 %oh_load, i4 2" [bnn.cpp:117]   --->   Operation 38 'add' 'add_ln117' <Predicate = (!icmp_ln110)> <Delay = 0.79> <CoreInst = "Adder">   --->   Core 1 'Adder' <Latency = 0> <II = 1> <Delay = 0.79> <FuncUnit> <Opcode : 'add' 'sub'> <InPorts = 2> <OutPorts = 1>
ST_2 : Operation 39 [1/1] (0.79ns)   --->   "%add_ln117_2 = add i4 %oh_load, i4 1" [bnn.cpp:117]   --->   Operation 39 'add' 'add_ln117_2' <Predicate = (!icmp_ln110)> <Delay = 0.79> <CoreInst = "Adder">   --->   Core 1 'Adder' <Latency = 0> <II = 1> <Delay = 0.79> <FuncUnit> <Opcode : 'add' 'sub'> <InPorts = 2> <OutPorts = 1>
ST_2 : Operation 40 [1/1] (0.39ns)   --->   "%select_ln110_1 = select i1 %icmp_ln111, i4 %add_ln117, i4 %add_ln117_2" [bnn.cpp:110]   --->   Operation 40 'select' 'select_ln110_1' <Predicate = (!icmp_ln110)> <Delay = 0.39> <CoreInst = "Sel">   --->   Core 73 'Sel' <Latency = 0> <II = 1> <Delay = 0.39> <FuncUnit> <Opcode : 'select'> <InPorts = 3> <OutPorts = 1>
ST_2 : Operation 41 [1/1] (0.79ns)   --->   "%add_ln117_3 = add i4 %ow_load, i4 1" [bnn.cpp:117]   --->   Operation 41 'add' 'add_ln117_3' <Predicate = (!icmp_ln110)> <Delay = 0.79> <CoreInst = "Adder">   --->   Core 1 'Adder' <Latency = 0> <II = 1> <Delay = 0.79> <FuncUnit> <Opcode : 'add' 'sub'> <InPorts = 2> <OutPorts = 1>
ST_2 : Operation 42 [1/1] (0.00ns) (grouped into LUT with out node add_ln117_2_mid2)   --->   "%select_ln110_2 = select i1 %icmp_ln111, i4 1, i4 %add_ln117_3" [bnn.cpp:110]   --->   Operation 42 'select' 'select_ln110_2' <Predicate = (!icmp_ln110)> <Delay = 0.00> <CoreInst = "Sel">   --->   Core 73 'Sel' <Latency = 0> <II = 1> <Delay = 0.39> <FuncUnit> <Opcode : 'select'> <InPorts = 3> <OutPorts = 1>
ST_2 : Operation 43 [1/1] (0.00ns) (grouped into LUT with out node and_ln110)   --->   "%xor_ln110 = xor i1 %icmp_ln111, i1 1" [bnn.cpp:110]   --->   Operation 43 'xor' 'xor_ln110' <Predicate = (!icmp_ln110)> <Delay = 0.00> <CoreInst = "LogicGate">   --->   Core 74 'LogicGate' <Latency = 0> <II = 1> <Delay = 0.28> <FuncUnit> <Opcode : 'and' 'or' 'xor'> <InPorts = 2> <OutPorts = 1>
ST_2 : Operation 44 [1/1] (0.77ns)   --->   "%icmp_ln113 = icmp_eq  i7 %ci_load, i7 64" [bnn.cpp:113]   --->   Operation 44 'icmp' 'icmp_ln113' <Predicate = (!icmp_ln110)> <Delay = 0.77> <CoreInst = "Cmp">   --->   Core 9 'Cmp' <Latency = 0> <II = 1> <Delay = 0.77> <FuncUnit> <Opcode : 'seteq' 'setne' 'setle' 'setge' 'setlt' 'setgt'> <InPorts = 2> <OutPorts = 1>
ST_2 : Operation 45 [1/1] (0.28ns) (out node of the LUT)   --->   "%and_ln110 = and i1 %icmp_ln113, i1 %xor_ln110" [bnn.cpp:110]   --->   Operation 45 'and' 'and_ln110' <Predicate = (!icmp_ln110)> <Delay = 0.28> <CoreInst = "LogicGate">   --->   Core 74 'LogicGate' <Latency = 0> <II = 1> <Delay = 0.28> <FuncUnit> <Opcode : 'and' 'or' 'xor'> <InPorts = 2> <OutPorts = 1>
ST_2 : Operation 46 [1/1] (0.39ns)   --->   "%select_ln110_3 = select i1 %icmp_ln111, i4 %add_ln117_2, i4 %oh_load" [bnn.cpp:110]   --->   Operation 46 'select' 'select_ln110_3' <Predicate = (!icmp_ln110)> <Delay = 0.39> <CoreInst = "Sel">   --->   Core 73 'Sel' <Latency = 0> <II = 1> <Delay = 0.39> <FuncUnit> <Opcode : 'select'> <InPorts = 3> <OutPorts = 1>
ST_2 : Operation 47 [1/1] (0.79ns)   --->   "%add_ln117_4 = add i4 %select_ln110, i4 1" [bnn.cpp:117]   --->   Operation 47 'add' 'add_ln117_4' <Predicate = (!icmp_ln110)> <Delay = 0.79> <CoreInst = "Adder">   --->   Core 1 'Adder' <Latency = 0> <II = 1> <Delay = 0.79> <FuncUnit> <Opcode : 'add' 'sub'> <InPorts = 2> <OutPorts = 1>
ST_2 : Operation 48 [1/1] (0.28ns)   --->   "%empty = or i1 %and_ln110, i1 %icmp_ln111" [bnn.cpp:110]   --->   Operation 48 'or' 'empty' <Predicate = (!icmp_ln110)> <Delay = 0.28> <CoreInst = "LogicGate">   --->   Core 74 'LogicGate' <Latency = 0> <II = 1> <Delay = 0.28> <FuncUnit> <Opcode : 'and' 'or' 'xor'> <InPorts = 2> <OutPorts = 1>
ST_2 : Operation 49 [1/1] (0.36ns)   --->   "%ci_1_mid2 = select i1 %empty, i7 0, i7 %ci_load" [bnn.cpp:110]   --->   Operation 49 'select' 'ci_1_mid2' <Predicate = (!icmp_ln110)> <Delay = 0.36> <CoreInst = "Sel">   --->   Core 73 'Sel' <Latency = 0> <II = 1> <Delay = 0.36> <FuncUnit> <Opcode : 'select'> <InPorts = 3> <OutPorts = 1>
ST_2 : Operation 50 [1/1] (0.79ns)   --->   "%add_ln117_5 = add i4 %select_ln110, i4 2" [bnn.cpp:117]   --->   Operation 50 'add' 'add_ln117_5' <Predicate = (!icmp_ln110)> <Delay = 0.79> <CoreInst = "Adder">   --->   Core 1 'Adder' <Latency = 0> <II = 1> <Delay = 0.79> <FuncUnit> <Opcode : 'add' 'sub'> <InPorts = 2> <OutPorts = 1>
ST_2 : Operation 51 [1/1] (0.39ns) (out node of the LUT)   --->   "%add_ln117_2_mid2 = select i1 %and_ln110, i4 %add_ln117_5, i4 %select_ln110_2" [bnn.cpp:110]   --->   Operation 51 'select' 'add_ln117_2_mid2' <Predicate = (!icmp_ln110)> <Delay = 0.39> <CoreInst = "Sel">   --->   Core 73 'Sel' <Latency = 0> <II = 1> <Delay = 0.39> <FuncUnit> <Opcode : 'select'> <InPorts = 3> <OutPorts = 1>
ST_2 : Operation 52 [1/1] (0.39ns)   --->   "%select_ln111 = select i1 %and_ln110, i4 %add_ln117_4, i4 %select_ln110" [bnn.cpp:111]   --->   Operation 52 'select' 'select_ln111' <Predicate = (!icmp_ln110)> <Delay = 0.39> <CoreInst = "Sel">   --->   Core 73 'Sel' <Latency = 0> <II = 1> <Delay = 0.39> <FuncUnit> <Opcode : 'select'> <InPorts = 3> <OutPorts = 1>
ST_2 : Operation 53 [1/1] (0.00ns)   --->   "%zext_ln118 = zext i4 %select_ln110_3" [bnn.cpp:118]   --->   Operation 53 'zext' 'zext_ln118' <Predicate = (!icmp_ln110)> <Delay = 0.00>
ST_2 : Operation 54 [1/1] (0.00ns)   --->   "%zext_ln125 = zext i4 %select_ln110_3" [bnn.cpp:125]   --->   Operation 54 'zext' 'zext_ln125' <Predicate = (!icmp_ln110)> <Delay = 0.00>
ST_2 : Operation 55 [1/1] (0.00ns)   --->   "%trunc_ln125 = trunc i4 %select_ln110_3" [bnn.cpp:125]   --->   Operation 55 'trunc' 'trunc_ln125' <Predicate = (!icmp_ln110)> <Delay = 0.00>
ST_2 : Operation 56 [1/1] (0.00ns)   --->   "%p_shl1 = bitconcatenate i5 @_ssdm_op_BitConcatenate.i5.i3.i2, i3 %trunc_ln125, i2 0" [bnn.cpp:125]   --->   Operation 56 'bitconcatenate' 'p_shl1' <Predicate = (!icmp_ln110)> <Delay = 0.00>
ST_2 : Operation 57 [1/1] (0.00ns) (grouped into TernaryAdder)   --->   "%sub_ln125 = sub i5 %p_shl1, i5 %zext_ln125" [bnn.cpp:125]   --->   Operation 57 'sub' 'sub_ln125' <Predicate = (!icmp_ln110)> <Delay = 0.00> <CoreInst = "TAddSub">   --->   Core 10 'TAddSub' <Latency = 0> <II = 1> <Delay = 0.38> <IPBlock> <Opcode : 'add' 'sub'> <InPorts = 3> <OutPorts = 1> <Sync> <CReg>
ST_2 : Operation 58 [1/1] (0.00ns)   --->   "%tmp_55 = bitselect i1 @_ssdm_op_BitSelect.i1.i4.i32, i4 %select_ln110_1, i32 3" [bnn.cpp:118]   --->   Operation 58 'bitselect' 'tmp_55' <Predicate = (!icmp_ln110)> <Delay = 0.00>
ST_2 : Operation 59 [1/1] (0.00ns)   --->   "%p_shl2 = bitconcatenate i6 @_ssdm_op_BitConcatenate.i6.i4.i2, i4 %select_ln110_3, i2 0" [bnn.cpp:118]   --->   Operation 59 'bitconcatenate' 'p_shl2' <Predicate = (!icmp_ln110)> <Delay = 0.00>
ST_2 : Operation 60 [1/1] (0.00ns) (grouped into TernaryAdder)   --->   "%add_ln118_1 = add i6 %p_shl2, i6 %zext_ln118" [bnn.cpp:118]   --->   Operation 60 'add' 'add_ln118_1' <Predicate = (!icmp_ln110)> <Delay = 0.00> <CoreInst = "TAddSub">   --->   Core 10 'TAddSub' <Latency = 0> <II = 1> <Delay = 0.38> <IPBlock> <Opcode : 'add' 'sub'> <InPorts = 3> <OutPorts = 1> <Sync> <CReg>
ST_2 : Operation 61 [1/1] (0.00ns)   --->   "%zext_ln111_1 = zext i4 %select_ln111" [bnn.cpp:111]   --->   Operation 61 'zext' 'zext_ln111_1' <Predicate = (!icmp_ln110)> <Delay = 0.00>
ST_2 : Operation 62 [1/1] (0.00ns)   --->   "%trunc_ln111 = trunc i4 %select_ln111" [bnn.cpp:111]   --->   Operation 62 'trunc' 'trunc_ln111' <Predicate = (!icmp_ln110)> <Delay = 0.00>
ST_2 : Operation 63 [1/1] (0.00ns)   --->   "%tmp_60 = bitselect i1 @_ssdm_op_BitSelect.i1.i4.i32, i4 %add_ln117_2_mid2, i32 3" [bnn.cpp:118]   --->   Operation 63 'bitselect' 'tmp_60' <Predicate = (!icmp_ln110)> <Delay = 0.00>
ST_2 : Operation 64 [1/1] (0.00ns)   --->   "%zext_ln113_1 = zext i7 %ci_1_mid2" [bnn.cpp:113]   --->   Operation 64 'zext' 'zext_ln113_1' <Predicate = (!icmp_ln110)> <Delay = 0.00>
ST_2 : Operation 65 [1/1] (0.00ns)   --->   "%trunc_ln119 = trunc i7 %ci_1_mid2" [bnn.cpp:119]   --->   Operation 65 'trunc' 'trunc_ln119' <Predicate = (!icmp_ln110)> <Delay = 0.00>
ST_2 : Operation 66 [1/1] (0.00ns)   --->   "%tmp_64 = bitconcatenate i10 @_ssdm_op_BitConcatenate.i10.i7.i3, i7 %ci_1_mid2, i3 0" [bnn.cpp:120]   --->   Operation 66 'bitconcatenate' 'tmp_64' <Predicate = (!icmp_ln110)> <Delay = 0.00>
ST_2 : Operation 67 [1/1] (0.00ns)   --->   "%zext_ln120_19 = zext i10 %tmp_64" [bnn.cpp:120]   --->   Operation 67 'zext' 'zext_ln120_19' <Predicate = (!icmp_ln110)> <Delay = 0.00>
ST_2 : Operation 68 [1/1] (0.78ns)   --->   "%add_ln120_17 = add i11 %zext_ln120_19, i11 %zext_ln113_1" [bnn.cpp:120]   --->   Operation 68 'add' 'add_ln120_17' <Predicate = (!icmp_ln110)> <Delay = 0.78> <CoreInst = "Adder">   --->   Core 1 'Adder' <Latency = 0> <II = 1> <Delay = 0.78> <FuncUnit> <Opcode : 'add' 'sub'> <InPorts = 2> <OutPorts = 1>
ST_2 : Operation 69 [1/1] (0.00ns)   --->   "%zext_ln120_9 = zext i11 %add_ln120_17" [bnn.cpp:120]   --->   Operation 69 'zext' 'zext_ln120_9' <Predicate = (!icmp_ln110)> <Delay = 0.00>
ST_2 : Operation 70 [1/1] (0.85ns)   --->   "%add_ln120 = add i16 %zext_ln120_9, i16 %mul_ln110_read" [bnn.cpp:120]   --->   Operation 70 'add' 'add_ln120' <Predicate = (!icmp_ln110)> <Delay = 0.85> <CoreInst = "Adder">   --->   Core 1 'Adder' <Latency = 0> <II = 1> <Delay = 0.85> <FuncUnit> <Opcode : 'add' 'sub'> <InPorts = 2> <OutPorts = 1>
ST_2 : Operation 71 [1/1] (0.00ns)   --->   "%trunc_ln120 = trunc i11 %add_ln120_17" [bnn.cpp:120]   --->   Operation 71 'trunc' 'trunc_ln120' <Predicate = (!icmp_ln110)> <Delay = 0.00>
ST_2 : Operation 72 [1/1] (0.00ns)   --->   "%lshr_ln6 = partselect i10 @_ssdm_op_PartSelect.i10.i16.i32.i32, i16 %add_ln120, i32 6, i32 15" [bnn.cpp:120]   --->   Operation 72 'partselect' 'lshr_ln6' <Predicate = (!icmp_ln110)> <Delay = 0.00>
ST_2 : Operation 73 [1/1] (0.00ns)   --->   "%zext_ln120 = zext i10 %lshr_ln6" [bnn.cpp:120]   --->   Operation 73 'zext' 'zext_ln120' <Predicate = (!icmp_ln110)> <Delay = 0.00>
ST_2 : Operation 74 [1/1] (0.00ns)   --->   "%W3_0_addr = getelementptr i32 %W3_0, i64 0, i64 %zext_ln120" [bnn.cpp:120]   --->   Operation 74 'getelementptr' 'W3_0_addr' <Predicate = (!icmp_ln110)> <Delay = 0.00>
ST_2 : Operation 75 [2/2] (0.00ns)   --->   "%W3_0_load = load i10 %W3_0_addr" [bnn.cpp:120]   --->   Operation 75 'load' 'W3_0_load' <Predicate = (!icmp_ln110)> <Delay = 0.00> <CoreInst = "RAM">   --->   Core 82 'RAM' <Latency = 1> <II = 1> <Delay = 1.23> <Storage> <Opcode : 'load' 'store'> <Ports = 2> <Width = 32> <Depth = 576> <RAM>
ST_2 : Operation 76 [1/1] (0.00ns)   --->   "%W3_1_addr = getelementptr i32 %W3_1, i64 0, i64 %zext_ln120" [bnn.cpp:120]   --->   Operation 76 'getelementptr' 'W3_1_addr' <Predicate = (!icmp_ln110)> <Delay = 0.00>
ST_2 : Operation 77 [2/2] (0.00ns)   --->   "%W3_1_load = load i10 %W3_1_addr" [bnn.cpp:120]   --->   Operation 77 'load' 'W3_1_load' <Predicate = (!icmp_ln110)> <Delay = 0.00> <CoreInst = "RAM">   --->   Core 82 'RAM' <Latency = 1> <II = 1> <Delay = 1.23> <Storage> <Opcode : 'load' 'store'> <Ports = 2> <Width = 32> <Depth = 576> <RAM>
ST_2 : Operation 78 [1/1] (0.00ns)   --->   "%tmp_65 = bitselect i1 @_ssdm_op_BitSelect.i1.i16.i32, i16 %add_ln120, i32 5" [bnn.cpp:120]   --->   Operation 78 'bitselect' 'tmp_65' <Predicate = (!icmp_ln110)> <Delay = 0.00>
ST_2 : Operation 79 [1/1] (0.85ns)   --->   "%add_ln120_1 = add i16 %add_ln120, i16 1" [bnn.cpp:120]   --->   Operation 79 'add' 'add_ln120_1' <Predicate = (!icmp_ln110)> <Delay = 0.85> <CoreInst = "Adder">   --->   Core 1 'Adder' <Latency = 0> <II = 1> <Delay = 0.85> <FuncUnit> <Opcode : 'add' 'sub'> <InPorts = 2> <OutPorts = 1>
ST_2 : Operation 80 [1/1] (0.00ns)   --->   "%lshr_ln120_2 = partselect i10 @_ssdm_op_PartSelect.i10.i16.i32.i32, i16 %add_ln120_1, i32 6, i32 15" [bnn.cpp:120]   --->   Operation 80 'partselect' 'lshr_ln120_2' <Predicate = (!icmp_ln110)> <Delay = 0.00>
ST_2 : Operation 81 [1/1] (0.00ns)   --->   "%zext_ln120_1 = zext i10 %lshr_ln120_2" [bnn.cpp:120]   --->   Operation 81 'zext' 'zext_ln120_1' <Predicate = (!icmp_ln110)> <Delay = 0.00>
ST_2 : Operation 82 [1/1] (0.00ns)   --->   "%W3_0_addr_1 = getelementptr i32 %W3_0, i64 0, i64 %zext_ln120_1" [bnn.cpp:120]   --->   Operation 82 'getelementptr' 'W3_0_addr_1' <Predicate = (!icmp_ln110)> <Delay = 0.00>
ST_2 : Operation 83 [2/2] (0.00ns)   --->   "%W3_0_load_1 = load i10 %W3_0_addr_1" [bnn.cpp:120]   --->   Operation 83 'load' 'W3_0_load_1' <Predicate = (!icmp_ln110)> <Delay = 0.00> <CoreInst = "RAM">   --->   Core 82 'RAM' <Latency = 1> <II = 1> <Delay = 1.23> <Storage> <Opcode : 'load' 'store'> <Ports = 2> <Width = 32> <Depth = 576> <RAM>
ST_2 : Operation 84 [1/1] (0.00ns)   --->   "%W3_1_addr_1 = getelementptr i32 %W3_1, i64 0, i64 %zext_ln120_1" [bnn.cpp:120]   --->   Operation 84 'getelementptr' 'W3_1_addr_1' <Predicate = (!icmp_ln110)> <Delay = 0.00>
ST_2 : Operation 85 [2/2] (0.00ns)   --->   "%W3_1_load_1 = load i10 %W3_1_addr_1" [bnn.cpp:120]   --->   Operation 85 'load' 'W3_1_load_1' <Predicate = (!icmp_ln110)> <Delay = 0.00> <CoreInst = "RAM">   --->   Core 82 'RAM' <Latency = 1> <II = 1> <Delay = 1.23> <Storage> <Opcode : 'load' 'store'> <Ports = 2> <Width = 32> <Depth = 576> <RAM>
ST_2 : Operation 86 [1/1] (0.00ns)   --->   "%tmp_66 = bitselect i1 @_ssdm_op_BitSelect.i1.i16.i32, i16 %add_ln120_1, i32 5" [bnn.cpp:120]   --->   Operation 86 'bitselect' 'tmp_66' <Predicate = (!icmp_ln110)> <Delay = 0.00>
ST_2 : Operation 87 [1/1] (0.77ns)   --->   "%add_ln113 = add i7 %ci_1_mid2, i7 1" [bnn.cpp:113]   --->   Operation 87 'add' 'add_ln113' <Predicate = (!icmp_ln110)> <Delay = 0.77> <CoreInst = "Adder">   --->   Core 1 'Adder' <Latency = 0> <II = 1> <Delay = 0.77> <FuncUnit> <Opcode : 'add' 'sub'> <InPorts = 2> <OutPorts = 1>
ST_2 : Operation 88 [1/1] (0.77ns)   --->   "%icmp_ln113_1 = icmp_eq  i7 %add_ln113, i7 64" [bnn.cpp:113]   --->   Operation 88 'icmp' 'icmp_ln113_1' <Predicate = (!icmp_ln110)> <Delay = 0.77> <CoreInst = "Cmp">   --->   Core 9 'Cmp' <Latency = 0> <II = 1> <Delay = 0.77> <FuncUnit> <Opcode : 'seteq' 'setne' 'setle' 'setge' 'setlt' 'setgt'> <InPorts = 2> <OutPorts = 1>
ST_2 : Operation 89 [1/1] (0.61ns) (root node of TernaryAdder)   --->   "%add_ln125 = add i5 %zext_ln111_1, i5 %sub_ln125" [bnn.cpp:125]   --->   Operation 89 'add' 'add_ln125' <Predicate = (!icmp_ln110)> <Delay = 0.61> <CoreInst = "TAddSub">   --->   Core 10 'TAddSub' <Latency = 0> <II = 1> <Delay = 0.38> <IPBlock> <Opcode : 'add' 'sub'> <InPorts = 3> <OutPorts = 1> <Sync> <CReg>
ST_2 : Operation 90 [1/1] (0.00ns)   --->   "%zext_ln125_1 = zext i5 %add_ln125" [bnn.cpp:125]   --->   Operation 90 'zext' 'zext_ln125_1' <Predicate = (!icmp_ln110)> <Delay = 0.00>
ST_2 : Operation 91 [1/1] (0.76ns) (root node of TernaryAdder)   --->   "%add_ln125_1 = add i6 %zext_ln125_1, i6 %add_ln118_1" [bnn.cpp:125]   --->   Operation 91 'add' 'add_ln125_1' <Predicate = (!icmp_ln110)> <Delay = 0.76> <CoreInst = "TAddSub">   --->   Core 10 'TAddSub' <Latency = 0> <II = 1> <Delay = 0.38> <IPBlock> <Opcode : 'add' 'sub'> <InPorts = 3> <OutPorts = 1> <Sync> <CReg>
ST_2 : Operation 92 [1/1] (0.00ns)   --->   "%zext_ln125_3 = zext i6 %add_ln125_1" [bnn.cpp:125]   --->   Operation 92 'zext' 'zext_ln125_3' <Predicate = (!icmp_ln110)> <Delay = 0.00>
ST_2 : Operation 93 [1/1] (1.65ns)   --->   "%mul_ln125 = mul i13 %zext_ln125_3, i13 103" [bnn.cpp:125]   --->   Operation 93 'mul' 'mul_ln125' <Predicate = (!icmp_ln110)> <Delay = 1.65> <CoreInst = "Multiplier">   --->   Core 3 'Multiplier' <Latency = 0> <II = 1> <Delay = 1.65> <FuncUnit> <Opcode : 'mul'> <InPorts = 2> <OutPorts = 1>
ST_2 : Operation 94 [1/1] (0.00ns)   --->   "%tmp_74 = partselect i4 @_ssdm_op_PartSelect.i4.i13.i32.i32, i13 %mul_ln125, i32 9, i32 12" [bnn.cpp:125]   --->   Operation 94 'partselect' 'tmp_74' <Predicate = (!icmp_ln110)> <Delay = 0.00>
ST_2 : Operation 95 [9/9] (1.06ns)   --->   "%urem_ln125 = urem i5 %add_ln125, i5 5" [bnn.cpp:125]   --->   Operation 95 'urem' 'urem_ln125' <Predicate = (!icmp_ln110)> <Delay = 1.06> <CoreInst = "Divider">   --->   Core 6 'Divider' <Latency = 8> <II = 1> <Delay = 1.06> <FuncUnit> <Opcode : 'udiv' 'sdiv' 'urem' 'srem'> <InPorts = 2> <OutPorts = 1>
ST_2 : Operation 96 [1/1] (0.00ns)   --->   "%br_ln113 = br i1 %icmp_ln113_1, void %new.latch.VITIS_LOOP_115_20.split_ifconv, void %last.iter.VITIS_LOOP_115_20.split_ifconv" [bnn.cpp:113]   --->   Operation 96 'br' 'br_ln113' <Predicate = (!icmp_ln110)> <Delay = 0.00>
ST_2 : Operation 97 [1/1] (0.00ns)   --->   "%br_ln113 = br void %new.latch.VITIS_LOOP_115_20.split_ifconv" [bnn.cpp:113]   --->   Operation 97 'br' 'br_ln113' <Predicate = (!icmp_ln110 & icmp_ln113_1)> <Delay = 0.00>
ST_2 : Operation 98 [1/1] (0.79ns)   --->   "%add_ln111 = add i11 %indvar_flatten43_load, i11 1" [bnn.cpp:111]   --->   Operation 98 'add' 'add_ln111' <Predicate = (!icmp_ln110)> <Delay = 0.79> <CoreInst = "Adder">   --->   Core 1 'Adder' <Latency = 0> <II = 1> <Delay = 0.79> <FuncUnit> <Opcode : 'add' 'sub'> <InPorts = 2> <OutPorts = 1>
ST_2 : Operation 99 [1/1] (0.38ns)   --->   "%select_ln111_1 = select i1 %icmp_ln111, i11 1, i11 %add_ln111" [bnn.cpp:111]   --->   Operation 99 'select' 'select_ln111_1' <Predicate = (!icmp_ln110)> <Delay = 0.38> <CoreInst = "Sel">   --->   Core 73 'Sel' <Latency = 0> <II = 1> <Delay = 0.38> <FuncUnit> <Opcode : 'select'> <InPorts = 3> <OutPorts = 1>
ST_2 : Operation 100 [1/1] (0.42ns)   --->   "%store_ln110 = store i13 %add_ln110, i13 %indvar_flatten59" [bnn.cpp:110]   --->   Operation 100 'store' 'store_ln110' <Predicate = (!icmp_ln110)> <Delay = 0.42>
ST_2 : Operation 101 [1/1] (0.42ns)   --->   "%store_ln111 = store i11 %select_ln111_1, i11 %indvar_flatten43" [bnn.cpp:111]   --->   Operation 101 'store' 'store_ln111' <Predicate = (!icmp_ln110)> <Delay = 0.42>
ST_2 : Operation 102 [1/1] (0.42ns)   --->   "%store_ln113 = store i7 %add_ln113, i7 %ci" [bnn.cpp:113]   --->   Operation 102 'store' 'store_ln113' <Predicate = (!icmp_ln110)> <Delay = 0.42>

State 3 <SV = 2> <Delay = 2.17>
ST_3 : Operation 103 [1/2] ( I:0.00ns O:0.00ns )   --->   "%W3_0_load = load i10 %W3_0_addr" [bnn.cpp:120]   --->   Operation 103 'load' 'W3_0_load' <Predicate = (!icmp_ln110)> <Delay = 0.00> <CoreInst = "RAM">   --->   Core 82 'RAM' <Latency = 1> <II = 1> <Delay = 1.23> <Storage> <Opcode : 'load' 'store'> <Ports = 2> <Width = 32> <Depth = 576> <RAM>
ST_3 : Operation 104 [1/2] ( I:0.00ns O:0.00ns )   --->   "%W3_1_load = load i10 %W3_1_addr" [bnn.cpp:120]   --->   Operation 104 'load' 'W3_1_load' <Predicate = (!icmp_ln110)> <Delay = 0.00> <CoreInst = "RAM">   --->   Core 82 'RAM' <Latency = 1> <II = 1> <Delay = 1.23> <Storage> <Opcode : 'load' 'store'> <Ports = 2> <Width = 32> <Depth = 576> <RAM>
ST_3 : Operation 105 [1/1] (0.44ns)   --->   "%select_ln120 = select i1 %tmp_65, i32 %W3_1_load, i32 %W3_0_load" [bnn.cpp:120]   --->   Operation 105 'select' 'select_ln120' <Predicate = (!icmp_ln110)> <Delay = 0.44> <CoreInst = "Sel">   --->   Core 73 'Sel' <Latency = 0> <II = 1> <Delay = 0.44> <FuncUnit> <Opcode : 'select'> <InPorts = 3> <OutPorts = 1>
ST_3 : Operation 106 [1/1] (0.00ns)   --->   "%zext_ln120_10 = zext i5 %trunc_ln120" [bnn.cpp:120]   --->   Operation 106 'zext' 'zext_ln120_10' <Predicate = (!icmp_ln110)> <Delay = 0.00>
ST_3 : Operation 107 [1/1] (1.38ns)   --->   "%lshr_ln120 = lshr i32 %select_ln120, i32 %zext_ln120_10" [bnn.cpp:120]   --->   Operation 107 'lshr' 'lshr_ln120' <Predicate = (!icmp_ln110)> <Delay = 1.38> <CoreInst = "Shifter">   --->   Core 75 'Shifter' <Latency = 0> <II = 1> <Delay = 1.38> <FuncUnit> <Opcode : 'shl' 'lshr' 'ashr'> <InPorts = 2> <OutPorts = 1>
ST_3 : Operation 108 [1/2] ( I:0.00ns O:0.00ns )   --->   "%W3_0_load_1 = load i10 %W3_0_addr_1" [bnn.cpp:120]   --->   Operation 108 'load' 'W3_0_load_1' <Predicate = (!icmp_ln110)> <Delay = 0.00> <CoreInst = "RAM">   --->   Core 82 'RAM' <Latency = 1> <II = 1> <Delay = 1.23> <Storage> <Opcode : 'load' 'store'> <Ports = 2> <Width = 32> <Depth = 576> <RAM>
ST_3 : Operation 109 [1/2] ( I:0.00ns O:0.00ns )   --->   "%W3_1_load_1 = load i10 %W3_1_addr_1" [bnn.cpp:120]   --->   Operation 109 'load' 'W3_1_load_1' <Predicate = (!icmp_ln110)> <Delay = 0.00> <CoreInst = "RAM">   --->   Core 82 'RAM' <Latency = 1> <II = 1> <Delay = 1.23> <Storage> <Opcode : 'load' 'store'> <Ports = 2> <Width = 32> <Depth = 576> <RAM>
ST_3 : Operation 110 [1/1] (0.44ns)   --->   "%select_ln120_1 = select i1 %tmp_66, i32 %W3_1_load_1, i32 %W3_0_load_1" [bnn.cpp:120]   --->   Operation 110 'select' 'select_ln120_1' <Predicate = (!icmp_ln110)> <Delay = 0.44> <CoreInst = "Sel">   --->   Core 73 'Sel' <Latency = 0> <II = 1> <Delay = 0.44> <FuncUnit> <Opcode : 'select'> <InPorts = 3> <OutPorts = 1>
ST_3 : Operation 111 [1/1] (0.78ns)   --->   "%add_ln120_2 = add i5 %trunc_ln120, i5 1" [bnn.cpp:120]   --->   Operation 111 'add' 'add_ln120_2' <Predicate = (!icmp_ln110)> <Delay = 0.78> <CoreInst = "Adder">   --->   Core 1 'Adder' <Latency = 0> <II = 1> <Delay = 0.78> <FuncUnit> <Opcode : 'add' 'sub'> <InPorts = 2> <OutPorts = 1>
ST_3 : Operation 112 [1/1] (0.00ns)   --->   "%zext_ln120_11 = zext i5 %add_ln120_2" [bnn.cpp:120]   --->   Operation 112 'zext' 'zext_ln120_11' <Predicate = (!icmp_ln110)> <Delay = 0.00>
ST_3 : Operation 113 [1/1] (1.38ns)   --->   "%lshr_ln120_1 = lshr i32 %select_ln120_1, i32 %zext_ln120_11" [bnn.cpp:120]   --->   Operation 113 'lshr' 'lshr_ln120_1' <Predicate = (!icmp_ln110)> <Delay = 1.38> <CoreInst = "Shifter">   --->   Core 75 'Shifter' <Latency = 0> <II = 1> <Delay = 1.38> <FuncUnit> <Opcode : 'shl' 'lshr' 'ashr'> <InPorts = 2> <OutPorts = 1>
ST_3 : Operation 114 [1/1] (0.85ns)   --->   "%add_ln120_3 = add i16 %add_ln120, i16 2" [bnn.cpp:120]   --->   Operation 114 'add' 'add_ln120_3' <Predicate = (!icmp_ln110)> <Delay = 0.85> <CoreInst = "Adder">   --->   Core 1 'Adder' <Latency = 0> <II = 1> <Delay = 0.85> <FuncUnit> <Opcode : 'add' 'sub'> <InPorts = 2> <OutPorts = 1>
ST_3 : Operation 115 [1/1] (0.00ns)   --->   "%lshr_ln120_4 = partselect i10 @_ssdm_op_PartSelect.i10.i16.i32.i32, i16 %add_ln120_3, i32 6, i32 15" [bnn.cpp:120]   --->   Operation 115 'partselect' 'lshr_ln120_4' <Predicate = (!icmp_ln110)> <Delay = 0.00>
ST_3 : Operation 116 [1/1] (0.00ns)   --->   "%zext_ln120_2 = zext i10 %lshr_ln120_4" [bnn.cpp:120]   --->   Operation 116 'zext' 'zext_ln120_2' <Predicate = (!icmp_ln110)> <Delay = 0.00>
ST_3 : Operation 117 [1/1] (0.00ns)   --->   "%W3_0_addr_2 = getelementptr i32 %W3_0, i64 0, i64 %zext_ln120_2" [bnn.cpp:120]   --->   Operation 117 'getelementptr' 'W3_0_addr_2' <Predicate = (!icmp_ln110)> <Delay = 0.00>
ST_3 : Operation 118 [2/2] (0.00ns)   --->   "%W3_0_load_2 = load i10 %W3_0_addr_2" [bnn.cpp:120]   --->   Operation 118 'load' 'W3_0_load_2' <Predicate = (!icmp_ln110)> <Delay = 0.00> <CoreInst = "RAM">   --->   Core 82 'RAM' <Latency = 1> <II = 1> <Delay = 1.23> <Storage> <Opcode : 'load' 'store'> <Ports = 2> <Width = 32> <Depth = 576> <RAM>
ST_3 : Operation 119 [1/1] (0.00ns)   --->   "%W3_1_addr_2 = getelementptr i32 %W3_1, i64 0, i64 %zext_ln120_2" [bnn.cpp:120]   --->   Operation 119 'getelementptr' 'W3_1_addr_2' <Predicate = (!icmp_ln110)> <Delay = 0.00>
ST_3 : Operation 120 [2/2] (0.00ns)   --->   "%W3_1_load_2 = load i10 %W3_1_addr_2" [bnn.cpp:120]   --->   Operation 120 'load' 'W3_1_load_2' <Predicate = (!icmp_ln110)> <Delay = 0.00> <CoreInst = "RAM">   --->   Core 82 'RAM' <Latency = 1> <II = 1> <Delay = 1.23> <Storage> <Opcode : 'load' 'store'> <Ports = 2> <Width = 32> <Depth = 576> <RAM>
ST_3 : Operation 121 [1/1] (0.00ns)   --->   "%tmp_67 = bitselect i1 @_ssdm_op_BitSelect.i1.i16.i32, i16 %add_ln120_3, i32 5" [bnn.cpp:120]   --->   Operation 121 'bitselect' 'tmp_67' <Predicate = (!icmp_ln110)> <Delay = 0.00>
ST_3 : Operation 122 [1/1] (0.85ns)   --->   "%add_ln120_5 = add i16 %add_ln120, i16 3" [bnn.cpp:120]   --->   Operation 122 'add' 'add_ln120_5' <Predicate = (!icmp_ln110)> <Delay = 0.85> <CoreInst = "Adder">   --->   Core 1 'Adder' <Latency = 0> <II = 1> <Delay = 0.85> <FuncUnit> <Opcode : 'add' 'sub'> <InPorts = 2> <OutPorts = 1>
ST_3 : Operation 123 [1/1] (0.00ns)   --->   "%lshr_ln120_6 = partselect i10 @_ssdm_op_PartSelect.i10.i16.i32.i32, i16 %add_ln120_5, i32 6, i32 15" [bnn.cpp:120]   --->   Operation 123 'partselect' 'lshr_ln120_6' <Predicate = (!icmp_ln110)> <Delay = 0.00>
ST_3 : Operation 124 [1/1] (0.00ns)   --->   "%zext_ln120_3 = zext i10 %lshr_ln120_6" [bnn.cpp:120]   --->   Operation 124 'zext' 'zext_ln120_3' <Predicate = (!icmp_ln110)> <Delay = 0.00>
ST_3 : Operation 125 [1/1] (0.00ns)   --->   "%W3_0_addr_3 = getelementptr i32 %W3_0, i64 0, i64 %zext_ln120_3" [bnn.cpp:120]   --->   Operation 125 'getelementptr' 'W3_0_addr_3' <Predicate = (!icmp_ln110)> <Delay = 0.00>
ST_3 : Operation 126 [2/2] (0.00ns)   --->   "%W3_0_load_3 = load i10 %W3_0_addr_3" [bnn.cpp:120]   --->   Operation 126 'load' 'W3_0_load_3' <Predicate = (!icmp_ln110)> <Delay = 0.00> <CoreInst = "RAM">   --->   Core 82 'RAM' <Latency = 1> <II = 1> <Delay = 1.23> <Storage> <Opcode : 'load' 'store'> <Ports = 2> <Width = 32> <Depth = 576> <RAM>
ST_3 : Operation 127 [1/1] (0.00ns)   --->   "%W3_1_addr_3 = getelementptr i32 %W3_1, i64 0, i64 %zext_ln120_3" [bnn.cpp:120]   --->   Operation 127 'getelementptr' 'W3_1_addr_3' <Predicate = (!icmp_ln110)> <Delay = 0.00>
ST_3 : Operation 128 [2/2] (0.00ns)   --->   "%W3_1_load_3 = load i10 %W3_1_addr_3" [bnn.cpp:120]   --->   Operation 128 'load' 'W3_1_load_3' <Predicate = (!icmp_ln110)> <Delay = 0.00> <CoreInst = "RAM">   --->   Core 82 'RAM' <Latency = 1> <II = 1> <Delay = 1.23> <Storage> <Opcode : 'load' 'store'> <Ports = 2> <Width = 32> <Depth = 576> <RAM>
ST_3 : Operation 129 [1/1] (0.00ns)   --->   "%tmp_68 = bitselect i1 @_ssdm_op_BitSelect.i1.i16.i32, i16 %add_ln120_5, i32 5" [bnn.cpp:120]   --->   Operation 129 'bitselect' 'tmp_68' <Predicate = (!icmp_ln110)> <Delay = 0.00>
ST_3 : Operation 130 [8/9] (1.06ns)   --->   "%urem_ln125 = urem i5 %add_ln125, i5 5" [bnn.cpp:125]   --->   Operation 130 'urem' 'urem_ln125' <Predicate = (!icmp_ln110)> <Delay = 1.06> <CoreInst = "Divider">   --->   Core 6 'Divider' <Latency = 8> <II = 1> <Delay = 1.06> <FuncUnit> <Opcode : 'udiv' 'sdiv' 'urem' 'srem'> <InPorts = 2> <OutPorts = 1>

State 4 <SV = 3> <Delay = 2.22>
ST_4 : Operation 131 [1/1] (0.00ns)   --->   "%zext_ln110 = zext i4 %select_ln110_3" [bnn.cpp:110]   --->   Operation 131 'zext' 'zext_ln110' <Predicate = (!icmp_ln110)> <Delay = 0.00>
ST_4 : Operation 132 [1/1] (0.00ns)   --->   "%zext_ln113 = zext i1 %tmp_60" [bnn.cpp:113]   --->   Operation 132 'zext' 'zext_ln113' <Predicate = (!icmp_ln110)> <Delay = 0.00>
ST_4 : Operation 133 [1/1] (0.00ns)   --->   "%shl_ln8 = bitconcatenate i9 @_ssdm_op_BitConcatenate.i9.i6.i3, i6 %trunc_ln119, i3 0" [bnn.cpp:119]   --->   Operation 133 'bitconcatenate' 'shl_ln8' <Predicate = (!icmp_ln110)> <Delay = 0.00>
ST_4 : Operation 134 [1/2] ( I:0.00ns O:0.00ns )   --->   "%W3_0_load_2 = load i10 %W3_0_addr_2" [bnn.cpp:120]   --->   Operation 134 'load' 'W3_0_load_2' <Predicate = (!icmp_ln110)> <Delay = 0.00> <CoreInst = "RAM">   --->   Core 82 'RAM' <Latency = 1> <II = 1> <Delay = 1.23> <Storage> <Opcode : 'load' 'store'> <Ports = 2> <Width = 32> <Depth = 576> <RAM>
ST_4 : Operation 135 [1/2] ( I:0.00ns O:0.00ns )   --->   "%W3_1_load_2 = load i10 %W3_1_addr_2" [bnn.cpp:120]   --->   Operation 135 'load' 'W3_1_load_2' <Predicate = (!icmp_ln110)> <Delay = 0.00> <CoreInst = "RAM">   --->   Core 82 'RAM' <Latency = 1> <II = 1> <Delay = 1.23> <Storage> <Opcode : 'load' 'store'> <Ports = 2> <Width = 32> <Depth = 576> <RAM>
ST_4 : Operation 136 [1/1] (0.44ns)   --->   "%select_ln120_2 = select i1 %tmp_67, i32 %W3_1_load_2, i32 %W3_0_load_2" [bnn.cpp:120]   --->   Operation 136 'select' 'select_ln120_2' <Predicate = (!icmp_ln110)> <Delay = 0.44> <CoreInst = "Sel">   --->   Core 73 'Sel' <Latency = 0> <II = 1> <Delay = 0.44> <FuncUnit> <Opcode : 'select'> <InPorts = 3> <OutPorts = 1>
ST_4 : Operation 137 [1/1] (0.78ns)   --->   "%add_ln120_4 = add i5 %trunc_ln120, i5 2" [bnn.cpp:120]   --->   Operation 137 'add' 'add_ln120_4' <Predicate = (!icmp_ln110)> <Delay = 0.78> <CoreInst = "Adder">   --->   Core 1 'Adder' <Latency = 0> <II = 1> <Delay = 0.78> <FuncUnit> <Opcode : 'add' 'sub'> <InPorts = 2> <OutPorts = 1>
ST_4 : Operation 138 [1/1] (0.00ns)   --->   "%zext_ln120_12 = zext i5 %add_ln120_4" [bnn.cpp:120]   --->   Operation 138 'zext' 'zext_ln120_12' <Predicate = (!icmp_ln110)> <Delay = 0.00>
ST_4 : Operation 139 [1/1] (1.38ns)   --->   "%lshr_ln120_3 = lshr i32 %select_ln120_2, i32 %zext_ln120_12" [bnn.cpp:120]   --->   Operation 139 'lshr' 'lshr_ln120_3' <Predicate = (!icmp_ln110)> <Delay = 1.38> <CoreInst = "Shifter">   --->   Core 75 'Shifter' <Latency = 0> <II = 1> <Delay = 1.38> <FuncUnit> <Opcode : 'shl' 'lshr' 'ashr'> <InPorts = 2> <OutPorts = 1>
ST_4 : Operation 140 [1/2] ( I:0.00ns O:0.00ns )   --->   "%W3_0_load_3 = load i10 %W3_0_addr_3" [bnn.cpp:120]   --->   Operation 140 'load' 'W3_0_load_3' <Predicate = (!icmp_ln110)> <Delay = 0.00> <CoreInst = "RAM">   --->   Core 82 'RAM' <Latency = 1> <II = 1> <Delay = 1.23> <Storage> <Opcode : 'load' 'store'> <Ports = 2> <Width = 32> <Depth = 576> <RAM>
ST_4 : Operation 141 [1/2] ( I:0.00ns O:0.00ns )   --->   "%W3_1_load_3 = load i10 %W3_1_addr_3" [bnn.cpp:120]   --->   Operation 141 'load' 'W3_1_load_3' <Predicate = (!icmp_ln110)> <Delay = 0.00> <CoreInst = "RAM">   --->   Core 82 'RAM' <Latency = 1> <II = 1> <Delay = 1.23> <Storage> <Opcode : 'load' 'store'> <Ports = 2> <Width = 32> <Depth = 576> <RAM>
ST_4 : Operation 142 [1/1] (0.44ns)   --->   "%select_ln120_3 = select i1 %tmp_68, i32 %W3_1_load_3, i32 %W3_0_load_3" [bnn.cpp:120]   --->   Operation 142 'select' 'select_ln120_3' <Predicate = (!icmp_ln110)> <Delay = 0.44> <CoreInst = "Sel">   --->   Core 73 'Sel' <Latency = 0> <II = 1> <Delay = 0.44> <FuncUnit> <Opcode : 'select'> <InPorts = 3> <OutPorts = 1>
ST_4 : Operation 143 [1/1] (0.78ns)   --->   "%add_ln120_6 = add i5 %trunc_ln120, i5 3" [bnn.cpp:120]   --->   Operation 143 'add' 'add_ln120_6' <Predicate = (!icmp_ln110)> <Delay = 0.78> <CoreInst = "Adder">   --->   Core 1 'Adder' <Latency = 0> <II = 1> <Delay = 0.78> <FuncUnit> <Opcode : 'add' 'sub'> <InPorts = 2> <OutPorts = 1>
ST_4 : Operation 144 [1/1] (0.00ns)   --->   "%zext_ln120_13 = zext i5 %add_ln120_6" [bnn.cpp:120]   --->   Operation 144 'zext' 'zext_ln120_13' <Predicate = (!icmp_ln110)> <Delay = 0.00>
ST_4 : Operation 145 [1/1] (1.38ns)   --->   "%lshr_ln120_5 = lshr i32 %select_ln120_3, i32 %zext_ln120_13" [bnn.cpp:120]   --->   Operation 145 'lshr' 'lshr_ln120_5' <Predicate = (!icmp_ln110)> <Delay = 1.38> <CoreInst = "Shifter">   --->   Core 75 'Shifter' <Latency = 0> <II = 1> <Delay = 1.38> <FuncUnit> <Opcode : 'shl' 'lshr' 'ashr'> <InPorts = 2> <OutPorts = 1>
ST_4 : Operation 146 [1/1] (0.77ns)   --->   "%add_ln119_6 = add i9 %shl_ln8, i9 %zext_ln110" [bnn.cpp:119]   --->   Operation 146 'add' 'add_ln119_6' <Predicate = (!icmp_ln110)> <Delay = 0.77> <CoreInst = "Adder">   --->   Core 1 'Adder' <Latency = 0> <II = 1> <Delay = 0.77> <FuncUnit> <Opcode : 'add' 'sub'> <InPorts = 2> <OutPorts = 1>
ST_4 : Operation 147 [1/1] (0.00ns)   --->   "%zext_ln119_4 = zext i9 %add_ln119_6" [bnn.cpp:119]   --->   Operation 147 'zext' 'zext_ln119_4' <Predicate = (!icmp_ln110)> <Delay = 0.00>
ST_4 : Operation 148 [1/1] (0.00ns)   --->   "%bnn_top_int_const_unsigned_int_const_int_const_unsigned_int_const_int_co_375 = getelementptr i1 %bnn_top_int_const_unsigned_int_const_int_const_unsigned_int_const_int_co_12, i64 0, i64 %zext_ln119_4" [bnn.cpp:119]   --->   Operation 148 'getelementptr' 'bnn_top_int_const_unsigned_int_const_int_const_unsigned_int_const_int_co_375' <Predicate = (!icmp_ln110 & trunc_ln111 == 0)> <Delay = 0.00>
ST_4 : Operation 149 [1/1] (0.00ns)   --->   "%bnn_top_int_const_unsigned_int_const_int_const_unsigned_int_const_int_co_376 = getelementptr i1 %bnn_top_int_const_unsigned_int_const_int_const_unsigned_int_const_int_co_6, i64 0, i64 %zext_ln119_4" [bnn.cpp:119]   --->   Operation 149 'getelementptr' 'bnn_top_int_const_unsigned_int_const_int_const_unsigned_int_const_int_co_376' <Predicate = (!icmp_ln110 & trunc_ln111 == 1)> <Delay = 0.00>
ST_4 : Operation 150 [1/1] (0.00ns)   --->   "%bnn_top_int_const_unsigned_int_const_int_const_unsigned_int_const_int_co_377 = getelementptr i1 %bnn_top_int_const_unsigned_int_const_int_const_unsigned_int_const_int_co_5, i64 0, i64 %zext_ln119_4" [bnn.cpp:119]   --->   Operation 150 'getelementptr' 'bnn_top_int_const_unsigned_int_const_int_const_unsigned_int_const_int_co_377' <Predicate = (!icmp_ln110 & trunc_ln111 == 2)> <Delay = 0.00>
ST_4 : Operation 151 [1/1] (0.00ns)   --->   "%bnn_top_int_const_unsigned_int_const_int_const_unsigned_int_const_int_co_378 = getelementptr i1 %bnn_top_int_const_unsigned_int_const_int_const_unsigned_int_const_int_co_11, i64 0, i64 %zext_ln119_4" [bnn.cpp:119]   --->   Operation 151 'getelementptr' 'bnn_top_int_const_unsigned_int_const_int_const_unsigned_int_const_int_co_378' <Predicate = (!icmp_ln110 & trunc_ln111 == 3)> <Delay = 0.00>
ST_4 : Operation 152 [1/1] (0.00ns)   --->   "%bnn_top_int_const_unsigned_int_const_int_const_unsigned_int_const_int_co_379 = getelementptr i1 %bnn_top_int_const_unsigned_int_const_int_const_unsigned_int_const_int_co_10, i64 0, i64 %zext_ln119_4" [bnn.cpp:119]   --->   Operation 152 'getelementptr' 'bnn_top_int_const_unsigned_int_const_int_const_unsigned_int_const_int_co_379' <Predicate = (!icmp_ln110 & trunc_ln111 == 4)> <Delay = 0.00>
ST_4 : Operation 153 [1/1] (0.00ns)   --->   "%bnn_top_int_const_unsigned_int_const_int_const_unsigned_int_const_int_co_380 = getelementptr i1 %bnn_top_int_const_unsigned_int_const_int_const_unsigned_int_const_int_co_9, i64 0, i64 %zext_ln119_4" [bnn.cpp:119]   --->   Operation 153 'getelementptr' 'bnn_top_int_const_unsigned_int_const_int_const_unsigned_int_const_int_co_380' <Predicate = (!icmp_ln110 & trunc_ln111 == 5)> <Delay = 0.00>
ST_4 : Operation 154 [1/1] (0.00ns)   --->   "%bnn_top_int_const_unsigned_int_const_int_const_unsigned_int_const_int_co_381 = getelementptr i1 %bnn_top_int_const_unsigned_int_const_int_const_unsigned_int_const_int_co_8, i64 0, i64 %zext_ln119_4" [bnn.cpp:119]   --->   Operation 154 'getelementptr' 'bnn_top_int_const_unsigned_int_const_int_const_unsigned_int_const_int_co_381' <Predicate = (!icmp_ln110 & trunc_ln111 == 6)> <Delay = 0.00>
ST_4 : Operation 155 [1/1] (0.00ns)   --->   "%bnn_top_int_const_unsigned_int_const_int_const_unsigned_int_const_int_co_382 = getelementptr i1 %bnn_top_int_const_unsigned_int_const_int_const_unsigned_int_const_int_co_7, i64 0, i64 %zext_ln119_4" [bnn.cpp:119]   --->   Operation 155 'getelementptr' 'bnn_top_int_const_unsigned_int_const_int_const_unsigned_int_const_int_co_382' <Predicate = (!icmp_ln110 & trunc_ln111 == 7)> <Delay = 0.00>
ST_4 : Operation 156 [2/2] (0.67ns)   --->   "%bnn_top_int_const_unsigned_int_const_int_const_unsigned_int_const_int_co_383 = load i9 %bnn_top_int_const_unsigned_int_const_int_const_unsigned_int_const_int_co_375" [bnn.cpp:119]   --->   Operation 156 'load' 'bnn_top_int_const_unsigned_int_const_int_const_unsigned_int_const_int_co_383' <Predicate = (!icmp_ln110 & trunc_ln111 == 0)> <Delay = 0.67> <CoreInst = "RAM">   --->   Core 82 'RAM' <Latency = 1> <II = 1> <Delay = 0.67> <Storage> <Opcode : 'load' 'store'> <Ports = 2> <Width = 1> <Depth = 512> <RAM>
ST_4 : Operation 157 [2/2] (0.67ns)   --->   "%bnn_top_int_const_unsigned_int_const_int_const_unsigned_int_const_int_co_384 = load i9 %bnn_top_int_const_unsigned_int_const_int_const_unsigned_int_const_int_co_376" [bnn.cpp:119]   --->   Operation 157 'load' 'bnn_top_int_const_unsigned_int_const_int_const_unsigned_int_const_int_co_384' <Predicate = (!icmp_ln110 & trunc_ln111 == 1)> <Delay = 0.67> <CoreInst = "RAM">   --->   Core 82 'RAM' <Latency = 1> <II = 1> <Delay = 0.67> <Storage> <Opcode : 'load' 'store'> <Ports = 2> <Width = 1> <Depth = 512> <RAM>
ST_4 : Operation 158 [2/2] (0.67ns)   --->   "%bnn_top_int_const_unsigned_int_const_int_const_unsigned_int_const_int_co_385 = load i9 %bnn_top_int_const_unsigned_int_const_int_const_unsigned_int_const_int_co_377" [bnn.cpp:119]   --->   Operation 158 'load' 'bnn_top_int_const_unsigned_int_const_int_const_unsigned_int_const_int_co_385' <Predicate = (!icmp_ln110 & trunc_ln111 == 2)> <Delay = 0.67> <CoreInst = "RAM">   --->   Core 82 'RAM' <Latency = 1> <II = 1> <Delay = 0.67> <Storage> <Opcode : 'load' 'store'> <Ports = 2> <Width = 1> <Depth = 512> <RAM>
ST_4 : Operation 159 [2/2] (0.67ns)   --->   "%bnn_top_int_const_unsigned_int_const_int_const_unsigned_int_const_int_co_386 = load i9 %bnn_top_int_const_unsigned_int_const_int_const_unsigned_int_const_int_co_378" [bnn.cpp:119]   --->   Operation 159 'load' 'bnn_top_int_const_unsigned_int_const_int_const_unsigned_int_const_int_co_386' <Predicate = (!icmp_ln110 & trunc_ln111 == 3)> <Delay = 0.67> <CoreInst = "RAM">   --->   Core 82 'RAM' <Latency = 1> <II = 1> <Delay = 0.67> <Storage> <Opcode : 'load' 'store'> <Ports = 2> <Width = 1> <Depth = 512> <RAM>
ST_4 : Operation 160 [2/2] (0.67ns)   --->   "%bnn_top_int_const_unsigned_int_const_int_const_unsigned_int_const_int_co_387 = load i9 %bnn_top_int_const_unsigned_int_const_int_const_unsigned_int_const_int_co_379" [bnn.cpp:119]   --->   Operation 160 'load' 'bnn_top_int_const_unsigned_int_const_int_const_unsigned_int_const_int_co_387' <Predicate = (!icmp_ln110 & trunc_ln111 == 4)> <Delay = 0.67> <CoreInst = "RAM">   --->   Core 82 'RAM' <Latency = 1> <II = 1> <Delay = 0.67> <Storage> <Opcode : 'load' 'store'> <Ports = 2> <Width = 1> <Depth = 512> <RAM>
ST_4 : Operation 161 [2/2] (0.67ns)   --->   "%bnn_top_int_const_unsigned_int_const_int_const_unsigned_int_const_int_co_388 = load i9 %bnn_top_int_const_unsigned_int_const_int_const_unsigned_int_const_int_co_380" [bnn.cpp:119]   --->   Operation 161 'load' 'bnn_top_int_const_unsigned_int_const_int_const_unsigned_int_const_int_co_388' <Predicate = (!icmp_ln110 & trunc_ln111 == 5)> <Delay = 0.67> <CoreInst = "RAM">   --->   Core 82 'RAM' <Latency = 1> <II = 1> <Delay = 0.67> <Storage> <Opcode : 'load' 'store'> <Ports = 2> <Width = 1> <Depth = 512> <RAM>
ST_4 : Operation 162 [2/2] (0.67ns)   --->   "%bnn_top_int_const_unsigned_int_const_int_const_unsigned_int_const_int_co_389 = load i9 %bnn_top_int_const_unsigned_int_const_int_const_unsigned_int_const_int_co_381" [bnn.cpp:119]   --->   Operation 162 'load' 'bnn_top_int_const_unsigned_int_const_int_const_unsigned_int_const_int_co_389' <Predicate = (!icmp_ln110 & trunc_ln111 == 6)> <Delay = 0.67> <CoreInst = "RAM">   --->   Core 82 'RAM' <Latency = 1> <II = 1> <Delay = 0.67> <Storage> <Opcode : 'load' 'store'> <Ports = 2> <Width = 1> <Depth = 512> <RAM>
ST_4 : Operation 163 [2/2] (0.67ns)   --->   "%bnn_top_int_const_unsigned_int_const_int_const_unsigned_int_const_int_co_390 = load i9 %bnn_top_int_const_unsigned_int_const_int_const_unsigned_int_const_int_co_382" [bnn.cpp:119]   --->   Operation 163 'load' 'bnn_top_int_const_unsigned_int_const_int_const_unsigned_int_const_int_co_390' <Predicate = (!icmp_ln110 & trunc_ln111 == 7)> <Delay = 0.67> <CoreInst = "RAM">   --->   Core 82 'RAM' <Latency = 1> <II = 1> <Delay = 0.67> <Storage> <Opcode : 'load' 'store'> <Ports = 2> <Width = 1> <Depth = 512> <RAM>
ST_4 : Operation 164 [1/1] (0.85ns)   --->   "%add_ln120_7 = add i16 %add_ln120, i16 4" [bnn.cpp:120]   --->   Operation 164 'add' 'add_ln120_7' <Predicate = (!icmp_ln110)> <Delay = 0.85> <CoreInst = "Adder">   --->   Core 1 'Adder' <Latency = 0> <II = 1> <Delay = 0.85> <FuncUnit> <Opcode : 'add' 'sub'> <InPorts = 2> <OutPorts = 1>
ST_4 : Operation 165 [1/1] (0.00ns)   --->   "%lshr_ln120_8 = partselect i10 @_ssdm_op_PartSelect.i10.i16.i32.i32, i16 %add_ln120_7, i32 6, i32 15" [bnn.cpp:120]   --->   Operation 165 'partselect' 'lshr_ln120_8' <Predicate = (!icmp_ln110)> <Delay = 0.00>
ST_4 : Operation 166 [1/1] (0.00ns)   --->   "%zext_ln120_4 = zext i10 %lshr_ln120_8" [bnn.cpp:120]   --->   Operation 166 'zext' 'zext_ln120_4' <Predicate = (!icmp_ln110)> <Delay = 0.00>
ST_4 : Operation 167 [1/1] (0.00ns)   --->   "%W3_0_addr_4 = getelementptr i32 %W3_0, i64 0, i64 %zext_ln120_4" [bnn.cpp:120]   --->   Operation 167 'getelementptr' 'W3_0_addr_4' <Predicate = (!icmp_ln110)> <Delay = 0.00>
ST_4 : Operation 168 [2/2] (0.00ns)   --->   "%W3_0_load_4 = load i10 %W3_0_addr_4" [bnn.cpp:120]   --->   Operation 168 'load' 'W3_0_load_4' <Predicate = (!icmp_ln110)> <Delay = 0.00> <CoreInst = "RAM">   --->   Core 82 'RAM' <Latency = 1> <II = 1> <Delay = 1.23> <Storage> <Opcode : 'load' 'store'> <Ports = 2> <Width = 32> <Depth = 576> <RAM>
ST_4 : Operation 169 [1/1] (0.00ns)   --->   "%W3_1_addr_4 = getelementptr i32 %W3_1, i64 0, i64 %zext_ln120_4" [bnn.cpp:120]   --->   Operation 169 'getelementptr' 'W3_1_addr_4' <Predicate = (!icmp_ln110)> <Delay = 0.00>
ST_4 : Operation 170 [2/2] (0.00ns)   --->   "%W3_1_load_4 = load i10 %W3_1_addr_4" [bnn.cpp:120]   --->   Operation 170 'load' 'W3_1_load_4' <Predicate = (!icmp_ln110)> <Delay = 0.00> <CoreInst = "RAM">   --->   Core 82 'RAM' <Latency = 1> <II = 1> <Delay = 1.23> <Storage> <Opcode : 'load' 'store'> <Ports = 2> <Width = 32> <Depth = 576> <RAM>
ST_4 : Operation 171 [1/1] (0.00ns)   --->   "%tmp_69 = bitselect i1 @_ssdm_op_BitSelect.i1.i16.i32, i16 %add_ln120_7, i32 5" [bnn.cpp:120]   --->   Operation 171 'bitselect' 'tmp_69' <Predicate = (!icmp_ln110)> <Delay = 0.00>
ST_4 : Operation 172 [1/1] (0.77ns)   --->   "%add_ln119_7 = add i9 %add_ln119_6, i9 %zext_ln113" [bnn.cpp:119]   --->   Operation 172 'add' 'add_ln119_7' <Predicate = (!icmp_ln110 & !tmp_60)> <Delay = 0.77> <CoreInst = "Adder">   --->   Core 1 'Adder' <Latency = 0> <II = 1> <Delay = 0.77> <FuncUnit> <Opcode : 'add' 'sub'> <InPorts = 2> <OutPorts = 1>
ST_4 : Operation 173 [1/1] (0.00ns)   --->   "%zext_ln119_5 = zext i9 %add_ln119_7" [bnn.cpp:119]   --->   Operation 173 'zext' 'zext_ln119_5' <Predicate = (!icmp_ln110 & !tmp_60)> <Delay = 0.00>
ST_4 : Operation 174 [1/1] (0.00ns)   --->   "%bnn_top_int_const_unsigned_int_const_int_const_unsigned_int_const_int_co_391 = getelementptr i1 %bnn_top_int_const_unsigned_int_const_int_const_unsigned_int_const_int_co_12, i64 0, i64 %zext_ln119_5" [bnn.cpp:119]   --->   Operation 174 'getelementptr' 'bnn_top_int_const_unsigned_int_const_int_const_unsigned_int_const_int_co_391' <Predicate = (!icmp_ln110 & !tmp_60 & trunc_ln111 == 7)> <Delay = 0.00>
ST_4 : Operation 175 [1/1] (0.00ns)   --->   "%bnn_top_int_const_unsigned_int_const_int_const_unsigned_int_const_int_co_392 = getelementptr i1 %bnn_top_int_const_unsigned_int_const_int_const_unsigned_int_const_int_co_6, i64 0, i64 %zext_ln119_5" [bnn.cpp:119]   --->   Operation 175 'getelementptr' 'bnn_top_int_const_unsigned_int_const_int_const_unsigned_int_const_int_co_392' <Predicate = (!icmp_ln110 & !tmp_60 & trunc_ln111 == 0)> <Delay = 0.00>
ST_4 : Operation 176 [1/1] (0.00ns)   --->   "%bnn_top_int_const_unsigned_int_const_int_const_unsigned_int_const_int_co_393 = getelementptr i1 %bnn_top_int_const_unsigned_int_const_int_const_unsigned_int_const_int_co_5, i64 0, i64 %zext_ln119_5" [bnn.cpp:119]   --->   Operation 176 'getelementptr' 'bnn_top_int_const_unsigned_int_const_int_const_unsigned_int_const_int_co_393' <Predicate = (!icmp_ln110 & !tmp_60 & trunc_ln111 == 1)> <Delay = 0.00>
ST_4 : Operation 177 [1/1] (0.00ns)   --->   "%bnn_top_int_const_unsigned_int_const_int_const_unsigned_int_const_int_co_394 = getelementptr i1 %bnn_top_int_const_unsigned_int_const_int_const_unsigned_int_const_int_co_11, i64 0, i64 %zext_ln119_5" [bnn.cpp:119]   --->   Operation 177 'getelementptr' 'bnn_top_int_const_unsigned_int_const_int_const_unsigned_int_const_int_co_394' <Predicate = (!icmp_ln110 & !tmp_60 & trunc_ln111 == 2)> <Delay = 0.00>
ST_4 : Operation 178 [1/1] (0.00ns)   --->   "%bnn_top_int_const_unsigned_int_const_int_const_unsigned_int_const_int_co_395 = getelementptr i1 %bnn_top_int_const_unsigned_int_const_int_const_unsigned_int_const_int_co_10, i64 0, i64 %zext_ln119_5" [bnn.cpp:119]   --->   Operation 178 'getelementptr' 'bnn_top_int_const_unsigned_int_const_int_const_unsigned_int_const_int_co_395' <Predicate = (!icmp_ln110 & !tmp_60 & trunc_ln111 == 3)> <Delay = 0.00>
ST_4 : Operation 179 [1/1] (0.00ns)   --->   "%bnn_top_int_const_unsigned_int_const_int_const_unsigned_int_const_int_co_396 = getelementptr i1 %bnn_top_int_const_unsigned_int_const_int_const_unsigned_int_const_int_co_9, i64 0, i64 %zext_ln119_5" [bnn.cpp:119]   --->   Operation 179 'getelementptr' 'bnn_top_int_const_unsigned_int_const_int_const_unsigned_int_const_int_co_396' <Predicate = (!icmp_ln110 & !tmp_60 & trunc_ln111 == 4)> <Delay = 0.00>
ST_4 : Operation 180 [1/1] (0.00ns)   --->   "%bnn_top_int_const_unsigned_int_const_int_const_unsigned_int_const_int_co_397 = getelementptr i1 %bnn_top_int_const_unsigned_int_const_int_const_unsigned_int_const_int_co_8, i64 0, i64 %zext_ln119_5" [bnn.cpp:119]   --->   Operation 180 'getelementptr' 'bnn_top_int_const_unsigned_int_const_int_const_unsigned_int_const_int_co_397' <Predicate = (!icmp_ln110 & !tmp_60 & trunc_ln111 == 5)> <Delay = 0.00>
ST_4 : Operation 181 [1/1] (0.00ns)   --->   "%bnn_top_int_const_unsigned_int_const_int_const_unsigned_int_const_int_co_398 = getelementptr i1 %bnn_top_int_const_unsigned_int_const_int_const_unsigned_int_const_int_co_7, i64 0, i64 %zext_ln119_5" [bnn.cpp:119]   --->   Operation 181 'getelementptr' 'bnn_top_int_const_unsigned_int_const_int_const_unsigned_int_const_int_co_398' <Predicate = (!icmp_ln110 & !tmp_60 & trunc_ln111 == 6)> <Delay = 0.00>
ST_4 : Operation 182 [2/2] (0.67ns)   --->   "%bnn_top_int_const_unsigned_int_const_int_const_unsigned_int_const_int_co_399 = load i9 %bnn_top_int_const_unsigned_int_const_int_const_unsigned_int_const_int_co_391" [bnn.cpp:119]   --->   Operation 182 'load' 'bnn_top_int_const_unsigned_int_const_int_const_unsigned_int_const_int_co_399' <Predicate = (!icmp_ln110 & !tmp_60 & trunc_ln111 == 7)> <Delay = 0.67> <CoreInst = "RAM">   --->   Core 82 'RAM' <Latency = 1> <II = 1> <Delay = 0.67> <Storage> <Opcode : 'load' 'store'> <Ports = 2> <Width = 1> <Depth = 512> <RAM>
ST_4 : Operation 183 [2/2] (0.67ns)   --->   "%bnn_top_int_const_unsigned_int_const_int_const_unsigned_int_const_int_co_400 = load i9 %bnn_top_int_const_unsigned_int_const_int_const_unsigned_int_const_int_co_392" [bnn.cpp:119]   --->   Operation 183 'load' 'bnn_top_int_const_unsigned_int_const_int_const_unsigned_int_const_int_co_400' <Predicate = (!icmp_ln110 & !tmp_60 & trunc_ln111 == 0)> <Delay = 0.67> <CoreInst = "RAM">   --->   Core 82 'RAM' <Latency = 1> <II = 1> <Delay = 0.67> <Storage> <Opcode : 'load' 'store'> <Ports = 2> <Width = 1> <Depth = 512> <RAM>
ST_4 : Operation 184 [2/2] (0.67ns)   --->   "%bnn_top_int_const_unsigned_int_const_int_const_unsigned_int_const_int_co_401 = load i9 %bnn_top_int_const_unsigned_int_const_int_const_unsigned_int_const_int_co_393" [bnn.cpp:119]   --->   Operation 184 'load' 'bnn_top_int_const_unsigned_int_const_int_const_unsigned_int_const_int_co_401' <Predicate = (!icmp_ln110 & !tmp_60 & trunc_ln111 == 1)> <Delay = 0.67> <CoreInst = "RAM">   --->   Core 82 'RAM' <Latency = 1> <II = 1> <Delay = 0.67> <Storage> <Opcode : 'load' 'store'> <Ports = 2> <Width = 1> <Depth = 512> <RAM>
ST_4 : Operation 185 [2/2] (0.67ns)   --->   "%bnn_top_int_const_unsigned_int_const_int_const_unsigned_int_const_int_co_402 = load i9 %bnn_top_int_const_unsigned_int_const_int_const_unsigned_int_const_int_co_394" [bnn.cpp:119]   --->   Operation 185 'load' 'bnn_top_int_const_unsigned_int_const_int_const_unsigned_int_const_int_co_402' <Predicate = (!icmp_ln110 & !tmp_60 & trunc_ln111 == 2)> <Delay = 0.67> <CoreInst = "RAM">   --->   Core 82 'RAM' <Latency = 1> <II = 1> <Delay = 0.67> <Storage> <Opcode : 'load' 'store'> <Ports = 2> <Width = 1> <Depth = 512> <RAM>
ST_4 : Operation 186 [2/2] (0.67ns)   --->   "%bnn_top_int_const_unsigned_int_const_int_const_unsigned_int_const_int_co_403 = load i9 %bnn_top_int_const_unsigned_int_const_int_const_unsigned_int_const_int_co_395" [bnn.cpp:119]   --->   Operation 186 'load' 'bnn_top_int_const_unsigned_int_const_int_const_unsigned_int_const_int_co_403' <Predicate = (!icmp_ln110 & !tmp_60 & trunc_ln111 == 3)> <Delay = 0.67> <CoreInst = "RAM">   --->   Core 82 'RAM' <Latency = 1> <II = 1> <Delay = 0.67> <Storage> <Opcode : 'load' 'store'> <Ports = 2> <Width = 1> <Depth = 512> <RAM>
ST_4 : Operation 187 [2/2] (0.67ns)   --->   "%bnn_top_int_const_unsigned_int_const_int_const_unsigned_int_const_int_co_404 = load i9 %bnn_top_int_const_unsigned_int_const_int_const_unsigned_int_const_int_co_396" [bnn.cpp:119]   --->   Operation 187 'load' 'bnn_top_int_const_unsigned_int_const_int_const_unsigned_int_const_int_co_404' <Predicate = (!icmp_ln110 & !tmp_60 & trunc_ln111 == 4)> <Delay = 0.67> <CoreInst = "RAM">   --->   Core 82 'RAM' <Latency = 1> <II = 1> <Delay = 0.67> <Storage> <Opcode : 'load' 'store'> <Ports = 2> <Width = 1> <Depth = 512> <RAM>
ST_4 : Operation 188 [2/2] (0.67ns)   --->   "%bnn_top_int_const_unsigned_int_const_int_const_unsigned_int_const_int_co_405 = load i9 %bnn_top_int_const_unsigned_int_const_int_const_unsigned_int_const_int_co_397" [bnn.cpp:119]   --->   Operation 188 'load' 'bnn_top_int_const_unsigned_int_const_int_const_unsigned_int_const_int_co_405' <Predicate = (!icmp_ln110 & !tmp_60 & trunc_ln111 == 5)> <Delay = 0.67> <CoreInst = "RAM">   --->   Core 82 'RAM' <Latency = 1> <II = 1> <Delay = 0.67> <Storage> <Opcode : 'load' 'store'> <Ports = 2> <Width = 1> <Depth = 512> <RAM>
ST_4 : Operation 189 [2/2] (0.67ns)   --->   "%bnn_top_int_const_unsigned_int_const_int_const_unsigned_int_const_int_co_406 = load i9 %bnn_top_int_const_unsigned_int_const_int_const_unsigned_int_const_int_co_398" [bnn.cpp:119]   --->   Operation 189 'load' 'bnn_top_int_const_unsigned_int_const_int_const_unsigned_int_const_int_co_406' <Predicate = (!icmp_ln110 & !tmp_60 & trunc_ln111 == 6)> <Delay = 0.67> <CoreInst = "RAM">   --->   Core 82 'RAM' <Latency = 1> <II = 1> <Delay = 0.67> <Storage> <Opcode : 'load' 'store'> <Ports = 2> <Width = 1> <Depth = 512> <RAM>
ST_4 : Operation 190 [1/1] (0.85ns)   --->   "%add_ln120_9 = add i16 %add_ln120, i16 5" [bnn.cpp:120]   --->   Operation 190 'add' 'add_ln120_9' <Predicate = (!icmp_ln110 & !tmp_60)> <Delay = 0.85> <CoreInst = "Adder">   --->   Core 1 'Adder' <Latency = 0> <II = 1> <Delay = 0.85> <FuncUnit> <Opcode : 'add' 'sub'> <InPorts = 2> <OutPorts = 1>
ST_4 : Operation 191 [1/1] (0.00ns)   --->   "%lshr_ln120_s = partselect i10 @_ssdm_op_PartSelect.i10.i16.i32.i32, i16 %add_ln120_9, i32 6, i32 15" [bnn.cpp:120]   --->   Operation 191 'partselect' 'lshr_ln120_s' <Predicate = (!icmp_ln110 & !tmp_60)> <Delay = 0.00>
ST_4 : Operation 192 [1/1] (0.00ns)   --->   "%zext_ln120_5 = zext i10 %lshr_ln120_s" [bnn.cpp:120]   --->   Operation 192 'zext' 'zext_ln120_5' <Predicate = (!icmp_ln110 & !tmp_60)> <Delay = 0.00>
ST_4 : Operation 193 [1/1] (0.00ns)   --->   "%W3_0_addr_5 = getelementptr i32 %W3_0, i64 0, i64 %zext_ln120_5" [bnn.cpp:120]   --->   Operation 193 'getelementptr' 'W3_0_addr_5' <Predicate = (!icmp_ln110 & !tmp_60)> <Delay = 0.00>
ST_4 : Operation 194 [2/2] (0.00ns)   --->   "%W3_0_load_5 = load i10 %W3_0_addr_5" [bnn.cpp:120]   --->   Operation 194 'load' 'W3_0_load_5' <Predicate = (!icmp_ln110 & !tmp_60)> <Delay = 0.00> <CoreInst = "RAM">   --->   Core 82 'RAM' <Latency = 1> <II = 1> <Delay = 1.23> <Storage> <Opcode : 'load' 'store'> <Ports = 2> <Width = 32> <Depth = 576> <RAM>
ST_4 : Operation 195 [1/1] (0.00ns)   --->   "%W3_1_addr_5 = getelementptr i32 %W3_1, i64 0, i64 %zext_ln120_5" [bnn.cpp:120]   --->   Operation 195 'getelementptr' 'W3_1_addr_5' <Predicate = (!icmp_ln110 & !tmp_60)> <Delay = 0.00>
ST_4 : Operation 196 [2/2] (0.00ns)   --->   "%W3_1_load_5 = load i10 %W3_1_addr_5" [bnn.cpp:120]   --->   Operation 196 'load' 'W3_1_load_5' <Predicate = (!icmp_ln110 & !tmp_60)> <Delay = 0.00> <CoreInst = "RAM">   --->   Core 82 'RAM' <Latency = 1> <II = 1> <Delay = 1.23> <Storage> <Opcode : 'load' 'store'> <Ports = 2> <Width = 32> <Depth = 576> <RAM>
ST_4 : Operation 197 [1/1] (0.00ns)   --->   "%tmp_70 = bitselect i1 @_ssdm_op_BitSelect.i1.i16.i32, i16 %add_ln120_9, i32 5" [bnn.cpp:120]   --->   Operation 197 'bitselect' 'tmp_70' <Predicate = (!icmp_ln110 & !tmp_60)> <Delay = 0.00>
ST_4 : Operation 198 [7/9] (1.06ns)   --->   "%urem_ln125 = urem i5 %add_ln125, i5 5" [bnn.cpp:125]   --->   Operation 198 'urem' 'urem_ln125' <Predicate = (!icmp_ln110)> <Delay = 1.06> <CoreInst = "Divider">   --->   Core 6 'Divider' <Latency = 8> <II = 1> <Delay = 1.06> <FuncUnit> <Opcode : 'udiv' 'sdiv' 'urem' 'srem'> <InPorts = 2> <OutPorts = 1>
ST_4 : Operation 199 [1/1] (0.42ns)   --->   "%store_ln110 = store i4 %select_ln110_3, i4 %oh" [bnn.cpp:110]   --->   Operation 199 'store' 'store_ln110' <Predicate = (!icmp_ln110)> <Delay = 0.42>

State 5 <SV = 4> <Delay = 3.06>
ST_5 : Operation 200 [1/1] (0.00ns)   --->   "%shl_ln7 = bitconcatenate i6 @_ssdm_op_BitConcatenate.i6.i3.i3, i3 %trunc_ln125, i3 0" [bnn.cpp:125]   --->   Operation 200 'bitconcatenate' 'shl_ln7' <Predicate = (!icmp_ln110)> <Delay = 0.00>
ST_5 : Operation 201 [1/1] (0.00ns)   --->   "%zext_ln117 = zext i6 %shl_ln7" [bnn.cpp:117]   --->   Operation 201 'zext' 'zext_ln117' <Predicate = (!icmp_ln110)> <Delay = 0.00>
ST_5 : Operation 202 [1/1] (0.00ns)   --->   "%zext_ln118_2 = zext i4 %select_ln110_1" [bnn.cpp:118]   --->   Operation 202 'zext' 'zext_ln118_2' <Predicate = (!icmp_ln110)> <Delay = 0.00>
ST_5 : Operation 203 [1/1] (0.79ns)   --->   "%add_ln117_1 = add i4 %select_ln111, i4 15" [bnn.cpp:117]   --->   Operation 203 'add' 'add_ln117_1' <Predicate = (!icmp_ln110)> <Delay = 0.79> <CoreInst = "Adder">   --->   Core 1 'Adder' <Latency = 0> <II = 1> <Delay = 0.79> <FuncUnit> <Opcode : 'add' 'sub'> <InPorts = 2> <OutPorts = 1>
ST_5 : Operation 204 [1/1] (0.00ns)   --->   "%sext_ln118 = sext i4 %add_ln117_1" [bnn.cpp:118]   --->   Operation 204 'sext' 'sext_ln118' <Predicate = (!icmp_ln110)> <Delay = 0.00>
ST_5 : Operation 205 [1/1] (0.00ns)   --->   "%tmp_59 = bitselect i1 @_ssdm_op_BitSelect.i1.i4.i32, i4 %add_ln117_1, i32 3" [bnn.cpp:118]   --->   Operation 205 'bitselect' 'tmp_59' <Predicate = (!icmp_ln110)> <Delay = 0.00>
ST_5 : Operation 206 [1/2] ( I:0.67ns O:0.67ns )   --->   "%bnn_top_int_const_unsigned_int_const_int_const_unsigned_int_const_int_co_383 = load i9 %bnn_top_int_const_unsigned_int_const_int_const_unsigned_int_const_int_co_375" [bnn.cpp:119]   --->   Operation 206 'load' 'bnn_top_int_const_unsigned_int_const_int_const_unsigned_int_const_int_co_383' <Predicate = (!icmp_ln110 & trunc_ln111 == 0)> <Delay = 0.67> <CoreInst = "RAM">   --->   Core 82 'RAM' <Latency = 1> <II = 1> <Delay = 0.67> <Storage> <Opcode : 'load' 'store'> <Ports = 2> <Width = 1> <Depth = 512> <RAM>
ST_5 : Operation 207 [1/2] ( I:0.67ns O:0.67ns )   --->   "%bnn_top_int_const_unsigned_int_const_int_const_unsigned_int_const_int_co_384 = load i9 %bnn_top_int_const_unsigned_int_const_int_const_unsigned_int_const_int_co_376" [bnn.cpp:119]   --->   Operation 207 'load' 'bnn_top_int_const_unsigned_int_const_int_const_unsigned_int_const_int_co_384' <Predicate = (!icmp_ln110 & trunc_ln111 == 1)> <Delay = 0.67> <CoreInst = "RAM">   --->   Core 82 'RAM' <Latency = 1> <II = 1> <Delay = 0.67> <Storage> <Opcode : 'load' 'store'> <Ports = 2> <Width = 1> <Depth = 512> <RAM>
ST_5 : Operation 208 [1/2] ( I:0.67ns O:0.67ns )   --->   "%bnn_top_int_const_unsigned_int_const_int_const_unsigned_int_const_int_co_385 = load i9 %bnn_top_int_const_unsigned_int_const_int_const_unsigned_int_const_int_co_377" [bnn.cpp:119]   --->   Operation 208 'load' 'bnn_top_int_const_unsigned_int_const_int_const_unsigned_int_const_int_co_385' <Predicate = (!icmp_ln110 & trunc_ln111 == 2)> <Delay = 0.67> <CoreInst = "RAM">   --->   Core 82 'RAM' <Latency = 1> <II = 1> <Delay = 0.67> <Storage> <Opcode : 'load' 'store'> <Ports = 2> <Width = 1> <Depth = 512> <RAM>
ST_5 : Operation 209 [1/2] ( I:0.67ns O:0.67ns )   --->   "%bnn_top_int_const_unsigned_int_const_int_const_unsigned_int_const_int_co_386 = load i9 %bnn_top_int_const_unsigned_int_const_int_const_unsigned_int_const_int_co_378" [bnn.cpp:119]   --->   Operation 209 'load' 'bnn_top_int_const_unsigned_int_const_int_const_unsigned_int_const_int_co_386' <Predicate = (!icmp_ln110 & trunc_ln111 == 3)> <Delay = 0.67> <CoreInst = "RAM">   --->   Core 82 'RAM' <Latency = 1> <II = 1> <Delay = 0.67> <Storage> <Opcode : 'load' 'store'> <Ports = 2> <Width = 1> <Depth = 512> <RAM>
ST_5 : Operation 210 [1/2] ( I:0.67ns O:0.67ns )   --->   "%bnn_top_int_const_unsigned_int_const_int_const_unsigned_int_const_int_co_387 = load i9 %bnn_top_int_const_unsigned_int_const_int_const_unsigned_int_const_int_co_379" [bnn.cpp:119]   --->   Operation 210 'load' 'bnn_top_int_const_unsigned_int_const_int_const_unsigned_int_const_int_co_387' <Predicate = (!icmp_ln110 & trunc_ln111 == 4)> <Delay = 0.67> <CoreInst = "RAM">   --->   Core 82 'RAM' <Latency = 1> <II = 1> <Delay = 0.67> <Storage> <Opcode : 'load' 'store'> <Ports = 2> <Width = 1> <Depth = 512> <RAM>
ST_5 : Operation 211 [1/2] ( I:0.67ns O:0.67ns )   --->   "%bnn_top_int_const_unsigned_int_const_int_const_unsigned_int_const_int_co_388 = load i9 %bnn_top_int_const_unsigned_int_const_int_const_unsigned_int_const_int_co_380" [bnn.cpp:119]   --->   Operation 211 'load' 'bnn_top_int_const_unsigned_int_const_int_const_unsigned_int_const_int_co_388' <Predicate = (!icmp_ln110 & trunc_ln111 == 5)> <Delay = 0.67> <CoreInst = "RAM">   --->   Core 82 'RAM' <Latency = 1> <II = 1> <Delay = 0.67> <Storage> <Opcode : 'load' 'store'> <Ports = 2> <Width = 1> <Depth = 512> <RAM>
ST_5 : Operation 212 [1/2] ( I:0.67ns O:0.67ns )   --->   "%bnn_top_int_const_unsigned_int_const_int_const_unsigned_int_const_int_co_389 = load i9 %bnn_top_int_const_unsigned_int_const_int_const_unsigned_int_const_int_co_381" [bnn.cpp:119]   --->   Operation 212 'load' 'bnn_top_int_const_unsigned_int_const_int_const_unsigned_int_const_int_co_389' <Predicate = (!icmp_ln110 & trunc_ln111 == 6)> <Delay = 0.67> <CoreInst = "RAM">   --->   Core 82 'RAM' <Latency = 1> <II = 1> <Delay = 0.67> <Storage> <Opcode : 'load' 'store'> <Ports = 2> <Width = 1> <Depth = 512> <RAM>
ST_5 : Operation 213 [1/2] ( I:0.67ns O:0.67ns )   --->   "%bnn_top_int_const_unsigned_int_const_int_const_unsigned_int_const_int_co_390 = load i9 %bnn_top_int_const_unsigned_int_const_int_const_unsigned_int_const_int_co_382" [bnn.cpp:119]   --->   Operation 213 'load' 'bnn_top_int_const_unsigned_int_const_int_const_unsigned_int_const_int_co_390' <Predicate = (!icmp_ln110 & trunc_ln111 == 7)> <Delay = 0.67> <CoreInst = "RAM">   --->   Core 82 'RAM' <Latency = 1> <II = 1> <Delay = 0.67> <Storage> <Opcode : 'load' 'store'> <Ports = 2> <Width = 1> <Depth = 512> <RAM>
ST_5 : Operation 214 [1/1] (0.72ns)   --->   "%a_9 = sparsemux i1 @_ssdm_op_SparseMux.ap_auto.8i1.i1.i3, i3 0, i1 %bnn_top_int_const_unsigned_int_const_int_const_unsigned_int_const_int_co_383, i3 1, i1 %bnn_top_int_const_unsigned_int_const_int_const_unsigned_int_const_int_co_384, i3 2, i1 %bnn_top_int_const_unsigned_int_const_int_const_unsigned_int_const_int_co_385, i3 3, i1 %bnn_top_int_const_unsigned_int_const_int_const_unsigned_int_const_int_co_386, i3 4, i1 %bnn_top_int_const_unsigned_int_const_int_const_unsigned_int_const_int_co_387, i3 5, i1 %bnn_top_int_const_unsigned_int_const_int_const_unsigned_int_const_int_co_388, i3 6, i1 %bnn_top_int_const_unsigned_int_const_int_const_unsigned_int_const_int_co_389, i3 7, i1 %bnn_top_int_const_unsigned_int_const_int_const_unsigned_int_const_int_co_390, i1 0, i3 %trunc_ln111" [bnn.cpp:119]   --->   Operation 214 'sparsemux' 'a_9' <Predicate = (!icmp_ln110)> <Delay = 0.72> <CoreInst = "BinarySparseMux_DontCare">   --->   Core 149 'BinarySparseMux_DontCare' <Latency = 0> <II = 1> <Delay = 0.72> <FuncUnit> <Opcode : 'sparsemux'> <InPorts = 2> <OutPorts = 1>
ST_5 : Operation 215 [1/2] ( I:0.00ns O:0.00ns )   --->   "%W3_0_load_4 = load i10 %W3_0_addr_4" [bnn.cpp:120]   --->   Operation 215 'load' 'W3_0_load_4' <Predicate = (!icmp_ln110)> <Delay = 0.00> <CoreInst = "RAM">   --->   Core 82 'RAM' <Latency = 1> <II = 1> <Delay = 1.23> <Storage> <Opcode : 'load' 'store'> <Ports = 2> <Width = 32> <Depth = 576> <RAM>
ST_5 : Operation 216 [1/2] ( I:0.00ns O:0.00ns )   --->   "%W3_1_load_4 = load i10 %W3_1_addr_4" [bnn.cpp:120]   --->   Operation 216 'load' 'W3_1_load_4' <Predicate = (!icmp_ln110)> <Delay = 0.00> <CoreInst = "RAM">   --->   Core 82 'RAM' <Latency = 1> <II = 1> <Delay = 1.23> <Storage> <Opcode : 'load' 'store'> <Ports = 2> <Width = 32> <Depth = 576> <RAM>
ST_5 : Operation 217 [1/1] (0.44ns)   --->   "%select_ln120_4 = select i1 %tmp_69, i32 %W3_1_load_4, i32 %W3_0_load_4" [bnn.cpp:120]   --->   Operation 217 'select' 'select_ln120_4' <Predicate = (!icmp_ln110)> <Delay = 0.44> <CoreInst = "Sel">   --->   Core 73 'Sel' <Latency = 0> <II = 1> <Delay = 0.44> <FuncUnit> <Opcode : 'select'> <InPorts = 3> <OutPorts = 1>
ST_5 : Operation 218 [1/1] (0.78ns)   --->   "%add_ln120_8 = add i5 %trunc_ln120, i5 4" [bnn.cpp:120]   --->   Operation 218 'add' 'add_ln120_8' <Predicate = (!icmp_ln110)> <Delay = 0.78> <CoreInst = "Adder">   --->   Core 1 'Adder' <Latency = 0> <II = 1> <Delay = 0.78> <FuncUnit> <Opcode : 'add' 'sub'> <InPorts = 2> <OutPorts = 1>
ST_5 : Operation 219 [1/1] (0.00ns)   --->   "%zext_ln120_14 = zext i5 %add_ln120_8" [bnn.cpp:120]   --->   Operation 219 'zext' 'zext_ln120_14' <Predicate = (!icmp_ln110)> <Delay = 0.00>
ST_5 : Operation 220 [1/1] (1.38ns)   --->   "%lshr_ln120_7 = lshr i32 %select_ln120_4, i32 %zext_ln120_14" [bnn.cpp:120]   --->   Operation 220 'lshr' 'lshr_ln120_7' <Predicate = (!icmp_ln110)> <Delay = 1.38> <CoreInst = "Shifter">   --->   Core 75 'Shifter' <Latency = 0> <II = 1> <Delay = 1.38> <FuncUnit> <Opcode : 'shl' 'lshr' 'ashr'> <InPorts = 2> <OutPorts = 1>
ST_5 : Operation 221 [1/2] ( I:0.67ns O:0.67ns )   --->   "%bnn_top_int_const_unsigned_int_const_int_const_unsigned_int_const_int_co_399 = load i9 %bnn_top_int_const_unsigned_int_const_int_const_unsigned_int_const_int_co_391" [bnn.cpp:119]   --->   Operation 221 'load' 'bnn_top_int_const_unsigned_int_const_int_const_unsigned_int_const_int_co_399' <Predicate = (!icmp_ln110 & !tmp_60 & trunc_ln111 == 7)> <Delay = 0.67> <CoreInst = "RAM">   --->   Core 82 'RAM' <Latency = 1> <II = 1> <Delay = 0.67> <Storage> <Opcode : 'load' 'store'> <Ports = 2> <Width = 1> <Depth = 512> <RAM>
ST_5 : Operation 222 [1/2] ( I:0.67ns O:0.67ns )   --->   "%bnn_top_int_const_unsigned_int_const_int_const_unsigned_int_const_int_co_400 = load i9 %bnn_top_int_const_unsigned_int_const_int_const_unsigned_int_const_int_co_392" [bnn.cpp:119]   --->   Operation 222 'load' 'bnn_top_int_const_unsigned_int_const_int_const_unsigned_int_const_int_co_400' <Predicate = (!icmp_ln110 & !tmp_60 & trunc_ln111 == 0)> <Delay = 0.67> <CoreInst = "RAM">   --->   Core 82 'RAM' <Latency = 1> <II = 1> <Delay = 0.67> <Storage> <Opcode : 'load' 'store'> <Ports = 2> <Width = 1> <Depth = 512> <RAM>
ST_5 : Operation 223 [1/2] ( I:0.67ns O:0.67ns )   --->   "%bnn_top_int_const_unsigned_int_const_int_const_unsigned_int_const_int_co_401 = load i9 %bnn_top_int_const_unsigned_int_const_int_const_unsigned_int_const_int_co_393" [bnn.cpp:119]   --->   Operation 223 'load' 'bnn_top_int_const_unsigned_int_const_int_const_unsigned_int_const_int_co_401' <Predicate = (!icmp_ln110 & !tmp_60 & trunc_ln111 == 1)> <Delay = 0.67> <CoreInst = "RAM">   --->   Core 82 'RAM' <Latency = 1> <II = 1> <Delay = 0.67> <Storage> <Opcode : 'load' 'store'> <Ports = 2> <Width = 1> <Depth = 512> <RAM>
ST_5 : Operation 224 [1/2] ( I:0.67ns O:0.67ns )   --->   "%bnn_top_int_const_unsigned_int_const_int_const_unsigned_int_const_int_co_402 = load i9 %bnn_top_int_const_unsigned_int_const_int_const_unsigned_int_const_int_co_394" [bnn.cpp:119]   --->   Operation 224 'load' 'bnn_top_int_const_unsigned_int_const_int_const_unsigned_int_const_int_co_402' <Predicate = (!icmp_ln110 & !tmp_60 & trunc_ln111 == 2)> <Delay = 0.67> <CoreInst = "RAM">   --->   Core 82 'RAM' <Latency = 1> <II = 1> <Delay = 0.67> <Storage> <Opcode : 'load' 'store'> <Ports = 2> <Width = 1> <Depth = 512> <RAM>
ST_5 : Operation 225 [1/2] ( I:0.67ns O:0.67ns )   --->   "%bnn_top_int_const_unsigned_int_const_int_const_unsigned_int_const_int_co_403 = load i9 %bnn_top_int_const_unsigned_int_const_int_const_unsigned_int_const_int_co_395" [bnn.cpp:119]   --->   Operation 225 'load' 'bnn_top_int_const_unsigned_int_const_int_const_unsigned_int_const_int_co_403' <Predicate = (!icmp_ln110 & !tmp_60 & trunc_ln111 == 3)> <Delay = 0.67> <CoreInst = "RAM">   --->   Core 82 'RAM' <Latency = 1> <II = 1> <Delay = 0.67> <Storage> <Opcode : 'load' 'store'> <Ports = 2> <Width = 1> <Depth = 512> <RAM>
ST_5 : Operation 226 [1/2] ( I:0.67ns O:0.67ns )   --->   "%bnn_top_int_const_unsigned_int_const_int_const_unsigned_int_const_int_co_404 = load i9 %bnn_top_int_const_unsigned_int_const_int_const_unsigned_int_const_int_co_396" [bnn.cpp:119]   --->   Operation 226 'load' 'bnn_top_int_const_unsigned_int_const_int_const_unsigned_int_const_int_co_404' <Predicate = (!icmp_ln110 & !tmp_60 & trunc_ln111 == 4)> <Delay = 0.67> <CoreInst = "RAM">   --->   Core 82 'RAM' <Latency = 1> <II = 1> <Delay = 0.67> <Storage> <Opcode : 'load' 'store'> <Ports = 2> <Width = 1> <Depth = 512> <RAM>
ST_5 : Operation 227 [1/2] ( I:0.67ns O:0.67ns )   --->   "%bnn_top_int_const_unsigned_int_const_int_const_unsigned_int_const_int_co_405 = load i9 %bnn_top_int_const_unsigned_int_const_int_const_unsigned_int_const_int_co_397" [bnn.cpp:119]   --->   Operation 227 'load' 'bnn_top_int_const_unsigned_int_const_int_const_unsigned_int_const_int_co_405' <Predicate = (!icmp_ln110 & !tmp_60 & trunc_ln111 == 5)> <Delay = 0.67> <CoreInst = "RAM">   --->   Core 82 'RAM' <Latency = 1> <II = 1> <Delay = 0.67> <Storage> <Opcode : 'load' 'store'> <Ports = 2> <Width = 1> <Depth = 512> <RAM>
ST_5 : Operation 228 [1/2] ( I:0.67ns O:0.67ns )   --->   "%bnn_top_int_const_unsigned_int_const_int_const_unsigned_int_const_int_co_406 = load i9 %bnn_top_int_const_unsigned_int_const_int_const_unsigned_int_const_int_co_398" [bnn.cpp:119]   --->   Operation 228 'load' 'bnn_top_int_const_unsigned_int_const_int_const_unsigned_int_const_int_co_406' <Predicate = (!icmp_ln110 & !tmp_60 & trunc_ln111 == 6)> <Delay = 0.67> <CoreInst = "RAM">   --->   Core 82 'RAM' <Latency = 1> <II = 1> <Delay = 0.67> <Storage> <Opcode : 'load' 'store'> <Ports = 2> <Width = 1> <Depth = 512> <RAM>
ST_5 : Operation 229 [1/1] (0.72ns)   --->   "%a_10 = sparsemux i1 @_ssdm_op_SparseMux.ap_auto.8i1.i1.i3, i3 7, i1 %bnn_top_int_const_unsigned_int_const_int_const_unsigned_int_const_int_co_399, i3 0, i1 %bnn_top_int_const_unsigned_int_const_int_const_unsigned_int_const_int_co_400, i3 1, i1 %bnn_top_int_const_unsigned_int_const_int_const_unsigned_int_const_int_co_401, i3 2, i1 %bnn_top_int_const_unsigned_int_const_int_const_unsigned_int_const_int_co_402, i3 3, i1 %bnn_top_int_const_unsigned_int_const_int_const_unsigned_int_const_int_co_403, i3 4, i1 %bnn_top_int_const_unsigned_int_const_int_const_unsigned_int_const_int_co_404, i3 5, i1 %bnn_top_int_const_unsigned_int_const_int_const_unsigned_int_const_int_co_405, i3 6, i1 %bnn_top_int_const_unsigned_int_const_int_const_unsigned_int_const_int_co_406, i1 0, i3 %trunc_ln111" [bnn.cpp:119]   --->   Operation 229 'sparsemux' 'a_10' <Predicate = (!icmp_ln110 & !tmp_60)> <Delay = 0.72> <CoreInst = "BinarySparseMux_DontCare">   --->   Core 149 'BinarySparseMux_DontCare' <Latency = 0> <II = 1> <Delay = 0.72> <FuncUnit> <Opcode : 'sparsemux'> <InPorts = 2> <OutPorts = 1>
ST_5 : Operation 230 [1/2] ( I:0.00ns O:0.00ns )   --->   "%W3_0_load_5 = load i10 %W3_0_addr_5" [bnn.cpp:120]   --->   Operation 230 'load' 'W3_0_load_5' <Predicate = (!icmp_ln110 & !tmp_60)> <Delay = 0.00> <CoreInst = "RAM">   --->   Core 82 'RAM' <Latency = 1> <II = 1> <Delay = 1.23> <Storage> <Opcode : 'load' 'store'> <Ports = 2> <Width = 32> <Depth = 576> <RAM>
ST_5 : Operation 231 [1/2] ( I:0.00ns O:0.00ns )   --->   "%W3_1_load_5 = load i10 %W3_1_addr_5" [bnn.cpp:120]   --->   Operation 231 'load' 'W3_1_load_5' <Predicate = (!icmp_ln110 & !tmp_60)> <Delay = 0.00> <CoreInst = "RAM">   --->   Core 82 'RAM' <Latency = 1> <II = 1> <Delay = 1.23> <Storage> <Opcode : 'load' 'store'> <Ports = 2> <Width = 32> <Depth = 576> <RAM>
ST_5 : Operation 232 [1/1] (0.44ns)   --->   "%select_ln120_5 = select i1 %tmp_70, i32 %W3_1_load_5, i32 %W3_0_load_5" [bnn.cpp:120]   --->   Operation 232 'select' 'select_ln120_5' <Predicate = (!icmp_ln110 & !tmp_60)> <Delay = 0.44> <CoreInst = "Sel">   --->   Core 73 'Sel' <Latency = 0> <II = 1> <Delay = 0.44> <FuncUnit> <Opcode : 'select'> <InPorts = 3> <OutPorts = 1>
ST_5 : Operation 233 [1/1] (0.78ns)   --->   "%add_ln120_10 = add i5 %trunc_ln120, i5 5" [bnn.cpp:120]   --->   Operation 233 'add' 'add_ln120_10' <Predicate = (!icmp_ln110 & !tmp_60)> <Delay = 0.78> <CoreInst = "Adder">   --->   Core 1 'Adder' <Latency = 0> <II = 1> <Delay = 0.78> <FuncUnit> <Opcode : 'add' 'sub'> <InPorts = 2> <OutPorts = 1>
ST_5 : Operation 234 [1/1] (0.00ns)   --->   "%zext_ln120_15 = zext i5 %add_ln120_10" [bnn.cpp:120]   --->   Operation 234 'zext' 'zext_ln120_15' <Predicate = (!icmp_ln110 & !tmp_60)> <Delay = 0.00>
ST_5 : Operation 235 [1/1] (1.38ns)   --->   "%lshr_ln120_9 = lshr i32 %select_ln120_5, i32 %zext_ln120_15" [bnn.cpp:120]   --->   Operation 235 'lshr' 'lshr_ln120_9' <Predicate = (!icmp_ln110 & !tmp_60)> <Delay = 1.38> <CoreInst = "Shifter">   --->   Core 75 'Shifter' <Latency = 0> <II = 1> <Delay = 1.38> <FuncUnit> <Opcode : 'shl' 'lshr' 'ashr'> <InPorts = 2> <OutPorts = 1>
ST_5 : Operation 236 [1/1] (0.78ns)   --->   "%add_ln119_8 = add i7 %zext_ln117, i7 %sext_ln118" [bnn.cpp:119]   --->   Operation 236 'add' 'add_ln119_8' <Predicate = (!icmp_ln110)> <Delay = 0.78> <CoreInst = "Adder">   --->   Core 1 'Adder' <Latency = 0> <II = 1> <Delay = 0.78> <FuncUnit> <Opcode : 'add' 'sub'> <InPorts = 2> <OutPorts = 1>
ST_5 : Operation 237 [1/1] (0.00ns)   --->   "%sext_ln119 = sext i7 %add_ln119_8" [bnn.cpp:119]   --->   Operation 237 'sext' 'sext_ln119' <Predicate = (!icmp_ln110)> <Delay = 0.00>
ST_5 : Operation 238 [1/1] (0.00ns)   --->   "%or_ln = bitconcatenate i12 @_ssdm_op_BitConcatenate.i12.i6.i6, i6 %trunc_ln119, i6 8" [bnn.cpp:119]   --->   Operation 238 'bitconcatenate' 'or_ln' <Predicate = (!icmp_ln110)> <Delay = 0.00>
ST_5 : Operation 239 [1/1] (0.80ns)   --->   "%add_ln119_9 = add i12 %or_ln, i12 %sext_ln119" [bnn.cpp:119]   --->   Operation 239 'add' 'add_ln119_9' <Predicate = (!icmp_ln110)> <Delay = 0.80> <CoreInst = "Adder">   --->   Core 1 'Adder' <Latency = 0> <II = 1> <Delay = 0.80> <FuncUnit> <Opcode : 'add' 'sub'> <InPorts = 2> <OutPorts = 1>
ST_5 : Operation 240 [1/1] (0.00ns)   --->   "%lshr_ln119_5 = partselect i9 @_ssdm_op_PartSelect.i9.i12.i32.i32, i12 %add_ln119_9, i32 3, i32 11" [bnn.cpp:119]   --->   Operation 240 'partselect' 'lshr_ln119_5' <Predicate = (!icmp_ln110)> <Delay = 0.00>
ST_5 : Operation 241 [1/1] (0.00ns)   --->   "%zext_ln119_6 = zext i9 %lshr_ln119_5" [bnn.cpp:119]   --->   Operation 241 'zext' 'zext_ln119_6' <Predicate = (!icmp_ln110)> <Delay = 0.00>
ST_5 : Operation 242 [1/1] (0.00ns)   --->   "%bnn_top_int_const_unsigned_int_const_int_const_unsigned_int_const_int_co_407 = getelementptr i1 %bnn_top_int_const_unsigned_int_const_int_const_unsigned_int_const_int_co_12, i64 0, i64 %zext_ln119_6" [bnn.cpp:119]   --->   Operation 242 'getelementptr' 'bnn_top_int_const_unsigned_int_const_int_const_unsigned_int_const_int_co_407' <Predicate = (!icmp_ln110 & trunc_ln111 == 1)> <Delay = 0.00>
ST_5 : Operation 243 [1/1] (0.00ns)   --->   "%bnn_top_int_const_unsigned_int_const_int_const_unsigned_int_const_int_co_408 = getelementptr i1 %bnn_top_int_const_unsigned_int_const_int_const_unsigned_int_const_int_co_6, i64 0, i64 %zext_ln119_6" [bnn.cpp:119]   --->   Operation 243 'getelementptr' 'bnn_top_int_const_unsigned_int_const_int_const_unsigned_int_const_int_co_408' <Predicate = (!icmp_ln110 & trunc_ln111 == 2)> <Delay = 0.00>
ST_5 : Operation 244 [1/1] (0.00ns)   --->   "%bnn_top_int_const_unsigned_int_const_int_const_unsigned_int_const_int_co_409 = getelementptr i1 %bnn_top_int_const_unsigned_int_const_int_const_unsigned_int_const_int_co_5, i64 0, i64 %zext_ln119_6" [bnn.cpp:119]   --->   Operation 244 'getelementptr' 'bnn_top_int_const_unsigned_int_const_int_const_unsigned_int_const_int_co_409' <Predicate = (!icmp_ln110 & trunc_ln111 == 3)> <Delay = 0.00>
ST_5 : Operation 245 [1/1] (0.00ns)   --->   "%bnn_top_int_const_unsigned_int_const_int_const_unsigned_int_const_int_co_410 = getelementptr i1 %bnn_top_int_const_unsigned_int_const_int_const_unsigned_int_const_int_co_11, i64 0, i64 %zext_ln119_6" [bnn.cpp:119]   --->   Operation 245 'getelementptr' 'bnn_top_int_const_unsigned_int_const_int_const_unsigned_int_const_int_co_410' <Predicate = (!icmp_ln110 & trunc_ln111 == 4)> <Delay = 0.00>
ST_5 : Operation 246 [1/1] (0.00ns)   --->   "%bnn_top_int_const_unsigned_int_const_int_const_unsigned_int_const_int_co_411 = getelementptr i1 %bnn_top_int_const_unsigned_int_const_int_const_unsigned_int_const_int_co_10, i64 0, i64 %zext_ln119_6" [bnn.cpp:119]   --->   Operation 246 'getelementptr' 'bnn_top_int_const_unsigned_int_const_int_const_unsigned_int_const_int_co_411' <Predicate = (!icmp_ln110 & trunc_ln111 == 5)> <Delay = 0.00>
ST_5 : Operation 247 [1/1] (0.00ns)   --->   "%bnn_top_int_const_unsigned_int_const_int_const_unsigned_int_const_int_co_412 = getelementptr i1 %bnn_top_int_const_unsigned_int_const_int_const_unsigned_int_const_int_co_9, i64 0, i64 %zext_ln119_6" [bnn.cpp:119]   --->   Operation 247 'getelementptr' 'bnn_top_int_const_unsigned_int_const_int_const_unsigned_int_const_int_co_412' <Predicate = (!icmp_ln110 & trunc_ln111 == 6)> <Delay = 0.00>
ST_5 : Operation 248 [1/1] (0.00ns)   --->   "%bnn_top_int_const_unsigned_int_const_int_const_unsigned_int_const_int_co_413 = getelementptr i1 %bnn_top_int_const_unsigned_int_const_int_const_unsigned_int_const_int_co_8, i64 0, i64 %zext_ln119_6" [bnn.cpp:119]   --->   Operation 248 'getelementptr' 'bnn_top_int_const_unsigned_int_const_int_const_unsigned_int_const_int_co_413' <Predicate = (!icmp_ln110 & trunc_ln111 == 7)> <Delay = 0.00>
ST_5 : Operation 249 [1/1] (0.00ns)   --->   "%bnn_top_int_const_unsigned_int_const_int_const_unsigned_int_const_int_co_414 = getelementptr i1 %bnn_top_int_const_unsigned_int_const_int_const_unsigned_int_const_int_co_7, i64 0, i64 %zext_ln119_6" [bnn.cpp:119]   --->   Operation 249 'getelementptr' 'bnn_top_int_const_unsigned_int_const_int_const_unsigned_int_const_int_co_414' <Predicate = (!icmp_ln110 & trunc_ln111 == 0)> <Delay = 0.00>
ST_5 : Operation 250 [2/2] (0.67ns)   --->   "%bnn_top_int_const_unsigned_int_const_int_const_unsigned_int_const_int_co_415 = load i9 %bnn_top_int_const_unsigned_int_const_int_const_unsigned_int_const_int_co_407" [bnn.cpp:119]   --->   Operation 250 'load' 'bnn_top_int_const_unsigned_int_const_int_const_unsigned_int_const_int_co_415' <Predicate = (!icmp_ln110 & trunc_ln111 == 1)> <Delay = 0.67> <CoreInst = "RAM">   --->   Core 82 'RAM' <Latency = 1> <II = 1> <Delay = 0.67> <Storage> <Opcode : 'load' 'store'> <Ports = 2> <Width = 1> <Depth = 512> <RAM>
ST_5 : Operation 251 [2/2] (0.67ns)   --->   "%bnn_top_int_const_unsigned_int_const_int_const_unsigned_int_const_int_co_416 = load i9 %bnn_top_int_const_unsigned_int_const_int_const_unsigned_int_const_int_co_408" [bnn.cpp:119]   --->   Operation 251 'load' 'bnn_top_int_const_unsigned_int_const_int_const_unsigned_int_const_int_co_416' <Predicate = (!icmp_ln110 & trunc_ln111 == 2)> <Delay = 0.67> <CoreInst = "RAM">   --->   Core 82 'RAM' <Latency = 1> <II = 1> <Delay = 0.67> <Storage> <Opcode : 'load' 'store'> <Ports = 2> <Width = 1> <Depth = 512> <RAM>
ST_5 : Operation 252 [2/2] (0.67ns)   --->   "%bnn_top_int_const_unsigned_int_const_int_const_unsigned_int_const_int_co_417 = load i9 %bnn_top_int_const_unsigned_int_const_int_const_unsigned_int_const_int_co_409" [bnn.cpp:119]   --->   Operation 252 'load' 'bnn_top_int_const_unsigned_int_const_int_const_unsigned_int_const_int_co_417' <Predicate = (!icmp_ln110 & trunc_ln111 == 3)> <Delay = 0.67> <CoreInst = "RAM">   --->   Core 82 'RAM' <Latency = 1> <II = 1> <Delay = 0.67> <Storage> <Opcode : 'load' 'store'> <Ports = 2> <Width = 1> <Depth = 512> <RAM>
ST_5 : Operation 253 [2/2] (0.67ns)   --->   "%bnn_top_int_const_unsigned_int_const_int_const_unsigned_int_const_int_co_418 = load i9 %bnn_top_int_const_unsigned_int_const_int_const_unsigned_int_const_int_co_410" [bnn.cpp:119]   --->   Operation 253 'load' 'bnn_top_int_const_unsigned_int_const_int_const_unsigned_int_const_int_co_418' <Predicate = (!icmp_ln110 & trunc_ln111 == 4)> <Delay = 0.67> <CoreInst = "RAM">   --->   Core 82 'RAM' <Latency = 1> <II = 1> <Delay = 0.67> <Storage> <Opcode : 'load' 'store'> <Ports = 2> <Width = 1> <Depth = 512> <RAM>
ST_5 : Operation 254 [2/2] (0.67ns)   --->   "%bnn_top_int_const_unsigned_int_const_int_const_unsigned_int_const_int_co_419 = load i9 %bnn_top_int_const_unsigned_int_const_int_const_unsigned_int_const_int_co_411" [bnn.cpp:119]   --->   Operation 254 'load' 'bnn_top_int_const_unsigned_int_const_int_const_unsigned_int_const_int_co_419' <Predicate = (!icmp_ln110 & trunc_ln111 == 5)> <Delay = 0.67> <CoreInst = "RAM">   --->   Core 82 'RAM' <Latency = 1> <II = 1> <Delay = 0.67> <Storage> <Opcode : 'load' 'store'> <Ports = 2> <Width = 1> <Depth = 512> <RAM>
ST_5 : Operation 255 [2/2] (0.67ns)   --->   "%bnn_top_int_const_unsigned_int_const_int_const_unsigned_int_const_int_co_420 = load i9 %bnn_top_int_const_unsigned_int_const_int_const_unsigned_int_const_int_co_412" [bnn.cpp:119]   --->   Operation 255 'load' 'bnn_top_int_const_unsigned_int_const_int_const_unsigned_int_const_int_co_420' <Predicate = (!icmp_ln110 & trunc_ln111 == 6)> <Delay = 0.67> <CoreInst = "RAM">   --->   Core 82 'RAM' <Latency = 1> <II = 1> <Delay = 0.67> <Storage> <Opcode : 'load' 'store'> <Ports = 2> <Width = 1> <Depth = 512> <RAM>
ST_5 : Operation 256 [2/2] (0.67ns)   --->   "%bnn_top_int_const_unsigned_int_const_int_const_unsigned_int_const_int_co_421 = load i9 %bnn_top_int_const_unsigned_int_const_int_const_unsigned_int_const_int_co_413" [bnn.cpp:119]   --->   Operation 256 'load' 'bnn_top_int_const_unsigned_int_const_int_const_unsigned_int_const_int_co_421' <Predicate = (!icmp_ln110 & trunc_ln111 == 7)> <Delay = 0.67> <CoreInst = "RAM">   --->   Core 82 'RAM' <Latency = 1> <II = 1> <Delay = 0.67> <Storage> <Opcode : 'load' 'store'> <Ports = 2> <Width = 1> <Depth = 512> <RAM>
ST_5 : Operation 257 [2/2] (0.67ns)   --->   "%bnn_top_int_const_unsigned_int_const_int_const_unsigned_int_const_int_co_422 = load i9 %bnn_top_int_const_unsigned_int_const_int_const_unsigned_int_const_int_co_414" [bnn.cpp:119]   --->   Operation 257 'load' 'bnn_top_int_const_unsigned_int_const_int_const_unsigned_int_const_int_co_422' <Predicate = (!icmp_ln110 & trunc_ln111 == 0)> <Delay = 0.67> <CoreInst = "RAM">   --->   Core 82 'RAM' <Latency = 1> <II = 1> <Delay = 0.67> <Storage> <Opcode : 'load' 'store'> <Ports = 2> <Width = 1> <Depth = 512> <RAM>
ST_5 : Operation 258 [1/1] (0.85ns)   --->   "%add_ln120_11 = add i16 %add_ln120, i16 6" [bnn.cpp:120]   --->   Operation 258 'add' 'add_ln120_11' <Predicate = (!icmp_ln110)> <Delay = 0.85> <CoreInst = "Adder">   --->   Core 1 'Adder' <Latency = 0> <II = 1> <Delay = 0.85> <FuncUnit> <Opcode : 'add' 'sub'> <InPorts = 2> <OutPorts = 1>
ST_5 : Operation 259 [1/1] (0.00ns)   --->   "%lshr_ln120_10 = partselect i10 @_ssdm_op_PartSelect.i10.i16.i32.i32, i16 %add_ln120_11, i32 6, i32 15" [bnn.cpp:120]   --->   Operation 259 'partselect' 'lshr_ln120_10' <Predicate = (!icmp_ln110)> <Delay = 0.00>
ST_5 : Operation 260 [1/1] (0.00ns)   --->   "%zext_ln120_6 = zext i10 %lshr_ln120_10" [bnn.cpp:120]   --->   Operation 260 'zext' 'zext_ln120_6' <Predicate = (!icmp_ln110)> <Delay = 0.00>
ST_5 : Operation 261 [1/1] (0.00ns)   --->   "%W3_0_addr_6 = getelementptr i32 %W3_0, i64 0, i64 %zext_ln120_6" [bnn.cpp:120]   --->   Operation 261 'getelementptr' 'W3_0_addr_6' <Predicate = (!icmp_ln110)> <Delay = 0.00>
ST_5 : Operation 262 [2/2] (0.00ns)   --->   "%W3_0_load_6 = load i10 %W3_0_addr_6" [bnn.cpp:120]   --->   Operation 262 'load' 'W3_0_load_6' <Predicate = (!icmp_ln110)> <Delay = 0.00> <CoreInst = "RAM">   --->   Core 82 'RAM' <Latency = 1> <II = 1> <Delay = 1.23> <Storage> <Opcode : 'load' 'store'> <Ports = 2> <Width = 32> <Depth = 576> <RAM>
ST_5 : Operation 263 [1/1] (0.00ns)   --->   "%W3_1_addr_6 = getelementptr i32 %W3_1, i64 0, i64 %zext_ln120_6" [bnn.cpp:120]   --->   Operation 263 'getelementptr' 'W3_1_addr_6' <Predicate = (!icmp_ln110)> <Delay = 0.00>
ST_5 : Operation 264 [2/2] (0.00ns)   --->   "%W3_1_load_6 = load i10 %W3_1_addr_6" [bnn.cpp:120]   --->   Operation 264 'load' 'W3_1_load_6' <Predicate = (!icmp_ln110)> <Delay = 0.00> <CoreInst = "RAM">   --->   Core 82 'RAM' <Latency = 1> <II = 1> <Delay = 1.23> <Storage> <Opcode : 'load' 'store'> <Ports = 2> <Width = 32> <Depth = 576> <RAM>
ST_5 : Operation 265 [1/1] (0.00ns)   --->   "%tmp_71 = bitselect i1 @_ssdm_op_BitSelect.i1.i16.i32, i16 %add_ln120_11, i32 5" [bnn.cpp:120]   --->   Operation 265 'bitselect' 'tmp_71' <Predicate = (!icmp_ln110)> <Delay = 0.00>
ST_5 : Operation 266 [1/1] (0.77ns)   --->   "%add_ln119_10 = add i9 %shl_ln8, i9 %zext_ln118_2" [bnn.cpp:119]   --->   Operation 266 'add' 'add_ln119_10' <Predicate = (!icmp_ln110)> <Delay = 0.77> <CoreInst = "Adder">   --->   Core 1 'Adder' <Latency = 0> <II = 1> <Delay = 0.77> <FuncUnit> <Opcode : 'add' 'sub'> <InPorts = 2> <OutPorts = 1>
ST_5 : Operation 267 [1/1] (0.00ns)   --->   "%zext_ln119_7 = zext i9 %add_ln119_10" [bnn.cpp:119]   --->   Operation 267 'zext' 'zext_ln119_7' <Predicate = (!icmp_ln110 & !tmp_55)> <Delay = 0.00>
ST_5 : Operation 268 [1/1] (0.00ns)   --->   "%bnn_top_int_const_unsigned_int_const_int_const_unsigned_int_const_int_co_423 = getelementptr i1 %bnn_top_int_const_unsigned_int_const_int_const_unsigned_int_const_int_co_12, i64 0, i64 %zext_ln119_7" [bnn.cpp:119]   --->   Operation 268 'getelementptr' 'bnn_top_int_const_unsigned_int_const_int_const_unsigned_int_const_int_co_423' <Predicate = (!icmp_ln110 & !tmp_55 & trunc_ln111 == 0)> <Delay = 0.00>
ST_5 : Operation 269 [1/1] (0.00ns)   --->   "%bnn_top_int_const_unsigned_int_const_int_const_unsigned_int_const_int_co_424 = getelementptr i1 %bnn_top_int_const_unsigned_int_const_int_const_unsigned_int_const_int_co_6, i64 0, i64 %zext_ln119_7" [bnn.cpp:119]   --->   Operation 269 'getelementptr' 'bnn_top_int_const_unsigned_int_const_int_const_unsigned_int_const_int_co_424' <Predicate = (!icmp_ln110 & !tmp_55 & trunc_ln111 == 1)> <Delay = 0.00>
ST_5 : Operation 270 [1/1] (0.00ns)   --->   "%bnn_top_int_const_unsigned_int_const_int_const_unsigned_int_const_int_co_425 = getelementptr i1 %bnn_top_int_const_unsigned_int_const_int_const_unsigned_int_const_int_co_5, i64 0, i64 %zext_ln119_7" [bnn.cpp:119]   --->   Operation 270 'getelementptr' 'bnn_top_int_const_unsigned_int_const_int_const_unsigned_int_const_int_co_425' <Predicate = (!icmp_ln110 & !tmp_55 & trunc_ln111 == 2)> <Delay = 0.00>
ST_5 : Operation 271 [1/1] (0.00ns)   --->   "%bnn_top_int_const_unsigned_int_const_int_const_unsigned_int_const_int_co_426 = getelementptr i1 %bnn_top_int_const_unsigned_int_const_int_const_unsigned_int_const_int_co_11, i64 0, i64 %zext_ln119_7" [bnn.cpp:119]   --->   Operation 271 'getelementptr' 'bnn_top_int_const_unsigned_int_const_int_const_unsigned_int_const_int_co_426' <Predicate = (!icmp_ln110 & !tmp_55 & trunc_ln111 == 3)> <Delay = 0.00>
ST_5 : Operation 272 [1/1] (0.00ns)   --->   "%bnn_top_int_const_unsigned_int_const_int_const_unsigned_int_const_int_co_427 = getelementptr i1 %bnn_top_int_const_unsigned_int_const_int_const_unsigned_int_const_int_co_10, i64 0, i64 %zext_ln119_7" [bnn.cpp:119]   --->   Operation 272 'getelementptr' 'bnn_top_int_const_unsigned_int_const_int_const_unsigned_int_const_int_co_427' <Predicate = (!icmp_ln110 & !tmp_55 & trunc_ln111 == 4)> <Delay = 0.00>
ST_5 : Operation 273 [1/1] (0.00ns)   --->   "%bnn_top_int_const_unsigned_int_const_int_const_unsigned_int_const_int_co_428 = getelementptr i1 %bnn_top_int_const_unsigned_int_const_int_const_unsigned_int_const_int_co_9, i64 0, i64 %zext_ln119_7" [bnn.cpp:119]   --->   Operation 273 'getelementptr' 'bnn_top_int_const_unsigned_int_const_int_const_unsigned_int_const_int_co_428' <Predicate = (!icmp_ln110 & !tmp_55 & trunc_ln111 == 5)> <Delay = 0.00>
ST_5 : Operation 274 [1/1] (0.00ns)   --->   "%bnn_top_int_const_unsigned_int_const_int_const_unsigned_int_const_int_co_429 = getelementptr i1 %bnn_top_int_const_unsigned_int_const_int_const_unsigned_int_const_int_co_8, i64 0, i64 %zext_ln119_7" [bnn.cpp:119]   --->   Operation 274 'getelementptr' 'bnn_top_int_const_unsigned_int_const_int_const_unsigned_int_const_int_co_429' <Predicate = (!icmp_ln110 & !tmp_55 & trunc_ln111 == 6)> <Delay = 0.00>
ST_5 : Operation 275 [1/1] (0.00ns)   --->   "%bnn_top_int_const_unsigned_int_const_int_const_unsigned_int_const_int_co_430 = getelementptr i1 %bnn_top_int_const_unsigned_int_const_int_const_unsigned_int_const_int_co_7, i64 0, i64 %zext_ln119_7" [bnn.cpp:119]   --->   Operation 275 'getelementptr' 'bnn_top_int_const_unsigned_int_const_int_const_unsigned_int_const_int_co_430' <Predicate = (!icmp_ln110 & !tmp_55 & trunc_ln111 == 7)> <Delay = 0.00>
ST_5 : Operation 276 [2/2] (0.67ns)   --->   "%bnn_top_int_const_unsigned_int_const_int_const_unsigned_int_const_int_co_431 = load i9 %bnn_top_int_const_unsigned_int_const_int_const_unsigned_int_const_int_co_423" [bnn.cpp:119]   --->   Operation 276 'load' 'bnn_top_int_const_unsigned_int_const_int_const_unsigned_int_const_int_co_431' <Predicate = (!icmp_ln110 & !tmp_55 & trunc_ln111 == 0)> <Delay = 0.67> <CoreInst = "RAM">   --->   Core 82 'RAM' <Latency = 1> <II = 1> <Delay = 0.67> <Storage> <Opcode : 'load' 'store'> <Ports = 2> <Width = 1> <Depth = 512> <RAM>
ST_5 : Operation 277 [2/2] (0.67ns)   --->   "%bnn_top_int_const_unsigned_int_const_int_const_unsigned_int_const_int_co_432 = load i9 %bnn_top_int_const_unsigned_int_const_int_const_unsigned_int_const_int_co_424" [bnn.cpp:119]   --->   Operation 277 'load' 'bnn_top_int_const_unsigned_int_const_int_const_unsigned_int_const_int_co_432' <Predicate = (!icmp_ln110 & !tmp_55 & trunc_ln111 == 1)> <Delay = 0.67> <CoreInst = "RAM">   --->   Core 82 'RAM' <Latency = 1> <II = 1> <Delay = 0.67> <Storage> <Opcode : 'load' 'store'> <Ports = 2> <Width = 1> <Depth = 512> <RAM>
ST_5 : Operation 278 [2/2] (0.67ns)   --->   "%bnn_top_int_const_unsigned_int_const_int_const_unsigned_int_const_int_co_433 = load i9 %bnn_top_int_const_unsigned_int_const_int_const_unsigned_int_const_int_co_425" [bnn.cpp:119]   --->   Operation 278 'load' 'bnn_top_int_const_unsigned_int_const_int_const_unsigned_int_const_int_co_433' <Predicate = (!icmp_ln110 & !tmp_55 & trunc_ln111 == 2)> <Delay = 0.67> <CoreInst = "RAM">   --->   Core 82 'RAM' <Latency = 1> <II = 1> <Delay = 0.67> <Storage> <Opcode : 'load' 'store'> <Ports = 2> <Width = 1> <Depth = 512> <RAM>
ST_5 : Operation 279 [2/2] (0.67ns)   --->   "%bnn_top_int_const_unsigned_int_const_int_const_unsigned_int_const_int_co_434 = load i9 %bnn_top_int_const_unsigned_int_const_int_const_unsigned_int_const_int_co_426" [bnn.cpp:119]   --->   Operation 279 'load' 'bnn_top_int_const_unsigned_int_const_int_const_unsigned_int_const_int_co_434' <Predicate = (!icmp_ln110 & !tmp_55 & trunc_ln111 == 3)> <Delay = 0.67> <CoreInst = "RAM">   --->   Core 82 'RAM' <Latency = 1> <II = 1> <Delay = 0.67> <Storage> <Opcode : 'load' 'store'> <Ports = 2> <Width = 1> <Depth = 512> <RAM>
ST_5 : Operation 280 [2/2] (0.67ns)   --->   "%bnn_top_int_const_unsigned_int_const_int_const_unsigned_int_const_int_co_435 = load i9 %bnn_top_int_const_unsigned_int_const_int_const_unsigned_int_const_int_co_427" [bnn.cpp:119]   --->   Operation 280 'load' 'bnn_top_int_const_unsigned_int_const_int_const_unsigned_int_const_int_co_435' <Predicate = (!icmp_ln110 & !tmp_55 & trunc_ln111 == 4)> <Delay = 0.67> <CoreInst = "RAM">   --->   Core 82 'RAM' <Latency = 1> <II = 1> <Delay = 0.67> <Storage> <Opcode : 'load' 'store'> <Ports = 2> <Width = 1> <Depth = 512> <RAM>
ST_5 : Operation 281 [2/2] (0.67ns)   --->   "%bnn_top_int_const_unsigned_int_const_int_const_unsigned_int_const_int_co_436 = load i9 %bnn_top_int_const_unsigned_int_const_int_const_unsigned_int_const_int_co_428" [bnn.cpp:119]   --->   Operation 281 'load' 'bnn_top_int_const_unsigned_int_const_int_const_unsigned_int_const_int_co_436' <Predicate = (!icmp_ln110 & !tmp_55 & trunc_ln111 == 5)> <Delay = 0.67> <CoreInst = "RAM">   --->   Core 82 'RAM' <Latency = 1> <II = 1> <Delay = 0.67> <Storage> <Opcode : 'load' 'store'> <Ports = 2> <Width = 1> <Depth = 512> <RAM>
ST_5 : Operation 282 [2/2] (0.67ns)   --->   "%bnn_top_int_const_unsigned_int_const_int_const_unsigned_int_const_int_co_437 = load i9 %bnn_top_int_const_unsigned_int_const_int_const_unsigned_int_const_int_co_429" [bnn.cpp:119]   --->   Operation 282 'load' 'bnn_top_int_const_unsigned_int_const_int_const_unsigned_int_const_int_co_437' <Predicate = (!icmp_ln110 & !tmp_55 & trunc_ln111 == 6)> <Delay = 0.67> <CoreInst = "RAM">   --->   Core 82 'RAM' <Latency = 1> <II = 1> <Delay = 0.67> <Storage> <Opcode : 'load' 'store'> <Ports = 2> <Width = 1> <Depth = 512> <RAM>
ST_5 : Operation 283 [2/2] (0.67ns)   --->   "%bnn_top_int_const_unsigned_int_const_int_const_unsigned_int_const_int_co_438 = load i9 %bnn_top_int_const_unsigned_int_const_int_const_unsigned_int_const_int_co_430" [bnn.cpp:119]   --->   Operation 283 'load' 'bnn_top_int_const_unsigned_int_const_int_const_unsigned_int_const_int_co_438' <Predicate = (!icmp_ln110 & !tmp_55 & trunc_ln111 == 7)> <Delay = 0.67> <CoreInst = "RAM">   --->   Core 82 'RAM' <Latency = 1> <II = 1> <Delay = 0.67> <Storage> <Opcode : 'load' 'store'> <Ports = 2> <Width = 1> <Depth = 512> <RAM>
ST_5 : Operation 284 [1/1] (0.85ns)   --->   "%add_ln120_13 = add i16 %add_ln120, i16 7" [bnn.cpp:120]   --->   Operation 284 'add' 'add_ln120_13' <Predicate = (!icmp_ln110 & !tmp_55)> <Delay = 0.85> <CoreInst = "Adder">   --->   Core 1 'Adder' <Latency = 0> <II = 1> <Delay = 0.85> <FuncUnit> <Opcode : 'add' 'sub'> <InPorts = 2> <OutPorts = 1>
ST_5 : Operation 285 [1/1] (0.00ns)   --->   "%lshr_ln120_12 = partselect i10 @_ssdm_op_PartSelect.i10.i16.i32.i32, i16 %add_ln120_13, i32 6, i32 15" [bnn.cpp:120]   --->   Operation 285 'partselect' 'lshr_ln120_12' <Predicate = (!icmp_ln110 & !tmp_55)> <Delay = 0.00>
ST_5 : Operation 286 [1/1] (0.00ns)   --->   "%zext_ln120_7 = zext i10 %lshr_ln120_12" [bnn.cpp:120]   --->   Operation 286 'zext' 'zext_ln120_7' <Predicate = (!icmp_ln110 & !tmp_55)> <Delay = 0.00>
ST_5 : Operation 287 [1/1] (0.00ns)   --->   "%W3_0_addr_7 = getelementptr i32 %W3_0, i64 0, i64 %zext_ln120_7" [bnn.cpp:120]   --->   Operation 287 'getelementptr' 'W3_0_addr_7' <Predicate = (!icmp_ln110 & !tmp_55)> <Delay = 0.00>
ST_5 : Operation 288 [2/2] (0.00ns)   --->   "%W3_0_load_7 = load i10 %W3_0_addr_7" [bnn.cpp:120]   --->   Operation 288 'load' 'W3_0_load_7' <Predicate = (!icmp_ln110 & !tmp_55)> <Delay = 0.00> <CoreInst = "RAM">   --->   Core 82 'RAM' <Latency = 1> <II = 1> <Delay = 1.23> <Storage> <Opcode : 'load' 'store'> <Ports = 2> <Width = 32> <Depth = 576> <RAM>
ST_5 : Operation 289 [1/1] (0.00ns)   --->   "%W3_1_addr_7 = getelementptr i32 %W3_1, i64 0, i64 %zext_ln120_7" [bnn.cpp:120]   --->   Operation 289 'getelementptr' 'W3_1_addr_7' <Predicate = (!icmp_ln110 & !tmp_55)> <Delay = 0.00>
ST_5 : Operation 290 [2/2] (0.00ns)   --->   "%W3_1_load_7 = load i10 %W3_1_addr_7" [bnn.cpp:120]   --->   Operation 290 'load' 'W3_1_load_7' <Predicate = (!icmp_ln110 & !tmp_55)> <Delay = 0.00> <CoreInst = "RAM">   --->   Core 82 'RAM' <Latency = 1> <II = 1> <Delay = 1.23> <Storage> <Opcode : 'load' 'store'> <Ports = 2> <Width = 32> <Depth = 576> <RAM>
ST_5 : Operation 291 [1/1] (0.00ns)   --->   "%tmp_72 = bitselect i1 @_ssdm_op_BitSelect.i1.i16.i32, i16 %add_ln120_13, i32 5" [bnn.cpp:120]   --->   Operation 291 'bitselect' 'tmp_72' <Predicate = (!icmp_ln110 & !tmp_55)> <Delay = 0.00>
ST_5 : Operation 292 [1/1] (0.77ns)   --->   "%add_ln119_11 = add i9 %add_ln119_10, i9 %zext_ln113" [bnn.cpp:119]   --->   Operation 292 'add' 'add_ln119_11' <Predicate = (!icmp_ln110)> <Delay = 0.77> <CoreInst = "Adder">   --->   Core 1 'Adder' <Latency = 0> <II = 1> <Delay = 0.77> <FuncUnit> <Opcode : 'add' 'sub'> <InPorts = 2> <OutPorts = 1>
ST_5 : Operation 293 [1/1] (0.85ns)   --->   "%add_ln120_15 = add i16 %add_ln120, i16 8" [bnn.cpp:120]   --->   Operation 293 'add' 'add_ln120_15' <Predicate = (!icmp_ln110)> <Delay = 0.85> <CoreInst = "Adder">   --->   Core 1 'Adder' <Latency = 0> <II = 1> <Delay = 0.85> <FuncUnit> <Opcode : 'add' 'sub'> <InPorts = 2> <OutPorts = 1>
ST_5 : Operation 294 [1/1] (0.00ns)   --->   "%lshr_ln120_14 = partselect i10 @_ssdm_op_PartSelect.i10.i16.i32.i32, i16 %add_ln120_15, i32 6, i32 15" [bnn.cpp:120]   --->   Operation 294 'partselect' 'lshr_ln120_14' <Predicate = (!icmp_ln110)> <Delay = 0.00>
ST_5 : Operation 295 [1/1] (0.00ns)   --->   "%tmp_73 = bitselect i1 @_ssdm_op_BitSelect.i1.i16.i32, i16 %add_ln120_15, i32 5" [bnn.cpp:120]   --->   Operation 295 'bitselect' 'tmp_73' <Predicate = (!icmp_ln110)> <Delay = 0.00>
ST_5 : Operation 296 [6/9] (1.06ns)   --->   "%urem_ln125 = urem i5 %add_ln125, i5 5" [bnn.cpp:125]   --->   Operation 296 'urem' 'urem_ln125' <Predicate = (!icmp_ln110)> <Delay = 1.06> <CoreInst = "Divider">   --->   Core 6 'Divider' <Latency = 8> <II = 1> <Delay = 1.06> <FuncUnit> <Opcode : 'udiv' 'sdiv' 'urem' 'srem'> <InPorts = 2> <OutPorts = 1>
ST_5 : Operation 574 [1/1] (0.42ns)   --->   "%ret_ln0 = ret"   --->   Operation 574 'ret' 'ret_ln0' <Predicate = (icmp_ln110)> <Delay = 0.42>

State 6 <SV = 5> <Delay = 2.17>
ST_6 : Operation 297 [1/2] ( I:0.67ns O:0.67ns )   --->   "%bnn_top_int_const_unsigned_int_const_int_const_unsigned_int_const_int_co_415 = load i9 %bnn_top_int_const_unsigned_int_const_int_const_unsigned_int_const_int_co_407" [bnn.cpp:119]   --->   Operation 297 'load' 'bnn_top_int_const_unsigned_int_const_int_const_unsigned_int_const_int_co_415' <Predicate = (!icmp_ln110 & trunc_ln111 == 1)> <Delay = 0.67> <CoreInst = "RAM">   --->   Core 82 'RAM' <Latency = 1> <II = 1> <Delay = 0.67> <Storage> <Opcode : 'load' 'store'> <Ports = 2> <Width = 1> <Depth = 512> <RAM>
ST_6 : Operation 298 [1/2] ( I:0.67ns O:0.67ns )   --->   "%bnn_top_int_const_unsigned_int_const_int_const_unsigned_int_const_int_co_416 = load i9 %bnn_top_int_const_unsigned_int_const_int_const_unsigned_int_const_int_co_408" [bnn.cpp:119]   --->   Operation 298 'load' 'bnn_top_int_const_unsigned_int_const_int_const_unsigned_int_const_int_co_416' <Predicate = (!icmp_ln110 & trunc_ln111 == 2)> <Delay = 0.67> <CoreInst = "RAM">   --->   Core 82 'RAM' <Latency = 1> <II = 1> <Delay = 0.67> <Storage> <Opcode : 'load' 'store'> <Ports = 2> <Width = 1> <Depth = 512> <RAM>
ST_6 : Operation 299 [1/2] ( I:0.67ns O:0.67ns )   --->   "%bnn_top_int_const_unsigned_int_const_int_const_unsigned_int_const_int_co_417 = load i9 %bnn_top_int_const_unsigned_int_const_int_const_unsigned_int_const_int_co_409" [bnn.cpp:119]   --->   Operation 299 'load' 'bnn_top_int_const_unsigned_int_const_int_const_unsigned_int_const_int_co_417' <Predicate = (!icmp_ln110 & trunc_ln111 == 3)> <Delay = 0.67> <CoreInst = "RAM">   --->   Core 82 'RAM' <Latency = 1> <II = 1> <Delay = 0.67> <Storage> <Opcode : 'load' 'store'> <Ports = 2> <Width = 1> <Depth = 512> <RAM>
ST_6 : Operation 300 [1/2] ( I:0.67ns O:0.67ns )   --->   "%bnn_top_int_const_unsigned_int_const_int_const_unsigned_int_const_int_co_418 = load i9 %bnn_top_int_const_unsigned_int_const_int_const_unsigned_int_const_int_co_410" [bnn.cpp:119]   --->   Operation 300 'load' 'bnn_top_int_const_unsigned_int_const_int_const_unsigned_int_const_int_co_418' <Predicate = (!icmp_ln110 & trunc_ln111 == 4)> <Delay = 0.67> <CoreInst = "RAM">   --->   Core 82 'RAM' <Latency = 1> <II = 1> <Delay = 0.67> <Storage> <Opcode : 'load' 'store'> <Ports = 2> <Width = 1> <Depth = 512> <RAM>
ST_6 : Operation 301 [1/2] ( I:0.67ns O:0.67ns )   --->   "%bnn_top_int_const_unsigned_int_const_int_const_unsigned_int_const_int_co_419 = load i9 %bnn_top_int_const_unsigned_int_const_int_const_unsigned_int_const_int_co_411" [bnn.cpp:119]   --->   Operation 301 'load' 'bnn_top_int_const_unsigned_int_const_int_const_unsigned_int_const_int_co_419' <Predicate = (!icmp_ln110 & trunc_ln111 == 5)> <Delay = 0.67> <CoreInst = "RAM">   --->   Core 82 'RAM' <Latency = 1> <II = 1> <Delay = 0.67> <Storage> <Opcode : 'load' 'store'> <Ports = 2> <Width = 1> <Depth = 512> <RAM>
ST_6 : Operation 302 [1/2] ( I:0.67ns O:0.67ns )   --->   "%bnn_top_int_const_unsigned_int_const_int_const_unsigned_int_const_int_co_420 = load i9 %bnn_top_int_const_unsigned_int_const_int_const_unsigned_int_const_int_co_412" [bnn.cpp:119]   --->   Operation 302 'load' 'bnn_top_int_const_unsigned_int_const_int_const_unsigned_int_const_int_co_420' <Predicate = (!icmp_ln110 & trunc_ln111 == 6)> <Delay = 0.67> <CoreInst = "RAM">   --->   Core 82 'RAM' <Latency = 1> <II = 1> <Delay = 0.67> <Storage> <Opcode : 'load' 'store'> <Ports = 2> <Width = 1> <Depth = 512> <RAM>
ST_6 : Operation 303 [1/2] ( I:0.67ns O:0.67ns )   --->   "%bnn_top_int_const_unsigned_int_const_int_const_unsigned_int_const_int_co_421 = load i9 %bnn_top_int_const_unsigned_int_const_int_const_unsigned_int_const_int_co_413" [bnn.cpp:119]   --->   Operation 303 'load' 'bnn_top_int_const_unsigned_int_const_int_const_unsigned_int_const_int_co_421' <Predicate = (!icmp_ln110 & trunc_ln111 == 7)> <Delay = 0.67> <CoreInst = "RAM">   --->   Core 82 'RAM' <Latency = 1> <II = 1> <Delay = 0.67> <Storage> <Opcode : 'load' 'store'> <Ports = 2> <Width = 1> <Depth = 512> <RAM>
ST_6 : Operation 304 [1/2] ( I:0.67ns O:0.67ns )   --->   "%bnn_top_int_const_unsigned_int_const_int_const_unsigned_int_const_int_co_422 = load i9 %bnn_top_int_const_unsigned_int_const_int_const_unsigned_int_const_int_co_414" [bnn.cpp:119]   --->   Operation 304 'load' 'bnn_top_int_const_unsigned_int_const_int_const_unsigned_int_const_int_co_422' <Predicate = (!icmp_ln110 & trunc_ln111 == 0)> <Delay = 0.67> <CoreInst = "RAM">   --->   Core 82 'RAM' <Latency = 1> <II = 1> <Delay = 0.67> <Storage> <Opcode : 'load' 'store'> <Ports = 2> <Width = 1> <Depth = 512> <RAM>
ST_6 : Operation 305 [1/1] (0.72ns)   --->   "%a_11 = sparsemux i1 @_ssdm_op_SparseMux.ap_auto.8i1.i1.i3, i3 1, i1 %bnn_top_int_const_unsigned_int_const_int_const_unsigned_int_const_int_co_415, i3 2, i1 %bnn_top_int_const_unsigned_int_const_int_const_unsigned_int_const_int_co_416, i3 3, i1 %bnn_top_int_const_unsigned_int_const_int_const_unsigned_int_const_int_co_417, i3 4, i1 %bnn_top_int_const_unsigned_int_const_int_const_unsigned_int_const_int_co_418, i3 5, i1 %bnn_top_int_const_unsigned_int_const_int_const_unsigned_int_const_int_co_419, i3 6, i1 %bnn_top_int_const_unsigned_int_const_int_const_unsigned_int_const_int_co_420, i3 7, i1 %bnn_top_int_const_unsigned_int_const_int_const_unsigned_int_const_int_co_421, i3 0, i1 %bnn_top_int_const_unsigned_int_const_int_const_unsigned_int_const_int_co_422, i1 0, i3 %trunc_ln111" [bnn.cpp:119]   --->   Operation 305 'sparsemux' 'a_11' <Predicate = (!icmp_ln110)> <Delay = 0.72> <CoreInst = "BinarySparseMux_DontCare">   --->   Core 149 'BinarySparseMux_DontCare' <Latency = 0> <II = 1> <Delay = 0.72> <FuncUnit> <Opcode : 'sparsemux'> <InPorts = 2> <OutPorts = 1>
ST_6 : Operation 306 [1/2] ( I:0.00ns O:0.00ns )   --->   "%W3_0_load_6 = load i10 %W3_0_addr_6" [bnn.cpp:120]   --->   Operation 306 'load' 'W3_0_load_6' <Predicate = (!icmp_ln110)> <Delay = 0.00> <CoreInst = "RAM">   --->   Core 82 'RAM' <Latency = 1> <II = 1> <Delay = 1.23> <Storage> <Opcode : 'load' 'store'> <Ports = 2> <Width = 32> <Depth = 576> <RAM>
ST_6 : Operation 307 [1/2] ( I:0.00ns O:0.00ns )   --->   "%W3_1_load_6 = load i10 %W3_1_addr_6" [bnn.cpp:120]   --->   Operation 307 'load' 'W3_1_load_6' <Predicate = (!icmp_ln110)> <Delay = 0.00> <CoreInst = "RAM">   --->   Core 82 'RAM' <Latency = 1> <II = 1> <Delay = 1.23> <Storage> <Opcode : 'load' 'store'> <Ports = 2> <Width = 32> <Depth = 576> <RAM>
ST_6 : Operation 308 [1/1] (0.44ns)   --->   "%select_ln120_6 = select i1 %tmp_71, i32 %W3_1_load_6, i32 %W3_0_load_6" [bnn.cpp:120]   --->   Operation 308 'select' 'select_ln120_6' <Predicate = (!icmp_ln110)> <Delay = 0.44> <CoreInst = "Sel">   --->   Core 73 'Sel' <Latency = 0> <II = 1> <Delay = 0.44> <FuncUnit> <Opcode : 'select'> <InPorts = 3> <OutPorts = 1>
ST_6 : Operation 309 [1/1] (0.78ns)   --->   "%add_ln120_12 = add i5 %trunc_ln120, i5 6" [bnn.cpp:120]   --->   Operation 309 'add' 'add_ln120_12' <Predicate = (!icmp_ln110)> <Delay = 0.78> <CoreInst = "Adder">   --->   Core 1 'Adder' <Latency = 0> <II = 1> <Delay = 0.78> <FuncUnit> <Opcode : 'add' 'sub'> <InPorts = 2> <OutPorts = 1>
ST_6 : Operation 310 [1/1] (0.00ns)   --->   "%zext_ln120_16 = zext i5 %add_ln120_12" [bnn.cpp:120]   --->   Operation 310 'zext' 'zext_ln120_16' <Predicate = (!icmp_ln110)> <Delay = 0.00>
ST_6 : Operation 311 [1/1] (1.38ns)   --->   "%lshr_ln120_11 = lshr i32 %select_ln120_6, i32 %zext_ln120_16" [bnn.cpp:120]   --->   Operation 311 'lshr' 'lshr_ln120_11' <Predicate = (!icmp_ln110)> <Delay = 1.38> <CoreInst = "Shifter">   --->   Core 75 'Shifter' <Latency = 0> <II = 1> <Delay = 1.38> <FuncUnit> <Opcode : 'shl' 'lshr' 'ashr'> <InPorts = 2> <OutPorts = 1>
ST_6 : Operation 312 [1/2] ( I:0.67ns O:0.67ns )   --->   "%bnn_top_int_const_unsigned_int_const_int_const_unsigned_int_const_int_co_431 = load i9 %bnn_top_int_const_unsigned_int_const_int_const_unsigned_int_const_int_co_423" [bnn.cpp:119]   --->   Operation 312 'load' 'bnn_top_int_const_unsigned_int_const_int_const_unsigned_int_const_int_co_431' <Predicate = (!icmp_ln110 & !tmp_55 & trunc_ln111 == 0)> <Delay = 0.67> <CoreInst = "RAM">   --->   Core 82 'RAM' <Latency = 1> <II = 1> <Delay = 0.67> <Storage> <Opcode : 'load' 'store'> <Ports = 2> <Width = 1> <Depth = 512> <RAM>
ST_6 : Operation 313 [1/2] ( I:0.67ns O:0.67ns )   --->   "%bnn_top_int_const_unsigned_int_const_int_const_unsigned_int_const_int_co_432 = load i9 %bnn_top_int_const_unsigned_int_const_int_const_unsigned_int_const_int_co_424" [bnn.cpp:119]   --->   Operation 313 'load' 'bnn_top_int_const_unsigned_int_const_int_const_unsigned_int_const_int_co_432' <Predicate = (!icmp_ln110 & !tmp_55 & trunc_ln111 == 1)> <Delay = 0.67> <CoreInst = "RAM">   --->   Core 82 'RAM' <Latency = 1> <II = 1> <Delay = 0.67> <Storage> <Opcode : 'load' 'store'> <Ports = 2> <Width = 1> <Depth = 512> <RAM>
ST_6 : Operation 314 [1/2] ( I:0.67ns O:0.67ns )   --->   "%bnn_top_int_const_unsigned_int_const_int_const_unsigned_int_const_int_co_433 = load i9 %bnn_top_int_const_unsigned_int_const_int_const_unsigned_int_const_int_co_425" [bnn.cpp:119]   --->   Operation 314 'load' 'bnn_top_int_const_unsigned_int_const_int_const_unsigned_int_const_int_co_433' <Predicate = (!icmp_ln110 & !tmp_55 & trunc_ln111 == 2)> <Delay = 0.67> <CoreInst = "RAM">   --->   Core 82 'RAM' <Latency = 1> <II = 1> <Delay = 0.67> <Storage> <Opcode : 'load' 'store'> <Ports = 2> <Width = 1> <Depth = 512> <RAM>
ST_6 : Operation 315 [1/2] ( I:0.67ns O:0.67ns )   --->   "%bnn_top_int_const_unsigned_int_const_int_const_unsigned_int_const_int_co_434 = load i9 %bnn_top_int_const_unsigned_int_const_int_const_unsigned_int_const_int_co_426" [bnn.cpp:119]   --->   Operation 315 'load' 'bnn_top_int_const_unsigned_int_const_int_const_unsigned_int_const_int_co_434' <Predicate = (!icmp_ln110 & !tmp_55 & trunc_ln111 == 3)> <Delay = 0.67> <CoreInst = "RAM">   --->   Core 82 'RAM' <Latency = 1> <II = 1> <Delay = 0.67> <Storage> <Opcode : 'load' 'store'> <Ports = 2> <Width = 1> <Depth = 512> <RAM>
ST_6 : Operation 316 [1/2] ( I:0.67ns O:0.67ns )   --->   "%bnn_top_int_const_unsigned_int_const_int_const_unsigned_int_const_int_co_435 = load i9 %bnn_top_int_const_unsigned_int_const_int_const_unsigned_int_const_int_co_427" [bnn.cpp:119]   --->   Operation 316 'load' 'bnn_top_int_const_unsigned_int_const_int_const_unsigned_int_const_int_co_435' <Predicate = (!icmp_ln110 & !tmp_55 & trunc_ln111 == 4)> <Delay = 0.67> <CoreInst = "RAM">   --->   Core 82 'RAM' <Latency = 1> <II = 1> <Delay = 0.67> <Storage> <Opcode : 'load' 'store'> <Ports = 2> <Width = 1> <Depth = 512> <RAM>
ST_6 : Operation 317 [1/2] ( I:0.67ns O:0.67ns )   --->   "%bnn_top_int_const_unsigned_int_const_int_const_unsigned_int_const_int_co_436 = load i9 %bnn_top_int_const_unsigned_int_const_int_const_unsigned_int_const_int_co_428" [bnn.cpp:119]   --->   Operation 317 'load' 'bnn_top_int_const_unsigned_int_const_int_const_unsigned_int_const_int_co_436' <Predicate = (!icmp_ln110 & !tmp_55 & trunc_ln111 == 5)> <Delay = 0.67> <CoreInst = "RAM">   --->   Core 82 'RAM' <Latency = 1> <II = 1> <Delay = 0.67> <Storage> <Opcode : 'load' 'store'> <Ports = 2> <Width = 1> <Depth = 512> <RAM>
ST_6 : Operation 318 [1/2] ( I:0.67ns O:0.67ns )   --->   "%bnn_top_int_const_unsigned_int_const_int_const_unsigned_int_const_int_co_437 = load i9 %bnn_top_int_const_unsigned_int_const_int_const_unsigned_int_const_int_co_429" [bnn.cpp:119]   --->   Operation 318 'load' 'bnn_top_int_const_unsigned_int_const_int_const_unsigned_int_const_int_co_437' <Predicate = (!icmp_ln110 & !tmp_55 & trunc_ln111 == 6)> <Delay = 0.67> <CoreInst = "RAM">   --->   Core 82 'RAM' <Latency = 1> <II = 1> <Delay = 0.67> <Storage> <Opcode : 'load' 'store'> <Ports = 2> <Width = 1> <Depth = 512> <RAM>
ST_6 : Operation 319 [1/2] ( I:0.67ns O:0.67ns )   --->   "%bnn_top_int_const_unsigned_int_const_int_const_unsigned_int_const_int_co_438 = load i9 %bnn_top_int_const_unsigned_int_const_int_const_unsigned_int_const_int_co_430" [bnn.cpp:119]   --->   Operation 319 'load' 'bnn_top_int_const_unsigned_int_const_int_const_unsigned_int_const_int_co_438' <Predicate = (!icmp_ln110 & !tmp_55 & trunc_ln111 == 7)> <Delay = 0.67> <CoreInst = "RAM">   --->   Core 82 'RAM' <Latency = 1> <II = 1> <Delay = 0.67> <Storage> <Opcode : 'load' 'store'> <Ports = 2> <Width = 1> <Depth = 512> <RAM>
ST_6 : Operation 320 [1/1] (0.72ns)   --->   "%a_12 = sparsemux i1 @_ssdm_op_SparseMux.ap_auto.8i1.i1.i3, i3 0, i1 %bnn_top_int_const_unsigned_int_const_int_const_unsigned_int_const_int_co_431, i3 1, i1 %bnn_top_int_const_unsigned_int_const_int_const_unsigned_int_const_int_co_432, i3 2, i1 %bnn_top_int_const_unsigned_int_const_int_const_unsigned_int_const_int_co_433, i3 3, i1 %bnn_top_int_const_unsigned_int_const_int_const_unsigned_int_const_int_co_434, i3 4, i1 %bnn_top_int_const_unsigned_int_const_int_const_unsigned_int_const_int_co_435, i3 5, i1 %bnn_top_int_const_unsigned_int_const_int_const_unsigned_int_const_int_co_436, i3 6, i1 %bnn_top_int_const_unsigned_int_const_int_const_unsigned_int_const_int_co_437, i3 7, i1 %bnn_top_int_const_unsigned_int_const_int_const_unsigned_int_const_int_co_438, i1 0, i3 %trunc_ln111" [bnn.cpp:119]   --->   Operation 320 'sparsemux' 'a_12' <Predicate = (!icmp_ln110 & !tmp_55)> <Delay = 0.72> <CoreInst = "BinarySparseMux_DontCare">   --->   Core 149 'BinarySparseMux_DontCare' <Latency = 0> <II = 1> <Delay = 0.72> <FuncUnit> <Opcode : 'sparsemux'> <InPorts = 2> <OutPorts = 1>
ST_6 : Operation 321 [1/2] ( I:0.00ns O:0.00ns )   --->   "%W3_0_load_7 = load i10 %W3_0_addr_7" [bnn.cpp:120]   --->   Operation 321 'load' 'W3_0_load_7' <Predicate = (!icmp_ln110 & !tmp_55)> <Delay = 0.00> <CoreInst = "RAM">   --->   Core 82 'RAM' <Latency = 1> <II = 1> <Delay = 1.23> <Storage> <Opcode : 'load' 'store'> <Ports = 2> <Width = 32> <Depth = 576> <RAM>
ST_6 : Operation 322 [1/2] ( I:0.00ns O:0.00ns )   --->   "%W3_1_load_7 = load i10 %W3_1_addr_7" [bnn.cpp:120]   --->   Operation 322 'load' 'W3_1_load_7' <Predicate = (!icmp_ln110 & !tmp_55)> <Delay = 0.00> <CoreInst = "RAM">   --->   Core 82 'RAM' <Latency = 1> <II = 1> <Delay = 1.23> <Storage> <Opcode : 'load' 'store'> <Ports = 2> <Width = 32> <Depth = 576> <RAM>
ST_6 : Operation 323 [1/1] (0.44ns)   --->   "%select_ln120_7 = select i1 %tmp_72, i32 %W3_1_load_7, i32 %W3_0_load_7" [bnn.cpp:120]   --->   Operation 323 'select' 'select_ln120_7' <Predicate = (!icmp_ln110 & !tmp_55)> <Delay = 0.44> <CoreInst = "Sel">   --->   Core 73 'Sel' <Latency = 0> <II = 1> <Delay = 0.44> <FuncUnit> <Opcode : 'select'> <InPorts = 3> <OutPorts = 1>
ST_6 : Operation 324 [1/1] (0.78ns)   --->   "%add_ln120_14 = add i5 %trunc_ln120, i5 7" [bnn.cpp:120]   --->   Operation 324 'add' 'add_ln120_14' <Predicate = (!icmp_ln110 & !tmp_55)> <Delay = 0.78> <CoreInst = "Adder">   --->   Core 1 'Adder' <Latency = 0> <II = 1> <Delay = 0.78> <FuncUnit> <Opcode : 'add' 'sub'> <InPorts = 2> <OutPorts = 1>
ST_6 : Operation 325 [1/1] (0.00ns)   --->   "%zext_ln120_17 = zext i5 %add_ln120_14" [bnn.cpp:120]   --->   Operation 325 'zext' 'zext_ln120_17' <Predicate = (!icmp_ln110 & !tmp_55)> <Delay = 0.00>
ST_6 : Operation 326 [1/1] (1.38ns)   --->   "%lshr_ln120_13 = lshr i32 %select_ln120_7, i32 %zext_ln120_17" [bnn.cpp:120]   --->   Operation 326 'lshr' 'lshr_ln120_13' <Predicate = (!icmp_ln110 & !tmp_55)> <Delay = 1.38> <CoreInst = "Shifter">   --->   Core 75 'Shifter' <Latency = 0> <II = 1> <Delay = 1.38> <FuncUnit> <Opcode : 'shl' 'lshr' 'ashr'> <InPorts = 2> <OutPorts = 1>
ST_6 : Operation 327 [1/1] (0.00ns)   --->   "%zext_ln119_8 = zext i9 %add_ln119_11" [bnn.cpp:119]   --->   Operation 327 'zext' 'zext_ln119_8' <Predicate = (!icmp_ln110)> <Delay = 0.00>
ST_6 : Operation 328 [1/1] (0.00ns)   --->   "%bnn_top_int_const_unsigned_int_const_int_const_unsigned_int_const_int_co_439 = getelementptr i1 %bnn_top_int_const_unsigned_int_const_int_const_unsigned_int_const_int_co_12, i64 0, i64 %zext_ln119_8" [bnn.cpp:119]   --->   Operation 328 'getelementptr' 'bnn_top_int_const_unsigned_int_const_int_const_unsigned_int_const_int_co_439' <Predicate = (!icmp_ln110 & trunc_ln111 == 7)> <Delay = 0.00>
ST_6 : Operation 329 [1/1] (0.00ns)   --->   "%bnn_top_int_const_unsigned_int_const_int_const_unsigned_int_const_int_co_440 = getelementptr i1 %bnn_top_int_const_unsigned_int_const_int_const_unsigned_int_const_int_co_6, i64 0, i64 %zext_ln119_8" [bnn.cpp:119]   --->   Operation 329 'getelementptr' 'bnn_top_int_const_unsigned_int_const_int_const_unsigned_int_const_int_co_440' <Predicate = (!icmp_ln110 & trunc_ln111 == 0)> <Delay = 0.00>
ST_6 : Operation 330 [1/1] (0.00ns)   --->   "%bnn_top_int_const_unsigned_int_const_int_const_unsigned_int_const_int_co_441 = getelementptr i1 %bnn_top_int_const_unsigned_int_const_int_const_unsigned_int_const_int_co_5, i64 0, i64 %zext_ln119_8" [bnn.cpp:119]   --->   Operation 330 'getelementptr' 'bnn_top_int_const_unsigned_int_const_int_const_unsigned_int_const_int_co_441' <Predicate = (!icmp_ln110 & trunc_ln111 == 1)> <Delay = 0.00>
ST_6 : Operation 331 [1/1] (0.00ns)   --->   "%bnn_top_int_const_unsigned_int_const_int_const_unsigned_int_const_int_co_442 = getelementptr i1 %bnn_top_int_const_unsigned_int_const_int_const_unsigned_int_const_int_co_11, i64 0, i64 %zext_ln119_8" [bnn.cpp:119]   --->   Operation 331 'getelementptr' 'bnn_top_int_const_unsigned_int_const_int_const_unsigned_int_const_int_co_442' <Predicate = (!icmp_ln110 & trunc_ln111 == 2)> <Delay = 0.00>
ST_6 : Operation 332 [1/1] (0.00ns)   --->   "%bnn_top_int_const_unsigned_int_const_int_const_unsigned_int_const_int_co_443 = getelementptr i1 %bnn_top_int_const_unsigned_int_const_int_const_unsigned_int_const_int_co_10, i64 0, i64 %zext_ln119_8" [bnn.cpp:119]   --->   Operation 332 'getelementptr' 'bnn_top_int_const_unsigned_int_const_int_const_unsigned_int_const_int_co_443' <Predicate = (!icmp_ln110 & trunc_ln111 == 3)> <Delay = 0.00>
ST_6 : Operation 333 [1/1] (0.00ns)   --->   "%bnn_top_int_const_unsigned_int_const_int_const_unsigned_int_const_int_co_444 = getelementptr i1 %bnn_top_int_const_unsigned_int_const_int_const_unsigned_int_const_int_co_9, i64 0, i64 %zext_ln119_8" [bnn.cpp:119]   --->   Operation 333 'getelementptr' 'bnn_top_int_const_unsigned_int_const_int_const_unsigned_int_const_int_co_444' <Predicate = (!icmp_ln110 & trunc_ln111 == 4)> <Delay = 0.00>
ST_6 : Operation 334 [1/1] (0.00ns)   --->   "%bnn_top_int_const_unsigned_int_const_int_const_unsigned_int_const_int_co_445 = getelementptr i1 %bnn_top_int_const_unsigned_int_const_int_const_unsigned_int_const_int_co_8, i64 0, i64 %zext_ln119_8" [bnn.cpp:119]   --->   Operation 334 'getelementptr' 'bnn_top_int_const_unsigned_int_const_int_const_unsigned_int_const_int_co_445' <Predicate = (!icmp_ln110 & trunc_ln111 == 5)> <Delay = 0.00>
ST_6 : Operation 335 [1/1] (0.00ns)   --->   "%bnn_top_int_const_unsigned_int_const_int_const_unsigned_int_const_int_co_446 = getelementptr i1 %bnn_top_int_const_unsigned_int_const_int_const_unsigned_int_const_int_co_7, i64 0, i64 %zext_ln119_8" [bnn.cpp:119]   --->   Operation 335 'getelementptr' 'bnn_top_int_const_unsigned_int_const_int_const_unsigned_int_const_int_co_446' <Predicate = (!icmp_ln110 & trunc_ln111 == 6)> <Delay = 0.00>
ST_6 : Operation 336 [2/2] (0.67ns)   --->   "%bnn_top_int_const_unsigned_int_const_int_const_unsigned_int_const_int_co_447 = load i9 %bnn_top_int_const_unsigned_int_const_int_const_unsigned_int_const_int_co_439" [bnn.cpp:119]   --->   Operation 336 'load' 'bnn_top_int_const_unsigned_int_const_int_const_unsigned_int_const_int_co_447' <Predicate = (!icmp_ln110 & trunc_ln111 == 7)> <Delay = 0.67> <CoreInst = "RAM">   --->   Core 82 'RAM' <Latency = 1> <II = 1> <Delay = 0.67> <Storage> <Opcode : 'load' 'store'> <Ports = 2> <Width = 1> <Depth = 512> <RAM>
ST_6 : Operation 337 [2/2] (0.67ns)   --->   "%bnn_top_int_const_unsigned_int_const_int_const_unsigned_int_const_int_co_448 = load i9 %bnn_top_int_const_unsigned_int_const_int_const_unsigned_int_const_int_co_440" [bnn.cpp:119]   --->   Operation 337 'load' 'bnn_top_int_const_unsigned_int_const_int_const_unsigned_int_const_int_co_448' <Predicate = (!icmp_ln110 & trunc_ln111 == 0)> <Delay = 0.67> <CoreInst = "RAM">   --->   Core 82 'RAM' <Latency = 1> <II = 1> <Delay = 0.67> <Storage> <Opcode : 'load' 'store'> <Ports = 2> <Width = 1> <Depth = 512> <RAM>
ST_6 : Operation 338 [2/2] (0.67ns)   --->   "%bnn_top_int_const_unsigned_int_const_int_const_unsigned_int_const_int_co_449 = load i9 %bnn_top_int_const_unsigned_int_const_int_const_unsigned_int_const_int_co_441" [bnn.cpp:119]   --->   Operation 338 'load' 'bnn_top_int_const_unsigned_int_const_int_const_unsigned_int_const_int_co_449' <Predicate = (!icmp_ln110 & trunc_ln111 == 1)> <Delay = 0.67> <CoreInst = "RAM">   --->   Core 82 'RAM' <Latency = 1> <II = 1> <Delay = 0.67> <Storage> <Opcode : 'load' 'store'> <Ports = 2> <Width = 1> <Depth = 512> <RAM>
ST_6 : Operation 339 [2/2] (0.67ns)   --->   "%bnn_top_int_const_unsigned_int_const_int_const_unsigned_int_const_int_co_450 = load i9 %bnn_top_int_const_unsigned_int_const_int_const_unsigned_int_const_int_co_442" [bnn.cpp:119]   --->   Operation 339 'load' 'bnn_top_int_const_unsigned_int_const_int_const_unsigned_int_const_int_co_450' <Predicate = (!icmp_ln110 & trunc_ln111 == 2)> <Delay = 0.67> <CoreInst = "RAM">   --->   Core 82 'RAM' <Latency = 1> <II = 1> <Delay = 0.67> <Storage> <Opcode : 'load' 'store'> <Ports = 2> <Width = 1> <Depth = 512> <RAM>
ST_6 : Operation 340 [2/2] (0.67ns)   --->   "%bnn_top_int_const_unsigned_int_const_int_const_unsigned_int_const_int_co_451 = load i9 %bnn_top_int_const_unsigned_int_const_int_const_unsigned_int_const_int_co_443" [bnn.cpp:119]   --->   Operation 340 'load' 'bnn_top_int_const_unsigned_int_const_int_const_unsigned_int_const_int_co_451' <Predicate = (!icmp_ln110 & trunc_ln111 == 3)> <Delay = 0.67> <CoreInst = "RAM">   --->   Core 82 'RAM' <Latency = 1> <II = 1> <Delay = 0.67> <Storage> <Opcode : 'load' 'store'> <Ports = 2> <Width = 1> <Depth = 512> <RAM>
ST_6 : Operation 341 [2/2] (0.67ns)   --->   "%bnn_top_int_const_unsigned_int_const_int_const_unsigned_int_const_int_co_452 = load i9 %bnn_top_int_const_unsigned_int_const_int_const_unsigned_int_const_int_co_444" [bnn.cpp:119]   --->   Operation 341 'load' 'bnn_top_int_const_unsigned_int_const_int_const_unsigned_int_const_int_co_452' <Predicate = (!icmp_ln110 & trunc_ln111 == 4)> <Delay = 0.67> <CoreInst = "RAM">   --->   Core 82 'RAM' <Latency = 1> <II = 1> <Delay = 0.67> <Storage> <Opcode : 'load' 'store'> <Ports = 2> <Width = 1> <Depth = 512> <RAM>
ST_6 : Operation 342 [2/2] (0.67ns)   --->   "%bnn_top_int_const_unsigned_int_const_int_const_unsigned_int_const_int_co_453 = load i9 %bnn_top_int_const_unsigned_int_const_int_const_unsigned_int_const_int_co_445" [bnn.cpp:119]   --->   Operation 342 'load' 'bnn_top_int_const_unsigned_int_const_int_const_unsigned_int_const_int_co_453' <Predicate = (!icmp_ln110 & trunc_ln111 == 5)> <Delay = 0.67> <CoreInst = "RAM">   --->   Core 82 'RAM' <Latency = 1> <II = 1> <Delay = 0.67> <Storage> <Opcode : 'load' 'store'> <Ports = 2> <Width = 1> <Depth = 512> <RAM>
ST_6 : Operation 343 [2/2] (0.67ns)   --->   "%bnn_top_int_const_unsigned_int_const_int_const_unsigned_int_const_int_co_454 = load i9 %bnn_top_int_const_unsigned_int_const_int_const_unsigned_int_const_int_co_446" [bnn.cpp:119]   --->   Operation 343 'load' 'bnn_top_int_const_unsigned_int_const_int_const_unsigned_int_const_int_co_454' <Predicate = (!icmp_ln110 & trunc_ln111 == 6)> <Delay = 0.67> <CoreInst = "RAM">   --->   Core 82 'RAM' <Latency = 1> <II = 1> <Delay = 0.67> <Storage> <Opcode : 'load' 'store'> <Ports = 2> <Width = 1> <Depth = 512> <RAM>
ST_6 : Operation 344 [1/1] (0.00ns)   --->   "%zext_ln120_8 = zext i10 %lshr_ln120_14" [bnn.cpp:120]   --->   Operation 344 'zext' 'zext_ln120_8' <Predicate = (!icmp_ln110)> <Delay = 0.00>
ST_6 : Operation 345 [1/1] (0.00ns)   --->   "%W3_0_addr_8 = getelementptr i32 %W3_0, i64 0, i64 %zext_ln120_8" [bnn.cpp:120]   --->   Operation 345 'getelementptr' 'W3_0_addr_8' <Predicate = (!icmp_ln110 & !tmp_73)> <Delay = 0.00>
ST_6 : Operation 346 [2/2] (0.00ns)   --->   "%W3_0_load_8 = load i10 %W3_0_addr_8" [bnn.cpp:120]   --->   Operation 346 'load' 'W3_0_load_8' <Predicate = (!icmp_ln110 & !tmp_73)> <Delay = 0.00> <CoreInst = "RAM">   --->   Core 82 'RAM' <Latency = 1> <II = 1> <Delay = 1.23> <Storage> <Opcode : 'load' 'store'> <Ports = 2> <Width = 32> <Depth = 576> <RAM>
ST_6 : Operation 347 [1/1] (0.00ns)   --->   "%W3_1_addr_8 = getelementptr i32 %W3_1, i64 0, i64 %zext_ln120_8" [bnn.cpp:120]   --->   Operation 347 'getelementptr' 'W3_1_addr_8' <Predicate = (!icmp_ln110 & tmp_73)> <Delay = 0.00>
ST_6 : Operation 348 [2/2] (0.00ns)   --->   "%W3_1_load_8 = load i10 %W3_1_addr_8" [bnn.cpp:120]   --->   Operation 348 'load' 'W3_1_load_8' <Predicate = (!icmp_ln110 & tmp_73)> <Delay = 0.00> <CoreInst = "RAM">   --->   Core 82 'RAM' <Latency = 1> <II = 1> <Delay = 1.23> <Storage> <Opcode : 'load' 'store'> <Ports = 2> <Width = 32> <Depth = 576> <RAM>
ST_6 : Operation 349 [5/9] (1.06ns)   --->   "%urem_ln125 = urem i5 %add_ln125, i5 5" [bnn.cpp:125]   --->   Operation 349 'urem' 'urem_ln125' <Predicate = (!icmp_ln110)> <Delay = 1.06> <CoreInst = "Divider">   --->   Core 6 'Divider' <Latency = 8> <II = 1> <Delay = 1.06> <FuncUnit> <Opcode : 'udiv' 'sdiv' 'urem' 'srem'> <InPorts = 2> <OutPorts = 1>
ST_6 : Operation 350 [1/1] (0.42ns)   --->   "%store_ln111 = store i4 %select_ln111, i4 %ow" [bnn.cpp:111]   --->   Operation 350 'store' 'store_ln111' <Predicate = (!icmp_ln110)> <Delay = 0.42>

State 7 <SV = 6> <Delay = 2.35>
ST_7 : Operation 351 [1/1] (0.00ns)   --->   "%zext_ln117_1 = zext i6 %shl_ln7" [bnn.cpp:117]   --->   Operation 351 'zext' 'zext_ln117_1' <Predicate = true> <Delay = 0.00>
ST_7 : Operation 352 [1/1] (0.00ns)   --->   "%zext_ln111 = zext i4 %select_ln111" [bnn.cpp:111]   --->   Operation 352 'zext' 'zext_ln111' <Predicate = true> <Delay = 0.00>
ST_7 : Operation 353 [1/1] (0.00ns)   --->   "%sext_ln118_1 = sext i4 %add_ln117_1" [bnn.cpp:118]   --->   Operation 353 'sext' 'sext_ln118_1' <Predicate = true> <Delay = 0.00>
ST_7 : Operation 354 [1/1] (0.00ns)   --->   "%zext_ln118_3 = zext i4 %add_ln117_2_mid2" [bnn.cpp:118]   --->   Operation 354 'zext' 'zext_ln118_3' <Predicate = true> <Delay = 0.00>
ST_7 : Operation 355 [1/1] (0.00ns)   --->   "%shl_ln119_1 = bitconcatenate i12 @_ssdm_op_BitConcatenate.i12.i6.i6, i6 %trunc_ln119, i6 0" [bnn.cpp:119]   --->   Operation 355 'bitconcatenate' 'shl_ln119_1' <Predicate = true> <Delay = 0.00>
ST_7 : Operation 356 [1/1] (0.00ns) (grouped into TernaryAdder)   --->   "%add_ln119 = add i12 %shl_ln119_1, i12 4088" [bnn.cpp:119]   --->   Operation 356 'add' 'add_ln119' <Predicate = true> <Delay = 0.00> <CoreInst = "TAddSub">   --->   Core 10 'TAddSub' <Latency = 0> <II = 1> <Delay = 0.38> <IPBlock> <Opcode : 'add' 'sub'> <InPorts = 3> <OutPorts = 1> <Sync> <CReg>
ST_7 : Operation 357 [1/1] (0.86ns) (root node of TernaryAdder)   --->   "%add_ln119_1 = add i12 %add_ln119, i12 %zext_ln117_1" [bnn.cpp:119]   --->   Operation 357 'add' 'add_ln119_1' <Predicate = true> <Delay = 0.86> <CoreInst = "TAddSub">   --->   Core 10 'TAddSub' <Latency = 0> <II = 1> <Delay = 0.38> <IPBlock> <Opcode : 'add' 'sub'> <InPorts = 3> <OutPorts = 1> <Sync> <CReg>
ST_7 : Operation 358 [1/1] (0.80ns)   --->   "%add_ln119_2 = add i12 %add_ln119_1, i12 %sext_ln118_1" [bnn.cpp:119]   --->   Operation 358 'add' 'add_ln119_2' <Predicate = true> <Delay = 0.80> <CoreInst = "Adder">   --->   Core 1 'Adder' <Latency = 0> <II = 1> <Delay = 0.80> <FuncUnit> <Opcode : 'add' 'sub'> <InPorts = 2> <OutPorts = 1>
ST_7 : Operation 359 [1/1] (0.00ns)   --->   "%lshr_ln119_1 = partselect i9 @_ssdm_op_PartSelect.i9.i12.i32.i32, i12 %add_ln119_2, i32 3, i32 11" [bnn.cpp:119]   --->   Operation 359 'partselect' 'lshr_ln119_1' <Predicate = true> <Delay = 0.00>
ST_7 : Operation 360 [1/1] (0.00ns)   --->   "%zext_ln119 = zext i9 %lshr_ln119_1" [bnn.cpp:119]   --->   Operation 360 'zext' 'zext_ln119' <Predicate = true> <Delay = 0.00>
ST_7 : Operation 361 [1/1] (0.00ns)   --->   "%bnn_top_int_const_unsigned_int_const_int_const_unsigned_int_const_int_co_311 = getelementptr i1 %bnn_top_int_const_unsigned_int_const_int_const_unsigned_int_const_int_co_12, i64 0, i64 %zext_ln119" [bnn.cpp:119]   --->   Operation 361 'getelementptr' 'bnn_top_int_const_unsigned_int_const_int_const_unsigned_int_const_int_co_311' <Predicate = (trunc_ln111 == 1)> <Delay = 0.00>
ST_7 : Operation 362 [1/1] (0.00ns)   --->   "%bnn_top_int_const_unsigned_int_const_int_const_unsigned_int_const_int_co_312 = getelementptr i1 %bnn_top_int_const_unsigned_int_const_int_const_unsigned_int_const_int_co_6, i64 0, i64 %zext_ln119" [bnn.cpp:119]   --->   Operation 362 'getelementptr' 'bnn_top_int_const_unsigned_int_const_int_const_unsigned_int_const_int_co_312' <Predicate = (trunc_ln111 == 2)> <Delay = 0.00>
ST_7 : Operation 363 [1/1] (0.00ns)   --->   "%bnn_top_int_const_unsigned_int_const_int_const_unsigned_int_const_int_co_313 = getelementptr i1 %bnn_top_int_const_unsigned_int_const_int_const_unsigned_int_const_int_co_5, i64 0, i64 %zext_ln119" [bnn.cpp:119]   --->   Operation 363 'getelementptr' 'bnn_top_int_const_unsigned_int_const_int_const_unsigned_int_const_int_co_313' <Predicate = (trunc_ln111 == 3)> <Delay = 0.00>
ST_7 : Operation 364 [1/1] (0.00ns)   --->   "%bnn_top_int_const_unsigned_int_const_int_const_unsigned_int_const_int_co_314 = getelementptr i1 %bnn_top_int_const_unsigned_int_const_int_const_unsigned_int_const_int_co_11, i64 0, i64 %zext_ln119" [bnn.cpp:119]   --->   Operation 364 'getelementptr' 'bnn_top_int_const_unsigned_int_const_int_const_unsigned_int_const_int_co_314' <Predicate = (trunc_ln111 == 4)> <Delay = 0.00>
ST_7 : Operation 365 [1/1] (0.00ns)   --->   "%bnn_top_int_const_unsigned_int_const_int_const_unsigned_int_const_int_co_315 = getelementptr i1 %bnn_top_int_const_unsigned_int_const_int_const_unsigned_int_const_int_co_10, i64 0, i64 %zext_ln119" [bnn.cpp:119]   --->   Operation 365 'getelementptr' 'bnn_top_int_const_unsigned_int_const_int_const_unsigned_int_const_int_co_315' <Predicate = (trunc_ln111 == 5)> <Delay = 0.00>
ST_7 : Operation 366 [1/1] (0.00ns)   --->   "%bnn_top_int_const_unsigned_int_const_int_const_unsigned_int_const_int_co_316 = getelementptr i1 %bnn_top_int_const_unsigned_int_const_int_const_unsigned_int_const_int_co_9, i64 0, i64 %zext_ln119" [bnn.cpp:119]   --->   Operation 366 'getelementptr' 'bnn_top_int_const_unsigned_int_const_int_const_unsigned_int_const_int_co_316' <Predicate = (trunc_ln111 == 6)> <Delay = 0.00>
ST_7 : Operation 367 [1/1] (0.00ns)   --->   "%bnn_top_int_const_unsigned_int_const_int_const_unsigned_int_const_int_co_317 = getelementptr i1 %bnn_top_int_const_unsigned_int_const_int_const_unsigned_int_const_int_co_8, i64 0, i64 %zext_ln119" [bnn.cpp:119]   --->   Operation 367 'getelementptr' 'bnn_top_int_const_unsigned_int_const_int_const_unsigned_int_const_int_co_317' <Predicate = (trunc_ln111 == 7)> <Delay = 0.00>
ST_7 : Operation 368 [1/1] (0.00ns)   --->   "%bnn_top_int_const_unsigned_int_const_int_const_unsigned_int_const_int_co_318 = getelementptr i1 %bnn_top_int_const_unsigned_int_const_int_const_unsigned_int_const_int_co_7, i64 0, i64 %zext_ln119" [bnn.cpp:119]   --->   Operation 368 'getelementptr' 'bnn_top_int_const_unsigned_int_const_int_const_unsigned_int_const_int_co_318' <Predicate = (trunc_ln111 == 0)> <Delay = 0.00>
ST_7 : Operation 369 [2/2] (0.67ns)   --->   "%bnn_top_int_const_unsigned_int_const_int_const_unsigned_int_const_int_co_319 = load i9 %bnn_top_int_const_unsigned_int_const_int_const_unsigned_int_const_int_co_311" [bnn.cpp:119]   --->   Operation 369 'load' 'bnn_top_int_const_unsigned_int_const_int_const_unsigned_int_const_int_co_319' <Predicate = (trunc_ln111 == 1)> <Delay = 0.67> <CoreInst = "RAM">   --->   Core 82 'RAM' <Latency = 1> <II = 1> <Delay = 0.67> <Storage> <Opcode : 'load' 'store'> <Ports = 2> <Width = 1> <Depth = 512> <RAM>
ST_7 : Operation 370 [2/2] (0.67ns)   --->   "%bnn_top_int_const_unsigned_int_const_int_const_unsigned_int_const_int_co_320 = load i9 %bnn_top_int_const_unsigned_int_const_int_const_unsigned_int_const_int_co_312" [bnn.cpp:119]   --->   Operation 370 'load' 'bnn_top_int_const_unsigned_int_const_int_const_unsigned_int_const_int_co_320' <Predicate = (trunc_ln111 == 2)> <Delay = 0.67> <CoreInst = "RAM">   --->   Core 82 'RAM' <Latency = 1> <II = 1> <Delay = 0.67> <Storage> <Opcode : 'load' 'store'> <Ports = 2> <Width = 1> <Depth = 512> <RAM>
ST_7 : Operation 371 [2/2] (0.67ns)   --->   "%bnn_top_int_const_unsigned_int_const_int_const_unsigned_int_const_int_co_321 = load i9 %bnn_top_int_const_unsigned_int_const_int_const_unsigned_int_const_int_co_313" [bnn.cpp:119]   --->   Operation 371 'load' 'bnn_top_int_const_unsigned_int_const_int_const_unsigned_int_const_int_co_321' <Predicate = (trunc_ln111 == 3)> <Delay = 0.67> <CoreInst = "RAM">   --->   Core 82 'RAM' <Latency = 1> <II = 1> <Delay = 0.67> <Storage> <Opcode : 'load' 'store'> <Ports = 2> <Width = 1> <Depth = 512> <RAM>
ST_7 : Operation 372 [2/2] (0.67ns)   --->   "%bnn_top_int_const_unsigned_int_const_int_const_unsigned_int_const_int_co_322 = load i9 %bnn_top_int_const_unsigned_int_const_int_const_unsigned_int_const_int_co_314" [bnn.cpp:119]   --->   Operation 372 'load' 'bnn_top_int_const_unsigned_int_const_int_const_unsigned_int_const_int_co_322' <Predicate = (trunc_ln111 == 4)> <Delay = 0.67> <CoreInst = "RAM">   --->   Core 82 'RAM' <Latency = 1> <II = 1> <Delay = 0.67> <Storage> <Opcode : 'load' 'store'> <Ports = 2> <Width = 1> <Depth = 512> <RAM>
ST_7 : Operation 373 [2/2] (0.67ns)   --->   "%bnn_top_int_const_unsigned_int_const_int_const_unsigned_int_const_int_co_323 = load i9 %bnn_top_int_const_unsigned_int_const_int_const_unsigned_int_const_int_co_315" [bnn.cpp:119]   --->   Operation 373 'load' 'bnn_top_int_const_unsigned_int_const_int_const_unsigned_int_const_int_co_323' <Predicate = (trunc_ln111 == 5)> <Delay = 0.67> <CoreInst = "RAM">   --->   Core 82 'RAM' <Latency = 1> <II = 1> <Delay = 0.67> <Storage> <Opcode : 'load' 'store'> <Ports = 2> <Width = 1> <Depth = 512> <RAM>
ST_7 : Operation 374 [2/2] (0.67ns)   --->   "%bnn_top_int_const_unsigned_int_const_int_const_unsigned_int_const_int_co_324 = load i9 %bnn_top_int_const_unsigned_int_const_int_const_unsigned_int_const_int_co_316" [bnn.cpp:119]   --->   Operation 374 'load' 'bnn_top_int_const_unsigned_int_const_int_const_unsigned_int_const_int_co_324' <Predicate = (trunc_ln111 == 6)> <Delay = 0.67> <CoreInst = "RAM">   --->   Core 82 'RAM' <Latency = 1> <II = 1> <Delay = 0.67> <Storage> <Opcode : 'load' 'store'> <Ports = 2> <Width = 1> <Depth = 512> <RAM>
ST_7 : Operation 375 [2/2] (0.67ns)   --->   "%bnn_top_int_const_unsigned_int_const_int_const_unsigned_int_const_int_co_325 = load i9 %bnn_top_int_const_unsigned_int_const_int_const_unsigned_int_const_int_co_317" [bnn.cpp:119]   --->   Operation 375 'load' 'bnn_top_int_const_unsigned_int_const_int_const_unsigned_int_const_int_co_325' <Predicate = (trunc_ln111 == 7)> <Delay = 0.67> <CoreInst = "RAM">   --->   Core 82 'RAM' <Latency = 1> <II = 1> <Delay = 0.67> <Storage> <Opcode : 'load' 'store'> <Ports = 2> <Width = 1> <Depth = 512> <RAM>
ST_7 : Operation 376 [2/2] (0.67ns)   --->   "%bnn_top_int_const_unsigned_int_const_int_const_unsigned_int_const_int_co_326 = load i9 %bnn_top_int_const_unsigned_int_const_int_const_unsigned_int_const_int_co_318" [bnn.cpp:119]   --->   Operation 376 'load' 'bnn_top_int_const_unsigned_int_const_int_const_unsigned_int_const_int_co_326' <Predicate = (trunc_ln111 == 0)> <Delay = 0.67> <CoreInst = "RAM">   --->   Core 82 'RAM' <Latency = 1> <II = 1> <Delay = 0.67> <Storage> <Opcode : 'load' 'store'> <Ports = 2> <Width = 1> <Depth = 512> <RAM>
ST_7 : Operation 377 [1/1] (0.80ns)   --->   "%add_ln119_3 = add i12 %add_ln119_1, i12 %zext_ln111" [bnn.cpp:119]   --->   Operation 377 'add' 'add_ln119_3' <Predicate = true> <Delay = 0.80> <CoreInst = "Adder">   --->   Core 1 'Adder' <Latency = 0> <II = 1> <Delay = 0.80> <FuncUnit> <Opcode : 'add' 'sub'> <InPorts = 2> <OutPorts = 1>
ST_7 : Operation 378 [1/1] (0.00ns)   --->   "%lshr_ln119_2 = partselect i9 @_ssdm_op_PartSelect.i9.i12.i32.i32, i12 %add_ln119_3, i32 3, i32 11" [bnn.cpp:119]   --->   Operation 378 'partselect' 'lshr_ln119_2' <Predicate = true> <Delay = 0.00>
ST_7 : Operation 379 [1/1] (0.00ns)   --->   "%zext_ln119_1 = zext i9 %lshr_ln119_2" [bnn.cpp:119]   --->   Operation 379 'zext' 'zext_ln119_1' <Predicate = true> <Delay = 0.00>
ST_7 : Operation 380 [1/1] (0.00ns)   --->   "%bnn_top_int_const_unsigned_int_const_int_const_unsigned_int_const_int_co_327 = getelementptr i1 %bnn_top_int_const_unsigned_int_const_int_const_unsigned_int_const_int_co_12, i64 0, i64 %zext_ln119_1" [bnn.cpp:119]   --->   Operation 380 'getelementptr' 'bnn_top_int_const_unsigned_int_const_int_const_unsigned_int_const_int_co_327' <Predicate = (trunc_ln111 == 0)> <Delay = 0.00>
ST_7 : Operation 381 [1/1] (0.00ns)   --->   "%bnn_top_int_const_unsigned_int_const_int_const_unsigned_int_const_int_co_328 = getelementptr i1 %bnn_top_int_const_unsigned_int_const_int_const_unsigned_int_const_int_co_6, i64 0, i64 %zext_ln119_1" [bnn.cpp:119]   --->   Operation 381 'getelementptr' 'bnn_top_int_const_unsigned_int_const_int_const_unsigned_int_const_int_co_328' <Predicate = (trunc_ln111 == 1)> <Delay = 0.00>
ST_7 : Operation 382 [1/1] (0.00ns)   --->   "%bnn_top_int_const_unsigned_int_const_int_const_unsigned_int_const_int_co_329 = getelementptr i1 %bnn_top_int_const_unsigned_int_const_int_const_unsigned_int_const_int_co_5, i64 0, i64 %zext_ln119_1" [bnn.cpp:119]   --->   Operation 382 'getelementptr' 'bnn_top_int_const_unsigned_int_const_int_const_unsigned_int_const_int_co_329' <Predicate = (trunc_ln111 == 2)> <Delay = 0.00>
ST_7 : Operation 383 [1/1] (0.00ns)   --->   "%bnn_top_int_const_unsigned_int_const_int_const_unsigned_int_const_int_co_330 = getelementptr i1 %bnn_top_int_const_unsigned_int_const_int_const_unsigned_int_const_int_co_11, i64 0, i64 %zext_ln119_1" [bnn.cpp:119]   --->   Operation 383 'getelementptr' 'bnn_top_int_const_unsigned_int_const_int_const_unsigned_int_const_int_co_330' <Predicate = (trunc_ln111 == 3)> <Delay = 0.00>
ST_7 : Operation 384 [1/1] (0.00ns)   --->   "%bnn_top_int_const_unsigned_int_const_int_const_unsigned_int_const_int_co_331 = getelementptr i1 %bnn_top_int_const_unsigned_int_const_int_const_unsigned_int_const_int_co_10, i64 0, i64 %zext_ln119_1" [bnn.cpp:119]   --->   Operation 384 'getelementptr' 'bnn_top_int_const_unsigned_int_const_int_const_unsigned_int_const_int_co_331' <Predicate = (trunc_ln111 == 4)> <Delay = 0.00>
ST_7 : Operation 385 [1/1] (0.00ns)   --->   "%bnn_top_int_const_unsigned_int_const_int_const_unsigned_int_const_int_co_332 = getelementptr i1 %bnn_top_int_const_unsigned_int_const_int_const_unsigned_int_const_int_co_9, i64 0, i64 %zext_ln119_1" [bnn.cpp:119]   --->   Operation 385 'getelementptr' 'bnn_top_int_const_unsigned_int_const_int_const_unsigned_int_const_int_co_332' <Predicate = (trunc_ln111 == 5)> <Delay = 0.00>
ST_7 : Operation 386 [1/1] (0.00ns)   --->   "%bnn_top_int_const_unsigned_int_const_int_const_unsigned_int_const_int_co_333 = getelementptr i1 %bnn_top_int_const_unsigned_int_const_int_const_unsigned_int_const_int_co_8, i64 0, i64 %zext_ln119_1" [bnn.cpp:119]   --->   Operation 386 'getelementptr' 'bnn_top_int_const_unsigned_int_const_int_const_unsigned_int_const_int_co_333' <Predicate = (trunc_ln111 == 6)> <Delay = 0.00>
ST_7 : Operation 387 [1/1] (0.00ns)   --->   "%bnn_top_int_const_unsigned_int_const_int_const_unsigned_int_const_int_co_334 = getelementptr i1 %bnn_top_int_const_unsigned_int_const_int_const_unsigned_int_const_int_co_7, i64 0, i64 %zext_ln119_1" [bnn.cpp:119]   --->   Operation 387 'getelementptr' 'bnn_top_int_const_unsigned_int_const_int_const_unsigned_int_const_int_co_334' <Predicate = (trunc_ln111 == 7)> <Delay = 0.00>
ST_7 : Operation 388 [2/2] (0.67ns)   --->   "%bnn_top_int_const_unsigned_int_const_int_const_unsigned_int_const_int_co_335 = load i9 %bnn_top_int_const_unsigned_int_const_int_const_unsigned_int_const_int_co_327" [bnn.cpp:119]   --->   Operation 388 'load' 'bnn_top_int_const_unsigned_int_const_int_const_unsigned_int_const_int_co_335' <Predicate = (trunc_ln111 == 0)> <Delay = 0.67> <CoreInst = "RAM">   --->   Core 82 'RAM' <Latency = 1> <II = 1> <Delay = 0.67> <Storage> <Opcode : 'load' 'store'> <Ports = 2> <Width = 1> <Depth = 512> <RAM>
ST_7 : Operation 389 [2/2] (0.67ns)   --->   "%bnn_top_int_const_unsigned_int_const_int_const_unsigned_int_const_int_co_336 = load i9 %bnn_top_int_const_unsigned_int_const_int_const_unsigned_int_const_int_co_328" [bnn.cpp:119]   --->   Operation 389 'load' 'bnn_top_int_const_unsigned_int_const_int_const_unsigned_int_const_int_co_336' <Predicate = (trunc_ln111 == 1)> <Delay = 0.67> <CoreInst = "RAM">   --->   Core 82 'RAM' <Latency = 1> <II = 1> <Delay = 0.67> <Storage> <Opcode : 'load' 'store'> <Ports = 2> <Width = 1> <Depth = 512> <RAM>
ST_7 : Operation 390 [2/2] (0.67ns)   --->   "%bnn_top_int_const_unsigned_int_const_int_const_unsigned_int_const_int_co_337 = load i9 %bnn_top_int_const_unsigned_int_const_int_const_unsigned_int_const_int_co_329" [bnn.cpp:119]   --->   Operation 390 'load' 'bnn_top_int_const_unsigned_int_const_int_const_unsigned_int_const_int_co_337' <Predicate = (trunc_ln111 == 2)> <Delay = 0.67> <CoreInst = "RAM">   --->   Core 82 'RAM' <Latency = 1> <II = 1> <Delay = 0.67> <Storage> <Opcode : 'load' 'store'> <Ports = 2> <Width = 1> <Depth = 512> <RAM>
ST_7 : Operation 391 [2/2] (0.67ns)   --->   "%bnn_top_int_const_unsigned_int_const_int_const_unsigned_int_const_int_co_338 = load i9 %bnn_top_int_const_unsigned_int_const_int_const_unsigned_int_const_int_co_330" [bnn.cpp:119]   --->   Operation 391 'load' 'bnn_top_int_const_unsigned_int_const_int_const_unsigned_int_const_int_co_338' <Predicate = (trunc_ln111 == 3)> <Delay = 0.67> <CoreInst = "RAM">   --->   Core 82 'RAM' <Latency = 1> <II = 1> <Delay = 0.67> <Storage> <Opcode : 'load' 'store'> <Ports = 2> <Width = 1> <Depth = 512> <RAM>
ST_7 : Operation 392 [2/2] (0.67ns)   --->   "%bnn_top_int_const_unsigned_int_const_int_const_unsigned_int_const_int_co_339 = load i9 %bnn_top_int_const_unsigned_int_const_int_const_unsigned_int_const_int_co_331" [bnn.cpp:119]   --->   Operation 392 'load' 'bnn_top_int_const_unsigned_int_const_int_const_unsigned_int_const_int_co_339' <Predicate = (trunc_ln111 == 4)> <Delay = 0.67> <CoreInst = "RAM">   --->   Core 82 'RAM' <Latency = 1> <II = 1> <Delay = 0.67> <Storage> <Opcode : 'load' 'store'> <Ports = 2> <Width = 1> <Depth = 512> <RAM>
ST_7 : Operation 393 [2/2] (0.67ns)   --->   "%bnn_top_int_const_unsigned_int_const_int_const_unsigned_int_const_int_co_340 = load i9 %bnn_top_int_const_unsigned_int_const_int_const_unsigned_int_const_int_co_332" [bnn.cpp:119]   --->   Operation 393 'load' 'bnn_top_int_const_unsigned_int_const_int_const_unsigned_int_const_int_co_340' <Predicate = (trunc_ln111 == 5)> <Delay = 0.67> <CoreInst = "RAM">   --->   Core 82 'RAM' <Latency = 1> <II = 1> <Delay = 0.67> <Storage> <Opcode : 'load' 'store'> <Ports = 2> <Width = 1> <Depth = 512> <RAM>
ST_7 : Operation 394 [2/2] (0.67ns)   --->   "%bnn_top_int_const_unsigned_int_const_int_const_unsigned_int_const_int_co_341 = load i9 %bnn_top_int_const_unsigned_int_const_int_const_unsigned_int_const_int_co_333" [bnn.cpp:119]   --->   Operation 394 'load' 'bnn_top_int_const_unsigned_int_const_int_const_unsigned_int_const_int_co_341' <Predicate = (trunc_ln111 == 6)> <Delay = 0.67> <CoreInst = "RAM">   --->   Core 82 'RAM' <Latency = 1> <II = 1> <Delay = 0.67> <Storage> <Opcode : 'load' 'store'> <Ports = 2> <Width = 1> <Depth = 512> <RAM>
ST_7 : Operation 395 [2/2] (0.67ns)   --->   "%bnn_top_int_const_unsigned_int_const_int_const_unsigned_int_const_int_co_342 = load i9 %bnn_top_int_const_unsigned_int_const_int_const_unsigned_int_const_int_co_334" [bnn.cpp:119]   --->   Operation 395 'load' 'bnn_top_int_const_unsigned_int_const_int_const_unsigned_int_const_int_co_342' <Predicate = (trunc_ln111 == 7)> <Delay = 0.67> <CoreInst = "RAM">   --->   Core 82 'RAM' <Latency = 1> <II = 1> <Delay = 0.67> <Storage> <Opcode : 'load' 'store'> <Ports = 2> <Width = 1> <Depth = 512> <RAM>
ST_7 : Operation 396 [1/1] (0.80ns)   --->   "%add_ln119_4 = add i12 %add_ln119_1, i12 %zext_ln118_3" [bnn.cpp:119]   --->   Operation 396 'add' 'add_ln119_4' <Predicate = true> <Delay = 0.80> <CoreInst = "Adder">   --->   Core 1 'Adder' <Latency = 0> <II = 1> <Delay = 0.80> <FuncUnit> <Opcode : 'add' 'sub'> <InPorts = 2> <OutPorts = 1>
ST_7 : Operation 397 [1/1] (0.00ns)   --->   "%lshr_ln119_3 = partselect i9 @_ssdm_op_PartSelect.i9.i12.i32.i32, i12 %add_ln119_4, i32 3, i32 11" [bnn.cpp:119]   --->   Operation 397 'partselect' 'lshr_ln119_3' <Predicate = true> <Delay = 0.00>
ST_7 : Operation 398 [1/1] (0.00ns)   --->   "%tmp8 = bitconcatenate i12 @_ssdm_op_BitConcatenate.i12.i6.i3.i3, i6 %trunc_ln119, i3 %trunc_ln125, i3 0" [bnn.cpp:119]   --->   Operation 398 'bitconcatenate' 'tmp8' <Predicate = (!tmp_59)> <Delay = 0.00>
ST_7 : Operation 399 [1/1] (0.80ns)   --->   "%add_ln119_5 = add i12 %tmp8, i12 %sext_ln118_1" [bnn.cpp:119]   --->   Operation 399 'add' 'add_ln119_5' <Predicate = (!tmp_59)> <Delay = 0.80> <CoreInst = "Adder">   --->   Core 1 'Adder' <Latency = 0> <II = 1> <Delay = 0.80> <FuncUnit> <Opcode : 'add' 'sub'> <InPorts = 2> <OutPorts = 1>
ST_7 : Operation 400 [1/1] (0.00ns)   --->   "%lshr_ln119_4 = partselect i9 @_ssdm_op_PartSelect.i9.i12.i32.i32, i12 %add_ln119_5, i32 3, i32 11" [bnn.cpp:119]   --->   Operation 400 'partselect' 'lshr_ln119_4' <Predicate = (!tmp_59)> <Delay = 0.00>
ST_7 : Operation 401 [1/2] ( I:0.67ns O:0.67ns )   --->   "%bnn_top_int_const_unsigned_int_const_int_const_unsigned_int_const_int_co_447 = load i9 %bnn_top_int_const_unsigned_int_const_int_const_unsigned_int_const_int_co_439" [bnn.cpp:119]   --->   Operation 401 'load' 'bnn_top_int_const_unsigned_int_const_int_const_unsigned_int_const_int_co_447' <Predicate = (trunc_ln111 == 7)> <Delay = 0.67> <CoreInst = "RAM">   --->   Core 82 'RAM' <Latency = 1> <II = 1> <Delay = 0.67> <Storage> <Opcode : 'load' 'store'> <Ports = 2> <Width = 1> <Depth = 512> <RAM>
ST_7 : Operation 402 [1/2] ( I:0.67ns O:0.67ns )   --->   "%bnn_top_int_const_unsigned_int_const_int_const_unsigned_int_const_int_co_448 = load i9 %bnn_top_int_const_unsigned_int_const_int_const_unsigned_int_const_int_co_440" [bnn.cpp:119]   --->   Operation 402 'load' 'bnn_top_int_const_unsigned_int_const_int_const_unsigned_int_const_int_co_448' <Predicate = (trunc_ln111 == 0)> <Delay = 0.67> <CoreInst = "RAM">   --->   Core 82 'RAM' <Latency = 1> <II = 1> <Delay = 0.67> <Storage> <Opcode : 'load' 'store'> <Ports = 2> <Width = 1> <Depth = 512> <RAM>
ST_7 : Operation 403 [1/2] ( I:0.67ns O:0.67ns )   --->   "%bnn_top_int_const_unsigned_int_const_int_const_unsigned_int_const_int_co_449 = load i9 %bnn_top_int_const_unsigned_int_const_int_const_unsigned_int_const_int_co_441" [bnn.cpp:119]   --->   Operation 403 'load' 'bnn_top_int_const_unsigned_int_const_int_const_unsigned_int_const_int_co_449' <Predicate = (trunc_ln111 == 1)> <Delay = 0.67> <CoreInst = "RAM">   --->   Core 82 'RAM' <Latency = 1> <II = 1> <Delay = 0.67> <Storage> <Opcode : 'load' 'store'> <Ports = 2> <Width = 1> <Depth = 512> <RAM>
ST_7 : Operation 404 [1/2] ( I:0.67ns O:0.67ns )   --->   "%bnn_top_int_const_unsigned_int_const_int_const_unsigned_int_const_int_co_450 = load i9 %bnn_top_int_const_unsigned_int_const_int_const_unsigned_int_const_int_co_442" [bnn.cpp:119]   --->   Operation 404 'load' 'bnn_top_int_const_unsigned_int_const_int_const_unsigned_int_const_int_co_450' <Predicate = (trunc_ln111 == 2)> <Delay = 0.67> <CoreInst = "RAM">   --->   Core 82 'RAM' <Latency = 1> <II = 1> <Delay = 0.67> <Storage> <Opcode : 'load' 'store'> <Ports = 2> <Width = 1> <Depth = 512> <RAM>
ST_7 : Operation 405 [1/2] ( I:0.67ns O:0.67ns )   --->   "%bnn_top_int_const_unsigned_int_const_int_const_unsigned_int_const_int_co_451 = load i9 %bnn_top_int_const_unsigned_int_const_int_const_unsigned_int_const_int_co_443" [bnn.cpp:119]   --->   Operation 405 'load' 'bnn_top_int_const_unsigned_int_const_int_const_unsigned_int_const_int_co_451' <Predicate = (trunc_ln111 == 3)> <Delay = 0.67> <CoreInst = "RAM">   --->   Core 82 'RAM' <Latency = 1> <II = 1> <Delay = 0.67> <Storage> <Opcode : 'load' 'store'> <Ports = 2> <Width = 1> <Depth = 512> <RAM>
ST_7 : Operation 406 [1/2] ( I:0.67ns O:0.67ns )   --->   "%bnn_top_int_const_unsigned_int_const_int_const_unsigned_int_const_int_co_452 = load i9 %bnn_top_int_const_unsigned_int_const_int_const_unsigned_int_const_int_co_444" [bnn.cpp:119]   --->   Operation 406 'load' 'bnn_top_int_const_unsigned_int_const_int_const_unsigned_int_const_int_co_452' <Predicate = (trunc_ln111 == 4)> <Delay = 0.67> <CoreInst = "RAM">   --->   Core 82 'RAM' <Latency = 1> <II = 1> <Delay = 0.67> <Storage> <Opcode : 'load' 'store'> <Ports = 2> <Width = 1> <Depth = 512> <RAM>
ST_7 : Operation 407 [1/2] ( I:0.67ns O:0.67ns )   --->   "%bnn_top_int_const_unsigned_int_const_int_const_unsigned_int_const_int_co_453 = load i9 %bnn_top_int_const_unsigned_int_const_int_const_unsigned_int_const_int_co_445" [bnn.cpp:119]   --->   Operation 407 'load' 'bnn_top_int_const_unsigned_int_const_int_const_unsigned_int_const_int_co_453' <Predicate = (trunc_ln111 == 5)> <Delay = 0.67> <CoreInst = "RAM">   --->   Core 82 'RAM' <Latency = 1> <II = 1> <Delay = 0.67> <Storage> <Opcode : 'load' 'store'> <Ports = 2> <Width = 1> <Depth = 512> <RAM>
ST_7 : Operation 408 [1/2] ( I:0.67ns O:0.67ns )   --->   "%bnn_top_int_const_unsigned_int_const_int_const_unsigned_int_const_int_co_454 = load i9 %bnn_top_int_const_unsigned_int_const_int_const_unsigned_int_const_int_co_446" [bnn.cpp:119]   --->   Operation 408 'load' 'bnn_top_int_const_unsigned_int_const_int_const_unsigned_int_const_int_co_454' <Predicate = (trunc_ln111 == 6)> <Delay = 0.67> <CoreInst = "RAM">   --->   Core 82 'RAM' <Latency = 1> <II = 1> <Delay = 0.67> <Storage> <Opcode : 'load' 'store'> <Ports = 2> <Width = 1> <Depth = 512> <RAM>
ST_7 : Operation 409 [1/1] (0.72ns)   --->   "%a_13 = sparsemux i1 @_ssdm_op_SparseMux.ap_auto.8i1.i1.i3, i3 7, i1 %bnn_top_int_const_unsigned_int_const_int_const_unsigned_int_const_int_co_447, i3 0, i1 %bnn_top_int_const_unsigned_int_const_int_const_unsigned_int_const_int_co_448, i3 1, i1 %bnn_top_int_const_unsigned_int_const_int_const_unsigned_int_const_int_co_449, i3 2, i1 %bnn_top_int_const_unsigned_int_const_int_const_unsigned_int_const_int_co_450, i3 3, i1 %bnn_top_int_const_unsigned_int_const_int_const_unsigned_int_const_int_co_451, i3 4, i1 %bnn_top_int_const_unsigned_int_const_int_const_unsigned_int_const_int_co_452, i3 5, i1 %bnn_top_int_const_unsigned_int_const_int_const_unsigned_int_const_int_co_453, i3 6, i1 %bnn_top_int_const_unsigned_int_const_int_const_unsigned_int_const_int_co_454, i1 0, i3 %trunc_ln111" [bnn.cpp:119]   --->   Operation 409 'sparsemux' 'a_13' <Predicate = true> <Delay = 0.72> <CoreInst = "BinarySparseMux_DontCare">   --->   Core 149 'BinarySparseMux_DontCare' <Latency = 0> <II = 1> <Delay = 0.72> <FuncUnit> <Opcode : 'sparsemux'> <InPorts = 2> <OutPorts = 1>
ST_7 : Operation 410 [1/2] ( I:0.00ns O:0.00ns )   --->   "%W3_0_load_8 = load i10 %W3_0_addr_8" [bnn.cpp:120]   --->   Operation 410 'load' 'W3_0_load_8' <Predicate = (!tmp_73)> <Delay = 0.00> <CoreInst = "RAM">   --->   Core 82 'RAM' <Latency = 1> <II = 1> <Delay = 1.23> <Storage> <Opcode : 'load' 'store'> <Ports = 2> <Width = 32> <Depth = 576> <RAM>
ST_7 : Operation 411 [1/2] ( I:0.00ns O:0.00ns )   --->   "%W3_1_load_8 = load i10 %W3_1_addr_8" [bnn.cpp:120]   --->   Operation 411 'load' 'W3_1_load_8' <Predicate = (tmp_73)> <Delay = 0.00> <CoreInst = "RAM">   --->   Core 82 'RAM' <Latency = 1> <II = 1> <Delay = 1.23> <Storage> <Opcode : 'load' 'store'> <Ports = 2> <Width = 32> <Depth = 576> <RAM>
ST_7 : Operation 412 [1/1] (0.44ns)   --->   "%select_ln120_8 = select i1 %tmp_73, i32 %W3_1_load_8, i32 %W3_0_load_8" [bnn.cpp:120]   --->   Operation 412 'select' 'select_ln120_8' <Predicate = true> <Delay = 0.44> <CoreInst = "Sel">   --->   Core 73 'Sel' <Latency = 0> <II = 1> <Delay = 0.44> <FuncUnit> <Opcode : 'select'> <InPorts = 3> <OutPorts = 1>
ST_7 : Operation 413 [1/1] (0.78ns)   --->   "%add_ln120_16 = add i5 %trunc_ln120, i5 8" [bnn.cpp:120]   --->   Operation 413 'add' 'add_ln120_16' <Predicate = true> <Delay = 0.78> <CoreInst = "Adder">   --->   Core 1 'Adder' <Latency = 0> <II = 1> <Delay = 0.78> <FuncUnit> <Opcode : 'add' 'sub'> <InPorts = 2> <OutPorts = 1>
ST_7 : Operation 414 [1/1] (0.00ns)   --->   "%zext_ln120_18 = zext i5 %add_ln120_16" [bnn.cpp:120]   --->   Operation 414 'zext' 'zext_ln120_18' <Predicate = true> <Delay = 0.00>
ST_7 : Operation 415 [1/1] (1.38ns)   --->   "%lshr_ln120_15 = lshr i32 %select_ln120_8, i32 %zext_ln120_18" [bnn.cpp:120]   --->   Operation 415 'lshr' 'lshr_ln120_15' <Predicate = true> <Delay = 1.38> <CoreInst = "Shifter">   --->   Core 75 'Shifter' <Latency = 0> <II = 1> <Delay = 1.38> <FuncUnit> <Opcode : 'shl' 'lshr' 'ashr'> <InPorts = 2> <OutPorts = 1>
ST_7 : Operation 416 [4/9] (1.06ns)   --->   "%urem_ln125 = urem i5 %add_ln125, i5 5" [bnn.cpp:125]   --->   Operation 416 'urem' 'urem_ln125' <Predicate = true> <Delay = 1.06> <CoreInst = "Divider">   --->   Core 6 'Divider' <Latency = 8> <II = 1> <Delay = 1.06> <FuncUnit> <Opcode : 'udiv' 'sdiv' 'urem' 'srem'> <InPorts = 2> <OutPorts = 1>

State 8 <SV = 7> <Delay = 4.32>
ST_8 : Operation 417 [1/1] (0.00ns)   --->   "%acc_27_load = load i32 %acc_27"   --->   Operation 417 'load' 'acc_27_load' <Predicate = (!empty)> <Delay = 0.00>
ST_8 : Operation 418 [1/1] (0.44ns)   --->   "%acc_27_mid2 = select i1 %empty, i32 0, i32 %acc_27_load" [bnn.cpp:110]   --->   Operation 418 'select' 'acc_27_mid2' <Predicate = true> <Delay = 0.44> <CoreInst = "Sel">   --->   Core 73 'Sel' <Latency = 0> <II = 1> <Delay = 0.44> <FuncUnit> <Opcode : 'select'> <InPorts = 3> <OutPorts = 1>
ST_8 : Operation 419 [1/1] (0.00ns)   --->   "%zext_ln118_1 = zext i3 %trunc_ln125" [bnn.cpp:118]   --->   Operation 419 'zext' 'zext_ln118_1' <Predicate = true> <Delay = 0.00>
ST_8 : Operation 420 [1/1] (0.67ns)   --->   "%add_ln118 = add i4 %zext_ln118_1, i4 15" [bnn.cpp:118]   --->   Operation 420 'add' 'add_ln118' <Predicate = true> <Delay = 0.67> <CoreInst = "Adder">   --->   Core 1 'Adder' <Latency = 0> <II = 1> <Delay = 0.67> <FuncUnit> <Opcode : 'add' 'sub'> <InPorts = 2> <OutPorts = 1>
ST_8 : Operation 421 [1/1] (0.00ns)   --->   "%tmp = bitselect i1 @_ssdm_op_BitSelect.i1.i4.i32, i4 %add_ln118, i32 3" [bnn.cpp:118]   --->   Operation 421 'bitselect' 'tmp' <Predicate = true> <Delay = 0.00>
ST_8 : Operation 422 [1/1] (0.00ns) (grouped into LUT with out node acc_35)   --->   "%or_ln118 = or i4 %add_ln117_1, i4 %add_ln118" [bnn.cpp:118]   --->   Operation 422 'or' 'or_ln118' <Predicate = true> <Delay = 0.00> <CoreInst = "LogicGate">   --->   Core 74 'LogicGate' <Latency = 0> <II = 1> <Delay = 0.35> <FuncUnit> <Opcode : 'and' 'or' 'xor'> <InPorts = 2> <OutPorts = 1>
ST_8 : Operation 423 [1/1] (0.00ns) (grouped into LUT with out node acc_35)   --->   "%tmp_56 = bitselect i1 @_ssdm_op_BitSelect.i1.i4.i32, i4 %or_ln118, i32 3" [bnn.cpp:118]   --->   Operation 423 'bitselect' 'tmp_56' <Predicate = true> <Delay = 0.00>
ST_8 : Operation 424 [1/1] (0.00ns) (grouped into LUT with out node icmp_ln118)   --->   "%or_ln118_1 = or i4 %add_ln118, i4 %add_ln117_2_mid2" [bnn.cpp:118]   --->   Operation 424 'or' 'or_ln118_1' <Predicate = true> <Delay = 0.00> <CoreInst = "LogicGate">   --->   Core 74 'LogicGate' <Latency = 0> <II = 1> <Delay = 0.35> <FuncUnit> <Opcode : 'and' 'or' 'xor'> <InPorts = 2> <OutPorts = 1>
ST_8 : Operation 425 [1/1] (0.00ns) (grouped into LUT with out node icmp_ln118)   --->   "%tmp_57 = bitselect i1 @_ssdm_op_BitSelect.i1.i4.i32, i4 %or_ln118_1, i32 3" [bnn.cpp:118]   --->   Operation 425 'bitselect' 'tmp_57' <Predicate = true> <Delay = 0.00>
ST_8 : Operation 426 [1/1] (0.00ns) (grouped into LUT with out node icmp_ln118)   --->   "%tmp_58 = bitconcatenate i2 @_ssdm_op_BitConcatenate.i2.i1.i1, i1 %tmp, i1 %tmp_57" [bnn.cpp:118]   --->   Operation 426 'bitconcatenate' 'tmp_58' <Predicate = true> <Delay = 0.00>
ST_8 : Operation 427 [1/1] (0.54ns) (out node of the LUT)   --->   "%icmp_ln118 = icmp_eq  i2 %tmp_58, i2 0" [bnn.cpp:118]   --->   Operation 427 'icmp' 'icmp_ln118' <Predicate = true> <Delay = 0.54> <CoreInst = "Cmp">   --->   Core 9 'Cmp' <Latency = 0> <II = 1> <Delay = 0.54> <FuncUnit> <Opcode : 'seteq' 'setne' 'setle' 'setge' 'setlt' 'setgt'> <InPorts = 2> <OutPorts = 1>
ST_8 : Operation 428 [1/1] (0.00ns) (grouped into LUT with out node icmp_ln118_1)   --->   "%or_ln118_2 = or i4 %add_ln117_1, i4 %select_ln110_1" [bnn.cpp:118]   --->   Operation 428 'or' 'or_ln118_2' <Predicate = true> <Delay = 0.00> <CoreInst = "LogicGate">   --->   Core 74 'LogicGate' <Latency = 0> <II = 1> <Delay = 0.35> <FuncUnit> <Opcode : 'and' 'or' 'xor'> <InPorts = 2> <OutPorts = 1>
ST_8 : Operation 429 [1/1] (0.00ns) (grouped into LUT with out node icmp_ln118_1)   --->   "%tmp_61 = bitselect i1 @_ssdm_op_BitSelect.i1.i4.i32, i4 %or_ln118_2, i32 3" [bnn.cpp:118]   --->   Operation 429 'bitselect' 'tmp_61' <Predicate = true> <Delay = 0.00>
ST_8 : Operation 430 [1/1] (0.00ns) (grouped into LUT with out node icmp_ln118_1)   --->   "%tmp_62 = bitconcatenate i2 @_ssdm_op_BitConcatenate.i2.i1.i1, i1 %tmp_59, i1 %tmp_61" [bnn.cpp:118]   --->   Operation 430 'bitconcatenate' 'tmp_62' <Predicate = true> <Delay = 0.00>
ST_8 : Operation 431 [1/1] (0.54ns) (out node of the LUT)   --->   "%icmp_ln118_1 = icmp_eq  i2 %tmp_62, i2 0" [bnn.cpp:118]   --->   Operation 431 'icmp' 'icmp_ln118_1' <Predicate = true> <Delay = 0.54> <CoreInst = "Cmp">   --->   Core 9 'Cmp' <Latency = 0> <II = 1> <Delay = 0.54> <FuncUnit> <Opcode : 'seteq' 'setne' 'setle' 'setge' 'setlt' 'setgt'> <InPorts = 2> <OutPorts = 1>
ST_8 : Operation 432 [1/2] ( I:0.67ns O:0.67ns )   --->   "%bnn_top_int_const_unsigned_int_const_int_const_unsigned_int_const_int_co_319 = load i9 %bnn_top_int_const_unsigned_int_const_int_const_unsigned_int_const_int_co_311" [bnn.cpp:119]   --->   Operation 432 'load' 'bnn_top_int_const_unsigned_int_const_int_const_unsigned_int_const_int_co_319' <Predicate = (trunc_ln111 == 1)> <Delay = 0.67> <CoreInst = "RAM">   --->   Core 82 'RAM' <Latency = 1> <II = 1> <Delay = 0.67> <Storage> <Opcode : 'load' 'store'> <Ports = 2> <Width = 1> <Depth = 512> <RAM>
ST_8 : Operation 433 [1/2] ( I:0.67ns O:0.67ns )   --->   "%bnn_top_int_const_unsigned_int_const_int_const_unsigned_int_const_int_co_320 = load i9 %bnn_top_int_const_unsigned_int_const_int_const_unsigned_int_const_int_co_312" [bnn.cpp:119]   --->   Operation 433 'load' 'bnn_top_int_const_unsigned_int_const_int_const_unsigned_int_const_int_co_320' <Predicate = (trunc_ln111 == 2)> <Delay = 0.67> <CoreInst = "RAM">   --->   Core 82 'RAM' <Latency = 1> <II = 1> <Delay = 0.67> <Storage> <Opcode : 'load' 'store'> <Ports = 2> <Width = 1> <Depth = 512> <RAM>
ST_8 : Operation 434 [1/2] ( I:0.67ns O:0.67ns )   --->   "%bnn_top_int_const_unsigned_int_const_int_const_unsigned_int_const_int_co_321 = load i9 %bnn_top_int_const_unsigned_int_const_int_const_unsigned_int_const_int_co_313" [bnn.cpp:119]   --->   Operation 434 'load' 'bnn_top_int_const_unsigned_int_const_int_const_unsigned_int_const_int_co_321' <Predicate = (trunc_ln111 == 3)> <Delay = 0.67> <CoreInst = "RAM">   --->   Core 82 'RAM' <Latency = 1> <II = 1> <Delay = 0.67> <Storage> <Opcode : 'load' 'store'> <Ports = 2> <Width = 1> <Depth = 512> <RAM>
ST_8 : Operation 435 [1/2] ( I:0.67ns O:0.67ns )   --->   "%bnn_top_int_const_unsigned_int_const_int_const_unsigned_int_const_int_co_322 = load i9 %bnn_top_int_const_unsigned_int_const_int_const_unsigned_int_const_int_co_314" [bnn.cpp:119]   --->   Operation 435 'load' 'bnn_top_int_const_unsigned_int_const_int_const_unsigned_int_const_int_co_322' <Predicate = (trunc_ln111 == 4)> <Delay = 0.67> <CoreInst = "RAM">   --->   Core 82 'RAM' <Latency = 1> <II = 1> <Delay = 0.67> <Storage> <Opcode : 'load' 'store'> <Ports = 2> <Width = 1> <Depth = 512> <RAM>
ST_8 : Operation 436 [1/2] ( I:0.67ns O:0.67ns )   --->   "%bnn_top_int_const_unsigned_int_const_int_const_unsigned_int_const_int_co_323 = load i9 %bnn_top_int_const_unsigned_int_const_int_const_unsigned_int_const_int_co_315" [bnn.cpp:119]   --->   Operation 436 'load' 'bnn_top_int_const_unsigned_int_const_int_const_unsigned_int_const_int_co_323' <Predicate = (trunc_ln111 == 5)> <Delay = 0.67> <CoreInst = "RAM">   --->   Core 82 'RAM' <Latency = 1> <II = 1> <Delay = 0.67> <Storage> <Opcode : 'load' 'store'> <Ports = 2> <Width = 1> <Depth = 512> <RAM>
ST_8 : Operation 437 [1/2] ( I:0.67ns O:0.67ns )   --->   "%bnn_top_int_const_unsigned_int_const_int_const_unsigned_int_const_int_co_324 = load i9 %bnn_top_int_const_unsigned_int_const_int_const_unsigned_int_const_int_co_316" [bnn.cpp:119]   --->   Operation 437 'load' 'bnn_top_int_const_unsigned_int_const_int_const_unsigned_int_const_int_co_324' <Predicate = (trunc_ln111 == 6)> <Delay = 0.67> <CoreInst = "RAM">   --->   Core 82 'RAM' <Latency = 1> <II = 1> <Delay = 0.67> <Storage> <Opcode : 'load' 'store'> <Ports = 2> <Width = 1> <Depth = 512> <RAM>
ST_8 : Operation 438 [1/2] ( I:0.67ns O:0.67ns )   --->   "%bnn_top_int_const_unsigned_int_const_int_const_unsigned_int_const_int_co_325 = load i9 %bnn_top_int_const_unsigned_int_const_int_const_unsigned_int_const_int_co_317" [bnn.cpp:119]   --->   Operation 438 'load' 'bnn_top_int_const_unsigned_int_const_int_const_unsigned_int_const_int_co_325' <Predicate = (trunc_ln111 == 7)> <Delay = 0.67> <CoreInst = "RAM">   --->   Core 82 'RAM' <Latency = 1> <II = 1> <Delay = 0.67> <Storage> <Opcode : 'load' 'store'> <Ports = 2> <Width = 1> <Depth = 512> <RAM>
ST_8 : Operation 439 [1/2] ( I:0.67ns O:0.67ns )   --->   "%bnn_top_int_const_unsigned_int_const_int_const_unsigned_int_const_int_co_326 = load i9 %bnn_top_int_const_unsigned_int_const_int_const_unsigned_int_const_int_co_318" [bnn.cpp:119]   --->   Operation 439 'load' 'bnn_top_int_const_unsigned_int_const_int_const_unsigned_int_const_int_co_326' <Predicate = (trunc_ln111 == 0)> <Delay = 0.67> <CoreInst = "RAM">   --->   Core 82 'RAM' <Latency = 1> <II = 1> <Delay = 0.67> <Storage> <Opcode : 'load' 'store'> <Ports = 2> <Width = 1> <Depth = 512> <RAM>
ST_8 : Operation 440 [1/1] (0.72ns)   --->   "%a_3 = sparsemux i1 @_ssdm_op_SparseMux.ap_auto.8i1.i1.i3, i3 1, i1 %bnn_top_int_const_unsigned_int_const_int_const_unsigned_int_const_int_co_319, i3 2, i1 %bnn_top_int_const_unsigned_int_const_int_const_unsigned_int_const_int_co_320, i3 3, i1 %bnn_top_int_const_unsigned_int_const_int_const_unsigned_int_const_int_co_321, i3 4, i1 %bnn_top_int_const_unsigned_int_const_int_const_unsigned_int_const_int_co_322, i3 5, i1 %bnn_top_int_const_unsigned_int_const_int_const_unsigned_int_const_int_co_323, i3 6, i1 %bnn_top_int_const_unsigned_int_const_int_const_unsigned_int_const_int_co_324, i3 7, i1 %bnn_top_int_const_unsigned_int_const_int_const_unsigned_int_const_int_co_325, i3 0, i1 %bnn_top_int_const_unsigned_int_const_int_const_unsigned_int_const_int_co_326, i1 0, i3 %trunc_ln111" [bnn.cpp:119]   --->   Operation 440 'sparsemux' 'a_3' <Predicate = true> <Delay = 0.72> <CoreInst = "BinarySparseMux_DontCare">   --->   Core 149 'BinarySparseMux_DontCare' <Latency = 0> <II = 1> <Delay = 0.72> <FuncUnit> <Opcode : 'sparsemux'> <InPorts = 2> <OutPorts = 1>
ST_8 : Operation 441 [1/1] (0.00ns) (grouped into LUT with out node acc)   --->   "%w = trunc i32 %lshr_ln120" [bnn.cpp:120]   --->   Operation 441 'trunc' 'w' <Predicate = true> <Delay = 0.00>
ST_8 : Operation 442 [1/1] (0.00ns) (grouped into LUT with out node acc)   --->   "%xor_ln121 = xor i1 %a_3, i1 %w" [bnn.cpp:121]   --->   Operation 442 'xor' 'xor_ln121' <Predicate = true> <Delay = 0.00> <CoreInst = "LogicGate">   --->   Core 74 'LogicGate' <Latency = 0> <II = 1> <Delay = 0.28> <FuncUnit> <Opcode : 'and' 'or' 'xor'> <InPorts = 2> <OutPorts = 1>
ST_8 : Operation 443 [1/1] (0.00ns) (grouped into LUT with out node acc)   --->   "%select_ln121 = select i1 %xor_ln121, i32 4294967295, i32 1" [bnn.cpp:121]   --->   Operation 443 'select' 'select_ln121' <Predicate = true> <Delay = 0.00> <CoreInst = "Sel">   --->   Core 73 'Sel' <Latency = 0> <II = 1> <Delay = 0.17> <FuncUnit> <Opcode : 'select'> <InPorts = 3> <OutPorts = 1>
ST_8 : Operation 444 [1/1] (1.01ns) (out node of the LUT)   --->   "%acc = add i32 %select_ln121, i32 %acc_27_mid2" [bnn.cpp:121]   --->   Operation 444 'add' 'acc' <Predicate = true> <Delay = 1.01> <CoreInst = "Adder">   --->   Core 1 'Adder' <Latency = 0> <II = 1> <Delay = 1.01> <FuncUnit> <Opcode : 'add' 'sub'> <InPorts = 2> <OutPorts = 1>
ST_8 : Operation 445 [1/1] (0.44ns) (out node of the LUT)   --->   "%acc_35 = select i1 %tmp_56, i32 %acc_27_mid2, i32 %acc" [bnn.cpp:118]   --->   Operation 445 'select' 'acc_35' <Predicate = true> <Delay = 0.44> <CoreInst = "Sel">   --->   Core 73 'Sel' <Latency = 0> <II = 1> <Delay = 0.44> <FuncUnit> <Opcode : 'select'> <InPorts = 3> <OutPorts = 1>
ST_8 : Operation 446 [1/2] ( I:0.67ns O:0.67ns )   --->   "%bnn_top_int_const_unsigned_int_const_int_const_unsigned_int_const_int_co_335 = load i9 %bnn_top_int_const_unsigned_int_const_int_const_unsigned_int_const_int_co_327" [bnn.cpp:119]   --->   Operation 446 'load' 'bnn_top_int_const_unsigned_int_const_int_const_unsigned_int_const_int_co_335' <Predicate = (trunc_ln111 == 0)> <Delay = 0.67> <CoreInst = "RAM">   --->   Core 82 'RAM' <Latency = 1> <II = 1> <Delay = 0.67> <Storage> <Opcode : 'load' 'store'> <Ports = 2> <Width = 1> <Depth = 512> <RAM>
ST_8 : Operation 447 [1/2] ( I:0.67ns O:0.67ns )   --->   "%bnn_top_int_const_unsigned_int_const_int_const_unsigned_int_const_int_co_336 = load i9 %bnn_top_int_const_unsigned_int_const_int_const_unsigned_int_const_int_co_328" [bnn.cpp:119]   --->   Operation 447 'load' 'bnn_top_int_const_unsigned_int_const_int_const_unsigned_int_const_int_co_336' <Predicate = (trunc_ln111 == 1)> <Delay = 0.67> <CoreInst = "RAM">   --->   Core 82 'RAM' <Latency = 1> <II = 1> <Delay = 0.67> <Storage> <Opcode : 'load' 'store'> <Ports = 2> <Width = 1> <Depth = 512> <RAM>
ST_8 : Operation 448 [1/2] ( I:0.67ns O:0.67ns )   --->   "%bnn_top_int_const_unsigned_int_const_int_const_unsigned_int_const_int_co_337 = load i9 %bnn_top_int_const_unsigned_int_const_int_const_unsigned_int_const_int_co_329" [bnn.cpp:119]   --->   Operation 448 'load' 'bnn_top_int_const_unsigned_int_const_int_const_unsigned_int_const_int_co_337' <Predicate = (trunc_ln111 == 2)> <Delay = 0.67> <CoreInst = "RAM">   --->   Core 82 'RAM' <Latency = 1> <II = 1> <Delay = 0.67> <Storage> <Opcode : 'load' 'store'> <Ports = 2> <Width = 1> <Depth = 512> <RAM>
ST_8 : Operation 449 [1/2] ( I:0.67ns O:0.67ns )   --->   "%bnn_top_int_const_unsigned_int_const_int_const_unsigned_int_const_int_co_338 = load i9 %bnn_top_int_const_unsigned_int_const_int_const_unsigned_int_const_int_co_330" [bnn.cpp:119]   --->   Operation 449 'load' 'bnn_top_int_const_unsigned_int_const_int_const_unsigned_int_const_int_co_338' <Predicate = (trunc_ln111 == 3)> <Delay = 0.67> <CoreInst = "RAM">   --->   Core 82 'RAM' <Latency = 1> <II = 1> <Delay = 0.67> <Storage> <Opcode : 'load' 'store'> <Ports = 2> <Width = 1> <Depth = 512> <RAM>
ST_8 : Operation 450 [1/2] ( I:0.67ns O:0.67ns )   --->   "%bnn_top_int_const_unsigned_int_const_int_const_unsigned_int_const_int_co_339 = load i9 %bnn_top_int_const_unsigned_int_const_int_const_unsigned_int_const_int_co_331" [bnn.cpp:119]   --->   Operation 450 'load' 'bnn_top_int_const_unsigned_int_const_int_const_unsigned_int_const_int_co_339' <Predicate = (trunc_ln111 == 4)> <Delay = 0.67> <CoreInst = "RAM">   --->   Core 82 'RAM' <Latency = 1> <II = 1> <Delay = 0.67> <Storage> <Opcode : 'load' 'store'> <Ports = 2> <Width = 1> <Depth = 512> <RAM>
ST_8 : Operation 451 [1/2] ( I:0.67ns O:0.67ns )   --->   "%bnn_top_int_const_unsigned_int_const_int_const_unsigned_int_const_int_co_340 = load i9 %bnn_top_int_const_unsigned_int_const_int_const_unsigned_int_const_int_co_332" [bnn.cpp:119]   --->   Operation 451 'load' 'bnn_top_int_const_unsigned_int_const_int_const_unsigned_int_const_int_co_340' <Predicate = (trunc_ln111 == 5)> <Delay = 0.67> <CoreInst = "RAM">   --->   Core 82 'RAM' <Latency = 1> <II = 1> <Delay = 0.67> <Storage> <Opcode : 'load' 'store'> <Ports = 2> <Width = 1> <Depth = 512> <RAM>
ST_8 : Operation 452 [1/2] ( I:0.67ns O:0.67ns )   --->   "%bnn_top_int_const_unsigned_int_const_int_const_unsigned_int_const_int_co_341 = load i9 %bnn_top_int_const_unsigned_int_const_int_const_unsigned_int_const_int_co_333" [bnn.cpp:119]   --->   Operation 452 'load' 'bnn_top_int_const_unsigned_int_const_int_const_unsigned_int_const_int_co_341' <Predicate = (trunc_ln111 == 6)> <Delay = 0.67> <CoreInst = "RAM">   --->   Core 82 'RAM' <Latency = 1> <II = 1> <Delay = 0.67> <Storage> <Opcode : 'load' 'store'> <Ports = 2> <Width = 1> <Depth = 512> <RAM>
ST_8 : Operation 453 [1/2] ( I:0.67ns O:0.67ns )   --->   "%bnn_top_int_const_unsigned_int_const_int_const_unsigned_int_const_int_co_342 = load i9 %bnn_top_int_const_unsigned_int_const_int_const_unsigned_int_const_int_co_334" [bnn.cpp:119]   --->   Operation 453 'load' 'bnn_top_int_const_unsigned_int_const_int_const_unsigned_int_const_int_co_342' <Predicate = (trunc_ln111 == 7)> <Delay = 0.67> <CoreInst = "RAM">   --->   Core 82 'RAM' <Latency = 1> <II = 1> <Delay = 0.67> <Storage> <Opcode : 'load' 'store'> <Ports = 2> <Width = 1> <Depth = 512> <RAM>
ST_8 : Operation 454 [1/1] (0.72ns)   --->   "%a_5 = sparsemux i1 @_ssdm_op_SparseMux.ap_auto.8i1.i1.i3, i3 0, i1 %bnn_top_int_const_unsigned_int_const_int_const_unsigned_int_const_int_co_335, i3 1, i1 %bnn_top_int_const_unsigned_int_const_int_const_unsigned_int_const_int_co_336, i3 2, i1 %bnn_top_int_const_unsigned_int_const_int_const_unsigned_int_const_int_co_337, i3 3, i1 %bnn_top_int_const_unsigned_int_const_int_const_unsigned_int_const_int_co_338, i3 4, i1 %bnn_top_int_const_unsigned_int_const_int_const_unsigned_int_const_int_co_339, i3 5, i1 %bnn_top_int_const_unsigned_int_const_int_const_unsigned_int_const_int_co_340, i3 6, i1 %bnn_top_int_const_unsigned_int_const_int_const_unsigned_int_const_int_co_341, i3 7, i1 %bnn_top_int_const_unsigned_int_const_int_const_unsigned_int_const_int_co_342, i1 0, i3 %trunc_ln111" [bnn.cpp:119]   --->   Operation 454 'sparsemux' 'a_5' <Predicate = true> <Delay = 0.72> <CoreInst = "BinarySparseMux_DontCare">   --->   Core 149 'BinarySparseMux_DontCare' <Latency = 0> <II = 1> <Delay = 0.72> <FuncUnit> <Opcode : 'sparsemux'> <InPorts = 2> <OutPorts = 1>
ST_8 : Operation 455 [1/1] (0.00ns) (grouped into LUT with out node acc_72)   --->   "%w_9 = trunc i32 %lshr_ln120_1" [bnn.cpp:120]   --->   Operation 455 'trunc' 'w_9' <Predicate = true> <Delay = 0.00>
ST_8 : Operation 456 [1/1] (0.00ns) (grouped into LUT with out node acc_72)   --->   "%xor_ln121_1 = xor i1 %a_5, i1 %w_9" [bnn.cpp:121]   --->   Operation 456 'xor' 'xor_ln121_1' <Predicate = true> <Delay = 0.00> <CoreInst = "LogicGate">   --->   Core 74 'LogicGate' <Latency = 0> <II = 1> <Delay = 0.28> <FuncUnit> <Opcode : 'and' 'or' 'xor'> <InPorts = 2> <OutPorts = 1>
ST_8 : Operation 457 [1/1] (0.00ns) (grouped into LUT with out node acc_72)   --->   "%select_ln121_1 = select i1 %xor_ln121_1, i32 4294967295, i32 1" [bnn.cpp:121]   --->   Operation 457 'select' 'select_ln121_1' <Predicate = true> <Delay = 0.00> <CoreInst = "Sel">   --->   Core 73 'Sel' <Latency = 0> <II = 1> <Delay = 0.17> <FuncUnit> <Opcode : 'select'> <InPorts = 3> <OutPorts = 1>
ST_8 : Operation 458 [1/1] (1.01ns) (out node of the LUT)   --->   "%acc_72 = add i32 %select_ln121_1, i32 %acc_35" [bnn.cpp:121]   --->   Operation 458 'add' 'acc_72' <Predicate = true> <Delay = 1.01> <CoreInst = "Adder">   --->   Core 1 'Adder' <Latency = 0> <II = 1> <Delay = 1.01> <FuncUnit> <Opcode : 'add' 'sub'> <InPorts = 2> <OutPorts = 1>
ST_8 : Operation 459 [1/1] (0.44ns)   --->   "%acc_43 = select i1 %tmp, i32 %acc_35, i32 %acc_72" [bnn.cpp:118]   --->   Operation 459 'select' 'acc_43' <Predicate = true> <Delay = 0.44> <CoreInst = "Sel">   --->   Core 73 'Sel' <Latency = 0> <II = 1> <Delay = 0.44> <FuncUnit> <Opcode : 'select'> <InPorts = 3> <OutPorts = 1>
ST_8 : Operation 460 [1/1] (0.00ns)   --->   "%zext_ln119_2 = zext i9 %lshr_ln119_3" [bnn.cpp:119]   --->   Operation 460 'zext' 'zext_ln119_2' <Predicate = true> <Delay = 0.00>
ST_8 : Operation 461 [1/1] (0.00ns)   --->   "%bnn_top_int_const_unsigned_int_const_int_const_unsigned_int_const_int_co_343 = getelementptr i1 %bnn_top_int_const_unsigned_int_const_int_const_unsigned_int_const_int_co_12, i64 0, i64 %zext_ln119_2" [bnn.cpp:119]   --->   Operation 461 'getelementptr' 'bnn_top_int_const_unsigned_int_const_int_const_unsigned_int_const_int_co_343' <Predicate = (trunc_ln111 == 7)> <Delay = 0.00>
ST_8 : Operation 462 [1/1] (0.00ns)   --->   "%bnn_top_int_const_unsigned_int_const_int_const_unsigned_int_const_int_co_344 = getelementptr i1 %bnn_top_int_const_unsigned_int_const_int_const_unsigned_int_const_int_co_6, i64 0, i64 %zext_ln119_2" [bnn.cpp:119]   --->   Operation 462 'getelementptr' 'bnn_top_int_const_unsigned_int_const_int_const_unsigned_int_const_int_co_344' <Predicate = (trunc_ln111 == 0)> <Delay = 0.00>
ST_8 : Operation 463 [1/1] (0.00ns)   --->   "%bnn_top_int_const_unsigned_int_const_int_const_unsigned_int_const_int_co_345 = getelementptr i1 %bnn_top_int_const_unsigned_int_const_int_const_unsigned_int_const_int_co_5, i64 0, i64 %zext_ln119_2" [bnn.cpp:119]   --->   Operation 463 'getelementptr' 'bnn_top_int_const_unsigned_int_const_int_const_unsigned_int_const_int_co_345' <Predicate = (trunc_ln111 == 1)> <Delay = 0.00>
ST_8 : Operation 464 [1/1] (0.00ns)   --->   "%bnn_top_int_const_unsigned_int_const_int_const_unsigned_int_const_int_co_346 = getelementptr i1 %bnn_top_int_const_unsigned_int_const_int_const_unsigned_int_const_int_co_11, i64 0, i64 %zext_ln119_2" [bnn.cpp:119]   --->   Operation 464 'getelementptr' 'bnn_top_int_const_unsigned_int_const_int_const_unsigned_int_const_int_co_346' <Predicate = (trunc_ln111 == 2)> <Delay = 0.00>
ST_8 : Operation 465 [1/1] (0.00ns)   --->   "%bnn_top_int_const_unsigned_int_const_int_const_unsigned_int_const_int_co_347 = getelementptr i1 %bnn_top_int_const_unsigned_int_const_int_const_unsigned_int_const_int_co_10, i64 0, i64 %zext_ln119_2" [bnn.cpp:119]   --->   Operation 465 'getelementptr' 'bnn_top_int_const_unsigned_int_const_int_const_unsigned_int_const_int_co_347' <Predicate = (trunc_ln111 == 3)> <Delay = 0.00>
ST_8 : Operation 466 [1/1] (0.00ns)   --->   "%bnn_top_int_const_unsigned_int_const_int_const_unsigned_int_const_int_co_348 = getelementptr i1 %bnn_top_int_const_unsigned_int_const_int_const_unsigned_int_const_int_co_9, i64 0, i64 %zext_ln119_2" [bnn.cpp:119]   --->   Operation 466 'getelementptr' 'bnn_top_int_const_unsigned_int_const_int_const_unsigned_int_const_int_co_348' <Predicate = (trunc_ln111 == 4)> <Delay = 0.00>
ST_8 : Operation 467 [1/1] (0.00ns)   --->   "%bnn_top_int_const_unsigned_int_const_int_const_unsigned_int_const_int_co_349 = getelementptr i1 %bnn_top_int_const_unsigned_int_const_int_const_unsigned_int_const_int_co_8, i64 0, i64 %zext_ln119_2" [bnn.cpp:119]   --->   Operation 467 'getelementptr' 'bnn_top_int_const_unsigned_int_const_int_const_unsigned_int_const_int_co_349' <Predicate = (trunc_ln111 == 5)> <Delay = 0.00>
ST_8 : Operation 468 [1/1] (0.00ns)   --->   "%bnn_top_int_const_unsigned_int_const_int_const_unsigned_int_const_int_co_350 = getelementptr i1 %bnn_top_int_const_unsigned_int_const_int_const_unsigned_int_const_int_co_7, i64 0, i64 %zext_ln119_2" [bnn.cpp:119]   --->   Operation 468 'getelementptr' 'bnn_top_int_const_unsigned_int_const_int_const_unsigned_int_const_int_co_350' <Predicate = (trunc_ln111 == 6)> <Delay = 0.00>
ST_8 : Operation 469 [2/2] (0.67ns)   --->   "%bnn_top_int_const_unsigned_int_const_int_const_unsigned_int_const_int_co_351 = load i9 %bnn_top_int_const_unsigned_int_const_int_const_unsigned_int_const_int_co_343" [bnn.cpp:119]   --->   Operation 469 'load' 'bnn_top_int_const_unsigned_int_const_int_const_unsigned_int_const_int_co_351' <Predicate = (trunc_ln111 == 7)> <Delay = 0.67> <CoreInst = "RAM">   --->   Core 82 'RAM' <Latency = 1> <II = 1> <Delay = 0.67> <Storage> <Opcode : 'load' 'store'> <Ports = 2> <Width = 1> <Depth = 512> <RAM>
ST_8 : Operation 470 [2/2] (0.67ns)   --->   "%bnn_top_int_const_unsigned_int_const_int_const_unsigned_int_const_int_co_352 = load i9 %bnn_top_int_const_unsigned_int_const_int_const_unsigned_int_const_int_co_344" [bnn.cpp:119]   --->   Operation 470 'load' 'bnn_top_int_const_unsigned_int_const_int_const_unsigned_int_const_int_co_352' <Predicate = (trunc_ln111 == 0)> <Delay = 0.67> <CoreInst = "RAM">   --->   Core 82 'RAM' <Latency = 1> <II = 1> <Delay = 0.67> <Storage> <Opcode : 'load' 'store'> <Ports = 2> <Width = 1> <Depth = 512> <RAM>
ST_8 : Operation 471 [2/2] (0.67ns)   --->   "%bnn_top_int_const_unsigned_int_const_int_const_unsigned_int_const_int_co_353 = load i9 %bnn_top_int_const_unsigned_int_const_int_const_unsigned_int_const_int_co_345" [bnn.cpp:119]   --->   Operation 471 'load' 'bnn_top_int_const_unsigned_int_const_int_const_unsigned_int_const_int_co_353' <Predicate = (trunc_ln111 == 1)> <Delay = 0.67> <CoreInst = "RAM">   --->   Core 82 'RAM' <Latency = 1> <II = 1> <Delay = 0.67> <Storage> <Opcode : 'load' 'store'> <Ports = 2> <Width = 1> <Depth = 512> <RAM>
ST_8 : Operation 472 [2/2] (0.67ns)   --->   "%bnn_top_int_const_unsigned_int_const_int_const_unsigned_int_const_int_co_354 = load i9 %bnn_top_int_const_unsigned_int_const_int_const_unsigned_int_const_int_co_346" [bnn.cpp:119]   --->   Operation 472 'load' 'bnn_top_int_const_unsigned_int_const_int_const_unsigned_int_const_int_co_354' <Predicate = (trunc_ln111 == 2)> <Delay = 0.67> <CoreInst = "RAM">   --->   Core 82 'RAM' <Latency = 1> <II = 1> <Delay = 0.67> <Storage> <Opcode : 'load' 'store'> <Ports = 2> <Width = 1> <Depth = 512> <RAM>
ST_8 : Operation 473 [2/2] (0.67ns)   --->   "%bnn_top_int_const_unsigned_int_const_int_const_unsigned_int_const_int_co_355 = load i9 %bnn_top_int_const_unsigned_int_const_int_const_unsigned_int_const_int_co_347" [bnn.cpp:119]   --->   Operation 473 'load' 'bnn_top_int_const_unsigned_int_const_int_const_unsigned_int_const_int_co_355' <Predicate = (trunc_ln111 == 3)> <Delay = 0.67> <CoreInst = "RAM">   --->   Core 82 'RAM' <Latency = 1> <II = 1> <Delay = 0.67> <Storage> <Opcode : 'load' 'store'> <Ports = 2> <Width = 1> <Depth = 512> <RAM>
ST_8 : Operation 474 [2/2] (0.67ns)   --->   "%bnn_top_int_const_unsigned_int_const_int_const_unsigned_int_const_int_co_356 = load i9 %bnn_top_int_const_unsigned_int_const_int_const_unsigned_int_const_int_co_348" [bnn.cpp:119]   --->   Operation 474 'load' 'bnn_top_int_const_unsigned_int_const_int_const_unsigned_int_const_int_co_356' <Predicate = (trunc_ln111 == 4)> <Delay = 0.67> <CoreInst = "RAM">   --->   Core 82 'RAM' <Latency = 1> <II = 1> <Delay = 0.67> <Storage> <Opcode : 'load' 'store'> <Ports = 2> <Width = 1> <Depth = 512> <RAM>
ST_8 : Operation 475 [2/2] (0.67ns)   --->   "%bnn_top_int_const_unsigned_int_const_int_const_unsigned_int_const_int_co_357 = load i9 %bnn_top_int_const_unsigned_int_const_int_const_unsigned_int_const_int_co_349" [bnn.cpp:119]   --->   Operation 475 'load' 'bnn_top_int_const_unsigned_int_const_int_const_unsigned_int_const_int_co_357' <Predicate = (trunc_ln111 == 5)> <Delay = 0.67> <CoreInst = "RAM">   --->   Core 82 'RAM' <Latency = 1> <II = 1> <Delay = 0.67> <Storage> <Opcode : 'load' 'store'> <Ports = 2> <Width = 1> <Depth = 512> <RAM>
ST_8 : Operation 476 [2/2] (0.67ns)   --->   "%bnn_top_int_const_unsigned_int_const_int_const_unsigned_int_const_int_co_358 = load i9 %bnn_top_int_const_unsigned_int_const_int_const_unsigned_int_const_int_co_350" [bnn.cpp:119]   --->   Operation 476 'load' 'bnn_top_int_const_unsigned_int_const_int_const_unsigned_int_const_int_co_358' <Predicate = (trunc_ln111 == 6)> <Delay = 0.67> <CoreInst = "RAM">   --->   Core 82 'RAM' <Latency = 1> <II = 1> <Delay = 0.67> <Storage> <Opcode : 'load' 'store'> <Ports = 2> <Width = 1> <Depth = 512> <RAM>
ST_8 : Operation 477 [1/1] (0.00ns)   --->   "%zext_ln119_3 = zext i9 %lshr_ln119_4" [bnn.cpp:119]   --->   Operation 477 'zext' 'zext_ln119_3' <Predicate = (!tmp_59)> <Delay = 0.00>
ST_8 : Operation 478 [1/1] (0.00ns)   --->   "%bnn_top_int_const_unsigned_int_const_int_const_unsigned_int_const_int_co_359 = getelementptr i1 %bnn_top_int_const_unsigned_int_const_int_const_unsigned_int_const_int_co_12, i64 0, i64 %zext_ln119_3" [bnn.cpp:119]   --->   Operation 478 'getelementptr' 'bnn_top_int_const_unsigned_int_const_int_const_unsigned_int_const_int_co_359' <Predicate = (!tmp_59 & trunc_ln111 == 1)> <Delay = 0.00>
ST_8 : Operation 479 [1/1] (0.00ns)   --->   "%bnn_top_int_const_unsigned_int_const_int_const_unsigned_int_const_int_co_360 = getelementptr i1 %bnn_top_int_const_unsigned_int_const_int_const_unsigned_int_const_int_co_6, i64 0, i64 %zext_ln119_3" [bnn.cpp:119]   --->   Operation 479 'getelementptr' 'bnn_top_int_const_unsigned_int_const_int_const_unsigned_int_const_int_co_360' <Predicate = (!tmp_59 & trunc_ln111 == 2)> <Delay = 0.00>
ST_8 : Operation 480 [1/1] (0.00ns)   --->   "%bnn_top_int_const_unsigned_int_const_int_const_unsigned_int_const_int_co_361 = getelementptr i1 %bnn_top_int_const_unsigned_int_const_int_const_unsigned_int_const_int_co_5, i64 0, i64 %zext_ln119_3" [bnn.cpp:119]   --->   Operation 480 'getelementptr' 'bnn_top_int_const_unsigned_int_const_int_const_unsigned_int_const_int_co_361' <Predicate = (!tmp_59 & trunc_ln111 == 3)> <Delay = 0.00>
ST_8 : Operation 481 [1/1] (0.00ns)   --->   "%bnn_top_int_const_unsigned_int_const_int_const_unsigned_int_const_int_co_362 = getelementptr i1 %bnn_top_int_const_unsigned_int_const_int_const_unsigned_int_const_int_co_11, i64 0, i64 %zext_ln119_3" [bnn.cpp:119]   --->   Operation 481 'getelementptr' 'bnn_top_int_const_unsigned_int_const_int_const_unsigned_int_const_int_co_362' <Predicate = (!tmp_59 & trunc_ln111 == 4)> <Delay = 0.00>
ST_8 : Operation 482 [1/1] (0.00ns)   --->   "%bnn_top_int_const_unsigned_int_const_int_const_unsigned_int_const_int_co_363 = getelementptr i1 %bnn_top_int_const_unsigned_int_const_int_const_unsigned_int_const_int_co_10, i64 0, i64 %zext_ln119_3" [bnn.cpp:119]   --->   Operation 482 'getelementptr' 'bnn_top_int_const_unsigned_int_const_int_const_unsigned_int_const_int_co_363' <Predicate = (!tmp_59 & trunc_ln111 == 5)> <Delay = 0.00>
ST_8 : Operation 483 [1/1] (0.00ns)   --->   "%bnn_top_int_const_unsigned_int_const_int_const_unsigned_int_const_int_co_364 = getelementptr i1 %bnn_top_int_const_unsigned_int_const_int_const_unsigned_int_const_int_co_9, i64 0, i64 %zext_ln119_3" [bnn.cpp:119]   --->   Operation 483 'getelementptr' 'bnn_top_int_const_unsigned_int_const_int_const_unsigned_int_const_int_co_364' <Predicate = (!tmp_59 & trunc_ln111 == 6)> <Delay = 0.00>
ST_8 : Operation 484 [1/1] (0.00ns)   --->   "%bnn_top_int_const_unsigned_int_const_int_const_unsigned_int_const_int_co_365 = getelementptr i1 %bnn_top_int_const_unsigned_int_const_int_const_unsigned_int_const_int_co_8, i64 0, i64 %zext_ln119_3" [bnn.cpp:119]   --->   Operation 484 'getelementptr' 'bnn_top_int_const_unsigned_int_const_int_const_unsigned_int_const_int_co_365' <Predicate = (!tmp_59 & trunc_ln111 == 7)> <Delay = 0.00>
ST_8 : Operation 485 [1/1] (0.00ns)   --->   "%bnn_top_int_const_unsigned_int_const_int_const_unsigned_int_const_int_co_366 = getelementptr i1 %bnn_top_int_const_unsigned_int_const_int_const_unsigned_int_const_int_co_7, i64 0, i64 %zext_ln119_3" [bnn.cpp:119]   --->   Operation 485 'getelementptr' 'bnn_top_int_const_unsigned_int_const_int_const_unsigned_int_const_int_co_366' <Predicate = (!tmp_59 & trunc_ln111 == 0)> <Delay = 0.00>
ST_8 : Operation 486 [2/2] (0.67ns)   --->   "%bnn_top_int_const_unsigned_int_const_int_const_unsigned_int_const_int_co_367 = load i9 %bnn_top_int_const_unsigned_int_const_int_const_unsigned_int_const_int_co_359" [bnn.cpp:119]   --->   Operation 486 'load' 'bnn_top_int_const_unsigned_int_const_int_const_unsigned_int_const_int_co_367' <Predicate = (!tmp_59 & trunc_ln111 == 1)> <Delay = 0.67> <CoreInst = "RAM">   --->   Core 82 'RAM' <Latency = 1> <II = 1> <Delay = 0.67> <Storage> <Opcode : 'load' 'store'> <Ports = 2> <Width = 1> <Depth = 512> <RAM>
ST_8 : Operation 487 [2/2] (0.67ns)   --->   "%bnn_top_int_const_unsigned_int_const_int_const_unsigned_int_const_int_co_368 = load i9 %bnn_top_int_const_unsigned_int_const_int_const_unsigned_int_const_int_co_360" [bnn.cpp:119]   --->   Operation 487 'load' 'bnn_top_int_const_unsigned_int_const_int_const_unsigned_int_const_int_co_368' <Predicate = (!tmp_59 & trunc_ln111 == 2)> <Delay = 0.67> <CoreInst = "RAM">   --->   Core 82 'RAM' <Latency = 1> <II = 1> <Delay = 0.67> <Storage> <Opcode : 'load' 'store'> <Ports = 2> <Width = 1> <Depth = 512> <RAM>
ST_8 : Operation 488 [2/2] (0.67ns)   --->   "%bnn_top_int_const_unsigned_int_const_int_const_unsigned_int_const_int_co_369 = load i9 %bnn_top_int_const_unsigned_int_const_int_const_unsigned_int_const_int_co_361" [bnn.cpp:119]   --->   Operation 488 'load' 'bnn_top_int_const_unsigned_int_const_int_const_unsigned_int_const_int_co_369' <Predicate = (!tmp_59 & trunc_ln111 == 3)> <Delay = 0.67> <CoreInst = "RAM">   --->   Core 82 'RAM' <Latency = 1> <II = 1> <Delay = 0.67> <Storage> <Opcode : 'load' 'store'> <Ports = 2> <Width = 1> <Depth = 512> <RAM>
ST_8 : Operation 489 [2/2] (0.67ns)   --->   "%bnn_top_int_const_unsigned_int_const_int_const_unsigned_int_const_int_co_370 = load i9 %bnn_top_int_const_unsigned_int_const_int_const_unsigned_int_const_int_co_362" [bnn.cpp:119]   --->   Operation 489 'load' 'bnn_top_int_const_unsigned_int_const_int_const_unsigned_int_const_int_co_370' <Predicate = (!tmp_59 & trunc_ln111 == 4)> <Delay = 0.67> <CoreInst = "RAM">   --->   Core 82 'RAM' <Latency = 1> <II = 1> <Delay = 0.67> <Storage> <Opcode : 'load' 'store'> <Ports = 2> <Width = 1> <Depth = 512> <RAM>
ST_8 : Operation 490 [2/2] (0.67ns)   --->   "%bnn_top_int_const_unsigned_int_const_int_const_unsigned_int_const_int_co_371 = load i9 %bnn_top_int_const_unsigned_int_const_int_const_unsigned_int_const_int_co_363" [bnn.cpp:119]   --->   Operation 490 'load' 'bnn_top_int_const_unsigned_int_const_int_const_unsigned_int_const_int_co_371' <Predicate = (!tmp_59 & trunc_ln111 == 5)> <Delay = 0.67> <CoreInst = "RAM">   --->   Core 82 'RAM' <Latency = 1> <II = 1> <Delay = 0.67> <Storage> <Opcode : 'load' 'store'> <Ports = 2> <Width = 1> <Depth = 512> <RAM>
ST_8 : Operation 491 [2/2] (0.67ns)   --->   "%bnn_top_int_const_unsigned_int_const_int_const_unsigned_int_const_int_co_372 = load i9 %bnn_top_int_const_unsigned_int_const_int_const_unsigned_int_const_int_co_364" [bnn.cpp:119]   --->   Operation 491 'load' 'bnn_top_int_const_unsigned_int_const_int_const_unsigned_int_const_int_co_372' <Predicate = (!tmp_59 & trunc_ln111 == 6)> <Delay = 0.67> <CoreInst = "RAM">   --->   Core 82 'RAM' <Latency = 1> <II = 1> <Delay = 0.67> <Storage> <Opcode : 'load' 'store'> <Ports = 2> <Width = 1> <Depth = 512> <RAM>
ST_8 : Operation 492 [2/2] (0.67ns)   --->   "%bnn_top_int_const_unsigned_int_const_int_const_unsigned_int_const_int_co_373 = load i9 %bnn_top_int_const_unsigned_int_const_int_const_unsigned_int_const_int_co_365" [bnn.cpp:119]   --->   Operation 492 'load' 'bnn_top_int_const_unsigned_int_const_int_const_unsigned_int_const_int_co_373' <Predicate = (!tmp_59 & trunc_ln111 == 7)> <Delay = 0.67> <CoreInst = "RAM">   --->   Core 82 'RAM' <Latency = 1> <II = 1> <Delay = 0.67> <Storage> <Opcode : 'load' 'store'> <Ports = 2> <Width = 1> <Depth = 512> <RAM>
ST_8 : Operation 493 [2/2] (0.67ns)   --->   "%bnn_top_int_const_unsigned_int_const_int_const_unsigned_int_const_int_co_374 = load i9 %bnn_top_int_const_unsigned_int_const_int_const_unsigned_int_const_int_co_366" [bnn.cpp:119]   --->   Operation 493 'load' 'bnn_top_int_const_unsigned_int_const_int_const_unsigned_int_const_int_co_374' <Predicate = (!tmp_59 & trunc_ln111 == 0)> <Delay = 0.67> <CoreInst = "RAM">   --->   Core 82 'RAM' <Latency = 1> <II = 1> <Delay = 0.67> <Storage> <Opcode : 'load' 'store'> <Ports = 2> <Width = 1> <Depth = 512> <RAM>
ST_8 : Operation 494 [3/9] (1.06ns)   --->   "%urem_ln125 = urem i5 %add_ln125, i5 5" [bnn.cpp:125]   --->   Operation 494 'urem' 'urem_ln125' <Predicate = true> <Delay = 1.06> <CoreInst = "Divider">   --->   Core 6 'Divider' <Latency = 8> <II = 1> <Delay = 1.06> <FuncUnit> <Opcode : 'udiv' 'sdiv' 'urem' 'srem'> <InPorts = 2> <OutPorts = 1>

State 9 <SV = 8> <Delay = 6.36>
ST_9 : Operation 495 [1/2] ( I:0.67ns O:0.67ns )   --->   "%bnn_top_int_const_unsigned_int_const_int_const_unsigned_int_const_int_co_351 = load i9 %bnn_top_int_const_unsigned_int_const_int_const_unsigned_int_const_int_co_343" [bnn.cpp:119]   --->   Operation 495 'load' 'bnn_top_int_const_unsigned_int_const_int_const_unsigned_int_const_int_co_351' <Predicate = (trunc_ln111 == 7)> <Delay = 0.67> <CoreInst = "RAM">   --->   Core 82 'RAM' <Latency = 1> <II = 1> <Delay = 0.67> <Storage> <Opcode : 'load' 'store'> <Ports = 2> <Width = 1> <Depth = 512> <RAM>
ST_9 : Operation 496 [1/2] ( I:0.67ns O:0.67ns )   --->   "%bnn_top_int_const_unsigned_int_const_int_const_unsigned_int_const_int_co_352 = load i9 %bnn_top_int_const_unsigned_int_const_int_const_unsigned_int_const_int_co_344" [bnn.cpp:119]   --->   Operation 496 'load' 'bnn_top_int_const_unsigned_int_const_int_const_unsigned_int_const_int_co_352' <Predicate = (trunc_ln111 == 0)> <Delay = 0.67> <CoreInst = "RAM">   --->   Core 82 'RAM' <Latency = 1> <II = 1> <Delay = 0.67> <Storage> <Opcode : 'load' 'store'> <Ports = 2> <Width = 1> <Depth = 512> <RAM>
ST_9 : Operation 497 [1/2] ( I:0.67ns O:0.67ns )   --->   "%bnn_top_int_const_unsigned_int_const_int_const_unsigned_int_const_int_co_353 = load i9 %bnn_top_int_const_unsigned_int_const_int_const_unsigned_int_const_int_co_345" [bnn.cpp:119]   --->   Operation 497 'load' 'bnn_top_int_const_unsigned_int_const_int_const_unsigned_int_const_int_co_353' <Predicate = (trunc_ln111 == 1)> <Delay = 0.67> <CoreInst = "RAM">   --->   Core 82 'RAM' <Latency = 1> <II = 1> <Delay = 0.67> <Storage> <Opcode : 'load' 'store'> <Ports = 2> <Width = 1> <Depth = 512> <RAM>
ST_9 : Operation 498 [1/2] ( I:0.67ns O:0.67ns )   --->   "%bnn_top_int_const_unsigned_int_const_int_const_unsigned_int_const_int_co_354 = load i9 %bnn_top_int_const_unsigned_int_const_int_const_unsigned_int_const_int_co_346" [bnn.cpp:119]   --->   Operation 498 'load' 'bnn_top_int_const_unsigned_int_const_int_const_unsigned_int_const_int_co_354' <Predicate = (trunc_ln111 == 2)> <Delay = 0.67> <CoreInst = "RAM">   --->   Core 82 'RAM' <Latency = 1> <II = 1> <Delay = 0.67> <Storage> <Opcode : 'load' 'store'> <Ports = 2> <Width = 1> <Depth = 512> <RAM>
ST_9 : Operation 499 [1/2] ( I:0.67ns O:0.67ns )   --->   "%bnn_top_int_const_unsigned_int_const_int_const_unsigned_int_const_int_co_355 = load i9 %bnn_top_int_const_unsigned_int_const_int_const_unsigned_int_const_int_co_347" [bnn.cpp:119]   --->   Operation 499 'load' 'bnn_top_int_const_unsigned_int_const_int_const_unsigned_int_const_int_co_355' <Predicate = (trunc_ln111 == 3)> <Delay = 0.67> <CoreInst = "RAM">   --->   Core 82 'RAM' <Latency = 1> <II = 1> <Delay = 0.67> <Storage> <Opcode : 'load' 'store'> <Ports = 2> <Width = 1> <Depth = 512> <RAM>
ST_9 : Operation 500 [1/2] ( I:0.67ns O:0.67ns )   --->   "%bnn_top_int_const_unsigned_int_const_int_const_unsigned_int_const_int_co_356 = load i9 %bnn_top_int_const_unsigned_int_const_int_const_unsigned_int_const_int_co_348" [bnn.cpp:119]   --->   Operation 500 'load' 'bnn_top_int_const_unsigned_int_const_int_const_unsigned_int_const_int_co_356' <Predicate = (trunc_ln111 == 4)> <Delay = 0.67> <CoreInst = "RAM">   --->   Core 82 'RAM' <Latency = 1> <II = 1> <Delay = 0.67> <Storage> <Opcode : 'load' 'store'> <Ports = 2> <Width = 1> <Depth = 512> <RAM>
ST_9 : Operation 501 [1/2] ( I:0.67ns O:0.67ns )   --->   "%bnn_top_int_const_unsigned_int_const_int_const_unsigned_int_const_int_co_357 = load i9 %bnn_top_int_const_unsigned_int_const_int_const_unsigned_int_const_int_co_349" [bnn.cpp:119]   --->   Operation 501 'load' 'bnn_top_int_const_unsigned_int_const_int_const_unsigned_int_const_int_co_357' <Predicate = (trunc_ln111 == 5)> <Delay = 0.67> <CoreInst = "RAM">   --->   Core 82 'RAM' <Latency = 1> <II = 1> <Delay = 0.67> <Storage> <Opcode : 'load' 'store'> <Ports = 2> <Width = 1> <Depth = 512> <RAM>
ST_9 : Operation 502 [1/2] ( I:0.67ns O:0.67ns )   --->   "%bnn_top_int_const_unsigned_int_const_int_const_unsigned_int_const_int_co_358 = load i9 %bnn_top_int_const_unsigned_int_const_int_const_unsigned_int_const_int_co_350" [bnn.cpp:119]   --->   Operation 502 'load' 'bnn_top_int_const_unsigned_int_const_int_const_unsigned_int_const_int_co_358' <Predicate = (trunc_ln111 == 6)> <Delay = 0.67> <CoreInst = "RAM">   --->   Core 82 'RAM' <Latency = 1> <II = 1> <Delay = 0.67> <Storage> <Opcode : 'load' 'store'> <Ports = 2> <Width = 1> <Depth = 512> <RAM>
ST_9 : Operation 503 [1/1] (0.72ns)   --->   "%a_8 = sparsemux i1 @_ssdm_op_SparseMux.ap_auto.8i1.i1.i3, i3 7, i1 %bnn_top_int_const_unsigned_int_const_int_const_unsigned_int_const_int_co_351, i3 0, i1 %bnn_top_int_const_unsigned_int_const_int_const_unsigned_int_const_int_co_352, i3 1, i1 %bnn_top_int_const_unsigned_int_const_int_const_unsigned_int_const_int_co_353, i3 2, i1 %bnn_top_int_const_unsigned_int_const_int_const_unsigned_int_const_int_co_354, i3 3, i1 %bnn_top_int_const_unsigned_int_const_int_const_unsigned_int_const_int_co_355, i3 4, i1 %bnn_top_int_const_unsigned_int_const_int_const_unsigned_int_const_int_co_356, i3 5, i1 %bnn_top_int_const_unsigned_int_const_int_const_unsigned_int_const_int_co_357, i3 6, i1 %bnn_top_int_const_unsigned_int_const_int_const_unsigned_int_const_int_co_358, i1 0, i3 %trunc_ln111" [bnn.cpp:119]   --->   Operation 503 'sparsemux' 'a_8' <Predicate = (icmp_ln118)> <Delay = 0.72> <CoreInst = "BinarySparseMux_DontCare">   --->   Core 149 'BinarySparseMux_DontCare' <Latency = 0> <II = 1> <Delay = 0.72> <FuncUnit> <Opcode : 'sparsemux'> <InPorts = 2> <OutPorts = 1>
ST_9 : Operation 504 [1/1] (0.00ns) (grouped into LUT with out node acc_73)   --->   "%w_10 = trunc i32 %lshr_ln120_3" [bnn.cpp:120]   --->   Operation 504 'trunc' 'w_10' <Predicate = (icmp_ln118)> <Delay = 0.00>
ST_9 : Operation 505 [1/1] (0.00ns) (grouped into LUT with out node acc_73)   --->   "%xor_ln121_2 = xor i1 %a_8, i1 %w_10" [bnn.cpp:121]   --->   Operation 505 'xor' 'xor_ln121_2' <Predicate = (icmp_ln118)> <Delay = 0.00> <CoreInst = "LogicGate">   --->   Core 74 'LogicGate' <Latency = 0> <II = 1> <Delay = 0.28> <FuncUnit> <Opcode : 'and' 'or' 'xor'> <InPorts = 2> <OutPorts = 1>
ST_9 : Operation 506 [1/1] (0.00ns) (grouped into LUT with out node acc_73)   --->   "%select_ln121_2 = select i1 %xor_ln121_2, i32 4294967295, i32 1" [bnn.cpp:121]   --->   Operation 506 'select' 'select_ln121_2' <Predicate = (icmp_ln118)> <Delay = 0.00> <CoreInst = "Sel">   --->   Core 73 'Sel' <Latency = 0> <II = 1> <Delay = 0.17> <FuncUnit> <Opcode : 'select'> <InPorts = 3> <OutPorts = 1>
ST_9 : Operation 507 [1/1] (1.01ns) (out node of the LUT)   --->   "%acc_73 = add i32 %select_ln121_2, i32 %acc_43" [bnn.cpp:121]   --->   Operation 507 'add' 'acc_73' <Predicate = (icmp_ln118)> <Delay = 1.01> <CoreInst = "Adder">   --->   Core 1 'Adder' <Latency = 0> <II = 1> <Delay = 1.01> <FuncUnit> <Opcode : 'add' 'sub'> <InPorts = 2> <OutPorts = 1>
ST_9 : Operation 508 [1/1] (0.44ns)   --->   "%acc_52 = select i1 %icmp_ln118, i32 %acc_73, i32 %acc_43" [bnn.cpp:118]   --->   Operation 508 'select' 'acc_52' <Predicate = true> <Delay = 0.44> <CoreInst = "Sel">   --->   Core 73 'Sel' <Latency = 0> <II = 1> <Delay = 0.44> <FuncUnit> <Opcode : 'select'> <InPorts = 3> <OutPorts = 1>
ST_9 : Operation 509 [1/2] ( I:0.67ns O:0.67ns )   --->   "%bnn_top_int_const_unsigned_int_const_int_const_unsigned_int_const_int_co_367 = load i9 %bnn_top_int_const_unsigned_int_const_int_const_unsigned_int_const_int_co_359" [bnn.cpp:119]   --->   Operation 509 'load' 'bnn_top_int_const_unsigned_int_const_int_const_unsigned_int_const_int_co_367' <Predicate = (!tmp_59 & trunc_ln111 == 1)> <Delay = 0.67> <CoreInst = "RAM">   --->   Core 82 'RAM' <Latency = 1> <II = 1> <Delay = 0.67> <Storage> <Opcode : 'load' 'store'> <Ports = 2> <Width = 1> <Depth = 512> <RAM>
ST_9 : Operation 510 [1/2] ( I:0.67ns O:0.67ns )   --->   "%bnn_top_int_const_unsigned_int_const_int_const_unsigned_int_const_int_co_368 = load i9 %bnn_top_int_const_unsigned_int_const_int_const_unsigned_int_const_int_co_360" [bnn.cpp:119]   --->   Operation 510 'load' 'bnn_top_int_const_unsigned_int_const_int_const_unsigned_int_const_int_co_368' <Predicate = (!tmp_59 & trunc_ln111 == 2)> <Delay = 0.67> <CoreInst = "RAM">   --->   Core 82 'RAM' <Latency = 1> <II = 1> <Delay = 0.67> <Storage> <Opcode : 'load' 'store'> <Ports = 2> <Width = 1> <Depth = 512> <RAM>
ST_9 : Operation 511 [1/2] ( I:0.67ns O:0.67ns )   --->   "%bnn_top_int_const_unsigned_int_const_int_const_unsigned_int_const_int_co_369 = load i9 %bnn_top_int_const_unsigned_int_const_int_const_unsigned_int_const_int_co_361" [bnn.cpp:119]   --->   Operation 511 'load' 'bnn_top_int_const_unsigned_int_const_int_const_unsigned_int_const_int_co_369' <Predicate = (!tmp_59 & trunc_ln111 == 3)> <Delay = 0.67> <CoreInst = "RAM">   --->   Core 82 'RAM' <Latency = 1> <II = 1> <Delay = 0.67> <Storage> <Opcode : 'load' 'store'> <Ports = 2> <Width = 1> <Depth = 512> <RAM>
ST_9 : Operation 512 [1/2] ( I:0.67ns O:0.67ns )   --->   "%bnn_top_int_const_unsigned_int_const_int_const_unsigned_int_const_int_co_370 = load i9 %bnn_top_int_const_unsigned_int_const_int_const_unsigned_int_const_int_co_362" [bnn.cpp:119]   --->   Operation 512 'load' 'bnn_top_int_const_unsigned_int_const_int_const_unsigned_int_const_int_co_370' <Predicate = (!tmp_59 & trunc_ln111 == 4)> <Delay = 0.67> <CoreInst = "RAM">   --->   Core 82 'RAM' <Latency = 1> <II = 1> <Delay = 0.67> <Storage> <Opcode : 'load' 'store'> <Ports = 2> <Width = 1> <Depth = 512> <RAM>
ST_9 : Operation 513 [1/2] ( I:0.67ns O:0.67ns )   --->   "%bnn_top_int_const_unsigned_int_const_int_const_unsigned_int_const_int_co_371 = load i9 %bnn_top_int_const_unsigned_int_const_int_const_unsigned_int_const_int_co_363" [bnn.cpp:119]   --->   Operation 513 'load' 'bnn_top_int_const_unsigned_int_const_int_const_unsigned_int_const_int_co_371' <Predicate = (!tmp_59 & trunc_ln111 == 5)> <Delay = 0.67> <CoreInst = "RAM">   --->   Core 82 'RAM' <Latency = 1> <II = 1> <Delay = 0.67> <Storage> <Opcode : 'load' 'store'> <Ports = 2> <Width = 1> <Depth = 512> <RAM>
ST_9 : Operation 514 [1/2] ( I:0.67ns O:0.67ns )   --->   "%bnn_top_int_const_unsigned_int_const_int_const_unsigned_int_const_int_co_372 = load i9 %bnn_top_int_const_unsigned_int_const_int_const_unsigned_int_const_int_co_364" [bnn.cpp:119]   --->   Operation 514 'load' 'bnn_top_int_const_unsigned_int_const_int_const_unsigned_int_const_int_co_372' <Predicate = (!tmp_59 & trunc_ln111 == 6)> <Delay = 0.67> <CoreInst = "RAM">   --->   Core 82 'RAM' <Latency = 1> <II = 1> <Delay = 0.67> <Storage> <Opcode : 'load' 'store'> <Ports = 2> <Width = 1> <Depth = 512> <RAM>
ST_9 : Operation 515 [1/2] ( I:0.67ns O:0.67ns )   --->   "%bnn_top_int_const_unsigned_int_const_int_const_unsigned_int_const_int_co_373 = load i9 %bnn_top_int_const_unsigned_int_const_int_const_unsigned_int_const_int_co_365" [bnn.cpp:119]   --->   Operation 515 'load' 'bnn_top_int_const_unsigned_int_const_int_const_unsigned_int_const_int_co_373' <Predicate = (!tmp_59 & trunc_ln111 == 7)> <Delay = 0.67> <CoreInst = "RAM">   --->   Core 82 'RAM' <Latency = 1> <II = 1> <Delay = 0.67> <Storage> <Opcode : 'load' 'store'> <Ports = 2> <Width = 1> <Depth = 512> <RAM>
ST_9 : Operation 516 [1/2] ( I:0.67ns O:0.67ns )   --->   "%bnn_top_int_const_unsigned_int_const_int_const_unsigned_int_const_int_co_374 = load i9 %bnn_top_int_const_unsigned_int_const_int_const_unsigned_int_const_int_co_366" [bnn.cpp:119]   --->   Operation 516 'load' 'bnn_top_int_const_unsigned_int_const_int_const_unsigned_int_const_int_co_374' <Predicate = (!tmp_59 & trunc_ln111 == 0)> <Delay = 0.67> <CoreInst = "RAM">   --->   Core 82 'RAM' <Latency = 1> <II = 1> <Delay = 0.67> <Storage> <Opcode : 'load' 'store'> <Ports = 2> <Width = 1> <Depth = 512> <RAM>
ST_9 : Operation 517 [1/1] (0.72ns)   --->   "%a = sparsemux i1 @_ssdm_op_SparseMux.ap_auto.8i1.i1.i3, i3 1, i1 %bnn_top_int_const_unsigned_int_const_int_const_unsigned_int_const_int_co_367, i3 2, i1 %bnn_top_int_const_unsigned_int_const_int_const_unsigned_int_const_int_co_368, i3 3, i1 %bnn_top_int_const_unsigned_int_const_int_const_unsigned_int_const_int_co_369, i3 4, i1 %bnn_top_int_const_unsigned_int_const_int_const_unsigned_int_const_int_co_370, i3 5, i1 %bnn_top_int_const_unsigned_int_const_int_const_unsigned_int_const_int_co_371, i3 6, i1 %bnn_top_int_const_unsigned_int_const_int_const_unsigned_int_const_int_co_372, i3 7, i1 %bnn_top_int_const_unsigned_int_const_int_const_unsigned_int_const_int_co_373, i3 0, i1 %bnn_top_int_const_unsigned_int_const_int_const_unsigned_int_const_int_co_374, i1 0, i3 %trunc_ln111" [bnn.cpp:119]   --->   Operation 517 'sparsemux' 'a' <Predicate = (!tmp_59)> <Delay = 0.72> <CoreInst = "BinarySparseMux_DontCare">   --->   Core 149 'BinarySparseMux_DontCare' <Latency = 0> <II = 1> <Delay = 0.72> <FuncUnit> <Opcode : 'sparsemux'> <InPorts = 2> <OutPorts = 1>
ST_9 : Operation 518 [1/1] (0.00ns) (grouped into LUT with out node acc_74)   --->   "%w_11 = trunc i32 %lshr_ln120_5" [bnn.cpp:120]   --->   Operation 518 'trunc' 'w_11' <Predicate = (!tmp_59)> <Delay = 0.00>
ST_9 : Operation 519 [1/1] (0.00ns) (grouped into LUT with out node acc_74)   --->   "%xor_ln121_3 = xor i1 %a, i1 %w_11" [bnn.cpp:121]   --->   Operation 519 'xor' 'xor_ln121_3' <Predicate = (!tmp_59)> <Delay = 0.00> <CoreInst = "LogicGate">   --->   Core 74 'LogicGate' <Latency = 0> <II = 1> <Delay = 0.28> <FuncUnit> <Opcode : 'and' 'or' 'xor'> <InPorts = 2> <OutPorts = 1>
ST_9 : Operation 520 [1/1] (0.00ns) (grouped into LUT with out node acc_74)   --->   "%select_ln121_3 = select i1 %xor_ln121_3, i32 4294967295, i32 1" [bnn.cpp:121]   --->   Operation 520 'select' 'select_ln121_3' <Predicate = (!tmp_59)> <Delay = 0.00> <CoreInst = "Sel">   --->   Core 73 'Sel' <Latency = 0> <II = 1> <Delay = 0.17> <FuncUnit> <Opcode : 'select'> <InPorts = 3> <OutPorts = 1>
ST_9 : Operation 521 [1/1] (1.01ns) (out node of the LUT)   --->   "%acc_74 = add i32 %select_ln121_3, i32 %acc_52" [bnn.cpp:121]   --->   Operation 521 'add' 'acc_74' <Predicate = (!tmp_59)> <Delay = 1.01> <CoreInst = "Adder">   --->   Core 1 'Adder' <Latency = 0> <II = 1> <Delay = 1.01> <FuncUnit> <Opcode : 'add' 'sub'> <InPorts = 2> <OutPorts = 1>
ST_9 : Operation 522 [1/1] (0.00ns) (grouped into LUT with out node acc_75)   --->   "%acc_56 = select i1 %tmp_59, i32 %acc_52, i32 %acc_74" [bnn.cpp:118]   --->   Operation 522 'select' 'acc_56' <Predicate = true> <Delay = 0.00> <CoreInst = "Sel">   --->   Core 73 'Sel' <Latency = 0> <II = 1> <Delay = 0.44> <FuncUnit> <Opcode : 'select'> <InPorts = 3> <OutPorts = 1>
ST_9 : Operation 523 [1/1] (0.00ns) (grouped into LUT with out node acc_75)   --->   "%w_12 = trunc i32 %lshr_ln120_7" [bnn.cpp:120]   --->   Operation 523 'trunc' 'w_12' <Predicate = true> <Delay = 0.00>
ST_9 : Operation 524 [1/1] (0.00ns) (grouped into LUT with out node acc_75)   --->   "%xor_ln121_4 = xor i1 %a_9, i1 %w_12" [bnn.cpp:121]   --->   Operation 524 'xor' 'xor_ln121_4' <Predicate = true> <Delay = 0.00> <CoreInst = "LogicGate">   --->   Core 74 'LogicGate' <Latency = 0> <II = 1> <Delay = 0.28> <FuncUnit> <Opcode : 'and' 'or' 'xor'> <InPorts = 2> <OutPorts = 1>
ST_9 : Operation 525 [1/1] (0.00ns) (grouped into LUT with out node acc_75)   --->   "%select_ln121_4 = select i1 %xor_ln121_4, i32 4294967295, i32 1" [bnn.cpp:121]   --->   Operation 525 'select' 'select_ln121_4' <Predicate = true> <Delay = 0.00> <CoreInst = "Sel">   --->   Core 73 'Sel' <Latency = 0> <II = 1> <Delay = 0.17> <FuncUnit> <Opcode : 'select'> <InPorts = 3> <OutPorts = 1>
ST_9 : Operation 526 [1/1] (1.01ns) (out node of the LUT)   --->   "%acc_75 = add i32 %select_ln121_4, i32 %acc_56" [bnn.cpp:121]   --->   Operation 526 'add' 'acc_75' <Predicate = true> <Delay = 1.01> <CoreInst = "Adder">   --->   Core 1 'Adder' <Latency = 0> <II = 1> <Delay = 1.01> <FuncUnit> <Opcode : 'add' 'sub'> <InPorts = 2> <OutPorts = 1>
ST_9 : Operation 527 [1/1] (0.00ns) (grouped into LUT with out node acc_76)   --->   "%w_13 = trunc i32 %lshr_ln120_9" [bnn.cpp:120]   --->   Operation 527 'trunc' 'w_13' <Predicate = (!tmp_60)> <Delay = 0.00>
ST_9 : Operation 528 [1/1] (0.00ns) (grouped into LUT with out node acc_76)   --->   "%xor_ln121_5 = xor i1 %a_10, i1 %w_13" [bnn.cpp:121]   --->   Operation 528 'xor' 'xor_ln121_5' <Predicate = (!tmp_60)> <Delay = 0.00> <CoreInst = "LogicGate">   --->   Core 74 'LogicGate' <Latency = 0> <II = 1> <Delay = 0.28> <FuncUnit> <Opcode : 'and' 'or' 'xor'> <InPorts = 2> <OutPorts = 1>
ST_9 : Operation 529 [1/1] (0.00ns) (grouped into LUT with out node acc_76)   --->   "%select_ln121_5 = select i1 %xor_ln121_5, i32 4294967295, i32 1" [bnn.cpp:121]   --->   Operation 529 'select' 'select_ln121_5' <Predicate = (!tmp_60)> <Delay = 0.00> <CoreInst = "Sel">   --->   Core 73 'Sel' <Latency = 0> <II = 1> <Delay = 0.17> <FuncUnit> <Opcode : 'select'> <InPorts = 3> <OutPorts = 1>
ST_9 : Operation 530 [1/1] (1.01ns) (out node of the LUT)   --->   "%acc_76 = add i32 %select_ln121_5, i32 %acc_75" [bnn.cpp:121]   --->   Operation 530 'add' 'acc_76' <Predicate = (!tmp_60)> <Delay = 1.01> <CoreInst = "Adder">   --->   Core 1 'Adder' <Latency = 0> <II = 1> <Delay = 1.01> <FuncUnit> <Opcode : 'add' 'sub'> <InPorts = 2> <OutPorts = 1>
ST_9 : Operation 531 [1/1] (0.44ns)   --->   "%acc_61 = select i1 %tmp_60, i32 %acc_75, i32 %acc_76" [bnn.cpp:118]   --->   Operation 531 'select' 'acc_61' <Predicate = true> <Delay = 0.44> <CoreInst = "Sel">   --->   Core 73 'Sel' <Latency = 0> <II = 1> <Delay = 0.44> <FuncUnit> <Opcode : 'select'> <InPorts = 3> <OutPorts = 1>
ST_9 : Operation 532 [2/9] (1.06ns)   --->   "%urem_ln125 = urem i5 %add_ln125, i5 5" [bnn.cpp:125]   --->   Operation 532 'urem' 'urem_ln125' <Predicate = true> <Delay = 1.06> <CoreInst = "Divider">   --->   Core 6 'Divider' <Latency = 8> <II = 1> <Delay = 1.06> <FuncUnit> <Opcode : 'udiv' 'sdiv' 'urem' 'srem'> <InPorts = 2> <OutPorts = 1>

State 10 <SV = 9> <Delay = 5.63>
ST_10 : Operation 533 [1/1] (0.00ns)   --->   "%specloopname_ln0 = specloopname void @_ssdm_op_SpecLoopName, void @VITIS_LOOP_110_17_VITIS_LOOP_111_18_VITIS_LOOP_113_19_str"   --->   Operation 533 'specloopname' 'specloopname_ln0' <Predicate = true> <Delay = 0.00>
ST_10 : Operation 534 [1/1] (0.00ns)   --->   "%speclooptripcount_ln0 = speclooptripcount void @_ssdm_op_SpecLoopTripCount, i64 4096, i64 4096, i64 4096"   --->   Operation 534 'speclooptripcount' 'speclooptripcount_ln0' <Predicate = true> <Delay = 0.00>
ST_10 : Operation 535 [1/1] (0.00ns) (grouped into LUT with out node acc_71)   --->   "%or_ln118_3 = or i4 %add_ln117_2_mid2, i4 %select_ln110_1" [bnn.cpp:118]   --->   Operation 535 'or' 'or_ln118_3' <Predicate = true> <Delay = 0.00> <CoreInst = "LogicGate">   --->   Core 74 'LogicGate' <Latency = 0> <II = 1> <Delay = 0.35> <FuncUnit> <Opcode : 'and' 'or' 'xor'> <InPorts = 2> <OutPorts = 1>
ST_10 : Operation 536 [1/1] (0.00ns) (grouped into LUT with out node acc_71)   --->   "%tmp_63 = bitselect i1 @_ssdm_op_BitSelect.i1.i4.i32, i4 %or_ln118_3, i32 3" [bnn.cpp:118]   --->   Operation 536 'bitselect' 'tmp_63' <Predicate = true> <Delay = 0.00>
ST_10 : Operation 537 [1/1] (0.00ns)   --->   "%specpipeline_ln114 = specpipeline void @_ssdm_op_SpecPipeline, i32 1, i32 0, i32 0, i32 0, i32 4294967295, void @empty_2" [bnn.cpp:114]   --->   Operation 537 'specpipeline' 'specpipeline_ln114' <Predicate = true> <Delay = 0.00>
ST_10 : Operation 538 [1/1] (0.00ns) (grouped into LUT with out node acc_77)   --->   "%w_14 = trunc i32 %lshr_ln120_11" [bnn.cpp:120]   --->   Operation 538 'trunc' 'w_14' <Predicate = (icmp_ln118_1)> <Delay = 0.00>
ST_10 : Operation 539 [1/1] (0.00ns) (grouped into LUT with out node acc_77)   --->   "%xor_ln121_6 = xor i1 %a_11, i1 %w_14" [bnn.cpp:121]   --->   Operation 539 'xor' 'xor_ln121_6' <Predicate = (icmp_ln118_1)> <Delay = 0.00> <CoreInst = "LogicGate">   --->   Core 74 'LogicGate' <Latency = 0> <II = 1> <Delay = 0.28> <FuncUnit> <Opcode : 'and' 'or' 'xor'> <InPorts = 2> <OutPorts = 1>
ST_10 : Operation 540 [1/1] (0.00ns) (grouped into LUT with out node acc_77)   --->   "%select_ln121_6 = select i1 %xor_ln121_6, i32 4294967295, i32 1" [bnn.cpp:121]   --->   Operation 540 'select' 'select_ln121_6' <Predicate = (icmp_ln118_1)> <Delay = 0.00> <CoreInst = "Sel">   --->   Core 73 'Sel' <Latency = 0> <II = 1> <Delay = 0.17> <FuncUnit> <Opcode : 'select'> <InPorts = 3> <OutPorts = 1>
ST_10 : Operation 541 [1/1] (1.01ns) (out node of the LUT)   --->   "%acc_77 = add i32 %select_ln121_6, i32 %acc_61" [bnn.cpp:121]   --->   Operation 541 'add' 'acc_77' <Predicate = (icmp_ln118_1)> <Delay = 1.01> <CoreInst = "Adder">   --->   Core 1 'Adder' <Latency = 0> <II = 1> <Delay = 1.01> <FuncUnit> <Opcode : 'add' 'sub'> <InPorts = 2> <OutPorts = 1>
ST_10 : Operation 542 [1/1] (0.44ns)   --->   "%acc_65 = select i1 %icmp_ln118_1, i32 %acc_77, i32 %acc_61" [bnn.cpp:118]   --->   Operation 542 'select' 'acc_65' <Predicate = true> <Delay = 0.44> <CoreInst = "Sel">   --->   Core 73 'Sel' <Latency = 0> <II = 1> <Delay = 0.44> <FuncUnit> <Opcode : 'select'> <InPorts = 3> <OutPorts = 1>
ST_10 : Operation 543 [1/1] (0.00ns) (grouped into LUT with out node acc_78)   --->   "%w_15 = trunc i32 %lshr_ln120_13" [bnn.cpp:120]   --->   Operation 543 'trunc' 'w_15' <Predicate = (!tmp_55)> <Delay = 0.00>
ST_10 : Operation 544 [1/1] (0.00ns) (grouped into LUT with out node acc_78)   --->   "%xor_ln121_7 = xor i1 %a_12, i1 %w_15" [bnn.cpp:121]   --->   Operation 544 'xor' 'xor_ln121_7' <Predicate = (!tmp_55)> <Delay = 0.00> <CoreInst = "LogicGate">   --->   Core 74 'LogicGate' <Latency = 0> <II = 1> <Delay = 0.28> <FuncUnit> <Opcode : 'and' 'or' 'xor'> <InPorts = 2> <OutPorts = 1>
ST_10 : Operation 545 [1/1] (0.00ns) (grouped into LUT with out node acc_78)   --->   "%select_ln121_7 = select i1 %xor_ln121_7, i32 4294967295, i32 1" [bnn.cpp:121]   --->   Operation 545 'select' 'select_ln121_7' <Predicate = (!tmp_55)> <Delay = 0.00> <CoreInst = "Sel">   --->   Core 73 'Sel' <Latency = 0> <II = 1> <Delay = 0.17> <FuncUnit> <Opcode : 'select'> <InPorts = 3> <OutPorts = 1>
ST_10 : Operation 546 [1/1] (1.01ns) (out node of the LUT)   --->   "%acc_78 = add i32 %select_ln121_7, i32 %acc_65" [bnn.cpp:121]   --->   Operation 546 'add' 'acc_78' <Predicate = (!tmp_55)> <Delay = 1.01> <CoreInst = "Adder">   --->   Core 1 'Adder' <Latency = 0> <II = 1> <Delay = 1.01> <FuncUnit> <Opcode : 'add' 'sub'> <InPorts = 2> <OutPorts = 1>
ST_10 : Operation 547 [1/1] (0.44ns)   --->   "%acc_69 = select i1 %tmp_55, i32 %acc_65, i32 %acc_78" [bnn.cpp:118]   --->   Operation 547 'select' 'acc_69' <Predicate = true> <Delay = 0.44> <CoreInst = "Sel">   --->   Core 73 'Sel' <Latency = 0> <II = 1> <Delay = 0.44> <FuncUnit> <Opcode : 'select'> <InPorts = 3> <OutPorts = 1>
ST_10 : Operation 548 [1/1] (0.00ns) (grouped into LUT with out node acc_79)   --->   "%w_16 = trunc i32 %lshr_ln120_15" [bnn.cpp:120]   --->   Operation 548 'trunc' 'w_16' <Predicate = true> <Delay = 0.00>
ST_10 : Operation 549 [1/1] (0.00ns) (grouped into LUT with out node acc_79)   --->   "%xor_ln121_8 = xor i1 %a_13, i1 %w_16" [bnn.cpp:121]   --->   Operation 549 'xor' 'xor_ln121_8' <Predicate = true> <Delay = 0.00> <CoreInst = "LogicGate">   --->   Core 74 'LogicGate' <Latency = 0> <II = 1> <Delay = 0.28> <FuncUnit> <Opcode : 'and' 'or' 'xor'> <InPorts = 2> <OutPorts = 1>
ST_10 : Operation 550 [1/1] (0.00ns) (grouped into LUT with out node acc_79)   --->   "%select_ln121_8 = select i1 %xor_ln121_8, i32 4294967295, i32 1" [bnn.cpp:121]   --->   Operation 550 'select' 'select_ln121_8' <Predicate = true> <Delay = 0.00> <CoreInst = "Sel">   --->   Core 73 'Sel' <Latency = 0> <II = 1> <Delay = 0.17> <FuncUnit> <Opcode : 'select'> <InPorts = 3> <OutPorts = 1>
ST_10 : Operation 551 [1/1] (1.01ns) (out node of the LUT)   --->   "%acc_79 = add i32 %select_ln121_8, i32 %acc_69" [bnn.cpp:121]   --->   Operation 551 'add' 'acc_79' <Predicate = true> <Delay = 1.01> <CoreInst = "Adder">   --->   Core 1 'Adder' <Latency = 0> <II = 1> <Delay = 1.01> <FuncUnit> <Opcode : 'add' 'sub'> <InPorts = 2> <OutPorts = 1>
ST_10 : Operation 552 [1/1] (0.44ns) (out node of the LUT)   --->   "%acc_71 = select i1 %tmp_63, i32 %acc_69, i32 %acc_79" [bnn.cpp:118]   --->   Operation 552 'select' 'acc_71' <Predicate = true> <Delay = 0.44> <CoreInst = "Sel">   --->   Core 73 'Sel' <Latency = 0> <II = 1> <Delay = 0.44> <FuncUnit> <Opcode : 'select'> <InPorts = 3> <OutPorts = 1>
ST_10 : Operation 553 [1/1] (0.00ns)   --->   "%zext_ln125_2 = zext i4 %tmp_74" [bnn.cpp:125]   --->   Operation 553 'zext' 'zext_ln125_2' <Predicate = true> <Delay = 0.00>
ST_10 : Operation 554 [1/9] (1.06ns)   --->   "%urem_ln125 = urem i5 %add_ln125, i5 5" [bnn.cpp:125]   --->   Operation 554 'urem' 'urem_ln125' <Predicate = true> <Delay = 1.06> <CoreInst = "Divider">   --->   Core 6 'Divider' <Latency = 8> <II = 1> <Delay = 1.06> <FuncUnit> <Opcode : 'udiv' 'sdiv' 'urem' 'srem'> <InPorts = 2> <OutPorts = 1>
ST_10 : Operation 555 [1/1] (0.00ns)   --->   "%trunc_ln125_1 = trunc i3 %urem_ln125" [bnn.cpp:125]   --->   Operation 555 'trunc' 'trunc_ln125_1' <Predicate = true> <Delay = 0.00>
ST_10 : Operation 556 [1/1] (0.00ns)   --->   "%bnn_top_int_const_unsigned_int_const_int_const_unsigned_int_const_int_co_455 = getelementptr i32 %bnn_top_int_const_unsigned_int_const_int_const_unsigned_int_const_int_co_4, i64 0, i64 %zext_ln125_2" [bnn.cpp:125]   --->   Operation 556 'getelementptr' 'bnn_top_int_const_unsigned_int_const_int_const_unsigned_int_const_int_co_455' <Predicate = true> <Delay = 0.00>
ST_10 : Operation 557 [1/1] (0.00ns)   --->   "%bnn_top_int_const_unsigned_int_const_int_const_unsigned_int_const_int_co_456 = getelementptr i32 %bnn_top_int_const_unsigned_int_const_int_const_unsigned_int_const_int_co_3, i64 0, i64 %zext_ln125_2" [bnn.cpp:125]   --->   Operation 557 'getelementptr' 'bnn_top_int_const_unsigned_int_const_int_const_unsigned_int_const_int_co_456' <Predicate = true> <Delay = 0.00>
ST_10 : Operation 558 [1/1] (0.00ns)   --->   "%bnn_top_int_const_unsigned_int_const_int_const_unsigned_int_const_int_co_457 = getelementptr i32 %bnn_top_int_const_unsigned_int_const_int_const_unsigned_int_const_int_co_2, i64 0, i64 %zext_ln125_2" [bnn.cpp:125]   --->   Operation 558 'getelementptr' 'bnn_top_int_const_unsigned_int_const_int_const_unsigned_int_const_int_co_457' <Predicate = true> <Delay = 0.00>
ST_10 : Operation 559 [1/1] (0.00ns)   --->   "%bnn_top_int_const_unsigned_int_const_int_const_unsigned_int_const_int_co_458 = getelementptr i32 %bnn_top_int_const_unsigned_int_const_int_const_unsigned_int_const_int_co_1, i64 0, i64 %zext_ln125_2" [bnn.cpp:125]   --->   Operation 559 'getelementptr' 'bnn_top_int_const_unsigned_int_const_int_const_unsigned_int_const_int_co_458' <Predicate = true> <Delay = 0.00>
ST_10 : Operation 560 [1/1] (0.00ns)   --->   "%bnn_top_int_const_unsigned_int_const_int_const_unsigned_int_const_int_co_459 = getelementptr i32 %bnn_top_int_const_unsigned_int_const_int_const_unsigned_int_const_int_co, i64 0, i64 %zext_ln125_2" [bnn.cpp:125]   --->   Operation 560 'getelementptr' 'bnn_top_int_const_unsigned_int_const_int_const_unsigned_int_const_int_co_459' <Predicate = true> <Delay = 0.00>
ST_10 : Operation 561 [1/1] (0.67ns)   --->   "%switch_ln125 = switch i3 %trunc_ln125_1, void %arrayidx371.case.4, i3 0, void %arrayidx371.case.0, i3 1, void %arrayidx371.case.1, i3 2, void %arrayidx371.case.2, i3 3, void %arrayidx371.case.3" [bnn.cpp:125]   --->   Operation 561 'switch' 'switch_ln125' <Predicate = (icmp_ln113_1)> <Delay = 0.67>
ST_10 : Operation 562 [1/1] ( I:1.23ns O:1.23ns )   --->   "%store_ln125 = store i32 %acc_71, i8 %bnn_top_int_const_unsigned_int_const_int_const_unsigned_int_const_int_co_458" [bnn.cpp:125]   --->   Operation 562 'store' 'store_ln125' <Predicate = (icmp_ln113_1 & trunc_ln125_1 == 3)> <Delay = 1.23> <CoreInst = "RAM">   --->   Core 82 'RAM' <Latency = 1> <II = 1> <Delay = 1.23> <Storage> <Opcode : 'load' 'store'> <Ports = 2> <Width = 32> <Depth = 205> <RAM>
ST_10 : Operation 563 [1/1] (0.00ns)   --->   "%br_ln125 = br void %arrayidx371.exit" [bnn.cpp:125]   --->   Operation 563 'br' 'br_ln125' <Predicate = (icmp_ln113_1 & trunc_ln125_1 == 3)> <Delay = 0.00>
ST_10 : Operation 564 [1/1] ( I:1.23ns O:1.23ns )   --->   "%store_ln125 = store i32 %acc_71, i8 %bnn_top_int_const_unsigned_int_const_int_const_unsigned_int_const_int_co_457" [bnn.cpp:125]   --->   Operation 564 'store' 'store_ln125' <Predicate = (icmp_ln113_1 & trunc_ln125_1 == 2)> <Delay = 1.23> <CoreInst = "RAM">   --->   Core 82 'RAM' <Latency = 1> <II = 1> <Delay = 1.23> <Storage> <Opcode : 'load' 'store'> <Ports = 2> <Width = 32> <Depth = 205> <RAM>
ST_10 : Operation 565 [1/1] (0.00ns)   --->   "%br_ln125 = br void %arrayidx371.exit" [bnn.cpp:125]   --->   Operation 565 'br' 'br_ln125' <Predicate = (icmp_ln113_1 & trunc_ln125_1 == 2)> <Delay = 0.00>
ST_10 : Operation 566 [1/1] ( I:1.23ns O:1.23ns )   --->   "%store_ln125 = store i32 %acc_71, i8 %bnn_top_int_const_unsigned_int_const_int_const_unsigned_int_const_int_co_456" [bnn.cpp:125]   --->   Operation 566 'store' 'store_ln125' <Predicate = (icmp_ln113_1 & trunc_ln125_1 == 1)> <Delay = 1.23> <CoreInst = "RAM">   --->   Core 82 'RAM' <Latency = 1> <II = 1> <Delay = 1.23> <Storage> <Opcode : 'load' 'store'> <Ports = 2> <Width = 32> <Depth = 205> <RAM>
ST_10 : Operation 567 [1/1] (0.00ns)   --->   "%br_ln125 = br void %arrayidx371.exit" [bnn.cpp:125]   --->   Operation 567 'br' 'br_ln125' <Predicate = (icmp_ln113_1 & trunc_ln125_1 == 1)> <Delay = 0.00>
ST_10 : Operation 568 [1/1] ( I:1.23ns O:1.23ns )   --->   "%store_ln125 = store i32 %acc_71, i8 %bnn_top_int_const_unsigned_int_const_int_const_unsigned_int_const_int_co_455" [bnn.cpp:125]   --->   Operation 568 'store' 'store_ln125' <Predicate = (icmp_ln113_1 & trunc_ln125_1 == 0)> <Delay = 1.23> <CoreInst = "RAM">   --->   Core 82 'RAM' <Latency = 1> <II = 1> <Delay = 1.23> <Storage> <Opcode : 'load' 'store'> <Ports = 2> <Width = 32> <Depth = 205> <RAM>
ST_10 : Operation 569 [1/1] (0.00ns)   --->   "%br_ln125 = br void %arrayidx371.exit" [bnn.cpp:125]   --->   Operation 569 'br' 'br_ln125' <Predicate = (icmp_ln113_1 & trunc_ln125_1 == 0)> <Delay = 0.00>
ST_10 : Operation 570 [1/1] ( I:1.23ns O:1.23ns )   --->   "%store_ln125 = store i32 %acc_71, i8 %bnn_top_int_const_unsigned_int_const_int_const_unsigned_int_const_int_co_459" [bnn.cpp:125]   --->   Operation 570 'store' 'store_ln125' <Predicate = (icmp_ln113_1 & trunc_ln125_1 != 0 & trunc_ln125_1 != 1 & trunc_ln125_1 != 2 & trunc_ln125_1 != 3)> <Delay = 1.23> <CoreInst = "RAM">   --->   Core 82 'RAM' <Latency = 1> <II = 1> <Delay = 1.23> <Storage> <Opcode : 'load' 'store'> <Ports = 2> <Width = 32> <Depth = 205> <RAM>
ST_10 : Operation 571 [1/1] (0.00ns)   --->   "%br_ln125 = br void %arrayidx371.exit" [bnn.cpp:125]   --->   Operation 571 'br' 'br_ln125' <Predicate = (icmp_ln113_1 & trunc_ln125_1 != 0 & trunc_ln125_1 != 1 & trunc_ln125_1 != 2 & trunc_ln125_1 != 3)> <Delay = 0.00>
ST_10 : Operation 572 [1/1] (0.42ns)   --->   "%store_ln112 = store i32 %acc_71, i32 %acc_27" [bnn.cpp:112]   --->   Operation 572 'store' 'store_ln112' <Predicate = true> <Delay = 0.42>
ST_10 : Operation 573 [1/1] (0.00ns)   --->   "%br_ln113 = br void %VITIS_LOOP_115_20" [bnn.cpp:113]   --->   Operation 573 'br' 'br_ln113' <Predicate = true> <Delay = 0.00>


============================================================
+ Verbose Summary: Timing violations
============================================================
Target clock period: 10.000ns, clock uncertainty: 2.700ns.

 <State 1>: 0.427ns
The critical path consists of the following:
	'alloca' operation 13 bit ('indvar_flatten59') [22]  (0.000 ns)
	'store' operation ('store_ln0') of constant 0 13 bit on local variable 'indvar_flatten59' [26]  (0.427 ns)

 <State 2>: 5.402ns
The critical path consists of the following:
	'load' operation 11 bit ('indvar_flatten43_load', bnn.cpp:111) on local variable 'indvar_flatten43' [34]  (0.000 ns)
	'icmp' operation 1 bit ('icmp_ln111', bnn.cpp:111) [46]  (0.798 ns)
	'select' operation 4 bit ('select_ln110', bnn.cpp:110) [47]  (0.391 ns)
	'add' operation 4 bit ('add_ln117_4', bnn.cpp:117) [57]  (0.797 ns)
	'select' operation 4 bit ('select_ln111', bnn.cpp:111) [63]  (0.391 ns)
	'add' operation 5 bit ('add_ln125', bnn.cpp:125) [447]  (0.614 ns)
	'add' operation 6 bit ('add_ln125_1', bnn.cpp:125) [449]  (0.760 ns)
	'mul' operation 13 bit ('mul_ln125', bnn.cpp:125) [451]  (1.650 ns)

 <State 3>: 2.177ns
The critical path consists of the following:
	'add' operation 5 bit ('add_ln120_2', bnn.cpp:120) [179]  (0.789 ns)
	'lshr' operation 32 bit ('lshr_ln120_1', bnn.cpp:120) [181]  (1.388 ns)

 <State 4>: 2.229ns
The critical path consists of the following:
	'add' operation 9 bit ('add_ln119_6', bnn.cpp:119) [262]  (0.776 ns)
	'add' operation 9 bit ('add_ln119_7', bnn.cpp:119) [297]  (0.776 ns)
	'getelementptr' operation 9 bit ('bnn_top_int_const_unsigned_int_const_int_const_unsigned_int_const_int_co_391', bnn.cpp:119) [299]  (0.000 ns)
	'load' operation 1 bit ('bnn_top_int_const_unsigned_int_const_int_const_unsigned_int_const_int_co_399', bnn.cpp:119) on array 'bnn_top_int_const_unsigned_int_const_int_const_unsigned_int_const_int_co_12' [307]  (0.677 ns)

 <State 5>: 3.064ns
The critical path consists of the following:
	'add' operation 4 bit ('add_ln117_1', bnn.cpp:117) [83]  (0.797 ns)
	'add' operation 7 bit ('add_ln119_8', bnn.cpp:119) [333]  (0.781 ns)
	'add' operation 12 bit ('add_ln119_9', bnn.cpp:119) [336]  (0.809 ns)
	'getelementptr' operation 9 bit ('bnn_top_int_const_unsigned_int_const_int_const_unsigned_int_const_int_co_407', bnn.cpp:119) [339]  (0.000 ns)
	'load' operation 1 bit ('bnn_top_int_const_unsigned_int_const_int_const_unsigned_int_const_int_co_415', bnn.cpp:119) on array 'bnn_top_int_const_unsigned_int_const_int_const_unsigned_int_const_int_co_12' [347]  (0.677 ns)

 <State 6>: 2.177ns
The critical path consists of the following:
	'add' operation 5 bit ('add_ln120_12', bnn.cpp:120) [365]  (0.789 ns)
	'lshr' operation 32 bit ('lshr_ln120_11', bnn.cpp:120) [367]  (1.388 ns)

 <State 7>: 2.355ns
The critical path consists of the following:
	'add' operation 12 bit ('add_ln119_1', bnn.cpp:119) [113]  (0.869 ns)
	'add' operation 12 bit ('add_ln119_2', bnn.cpp:119) [115]  (0.809 ns)
	'getelementptr' operation 9 bit ('bnn_top_int_const_unsigned_int_const_int_const_unsigned_int_const_int_co_311', bnn.cpp:119) [118]  (0.000 ns)
	'load' operation 1 bit ('bnn_top_int_const_unsigned_int_const_int_const_unsigned_int_const_int_co_319', bnn.cpp:119) on array 'bnn_top_int_const_unsigned_int_const_int_const_unsigned_int_const_int_co_12' [126]  (0.677 ns)

 <State 8>: 4.328ns
The critical path consists of the following:
	'load' operation 1 bit ('bnn_top_int_const_unsigned_int_const_int_const_unsigned_int_const_int_co_319', bnn.cpp:119) on array 'bnn_top_int_const_unsigned_int_const_int_const_unsigned_int_const_int_co_12' [126]  (0.677 ns)
	'sparsemux' operation 1 bit ('a', bnn.cpp:119) [134]  (0.721 ns)
	'xor' operation 1 bit ('xor_ln121', bnn.cpp:121) [146]  (0.000 ns)
	'select' operation 32 bit ('select_ln121', bnn.cpp:121) [147]  (0.000 ns)
	'add' operation 32 bit ('acc', bnn.cpp:121) [148]  (1.016 ns)
	'select' operation 32 bit ('acc', bnn.cpp:118) [149]  (0.449 ns)
	'add' operation 32 bit ('acc', bnn.cpp:121) [185]  (1.016 ns)
	'select' operation 32 bit ('acc', bnn.cpp:118) [186]  (0.449 ns)

 <State 9>: 6.360ns
The critical path consists of the following:
	'load' operation 1 bit ('bnn_top_int_const_unsigned_int_const_int_const_unsigned_int_const_int_co_351', bnn.cpp:119) on array 'bnn_top_int_const_unsigned_int_const_int_const_unsigned_int_const_int_co_12' [198]  (0.677 ns)
	'sparsemux' operation 1 bit ('a', bnn.cpp:119) [206]  (0.721 ns)
	'xor' operation 1 bit ('xor_ln121_2', bnn.cpp:121) [220]  (0.000 ns)
	'select' operation 32 bit ('select_ln121_2', bnn.cpp:121) [221]  (0.000 ns)
	'add' operation 32 bit ('acc', bnn.cpp:121) [222]  (1.016 ns)
	'select' operation 32 bit ('acc', bnn.cpp:118) [223]  (0.449 ns)
	'add' operation 32 bit ('acc', bnn.cpp:121) [260]  (1.016 ns)
	'select' operation 32 bit ('acc', bnn.cpp:118) [261]  (0.000 ns)
	'add' operation 32 bit ('acc', bnn.cpp:121) [296]  (1.016 ns)
	'add' operation 32 bit ('acc', bnn.cpp:121) [331]  (1.016 ns)
	'select' operation 32 bit ('acc', bnn.cpp:118) [332]  (0.449 ns)

 <State 10>: 5.632ns
The critical path consists of the following:
	'xor' operation 1 bit ('xor_ln121_6', bnn.cpp:121) [369]  (0.000 ns)
	'select' operation 32 bit ('select_ln121_6', bnn.cpp:121) [370]  (0.000 ns)
	'add' operation 32 bit ('acc', bnn.cpp:121) [371]  (1.016 ns)
	'select' operation 32 bit ('acc', bnn.cpp:118) [372]  (0.449 ns)
	'add' operation 32 bit ('acc', bnn.cpp:121) [407]  (1.016 ns)
	'select' operation 32 bit ('acc', bnn.cpp:118) [408]  (0.449 ns)
	'add' operation 32 bit ('acc', bnn.cpp:121) [443]  (1.016 ns)
	'select' operation 32 bit ('acc', bnn.cpp:118) [444]  (0.449 ns)
	'store' operation ('store_ln125', bnn.cpp:125) of variable 'acc', bnn.cpp:118 32 bit on array 'bnn_top_int_const_unsigned_int_const_int_const_unsigned_int_const_int_co_1' [465]  (1.237 ns)


============================================================
+ Verbose Summary: Binding
============================================================
N/A
* FSMD analyzer results:
  - Output states:
 - Input state : 
  - Chain level:
	State 1
	State 2
	State 3
	State 4
	State 5
	State 6
	State 7
	State 8
	State 9
	State 10


============================================================
+ Verbose Summary: Datapath Resource usage 
============================================================
N/A
