

================================================================
== Vitis HLS Report for 'bnn_top_Pipeline_VITIS_LOOP_65_6_VITIS_LOOP_66_7'
================================================================
* Date:           Mon Aug 24 01:28:55 2026

* Version:        2025.2 (Build 6295257 on Nov 12 2025)
* Project:        bnn_hls
* Solution:       sol1 (Vivado IP Flow Target)
* Product family: zynquplus
* Target device:  xczu7ev-ffvc1156-2-e


================================================================
== Performance Estimates
================================================================
+ Timing: 
    * Summary: 
    +--------+----------+----------+------------+
    |  Clock |  Target  | Estimated| Uncertainty|
    +--------+----------+----------+------------+
    |ap_clk  |  10.00 ns|  6.545 ns|     2.70 ns|
    +--------+----------+----------+------------+

+ Latency: 
    * Summary: 
    +---------+---------+----------+----------+-----+-----+-------------------+
    |  Latency (cycles) |  Latency (absolute) |  Interval |      Pipeline     |
    |   min   |   max   |    min   |    max   | min | max |        Type       |
    +---------+---------+----------+----------+-----+-----+-------------------+
    |      270|      270|  2.700 us|  2.700 us|    0|    0|  loop pipeline stp|
    +---------+---------+----------+----------+-----+-----+-------------------+

    + Detail: 
        * Instance: 
        N/A

        * Loop: 
        +-----------------------------------+---------+---------+----------+-----------+-----------+------+----------+
        |                                   |  Latency (cycles) | Iteration|  Initiation Interval  | Trip |          |
        |             Loop Name             |   min   |   max   |  Latency |  achieved |   target  | Count| Pipelined|
        +-----------------------------------+---------+---------+----------+-----------+-----------+------+----------+
        |- VITIS_LOOP_65_6_VITIS_LOOP_66_7  |      268|      268|        14|          1|          1|   256|       yes|
        +-----------------------------------+---------+---------+----------+-----------+-----------+------+----------+



================================================================
== Utilization Estimates
================================================================
* Summary: 
+-----------------+---------+------+--------+--------+-----+
|       Name      | BRAM_18K|  DSP |   FF   |   LUT  | URAM|
+-----------------+---------+------+--------+--------+-----+
|DSP              |        -|     -|       -|       -|    -|
|Expression       |        -|     -|       0|     384|    -|
|FIFO             |        -|     -|       -|       -|    -|
|Instance         |        -|     4|     158|     211|    -|
|Memory           |        -|     -|       -|       -|    -|
|Multiplexer      |        -|     -|       0|     212|    -|
|Register         |        -|     -|     485|     192|    -|
+-----------------+---------+------+--------+--------+-----+
|Total            |        0|     4|     643|     999|    0|
+-----------------+---------+------+--------+--------+-----+
|Available        |      624|  1728|  460800|  230400|   96|
+-----------------+---------+------+--------+--------+-----+
|Utilization (%)  |        0|    ~0|      ~0|      ~0|    0|
+-----------------+---------+------+--------+--------+-----+

+ Detail: 
    * Instance: 
    +---------------------------+-----------------------+---------+----+-----+----+-----+
    |          Instance         |         Module        | BRAM_18K| DSP|  FF | LUT| URAM|
    +---------------------------+-----------------------+---------+----+-----+----+-----+
    |mul_10ns_12ns_21_1_1_U49   |mul_10ns_12ns_21_1_1   |        0|   1|    0|   5|    0|
    |mul_10ns_12ns_21_1_1_U51   |mul_10ns_12ns_21_1_1   |        0|   1|    0|   5|    0|
    |mul_10ns_12ns_21_1_1_U54   |mul_10ns_12ns_21_1_1   |        0|   1|    0|   5|    0|
    |mul_10ns_12ns_21_1_1_U55   |mul_10ns_12ns_21_1_1   |        0|   1|    0|   5|    0|
    |sparsemux_11_3_32_1_1_U52  |sparsemux_11_3_32_1_1  |        0|   0|    0|  26|    0|
    |sparsemux_11_3_32_1_1_U53  |sparsemux_11_3_32_1_1  |        0|   0|    0|  26|    0|
    |sparsemux_11_3_32_1_1_U56  |sparsemux_11_3_32_1_1  |        0|   0|    0|  26|    0|
    |sparsemux_11_3_32_1_1_U57  |sparsemux_11_3_32_1_1  |        0|   0|    0|  26|    0|
    |urem_7ns_4ns_3_11_1_U50    |urem_7ns_4ns_3_11_1    |        0|   0|  158|  87|    0|
    +---------------------------+-----------------------+---------+----+-----+----+-----+
    |Total                      |                       |        0|   4|  158| 211|    0|
    +---------------------------+-----------------------+---------+----+-----+----+-----+

    * DSP: 
    N/A

    * Memory: 
    N/A

    * FIFO: 
    N/A

    * Expression: 
    +-------------------------+----------+----+---+----+------------+------------+
    |      Variable Name      | Operation| DSP| FF| LUT| Bitwidth P0| Bitwidth P1|
    +-------------------------+----------+----+---+----+------------+------------+
    |add_ln65_1_fu_499_p2     |         +|   0|  0|  12|           5|           1|
    |add_ln65_fu_473_p2       |         +|   0|  0|  16|           9|           1|
    |add_ln66_fu_641_p2       |         +|   0|  0|  12|           5|           1|
    |add_ln68_1_fu_583_p2     |         +|   0|  0|  18|          10|          10|
    |add_ln68_fu_547_p2       |         +|   0|  0|  14|           7|           7|
    |sub_ln68_fu_577_p2       |         -|   0|  0|  18|          10|          10|
    |icmp_ln65_fu_467_p2      |      icmp|   0|  0|  17|           9|          10|
    |icmp_ln66_fu_485_p2      |      icmp|   0|  0|  13|           5|           6|
    |icmp_ln72_1_fu_913_p2    |      icmp|   0|  0|  39|          32|          32|
    |icmp_ln72_2_fu_925_p2    |      icmp|   0|  0|  39|          32|          32|
    |icmp_ln72_fu_845_p2      |      icmp|   0|  0|  39|          32|          32|
    |icmp_ln73_fu_939_p2      |      icmp|   0|  0|  39|          32|          32|
    |m_5_fu_851_p3            |    select|   0|  0|  32|           1|          32|
    |m_7_fu_918_p3            |    select|   0|  0|  32|           1|          32|
    |m_8_fu_931_p3            |    select|   0|  0|  32|           1|          32|
    |select_ln65_1_fu_505_p3  |    select|   0|  0|   5|           1|           5|
    |select_ln65_fu_491_p3    |    select|   0|  0|   5|           1|           1|
    |ap_enable_pp0            |       xor|   0|  0|   2|           1|           2|
    +-------------------------+----------+----+---+----+------------+------------+
    |Total                    |          |   0|  0| 384|         194|         278|
    +-------------------------+----------+----+---+----+------------+------------+

    * Multiplexer: 
    +-------------------------------------------------------------------------------------------+----+-----------+-----+-----------+
    |                                            Name                                           | LUT| Input Size| Bits| Total Bits|
    +-------------------------------------------------------------------------------------------+----+-----------+-----+-----------+
    |ap_done_int                                                                                |   9|          2|    1|          2|
    |ap_enable_reg_pp0_iter1                                                                    |   9|          2|    1|          2|
    |ap_sig_allocacmp_indvar_flatten6_load                                                      |   9|          2|    9|         18|
    |ap_sig_allocacmp_ph_load                                                                   |   9|          2|    5|         10|
    |ap_sig_allocacmp_pw_load                                                                   |   9|          2|    5|         10|
    |bnn_top_int_const_unsigned_int_const_int_const_unsigned_int_const_int_co_1_address0_local  |  14|          3|    8|         24|
    |bnn_top_int_const_unsigned_int_const_int_const_unsigned_int_const_int_co_1_address1_local  |  14|          3|    8|         24|
    |bnn_top_int_const_unsigned_int_const_int_const_unsigned_int_const_int_co_2_address0_local  |  14|          3|    8|         24|
    |bnn_top_int_const_unsigned_int_const_int_const_unsigned_int_const_int_co_2_address1_local  |  14|          3|    8|         24|
    |bnn_top_int_const_unsigned_int_const_int_const_unsigned_int_const_int_co_3_address0_local  |  14|          3|    8|         24|
    |bnn_top_int_const_unsigned_int_const_int_const_unsigned_int_const_int_co_3_address1_local  |  14|          3|    8|         24|
    |bnn_top_int_const_unsigned_int_const_int_const_unsigned_int_const_int_co_4_address0_local  |  14|          3|    8|         24|
    |bnn_top_int_const_unsigned_int_const_int_const_unsigned_int_const_int_co_4_address1_local  |  14|          3|    8|         24|
    |bnn_top_int_const_unsigned_int_const_int_const_unsigned_int_const_int_co_address0_local    |  14|          3|    8|         24|
    |bnn_top_int_const_unsigned_int_const_int_const_unsigned_int_const_int_co_address1_local    |  14|          3|    8|         24|
    |indvar_flatten6_fu_124                                                                     |   9|          2|    9|         18|
    |ph_fu_120                                                                                  |   9|          2|    5|         10|
    |pw_fu_116                                                                                  |   9|          2|    5|         10|
    +-------------------------------------------------------------------------------------------+----+-----------+-----+-----------+
    |Total                                                                                      | 212|         46|  120|        320|
    +-------------------------------------------------------------------------------------------+----+-----------+-----+-----------+

    * Register: 
    +-----------------------------------+----+----+-----+-----------+
    |                Name               | FF | LUT| Bits| Const Bits|
    +-----------------------------------+----+----+-----+-----------+
    |ap_CS_fsm                          |   1|   0|    1|          0|
    |ap_done_reg                        |   1|   0|    1|          0|
    |ap_enable_reg_pp0_iter1            |   1|   0|    1|          0|
    |ap_enable_reg_pp0_iter10           |   1|   0|    1|          0|
    |ap_enable_reg_pp0_iter11           |   1|   0|    1|          0|
    |ap_enable_reg_pp0_iter12           |   1|   0|    1|          0|
    |ap_enable_reg_pp0_iter13           |   1|   0|    1|          0|
    |ap_enable_reg_pp0_iter2            |   1|   0|    1|          0|
    |ap_enable_reg_pp0_iter3            |   1|   0|    1|          0|
    |ap_enable_reg_pp0_iter4            |   1|   0|    1|          0|
    |ap_enable_reg_pp0_iter5            |   1|   0|    1|          0|
    |ap_enable_reg_pp0_iter6            |   1|   0|    1|          0|
    |ap_enable_reg_pp0_iter7            |   1|   0|    1|          0|
    |ap_enable_reg_pp0_iter8            |   1|   0|    1|          0|
    |ap_enable_reg_pp0_iter9            |   1|   0|    1|          0|
    |ap_loop_exit_ready_pp0_iter10_reg  |   1|   0|    1|          0|
    |ap_loop_exit_ready_pp0_iter11_reg  |   1|   0|    1|          0|
    |ap_loop_exit_ready_pp0_iter12_reg  |   1|   0|    1|          0|
    |ap_loop_exit_ready_pp0_iter1_reg   |   1|   0|    1|          0|
    |ap_loop_exit_ready_pp0_iter2_reg   |   1|   0|    1|          0|
    |ap_loop_exit_ready_pp0_iter3_reg   |   1|   0|    1|          0|
    |ap_loop_exit_ready_pp0_iter4_reg   |   1|   0|    1|          0|
    |ap_loop_exit_ready_pp0_iter5_reg   |   1|   0|    1|          0|
    |ap_loop_exit_ready_pp0_iter6_reg   |   1|   0|    1|          0|
    |ap_loop_exit_ready_pp0_iter7_reg   |   1|   0|    1|          0|
    |ap_loop_exit_ready_pp0_iter8_reg   |   1|   0|    1|          0|
    |ap_loop_exit_ready_pp0_iter9_reg   |   1|   0|    1|          0|
    |indvar_flatten6_fu_124             |   9|   0|    9|          0|
    |m_5_reg_1148                       |  32|   0|   32|          0|
    |ph_fu_120                          |   5|   0|    5|          0|
    |pw_fu_116                          |   5|   0|    5|          0|
    |tmp_27_reg_1030                    |   8|   0|    8|          0|
    |tmp_31_reg_1035                    |   1|   0|    1|          0|
    |trunc_ln66_reg_1014                |   3|   0|    3|          0|
    |trunc_ln68_1_reg_1018              |   4|   0|    4|          0|
    |trunc_ln68_2_reg_1040              |   3|   0|    3|          0|
    |trunc_ln68_reg_1006                |   4|   0|    4|          0|
    |tmp_27_reg_1030                    |  64|  32|    8|          0|
    |tmp_31_reg_1035                    |  64|  32|    1|          0|
    |trunc_ln66_reg_1014                |  64|  32|    3|          0|
    |trunc_ln68_1_reg_1018              |  64|  32|    4|          0|
    |trunc_ln68_2_reg_1040              |  64|  32|    3|          0|
    |trunc_ln68_reg_1006                |  64|  32|    4|          0|
    +-----------------------------------+----+----+-----+-----------+
    |Total                              | 485| 192|  124|          0|
    +-----------------------------------+----+----+-----+-----------+



================================================================
== Interface
================================================================
* Summary: 
+--------------------------------------------------------------------------------------+-----+-----+------------+-----------------------------------------------------------------------------+--------------+
|                                       RTL Ports                                      | Dir | Bits|  Protocol  |                                Source Object                                |    C Type    |
+--------------------------------------------------------------------------------------+-----+-----+------------+-----------------------------------------------------------------------------+--------------+
|ap_clk                                                                                |   in|    1|  ap_ctrl_hs|                             bnn_top_Pipeline_VITIS_LOOP_65_6_VITIS_LOOP_66_7|  return value|
|ap_rst                                                                                |   in|    1|  ap_ctrl_hs|                             bnn_top_Pipeline_VITIS_LOOP_65_6_VITIS_LOOP_66_7|  return value|
|ap_start                                                                              |   in|    1|  ap_ctrl_hs|                             bnn_top_Pipeline_VITIS_LOOP_65_6_VITIS_LOOP_66_7|  return value|
|ap_done                                                                               |  out|    1|  ap_ctrl_hs|                             bnn_top_Pipeline_VITIS_LOOP_65_6_VITIS_LOOP_66_7|  return value|
|ap_idle                                                                               |  out|    1|  ap_ctrl_hs|                             bnn_top_Pipeline_VITIS_LOOP_65_6_VITIS_LOOP_66_7|  return value|
|ap_ready                                                                              |  out|    1|  ap_ctrl_hs|                             bnn_top_Pipeline_VITIS_LOOP_65_6_VITIS_LOOP_66_7|  return value|
|TAU1_load                                                                             |   in|   32|     ap_none|                                                                    TAU1_load|        scalar|
|empty                                                                                 |   in|    5|     ap_none|                                                                        empty|        scalar|
|bnn_top_int_const_unsigned_int_const_int_const_unsigned_int_const_int_co_20_address0  |  out|   10|   ap_memory|  bnn_top_int_const_unsigned_int_const_int_const_unsigned_int_const_int_co_20|         array|
|bnn_top_int_const_unsigned_int_const_int_const_unsigned_int_const_int_co_20_ce0       |  out|    1|   ap_memory|  bnn_top_int_const_unsigned_int_const_int_const_unsigned_int_const_int_co_20|         array|
|bnn_top_int_const_unsigned_int_const_int_const_unsigned_int_const_int_co_20_we0       |  out|    1|   ap_memory|  bnn_top_int_const_unsigned_int_const_int_const_unsigned_int_const_int_co_20|         array|
|bnn_top_int_const_unsigned_int_const_int_const_unsigned_int_const_int_co_20_d0        |  out|    1|   ap_memory|  bnn_top_int_const_unsigned_int_const_int_const_unsigned_int_const_int_co_20|         array|
|bnn_top_int_const_unsigned_int_const_int_const_unsigned_int_const_int_co_4_address0   |  out|    8|   ap_memory|   bnn_top_int_const_unsigned_int_const_int_const_unsigned_int_const_int_co_4|         array|
|bnn_top_int_const_unsigned_int_const_int_const_unsigned_int_const_int_co_4_ce0        |  out|    1|   ap_memory|   bnn_top_int_const_unsigned_int_const_int_const_unsigned_int_const_int_co_4|         array|
|bnn_top_int_const_unsigned_int_const_int_const_unsigned_int_const_int_co_4_q0         |   in|   32|   ap_memory|   bnn_top_int_const_unsigned_int_const_int_const_unsigned_int_const_int_co_4|         array|
|bnn_top_int_const_unsigned_int_const_int_const_unsigned_int_const_int_co_4_address1   |  out|    8|   ap_memory|   bnn_top_int_const_unsigned_int_const_int_const_unsigned_int_const_int_co_4|         array|
|bnn_top_int_const_unsigned_int_const_int_const_unsigned_int_const_int_co_4_ce1        |  out|    1|   ap_memory|   bnn_top_int_const_unsigned_int_const_int_const_unsigned_int_const_int_co_4|         array|
|bnn_top_int_const_unsigned_int_const_int_const_unsigned_int_const_int_co_4_q1         |   in|   32|   ap_memory|   bnn_top_int_const_unsigned_int_const_int_const_unsigned_int_const_int_co_4|         array|
|bnn_top_int_const_unsigned_int_const_int_const_unsigned_int_const_int_co_3_address0   |  out|    8|   ap_memory|   bnn_top_int_const_unsigned_int_const_int_const_unsigned_int_const_int_co_3|         array|
|bnn_top_int_const_unsigned_int_const_int_const_unsigned_int_const_int_co_3_ce0        |  out|    1|   ap_memory|   bnn_top_int_const_unsigned_int_const_int_const_unsigned_int_const_int_co_3|         array|
|bnn_top_int_const_unsigned_int_const_int_const_unsigned_int_const_int_co_3_q0         |   in|   32|   ap_memory|   bnn_top_int_const_unsigned_int_const_int_const_unsigned_int_const_int_co_3|         array|
|bnn_top_int_const_unsigned_int_const_int_const_unsigned_int_const_int_co_3_address1   |  out|    8|   ap_memory|   bnn_top_int_const_unsigned_int_const_int_const_unsigned_int_const_int_co_3|         array|
|bnn_top_int_const_unsigned_int_const_int_const_unsigned_int_const_int_co_3_ce1        |  out|    1|   ap_memory|   bnn_top_int_const_unsigned_int_const_int_const_unsigned_int_const_int_co_3|         array|
|bnn_top_int_const_unsigned_int_const_int_const_unsigned_int_const_int_co_3_q1         |   in|   32|   ap_memory|   bnn_top_int_const_unsigned_int_const_int_const_unsigned_int_const_int_co_3|         array|
|bnn_top_int_const_unsigned_int_const_int_const_unsigned_int_const_int_co_2_address0   |  out|    8|   ap_memory|   bnn_top_int_const_unsigned_int_const_int_const_unsigned_int_const_int_co_2|         array|
|bnn_top_int_const_unsigned_int_const_int_const_unsigned_int_const_int_co_2_ce0        |  out|    1|   ap_memory|   bnn_top_int_const_unsigned_int_const_int_const_unsigned_int_const_int_co_2|         array|
|bnn_top_int_const_unsigned_int_const_int_const_unsigned_int_const_int_co_2_q0         |   in|   32|   ap_memory|   bnn_top_int_const_unsigned_int_const_int_const_unsigned_int_const_int_co_2|         array|
|bnn_top_int_const_unsigned_int_const_int_const_unsigned_int_const_int_co_2_address1   |  out|    8|   ap_memory|   bnn_top_int_const_unsigned_int_const_int_const_unsigned_int_const_int_co_2|         array|
|bnn_top_int_const_unsigned_int_const_int_const_unsigned_int_const_int_co_2_ce1        |  out|    1|   ap_memory|   bnn_top_int_const_unsigned_int_const_int_const_unsigned_int_const_int_co_2|         array|
|bnn_top_int_const_unsigned_int_const_int_const_unsigned_int_const_int_co_2_q1         |   in|   32|   ap_memory|   bnn_top_int_const_unsigned_int_const_int_const_unsigned_int_const_int_co_2|         array|
|bnn_top_int_const_unsigned_int_const_int_const_unsigned_int_const_int_co_1_address0   |  out|    8|   ap_memory|   bnn_top_int_const_unsigned_int_const_int_const_unsigned_int_const_int_co_1|         array|
|bnn_top_int_const_unsigned_int_const_int_const_unsigned_int_const_int_co_1_ce0        |  out|    1|   ap_memory|   bnn_top_int_const_unsigned_int_const_int_const_unsigned_int_const_int_co_1|         array|
|bnn_top_int_const_unsigned_int_const_int_const_unsigned_int_const_int_co_1_q0         |   in|   32|   ap_memory|   bnn_top_int_const_unsigned_int_const_int_const_unsigned_int_const_int_co_1|         array|
|bnn_top_int_const_unsigned_int_const_int_const_unsigned_int_const_int_co_1_address1   |  out|    8|   ap_memory|   bnn_top_int_const_unsigned_int_const_int_const_unsigned_int_const_int_co_1|         array|
|bnn_top_int_const_unsigned_int_const_int_const_unsigned_int_const_int_co_1_ce1        |  out|    1|   ap_memory|   bnn_top_int_const_unsigned_int_const_int_const_unsigned_int_const_int_co_1|         array|
|bnn_top_int_const_unsigned_int_const_int_const_unsigned_int_const_int_co_1_q1         |   in|   32|   ap_memory|   bnn_top_int_const_unsigned_int_const_int_const_unsigned_int_const_int_co_1|         array|
|bnn_top_int_const_unsigned_int_const_int_const_unsigned_int_const_int_co_address0     |  out|    8|   ap_memory|     bnn_top_int_const_unsigned_int_const_int_const_unsigned_int_const_int_co|         array|
|bnn_top_int_const_unsigned_int_const_int_const_unsigned_int_const_int_co_ce0          |  out|    1|   ap_memory|     bnn_top_int_const_unsigned_int_const_int_const_unsigned_int_const_int_co|         array|
|bnn_top_int_const_unsigned_int_const_int_const_unsigned_int_const_int_co_q0           |   in|   32|   ap_memory|     bnn_top_int_const_unsigned_int_const_int_const_unsigned_int_const_int_co|         array|
|bnn_top_int_const_unsigned_int_const_int_const_unsigned_int_const_int_co_address1     |  out|    8|   ap_memory|     bnn_top_int_const_unsigned_int_const_int_const_unsigned_int_const_int_co|         array|
|bnn_top_int_const_unsigned_int_const_int_const_unsigned_int_const_int_co_ce1          |  out|    1|   ap_memory|     bnn_top_int_const_unsigned_int_const_int_const_unsigned_int_const_int_co|         array|
|bnn_top_int_const_unsigned_int_const_int_const_unsigned_int_const_int_co_q1           |   in|   32|   ap_memory|     bnn_top_int_const_unsigned_int_const_int_const_unsigned_int_const_int_co|         array|
|bnn_top_int_const_unsigned_int_const_int_const_unsigned_int_const_int_co_19_address0  |  out|   10|   ap_memory|  bnn_top_int_const_unsigned_int_const_int_const_unsigned_int_const_int_co_19|         array|
|bnn_top_int_const_unsigned_int_const_int_const_unsigned_int_const_int_co_19_ce0       |  out|    1|   ap_memory|  bnn_top_int_const_unsigned_int_const_int_const_unsigned_int_const_int_co_19|         array|
|bnn_top_int_const_unsigned_int_const_int_const_unsigned_int_const_int_co_19_we0       |  out|    1|   ap_memory|  bnn_top_int_const_unsigned_int_const_int_const_unsigned_int_const_int_co_19|         array|
|bnn_top_int_const_unsigned_int_const_int_const_unsigned_int_const_int_co_19_d0        |  out|    1|   ap_memory|  bnn_top_int_const_unsigned_int_const_int_const_unsigned_int_const_int_co_19|         array|
|bnn_top_int_const_unsigned_int_const_int_const_unsigned_int_const_int_co_18_address0  |  out|   10|   ap_memory|  bnn_top_int_const_unsigned_int_const_int_const_unsigned_int_const_int_co_18|         array|
|bnn_top_int_const_unsigned_int_const_int_const_unsigned_int_const_int_co_18_ce0       |  out|    1|   ap_memory|  bnn_top_int_const_unsigned_int_const_int_const_unsigned_int_const_int_co_18|         array|
|bnn_top_int_const_unsigned_int_const_int_const_unsigned_int_const_int_co_18_we0       |  out|    1|   ap_memory|  bnn_top_int_const_unsigned_int_const_int_const_unsigned_int_const_int_co_18|         array|
|bnn_top_int_const_unsigned_int_const_int_const_unsigned_int_const_int_co_18_d0        |  out|    1|   ap_memory|  bnn_top_int_const_unsigned_int_const_int_const_unsigned_int_const_int_co_18|         array|
|bnn_top_int_const_unsigned_int_const_int_const_unsigned_int_const_int_co_17_address0  |  out|   10|   ap_memory|  bnn_top_int_const_unsigned_int_const_int_const_unsigned_int_const_int_co_17|         array|
|bnn_top_int_const_unsigned_int_const_int_const_unsigned_int_const_int_co_17_ce0       |  out|    1|   ap_memory|  bnn_top_int_const_unsigned_int_const_int_const_unsigned_int_const_int_co_17|         array|
|bnn_top_int_const_unsigned_int_const_int_const_unsigned_int_const_int_co_17_we0       |  out|    1|   ap_memory|  bnn_top_int_const_unsigned_int_const_int_const_unsigned_int_const_int_co_17|         array|
|bnn_top_int_const_unsigned_int_const_int_const_unsigned_int_const_int_co_17_d0        |  out|    1|   ap_memory|  bnn_top_int_const_unsigned_int_const_int_const_unsigned_int_const_int_co_17|         array|
|bnn_top_int_const_unsigned_int_const_int_const_unsigned_int_const_int_co_16_address0  |  out|   10|   ap_memory|  bnn_top_int_const_unsigned_int_const_int_const_unsigned_int_const_int_co_16|         array|
|bnn_top_int_const_unsigned_int_const_int_const_unsigned_int_const_int_co_16_ce0       |  out|    1|   ap_memory|  bnn_top_int_const_unsigned_int_const_int_const_unsigned_int_const_int_co_16|         array|
|bnn_top_int_const_unsigned_int_const_int_const_unsigned_int_const_int_co_16_we0       |  out|    1|   ap_memory|  bnn_top_int_const_unsigned_int_const_int_const_unsigned_int_const_int_co_16|         array|
|bnn_top_int_const_unsigned_int_const_int_const_unsigned_int_const_int_co_16_d0        |  out|    1|   ap_memory|  bnn_top_int_const_unsigned_int_const_int_const_unsigned_int_const_int_co_16|         array|
|bnn_top_int_const_unsigned_int_const_int_const_unsigned_int_const_int_co_15_address0  |  out|   10|   ap_memory|  bnn_top_int_const_unsigned_int_const_int_const_unsigned_int_const_int_co_15|         array|
|bnn_top_int_const_unsigned_int_const_int_const_unsigned_int_const_int_co_15_ce0       |  out|    1|   ap_memory|  bnn_top_int_const_unsigned_int_const_int_const_unsigned_int_const_int_co_15|         array|
|bnn_top_int_const_unsigned_int_const_int_const_unsigned_int_const_int_co_15_we0       |  out|    1|   ap_memory|  bnn_top_int_const_unsigned_int_const_int_const_unsigned_int_const_int_co_15|         array|
|bnn_top_int_const_unsigned_int_const_int_const_unsigned_int_const_int_co_15_d0        |  out|    1|   ap_memory|  bnn_top_int_const_unsigned_int_const_int_const_unsigned_int_const_int_co_15|         array|
|bnn_top_int_const_unsigned_int_const_int_const_unsigned_int_const_int_co_14_address0  |  out|   10|   ap_memory|  bnn_top_int_const_unsigned_int_const_int_const_unsigned_int_const_int_co_14|         array|
|bnn_top_int_const_unsigned_int_const_int_const_unsigned_int_const_int_co_14_ce0       |  out|    1|   ap_memory|  bnn_top_int_const_unsigned_int_const_int_const_unsigned_int_const_int_co_14|         array|
|bnn_top_int_const_unsigned_int_const_int_const_unsigned_int_const_int_co_14_we0       |  out|    1|   ap_memory|  bnn_top_int_const_unsigned_int_const_int_const_unsigned_int_const_int_co_14|         array|
|bnn_top_int_const_unsigned_int_const_int_const_unsigned_int_const_int_co_14_d0        |  out|    1|   ap_memory|  bnn_top_int_const_unsigned_int_const_int_const_unsigned_int_const_int_co_14|         array|
|bnn_top_int_const_unsigned_int_const_int_const_unsigned_int_const_int_co_13_address0  |  out|   10|   ap_memory|  bnn_top_int_const_unsigned_int_const_int_const_unsigned_int_const_int_co_13|         array|
|bnn_top_int_const_unsigned_int_const_int_const_unsigned_int_const_int_co_13_ce0       |  out|    1|   ap_memory|  bnn_top_int_const_unsigned_int_const_int_const_unsigned_int_const_int_co_13|         array|
|bnn_top_int_const_unsigned_int_const_int_const_unsigned_int_const_int_co_13_we0       |  out|    1|   ap_memory|  bnn_top_int_const_unsigned_int_const_int_const_unsigned_int_const_int_co_13|         array|
|bnn_top_int_const_unsigned_int_const_int_const_unsigned_int_const_int_co_13_d0        |  out|    1|   ap_memory|  bnn_top_int_const_unsigned_int_const_int_const_unsigned_int_const_int_co_13|         array|
+--------------------------------------------------------------------------------------+-----+-----+------------+-----------------------------------------------------------------------------+--------------+

============================================================
+ Verbose Summary: Synthesis Manager
============================================================
InlineROM: 1
ExposeGlobal: 0
============================================================
+ Verbose Summary: CDFG Model
============================================================
IsTopModel: 0
ResetActiveHigh: 1
IsCombinational: 2
IsDatapathOnly: 2
HasWiredReturn: 1
HasMFsm: 2
HasVarLatency: 1
IsPipeline: 0
IsRtlPipelined: 0
IsInstanceOverlapped: 0
IsDontTouch: 0
HasImplIP: 0
IsGatedGlobalClock: 0

+ Individual pipeline summary: 
  * Pipeline-0: initiation interval (II) = 1, depth = 14


============================================================
+ Verbose Summary: Schedule
============================================================
* Number of FSM states : 14
* Pipeline : 1
  Pipeline-0 : II = 1, D = 14, States = { 1 2 3 4 5 6 7 8 9 10 11 12 13 14 }
* Dataflow Pipeline: 0

* FSM state transitions: 
1 --> 2 
2 --> 3 
3 --> 4 
4 --> 5 
5 --> 6 
6 --> 7 
7 --> 8 
8 --> 9 
9 --> 10 
10 --> 11 
11 --> 12 
12 --> 13 
13 --> 14 
14 --> 

* FSM state operations: 

State 1 <SV = 0> <Delay = 5.55>
ST_1 : Operation 17 [1/1] (0.00ns)   --->   "%pw = alloca i32 1" [bnn.cpp:66]   --->   Operation 17 'alloca' 'pw' <Predicate = true> <Delay = 0.00>
ST_1 : Operation 18 [1/1] (0.00ns)   --->   "%ph = alloca i32 1" [bnn.cpp:65]   --->   Operation 18 'alloca' 'ph' <Predicate = true> <Delay = 0.00>
ST_1 : Operation 19 [1/1] (0.00ns)   --->   "%indvar_flatten6 = alloca i32 1"   --->   Operation 19 'alloca' 'indvar_flatten6' <Predicate = true> <Delay = 0.00>
ST_1 : Operation 20 [1/1] (0.00ns)   --->   "%tmp = read i5 @_ssdm_op_Read.ap_auto.i5, i5 %empty"   --->   Operation 20 'read' 'tmp' <Predicate = true> <Delay = 0.00>
ST_1 : Operation 21 [1/1] (0.00ns)   --->   "%TAU1_load_read = read i32 @_ssdm_op_Read.ap_auto.i32, i32 %TAU1_load"   --->   Operation 21 'read' 'TAU1_load_read' <Predicate = true> <Delay = 0.00>
ST_1 : Operation 22 [1/1] (0.42ns)   --->   "%store_ln0 = store i9 0, i9 %indvar_flatten6"   --->   Operation 22 'store' 'store_ln0' <Predicate = true> <Delay = 0.42>
ST_1 : Operation 23 [1/1] (0.42ns)   --->   "%store_ln65 = store i5 0, i5 %ph" [bnn.cpp:65]   --->   Operation 23 'store' 'store_ln65' <Predicate = true> <Delay = 0.42>
ST_1 : Operation 24 [1/1] (0.42ns)   --->   "%store_ln66 = store i5 0, i5 %pw" [bnn.cpp:66]   --->   Operation 24 'store' 'store_ln66' <Predicate = true> <Delay = 0.42>
ST_1 : Operation 25 [1/1] (0.00ns)   --->   "%br_ln0 = br void %for.body63"   --->   Operation 25 'br' 'br_ln0' <Predicate = true> <Delay = 0.00>
ST_1 : Operation 26 [1/1] (0.00ns)   --->   "%indvar_flatten6_load = load i9 %indvar_flatten6" [bnn.cpp:65]   --->   Operation 26 'load' 'indvar_flatten6_load' <Predicate = true> <Delay = 0.00>
ST_1 : Operation 27 [1/1] (0.77ns)   --->   "%icmp_ln65 = icmp_eq  i9 %indvar_flatten6_load, i9 256" [bnn.cpp:65]   --->   Operation 27 'icmp' 'icmp_ln65' <Predicate = true> <Delay = 0.77> <CoreInst = "Cmp">   --->   Core 9 'Cmp' <Latency = 0> <II = 1> <Delay = 0.78> <FuncUnit> <Opcode : 'seteq' 'setne' 'setle' 'setge' 'setlt' 'setgt'> <InPorts = 2> <OutPorts = 1>
ST_1 : Operation 28 [1/1] (0.77ns)   --->   "%add_ln65 = add i9 %indvar_flatten6_load, i9 1" [bnn.cpp:65]   --->   Operation 28 'add' 'add_ln65' <Predicate = true> <Delay = 0.77> <CoreInst = "Adder">   --->   Core 1 'Adder' <Latency = 0> <II = 1> <Delay = 0.77> <FuncUnit> <Opcode : 'add' 'sub'> <InPorts = 2> <OutPorts = 1>
ST_1 : Operation 29 [1/1] (0.00ns)   --->   "%br_ln65 = br i1 %icmp_ln65, void %for.inc113, void %for.inc116.exitStub" [bnn.cpp:65]   --->   Operation 29 'br' 'br_ln65' <Predicate = true> <Delay = 0.00>
ST_1 : Operation 30 [1/1] (0.00ns)   --->   "%pw_load = load i5 %pw" [bnn.cpp:66]   --->   Operation 30 'load' 'pw_load' <Predicate = (!icmp_ln65)> <Delay = 0.00>
ST_1 : Operation 31 [1/1] (0.00ns)   --->   "%ph_load = load i5 %ph" [bnn.cpp:65]   --->   Operation 31 'load' 'ph_load' <Predicate = (!icmp_ln65)> <Delay = 0.00>
ST_1 : Operation 32 [1/1] (0.78ns)   --->   "%icmp_ln66 = icmp_eq  i5 %pw_load, i5 16" [bnn.cpp:66]   --->   Operation 32 'icmp' 'icmp_ln66' <Predicate = (!icmp_ln65)> <Delay = 0.78> <CoreInst = "Cmp">   --->   Core 9 'Cmp' <Latency = 0> <II = 1> <Delay = 0.78> <FuncUnit> <Opcode : 'seteq' 'setne' 'setle' 'setge' 'setlt' 'setgt'> <InPorts = 2> <OutPorts = 1>
ST_1 : Operation 33 [1/1] (0.41ns)   --->   "%select_ln65 = select i1 %icmp_ln66, i5 0, i5 %pw_load" [bnn.cpp:65]   --->   Operation 33 'select' 'select_ln65' <Predicate = (!icmp_ln65)> <Delay = 0.41> <CoreInst = "Sel">   --->   Core 73 'Sel' <Latency = 0> <II = 1> <Delay = 0.41> <FuncUnit> <Opcode : 'select'> <InPorts = 3> <OutPorts = 1>
ST_1 : Operation 34 [1/1] (0.78ns)   --->   "%add_ln65_1 = add i5 %ph_load, i5 1" [bnn.cpp:65]   --->   Operation 34 'add' 'add_ln65_1' <Predicate = (!icmp_ln65)> <Delay = 0.78> <CoreInst = "Adder">   --->   Core 1 'Adder' <Latency = 0> <II = 1> <Delay = 0.78> <FuncUnit> <Opcode : 'add' 'sub'> <InPorts = 2> <OutPorts = 1>
ST_1 : Operation 35 [1/1] (0.41ns)   --->   "%select_ln65_1 = select i1 %icmp_ln66, i5 %add_ln65_1, i5 %ph_load" [bnn.cpp:65]   --->   Operation 35 'select' 'select_ln65_1' <Predicate = (!icmp_ln65)> <Delay = 0.41> <CoreInst = "Sel">   --->   Core 73 'Sel' <Latency = 0> <II = 1> <Delay = 0.41> <FuncUnit> <Opcode : 'select'> <InPorts = 3> <OutPorts = 1>
ST_1 : Operation 36 [1/1] (0.00ns)   --->   "%trunc_ln68 = trunc i5 %select_ln65_1" [bnn.cpp:68]   --->   Operation 36 'trunc' 'trunc_ln68' <Predicate = (!icmp_ln65)> <Delay = 0.00>
ST_1 : Operation 37 [1/1] (0.00ns) (grouped into LUT with out node add_ln68)   --->   "%shl_ln5 = bitconcatenate i6 @_ssdm_op_BitConcatenate.i6.i4.i2, i4 %trunc_ln68, i2 0" [bnn.cpp:68]   --->   Operation 37 'bitconcatenate' 'shl_ln5' <Predicate = (!icmp_ln65)> <Delay = 0.00>
ST_1 : Operation 38 [1/1] (0.00ns) (grouped into LUT with out node add_ln68)   --->   "%zext_ln68 = zext i6 %shl_ln5" [bnn.cpp:68]   --->   Operation 38 'zext' 'zext_ln68' <Predicate = (!icmp_ln65)> <Delay = 0.00>
ST_1 : Operation 39 [1/1] (0.00ns)   --->   "%trunc_ln66 = trunc i5 %select_ln65" [bnn.cpp:66]   --->   Operation 39 'trunc' 'trunc_ln66' <Predicate = (!icmp_ln65)> <Delay = 0.00>
ST_1 : Operation 40 [1/1] (0.00ns)   --->   "%trunc_ln68_1 = trunc i5 %select_ln65" [bnn.cpp:68]   --->   Operation 40 'trunc' 'trunc_ln68_1' <Predicate = (!icmp_ln65)> <Delay = 0.00>
ST_1 : Operation 41 [1/1] (0.00ns) (grouped into LUT with out node add_ln68)   --->   "%shl_ln68 = shl i5 %select_ln65, i5 1" [bnn.cpp:68]   --->   Operation 41 'shl' 'shl_ln68' <Predicate = (!icmp_ln65)> <Delay = 0.00>
ST_1 : Operation 42 [1/1] (0.00ns) (grouped into LUT with out node add_ln68)   --->   "%zext_ln68_1 = zext i5 %shl_ln68" [bnn.cpp:68]   --->   Operation 42 'zext' 'zext_ln68_1' <Predicate = (!icmp_ln65)> <Delay = 0.00>
ST_1 : Operation 43 [1/1] (0.78ns) (out node of the LUT)   --->   "%add_ln68 = add i7 %zext_ln68_1, i7 %zext_ln68" [bnn.cpp:68]   --->   Operation 43 'add' 'add_ln68' <Predicate = (!icmp_ln65)> <Delay = 0.78> <CoreInst = "Adder">   --->   Core 1 'Adder' <Latency = 0> <II = 1> <Delay = 0.77> <FuncUnit> <Opcode : 'add' 'sub'> <InPorts = 2> <OutPorts = 1>
ST_1 : Operation 44 [1/1] (0.00ns)   --->   "%zext_ln68_2 = zext i7 %add_ln68" [bnn.cpp:68]   --->   Operation 44 'zext' 'zext_ln68_2' <Predicate = (!icmp_ln65)> <Delay = 0.00>
ST_1 : Operation 45 [1/1] (0.00ns)   --->   "%p_shl = bitconcatenate i10 @_ssdm_op_BitConcatenate.i10.i4.i6, i4 %trunc_ln68, i6 0" [bnn.cpp:68]   --->   Operation 45 'bitconcatenate' 'p_shl' <Predicate = (!icmp_ln65)> <Delay = 0.00>
ST_1 : Operation 46 [1/1] (0.00ns)   --->   "%tmp_26 = bitconcatenate i7 @_ssdm_op_BitConcatenate.i7.i5.i2, i5 %select_ln65_1, i2 0" [bnn.cpp:68]   --->   Operation 46 'bitconcatenate' 'tmp_26' <Predicate = (!icmp_ln65)> <Delay = 0.00>
ST_1 : Operation 47 [1/1] (0.00ns)   --->   "%zext_ln68_3 = zext i7 %tmp_26" [bnn.cpp:68]   --->   Operation 47 'zext' 'zext_ln68_3' <Predicate = (!icmp_ln65)> <Delay = 0.00>
ST_1 : Operation 48 [1/1] (0.00ns) (grouped into TernaryAdder)   --->   "%sub_ln68 = sub i10 %p_shl, i10 %zext_ln68_3" [bnn.cpp:68]   --->   Operation 48 'sub' 'sub_ln68' <Predicate = (!icmp_ln65)> <Delay = 0.00> <CoreInst = "TAddSub">   --->   Core 10 'TAddSub' <Latency = 0> <II = 1> <Delay = 0.48> <IPBlock> <Opcode : 'add' 'sub'> <InPorts = 3> <OutPorts = 1> <Sync> <CReg>
ST_1 : Operation 49 [1/1] (0.96ns) (root node of TernaryAdder)   --->   "%add_ln68_1 = add i10 %zext_ln68_2, i10 %sub_ln68" [bnn.cpp:68]   --->   Operation 49 'add' 'add_ln68_1' <Predicate = (!icmp_ln65)> <Delay = 0.96> <CoreInst = "TAddSub">   --->   Core 10 'TAddSub' <Latency = 0> <II = 1> <Delay = 0.48> <IPBlock> <Opcode : 'add' 'sub'> <InPorts = 3> <OutPorts = 1> <Sync> <CReg>
ST_1 : Operation 50 [1/1] (0.00ns)   --->   "%zext_ln68_5 = zext i10 %add_ln68_1" [bnn.cpp:68]   --->   Operation 50 'zext' 'zext_ln68_5' <Predicate = (!icmp_ln65)> <Delay = 0.00>
ST_1 : Operation 51 [1/1] (2.18ns)   --->   "%mul_ln68 = mul i21 %zext_ln68_5, i21 1639" [bnn.cpp:68]   --->   Operation 51 'mul' 'mul_ln68' <Predicate = (!icmp_ln65)> <Delay = 2.18> <CoreInst = "Multiplier">   --->   Core 3 'Multiplier' <Latency = 0> <II = 1> <Delay = 2.18> <FuncUnit> <Opcode : 'mul'> <InPorts = 2> <OutPorts = 1>
ST_1 : Operation 52 [1/1] (0.00ns)   --->   "%tmp_27 = partselect i8 @_ssdm_op_PartSelect.i8.i21.i32.i32, i21 %mul_ln68, i32 13, i32 20" [bnn.cpp:68]   --->   Operation 52 'partselect' 'tmp_27' <Predicate = (!icmp_ln65)> <Delay = 0.00>
ST_1 : Operation 53 [11/11] (1.61ns)   --->   "%urem_ln68 = urem i7 %add_ln68, i7 5" [bnn.cpp:68]   --->   Operation 53 'urem' 'urem_ln68' <Predicate = (!icmp_ln65)> <Delay = 1.61> <CoreInst = "Divider">   --->   Core 6 'Divider' <Latency = 10> <II = 1> <Delay = 1.61> <FuncUnit> <Opcode : 'udiv' 'sdiv' 'urem' 'srem'> <InPorts = 2> <OutPorts = 1>
ST_1 : Operation 54 [1/1] (0.00ns)   --->   "%tmp_31 = bitselect i1 @_ssdm_op_BitSelect.i1.i5.i32, i5 %select_ln65, i32 3" [bnn.cpp:73]   --->   Operation 54 'bitselect' 'tmp_31' <Predicate = (!icmp_ln65)> <Delay = 0.00>
ST_1 : Operation 55 [1/1] (0.67ns)   --->   "%switch_ln73 = switch i3 %trunc_ln66, void %arrayidx109.case.7, i3 0, void %arrayidx109.case.0, i3 1, void %arrayidx109.case.1, i3 2, void %arrayidx109.case.2, i3 3, void %arrayidx109.case.3, i3 4, void %arrayidx109.case.4, i3 5, void %arrayidx109.case.5, i3 6, void %arrayidx109.case.6" [bnn.cpp:73]   --->   Operation 55 'switch' 'switch_ln73' <Predicate = (!icmp_ln65)> <Delay = 0.67>
ST_1 : Operation 56 [1/1] (0.78ns)   --->   "%add_ln66 = add i5 %select_ln65, i5 1" [bnn.cpp:66]   --->   Operation 56 'add' 'add_ln66' <Predicate = (!icmp_ln65)> <Delay = 0.78> <CoreInst = "Adder">   --->   Core 1 'Adder' <Latency = 0> <II = 1> <Delay = 0.78> <FuncUnit> <Opcode : 'add' 'sub'> <InPorts = 2> <OutPorts = 1>
ST_1 : Operation 57 [1/1] (0.42ns)   --->   "%store_ln65 = store i9 %add_ln65, i9 %indvar_flatten6" [bnn.cpp:65]   --->   Operation 57 'store' 'store_ln65' <Predicate = (!icmp_ln65)> <Delay = 0.42>
ST_1 : Operation 58 [1/1] (0.42ns)   --->   "%store_ln65 = store i5 %select_ln65_1, i5 %ph" [bnn.cpp:65]   --->   Operation 58 'store' 'store_ln65' <Predicate = (!icmp_ln65)> <Delay = 0.42>
ST_1 : Operation 59 [1/1] (0.42ns)   --->   "%store_ln66 = store i5 %add_ln66, i5 %pw" [bnn.cpp:66]   --->   Operation 59 'store' 'store_ln66' <Predicate = (!icmp_ln65)> <Delay = 0.42>
ST_1 : Operation 60 [1/1] (0.00ns)   --->   "%br_ln66 = br void %for.body63" [bnn.cpp:66]   --->   Operation 60 'br' 'br_ln66' <Predicate = (!icmp_ln65)> <Delay = 0.00>

State 2 <SV = 1> <Delay = 1.61>
ST_2 : Operation 61 [10/11] (1.61ns)   --->   "%urem_ln68 = urem i7 %add_ln68, i7 5" [bnn.cpp:68]   --->   Operation 61 'urem' 'urem_ln68' <Predicate = true> <Delay = 1.61> <CoreInst = "Divider">   --->   Core 6 'Divider' <Latency = 10> <II = 1> <Delay = 1.61> <FuncUnit> <Opcode : 'udiv' 'sdiv' 'urem' 'srem'> <InPorts = 2> <OutPorts = 1>

State 3 <SV = 2> <Delay = 1.61>
ST_3 : Operation 62 [9/11] (1.61ns)   --->   "%urem_ln68 = urem i7 %add_ln68, i7 5" [bnn.cpp:68]   --->   Operation 62 'urem' 'urem_ln68' <Predicate = true> <Delay = 1.61> <CoreInst = "Divider">   --->   Core 6 'Divider' <Latency = 10> <II = 1> <Delay = 1.61> <FuncUnit> <Opcode : 'udiv' 'sdiv' 'urem' 'srem'> <InPorts = 2> <OutPorts = 1>

State 4 <SV = 3> <Delay = 1.61>
ST_4 : Operation 63 [8/11] (1.61ns)   --->   "%urem_ln68 = urem i7 %add_ln68, i7 5" [bnn.cpp:68]   --->   Operation 63 'urem' 'urem_ln68' <Predicate = true> <Delay = 1.61> <CoreInst = "Divider">   --->   Core 6 'Divider' <Latency = 10> <II = 1> <Delay = 1.61> <FuncUnit> <Opcode : 'udiv' 'sdiv' 'urem' 'srem'> <InPorts = 2> <OutPorts = 1>

State 5 <SV = 4> <Delay = 1.61>
ST_5 : Operation 64 [7/11] (1.61ns)   --->   "%urem_ln68 = urem i7 %add_ln68, i7 5" [bnn.cpp:68]   --->   Operation 64 'urem' 'urem_ln68' <Predicate = true> <Delay = 1.61> <CoreInst = "Divider">   --->   Core 6 'Divider' <Latency = 10> <II = 1> <Delay = 1.61> <FuncUnit> <Opcode : 'udiv' 'sdiv' 'urem' 'srem'> <InPorts = 2> <OutPorts = 1>

State 6 <SV = 5> <Delay = 1.61>
ST_6 : Operation 65 [6/11] (1.61ns)   --->   "%urem_ln68 = urem i7 %add_ln68, i7 5" [bnn.cpp:68]   --->   Operation 65 'urem' 'urem_ln68' <Predicate = true> <Delay = 1.61> <CoreInst = "Divider">   --->   Core 6 'Divider' <Latency = 10> <II = 1> <Delay = 1.61> <FuncUnit> <Opcode : 'udiv' 'sdiv' 'urem' 'srem'> <InPorts = 2> <OutPorts = 1>

State 7 <SV = 6> <Delay = 1.61>
ST_7 : Operation 66 [5/11] (1.61ns)   --->   "%urem_ln68 = urem i7 %add_ln68, i7 5" [bnn.cpp:68]   --->   Operation 66 'urem' 'urem_ln68' <Predicate = true> <Delay = 1.61> <CoreInst = "Divider">   --->   Core 6 'Divider' <Latency = 10> <II = 1> <Delay = 1.61> <FuncUnit> <Opcode : 'udiv' 'sdiv' 'urem' 'srem'> <InPorts = 2> <OutPorts = 1>

State 8 <SV = 7> <Delay = 1.61>
ST_8 : Operation 67 [4/11] (1.61ns)   --->   "%urem_ln68 = urem i7 %add_ln68, i7 5" [bnn.cpp:68]   --->   Operation 67 'urem' 'urem_ln68' <Predicate = true> <Delay = 1.61> <CoreInst = "Divider">   --->   Core 6 'Divider' <Latency = 10> <II = 1> <Delay = 1.61> <FuncUnit> <Opcode : 'udiv' 'sdiv' 'urem' 'srem'> <InPorts = 2> <OutPorts = 1>

State 9 <SV = 8> <Delay = 1.61>
ST_9 : Operation 68 [3/11] (1.61ns)   --->   "%urem_ln68 = urem i7 %add_ln68, i7 5" [bnn.cpp:68]   --->   Operation 68 'urem' 'urem_ln68' <Predicate = true> <Delay = 1.61> <CoreInst = "Divider">   --->   Core 6 'Divider' <Latency = 10> <II = 1> <Delay = 1.61> <FuncUnit> <Opcode : 'udiv' 'sdiv' 'urem' 'srem'> <InPorts = 2> <OutPorts = 1>

State 10 <SV = 9> <Delay = 1.61>
ST_10 : Operation 69 [2/11] (1.61ns)   --->   "%urem_ln68 = urem i7 %add_ln68, i7 5" [bnn.cpp:68]   --->   Operation 69 'urem' 'urem_ln68' <Predicate = true> <Delay = 1.61> <CoreInst = "Divider">   --->   Core 6 'Divider' <Latency = 10> <II = 1> <Delay = 1.61> <FuncUnit> <Opcode : 'udiv' 'sdiv' 'urem' 'srem'> <InPorts = 2> <OutPorts = 1>

State 11 <SV = 10> <Delay = 1.61>
ST_11 : Operation 70 [1/11] (1.61ns)   --->   "%urem_ln68 = urem i7 %add_ln68, i7 5" [bnn.cpp:68]   --->   Operation 70 'urem' 'urem_ln68' <Predicate = true> <Delay = 1.61> <CoreInst = "Divider">   --->   Core 6 'Divider' <Latency = 10> <II = 1> <Delay = 1.61> <FuncUnit> <Opcode : 'udiv' 'sdiv' 'urem' 'srem'> <InPorts = 2> <OutPorts = 1>
ST_11 : Operation 71 [1/1] (0.00ns)   --->   "%trunc_ln68_2 = trunc i3 %urem_ln68" [bnn.cpp:68]   --->   Operation 71 'trunc' 'trunc_ln68_2' <Predicate = true> <Delay = 0.00>

State 12 <SV = 11> <Delay = 3.42>
ST_12 : Operation 72 [1/1] (0.00ns)   --->   "%zext_ln68_4 = zext i8 %tmp_27" [bnn.cpp:68]   --->   Operation 72 'zext' 'zext_ln68_4' <Predicate = true> <Delay = 0.00>
ST_12 : Operation 73 [1/1] (0.00ns)   --->   "%bnn_top_int_const_unsigned_int_const_int_const_unsigned_int_const_int_co_218 = getelementptr i32 %bnn_top_int_const_unsigned_int_const_int_const_unsigned_int_const_int_co_4, i64 0, i64 %zext_ln68_4" [bnn.cpp:68]   --->   Operation 73 'getelementptr' 'bnn_top_int_const_unsigned_int_const_int_const_unsigned_int_const_int_co_218' <Predicate = (trunc_ln68_2 == 0)> <Delay = 0.00>
ST_12 : Operation 74 [1/1] (0.00ns)   --->   "%bnn_top_int_const_unsigned_int_const_int_const_unsigned_int_const_int_co_219 = getelementptr i32 %bnn_top_int_const_unsigned_int_const_int_const_unsigned_int_const_int_co_3, i64 0, i64 %zext_ln68_4" [bnn.cpp:68]   --->   Operation 74 'getelementptr' 'bnn_top_int_const_unsigned_int_const_int_const_unsigned_int_const_int_co_219' <Predicate = (trunc_ln68_2 == 1)> <Delay = 0.00>
ST_12 : Operation 75 [1/1] (0.00ns)   --->   "%bnn_top_int_const_unsigned_int_const_int_const_unsigned_int_const_int_co_220 = getelementptr i32 %bnn_top_int_const_unsigned_int_const_int_const_unsigned_int_const_int_co_2, i64 0, i64 %zext_ln68_4" [bnn.cpp:68]   --->   Operation 75 'getelementptr' 'bnn_top_int_const_unsigned_int_const_int_const_unsigned_int_const_int_co_220' <Predicate = (trunc_ln68_2 == 2)> <Delay = 0.00>
ST_12 : Operation 76 [1/1] (0.00ns)   --->   "%bnn_top_int_const_unsigned_int_const_int_const_unsigned_int_const_int_co_221 = getelementptr i32 %bnn_top_int_const_unsigned_int_const_int_const_unsigned_int_const_int_co_1, i64 0, i64 %zext_ln68_4" [bnn.cpp:68]   --->   Operation 76 'getelementptr' 'bnn_top_int_const_unsigned_int_const_int_const_unsigned_int_const_int_co_221' <Predicate = (trunc_ln68_2 == 3)> <Delay = 0.00>
ST_12 : Operation 77 [1/1] (0.00ns)   --->   "%bnn_top_int_const_unsigned_int_const_int_const_unsigned_int_const_int_co_222 = getelementptr i32 %bnn_top_int_const_unsigned_int_const_int_const_unsigned_int_const_int_co, i64 0, i64 %zext_ln68_4" [bnn.cpp:68]   --->   Operation 77 'getelementptr' 'bnn_top_int_const_unsigned_int_const_int_const_unsigned_int_const_int_co_222' <Predicate = (trunc_ln68_2 == 4)> <Delay = 0.00>
ST_12 : Operation 78 [2/2] (1.23ns)   --->   "%bnn_top_int_const_unsigned_int_const_int_const_unsigned_int_const_int_co_223 = load i8 %bnn_top_int_const_unsigned_int_const_int_const_unsigned_int_const_int_co_218" [bnn.cpp:68]   --->   Operation 78 'load' 'bnn_top_int_const_unsigned_int_const_int_const_unsigned_int_const_int_co_223' <Predicate = (trunc_ln68_2 == 0)> <Delay = 1.23> <CoreInst = "RAM">   --->   Core 82 'RAM' <Latency = 1> <II = 1> <Delay = 1.23> <Storage> <Opcode : 'load' 'store'> <Ports = 2> <Width = 32> <Depth = 205> <RAM>
ST_12 : Operation 79 [2/2] (1.23ns)   --->   "%bnn_top_int_const_unsigned_int_const_int_const_unsigned_int_const_int_co_224 = load i8 %bnn_top_int_const_unsigned_int_const_int_const_unsigned_int_const_int_co_219" [bnn.cpp:68]   --->   Operation 79 'load' 'bnn_top_int_const_unsigned_int_const_int_const_unsigned_int_const_int_co_224' <Predicate = (trunc_ln68_2 == 1)> <Delay = 1.23> <CoreInst = "RAM">   --->   Core 82 'RAM' <Latency = 1> <II = 1> <Delay = 1.23> <Storage> <Opcode : 'load' 'store'> <Ports = 2> <Width = 32> <Depth = 205> <RAM>
ST_12 : Operation 80 [2/2] (1.23ns)   --->   "%bnn_top_int_const_unsigned_int_const_int_const_unsigned_int_const_int_co_225 = load i8 %bnn_top_int_const_unsigned_int_const_int_const_unsigned_int_const_int_co_220" [bnn.cpp:68]   --->   Operation 80 'load' 'bnn_top_int_const_unsigned_int_const_int_const_unsigned_int_const_int_co_225' <Predicate = (trunc_ln68_2 == 2)> <Delay = 1.23> <CoreInst = "RAM">   --->   Core 82 'RAM' <Latency = 1> <II = 1> <Delay = 1.23> <Storage> <Opcode : 'load' 'store'> <Ports = 2> <Width = 32> <Depth = 205> <RAM>
ST_12 : Operation 81 [2/2] (1.23ns)   --->   "%bnn_top_int_const_unsigned_int_const_int_const_unsigned_int_const_int_co_226 = load i8 %bnn_top_int_const_unsigned_int_const_int_const_unsigned_int_const_int_co_221" [bnn.cpp:68]   --->   Operation 81 'load' 'bnn_top_int_const_unsigned_int_const_int_const_unsigned_int_const_int_co_226' <Predicate = (trunc_ln68_2 == 3)> <Delay = 1.23> <CoreInst = "RAM">   --->   Core 82 'RAM' <Latency = 1> <II = 1> <Delay = 1.23> <Storage> <Opcode : 'load' 'store'> <Ports = 2> <Width = 32> <Depth = 205> <RAM>
ST_12 : Operation 82 [2/2] (1.23ns)   --->   "%bnn_top_int_const_unsigned_int_const_int_const_unsigned_int_const_int_co_227 = load i8 %bnn_top_int_const_unsigned_int_const_int_const_unsigned_int_const_int_co_222" [bnn.cpp:68]   --->   Operation 82 'load' 'bnn_top_int_const_unsigned_int_const_int_const_unsigned_int_const_int_co_227' <Predicate = (trunc_ln68_2 == 4)> <Delay = 1.23> <CoreInst = "RAM">   --->   Core 82 'RAM' <Latency = 1> <II = 1> <Delay = 1.23> <Storage> <Opcode : 'load' 'store'> <Ports = 2> <Width = 32> <Depth = 205> <RAM>
ST_12 : Operation 83 [1/1] (0.00ns)   --->   "%add_ln = bitconcatenate i10 @_ssdm_op_BitConcatenate.i10.i4.i1.i4.i1, i4 %trunc_ln68, i1 0, i4 %trunc_ln68_1, i1 1" [bnn.cpp:69]   --->   Operation 83 'bitconcatenate' 'add_ln' <Predicate = true> <Delay = 0.00>
ST_12 : Operation 84 [1/1] (0.00ns)   --->   "%zext_ln69_1 = zext i10 %add_ln" [bnn.cpp:69]   --->   Operation 84 'zext' 'zext_ln69_1' <Predicate = true> <Delay = 0.00>
ST_12 : Operation 85 [1/1] (2.18ns)   --->   "%mul_ln69 = mul i21 %zext_ln69_1, i21 1639" [bnn.cpp:69]   --->   Operation 85 'mul' 'mul_ln69' <Predicate = true> <Delay = 2.18> <CoreInst = "Multiplier">   --->   Core 3 'Multiplier' <Latency = 0> <II = 1> <Delay = 2.18> <FuncUnit> <Opcode : 'mul'> <InPorts = 2> <OutPorts = 1>
ST_12 : Operation 86 [1/1] (0.00ns)   --->   "%tmp_28 = partselect i8 @_ssdm_op_PartSelect.i8.i21.i32.i32, i21 %mul_ln69, i32 13, i32 20" [bnn.cpp:69]   --->   Operation 86 'partselect' 'tmp_28' <Predicate = true> <Delay = 0.00>
ST_12 : Operation 87 [1/1] (0.00ns)   --->   "%zext_ln69 = zext i8 %tmp_28" [bnn.cpp:69]   --->   Operation 87 'zext' 'zext_ln69' <Predicate = true> <Delay = 0.00>
ST_12 : Operation 88 [1/1] (0.00ns)   --->   "%bnn_top_int_const_unsigned_int_const_int_const_unsigned_int_const_int_co_228 = getelementptr i32 %bnn_top_int_const_unsigned_int_const_int_const_unsigned_int_const_int_co_4, i64 0, i64 %zext_ln69" [bnn.cpp:69]   --->   Operation 88 'getelementptr' 'bnn_top_int_const_unsigned_int_const_int_const_unsigned_int_const_int_co_228' <Predicate = (trunc_ln68_2 == 4)> <Delay = 0.00>
ST_12 : Operation 89 [1/1] (0.00ns)   --->   "%bnn_top_int_const_unsigned_int_const_int_const_unsigned_int_const_int_co_229 = getelementptr i32 %bnn_top_int_const_unsigned_int_const_int_const_unsigned_int_const_int_co_3, i64 0, i64 %zext_ln69" [bnn.cpp:69]   --->   Operation 89 'getelementptr' 'bnn_top_int_const_unsigned_int_const_int_const_unsigned_int_const_int_co_229' <Predicate = (trunc_ln68_2 == 0)> <Delay = 0.00>
ST_12 : Operation 90 [1/1] (0.00ns)   --->   "%bnn_top_int_const_unsigned_int_const_int_const_unsigned_int_const_int_co_230 = getelementptr i32 %bnn_top_int_const_unsigned_int_const_int_const_unsigned_int_const_int_co_2, i64 0, i64 %zext_ln69" [bnn.cpp:69]   --->   Operation 90 'getelementptr' 'bnn_top_int_const_unsigned_int_const_int_const_unsigned_int_const_int_co_230' <Predicate = (trunc_ln68_2 == 1)> <Delay = 0.00>
ST_12 : Operation 91 [1/1] (0.00ns)   --->   "%bnn_top_int_const_unsigned_int_const_int_const_unsigned_int_const_int_co_231 = getelementptr i32 %bnn_top_int_const_unsigned_int_const_int_const_unsigned_int_const_int_co_1, i64 0, i64 %zext_ln69" [bnn.cpp:69]   --->   Operation 91 'getelementptr' 'bnn_top_int_const_unsigned_int_const_int_const_unsigned_int_const_int_co_231' <Predicate = (trunc_ln68_2 == 2)> <Delay = 0.00>
ST_12 : Operation 92 [1/1] (0.00ns)   --->   "%bnn_top_int_const_unsigned_int_const_int_const_unsigned_int_const_int_co_232 = getelementptr i32 %bnn_top_int_const_unsigned_int_const_int_const_unsigned_int_const_int_co, i64 0, i64 %zext_ln69" [bnn.cpp:69]   --->   Operation 92 'getelementptr' 'bnn_top_int_const_unsigned_int_const_int_const_unsigned_int_const_int_co_232' <Predicate = (trunc_ln68_2 == 3)> <Delay = 0.00>
ST_12 : Operation 93 [2/2] (1.23ns)   --->   "%bnn_top_int_const_unsigned_int_const_int_const_unsigned_int_const_int_co_233 = load i8 %bnn_top_int_const_unsigned_int_const_int_const_unsigned_int_const_int_co_228" [bnn.cpp:69]   --->   Operation 93 'load' 'bnn_top_int_const_unsigned_int_const_int_const_unsigned_int_const_int_co_233' <Predicate = (trunc_ln68_2 == 4)> <Delay = 1.23> <CoreInst = "RAM">   --->   Core 82 'RAM' <Latency = 1> <II = 1> <Delay = 1.23> <Storage> <Opcode : 'load' 'store'> <Ports = 2> <Width = 32> <Depth = 205> <RAM>
ST_12 : Operation 94 [2/2] (1.23ns)   --->   "%bnn_top_int_const_unsigned_int_const_int_const_unsigned_int_const_int_co_234 = load i8 %bnn_top_int_const_unsigned_int_const_int_const_unsigned_int_const_int_co_229" [bnn.cpp:69]   --->   Operation 94 'load' 'bnn_top_int_const_unsigned_int_const_int_const_unsigned_int_const_int_co_234' <Predicate = (trunc_ln68_2 == 0)> <Delay = 1.23> <CoreInst = "RAM">   --->   Core 82 'RAM' <Latency = 1> <II = 1> <Delay = 1.23> <Storage> <Opcode : 'load' 'store'> <Ports = 2> <Width = 32> <Depth = 205> <RAM>
ST_12 : Operation 95 [2/2] (1.23ns)   --->   "%bnn_top_int_const_unsigned_int_const_int_const_unsigned_int_const_int_co_235 = load i8 %bnn_top_int_const_unsigned_int_const_int_const_unsigned_int_const_int_co_230" [bnn.cpp:69]   --->   Operation 95 'load' 'bnn_top_int_const_unsigned_int_const_int_const_unsigned_int_const_int_co_235' <Predicate = (trunc_ln68_2 == 1)> <Delay = 1.23> <CoreInst = "RAM">   --->   Core 82 'RAM' <Latency = 1> <II = 1> <Delay = 1.23> <Storage> <Opcode : 'load' 'store'> <Ports = 2> <Width = 32> <Depth = 205> <RAM>
ST_12 : Operation 96 [2/2] (1.23ns)   --->   "%bnn_top_int_const_unsigned_int_const_int_const_unsigned_int_const_int_co_236 = load i8 %bnn_top_int_const_unsigned_int_const_int_const_unsigned_int_const_int_co_231" [bnn.cpp:69]   --->   Operation 96 'load' 'bnn_top_int_const_unsigned_int_const_int_const_unsigned_int_const_int_co_236' <Predicate = (trunc_ln68_2 == 2)> <Delay = 1.23> <CoreInst = "RAM">   --->   Core 82 'RAM' <Latency = 1> <II = 1> <Delay = 1.23> <Storage> <Opcode : 'load' 'store'> <Ports = 2> <Width = 32> <Depth = 205> <RAM>
ST_12 : Operation 97 [2/2] (1.23ns)   --->   "%bnn_top_int_const_unsigned_int_const_int_const_unsigned_int_const_int_co_237 = load i8 %bnn_top_int_const_unsigned_int_const_int_const_unsigned_int_const_int_co_232" [bnn.cpp:69]   --->   Operation 97 'load' 'bnn_top_int_const_unsigned_int_const_int_const_unsigned_int_const_int_co_237' <Predicate = (trunc_ln68_2 == 3)> <Delay = 1.23> <CoreInst = "RAM">   --->   Core 82 'RAM' <Latency = 1> <II = 1> <Delay = 1.23> <Storage> <Opcode : 'load' 'store'> <Ports = 2> <Width = 32> <Depth = 205> <RAM>

State 13 <SV = 12> <Delay = 3.42>
ST_13 : Operation 98 [1/2] ( I:1.23ns O:1.23ns )   --->   "%bnn_top_int_const_unsigned_int_const_int_const_unsigned_int_const_int_co_223 = load i8 %bnn_top_int_const_unsigned_int_const_int_const_unsigned_int_const_int_co_218" [bnn.cpp:68]   --->   Operation 98 'load' 'bnn_top_int_const_unsigned_int_const_int_const_unsigned_int_const_int_co_223' <Predicate = (trunc_ln68_2 == 0)> <Delay = 1.23> <CoreInst = "RAM">   --->   Core 82 'RAM' <Latency = 1> <II = 1> <Delay = 1.23> <Storage> <Opcode : 'load' 'store'> <Ports = 2> <Width = 32> <Depth = 205> <RAM>
ST_13 : Operation 99 [1/2] ( I:1.23ns O:1.23ns )   --->   "%bnn_top_int_const_unsigned_int_const_int_const_unsigned_int_const_int_co_224 = load i8 %bnn_top_int_const_unsigned_int_const_int_const_unsigned_int_const_int_co_219" [bnn.cpp:68]   --->   Operation 99 'load' 'bnn_top_int_const_unsigned_int_const_int_const_unsigned_int_const_int_co_224' <Predicate = (trunc_ln68_2 == 1)> <Delay = 1.23> <CoreInst = "RAM">   --->   Core 82 'RAM' <Latency = 1> <II = 1> <Delay = 1.23> <Storage> <Opcode : 'load' 'store'> <Ports = 2> <Width = 32> <Depth = 205> <RAM>
ST_13 : Operation 100 [1/2] ( I:1.23ns O:1.23ns )   --->   "%bnn_top_int_const_unsigned_int_const_int_const_unsigned_int_const_int_co_225 = load i8 %bnn_top_int_const_unsigned_int_const_int_const_unsigned_int_const_int_co_220" [bnn.cpp:68]   --->   Operation 100 'load' 'bnn_top_int_const_unsigned_int_const_int_const_unsigned_int_const_int_co_225' <Predicate = (trunc_ln68_2 == 2)> <Delay = 1.23> <CoreInst = "RAM">   --->   Core 82 'RAM' <Latency = 1> <II = 1> <Delay = 1.23> <Storage> <Opcode : 'load' 'store'> <Ports = 2> <Width = 32> <Depth = 205> <RAM>
ST_13 : Operation 101 [1/2] ( I:1.23ns O:1.23ns )   --->   "%bnn_top_int_const_unsigned_int_const_int_const_unsigned_int_const_int_co_226 = load i8 %bnn_top_int_const_unsigned_int_const_int_const_unsigned_int_const_int_co_221" [bnn.cpp:68]   --->   Operation 101 'load' 'bnn_top_int_const_unsigned_int_const_int_const_unsigned_int_const_int_co_226' <Predicate = (trunc_ln68_2 == 3)> <Delay = 1.23> <CoreInst = "RAM">   --->   Core 82 'RAM' <Latency = 1> <II = 1> <Delay = 1.23> <Storage> <Opcode : 'load' 'store'> <Ports = 2> <Width = 32> <Depth = 205> <RAM>
ST_13 : Operation 102 [1/2] ( I:1.23ns O:1.23ns )   --->   "%bnn_top_int_const_unsigned_int_const_int_const_unsigned_int_const_int_co_227 = load i8 %bnn_top_int_const_unsigned_int_const_int_const_unsigned_int_const_int_co_222" [bnn.cpp:68]   --->   Operation 102 'load' 'bnn_top_int_const_unsigned_int_const_int_const_unsigned_int_const_int_co_227' <Predicate = (trunc_ln68_2 == 4)> <Delay = 1.23> <CoreInst = "RAM">   --->   Core 82 'RAM' <Latency = 1> <II = 1> <Delay = 1.23> <Storage> <Opcode : 'load' 'store'> <Ports = 2> <Width = 32> <Depth = 205> <RAM>
ST_13 : Operation 103 [1/1] (0.57ns)   --->   "%s0 = sparsemux i32 @_ssdm_op_SparseMux.ap_auto.5i32.i32.i3, i3 0, i32 %bnn_top_int_const_unsigned_int_const_int_const_unsigned_int_const_int_co_223, i3 1, i32 %bnn_top_int_const_unsigned_int_const_int_const_unsigned_int_const_int_co_224, i3 2, i32 %bnn_top_int_const_unsigned_int_const_int_const_unsigned_int_const_int_co_225, i3 3, i32 %bnn_top_int_const_unsigned_int_const_int_const_unsigned_int_const_int_co_226, i3 4, i32 %bnn_top_int_const_unsigned_int_const_int_const_unsigned_int_const_int_co_227, i32 0, i3 %trunc_ln68_2" [bnn.cpp:68]   --->   Operation 103 'sparsemux' 's0' <Predicate = true> <Delay = 0.57> <CoreInst = "BinarySparseMux_DontCare">   --->   Core 149 'BinarySparseMux_DontCare' <Latency = 0> <II = 1> <Delay = 0.57> <FuncUnit> <Opcode : 'sparsemux'> <InPorts = 2> <OutPorts = 1>
ST_13 : Operation 104 [1/2] ( I:1.23ns O:1.23ns )   --->   "%bnn_top_int_const_unsigned_int_const_int_const_unsigned_int_const_int_co_233 = load i8 %bnn_top_int_const_unsigned_int_const_int_const_unsigned_int_const_int_co_228" [bnn.cpp:69]   --->   Operation 104 'load' 'bnn_top_int_const_unsigned_int_const_int_const_unsigned_int_const_int_co_233' <Predicate = (trunc_ln68_2 == 4)> <Delay = 1.23> <CoreInst = "RAM">   --->   Core 82 'RAM' <Latency = 1> <II = 1> <Delay = 1.23> <Storage> <Opcode : 'load' 'store'> <Ports = 2> <Width = 32> <Depth = 205> <RAM>
ST_13 : Operation 105 [1/2] ( I:1.23ns O:1.23ns )   --->   "%bnn_top_int_const_unsigned_int_const_int_const_unsigned_int_const_int_co_234 = load i8 %bnn_top_int_const_unsigned_int_const_int_const_unsigned_int_const_int_co_229" [bnn.cpp:69]   --->   Operation 105 'load' 'bnn_top_int_const_unsigned_int_const_int_const_unsigned_int_const_int_co_234' <Predicate = (trunc_ln68_2 == 0)> <Delay = 1.23> <CoreInst = "RAM">   --->   Core 82 'RAM' <Latency = 1> <II = 1> <Delay = 1.23> <Storage> <Opcode : 'load' 'store'> <Ports = 2> <Width = 32> <Depth = 205> <RAM>
ST_13 : Operation 106 [1/2] ( I:1.23ns O:1.23ns )   --->   "%bnn_top_int_const_unsigned_int_const_int_const_unsigned_int_const_int_co_235 = load i8 %bnn_top_int_const_unsigned_int_const_int_const_unsigned_int_const_int_co_230" [bnn.cpp:69]   --->   Operation 106 'load' 'bnn_top_int_const_unsigned_int_const_int_const_unsigned_int_const_int_co_235' <Predicate = (trunc_ln68_2 == 1)> <Delay = 1.23> <CoreInst = "RAM">   --->   Core 82 'RAM' <Latency = 1> <II = 1> <Delay = 1.23> <Storage> <Opcode : 'load' 'store'> <Ports = 2> <Width = 32> <Depth = 205> <RAM>
ST_13 : Operation 107 [1/2] ( I:1.23ns O:1.23ns )   --->   "%bnn_top_int_const_unsigned_int_const_int_const_unsigned_int_const_int_co_236 = load i8 %bnn_top_int_const_unsigned_int_const_int_const_unsigned_int_const_int_co_231" [bnn.cpp:69]   --->   Operation 107 'load' 'bnn_top_int_const_unsigned_int_const_int_const_unsigned_int_const_int_co_236' <Predicate = (trunc_ln68_2 == 2)> <Delay = 1.23> <CoreInst = "RAM">   --->   Core 82 'RAM' <Latency = 1> <II = 1> <Delay = 1.23> <Storage> <Opcode : 'load' 'store'> <Ports = 2> <Width = 32> <Depth = 205> <RAM>
ST_13 : Operation 108 [1/2] ( I:1.23ns O:1.23ns )   --->   "%bnn_top_int_const_unsigned_int_const_int_const_unsigned_int_const_int_co_237 = load i8 %bnn_top_int_const_unsigned_int_const_int_const_unsigned_int_const_int_co_232" [bnn.cpp:69]   --->   Operation 108 'load' 'bnn_top_int_const_unsigned_int_const_int_const_unsigned_int_const_int_co_237' <Predicate = (trunc_ln68_2 == 3)> <Delay = 1.23> <CoreInst = "RAM">   --->   Core 82 'RAM' <Latency = 1> <II = 1> <Delay = 1.23> <Storage> <Opcode : 'load' 'store'> <Ports = 2> <Width = 32> <Depth = 205> <RAM>
ST_13 : Operation 109 [1/1] (0.57ns)   --->   "%s1 = sparsemux i32 @_ssdm_op_SparseMux.ap_auto.5i32.i32.i3, i3 4, i32 %bnn_top_int_const_unsigned_int_const_int_const_unsigned_int_const_int_co_233, i3 0, i32 %bnn_top_int_const_unsigned_int_const_int_const_unsigned_int_const_int_co_234, i3 1, i32 %bnn_top_int_const_unsigned_int_const_int_const_unsigned_int_const_int_co_235, i3 2, i32 %bnn_top_int_const_unsigned_int_const_int_const_unsigned_int_const_int_co_236, i3 3, i32 %bnn_top_int_const_unsigned_int_const_int_const_unsigned_int_const_int_co_237, i32 0, i3 %trunc_ln68_2" [bnn.cpp:69]   --->   Operation 109 'sparsemux' 's1' <Predicate = true> <Delay = 0.57> <CoreInst = "BinarySparseMux_DontCare">   --->   Core 149 'BinarySparseMux_DontCare' <Latency = 0> <II = 1> <Delay = 0.57> <FuncUnit> <Opcode : 'sparsemux'> <InPorts = 2> <OutPorts = 1>
ST_13 : Operation 110 [1/1] (0.00ns)   --->   "%add_ln1 = bitconcatenate i10 @_ssdm_op_BitConcatenate.i10.i4.i1.i4.i1, i4 %trunc_ln68, i1 1, i4 %trunc_ln68_1, i1 0" [bnn.cpp:70]   --->   Operation 110 'bitconcatenate' 'add_ln1' <Predicate = true> <Delay = 0.00>
ST_13 : Operation 111 [1/1] (0.00ns)   --->   "%zext_ln70_1 = zext i10 %add_ln1" [bnn.cpp:70]   --->   Operation 111 'zext' 'zext_ln70_1' <Predicate = true> <Delay = 0.00>
ST_13 : Operation 112 [1/1] (2.18ns)   --->   "%mul_ln70 = mul i21 %zext_ln70_1, i21 1639" [bnn.cpp:70]   --->   Operation 112 'mul' 'mul_ln70' <Predicate = true> <Delay = 2.18> <CoreInst = "Multiplier">   --->   Core 3 'Multiplier' <Latency = 0> <II = 1> <Delay = 2.18> <FuncUnit> <Opcode : 'mul'> <InPorts = 2> <OutPorts = 1>
ST_13 : Operation 113 [1/1] (0.00ns)   --->   "%tmp_29 = partselect i8 @_ssdm_op_PartSelect.i8.i21.i32.i32, i21 %mul_ln70, i32 13, i32 20" [bnn.cpp:70]   --->   Operation 113 'partselect' 'tmp_29' <Predicate = true> <Delay = 0.00>
ST_13 : Operation 114 [1/1] (0.00ns)   --->   "%zext_ln70 = zext i8 %tmp_29" [bnn.cpp:70]   --->   Operation 114 'zext' 'zext_ln70' <Predicate = true> <Delay = 0.00>
ST_13 : Operation 115 [1/1] (0.00ns)   --->   "%bnn_top_int_const_unsigned_int_const_int_const_unsigned_int_const_int_co_238 = getelementptr i32 %bnn_top_int_const_unsigned_int_const_int_const_unsigned_int_const_int_co_4, i64 0, i64 %zext_ln70" [bnn.cpp:70]   --->   Operation 115 'getelementptr' 'bnn_top_int_const_unsigned_int_const_int_const_unsigned_int_const_int_co_238' <Predicate = (trunc_ln68_2 == 3)> <Delay = 0.00>
ST_13 : Operation 116 [1/1] (0.00ns)   --->   "%bnn_top_int_const_unsigned_int_const_int_const_unsigned_int_const_int_co_239 = getelementptr i32 %bnn_top_int_const_unsigned_int_const_int_const_unsigned_int_const_int_co_3, i64 0, i64 %zext_ln70" [bnn.cpp:70]   --->   Operation 116 'getelementptr' 'bnn_top_int_const_unsigned_int_const_int_const_unsigned_int_const_int_co_239' <Predicate = (trunc_ln68_2 == 4)> <Delay = 0.00>
ST_13 : Operation 117 [1/1] (0.00ns)   --->   "%bnn_top_int_const_unsigned_int_const_int_const_unsigned_int_const_int_co_240 = getelementptr i32 %bnn_top_int_const_unsigned_int_const_int_const_unsigned_int_const_int_co_2, i64 0, i64 %zext_ln70" [bnn.cpp:70]   --->   Operation 117 'getelementptr' 'bnn_top_int_const_unsigned_int_const_int_const_unsigned_int_const_int_co_240' <Predicate = (trunc_ln68_2 == 0)> <Delay = 0.00>
ST_13 : Operation 118 [1/1] (0.00ns)   --->   "%bnn_top_int_const_unsigned_int_const_int_const_unsigned_int_const_int_co_241 = getelementptr i32 %bnn_top_int_const_unsigned_int_const_int_const_unsigned_int_const_int_co_1, i64 0, i64 %zext_ln70" [bnn.cpp:70]   --->   Operation 118 'getelementptr' 'bnn_top_int_const_unsigned_int_const_int_const_unsigned_int_const_int_co_241' <Predicate = (trunc_ln68_2 == 1)> <Delay = 0.00>
ST_13 : Operation 119 [1/1] (0.00ns)   --->   "%bnn_top_int_const_unsigned_int_const_int_const_unsigned_int_const_int_co_242 = getelementptr i32 %bnn_top_int_const_unsigned_int_const_int_const_unsigned_int_const_int_co, i64 0, i64 %zext_ln70" [bnn.cpp:70]   --->   Operation 119 'getelementptr' 'bnn_top_int_const_unsigned_int_const_int_const_unsigned_int_const_int_co_242' <Predicate = (trunc_ln68_2 == 2)> <Delay = 0.00>
ST_13 : Operation 120 [2/2] (1.23ns)   --->   "%bnn_top_int_const_unsigned_int_const_int_const_unsigned_int_const_int_co_243 = load i8 %bnn_top_int_const_unsigned_int_const_int_const_unsigned_int_const_int_co_238" [bnn.cpp:70]   --->   Operation 120 'load' 'bnn_top_int_const_unsigned_int_const_int_const_unsigned_int_const_int_co_243' <Predicate = (trunc_ln68_2 == 3)> <Delay = 1.23> <CoreInst = "RAM">   --->   Core 82 'RAM' <Latency = 1> <II = 1> <Delay = 1.23> <Storage> <Opcode : 'load' 'store'> <Ports = 2> <Width = 32> <Depth = 205> <RAM>
ST_13 : Operation 121 [2/2] (1.23ns)   --->   "%bnn_top_int_const_unsigned_int_const_int_const_unsigned_int_const_int_co_244 = load i8 %bnn_top_int_const_unsigned_int_const_int_const_unsigned_int_const_int_co_239" [bnn.cpp:70]   --->   Operation 121 'load' 'bnn_top_int_const_unsigned_int_const_int_const_unsigned_int_const_int_co_244' <Predicate = (trunc_ln68_2 == 4)> <Delay = 1.23> <CoreInst = "RAM">   --->   Core 82 'RAM' <Latency = 1> <II = 1> <Delay = 1.23> <Storage> <Opcode : 'load' 'store'> <Ports = 2> <Width = 32> <Depth = 205> <RAM>
ST_13 : Operation 122 [2/2] (1.23ns)   --->   "%bnn_top_int_const_unsigned_int_const_int_const_unsigned_int_const_int_co_245 = load i8 %bnn_top_int_const_unsigned_int_const_int_const_unsigned_int_const_int_co_240" [bnn.cpp:70]   --->   Operation 122 'load' 'bnn_top_int_const_unsigned_int_const_int_const_unsigned_int_const_int_co_245' <Predicate = (trunc_ln68_2 == 0)> <Delay = 1.23> <CoreInst = "RAM">   --->   Core 82 'RAM' <Latency = 1> <II = 1> <Delay = 1.23> <Storage> <Opcode : 'load' 'store'> <Ports = 2> <Width = 32> <Depth = 205> <RAM>
ST_13 : Operation 123 [2/2] (1.23ns)   --->   "%bnn_top_int_const_unsigned_int_const_int_const_unsigned_int_const_int_co_246 = load i8 %bnn_top_int_const_unsigned_int_const_int_const_unsigned_int_const_int_co_241" [bnn.cpp:70]   --->   Operation 123 'load' 'bnn_top_int_const_unsigned_int_const_int_const_unsigned_int_const_int_co_246' <Predicate = (trunc_ln68_2 == 1)> <Delay = 1.23> <CoreInst = "RAM">   --->   Core 82 'RAM' <Latency = 1> <II = 1> <Delay = 1.23> <Storage> <Opcode : 'load' 'store'> <Ports = 2> <Width = 32> <Depth = 205> <RAM>
ST_13 : Operation 124 [2/2] (1.23ns)   --->   "%bnn_top_int_const_unsigned_int_const_int_const_unsigned_int_const_int_co_247 = load i8 %bnn_top_int_const_unsigned_int_const_int_const_unsigned_int_const_int_co_242" [bnn.cpp:70]   --->   Operation 124 'load' 'bnn_top_int_const_unsigned_int_const_int_const_unsigned_int_const_int_co_247' <Predicate = (trunc_ln68_2 == 2)> <Delay = 1.23> <CoreInst = "RAM">   --->   Core 82 'RAM' <Latency = 1> <II = 1> <Delay = 1.23> <Storage> <Opcode : 'load' 'store'> <Ports = 2> <Width = 32> <Depth = 205> <RAM>
ST_13 : Operation 125 [1/1] (0.00ns)   --->   "%add_ln2 = bitconcatenate i10 @_ssdm_op_BitConcatenate.i10.i4.i1.i4.i1, i4 %trunc_ln68, i1 1, i4 %trunc_ln68_1, i1 1" [bnn.cpp:71]   --->   Operation 125 'bitconcatenate' 'add_ln2' <Predicate = true> <Delay = 0.00>
ST_13 : Operation 126 [1/1] (0.00ns)   --->   "%zext_ln71_1 = zext i10 %add_ln2" [bnn.cpp:71]   --->   Operation 126 'zext' 'zext_ln71_1' <Predicate = true> <Delay = 0.00>
ST_13 : Operation 127 [1/1] (2.18ns)   --->   "%mul_ln71 = mul i21 %zext_ln71_1, i21 1639" [bnn.cpp:71]   --->   Operation 127 'mul' 'mul_ln71' <Predicate = true> <Delay = 2.18> <CoreInst = "Multiplier">   --->   Core 3 'Multiplier' <Latency = 0> <II = 1> <Delay = 2.18> <FuncUnit> <Opcode : 'mul'> <InPorts = 2> <OutPorts = 1>
ST_13 : Operation 128 [1/1] (0.00ns)   --->   "%tmp_30 = partselect i8 @_ssdm_op_PartSelect.i8.i21.i32.i32, i21 %mul_ln71, i32 13, i32 20" [bnn.cpp:71]   --->   Operation 128 'partselect' 'tmp_30' <Predicate = true> <Delay = 0.00>
ST_13 : Operation 129 [1/1] (0.00ns)   --->   "%zext_ln71 = zext i8 %tmp_30" [bnn.cpp:71]   --->   Operation 129 'zext' 'zext_ln71' <Predicate = true> <Delay = 0.00>
ST_13 : Operation 130 [1/1] (0.00ns)   --->   "%bnn_top_int_const_unsigned_int_const_int_const_unsigned_int_const_int_co_248 = getelementptr i32 %bnn_top_int_const_unsigned_int_const_int_const_unsigned_int_const_int_co_4, i64 0, i64 %zext_ln71" [bnn.cpp:71]   --->   Operation 130 'getelementptr' 'bnn_top_int_const_unsigned_int_const_int_const_unsigned_int_const_int_co_248' <Predicate = (trunc_ln68_2 == 2)> <Delay = 0.00>
ST_13 : Operation 131 [1/1] (0.00ns)   --->   "%bnn_top_int_const_unsigned_int_const_int_const_unsigned_int_const_int_co_249 = getelementptr i32 %bnn_top_int_const_unsigned_int_const_int_const_unsigned_int_const_int_co_3, i64 0, i64 %zext_ln71" [bnn.cpp:71]   --->   Operation 131 'getelementptr' 'bnn_top_int_const_unsigned_int_const_int_const_unsigned_int_const_int_co_249' <Predicate = (trunc_ln68_2 == 3)> <Delay = 0.00>
ST_13 : Operation 132 [1/1] (0.00ns)   --->   "%bnn_top_int_const_unsigned_int_const_int_const_unsigned_int_const_int_co_250 = getelementptr i32 %bnn_top_int_const_unsigned_int_const_int_const_unsigned_int_const_int_co_2, i64 0, i64 %zext_ln71" [bnn.cpp:71]   --->   Operation 132 'getelementptr' 'bnn_top_int_const_unsigned_int_const_int_const_unsigned_int_const_int_co_250' <Predicate = (trunc_ln68_2 == 4)> <Delay = 0.00>
ST_13 : Operation 133 [1/1] (0.00ns)   --->   "%bnn_top_int_const_unsigned_int_const_int_const_unsigned_int_const_int_co_251 = getelementptr i32 %bnn_top_int_const_unsigned_int_const_int_const_unsigned_int_const_int_co_1, i64 0, i64 %zext_ln71" [bnn.cpp:71]   --->   Operation 133 'getelementptr' 'bnn_top_int_const_unsigned_int_const_int_const_unsigned_int_const_int_co_251' <Predicate = (trunc_ln68_2 == 0)> <Delay = 0.00>
ST_13 : Operation 134 [1/1] (0.00ns)   --->   "%bnn_top_int_const_unsigned_int_const_int_const_unsigned_int_const_int_co_252 = getelementptr i32 %bnn_top_int_const_unsigned_int_const_int_const_unsigned_int_const_int_co, i64 0, i64 %zext_ln71" [bnn.cpp:71]   --->   Operation 134 'getelementptr' 'bnn_top_int_const_unsigned_int_const_int_const_unsigned_int_const_int_co_252' <Predicate = (trunc_ln68_2 == 1)> <Delay = 0.00>
ST_13 : Operation 135 [2/2] (1.23ns)   --->   "%bnn_top_int_const_unsigned_int_const_int_const_unsigned_int_const_int_co_253 = load i8 %bnn_top_int_const_unsigned_int_const_int_const_unsigned_int_const_int_co_248" [bnn.cpp:71]   --->   Operation 135 'load' 'bnn_top_int_const_unsigned_int_const_int_const_unsigned_int_const_int_co_253' <Predicate = (trunc_ln68_2 == 2)> <Delay = 1.23> <CoreInst = "RAM">   --->   Core 82 'RAM' <Latency = 1> <II = 1> <Delay = 1.23> <Storage> <Opcode : 'load' 'store'> <Ports = 2> <Width = 32> <Depth = 205> <RAM>
ST_13 : Operation 136 [2/2] (1.23ns)   --->   "%bnn_top_int_const_unsigned_int_const_int_const_unsigned_int_const_int_co_254 = load i8 %bnn_top_int_const_unsigned_int_const_int_const_unsigned_int_const_int_co_249" [bnn.cpp:71]   --->   Operation 136 'load' 'bnn_top_int_const_unsigned_int_const_int_const_unsigned_int_const_int_co_254' <Predicate = (trunc_ln68_2 == 3)> <Delay = 1.23> <CoreInst = "RAM">   --->   Core 82 'RAM' <Latency = 1> <II = 1> <Delay = 1.23> <Storage> <Opcode : 'load' 'store'> <Ports = 2> <Width = 32> <Depth = 205> <RAM>
ST_13 : Operation 137 [2/2] (1.23ns)   --->   "%bnn_top_int_const_unsigned_int_const_int_const_unsigned_int_const_int_co_255 = load i8 %bnn_top_int_const_unsigned_int_const_int_const_unsigned_int_const_int_co_250" [bnn.cpp:71]   --->   Operation 137 'load' 'bnn_top_int_const_unsigned_int_const_int_const_unsigned_int_const_int_co_255' <Predicate = (trunc_ln68_2 == 4)> <Delay = 1.23> <CoreInst = "RAM">   --->   Core 82 'RAM' <Latency = 1> <II = 1> <Delay = 1.23> <Storage> <Opcode : 'load' 'store'> <Ports = 2> <Width = 32> <Depth = 205> <RAM>
ST_13 : Operation 138 [2/2] (1.23ns)   --->   "%bnn_top_int_const_unsigned_int_const_int_const_unsigned_int_const_int_co_256 = load i8 %bnn_top_int_const_unsigned_int_const_int_const_unsigned_int_const_int_co_251" [bnn.cpp:71]   --->   Operation 138 'load' 'bnn_top_int_const_unsigned_int_const_int_const_unsigned_int_const_int_co_256' <Predicate = (trunc_ln68_2 == 0)> <Delay = 1.23> <CoreInst = "RAM">   --->   Core 82 'RAM' <Latency = 1> <II = 1> <Delay = 1.23> <Storage> <Opcode : 'load' 'store'> <Ports = 2> <Width = 32> <Depth = 205> <RAM>
ST_13 : Operation 139 [2/2] (1.23ns)   --->   "%bnn_top_int_const_unsigned_int_const_int_const_unsigned_int_const_int_co_257 = load i8 %bnn_top_int_const_unsigned_int_const_int_const_unsigned_int_const_int_co_252" [bnn.cpp:71]   --->   Operation 139 'load' 'bnn_top_int_const_unsigned_int_const_int_const_unsigned_int_const_int_co_257' <Predicate = (trunc_ln68_2 == 1)> <Delay = 1.23> <CoreInst = "RAM">   --->   Core 82 'RAM' <Latency = 1> <II = 1> <Delay = 1.23> <Storage> <Opcode : 'load' 'store'> <Ports = 2> <Width = 32> <Depth = 205> <RAM>
ST_13 : Operation 140 [1/1] (1.01ns)   --->   "%icmp_ln72 = icmp_sgt  i32 %s1, i32 %s0" [bnn.cpp:72]   --->   Operation 140 'icmp' 'icmp_ln72' <Predicate = true> <Delay = 1.01> <CoreInst = "Cmp">   --->   Core 9 'Cmp' <Latency = 0> <II = 1> <Delay = 1.01> <FuncUnit> <Opcode : 'seteq' 'setne' 'setle' 'setge' 'setlt' 'setgt'> <InPorts = 2> <OutPorts = 1>
ST_13 : Operation 141 [1/1] (0.44ns)   --->   "%m_5 = select i1 %icmp_ln72, i32 %s1, i32 %s0" [bnn.cpp:72]   --->   Operation 141 'select' 'm_5' <Predicate = true> <Delay = 0.44> <CoreInst = "Sel">   --->   Core 73 'Sel' <Latency = 0> <II = 1> <Delay = 0.44> <FuncUnit> <Opcode : 'select'> <InPorts = 3> <OutPorts = 1>
ST_13 : Operation 188 [1/1] (0.42ns)   --->   "%ret_ln0 = ret"   --->   Operation 188 'ret' 'ret_ln0' <Predicate = (icmp_ln65)> <Delay = 0.42>

State 14 <SV = 13> <Delay = 6.54>
ST_14 : Operation 142 [1/1] (0.00ns)   --->   "%specloopname_ln0 = specloopname void @_ssdm_op_SpecLoopName, void @VITIS_LOOP_65_6_VITIS_LOOP_66_7_str"   --->   Operation 142 'specloopname' 'specloopname_ln0' <Predicate = true> <Delay = 0.00>
ST_14 : Operation 143 [1/1] (0.00ns)   --->   "%speclooptripcount_ln0 = speclooptripcount void @_ssdm_op_SpecLoopTripCount, i64 256, i64 256, i64 256"   --->   Operation 143 'speclooptripcount' 'speclooptripcount_ln0' <Predicate = true> <Delay = 0.00>
ST_14 : Operation 144 [1/1] (0.00ns)   --->   "%specpipeline_ln67 = specpipeline void @_ssdm_op_SpecPipeline, i32 1, i32 0, i32 0, i32 0, i32 4294967295, void @empty_2" [bnn.cpp:67]   --->   Operation 144 'specpipeline' 'specpipeline_ln67' <Predicate = true> <Delay = 0.00>
ST_14 : Operation 145 [1/2] ( I:1.23ns O:1.23ns )   --->   "%bnn_top_int_const_unsigned_int_const_int_const_unsigned_int_const_int_co_243 = load i8 %bnn_top_int_const_unsigned_int_const_int_const_unsigned_int_const_int_co_238" [bnn.cpp:70]   --->   Operation 145 'load' 'bnn_top_int_const_unsigned_int_const_int_const_unsigned_int_const_int_co_243' <Predicate = (trunc_ln68_2 == 3)> <Delay = 1.23> <CoreInst = "RAM">   --->   Core 82 'RAM' <Latency = 1> <II = 1> <Delay = 1.23> <Storage> <Opcode : 'load' 'store'> <Ports = 2> <Width = 32> <Depth = 205> <RAM>
ST_14 : Operation 146 [1/2] ( I:1.23ns O:1.23ns )   --->   "%bnn_top_int_const_unsigned_int_const_int_const_unsigned_int_const_int_co_244 = load i8 %bnn_top_int_const_unsigned_int_const_int_const_unsigned_int_const_int_co_239" [bnn.cpp:70]   --->   Operation 146 'load' 'bnn_top_int_const_unsigned_int_const_int_const_unsigned_int_const_int_co_244' <Predicate = (trunc_ln68_2 == 4)> <Delay = 1.23> <CoreInst = "RAM">   --->   Core 82 'RAM' <Latency = 1> <II = 1> <Delay = 1.23> <Storage> <Opcode : 'load' 'store'> <Ports = 2> <Width = 32> <Depth = 205> <RAM>
ST_14 : Operation 147 [1/2] ( I:1.23ns O:1.23ns )   --->   "%bnn_top_int_const_unsigned_int_const_int_const_unsigned_int_const_int_co_245 = load i8 %bnn_top_int_const_unsigned_int_const_int_const_unsigned_int_const_int_co_240" [bnn.cpp:70]   --->   Operation 147 'load' 'bnn_top_int_const_unsigned_int_const_int_const_unsigned_int_const_int_co_245' <Predicate = (trunc_ln68_2 == 0)> <Delay = 1.23> <CoreInst = "RAM">   --->   Core 82 'RAM' <Latency = 1> <II = 1> <Delay = 1.23> <Storage> <Opcode : 'load' 'store'> <Ports = 2> <Width = 32> <Depth = 205> <RAM>
ST_14 : Operation 148 [1/2] ( I:1.23ns O:1.23ns )   --->   "%bnn_top_int_const_unsigned_int_const_int_const_unsigned_int_const_int_co_246 = load i8 %bnn_top_int_const_unsigned_int_const_int_const_unsigned_int_const_int_co_241" [bnn.cpp:70]   --->   Operation 148 'load' 'bnn_top_int_const_unsigned_int_const_int_const_unsigned_int_const_int_co_246' <Predicate = (trunc_ln68_2 == 1)> <Delay = 1.23> <CoreInst = "RAM">   --->   Core 82 'RAM' <Latency = 1> <II = 1> <Delay = 1.23> <Storage> <Opcode : 'load' 'store'> <Ports = 2> <Width = 32> <Depth = 205> <RAM>
ST_14 : Operation 149 [1/2] ( I:1.23ns O:1.23ns )   --->   "%bnn_top_int_const_unsigned_int_const_int_const_unsigned_int_const_int_co_247 = load i8 %bnn_top_int_const_unsigned_int_const_int_const_unsigned_int_const_int_co_242" [bnn.cpp:70]   --->   Operation 149 'load' 'bnn_top_int_const_unsigned_int_const_int_const_unsigned_int_const_int_co_247' <Predicate = (trunc_ln68_2 == 2)> <Delay = 1.23> <CoreInst = "RAM">   --->   Core 82 'RAM' <Latency = 1> <II = 1> <Delay = 1.23> <Storage> <Opcode : 'load' 'store'> <Ports = 2> <Width = 32> <Depth = 205> <RAM>
ST_14 : Operation 150 [1/1] (0.57ns)   --->   "%s2 = sparsemux i32 @_ssdm_op_SparseMux.ap_auto.5i32.i32.i3, i3 3, i32 %bnn_top_int_const_unsigned_int_const_int_const_unsigned_int_const_int_co_243, i3 4, i32 %bnn_top_int_const_unsigned_int_const_int_const_unsigned_int_const_int_co_244, i3 0, i32 %bnn_top_int_const_unsigned_int_const_int_const_unsigned_int_const_int_co_245, i3 1, i32 %bnn_top_int_const_unsigned_int_const_int_const_unsigned_int_const_int_co_246, i3 2, i32 %bnn_top_int_const_unsigned_int_const_int_const_unsigned_int_const_int_co_247, i32 0, i3 %trunc_ln68_2" [bnn.cpp:70]   --->   Operation 150 'sparsemux' 's2' <Predicate = true> <Delay = 0.57> <CoreInst = "BinarySparseMux_DontCare">   --->   Core 149 'BinarySparseMux_DontCare' <Latency = 0> <II = 1> <Delay = 0.57> <FuncUnit> <Opcode : 'sparsemux'> <InPorts = 2> <OutPorts = 1>
ST_14 : Operation 151 [1/2] ( I:1.23ns O:1.23ns )   --->   "%bnn_top_int_const_unsigned_int_const_int_const_unsigned_int_const_int_co_253 = load i8 %bnn_top_int_const_unsigned_int_const_int_const_unsigned_int_const_int_co_248" [bnn.cpp:71]   --->   Operation 151 'load' 'bnn_top_int_const_unsigned_int_const_int_const_unsigned_int_const_int_co_253' <Predicate = (trunc_ln68_2 == 2)> <Delay = 1.23> <CoreInst = "RAM">   --->   Core 82 'RAM' <Latency = 1> <II = 1> <Delay = 1.23> <Storage> <Opcode : 'load' 'store'> <Ports = 2> <Width = 32> <Depth = 205> <RAM>
ST_14 : Operation 152 [1/2] ( I:1.23ns O:1.23ns )   --->   "%bnn_top_int_const_unsigned_int_const_int_const_unsigned_int_const_int_co_254 = load i8 %bnn_top_int_const_unsigned_int_const_int_const_unsigned_int_const_int_co_249" [bnn.cpp:71]   --->   Operation 152 'load' 'bnn_top_int_const_unsigned_int_const_int_const_unsigned_int_const_int_co_254' <Predicate = (trunc_ln68_2 == 3)> <Delay = 1.23> <CoreInst = "RAM">   --->   Core 82 'RAM' <Latency = 1> <II = 1> <Delay = 1.23> <Storage> <Opcode : 'load' 'store'> <Ports = 2> <Width = 32> <Depth = 205> <RAM>
ST_14 : Operation 153 [1/2] ( I:1.23ns O:1.23ns )   --->   "%bnn_top_int_const_unsigned_int_const_int_const_unsigned_int_const_int_co_255 = load i8 %bnn_top_int_const_unsigned_int_const_int_const_unsigned_int_const_int_co_250" [bnn.cpp:71]   --->   Operation 153 'load' 'bnn_top_int_const_unsigned_int_const_int_const_unsigned_int_const_int_co_255' <Predicate = (trunc_ln68_2 == 4)> <Delay = 1.23> <CoreInst = "RAM">   --->   Core 82 'RAM' <Latency = 1> <II = 1> <Delay = 1.23> <Storage> <Opcode : 'load' 'store'> <Ports = 2> <Width = 32> <Depth = 205> <RAM>
ST_14 : Operation 154 [1/2] ( I:1.23ns O:1.23ns )   --->   "%bnn_top_int_const_unsigned_int_const_int_const_unsigned_int_const_int_co_256 = load i8 %bnn_top_int_const_unsigned_int_const_int_const_unsigned_int_const_int_co_251" [bnn.cpp:71]   --->   Operation 154 'load' 'bnn_top_int_const_unsigned_int_const_int_const_unsigned_int_const_int_co_256' <Predicate = (trunc_ln68_2 == 0)> <Delay = 1.23> <CoreInst = "RAM">   --->   Core 82 'RAM' <Latency = 1> <II = 1> <Delay = 1.23> <Storage> <Opcode : 'load' 'store'> <Ports = 2> <Width = 32> <Depth = 205> <RAM>
ST_14 : Operation 155 [1/2] ( I:1.23ns O:1.23ns )   --->   "%bnn_top_int_const_unsigned_int_const_int_const_unsigned_int_const_int_co_257 = load i8 %bnn_top_int_const_unsigned_int_const_int_const_unsigned_int_const_int_co_252" [bnn.cpp:71]   --->   Operation 155 'load' 'bnn_top_int_const_unsigned_int_const_int_const_unsigned_int_const_int_co_257' <Predicate = (trunc_ln68_2 == 1)> <Delay = 1.23> <CoreInst = "RAM">   --->   Core 82 'RAM' <Latency = 1> <II = 1> <Delay = 1.23> <Storage> <Opcode : 'load' 'store'> <Ports = 2> <Width = 32> <Depth = 205> <RAM>
ST_14 : Operation 156 [1/1] (0.57ns)   --->   "%s3 = sparsemux i32 @_ssdm_op_SparseMux.ap_auto.5i32.i32.i3, i3 2, i32 %bnn_top_int_const_unsigned_int_const_int_const_unsigned_int_const_int_co_253, i3 3, i32 %bnn_top_int_const_unsigned_int_const_int_const_unsigned_int_const_int_co_254, i3 4, i32 %bnn_top_int_const_unsigned_int_const_int_const_unsigned_int_const_int_co_255, i3 0, i32 %bnn_top_int_const_unsigned_int_const_int_const_unsigned_int_const_int_co_256, i3 1, i32 %bnn_top_int_const_unsigned_int_const_int_const_unsigned_int_const_int_co_257, i32 0, i3 %trunc_ln68_2" [bnn.cpp:71]   --->   Operation 156 'sparsemux' 's3' <Predicate = true> <Delay = 0.57> <CoreInst = "BinarySparseMux_DontCare">   --->   Core 149 'BinarySparseMux_DontCare' <Latency = 0> <II = 1> <Delay = 0.57> <FuncUnit> <Opcode : 'sparsemux'> <InPorts = 2> <OutPorts = 1>
ST_14 : Operation 157 [1/1] (1.01ns)   --->   "%icmp_ln72_1 = icmp_sgt  i32 %s2, i32 %m_5" [bnn.cpp:72]   --->   Operation 157 'icmp' 'icmp_ln72_1' <Predicate = true> <Delay = 1.01> <CoreInst = "Cmp">   --->   Core 9 'Cmp' <Latency = 0> <II = 1> <Delay = 1.01> <FuncUnit> <Opcode : 'seteq' 'setne' 'setle' 'setge' 'setlt' 'setgt'> <InPorts = 2> <OutPorts = 1>
ST_14 : Operation 158 [1/1] (0.44ns)   --->   "%m_7 = select i1 %icmp_ln72_1, i32 %s2, i32 %m_5" [bnn.cpp:72]   --->   Operation 158 'select' 'm_7' <Predicate = true> <Delay = 0.44> <CoreInst = "Sel">   --->   Core 73 'Sel' <Latency = 0> <II = 1> <Delay = 0.44> <FuncUnit> <Opcode : 'select'> <InPorts = 3> <OutPorts = 1>
ST_14 : Operation 159 [1/1] (1.01ns)   --->   "%icmp_ln72_2 = icmp_sgt  i32 %s3, i32 %m_7" [bnn.cpp:72]   --->   Operation 159 'icmp' 'icmp_ln72_2' <Predicate = true> <Delay = 1.01> <CoreInst = "Cmp">   --->   Core 9 'Cmp' <Latency = 0> <II = 1> <Delay = 1.01> <FuncUnit> <Opcode : 'seteq' 'setne' 'setle' 'setge' 'setlt' 'setgt'> <InPorts = 2> <OutPorts = 1>
ST_14 : Operation 160 [1/1] (0.00ns) (grouped into LUT with out node icmp_ln73)   --->   "%m_8 = select i1 %icmp_ln72_2, i32 %s3, i32 %m_7" [bnn.cpp:72]   --->   Operation 160 'select' 'm_8' <Predicate = true> <Delay = 0.00> <CoreInst = "Sel">   --->   Core 73 'Sel' <Latency = 0> <II = 1> <Delay = 0.44> <FuncUnit> <Opcode : 'select'> <InPorts = 3> <OutPorts = 1>
ST_14 : Operation 161 [1/1] (1.01ns) (out node of the LUT)   --->   "%icmp_ln73 = icmp_sgt  i32 %m_8, i32 %TAU1_load_read" [bnn.cpp:73]   --->   Operation 161 'icmp' 'icmp_ln73' <Predicate = true> <Delay = 1.01> <CoreInst = "Cmp">   --->   Core 9 'Cmp' <Latency = 0> <II = 1> <Delay = 1.01> <FuncUnit> <Opcode : 'seteq' 'setne' 'setle' 'setge' 'setlt' 'setgt'> <InPorts = 2> <OutPorts = 1>
ST_14 : Operation 162 [1/1] (0.00ns)   --->   "%add_ln73_1 = bitconcatenate i10 @_ssdm_op_BitConcatenate.i10.i5.i4.i1, i5 %tmp, i4 %trunc_ln68, i1 %tmp_31" [bnn.cpp:73]   --->   Operation 162 'bitconcatenate' 'add_ln73_1' <Predicate = true> <Delay = 0.00>
ST_14 : Operation 163 [1/1] (0.00ns)   --->   "%zext_ln73 = zext i10 %add_ln73_1" [bnn.cpp:73]   --->   Operation 163 'zext' 'zext_ln73' <Predicate = true> <Delay = 0.00>
ST_14 : Operation 164 [1/1] (0.00ns)   --->   "%bnn_top_int_const_unsigned_int_const_int_const_unsigned_int_const_int_co_258 = getelementptr i1 %bnn_top_int_const_unsigned_int_const_int_const_unsigned_int_const_int_co_20, i64 0, i64 %zext_ln73" [bnn.cpp:73]   --->   Operation 164 'getelementptr' 'bnn_top_int_const_unsigned_int_const_int_const_unsigned_int_const_int_co_258' <Predicate = true> <Delay = 0.00>
ST_14 : Operation 165 [1/1] (0.00ns)   --->   "%bnn_top_int_const_unsigned_int_const_int_const_unsigned_int_const_int_co_259 = getelementptr i1 %bnn_top_int_const_unsigned_int_const_int_const_unsigned_int_const_int_co_19, i64 0, i64 %zext_ln73" [bnn.cpp:73]   --->   Operation 165 'getelementptr' 'bnn_top_int_const_unsigned_int_const_int_const_unsigned_int_const_int_co_259' <Predicate = true> <Delay = 0.00>
ST_14 : Operation 166 [1/1] (0.00ns)   --->   "%bnn_top_int_const_unsigned_int_const_int_const_unsigned_int_const_int_co_260 = getelementptr i1 %bnn_top_int_const_unsigned_int_const_int_const_unsigned_int_const_int_co_18, i64 0, i64 %zext_ln73" [bnn.cpp:73]   --->   Operation 166 'getelementptr' 'bnn_top_int_const_unsigned_int_const_int_const_unsigned_int_const_int_co_260' <Predicate = true> <Delay = 0.00>
ST_14 : Operation 167 [1/1] (0.00ns)   --->   "%bnn_top_int_const_unsigned_int_const_int_const_unsigned_int_const_int_co_261 = getelementptr i1 %bnn_top_int_const_unsigned_int_const_int_const_unsigned_int_const_int_co_17, i64 0, i64 %zext_ln73" [bnn.cpp:73]   --->   Operation 167 'getelementptr' 'bnn_top_int_const_unsigned_int_const_int_const_unsigned_int_const_int_co_261' <Predicate = true> <Delay = 0.00>
ST_14 : Operation 168 [1/1] (0.00ns)   --->   "%bnn_top_int_const_unsigned_int_const_int_const_unsigned_int_const_int_co_262 = getelementptr i1 %bnn_top_int_const_unsigned_int_const_int_const_unsigned_int_const_int_co_16, i64 0, i64 %zext_ln73" [bnn.cpp:73]   --->   Operation 168 'getelementptr' 'bnn_top_int_const_unsigned_int_const_int_const_unsigned_int_const_int_co_262' <Predicate = true> <Delay = 0.00>
ST_14 : Operation 169 [1/1] (0.00ns)   --->   "%bnn_top_int_const_unsigned_int_const_int_const_unsigned_int_const_int_co_263 = getelementptr i1 %bnn_top_int_const_unsigned_int_const_int_const_unsigned_int_const_int_co_15, i64 0, i64 %zext_ln73" [bnn.cpp:73]   --->   Operation 169 'getelementptr' 'bnn_top_int_const_unsigned_int_const_int_const_unsigned_int_const_int_co_263' <Predicate = true> <Delay = 0.00>
ST_14 : Operation 170 [1/1] (0.00ns)   --->   "%bnn_top_int_const_unsigned_int_const_int_const_unsigned_int_const_int_co_264 = getelementptr i1 %bnn_top_int_const_unsigned_int_const_int_const_unsigned_int_const_int_co_14, i64 0, i64 %zext_ln73" [bnn.cpp:73]   --->   Operation 170 'getelementptr' 'bnn_top_int_const_unsigned_int_const_int_const_unsigned_int_const_int_co_264' <Predicate = true> <Delay = 0.00>
ST_14 : Operation 171 [1/1] (0.00ns)   --->   "%bnn_top_int_const_unsigned_int_const_int_const_unsigned_int_const_int_co_265 = getelementptr i1 %bnn_top_int_const_unsigned_int_const_int_const_unsigned_int_const_int_co_13, i64 0, i64 %zext_ln73" [bnn.cpp:73]   --->   Operation 171 'getelementptr' 'bnn_top_int_const_unsigned_int_const_int_const_unsigned_int_const_int_co_265' <Predicate = true> <Delay = 0.00>
ST_14 : Operation 172 [1/1] ( I:1.23ns O:1.23ns )   --->   "%store_ln73 = store i1 %icmp_ln73, i10 %bnn_top_int_const_unsigned_int_const_int_const_unsigned_int_const_int_co_264" [bnn.cpp:73]   --->   Operation 172 'store' 'store_ln73' <Predicate = (trunc_ln66 == 6)> <Delay = 1.23> <CoreInst = "RAM">   --->   Core 82 'RAM' <Latency = 1> <II = 1> <Delay = 1.23> <Storage> <Opcode : 'load' 'store'> <Ports = 2> <Width = 1> <Depth = 1024> <RAM>
ST_14 : Operation 173 [1/1] (0.00ns)   --->   "%br_ln73 = br void %arrayidx109.exit" [bnn.cpp:73]   --->   Operation 173 'br' 'br_ln73' <Predicate = (trunc_ln66 == 6)> <Delay = 0.00>
ST_14 : Operation 174 [1/1] ( I:1.23ns O:1.23ns )   --->   "%store_ln73 = store i1 %icmp_ln73, i10 %bnn_top_int_const_unsigned_int_const_int_const_unsigned_int_const_int_co_263" [bnn.cpp:73]   --->   Operation 174 'store' 'store_ln73' <Predicate = (trunc_ln66 == 5)> <Delay = 1.23> <CoreInst = "RAM">   --->   Core 82 'RAM' <Latency = 1> <II = 1> <Delay = 1.23> <Storage> <Opcode : 'load' 'store'> <Ports = 2> <Width = 1> <Depth = 1024> <RAM>
ST_14 : Operation 175 [1/1] (0.00ns)   --->   "%br_ln73 = br void %arrayidx109.exit" [bnn.cpp:73]   --->   Operation 175 'br' 'br_ln73' <Predicate = (trunc_ln66 == 5)> <Delay = 0.00>
ST_14 : Operation 176 [1/1] ( I:1.23ns O:1.23ns )   --->   "%store_ln73 = store i1 %icmp_ln73, i10 %bnn_top_int_const_unsigned_int_const_int_const_unsigned_int_const_int_co_262" [bnn.cpp:73]   --->   Operation 176 'store' 'store_ln73' <Predicate = (trunc_ln66 == 4)> <Delay = 1.23> <CoreInst = "RAM">   --->   Core 82 'RAM' <Latency = 1> <II = 1> <Delay = 1.23> <Storage> <Opcode : 'load' 'store'> <Ports = 2> <Width = 1> <Depth = 1024> <RAM>
ST_14 : Operation 177 [1/1] (0.00ns)   --->   "%br_ln73 = br void %arrayidx109.exit" [bnn.cpp:73]   --->   Operation 177 'br' 'br_ln73' <Predicate = (trunc_ln66 == 4)> <Delay = 0.00>
ST_14 : Operation 178 [1/1] ( I:1.23ns O:1.23ns )   --->   "%store_ln73 = store i1 %icmp_ln73, i10 %bnn_top_int_const_unsigned_int_const_int_const_unsigned_int_const_int_co_261" [bnn.cpp:73]   --->   Operation 178 'store' 'store_ln73' <Predicate = (trunc_ln66 == 3)> <Delay = 1.23> <CoreInst = "RAM">   --->   Core 82 'RAM' <Latency = 1> <II = 1> <Delay = 1.23> <Storage> <Opcode : 'load' 'store'> <Ports = 2> <Width = 1> <Depth = 1024> <RAM>
ST_14 : Operation 179 [1/1] (0.00ns)   --->   "%br_ln73 = br void %arrayidx109.exit" [bnn.cpp:73]   --->   Operation 179 'br' 'br_ln73' <Predicate = (trunc_ln66 == 3)> <Delay = 0.00>
ST_14 : Operation 180 [1/1] ( I:1.23ns O:1.23ns )   --->   "%store_ln73 = store i1 %icmp_ln73, i10 %bnn_top_int_const_unsigned_int_const_int_const_unsigned_int_const_int_co_260" [bnn.cpp:73]   --->   Operation 180 'store' 'store_ln73' <Predicate = (trunc_ln66 == 2)> <Delay = 1.23> <CoreInst = "RAM">   --->   Core 82 'RAM' <Latency = 1> <II = 1> <Delay = 1.23> <Storage> <Opcode : 'load' 'store'> <Ports = 2> <Width = 1> <Depth = 1024> <RAM>
ST_14 : Operation 181 [1/1] (0.00ns)   --->   "%br_ln73 = br void %arrayidx109.exit" [bnn.cpp:73]   --->   Operation 181 'br' 'br_ln73' <Predicate = (trunc_ln66 == 2)> <Delay = 0.00>
ST_14 : Operation 182 [1/1] ( I:1.23ns O:1.23ns )   --->   "%store_ln73 = store i1 %icmp_ln73, i10 %bnn_top_int_const_unsigned_int_const_int_const_unsigned_int_const_int_co_259" [bnn.cpp:73]   --->   Operation 182 'store' 'store_ln73' <Predicate = (trunc_ln66 == 1)> <Delay = 1.23> <CoreInst = "RAM">   --->   Core 82 'RAM' <Latency = 1> <II = 1> <Delay = 1.23> <Storage> <Opcode : 'load' 'store'> <Ports = 2> <Width = 1> <Depth = 1024> <RAM>
ST_14 : Operation 183 [1/1] (0.00ns)   --->   "%br_ln73 = br void %arrayidx109.exit" [bnn.cpp:73]   --->   Operation 183 'br' 'br_ln73' <Predicate = (trunc_ln66 == 1)> <Delay = 0.00>
ST_14 : Operation 184 [1/1] ( I:1.23ns O:1.23ns )   --->   "%store_ln73 = store i1 %icmp_ln73, i10 %bnn_top_int_const_unsigned_int_const_int_const_unsigned_int_const_int_co_258" [bnn.cpp:73]   --->   Operation 184 'store' 'store_ln73' <Predicate = (trunc_ln66 == 0)> <Delay = 1.23> <CoreInst = "RAM">   --->   Core 82 'RAM' <Latency = 1> <II = 1> <Delay = 1.23> <Storage> <Opcode : 'load' 'store'> <Ports = 2> <Width = 1> <Depth = 1024> <RAM>
ST_14 : Operation 185 [1/1] (0.00ns)   --->   "%br_ln73 = br void %arrayidx109.exit" [bnn.cpp:73]   --->   Operation 185 'br' 'br_ln73' <Predicate = (trunc_ln66 == 0)> <Delay = 0.00>
ST_14 : Operation 186 [1/1] ( I:1.23ns O:1.23ns )   --->   "%store_ln73 = store i1 %icmp_ln73, i10 %bnn_top_int_const_unsigned_int_const_int_const_unsigned_int_const_int_co_265" [bnn.cpp:73]   --->   Operation 186 'store' 'store_ln73' <Predicate = (trunc_ln66 == 7)> <Delay = 1.23> <CoreInst = "RAM">   --->   Core 82 'RAM' <Latency = 1> <II = 1> <Delay = 1.23> <Storage> <Opcode : 'load' 'store'> <Ports = 2> <Width = 1> <Depth = 1024> <RAM>
ST_14 : Operation 187 [1/1] (0.00ns)   --->   "%br_ln73 = br void %arrayidx109.exit" [bnn.cpp:73]   --->   Operation 187 'br' 'br_ln73' <Predicate = (trunc_ln66 == 7)> <Delay = 0.00>


============================================================
+ Verbose Summary: Binding
============================================================
STG Binding: 
---------------- STG Properties BEGIN ----------------
- Is combinational: 0
- Is one-state seq: 0
- Is datapath-only: 0
- Is pipelined: 0
- Is top level: 0
Port [ Return ] is wired: 1; IO mode=ap_ctrl_hs:ce=0
Port [ TAU1_load]:  wired=1; compound=0; hidden=0; nouse=0; global=0; static=0; extern=0; dir=0; type=0; pingpong=0; private_global=0; IO mode=ap_none:ce=0
Port [ empty]:  wired=1; compound=0; hidden=0; nouse=0; global=0; static=0; extern=0; dir=0; type=0; pingpong=0; private_global=0; IO mode=ap_none:ce=0
Port [ bnn_top_int_const_unsigned_int_const_int_const_unsigned_int_const_int_co_20]:  wired=1; compound=1; hidden=0; nouse=0; global=1; static=1; extern=0; dir=1; type=1; pingpong=0; private_global=0; MemPort=[03]; IO mode=ap_memory:ce=0
Port [ bnn_top_int_const_unsigned_int_const_int_const_unsigned_int_const_int_co_4]:  wired=1; compound=1; hidden=0; nouse=0; global=1; static=1; extern=0; dir=0; type=1; pingpong=0; private_global=0; MemPort=[11]; IO mode=ap_memory:ce=0
Port [ bnn_top_int_const_unsigned_int_const_int_const_unsigned_int_const_int_co_3]:  wired=1; compound=1; hidden=0; nouse=0; global=1; static=1; extern=0; dir=0; type=1; pingpong=0; private_global=0; MemPort=[11]; IO mode=ap_memory:ce=0
Port [ bnn_top_int_const_unsigned_int_const_int_const_unsigned_int_const_int_co_2]:  wired=1; compound=1; hidden=0; nouse=0; global=1; static=1; extern=0; dir=0; type=1; pingpong=0; private_global=0; MemPort=[11]; IO mode=ap_memory:ce=0
Port [ bnn_top_int_const_unsigned_int_const_int_const_unsigned_int_const_int_co_1]:  wired=1; compound=1; hidden=0; nouse=0; global=1; static=1; extern=0; dir=0; type=1; pingpong=0; private_global=0; MemPort=[11]; IO mode=ap_memory:ce=0
Port [ bnn_top_int_const_unsigned_int_const_int_const_unsigned_int_const_int_co]:  wired=1; compound=1; hidden=0; nouse=0; global=1; static=1; extern=0; dir=0; type=1; pingpong=0; private_global=0; MemPort=[11]; IO mode=ap_memory:ce=0
Port [ bnn_top_int_const_unsigned_int_const_int_const_unsigned_int_const_int_co_19]:  wired=1; compound=1; hidden=0; nouse=0; global=1; static=1; extern=0; dir=1; type=1; pingpong=0; private_global=0; MemPort=[03]; IO mode=ap_memory:ce=0
Port [ bnn_top_int_const_unsigned_int_const_int_const_unsigned_int_const_int_co_18]:  wired=1; compound=1; hidden=0; nouse=0; global=1; static=1; extern=0; dir=1; type=1; pingpong=0; private_global=0; MemPort=[03]; IO mode=ap_memory:ce=0
Port [ bnn_top_int_const_unsigned_int_const_int_const_unsigned_int_const_int_co_17]:  wired=1; compound=1; hidden=0; nouse=0; global=1; static=1; extern=0; dir=1; type=1; pingpong=0; private_global=0; MemPort=[03]; IO mode=ap_memory:ce=0
Port [ bnn_top_int_const_unsigned_int_const_int_const_unsigned_int_const_int_co_16]:  wired=1; compound=1; hidden=0; nouse=0; global=1; static=1; extern=0; dir=1; type=1; pingpong=0; private_global=0; MemPort=[03]; IO mode=ap_memory:ce=0
Port [ bnn_top_int_const_unsigned_int_const_int_const_unsigned_int_const_int_co_15]:  wired=1; compound=1; hidden=0; nouse=0; global=1; static=1; extern=0; dir=1; type=1; pingpong=0; private_global=0; MemPort=[03]; IO mode=ap_memory:ce=0
Port [ bnn_top_int_const_unsigned_int_const_int_const_unsigned_int_const_int_co_14]:  wired=1; compound=1; hidden=0; nouse=0; global=1; static=1; extern=0; dir=1; type=1; pingpong=0; private_global=0; MemPort=[03]; IO mode=ap_memory:ce=0
Port [ bnn_top_int_const_unsigned_int_const_int_const_unsigned_int_const_int_co_13]:  wired=1; compound=1; hidden=0; nouse=0; global=1; static=1; extern=0; dir=1; type=1; pingpong=0; private_global=0; MemPort=[03]; IO mode=ap_memory:ce=0
---------------- STG Properties END ------------------

---------------- Datapath Model BEGIN ----------------

<LifeTime>
<method=bitvector/>
pw                                                                           (alloca           ) [ 010000000000000]
ph                                                                           (alloca           ) [ 010000000000000]
indvar_flatten6                                                              (alloca           ) [ 010000000000000]
tmp                                                                          (read             ) [ 011111111111111]
TAU1_load_read                                                               (read             ) [ 011111111111111]
store_ln0                                                                    (store            ) [ 000000000000000]
store_ln65                                                                   (store            ) [ 000000000000000]
store_ln66                                                                   (store            ) [ 000000000000000]
br_ln0                                                                       (br               ) [ 000000000000000]
indvar_flatten6_load                                                         (load             ) [ 000000000000000]
icmp_ln65                                                                    (icmp             ) [ 011111111111110]
add_ln65                                                                     (add              ) [ 000000000000000]
br_ln65                                                                      (br               ) [ 000000000000000]
pw_load                                                                      (load             ) [ 000000000000000]
ph_load                                                                      (load             ) [ 000000000000000]
icmp_ln66                                                                    (icmp             ) [ 000000000000000]
select_ln65                                                                  (select           ) [ 000000000000000]
add_ln65_1                                                                   (add              ) [ 000000000000000]
select_ln65_1                                                                (select           ) [ 000000000000000]
trunc_ln68                                                                   (trunc            ) [ 011111111111111]
shl_ln5                                                                      (bitconcatenate   ) [ 000000000000000]
zext_ln68                                                                    (zext             ) [ 000000000000000]
trunc_ln66                                                                   (trunc            ) [ 011111111111111]
trunc_ln68_1                                                                 (trunc            ) [ 011111111111110]
shl_ln68                                                                     (shl              ) [ 000000000000000]
zext_ln68_1                                                                  (zext             ) [ 000000000000000]
add_ln68                                                                     (add              ) [ 011111111111000]
zext_ln68_2                                                                  (zext             ) [ 000000000000000]
p_shl                                                                        (bitconcatenate   ) [ 000000000000000]
tmp_26                                                                       (bitconcatenate   ) [ 000000000000000]
zext_ln68_3                                                                  (zext             ) [ 000000000000000]
sub_ln68                                                                     (sub              ) [ 000000000000000]
add_ln68_1                                                                   (add              ) [ 000000000000000]
zext_ln68_5                                                                  (zext             ) [ 000000000000000]
mul_ln68                                                                     (mul              ) [ 000000000000000]
tmp_27                                                                       (partselect       ) [ 011111111111100]
tmp_31                                                                       (bitselect        ) [ 011111111111111]
switch_ln73                                                                  (switch           ) [ 000000000000000]
add_ln66                                                                     (add              ) [ 000000000000000]
store_ln65                                                                   (store            ) [ 000000000000000]
store_ln65                                                                   (store            ) [ 000000000000000]
store_ln66                                                                   (store            ) [ 000000000000000]
br_ln66                                                                      (br               ) [ 000000000000000]
urem_ln68                                                                    (urem             ) [ 000000000000000]
trunc_ln68_2                                                                 (trunc            ) [ 010000000000111]
zext_ln68_4                                                                  (zext             ) [ 000000000000000]
bnn_top_int_const_unsigned_int_const_int_const_unsigned_int_const_int_co_218 (getelementptr    ) [ 010000000000010]
bnn_top_int_const_unsigned_int_const_int_const_unsigned_int_const_int_co_219 (getelementptr    ) [ 010000000000010]
bnn_top_int_const_unsigned_int_const_int_const_unsigned_int_const_int_co_220 (getelementptr    ) [ 010000000000010]
bnn_top_int_const_unsigned_int_const_int_const_unsigned_int_const_int_co_221 (getelementptr    ) [ 010000000000010]
bnn_top_int_const_unsigned_int_const_int_const_unsigned_int_const_int_co_222 (getelementptr    ) [ 010000000000010]
add_ln                                                                       (bitconcatenate   ) [ 000000000000000]
zext_ln69_1                                                                  (zext             ) [ 000000000000000]
mul_ln69                                                                     (mul              ) [ 000000000000000]
tmp_28                                                                       (partselect       ) [ 000000000000000]
zext_ln69                                                                    (zext             ) [ 000000000000000]
bnn_top_int_const_unsigned_int_const_int_const_unsigned_int_const_int_co_228 (getelementptr    ) [ 010000000000010]
bnn_top_int_const_unsigned_int_const_int_const_unsigned_int_const_int_co_229 (getelementptr    ) [ 010000000000010]
bnn_top_int_const_unsigned_int_const_int_const_unsigned_int_const_int_co_230 (getelementptr    ) [ 010000000000010]
bnn_top_int_const_unsigned_int_const_int_const_unsigned_int_const_int_co_231 (getelementptr    ) [ 010000000000010]
bnn_top_int_const_unsigned_int_const_int_const_unsigned_int_const_int_co_232 (getelementptr    ) [ 010000000000010]
bnn_top_int_const_unsigned_int_const_int_const_unsigned_int_const_int_co_223 (load             ) [ 000000000000000]
bnn_top_int_const_unsigned_int_const_int_const_unsigned_int_const_int_co_224 (load             ) [ 000000000000000]
bnn_top_int_const_unsigned_int_const_int_const_unsigned_int_const_int_co_225 (load             ) [ 000000000000000]
bnn_top_int_const_unsigned_int_const_int_const_unsigned_int_const_int_co_226 (load             ) [ 000000000000000]
bnn_top_int_const_unsigned_int_const_int_const_unsigned_int_const_int_co_227 (load             ) [ 000000000000000]
s0                                                                           (sparsemux        ) [ 000000000000000]
bnn_top_int_const_unsigned_int_const_int_const_unsigned_int_const_int_co_233 (load             ) [ 000000000000000]
bnn_top_int_const_unsigned_int_const_int_const_unsigned_int_const_int_co_234 (load             ) [ 000000000000000]
bnn_top_int_const_unsigned_int_const_int_const_unsigned_int_const_int_co_235 (load             ) [ 000000000000000]
bnn_top_int_const_unsigned_int_const_int_const_unsigned_int_const_int_co_236 (load             ) [ 000000000000000]
bnn_top_int_const_unsigned_int_const_int_const_unsigned_int_const_int_co_237 (load             ) [ 000000000000000]
s1                                                                           (sparsemux        ) [ 000000000000000]
add_ln1                                                                      (bitconcatenate   ) [ 000000000000000]
zext_ln70_1                                                                  (zext             ) [ 000000000000000]
mul_ln70                                                                     (mul              ) [ 000000000000000]
tmp_29                                                                       (partselect       ) [ 000000000000000]
zext_ln70                                                                    (zext             ) [ 000000000000000]
bnn_top_int_const_unsigned_int_const_int_const_unsigned_int_const_int_co_238 (getelementptr    ) [ 010000000000001]
bnn_top_int_const_unsigned_int_const_int_const_unsigned_int_const_int_co_239 (getelementptr    ) [ 010000000000001]
bnn_top_int_const_unsigned_int_const_int_const_unsigned_int_const_int_co_240 (getelementptr    ) [ 010000000000001]
bnn_top_int_const_unsigned_int_const_int_const_unsigned_int_const_int_co_241 (getelementptr    ) [ 010000000000001]
bnn_top_int_const_unsigned_int_const_int_const_unsigned_int_const_int_co_242 (getelementptr    ) [ 010000000000001]
add_ln2                                                                      (bitconcatenate   ) [ 000000000000000]
zext_ln71_1                                                                  (zext             ) [ 000000000000000]
mul_ln71                                                                     (mul              ) [ 000000000000000]
tmp_30                                                                       (partselect       ) [ 000000000000000]
zext_ln71                                                                    (zext             ) [ 000000000000000]
bnn_top_int_const_unsigned_int_const_int_const_unsigned_int_const_int_co_248 (getelementptr    ) [ 010000000000001]
bnn_top_int_const_unsigned_int_const_int_const_unsigned_int_const_int_co_249 (getelementptr    ) [ 010000000000001]
bnn_top_int_const_unsigned_int_const_int_const_unsigned_int_const_int_co_250 (getelementptr    ) [ 010000000000001]
bnn_top_int_const_unsigned_int_const_int_const_unsigned_int_const_int_co_251 (getelementptr    ) [ 010000000000001]
bnn_top_int_const_unsigned_int_const_int_const_unsigned_int_const_int_co_252 (getelementptr    ) [ 010000000000001]
icmp_ln72                                                                    (icmp             ) [ 000000000000000]
m_5                                                                          (select           ) [ 010000000000001]
specloopname_ln0                                                             (specloopname     ) [ 000000000000000]
speclooptripcount_ln0                                                        (speclooptripcount) [ 000000000000000]
specpipeline_ln67                                                            (specpipeline     ) [ 000000000000000]
bnn_top_int_const_unsigned_int_const_int_const_unsigned_int_const_int_co_243 (load             ) [ 000000000000000]
bnn_top_int_const_unsigned_int_const_int_const_unsigned_int_const_int_co_244 (load             ) [ 000000000000000]
bnn_top_int_const_unsigned_int_const_int_const_unsigned_int_const_int_co_245 (load             ) [ 000000000000000]
bnn_top_int_const_unsigned_int_const_int_const_unsigned_int_const_int_co_246 (load             ) [ 000000000000000]
bnn_top_int_const_unsigned_int_const_int_const_unsigned_int_const_int_co_247 (load             ) [ 000000000000000]
s2                                                                           (sparsemux        ) [ 000000000000000]
bnn_top_int_const_unsigned_int_const_int_const_unsigned_int_const_int_co_253 (load             ) [ 000000000000000]
bnn_top_int_const_unsigned_int_const_int_const_unsigned_int_const_int_co_254 (load             ) [ 000000000000000]
bnn_top_int_const_unsigned_int_const_int_const_unsigned_int_const_int_co_255 (load             ) [ 000000000000000]
bnn_top_int_const_unsigned_int_const_int_const_unsigned_int_const_int_co_256 (load             ) [ 000000000000000]
bnn_top_int_const_unsigned_int_const_int_const_unsigned_int_const_int_co_257 (load             ) [ 000000000000000]
s3                                                                           (sparsemux        ) [ 000000000000000]
icmp_ln72_1                                                                  (icmp             ) [ 000000000000000]
m_7                                                                          (select           ) [ 000000000000000]
icmp_ln72_2                                                                  (icmp             ) [ 000000000000000]
m_8                                                                          (select           ) [ 000000000000000]
icmp_ln73                                                                    (icmp             ) [ 000000000000000]
add_ln73_1                                                                   (bitconcatenate   ) [ 000000000000000]
zext_ln73                                                                    (zext             ) [ 000000000000000]
bnn_top_int_const_unsigned_int_const_int_const_unsigned_int_const_int_co_258 (getelementptr    ) [ 000000000000000]
bnn_top_int_const_unsigned_int_const_int_const_unsigned_int_const_int_co_259 (getelementptr    ) [ 000000000000000]
bnn_top_int_const_unsigned_int_const_int_const_unsigned_int_const_int_co_260 (getelementptr    ) [ 000000000000000]
bnn_top_int_const_unsigned_int_const_int_const_unsigned_int_const_int_co_261 (getelementptr    ) [ 000000000000000]
bnn_top_int_const_unsigned_int_const_int_const_unsigned_int_const_int_co_262 (getelementptr    ) [ 000000000000000]
bnn_top_int_const_unsigned_int_const_int_const_unsigned_int_const_int_co_263 (getelementptr    ) [ 000000000000000]
bnn_top_int_const_unsigned_int_const_int_const_unsigned_int_const_int_co_264 (getelementptr    ) [ 000000000000000]
bnn_top_int_const_unsigned_int_const_int_const_unsigned_int_const_int_co_265 (getelementptr    ) [ 000000000000000]
store_ln73                                                                   (store            ) [ 000000000000000]
br_ln73                                                                      (br               ) [ 000000000000000]
store_ln73                                                                   (store            ) [ 000000000000000]
br_ln73                                                                      (br               ) [ 000000000000000]
store_ln73                                                                   (store            ) [ 000000000000000]
br_ln73                                                                      (br               ) [ 000000000000000]
store_ln73                                                                   (store            ) [ 000000000000000]
br_ln73                                                                      (br               ) [ 000000000000000]
store_ln73                                                                   (store            ) [ 000000000000000]
br_ln73                                                                      (br               ) [ 000000000000000]
store_ln73                                                                   (store            ) [ 000000000000000]
br_ln73                                                                      (br               ) [ 000000000000000]
store_ln73                                                                   (store            ) [ 000000000000000]
br_ln73                                                                      (br               ) [ 000000000000000]
store_ln73                                                                   (store            ) [ 000000000000000]
br_ln73                                                                      (br               ) [ 000000000000000]
ret_ln0                                                                      (ret              ) [ 000000000000000]
</LifeTime>

<model>

<comp_list>
<comp id="0" class="1000" name="TAU1_load">
<pin_list>
<pin id="1" dir="1" index="0" bw="1" slack="0"/>
</pin_list>
<bind>
<StgValue><ssdm name="TAU1_load"/></StgValue>
</bind>
</comp>

<comp id="2" class="1000" name="empty">
<pin_list>
<pin id="3" dir="1" index="0" bw="1" slack="0"/>
</pin_list>
<bind>
<StgValue><ssdm name="empty"/></StgValue>
</bind>
</comp>

<comp id="4" class="1000" name="bnn_top_int_const_unsigned_int_const_int_const_unsigned_int_const_int_co_20">
<pin_list>
<pin id="5" dir="1" index="0" bw="1" slack="0"/>
</pin_list>
<bind>
<StgValue><ssdm name="bnn_top_int_const_unsigned_int_const_int_const_unsigned_int_const_int_co_20"/><MemPortTyVec>0 3 </MemPortTyVec>
</StgValue>
</bind>
</comp>

<comp id="6" class="1000" name="bnn_top_int_const_unsigned_int_const_int_const_unsigned_int_const_int_co_4">
<pin_list>
<pin id="7" dir="1" index="0" bw="1" slack="0"/>
</pin_list>
<bind>
<StgValue><ssdm name="bnn_top_int_const_unsigned_int_const_int_const_unsigned_int_const_int_co_4"/><MemPortTyVec>1 1 </MemPortTyVec>
</StgValue>
</bind>
</comp>

<comp id="8" class="1000" name="bnn_top_int_const_unsigned_int_const_int_const_unsigned_int_const_int_co_3">
<pin_list>
<pin id="9" dir="1" index="0" bw="1" slack="0"/>
</pin_list>
<bind>
<StgValue><ssdm name="bnn_top_int_const_unsigned_int_const_int_const_unsigned_int_const_int_co_3"/><MemPortTyVec>1 1 </MemPortTyVec>
</StgValue>
</bind>
</comp>

<comp id="10" class="1000" name="bnn_top_int_const_unsigned_int_const_int_const_unsigned_int_const_int_co_2">
<pin_list>
<pin id="11" dir="1" index="0" bw="1" slack="0"/>
</pin_list>
<bind>
<StgValue><ssdm name="bnn_top_int_const_unsigned_int_const_int_const_unsigned_int_const_int_co_2"/><MemPortTyVec>1 1 </MemPortTyVec>
</StgValue>
</bind>
</comp>

<comp id="12" class="1000" name="bnn_top_int_const_unsigned_int_const_int_const_unsigned_int_const_int_co_1">
<pin_list>
<pin id="13" dir="1" index="0" bw="1" slack="0"/>
</pin_list>
<bind>
<StgValue><ssdm name="bnn_top_int_const_unsigned_int_const_int_const_unsigned_int_const_int_co_1"/><MemPortTyVec>1 1 </MemPortTyVec>
</StgValue>
</bind>
</comp>

<comp id="14" class="1000" name="bnn_top_int_const_unsigned_int_const_int_const_unsigned_int_const_int_co">
<pin_list>
<pin id="15" dir="1" index="0" bw="1" slack="0"/>
</pin_list>
<bind>
<StgValue><ssdm name="bnn_top_int_const_unsigned_int_const_int_const_unsigned_int_const_int_co"/><MemPortTyVec>1 1 </MemPortTyVec>
</StgValue>
</bind>
</comp>

<comp id="16" class="1000" name="bnn_top_int_const_unsigned_int_const_int_const_unsigned_int_const_int_co_19">
<pin_list>
<pin id="17" dir="1" index="0" bw="1" slack="0"/>
</pin_list>
<bind>
<StgValue><ssdm name="bnn_top_int_const_unsigned_int_const_int_const_unsigned_int_const_int_co_19"/><MemPortTyVec>0 3 </MemPortTyVec>
</StgValue>
</bind>
</comp>

<comp id="18" class="1000" name="bnn_top_int_const_unsigned_int_const_int_const_unsigned_int_const_int_co_18">
<pin_list>
<pin id="19" dir="1" index="0" bw="1" slack="0"/>
</pin_list>
<bind>
<StgValue><ssdm name="bnn_top_int_const_unsigned_int_const_int_const_unsigned_int_const_int_co_18"/><MemPortTyVec>0 3 </MemPortTyVec>
</StgValue>
</bind>
</comp>

<comp id="20" class="1000" name="bnn_top_int_const_unsigned_int_const_int_const_unsigned_int_const_int_co_17">
<pin_list>
<pin id="21" dir="1" index="0" bw="1" slack="0"/>
</pin_list>
<bind>
<StgValue><ssdm name="bnn_top_int_const_unsigned_int_const_int_const_unsigned_int_const_int_co_17"/><MemPortTyVec>0 3 </MemPortTyVec>
</StgValue>
</bind>
</comp>

<comp id="22" class="1000" name="bnn_top_int_const_unsigned_int_const_int_const_unsigned_int_const_int_co_16">
<pin_list>
<pin id="23" dir="1" index="0" bw="1" slack="0"/>
</pin_list>
<bind>
<StgValue><ssdm name="bnn_top_int_const_unsigned_int_const_int_const_unsigned_int_const_int_co_16"/><MemPortTyVec>0 3 </MemPortTyVec>
</StgValue>
</bind>
</comp>

<comp id="24" class="1000" name="bnn_top_int_const_unsigned_int_const_int_const_unsigned_int_const_int_co_15">
<pin_list>
<pin id="25" dir="1" index="0" bw="1" slack="0"/>
</pin_list>
<bind>
<StgValue><ssdm name="bnn_top_int_const_unsigned_int_const_int_const_unsigned_int_const_int_co_15"/><MemPortTyVec>0 3 </MemPortTyVec>
</StgValue>
</bind>
</comp>

<comp id="26" class="1000" name="bnn_top_int_const_unsigned_int_const_int_const_unsigned_int_const_int_co_14">
<pin_list>
<pin id="27" dir="1" index="0" bw="1" slack="0"/>
</pin_list>
<bind>
<StgValue><ssdm name="bnn_top_int_const_unsigned_int_const_int_const_unsigned_int_const_int_co_14"/><MemPortTyVec>0 3 </MemPortTyVec>
</StgValue>
</bind>
</comp>

<comp id="28" class="1000" name="bnn_top_int_const_unsigned_int_const_int_const_unsigned_int_const_int_co_13">
<pin_list>
<pin id="29" dir="1" index="0" bw="1" slack="0"/>
</pin_list>
<bind>
<StgValue><ssdm name="bnn_top_int_const_unsigned_int_const_int_const_unsigned_int_const_int_co_13"/><MemPortTyVec>0 3 </MemPortTyVec>
</StgValue>
</bind>
</comp>

<comp id="30" class="1001" name="const_30">
<pin_list>
<pin id="31" dir="1" index="0" bw="1" slack="0"/>
</pin_list>
<bind>
<StgValue><ssdm name=""/></StgValue>
</bind>
</comp>

<comp id="32" class="1001" name="const_32">
<pin_list>
<pin id="33" dir="1" index="0" bw="1" slack="0"/>
</pin_list>
<bind>
<StgValue><ssdm name="_ssdm_op_Read.ap_auto.i5"/></StgValue>
</bind>
</comp>

<comp id="34" class="1001" name="const_34">
<pin_list>
<pin id="35" dir="1" index="0" bw="1" slack="0"/>
</pin_list>
<bind>
<StgValue><ssdm name="_ssdm_op_Read.ap_auto.i32"/></StgValue>
</bind>
</comp>

<comp id="36" class="1001" name="const_36">
<pin_list>
<pin id="37" dir="1" index="0" bw="1" slack="0"/>
</pin_list>
<bind>
<StgValue><ssdm name=""/></StgValue>
</bind>
</comp>

<comp id="38" class="1001" name="const_38">
<pin_list>
<pin id="39" dir="1" index="0" bw="1" slack="0"/>
</pin_list>
<bind>
<StgValue><ssdm name=""/></StgValue>
</bind>
</comp>

<comp id="40" class="1001" name="const_40">
<pin_list>
<pin id="41" dir="1" index="0" bw="1" slack="0"/>
</pin_list>
<bind>
<StgValue><ssdm name=""/></StgValue>
</bind>
</comp>

<comp id="42" class="1001" name="const_42">
<pin_list>
<pin id="43" dir="1" index="0" bw="1" slack="0"/>
</pin_list>
<bind>
<StgValue><ssdm name=""/></StgValue>
</bind>
</comp>

<comp id="44" class="1001" name="const_44">
<pin_list>
<pin id="45" dir="1" index="0" bw="1" slack="0"/>
</pin_list>
<bind>
<StgValue><ssdm name=""/></StgValue>
</bind>
</comp>

<comp id="46" class="1001" name="const_46">
<pin_list>
<pin id="47" dir="1" index="0" bw="1" slack="0"/>
</pin_list>
<bind>
<StgValue><ssdm name=""/></StgValue>
</bind>
</comp>

<comp id="48" class="1001" name="const_48">
<pin_list>
<pin id="49" dir="1" index="0" bw="1" slack="0"/>
</pin_list>
<bind>
<StgValue><ssdm name="_ssdm_op_BitConcatenate.i6.i4.i2"/></StgValue>
</bind>
</comp>

<comp id="50" class="1001" name="const_50">
<pin_list>
<pin id="51" dir="1" index="0" bw="1" slack="0"/>
</pin_list>
<bind>
<StgValue><ssdm name=""/></StgValue>
</bind>
</comp>

<comp id="52" class="1001" name="const_52">
<pin_list>
<pin id="53" dir="1" index="0" bw="1" slack="0"/>
</pin_list>
<bind>
<StgValue><ssdm name="_ssdm_op_BitConcatenate.i10.i4.i6"/></StgValue>
</bind>
</comp>

<comp id="54" class="1001" name="const_54">
<pin_list>
<pin id="55" dir="1" index="0" bw="1" slack="0"/>
</pin_list>
<bind>
<StgValue><ssdm name=""/></StgValue>
</bind>
</comp>

<comp id="56" class="1001" name="const_56">
<pin_list>
<pin id="57" dir="1" index="0" bw="1" slack="0"/>
</pin_list>
<bind>
<StgValue><ssdm name="_ssdm_op_BitConcatenate.i7.i5.i2"/></StgValue>
</bind>
</comp>

<comp id="58" class="1001" name="const_58">
<pin_list>
<pin id="59" dir="1" index="0" bw="1" slack="0"/>
</pin_list>
<bind>
<StgValue><ssdm name=""/></StgValue>
</bind>
</comp>

<comp id="60" class="1001" name="const_60">
<pin_list>
<pin id="61" dir="1" index="0" bw="1" slack="0"/>
</pin_list>
<bind>
<StgValue><ssdm name="_ssdm_op_PartSelect.i8.i21.i32.i32"/></StgValue>
</bind>
</comp>

<comp id="62" class="1001" name="const_62">
<pin_list>
<pin id="63" dir="1" index="0" bw="1" slack="0"/>
</pin_list>
<bind>
<StgValue><ssdm name=""/></StgValue>
</bind>
</comp>

<comp id="64" class="1001" name="const_64">
<pin_list>
<pin id="65" dir="1" index="0" bw="1" slack="0"/>
</pin_list>
<bind>
<StgValue><ssdm name=""/></StgValue>
</bind>
</comp>

<comp id="66" class="1001" name="const_66">
<pin_list>
<pin id="67" dir="1" index="0" bw="1" slack="0"/>
</pin_list>
<bind>
<StgValue><ssdm name=""/></StgValue>
</bind>
</comp>

<comp id="68" class="1001" name="const_68">
<pin_list>
<pin id="69" dir="1" index="0" bw="1" slack="0"/>
</pin_list>
<bind>
<StgValue><ssdm name="_ssdm_op_BitSelect.i1.i5.i32"/></StgValue>
</bind>
</comp>

<comp id="70" class="1001" name="const_70">
<pin_list>
<pin id="71" dir="1" index="0" bw="1" slack="0"/>
</pin_list>
<bind>
<StgValue><ssdm name=""/></StgValue>
</bind>
</comp>

<comp id="72" class="1001" name="const_72">
<pin_list>
<pin id="73" dir="1" index="0" bw="1" slack="0"/>
</pin_list>
<bind>
<StgValue><ssdm name=""/></StgValue>
</bind>
</comp>

<comp id="74" class="1001" name="const_74">
<pin_list>
<pin id="75" dir="1" index="0" bw="1" slack="0"/>
</pin_list>
<bind>
<StgValue><ssdm name=""/></StgValue>
</bind>
</comp>

<comp id="76" class="1001" name="const_76">
<pin_list>
<pin id="77" dir="1" index="0" bw="1" slack="0"/>
</pin_list>
<bind>
<StgValue><ssdm name=""/></StgValue>
</bind>
</comp>

<comp id="78" class="1001" name="const_78">
<pin_list>
<pin id="79" dir="1" index="0" bw="1" slack="0"/>
</pin_list>
<bind>
<StgValue><ssdm name=""/></StgValue>
</bind>
</comp>

<comp id="80" class="1001" name="const_80">
<pin_list>
<pin id="81" dir="1" index="0" bw="1" slack="0"/>
</pin_list>
<bind>
<StgValue><ssdm name=""/></StgValue>
</bind>
</comp>

<comp id="82" class="1001" name="const_82">
<pin_list>
<pin id="83" dir="1" index="0" bw="1" slack="0"/>
</pin_list>
<bind>
<StgValue><ssdm name=""/></StgValue>
</bind>
</comp>

<comp id="84" class="1001" name="const_84">
<pin_list>
<pin id="85" dir="1" index="0" bw="1" slack="0"/>
</pin_list>
<bind>
<StgValue><ssdm name=""/></StgValue>
</bind>
</comp>

<comp id="86" class="1001" name="const_86">
<pin_list>
<pin id="87" dir="1" index="0" bw="1" slack="0"/>
</pin_list>
<bind>
<StgValue><ssdm name=""/></StgValue>
</bind>
</comp>

<comp id="88" class="1001" name="const_88">
<pin_list>
<pin id="89" dir="1" index="0" bw="1" slack="0"/>
</pin_list>
<bind>
<StgValue><ssdm name="_ssdm_op_BitConcatenate.i10.i4.i1.i4.i1"/></StgValue>
</bind>
</comp>

<comp id="90" class="1001" name="const_90">
<pin_list>
<pin id="91" dir="1" index="0" bw="1" slack="0"/>
</pin_list>
<bind>
<StgValue><ssdm name=""/></StgValue>
</bind>
</comp>

<comp id="92" class="1001" name="const_92">
<pin_list>
<pin id="93" dir="1" index="0" bw="1" slack="0"/>
</pin_list>
<bind>
<StgValue><ssdm name=""/></StgValue>
</bind>
</comp>

<comp id="94" class="1001" name="const_94">
<pin_list>
<pin id="95" dir="1" index="0" bw="1" slack="0"/>
</pin_list>
<bind>
<StgValue><ssdm name="_ssdm_op_SparseMux.ap_auto.5i32.i32.i3"/></StgValue>
</bind>
</comp>

<comp id="96" class="1001" name="const_96">
<pin_list>
<pin id="97" dir="1" index="0" bw="1" slack="0"/>
</pin_list>
<bind>
<StgValue><ssdm name=""/></StgValue>
</bind>
</comp>

<comp id="98" class="1001" name="const_98">
<pin_list>
<pin id="99" dir="1" index="0" bw="1" slack="2147483647"/>
</pin_list>
<bind>
<StgValue><ssdm name="_ssdm_op_SpecLoopName"/></StgValue>
</bind>
</comp>

<comp id="100" class="1001" name="const_100">
<pin_list>
<pin id="101" dir="1" index="0" bw="1" slack="2147483647"/>
</pin_list>
<bind>
<StgValue><ssdm name="VITIS_LOOP_65_6_VITIS_LOOP_66_7_str"/></StgValue>
</bind>
</comp>

<comp id="102" class="1001" name="const_102">
<pin_list>
<pin id="103" dir="1" index="0" bw="1" slack="2147483647"/>
</pin_list>
<bind>
<StgValue><ssdm name="_ssdm_op_SpecLoopTripCount"/></StgValue>
</bind>
</comp>

<comp id="104" class="1001" name="const_104">
<pin_list>
<pin id="105" dir="1" index="0" bw="1" slack="2147483647"/>
</pin_list>
<bind>
<StgValue><ssdm name=""/></StgValue>
</bind>
</comp>

<comp id="106" class="1001" name="const_106">
<pin_list>
<pin id="107" dir="1" index="0" bw="1" slack="2147483647"/>
</pin_list>
<bind>
<StgValue><ssdm name="_ssdm_op_SpecPipeline"/></StgValue>
</bind>
</comp>

<comp id="108" class="1001" name="const_108">
<pin_list>
<pin id="109" dir="1" index="0" bw="1" slack="2147483647"/>
</pin_list>
<bind>
<StgValue><ssdm name=""/></StgValue>
</bind>
</comp>

<comp id="110" class="1001" name="const_110">
<pin_list>
<pin id="111" dir="1" index="0" bw="1" slack="2147483647"/>
</pin_list>
<bind>
<StgValue><ssdm name=""/></StgValue>
</bind>
</comp>

<comp id="112" class="1001" name="const_112">
<pin_list>
<pin id="113" dir="1" index="0" bw="1" slack="2147483647"/>
</pin_list>
<bind>
<StgValue><ssdm name="empty_2"/></StgValue>
</bind>
</comp>

<comp id="114" class="1001" name="const_114">
<pin_list>
<pin id="115" dir="1" index="0" bw="1" slack="0"/>
</pin_list>
<bind>
<StgValue><ssdm name="_ssdm_op_BitConcatenate.i10.i5.i4.i1"/></StgValue>
</bind>
</comp>

<comp id="116" class="1004" name="pw_fu_116">
<pin_list>
<pin id="117" dir="0" index="0" bw="1" slack="0"/>
<pin id="118" dir="1" index="1" bw="5" slack="0"/>
</pin_list>
<bind>
<opcode="alloca(26) " fcode="alloca"/>
<opset="pw/1 "/>
</bind>
</comp>

<comp id="120" class="1004" name="ph_fu_120">
<pin_list>
<pin id="121" dir="0" index="0" bw="1" slack="0"/>
<pin id="122" dir="1" index="1" bw="5" slack="0"/>
</pin_list>
<bind>
<opcode="alloca(26) " fcode="alloca"/>
<opset="ph/1 "/>
</bind>
</comp>

<comp id="124" class="1004" name="indvar_flatten6_fu_124">
<pin_list>
<pin id="125" dir="0" index="0" bw="1" slack="0"/>
<pin id="126" dir="1" index="1" bw="9" slack="0"/>
</pin_list>
<bind>
<opcode="alloca(26) " fcode="alloca"/>
<opset="indvar_flatten6/1 "/>
</bind>
</comp>

<comp id="128" class="1004" name="tmp_read_fu_128">
<pin_list>
<pin id="129" dir="0" index="0" bw="5" slack="0"/>
<pin id="130" dir="0" index="1" bw="5" slack="0"/>
<pin id="131" dir="1" index="2" bw="5" slack="13"/>
</pin_list>
<bind>
<opcode="read(1150) " fcode="read"/>
<opset="tmp/1 "/>
</bind>
</comp>

<comp id="134" class="1004" name="TAU1_load_read_read_fu_134">
<pin_list>
<pin id="135" dir="0" index="0" bw="32" slack="0"/>
<pin id="136" dir="0" index="1" bw="32" slack="0"/>
<pin id="137" dir="1" index="2" bw="32" slack="13"/>
</pin_list>
<bind>
<opcode="read(1150) " fcode="read"/>
<opset="TAU1_load_read/1 "/>
</bind>
</comp>

<comp id="140" class="1004" name="bnn_top_int_const_unsigned_int_const_int_const_unsigned_int_const_int_co_218_gep_fu_140">
<pin_list>
<pin id="141" dir="0" index="0" bw="32" slack="0"/>
<pin id="142" dir="0" index="1" bw="1" slack="0"/>
<pin id="143" dir="0" index="2" bw="8" slack="0"/>
<pin id="144" dir="1" index="3" bw="8" slack="0"/>
</pin_list>
<bind>
<opcode="getelementptr(29) " fcode="getelementptr"/>
<opset="bnn_top_int_const_unsigned_int_const_int_const_unsigned_int_const_int_co_218/12 "/>
</bind>
</comp>

<comp id="147" class="1004" name="bnn_top_int_const_unsigned_int_const_int_const_unsigned_int_const_int_co_219_gep_fu_147">
<pin_list>
<pin id="148" dir="0" index="0" bw="32" slack="0"/>
<pin id="149" dir="0" index="1" bw="1" slack="0"/>
<pin id="150" dir="0" index="2" bw="8" slack="0"/>
<pin id="151" dir="1" index="3" bw="8" slack="0"/>
</pin_list>
<bind>
<opcode="getelementptr(29) " fcode="getelementptr"/>
<opset="bnn_top_int_const_unsigned_int_const_int_const_unsigned_int_const_int_co_219/12 "/>
</bind>
</comp>

<comp id="154" class="1004" name="bnn_top_int_const_unsigned_int_const_int_const_unsigned_int_const_int_co_220_gep_fu_154">
<pin_list>
<pin id="155" dir="0" index="0" bw="32" slack="0"/>
<pin id="156" dir="0" index="1" bw="1" slack="0"/>
<pin id="157" dir="0" index="2" bw="8" slack="0"/>
<pin id="158" dir="1" index="3" bw="8" slack="0"/>
</pin_list>
<bind>
<opcode="getelementptr(29) " fcode="getelementptr"/>
<opset="bnn_top_int_const_unsigned_int_const_int_const_unsigned_int_const_int_co_220/12 "/>
</bind>
</comp>

<comp id="161" class="1004" name="bnn_top_int_const_unsigned_int_const_int_const_unsigned_int_const_int_co_221_gep_fu_161">
<pin_list>
<pin id="162" dir="0" index="0" bw="32" slack="0"/>
<pin id="163" dir="0" index="1" bw="1" slack="0"/>
<pin id="164" dir="0" index="2" bw="8" slack="0"/>
<pin id="165" dir="1" index="3" bw="8" slack="0"/>
</pin_list>
<bind>
<opcode="getelementptr(29) " fcode="getelementptr"/>
<opset="bnn_top_int_const_unsigned_int_const_int_const_unsigned_int_const_int_co_221/12 "/>
</bind>
</comp>

<comp id="168" class="1004" name="bnn_top_int_const_unsigned_int_const_int_const_unsigned_int_const_int_co_222_gep_fu_168">
<pin_list>
<pin id="169" dir="0" index="0" bw="32" slack="0"/>
<pin id="170" dir="0" index="1" bw="1" slack="0"/>
<pin id="171" dir="0" index="2" bw="8" slack="0"/>
<pin id="172" dir="1" index="3" bw="8" slack="0"/>
</pin_list>
<bind>
<opcode="getelementptr(29) " fcode="getelementptr"/>
<opset="bnn_top_int_const_unsigned_int_const_int_const_unsigned_int_const_int_co_222/12 "/>
</bind>
</comp>

<comp id="175" class="1004" name="grp_access_fu_175">
<pin_list>
<pin id="176" dir="0" index="0" bw="8" slack="0"/>
<pin id="177" dir="0" index="1" bw="32" slack="2147483647"/>
<pin id="178" dir="0" index="2" bw="0" slack="0"/>
<pin id="180" dir="0" index="4" bw="8" slack="2147483647"/>
<pin id="181" dir="0" index="5" bw="32" slack="2147483647"/>
<pin id="182" dir="0" index="6" bw="0" slack="2147483647"/>
<pin id="179" dir="1" index="3" bw="32" slack="0"/>
<pin id="183" dir="1" index="7" bw="32" slack="0"/>
</pin_list>
<bind>
<opcode="load(27) " fcode="load"/>
<opset="bnn_top_int_const_unsigned_int_const_int_const_unsigned_int_const_int_co_223/12 bnn_top_int_const_unsigned_int_const_int_const_unsigned_int_const_int_co_233/12 bnn_top_int_const_unsigned_int_const_int_const_unsigned_int_const_int_co_243/13 bnn_top_int_const_unsigned_int_const_int_const_unsigned_int_const_int_co_253/13 "/>
</bind>
</comp>

<comp id="185" class="1004" name="grp_access_fu_185">
<pin_list>
<pin id="186" dir="0" index="0" bw="8" slack="0"/>
<pin id="187" dir="0" index="1" bw="32" slack="2147483647"/>
<pin id="188" dir="0" index="2" bw="0" slack="0"/>
<pin id="190" dir="0" index="4" bw="8" slack="2147483647"/>
<pin id="191" dir="0" index="5" bw="32" slack="2147483647"/>
<pin id="192" dir="0" index="6" bw="0" slack="2147483647"/>
<pin id="189" dir="1" index="3" bw="32" slack="0"/>
<pin id="193" dir="1" index="7" bw="32" slack="0"/>
</pin_list>
<bind>
<opcode="load(27) " fcode="load"/>
<opset="bnn_top_int_const_unsigned_int_const_int_const_unsigned_int_const_int_co_224/12 bnn_top_int_const_unsigned_int_const_int_const_unsigned_int_const_int_co_234/12 bnn_top_int_const_unsigned_int_const_int_const_unsigned_int_const_int_co_244/13 bnn_top_int_const_unsigned_int_const_int_const_unsigned_int_const_int_co_254/13 "/>
</bind>
</comp>

<comp id="195" class="1004" name="grp_access_fu_195">
<pin_list>
<pin id="196" dir="0" index="0" bw="8" slack="0"/>
<pin id="197" dir="0" index="1" bw="32" slack="2147483647"/>
<pin id="198" dir="0" index="2" bw="0" slack="0"/>
<pin id="200" dir="0" index="4" bw="8" slack="2147483647"/>
<pin id="201" dir="0" index="5" bw="32" slack="2147483647"/>
<pin id="202" dir="0" index="6" bw="0" slack="2147483647"/>
<pin id="199" dir="1" index="3" bw="32" slack="0"/>
<pin id="203" dir="1" index="7" bw="32" slack="0"/>
</pin_list>
<bind>
<opcode="load(27) " fcode="load"/>
<opset="bnn_top_int_const_unsigned_int_const_int_const_unsigned_int_const_int_co_225/12 bnn_top_int_const_unsigned_int_const_int_const_unsigned_int_const_int_co_235/12 bnn_top_int_const_unsigned_int_const_int_const_unsigned_int_const_int_co_245/13 bnn_top_int_const_unsigned_int_const_int_const_unsigned_int_const_int_co_255/13 "/>
</bind>
</comp>

<comp id="205" class="1004" name="grp_access_fu_205">
<pin_list>
<pin id="206" dir="0" index="0" bw="8" slack="0"/>
<pin id="207" dir="0" index="1" bw="32" slack="2147483647"/>
<pin id="208" dir="0" index="2" bw="0" slack="0"/>
<pin id="210" dir="0" index="4" bw="8" slack="2147483647"/>
<pin id="211" dir="0" index="5" bw="32" slack="2147483647"/>
<pin id="212" dir="0" index="6" bw="0" slack="2147483647"/>
<pin id="209" dir="1" index="3" bw="32" slack="0"/>
<pin id="213" dir="1" index="7" bw="32" slack="0"/>
</pin_list>
<bind>
<opcode="load(27) " fcode="load"/>
<opset="bnn_top_int_const_unsigned_int_const_int_const_unsigned_int_const_int_co_226/12 bnn_top_int_const_unsigned_int_const_int_const_unsigned_int_const_int_co_236/12 bnn_top_int_const_unsigned_int_const_int_const_unsigned_int_const_int_co_246/13 bnn_top_int_const_unsigned_int_const_int_const_unsigned_int_const_int_co_256/13 "/>
</bind>
</comp>

<comp id="215" class="1004" name="grp_access_fu_215">
<pin_list>
<pin id="216" dir="0" index="0" bw="8" slack="0"/>
<pin id="217" dir="0" index="1" bw="32" slack="2147483647"/>
<pin id="218" dir="0" index="2" bw="0" slack="0"/>
<pin id="220" dir="0" index="4" bw="8" slack="2147483647"/>
<pin id="221" dir="0" index="5" bw="32" slack="2147483647"/>
<pin id="222" dir="0" index="6" bw="0" slack="2147483647"/>
<pin id="219" dir="1" index="3" bw="32" slack="0"/>
<pin id="223" dir="1" index="7" bw="32" slack="0"/>
</pin_list>
<bind>
<opcode="load(27) " fcode="load"/>
<opset="bnn_top_int_const_unsigned_int_const_int_const_unsigned_int_const_int_co_227/12 bnn_top_int_const_unsigned_int_const_int_const_unsigned_int_const_int_co_237/12 bnn_top_int_const_unsigned_int_const_int_const_unsigned_int_const_int_co_247/13 bnn_top_int_const_unsigned_int_const_int_const_unsigned_int_const_int_co_257/13 "/>
</bind>
</comp>

<comp id="225" class="1004" name="bnn_top_int_const_unsigned_int_const_int_const_unsigned_int_const_int_co_228_gep_fu_225">
<pin_list>
<pin id="226" dir="0" index="0" bw="32" slack="0"/>
<pin id="227" dir="0" index="1" bw="1" slack="0"/>
<pin id="228" dir="0" index="2" bw="8" slack="0"/>
<pin id="229" dir="1" index="3" bw="8" slack="0"/>
</pin_list>
<bind>
<opcode="getelementptr(29) " fcode="getelementptr"/>
<opset="bnn_top_int_const_unsigned_int_const_int_const_unsigned_int_const_int_co_228/12 "/>
</bind>
</comp>

<comp id="232" class="1004" name="bnn_top_int_const_unsigned_int_const_int_const_unsigned_int_const_int_co_229_gep_fu_232">
<pin_list>
<pin id="233" dir="0" index="0" bw="32" slack="0"/>
<pin id="234" dir="0" index="1" bw="1" slack="0"/>
<pin id="235" dir="0" index="2" bw="8" slack="0"/>
<pin id="236" dir="1" index="3" bw="8" slack="0"/>
</pin_list>
<bind>
<opcode="getelementptr(29) " fcode="getelementptr"/>
<opset="bnn_top_int_const_unsigned_int_const_int_const_unsigned_int_const_int_co_229/12 "/>
</bind>
</comp>

<comp id="239" class="1004" name="bnn_top_int_const_unsigned_int_const_int_const_unsigned_int_const_int_co_230_gep_fu_239">
<pin_list>
<pin id="240" dir="0" index="0" bw="32" slack="0"/>
<pin id="241" dir="0" index="1" bw="1" slack="0"/>
<pin id="242" dir="0" index="2" bw="8" slack="0"/>
<pin id="243" dir="1" index="3" bw="8" slack="0"/>
</pin_list>
<bind>
<opcode="getelementptr(29) " fcode="getelementptr"/>
<opset="bnn_top_int_const_unsigned_int_const_int_const_unsigned_int_const_int_co_230/12 "/>
</bind>
</comp>

<comp id="246" class="1004" name="bnn_top_int_const_unsigned_int_const_int_const_unsigned_int_const_int_co_231_gep_fu_246">
<pin_list>
<pin id="247" dir="0" index="0" bw="32" slack="0"/>
<pin id="248" dir="0" index="1" bw="1" slack="0"/>
<pin id="249" dir="0" index="2" bw="8" slack="0"/>
<pin id="250" dir="1" index="3" bw="8" slack="0"/>
</pin_list>
<bind>
<opcode="getelementptr(29) " fcode="getelementptr"/>
<opset="bnn_top_int_const_unsigned_int_const_int_const_unsigned_int_const_int_co_231/12 "/>
</bind>
</comp>

<comp id="253" class="1004" name="bnn_top_int_const_unsigned_int_const_int_const_unsigned_int_const_int_co_232_gep_fu_253">
<pin_list>
<pin id="254" dir="0" index="0" bw="32" slack="0"/>
<pin id="255" dir="0" index="1" bw="1" slack="0"/>
<pin id="256" dir="0" index="2" bw="8" slack="0"/>
<pin id="257" dir="1" index="3" bw="8" slack="0"/>
</pin_list>
<bind>
<opcode="getelementptr(29) " fcode="getelementptr"/>
<opset="bnn_top_int_const_unsigned_int_const_int_const_unsigned_int_const_int_co_232/12 "/>
</bind>
</comp>

<comp id="265" class="1004" name="bnn_top_int_const_unsigned_int_const_int_const_unsigned_int_const_int_co_238_gep_fu_265">
<pin_list>
<pin id="266" dir="0" index="0" bw="32" slack="0"/>
<pin id="267" dir="0" index="1" bw="1" slack="0"/>
<pin id="268" dir="0" index="2" bw="8" slack="0"/>
<pin id="269" dir="1" index="3" bw="8" slack="0"/>
</pin_list>
<bind>
<opcode="getelementptr(29) " fcode="getelementptr"/>
<opset="bnn_top_int_const_unsigned_int_const_int_const_unsigned_int_const_int_co_238/13 "/>
</bind>
</comp>

<comp id="272" class="1004" name="bnn_top_int_const_unsigned_int_const_int_const_unsigned_int_const_int_co_239_gep_fu_272">
<pin_list>
<pin id="273" dir="0" index="0" bw="32" slack="0"/>
<pin id="274" dir="0" index="1" bw="1" slack="0"/>
<pin id="275" dir="0" index="2" bw="8" slack="0"/>
<pin id="276" dir="1" index="3" bw="8" slack="0"/>
</pin_list>
<bind>
<opcode="getelementptr(29) " fcode="getelementptr"/>
<opset="bnn_top_int_const_unsigned_int_const_int_const_unsigned_int_const_int_co_239/13 "/>
</bind>
</comp>

<comp id="279" class="1004" name="bnn_top_int_const_unsigned_int_const_int_const_unsigned_int_const_int_co_240_gep_fu_279">
<pin_list>
<pin id="280" dir="0" index="0" bw="32" slack="0"/>
<pin id="281" dir="0" index="1" bw="1" slack="0"/>
<pin id="282" dir="0" index="2" bw="8" slack="0"/>
<pin id="283" dir="1" index="3" bw="8" slack="0"/>
</pin_list>
<bind>
<opcode="getelementptr(29) " fcode="getelementptr"/>
<opset="bnn_top_int_const_unsigned_int_const_int_const_unsigned_int_const_int_co_240/13 "/>
</bind>
</comp>

<comp id="286" class="1004" name="bnn_top_int_const_unsigned_int_const_int_const_unsigned_int_const_int_co_241_gep_fu_286">
<pin_list>
<pin id="287" dir="0" index="0" bw="32" slack="0"/>
<pin id="288" dir="0" index="1" bw="1" slack="0"/>
<pin id="289" dir="0" index="2" bw="8" slack="0"/>
<pin id="290" dir="1" index="3" bw="8" slack="0"/>
</pin_list>
<bind>
<opcode="getelementptr(29) " fcode="getelementptr"/>
<opset="bnn_top_int_const_unsigned_int_const_int_const_unsigned_int_const_int_co_241/13 "/>
</bind>
</comp>

<comp id="293" class="1004" name="bnn_top_int_const_unsigned_int_const_int_const_unsigned_int_const_int_co_242_gep_fu_293">
<pin_list>
<pin id="294" dir="0" index="0" bw="32" slack="0"/>
<pin id="295" dir="0" index="1" bw="1" slack="0"/>
<pin id="296" dir="0" index="2" bw="8" slack="0"/>
<pin id="297" dir="1" index="3" bw="8" slack="0"/>
</pin_list>
<bind>
<opcode="getelementptr(29) " fcode="getelementptr"/>
<opset="bnn_top_int_const_unsigned_int_const_int_const_unsigned_int_const_int_co_242/13 "/>
</bind>
</comp>

<comp id="305" class="1004" name="bnn_top_int_const_unsigned_int_const_int_const_unsigned_int_const_int_co_248_gep_fu_305">
<pin_list>
<pin id="306" dir="0" index="0" bw="32" slack="0"/>
<pin id="307" dir="0" index="1" bw="1" slack="0"/>
<pin id="308" dir="0" index="2" bw="8" slack="0"/>
<pin id="309" dir="1" index="3" bw="8" slack="0"/>
</pin_list>
<bind>
<opcode="getelementptr(29) " fcode="getelementptr"/>
<opset="bnn_top_int_const_unsigned_int_const_int_const_unsigned_int_const_int_co_248/13 "/>
</bind>
</comp>

<comp id="312" class="1004" name="bnn_top_int_const_unsigned_int_const_int_const_unsigned_int_const_int_co_249_gep_fu_312">
<pin_list>
<pin id="313" dir="0" index="0" bw="32" slack="0"/>
<pin id="314" dir="0" index="1" bw="1" slack="0"/>
<pin id="315" dir="0" index="2" bw="8" slack="0"/>
<pin id="316" dir="1" index="3" bw="8" slack="0"/>
</pin_list>
<bind>
<opcode="getelementptr(29) " fcode="getelementptr"/>
<opset="bnn_top_int_const_unsigned_int_const_int_const_unsigned_int_const_int_co_249/13 "/>
</bind>
</comp>

<comp id="319" class="1004" name="bnn_top_int_const_unsigned_int_const_int_const_unsigned_int_const_int_co_250_gep_fu_319">
<pin_list>
<pin id="320" dir="0" index="0" bw="32" slack="0"/>
<pin id="321" dir="0" index="1" bw="1" slack="0"/>
<pin id="322" dir="0" index="2" bw="8" slack="0"/>
<pin id="323" dir="1" index="3" bw="8" slack="0"/>
</pin_list>
<bind>
<opcode="getelementptr(29) " fcode="getelementptr"/>
<opset="bnn_top_int_const_unsigned_int_const_int_const_unsigned_int_const_int_co_250/13 "/>
</bind>
</comp>

<comp id="326" class="1004" name="bnn_top_int_const_unsigned_int_const_int_const_unsigned_int_const_int_co_251_gep_fu_326">
<pin_list>
<pin id="327" dir="0" index="0" bw="32" slack="0"/>
<pin id="328" dir="0" index="1" bw="1" slack="0"/>
<pin id="329" dir="0" index="2" bw="8" slack="0"/>
<pin id="330" dir="1" index="3" bw="8" slack="0"/>
</pin_list>
<bind>
<opcode="getelementptr(29) " fcode="getelementptr"/>
<opset="bnn_top_int_const_unsigned_int_const_int_const_unsigned_int_const_int_co_251/13 "/>
</bind>
</comp>

<comp id="333" class="1004" name="bnn_top_int_const_unsigned_int_const_int_const_unsigned_int_const_int_co_252_gep_fu_333">
<pin_list>
<pin id="334" dir="0" index="0" bw="32" slack="0"/>
<pin id="335" dir="0" index="1" bw="1" slack="0"/>
<pin id="336" dir="0" index="2" bw="8" slack="0"/>
<pin id="337" dir="1" index="3" bw="8" slack="0"/>
</pin_list>
<bind>
<opcode="getelementptr(29) " fcode="getelementptr"/>
<opset="bnn_top_int_const_unsigned_int_const_int_const_unsigned_int_const_int_co_252/13 "/>
</bind>
</comp>

<comp id="345" class="1004" name="bnn_top_int_const_unsigned_int_const_int_const_unsigned_int_const_int_co_258_gep_fu_345">
<pin_list>
<pin id="346" dir="0" index="0" bw="1" slack="0"/>
<pin id="347" dir="0" index="1" bw="1" slack="0"/>
<pin id="348" dir="0" index="2" bw="10" slack="0"/>
<pin id="349" dir="1" index="3" bw="10" slack="0"/>
</pin_list>
<bind>
<opcode="getelementptr(29) " fcode="getelementptr"/>
<opset="bnn_top_int_const_unsigned_int_const_int_const_unsigned_int_const_int_co_258/14 "/>
</bind>
</comp>

<comp id="352" class="1004" name="bnn_top_int_const_unsigned_int_const_int_const_unsigned_int_const_int_co_259_gep_fu_352">
<pin_list>
<pin id="353" dir="0" index="0" bw="1" slack="0"/>
<pin id="354" dir="0" index="1" bw="1" slack="0"/>
<pin id="355" dir="0" index="2" bw="10" slack="0"/>
<pin id="356" dir="1" index="3" bw="10" slack="0"/>
</pin_list>
<bind>
<opcode="getelementptr(29) " fcode="getelementptr"/>
<opset="bnn_top_int_const_unsigned_int_const_int_const_unsigned_int_const_int_co_259/14 "/>
</bind>
</comp>

<comp id="359" class="1004" name="bnn_top_int_const_unsigned_int_const_int_const_unsigned_int_const_int_co_260_gep_fu_359">
<pin_list>
<pin id="360" dir="0" index="0" bw="1" slack="0"/>
<pin id="361" dir="0" index="1" bw="1" slack="0"/>
<pin id="362" dir="0" index="2" bw="10" slack="0"/>
<pin id="363" dir="1" index="3" bw="10" slack="0"/>
</pin_list>
<bind>
<opcode="getelementptr(29) " fcode="getelementptr"/>
<opset="bnn_top_int_const_unsigned_int_const_int_const_unsigned_int_const_int_co_260/14 "/>
</bind>
</comp>

<comp id="366" class="1004" name="bnn_top_int_const_unsigned_int_const_int_const_unsigned_int_const_int_co_261_gep_fu_366">
<pin_list>
<pin id="367" dir="0" index="0" bw="1" slack="0"/>
<pin id="368" dir="0" index="1" bw="1" slack="0"/>
<pin id="369" dir="0" index="2" bw="10" slack="0"/>
<pin id="370" dir="1" index="3" bw="10" slack="0"/>
</pin_list>
<bind>
<opcode="getelementptr(29) " fcode="getelementptr"/>
<opset="bnn_top_int_const_unsigned_int_const_int_const_unsigned_int_const_int_co_261/14 "/>
</bind>
</comp>

<comp id="373" class="1004" name="bnn_top_int_const_unsigned_int_const_int_const_unsigned_int_const_int_co_262_gep_fu_373">
<pin_list>
<pin id="374" dir="0" index="0" bw="1" slack="0"/>
<pin id="375" dir="0" index="1" bw="1" slack="0"/>
<pin id="376" dir="0" index="2" bw="10" slack="0"/>
<pin id="377" dir="1" index="3" bw="10" slack="0"/>
</pin_list>
<bind>
<opcode="getelementptr(29) " fcode="getelementptr"/>
<opset="bnn_top_int_const_unsigned_int_const_int_const_unsigned_int_const_int_co_262/14 "/>
</bind>
</comp>

<comp id="380" class="1004" name="bnn_top_int_const_unsigned_int_const_int_const_unsigned_int_const_int_co_263_gep_fu_380">
<pin_list>
<pin id="381" dir="0" index="0" bw="1" slack="0"/>
<pin id="382" dir="0" index="1" bw="1" slack="0"/>
<pin id="383" dir="0" index="2" bw="10" slack="0"/>
<pin id="384" dir="1" index="3" bw="10" slack="0"/>
</pin_list>
<bind>
<opcode="getelementptr(29) " fcode="getelementptr"/>
<opset="bnn_top_int_const_unsigned_int_const_int_const_unsigned_int_const_int_co_263/14 "/>
</bind>
</comp>

<comp id="387" class="1004" name="bnn_top_int_const_unsigned_int_const_int_const_unsigned_int_const_int_co_264_gep_fu_387">
<pin_list>
<pin id="388" dir="0" index="0" bw="1" slack="0"/>
<pin id="389" dir="0" index="1" bw="1" slack="0"/>
<pin id="390" dir="0" index="2" bw="10" slack="0"/>
<pin id="391" dir="1" index="3" bw="10" slack="0"/>
</pin_list>
<bind>
<opcode="getelementptr(29) " fcode="getelementptr"/>
<opset="bnn_top_int_const_unsigned_int_const_int_const_unsigned_int_const_int_co_264/14 "/>
</bind>
</comp>

<comp id="394" class="1004" name="bnn_top_int_const_unsigned_int_const_int_const_unsigned_int_const_int_co_265_gep_fu_394">
<pin_list>
<pin id="395" dir="0" index="0" bw="1" slack="0"/>
<pin id="396" dir="0" index="1" bw="1" slack="0"/>
<pin id="397" dir="0" index="2" bw="10" slack="0"/>
<pin id="398" dir="1" index="3" bw="10" slack="0"/>
</pin_list>
<bind>
<opcode="getelementptr(29) " fcode="getelementptr"/>
<opset="bnn_top_int_const_unsigned_int_const_int_const_unsigned_int_const_int_co_265/14 "/>
</bind>
</comp>

<comp id="401" class="1004" name="store_ln73_access_fu_401">
<pin_list>
<pin id="402" dir="0" index="0" bw="10" slack="0"/>
<pin id="403" dir="0" index="1" bw="1" slack="0"/>
<pin id="404" dir="0" index="2" bw="0" slack="2147483647"/>
<pin id="405" dir="1" index="3" bw="1" slack="2147483647"/>
</pin_list>
<bind>
<opcode="store(28) " fcode="store"/>
<opset="store_ln73/14 "/>
</bind>
</comp>

<comp id="407" class="1004" name="store_ln73_access_fu_407">
<pin_list>
<pin id="408" dir="0" index="0" bw="10" slack="0"/>
<pin id="409" dir="0" index="1" bw="1" slack="0"/>
<pin id="410" dir="0" index="2" bw="0" slack="2147483647"/>
<pin id="411" dir="1" index="3" bw="1" slack="2147483647"/>
</pin_list>
<bind>
<opcode="store(28) " fcode="store"/>
<opset="store_ln73/14 "/>
</bind>
</comp>

<comp id="413" class="1004" name="store_ln73_access_fu_413">
<pin_list>
<pin id="414" dir="0" index="0" bw="10" slack="0"/>
<pin id="415" dir="0" index="1" bw="1" slack="0"/>
<pin id="416" dir="0" index="2" bw="0" slack="2147483647"/>
<pin id="417" dir="1" index="3" bw="1" slack="2147483647"/>
</pin_list>
<bind>
<opcode="store(28) " fcode="store"/>
<opset="store_ln73/14 "/>
</bind>
</comp>

<comp id="419" class="1004" name="store_ln73_access_fu_419">
<pin_list>
<pin id="420" dir="0" index="0" bw="10" slack="0"/>
<pin id="421" dir="0" index="1" bw="1" slack="0"/>
<pin id="422" dir="0" index="2" bw="0" slack="2147483647"/>
<pin id="423" dir="1" index="3" bw="1" slack="2147483647"/>
</pin_list>
<bind>
<opcode="store(28) " fcode="store"/>
<opset="store_ln73/14 "/>
</bind>
</comp>

<comp id="425" class="1004" name="store_ln73_access_fu_425">
<pin_list>
<pin id="426" dir="0" index="0" bw="10" slack="0"/>
<pin id="427" dir="0" index="1" bw="1" slack="0"/>
<pin id="428" dir="0" index="2" bw="0" slack="2147483647"/>
<pin id="429" dir="1" index="3" bw="1" slack="2147483647"/>
</pin_list>
<bind>
<opcode="store(28) " fcode="store"/>
<opset="store_ln73/14 "/>
</bind>
</comp>

<comp id="431" class="1004" name="store_ln73_access_fu_431">
<pin_list>
<pin id="432" dir="0" index="0" bw="10" slack="0"/>
<pin id="433" dir="0" index="1" bw="1" slack="0"/>
<pin id="434" dir="0" index="2" bw="0" slack="2147483647"/>
<pin id="435" dir="1" index="3" bw="1" slack="2147483647"/>
</pin_list>
<bind>
<opcode="store(28) " fcode="store"/>
<opset="store_ln73/14 "/>
</bind>
</comp>

<comp id="437" class="1004" name="store_ln73_access_fu_437">
<pin_list>
<pin id="438" dir="0" index="0" bw="10" slack="0"/>
<pin id="439" dir="0" index="1" bw="1" slack="0"/>
<pin id="440" dir="0" index="2" bw="0" slack="2147483647"/>
<pin id="441" dir="1" index="3" bw="1" slack="2147483647"/>
</pin_list>
<bind>
<opcode="store(28) " fcode="store"/>
<opset="store_ln73/14 "/>
</bind>
</comp>

<comp id="443" class="1004" name="store_ln73_access_fu_443">
<pin_list>
<pin id="444" dir="0" index="0" bw="10" slack="0"/>
<pin id="445" dir="0" index="1" bw="1" slack="0"/>
<pin id="446" dir="0" index="2" bw="0" slack="2147483647"/>
<pin id="447" dir="1" index="3" bw="1" slack="2147483647"/>
</pin_list>
<bind>
<opcode="store(28) " fcode="store"/>
<opset="store_ln73/14 "/>
</bind>
</comp>

<comp id="449" class="1004" name="store_ln0_store_fu_449">
<pin_list>
<pin id="450" dir="0" index="0" bw="1" slack="0"/>
<pin id="451" dir="0" index="1" bw="9" slack="0"/>
<pin id="452" dir="1" index="2" bw="0" slack="2147483647"/>
</pin_list>
<bind>
<opcode="store(28) " fcode="store"/>
<opset="store_ln0/1 "/>
</bind>
</comp>

<comp id="454" class="1004" name="store_ln65_store_fu_454">
<pin_list>
<pin id="455" dir="0" index="0" bw="1" slack="0"/>
<pin id="456" dir="0" index="1" bw="5" slack="0"/>
<pin id="457" dir="1" index="2" bw="0" slack="2147483647"/>
</pin_list>
<bind>
<opcode="store(28) " fcode="store"/>
<opset="store_ln65/1 "/>
</bind>
</comp>

<comp id="459" class="1004" name="store_ln66_store_fu_459">
<pin_list>
<pin id="460" dir="0" index="0" bw="1" slack="0"/>
<pin id="461" dir="0" index="1" bw="5" slack="0"/>
<pin id="462" dir="1" index="2" bw="0" slack="2147483647"/>
</pin_list>
<bind>
<opcode="store(28) " fcode="store"/>
<opset="store_ln66/1 "/>
</bind>
</comp>

<comp id="464" class="1004" name="indvar_flatten6_load_load_fu_464">
<pin_list>
<pin id="465" dir="0" index="0" bw="9" slack="0"/>
<pin id="466" dir="1" index="1" bw="9" slack="0"/>
</pin_list>
<bind>
<opcode="load(27) " fcode="load"/>
<opset="indvar_flatten6_load/1 "/>
</bind>
</comp>

<comp id="467" class="1004" name="icmp_ln65_fu_467">
<pin_list>
<pin id="468" dir="0" index="0" bw="9" slack="0"/>
<pin id="469" dir="0" index="1" bw="9" slack="0"/>
<pin id="470" dir="1" index="2" bw="1" slack="12"/>
</pin_list>
<bind>
<opcode="icmp(45) " fcode="icmp"/>
<opset="icmp_ln65/1 "/>
</bind>
</comp>

<comp id="473" class="1004" name="add_ln65_fu_473">
<pin_list>
<pin id="474" dir="0" index="0" bw="9" slack="0"/>
<pin id="475" dir="0" index="1" bw="1" slack="0"/>
<pin id="476" dir="1" index="2" bw="9" slack="0"/>
</pin_list>
<bind>
<opcode="add(8) " fcode="add"/>
<opset="add_ln65/1 "/>
</bind>
</comp>

<comp id="479" class="1004" name="pw_load_load_fu_479">
<pin_list>
<pin id="480" dir="0" index="0" bw="5" slack="0"/>
<pin id="481" dir="1" index="1" bw="5" slack="0"/>
</pin_list>
<bind>
<opcode="load(27) " fcode="load"/>
<opset="pw_load/1 "/>
</bind>
</comp>

<comp id="482" class="1004" name="ph_load_load_fu_482">
<pin_list>
<pin id="483" dir="0" index="0" bw="5" slack="0"/>
<pin id="484" dir="1" index="1" bw="5" slack="0"/>
</pin_list>
<bind>
<opcode="load(27) " fcode="load"/>
<opset="ph_load/1 "/>
</bind>
</comp>

<comp id="485" class="1004" name="icmp_ln66_fu_485">
<pin_list>
<pin id="486" dir="0" index="0" bw="5" slack="0"/>
<pin id="487" dir="0" index="1" bw="5" slack="0"/>
<pin id="488" dir="1" index="2" bw="1" slack="0"/>
</pin_list>
<bind>
<opcode="icmp(45) " fcode="icmp"/>
<opset="icmp_ln66/1 "/>
</bind>
</comp>

<comp id="491" class="1004" name="select_ln65_fu_491">
<pin_list>
<pin id="492" dir="0" index="0" bw="1" slack="0"/>
<pin id="493" dir="0" index="1" bw="5" slack="0"/>
<pin id="494" dir="0" index="2" bw="5" slack="0"/>
<pin id="495" dir="1" index="3" bw="5" slack="0"/>
</pin_list>
<bind>
<opcode="select(49) " fcode="select"/>
<opset="select_ln65/1 "/>
</bind>
</comp>

<comp id="499" class="1004" name="add_ln65_1_fu_499">
<pin_list>
<pin id="500" dir="0" index="0" bw="5" slack="0"/>
<pin id="501" dir="0" index="1" bw="1" slack="0"/>
<pin id="502" dir="1" index="2" bw="5" slack="0"/>
</pin_list>
<bind>
<opcode="add(8) " fcode="add"/>
<opset="add_ln65_1/1 "/>
</bind>
</comp>

<comp id="505" class="1004" name="select_ln65_1_fu_505">
<pin_list>
<pin id="506" dir="0" index="0" bw="1" slack="0"/>
<pin id="507" dir="0" index="1" bw="5" slack="0"/>
<pin id="508" dir="0" index="2" bw="5" slack="0"/>
<pin id="509" dir="1" index="3" bw="5" slack="0"/>
</pin_list>
<bind>
<opcode="select(49) " fcode="select"/>
<opset="select_ln65_1/1 "/>
</bind>
</comp>

<comp id="513" class="1004" name="trunc_ln68_fu_513">
<pin_list>
<pin id="514" dir="0" index="0" bw="5" slack="0"/>
<pin id="515" dir="1" index="1" bw="4" slack="0"/>
</pin_list>
<bind>
<opcode="trunc(33) " fcode="trunc"/>
<opset="trunc_ln68/1 "/>
</bind>
</comp>

<comp id="517" class="1004" name="shl_ln5_fu_517">
<pin_list>
<pin id="518" dir="0" index="0" bw="6" slack="0"/>
<pin id="519" dir="0" index="1" bw="4" slack="0"/>
<pin id="520" dir="0" index="2" bw="1" slack="0"/>
<pin id="521" dir="1" index="3" bw="6" slack="0"/>
</pin_list>
<bind>
<opcode="bitconcatenate(1004) " fcode="bitconcatenate"/>
<opset="shl_ln5/1 "/>
</bind>
</comp>

<comp id="525" class="1004" name="zext_ln68_fu_525">
<pin_list>
<pin id="526" dir="0" index="0" bw="6" slack="0"/>
<pin id="527" dir="1" index="1" bw="7" slack="0"/>
</pin_list>
<bind>
<opcode="zext(34) " fcode="zext"/>
<opset="zext_ln68/1 "/>
</bind>
</comp>

<comp id="529" class="1004" name="trunc_ln66_fu_529">
<pin_list>
<pin id="530" dir="0" index="0" bw="5" slack="0"/>
<pin id="531" dir="1" index="1" bw="3" slack="0"/>
</pin_list>
<bind>
<opcode="trunc(33) " fcode="trunc"/>
<opset="trunc_ln66/1 "/>
</bind>
</comp>

<comp id="533" class="1004" name="trunc_ln68_1_fu_533">
<pin_list>
<pin id="534" dir="0" index="0" bw="5" slack="0"/>
<pin id="535" dir="1" index="1" bw="4" slack="11"/>
</pin_list>
<bind>
<opcode="trunc(33) " fcode="trunc"/>
<opset="trunc_ln68_1/1 "/>
</bind>
</comp>

<comp id="537" class="1004" name="shl_ln68_fu_537">
<pin_list>
<pin id="538" dir="0" index="0" bw="5" slack="0"/>
<pin id="539" dir="0" index="1" bw="1" slack="0"/>
<pin id="540" dir="1" index="2" bw="5" slack="0"/>
</pin_list>
<bind>
<opcode="shl(20) " fcode="shl"/>
<opset="shl_ln68/1 "/>
</bind>
</comp>

<comp id="543" class="1004" name="zext_ln68_1_fu_543">
<pin_list>
<pin id="544" dir="0" index="0" bw="5" slack="0"/>
<pin id="545" dir="1" index="1" bw="7" slack="0"/>
</pin_list>
<bind>
<opcode="zext(34) " fcode="zext"/>
<opset="zext_ln68_1/1 "/>
</bind>
</comp>

<comp id="547" class="1004" name="add_ln68_fu_547">
<pin_list>
<pin id="548" dir="0" index="0" bw="5" slack="0"/>
<pin id="549" dir="0" index="1" bw="6" slack="0"/>
<pin id="550" dir="1" index="2" bw="7" slack="0"/>
</pin_list>
<bind>
<opcode="add(8) " fcode="add"/>
<opset="add_ln68/1 "/>
</bind>
</comp>

<comp id="553" class="1004" name="zext_ln68_2_fu_553">
<pin_list>
<pin id="554" dir="0" index="0" bw="7" slack="0"/>
<pin id="555" dir="1" index="1" bw="10" slack="0"/>
</pin_list>
<bind>
<opcode="zext(34) " fcode="zext"/>
<opset="zext_ln68_2/1 "/>
</bind>
</comp>

<comp id="557" class="1004" name="p_shl_fu_557">
<pin_list>
<pin id="558" dir="0" index="0" bw="10" slack="0"/>
<pin id="559" dir="0" index="1" bw="4" slack="0"/>
<pin id="560" dir="0" index="2" bw="1" slack="0"/>
<pin id="561" dir="1" index="3" bw="10" slack="0"/>
</pin_list>
<bind>
<opcode="bitconcatenate(1004) " fcode="bitconcatenate"/>
<opset="p_shl/1 "/>
</bind>
</comp>

<comp id="565" class="1004" name="tmp_26_fu_565">
<pin_list>
<pin id="566" dir="0" index="0" bw="7" slack="0"/>
<pin id="567" dir="0" index="1" bw="5" slack="0"/>
<pin id="568" dir="0" index="2" bw="1" slack="0"/>
<pin id="569" dir="1" index="3" bw="7" slack="0"/>
</pin_list>
<bind>
<opcode="bitconcatenate(1004) " fcode="bitconcatenate"/>
<opset="tmp_26/1 "/>
</bind>
</comp>

<comp id="573" class="1004" name="zext_ln68_3_fu_573">
<pin_list>
<pin id="574" dir="0" index="0" bw="7" slack="0"/>
<pin id="575" dir="1" index="1" bw="10" slack="0"/>
</pin_list>
<bind>
<opcode="zext(34) " fcode="zext"/>
<opset="zext_ln68_3/1 "/>
</bind>
</comp>

<comp id="577" class="1004" name="sub_ln68_fu_577">
<pin_list>
<pin id="578" dir="0" index="0" bw="10" slack="0"/>
<pin id="579" dir="0" index="1" bw="7" slack="0"/>
<pin id="580" dir="1" index="2" bw="10" slack="0"/>
</pin_list>
<bind>
<opcode="sub(10) " fcode="sub"/>
<opset="sub_ln68/1 "/>
</bind>
</comp>

<comp id="583" class="1004" name="add_ln68_1_fu_583">
<pin_list>
<pin id="584" dir="0" index="0" bw="7" slack="0"/>
<pin id="585" dir="0" index="1" bw="10" slack="0"/>
<pin id="586" dir="1" index="2" bw="10" slack="0"/>
</pin_list>
<bind>
<opcode="add(8) " fcode="add"/>
<opset="add_ln68_1/1 "/>
</bind>
</comp>

<comp id="589" class="1004" name="zext_ln68_5_fu_589">
<pin_list>
<pin id="590" dir="0" index="0" bw="10" slack="0"/>
<pin id="591" dir="1" index="1" bw="21" slack="0"/>
</pin_list>
<bind>
<opcode="zext(34) " fcode="zext"/>
<opset="zext_ln68_5/1 "/>
</bind>
</comp>

<comp id="593" class="1004" name="mul_ln68_fu_593">
<pin_list>
<pin id="594" dir="0" index="0" bw="10" slack="0"/>
<pin id="595" dir="0" index="1" bw="12" slack="0"/>
<pin id="596" dir="1" index="2" bw="21" slack="0"/>
</pin_list>
<bind>
<opcode="mul(12) " fcode="mul"/>
<opset="mul_ln68/1 "/>
</bind>
</comp>

<comp id="599" class="1004" name="tmp_27_fu_599">
<pin_list>
<pin id="600" dir="0" index="0" bw="8" slack="0"/>
<pin id="601" dir="0" index="1" bw="21" slack="0"/>
<pin id="602" dir="0" index="2" bw="5" slack="0"/>
<pin id="603" dir="0" index="3" bw="6" slack="0"/>
<pin id="604" dir="1" index="4" bw="8" slack="11"/>
</pin_list>
<bind>
<opcode="partselect(1002) " fcode="partselect"/>
<opset="tmp_27/1 "/>
</bind>
</comp>

<comp id="609" class="1004" name="grp_fu_609">
<pin_list>
<pin id="610" dir="0" index="0" bw="7" slack="0"/>
<pin id="611" dir="0" index="1" bw="4" slack="0"/>
<pin id="612" dir="1" index="2" bw="3" slack="0"/>
</pin_list>
<bind>
<opcode="urem(17) " fcode="urem"/>
<opset="urem_ln68/1 "/>
</bind>
</comp>

<comp id="615" class="1004" name="tmp_31_fu_615">
<pin_list>
<pin id="616" dir="0" index="0" bw="1" slack="0"/>
<pin id="617" dir="0" index="1" bw="5" slack="0"/>
<pin id="618" dir="0" index="2" bw="3" slack="0"/>
<pin id="619" dir="1" index="3" bw="1" slack="13"/>
</pin_list>
<bind>
<opcode="bitselect(1000) " fcode="bitselect"/>
<opset="tmp_31/1 "/>
</bind>
</comp>

<comp id="623" class="1004" name="switch_ln73_fu_623">
<pin_list>
<pin id="624" dir="0" index="0" bw="3" slack="0"/>
<pin id="625" dir="0" index="1" bw="1" slack="0"/>
<pin id="626" dir="0" index="2" bw="1" slack="0"/>
<pin id="627" dir="0" index="3" bw="3" slack="0"/>
<pin id="628" dir="0" index="4" bw="3" slack="0"/>
<pin id="629" dir="0" index="5" bw="3" slack="0"/>
<pin id="630" dir="0" index="6" bw="3" slack="0"/>
<pin id="631" dir="0" index="7" bw="2" slack="0"/>
<pin id="632" dir="1" index="8" bw="0" slack="2147483647"/>
</pin_list>
<bind>
<opcode="switch(3) " fcode="switch"/>
<opset="switch_ln73/1 "/>
</bind>
</comp>

<comp id="641" class="1004" name="add_ln66_fu_641">
<pin_list>
<pin id="642" dir="0" index="0" bw="5" slack="0"/>
<pin id="643" dir="0" index="1" bw="1" slack="0"/>
<pin id="644" dir="1" index="2" bw="5" slack="0"/>
</pin_list>
<bind>
<opcode="add(8) " fcode="add"/>
<opset="add_ln66/1 "/>
</bind>
</comp>

<comp id="647" class="1004" name="store_ln65_store_fu_647">
<pin_list>
<pin id="648" dir="0" index="0" bw="9" slack="0"/>
<pin id="649" dir="0" index="1" bw="9" slack="0"/>
<pin id="650" dir="1" index="2" bw="0" slack="2147483647"/>
</pin_list>
<bind>
<opcode="store(28) " fcode="store"/>
<opset="store_ln65/1 "/>
</bind>
</comp>

<comp id="652" class="1004" name="store_ln65_store_fu_652">
<pin_list>
<pin id="653" dir="0" index="0" bw="5" slack="0"/>
<pin id="654" dir="0" index="1" bw="5" slack="0"/>
<pin id="655" dir="1" index="2" bw="0" slack="2147483647"/>
</pin_list>
<bind>
<opcode="store(28) " fcode="store"/>
<opset="store_ln65/1 "/>
</bind>
</comp>

<comp id="657" class="1004" name="store_ln66_store_fu_657">
<pin_list>
<pin id="658" dir="0" index="0" bw="5" slack="0"/>
<pin id="659" dir="0" index="1" bw="5" slack="0"/>
<pin id="660" dir="1" index="2" bw="0" slack="2147483647"/>
</pin_list>
<bind>
<opcode="store(28) " fcode="store"/>
<opset="store_ln66/1 "/>
</bind>
</comp>

<comp id="662" class="1004" name="trunc_ln68_2_fu_662">
<pin_list>
<pin id="663" dir="0" index="0" bw="3" slack="0"/>
<pin id="664" dir="1" index="1" bw="3" slack="1"/>
</pin_list>
<bind>
<opcode="trunc(33) " fcode="trunc"/>
<opset="trunc_ln68_2/11 "/>
</bind>
</comp>

<comp id="666" class="1004" name="zext_ln68_4_fu_666">
<pin_list>
<pin id="667" dir="0" index="0" bw="8" slack="11"/>
<pin id="668" dir="1" index="1" bw="64" slack="0"/>
</pin_list>
<bind>
<opcode="zext(34) " fcode="zext"/>
<opset="zext_ln68_4/12 "/>
</bind>
</comp>

<comp id="674" class="1004" name="add_ln_fu_674">
<pin_list>
<pin id="675" dir="0" index="0" bw="10" slack="0"/>
<pin id="676" dir="0" index="1" bw="4" slack="11"/>
<pin id="677" dir="0" index="2" bw="1" slack="0"/>
<pin id="678" dir="0" index="3" bw="4" slack="11"/>
<pin id="679" dir="0" index="4" bw="1" slack="0"/>
<pin id="680" dir="1" index="5" bw="10" slack="0"/>
</pin_list>
<bind>
<opcode="bitconcatenate(1004) " fcode="bitconcatenate"/>
<opset="add_ln/12 "/>
</bind>
</comp>

<comp id="684" class="1004" name="zext_ln69_1_fu_684">
<pin_list>
<pin id="685" dir="0" index="0" bw="10" slack="0"/>
<pin id="686" dir="1" index="1" bw="21" slack="0"/>
</pin_list>
<bind>
<opcode="zext(34) " fcode="zext"/>
<opset="zext_ln69_1/12 "/>
</bind>
</comp>

<comp id="688" class="1004" name="mul_ln69_fu_688">
<pin_list>
<pin id="689" dir="0" index="0" bw="10" slack="0"/>
<pin id="690" dir="0" index="1" bw="12" slack="0"/>
<pin id="691" dir="1" index="2" bw="21" slack="0"/>
</pin_list>
<bind>
<opcode="mul(12) " fcode="mul"/>
<opset="mul_ln69/12 "/>
</bind>
</comp>

<comp id="694" class="1004" name="tmp_28_fu_694">
<pin_list>
<pin id="695" dir="0" index="0" bw="8" slack="0"/>
<pin id="696" dir="0" index="1" bw="21" slack="0"/>
<pin id="697" dir="0" index="2" bw="5" slack="0"/>
<pin id="698" dir="0" index="3" bw="6" slack="0"/>
<pin id="699" dir="1" index="4" bw="8" slack="0"/>
</pin_list>
<bind>
<opcode="partselect(1002) " fcode="partselect"/>
<opset="tmp_28/12 "/>
</bind>
</comp>

<comp id="704" class="1004" name="zext_ln69_fu_704">
<pin_list>
<pin id="705" dir="0" index="0" bw="8" slack="0"/>
<pin id="706" dir="1" index="1" bw="64" slack="0"/>
</pin_list>
<bind>
<opcode="zext(34) " fcode="zext"/>
<opset="zext_ln69/12 "/>
</bind>
</comp>

<comp id="713" class="1004" name="s0_fu_713">
<pin_list>
<pin id="714" dir="0" index="0" bw="32" slack="0"/>
<pin id="715" dir="0" index="1" bw="3" slack="0"/>
<pin id="716" dir="0" index="2" bw="32" slack="0"/>
<pin id="717" dir="0" index="3" bw="3" slack="0"/>
<pin id="718" dir="0" index="4" bw="32" slack="0"/>
<pin id="719" dir="0" index="5" bw="3" slack="0"/>
<pin id="720" dir="0" index="6" bw="32" slack="0"/>
<pin id="721" dir="0" index="7" bw="3" slack="0"/>
<pin id="722" dir="0" index="8" bw="32" slack="0"/>
<pin id="723" dir="0" index="9" bw="3" slack="0"/>
<pin id="724" dir="0" index="10" bw="32" slack="0"/>
<pin id="725" dir="0" index="11" bw="32" slack="0"/>
<pin id="726" dir="0" index="12" bw="3" slack="2"/>
<pin id="727" dir="1" index="13" bw="32" slack="0"/>
</pin_list>
<bind>
<opcode="sparsemux(1197) " fcode="sparsemux"/>
<opset="s0/13 "/>
</bind>
</comp>

<comp id="740" class="1004" name="s1_fu_740">
<pin_list>
<pin id="741" dir="0" index="0" bw="32" slack="0"/>
<pin id="742" dir="0" index="1" bw="3" slack="0"/>
<pin id="743" dir="0" index="2" bw="32" slack="0"/>
<pin id="744" dir="0" index="3" bw="3" slack="0"/>
<pin id="745" dir="0" index="4" bw="32" slack="0"/>
<pin id="746" dir="0" index="5" bw="3" slack="0"/>
<pin id="747" dir="0" index="6" bw="32" slack="0"/>
<pin id="748" dir="0" index="7" bw="3" slack="0"/>
<pin id="749" dir="0" index="8" bw="32" slack="0"/>
<pin id="750" dir="0" index="9" bw="3" slack="0"/>
<pin id="751" dir="0" index="10" bw="32" slack="0"/>
<pin id="752" dir="0" index="11" bw="32" slack="0"/>
<pin id="753" dir="0" index="12" bw="3" slack="2"/>
<pin id="754" dir="1" index="13" bw="32" slack="0"/>
</pin_list>
<bind>
<opcode="sparsemux(1197) " fcode="sparsemux"/>
<opset="s1/13 "/>
</bind>
</comp>

<comp id="767" class="1004" name="add_ln1_fu_767">
<pin_list>
<pin id="768" dir="0" index="0" bw="10" slack="0"/>
<pin id="769" dir="0" index="1" bw="4" slack="12"/>
<pin id="770" dir="0" index="2" bw="1" slack="0"/>
<pin id="771" dir="0" index="3" bw="4" slack="12"/>
<pin id="772" dir="0" index="4" bw="1" slack="0"/>
<pin id="773" dir="1" index="5" bw="10" slack="0"/>
</pin_list>
<bind>
<opcode="bitconcatenate(1004) " fcode="bitconcatenate"/>
<opset="add_ln1/13 "/>
</bind>
</comp>

<comp id="777" class="1004" name="zext_ln70_1_fu_777">
<pin_list>
<pin id="778" dir="0" index="0" bw="10" slack="0"/>
<pin id="779" dir="1" index="1" bw="21" slack="0"/>
</pin_list>
<bind>
<opcode="zext(34) " fcode="zext"/>
<opset="zext_ln70_1/13 "/>
</bind>
</comp>

<comp id="781" class="1004" name="mul_ln70_fu_781">
<pin_list>
<pin id="782" dir="0" index="0" bw="10" slack="0"/>
<pin id="783" dir="0" index="1" bw="12" slack="0"/>
<pin id="784" dir="1" index="2" bw="21" slack="0"/>
</pin_list>
<bind>
<opcode="mul(12) " fcode="mul"/>
<opset="mul_ln70/13 "/>
</bind>
</comp>

<comp id="787" class="1004" name="tmp_29_fu_787">
<pin_list>
<pin id="788" dir="0" index="0" bw="8" slack="0"/>
<pin id="789" dir="0" index="1" bw="21" slack="0"/>
<pin id="790" dir="0" index="2" bw="5" slack="0"/>
<pin id="791" dir="0" index="3" bw="6" slack="0"/>
<pin id="792" dir="1" index="4" bw="8" slack="0"/>
</pin_list>
<bind>
<opcode="partselect(1002) " fcode="partselect"/>
<opset="tmp_29/13 "/>
</bind>
</comp>

<comp id="797" class="1004" name="zext_ln70_fu_797">
<pin_list>
<pin id="798" dir="0" index="0" bw="8" slack="0"/>
<pin id="799" dir="1" index="1" bw="64" slack="0"/>
</pin_list>
<bind>
<opcode="zext(34) " fcode="zext"/>
<opset="zext_ln70/13 "/>
</bind>
</comp>

<comp id="806" class="1004" name="add_ln2_fu_806">
<pin_list>
<pin id="807" dir="0" index="0" bw="10" slack="0"/>
<pin id="808" dir="0" index="1" bw="4" slack="12"/>
<pin id="809" dir="0" index="2" bw="1" slack="0"/>
<pin id="810" dir="0" index="3" bw="4" slack="12"/>
<pin id="811" dir="0" index="4" bw="1" slack="0"/>
<pin id="812" dir="1" index="5" bw="10" slack="0"/>
</pin_list>
<bind>
<opcode="bitconcatenate(1004) " fcode="bitconcatenate"/>
<opset="add_ln2/13 "/>
</bind>
</comp>

<comp id="816" class="1004" name="zext_ln71_1_fu_816">
<pin_list>
<pin id="817" dir="0" index="0" bw="10" slack="0"/>
<pin id="818" dir="1" index="1" bw="21" slack="0"/>
</pin_list>
<bind>
<opcode="zext(34) " fcode="zext"/>
<opset="zext_ln71_1/13 "/>
</bind>
</comp>

<comp id="820" class="1004" name="mul_ln71_fu_820">
<pin_list>
<pin id="821" dir="0" index="0" bw="10" slack="0"/>
<pin id="822" dir="0" index="1" bw="12" slack="0"/>
<pin id="823" dir="1" index="2" bw="21" slack="0"/>
</pin_list>
<bind>
<opcode="mul(12) " fcode="mul"/>
<opset="mul_ln71/13 "/>
</bind>
</comp>

<comp id="826" class="1004" name="tmp_30_fu_826">
<pin_list>
<pin id="827" dir="0" index="0" bw="8" slack="0"/>
<pin id="828" dir="0" index="1" bw="21" slack="0"/>
<pin id="829" dir="0" index="2" bw="5" slack="0"/>
<pin id="830" dir="0" index="3" bw="6" slack="0"/>
<pin id="831" dir="1" index="4" bw="8" slack="0"/>
</pin_list>
<bind>
<opcode="partselect(1002) " fcode="partselect"/>
<opset="tmp_30/13 "/>
</bind>
</comp>

<comp id="836" class="1004" name="zext_ln71_fu_836">
<pin_list>
<pin id="837" dir="0" index="0" bw="8" slack="0"/>
<pin id="838" dir="1" index="1" bw="64" slack="0"/>
</pin_list>
<bind>
<opcode="zext(34) " fcode="zext"/>
<opset="zext_ln71/13 "/>
</bind>
</comp>

<comp id="845" class="1004" name="icmp_ln72_fu_845">
<pin_list>
<pin id="846" dir="0" index="0" bw="32" slack="0"/>
<pin id="847" dir="0" index="1" bw="32" slack="0"/>
<pin id="848" dir="1" index="2" bw="1" slack="0"/>
</pin_list>
<bind>
<opcode="icmp(45) " fcode="icmp"/>
<opset="icmp_ln72/13 "/>
</bind>
</comp>

<comp id="851" class="1004" name="m_5_fu_851">
<pin_list>
<pin id="852" dir="0" index="0" bw="1" slack="0"/>
<pin id="853" dir="0" index="1" bw="32" slack="0"/>
<pin id="854" dir="0" index="2" bw="32" slack="0"/>
<pin id="855" dir="1" index="3" bw="32" slack="1"/>
</pin_list>
<bind>
<opcode="select(49) " fcode="select"/>
<opset="m_5/13 "/>
</bind>
</comp>

<comp id="859" class="1004" name="s2_fu_859">
<pin_list>
<pin id="860" dir="0" index="0" bw="32" slack="0"/>
<pin id="861" dir="0" index="1" bw="3" slack="0"/>
<pin id="862" dir="0" index="2" bw="32" slack="0"/>
<pin id="863" dir="0" index="3" bw="3" slack="0"/>
<pin id="864" dir="0" index="4" bw="32" slack="0"/>
<pin id="865" dir="0" index="5" bw="3" slack="0"/>
<pin id="866" dir="0" index="6" bw="32" slack="0"/>
<pin id="867" dir="0" index="7" bw="3" slack="0"/>
<pin id="868" dir="0" index="8" bw="32" slack="0"/>
<pin id="869" dir="0" index="9" bw="3" slack="0"/>
<pin id="870" dir="0" index="10" bw="32" slack="0"/>
<pin id="871" dir="0" index="11" bw="32" slack="0"/>
<pin id="872" dir="0" index="12" bw="3" slack="3"/>
<pin id="873" dir="1" index="13" bw="32" slack="0"/>
</pin_list>
<bind>
<opcode="sparsemux(1197) " fcode="sparsemux"/>
<opset="s2/14 "/>
</bind>
</comp>

<comp id="886" class="1004" name="s3_fu_886">
<pin_list>
<pin id="887" dir="0" index="0" bw="32" slack="0"/>
<pin id="888" dir="0" index="1" bw="3" slack="0"/>
<pin id="889" dir="0" index="2" bw="32" slack="0"/>
<pin id="890" dir="0" index="3" bw="3" slack="0"/>
<pin id="891" dir="0" index="4" bw="32" slack="0"/>
<pin id="892" dir="0" index="5" bw="3" slack="0"/>
<pin id="893" dir="0" index="6" bw="32" slack="0"/>
<pin id="894" dir="0" index="7" bw="3" slack="0"/>
<pin id="895" dir="0" index="8" bw="32" slack="0"/>
<pin id="896" dir="0" index="9" bw="3" slack="0"/>
<pin id="897" dir="0" index="10" bw="32" slack="0"/>
<pin id="898" dir="0" index="11" bw="32" slack="0"/>
<pin id="899" dir="0" index="12" bw="3" slack="3"/>
<pin id="900" dir="1" index="13" bw="32" slack="0"/>
</pin_list>
<bind>
<opcode="sparsemux(1197) " fcode="sparsemux"/>
<opset="s3/14 "/>
</bind>
</comp>

<comp id="913" class="1004" name="icmp_ln72_1_fu_913">
<pin_list>
<pin id="914" dir="0" index="0" bw="32" slack="0"/>
<pin id="915" dir="0" index="1" bw="32" slack="1"/>
<pin id="916" dir="1" index="2" bw="1" slack="0"/>
</pin_list>
<bind>
<opcode="icmp(45) " fcode="icmp"/>
<opset="icmp_ln72_1/14 "/>
</bind>
</comp>

<comp id="918" class="1004" name="m_7_fu_918">
<pin_list>
<pin id="919" dir="0" index="0" bw="1" slack="0"/>
<pin id="920" dir="0" index="1" bw="32" slack="0"/>
<pin id="921" dir="0" index="2" bw="32" slack="1"/>
<pin id="922" dir="1" index="3" bw="32" slack="0"/>
</pin_list>
<bind>
<opcode="select(49) " fcode="select"/>
<opset="m_7/14 "/>
</bind>
</comp>

<comp id="925" class="1004" name="icmp_ln72_2_fu_925">
<pin_list>
<pin id="926" dir="0" index="0" bw="32" slack="0"/>
<pin id="927" dir="0" index="1" bw="32" slack="0"/>
<pin id="928" dir="1" index="2" bw="1" slack="0"/>
</pin_list>
<bind>
<opcode="icmp(45) " fcode="icmp"/>
<opset="icmp_ln72_2/14 "/>
</bind>
</comp>

<comp id="931" class="1004" name="m_8_fu_931">
<pin_list>
<pin id="932" dir="0" index="0" bw="1" slack="0"/>
<pin id="933" dir="0" index="1" bw="32" slack="0"/>
<pin id="934" dir="0" index="2" bw="32" slack="0"/>
<pin id="935" dir="1" index="3" bw="32" slack="0"/>
</pin_list>
<bind>
<opcode="select(49) " fcode="select"/>
<opset="m_8/14 "/>
</bind>
</comp>

<comp id="939" class="1004" name="icmp_ln73_fu_939">
<pin_list>
<pin id="940" dir="0" index="0" bw="32" slack="0"/>
<pin id="941" dir="0" index="1" bw="32" slack="13"/>
<pin id="942" dir="1" index="2" bw="1" slack="0"/>
</pin_list>
<bind>
<opcode="icmp(45) " fcode="icmp"/>
<opset="icmp_ln73/14 "/>
</bind>
</comp>

<comp id="952" class="1004" name="add_ln73_1_fu_952">
<pin_list>
<pin id="953" dir="0" index="0" bw="10" slack="0"/>
<pin id="954" dir="0" index="1" bw="5" slack="13"/>
<pin id="955" dir="0" index="2" bw="4" slack="13"/>
<pin id="956" dir="0" index="3" bw="1" slack="13"/>
<pin id="957" dir="1" index="4" bw="10" slack="0"/>
</pin_list>
<bind>
<opcode="bitconcatenate(1004) " fcode="bitconcatenate"/>
<opset="add_ln73_1/14 "/>
</bind>
</comp>

<comp id="959" class="1004" name="zext_ln73_fu_959">
<pin_list>
<pin id="960" dir="0" index="0" bw="10" slack="0"/>
<pin id="961" dir="1" index="1" bw="64" slack="0"/>
</pin_list>
<bind>
<opcode="zext(34) " fcode="zext"/>
<opset="zext_ln73/14 "/>
</bind>
</comp>

<comp id="971" class="1005" name="pw_reg_971">
<pin_list>
<pin id="972" dir="0" index="0" bw="5" slack="0"/>
<pin id="973" dir="1" index="1" bw="5" slack="0"/>
</pin_list>
<bind>
<opset="pw "/>
</bind>
</comp>

<comp id="978" class="1005" name="ph_reg_978">
<pin_list>
<pin id="979" dir="0" index="0" bw="5" slack="0"/>
<pin id="980" dir="1" index="1" bw="5" slack="0"/>
</pin_list>
<bind>
<opset="ph "/>
</bind>
</comp>

<comp id="985" class="1005" name="indvar_flatten6_reg_985">
<pin_list>
<pin id="986" dir="0" index="0" bw="9" slack="0"/>
<pin id="987" dir="1" index="1" bw="9" slack="0"/>
</pin_list>
<bind>
<opset="indvar_flatten6 "/>
</bind>
</comp>

<comp id="992" class="1005" name="tmp_reg_992">
<pin_list>
<pin id="993" dir="0" index="0" bw="5" slack="13"/>
<pin id="994" dir="1" index="1" bw="5" slack="13"/>
</pin_list>
<bind>
<opset="tmp "/>
</bind>
</comp>

<comp id="997" class="1005" name="TAU1_load_read_reg_997">
<pin_list>
<pin id="998" dir="0" index="0" bw="32" slack="13"/>
<pin id="999" dir="1" index="1" bw="32" slack="13"/>
</pin_list>
<bind>
<opset="TAU1_load_read "/>
</bind>
</comp>

<comp id="1002" class="1005" name="icmp_ln65_reg_1002">
<pin_list>
<pin id="1003" dir="0" index="0" bw="1" slack="12"/>
<pin id="1004" dir="1" index="1" bw="1" slack="2147483647"/>
</pin_list>
<bind>
<opset="icmp_ln65 "/>
</bind>
</comp>

<comp id="1006" class="1005" name="trunc_ln68_reg_1006">
<pin_list>
<pin id="1007" dir="0" index="0" bw="4" slack="11"/>
<pin id="1008" dir="1" index="1" bw="4" slack="11"/>
</pin_list>
<bind>
<opset="trunc_ln68 "/>
</bind>
</comp>

<comp id="1014" class="1005" name="trunc_ln66_reg_1014">
<pin_list>
<pin id="1015" dir="0" index="0" bw="3" slack="13"/>
<pin id="1016" dir="1" index="1" bw="3" slack="2147483647"/>
</pin_list>
<bind>
<opset="trunc_ln66 "/>
</bind>
</comp>

<comp id="1018" class="1005" name="trunc_ln68_1_reg_1018">
<pin_list>
<pin id="1019" dir="0" index="0" bw="4" slack="11"/>
<pin id="1020" dir="1" index="1" bw="4" slack="11"/>
</pin_list>
<bind>
<opset="trunc_ln68_1 "/>
</bind>
</comp>

<comp id="1025" class="1005" name="add_ln68_reg_1025">
<pin_list>
<pin id="1026" dir="0" index="0" bw="7" slack="1"/>
<pin id="1027" dir="1" index="1" bw="7" slack="1"/>
</pin_list>
<bind>
<opset="add_ln68 "/>
</bind>
</comp>

<comp id="1030" class="1005" name="tmp_27_reg_1030">
<pin_list>
<pin id="1031" dir="0" index="0" bw="8" slack="11"/>
<pin id="1032" dir="1" index="1" bw="8" slack="11"/>
</pin_list>
<bind>
<opset="tmp_27 "/>
</bind>
</comp>

<comp id="1035" class="1005" name="tmp_31_reg_1035">
<pin_list>
<pin id="1036" dir="0" index="0" bw="1" slack="13"/>
<pin id="1037" dir="1" index="1" bw="1" slack="13"/>
</pin_list>
<bind>
<opset="tmp_31 "/>
</bind>
</comp>

<comp id="1040" class="1005" name="trunc_ln68_2_reg_1040">
<pin_list>
<pin id="1041" dir="0" index="0" bw="3" slack="1"/>
<pin id="1042" dir="1" index="1" bw="3" slack="2"/>
</pin_list>
<bind>
<opset="trunc_ln68_2 "/>
</bind>
</comp>

<comp id="1048" class="1005" name="bnn_top_int_const_unsigned_int_const_int_const_unsigned_int_const_int_co_218_reg_1048">
<pin_list>
<pin id="1049" dir="0" index="0" bw="8" slack="1"/>
<pin id="1050" dir="1" index="1" bw="8" slack="1"/>
</pin_list>
<bind>
<opset="bnn_top_int_const_unsigned_int_const_int_const_unsigned_int_const_int_co_218 "/>
</bind>
</comp>

<comp id="1053" class="1005" name="bnn_top_int_const_unsigned_int_const_int_const_unsigned_int_const_int_co_219_reg_1053">
<pin_list>
<pin id="1054" dir="0" index="0" bw="8" slack="1"/>
<pin id="1055" dir="1" index="1" bw="8" slack="1"/>
</pin_list>
<bind>
<opset="bnn_top_int_const_unsigned_int_const_int_const_unsigned_int_const_int_co_219 "/>
</bind>
</comp>

<comp id="1058" class="1005" name="bnn_top_int_const_unsigned_int_const_int_const_unsigned_int_const_int_co_220_reg_1058">
<pin_list>
<pin id="1059" dir="0" index="0" bw="8" slack="1"/>
<pin id="1060" dir="1" index="1" bw="8" slack="1"/>
</pin_list>
<bind>
<opset="bnn_top_int_const_unsigned_int_const_int_const_unsigned_int_const_int_co_220 "/>
</bind>
</comp>

<comp id="1063" class="1005" name="bnn_top_int_const_unsigned_int_const_int_const_unsigned_int_const_int_co_221_reg_1063">
<pin_list>
<pin id="1064" dir="0" index="0" bw="8" slack="1"/>
<pin id="1065" dir="1" index="1" bw="8" slack="1"/>
</pin_list>
<bind>
<opset="bnn_top_int_const_unsigned_int_const_int_const_unsigned_int_const_int_co_221 "/>
</bind>
</comp>

<comp id="1068" class="1005" name="bnn_top_int_const_unsigned_int_const_int_const_unsigned_int_const_int_co_222_reg_1068">
<pin_list>
<pin id="1069" dir="0" index="0" bw="8" slack="1"/>
<pin id="1070" dir="1" index="1" bw="8" slack="1"/>
</pin_list>
<bind>
<opset="bnn_top_int_const_unsigned_int_const_int_const_unsigned_int_const_int_co_222 "/>
</bind>
</comp>

<comp id="1073" class="1005" name="bnn_top_int_const_unsigned_int_const_int_const_unsigned_int_const_int_co_228_reg_1073">
<pin_list>
<pin id="1074" dir="0" index="0" bw="8" slack="1"/>
<pin id="1075" dir="1" index="1" bw="8" slack="1"/>
</pin_list>
<bind>
<opset="bnn_top_int_const_unsigned_int_const_int_const_unsigned_int_const_int_co_228 "/>
</bind>
</comp>

<comp id="1078" class="1005" name="bnn_top_int_const_unsigned_int_const_int_const_unsigned_int_const_int_co_229_reg_1078">
<pin_list>
<pin id="1079" dir="0" index="0" bw="8" slack="1"/>
<pin id="1080" dir="1" index="1" bw="8" slack="1"/>
</pin_list>
<bind>
<opset="bnn_top_int_const_unsigned_int_const_int_const_unsigned_int_const_int_co_229 "/>
</bind>
</comp>

<comp id="1083" class="1005" name="bnn_top_int_const_unsigned_int_const_int_const_unsigned_int_const_int_co_230_reg_1083">
<pin_list>
<pin id="1084" dir="0" index="0" bw="8" slack="1"/>
<pin id="1085" dir="1" index="1" bw="8" slack="1"/>
</pin_list>
<bind>
<opset="bnn_top_int_const_unsigned_int_const_int_const_unsigned_int_const_int_co_230 "/>
</bind>
</comp>

<comp id="1088" class="1005" name="bnn_top_int_const_unsigned_int_const_int_const_unsigned_int_const_int_co_231_reg_1088">
<pin_list>
<pin id="1089" dir="0" index="0" bw="8" slack="1"/>
<pin id="1090" dir="1" index="1" bw="8" slack="1"/>
</pin_list>
<bind>
<opset="bnn_top_int_const_unsigned_int_const_int_const_unsigned_int_const_int_co_231 "/>
</bind>
</comp>

<comp id="1093" class="1005" name="bnn_top_int_const_unsigned_int_const_int_const_unsigned_int_const_int_co_232_reg_1093">
<pin_list>
<pin id="1094" dir="0" index="0" bw="8" slack="1"/>
<pin id="1095" dir="1" index="1" bw="8" slack="1"/>
</pin_list>
<bind>
<opset="bnn_top_int_const_unsigned_int_const_int_const_unsigned_int_const_int_co_232 "/>
</bind>
</comp>

<comp id="1098" class="1005" name="bnn_top_int_const_unsigned_int_const_int_const_unsigned_int_const_int_co_238_reg_1098">
<pin_list>
<pin id="1099" dir="0" index="0" bw="8" slack="1"/>
<pin id="1100" dir="1" index="1" bw="8" slack="1"/>
</pin_list>
<bind>
<opset="bnn_top_int_const_unsigned_int_const_int_const_unsigned_int_const_int_co_238 "/>
</bind>
</comp>

<comp id="1103" class="1005" name="bnn_top_int_const_unsigned_int_const_int_const_unsigned_int_const_int_co_239_reg_1103">
<pin_list>
<pin id="1104" dir="0" index="0" bw="8" slack="1"/>
<pin id="1105" dir="1" index="1" bw="8" slack="1"/>
</pin_list>
<bind>
<opset="bnn_top_int_const_unsigned_int_const_int_const_unsigned_int_const_int_co_239 "/>
</bind>
</comp>

<comp id="1108" class="1005" name="bnn_top_int_const_unsigned_int_const_int_const_unsigned_int_const_int_co_240_reg_1108">
<pin_list>
<pin id="1109" dir="0" index="0" bw="8" slack="1"/>
<pin id="1110" dir="1" index="1" bw="8" slack="1"/>
</pin_list>
<bind>
<opset="bnn_top_int_const_unsigned_int_const_int_const_unsigned_int_const_int_co_240 "/>
</bind>
</comp>

<comp id="1113" class="1005" name="bnn_top_int_const_unsigned_int_const_int_const_unsigned_int_const_int_co_241_reg_1113">
<pin_list>
<pin id="1114" dir="0" index="0" bw="8" slack="1"/>
<pin id="1115" dir="1" index="1" bw="8" slack="1"/>
</pin_list>
<bind>
<opset="bnn_top_int_const_unsigned_int_const_int_const_unsigned_int_const_int_co_241 "/>
</bind>
</comp>

<comp id="1118" class="1005" name="bnn_top_int_const_unsigned_int_const_int_const_unsigned_int_const_int_co_242_reg_1118">
<pin_list>
<pin id="1119" dir="0" index="0" bw="8" slack="1"/>
<pin id="1120" dir="1" index="1" bw="8" slack="1"/>
</pin_list>
<bind>
<opset="bnn_top_int_const_unsigned_int_const_int_const_unsigned_int_const_int_co_242 "/>
</bind>
</comp>

<comp id="1123" class="1005" name="bnn_top_int_const_unsigned_int_const_int_const_unsigned_int_const_int_co_248_reg_1123">
<pin_list>
<pin id="1124" dir="0" index="0" bw="8" slack="1"/>
<pin id="1125" dir="1" index="1" bw="8" slack="1"/>
</pin_list>
<bind>
<opset="bnn_top_int_const_unsigned_int_const_int_const_unsigned_int_const_int_co_248 "/>
</bind>
</comp>

<comp id="1128" class="1005" name="bnn_top_int_const_unsigned_int_const_int_const_unsigned_int_const_int_co_249_reg_1128">
<pin_list>
<pin id="1129" dir="0" index="0" bw="8" slack="1"/>
<pin id="1130" dir="1" index="1" bw="8" slack="1"/>
</pin_list>
<bind>
<opset="bnn_top_int_const_unsigned_int_const_int_const_unsigned_int_const_int_co_249 "/>
</bind>
</comp>

<comp id="1133" class="1005" name="bnn_top_int_const_unsigned_int_const_int_const_unsigned_int_const_int_co_250_reg_1133">
<pin_list>
<pin id="1134" dir="0" index="0" bw="8" slack="1"/>
<pin id="1135" dir="1" index="1" bw="8" slack="1"/>
</pin_list>
<bind>
<opset="bnn_top_int_const_unsigned_int_const_int_const_unsigned_int_const_int_co_250 "/>
</bind>
</comp>

<comp id="1138" class="1005" name="bnn_top_int_const_unsigned_int_const_int_const_unsigned_int_const_int_co_251_reg_1138">
<pin_list>
<pin id="1139" dir="0" index="0" bw="8" slack="1"/>
<pin id="1140" dir="1" index="1" bw="8" slack="1"/>
</pin_list>
<bind>
<opset="bnn_top_int_const_unsigned_int_const_int_const_unsigned_int_const_int_co_251 "/>
</bind>
</comp>

<comp id="1143" class="1005" name="bnn_top_int_const_unsigned_int_const_int_const_unsigned_int_const_int_co_252_reg_1143">
<pin_list>
<pin id="1144" dir="0" index="0" bw="8" slack="1"/>
<pin id="1145" dir="1" index="1" bw="8" slack="1"/>
</pin_list>
<bind>
<opset="bnn_top_int_const_unsigned_int_const_int_const_unsigned_int_const_int_co_252 "/>
</bind>
</comp>

<comp id="1148" class="1005" name="m_5_reg_1148">
<pin_list>
<pin id="1149" dir="0" index="0" bw="32" slack="1"/>
<pin id="1150" dir="1" index="1" bw="32" slack="1"/>
</pin_list>
<bind>
<opset="m_5 "/>
</bind>
</comp>

</comp_list>

<net_list>
<net id="119"><net_src comp="30" pin="0"/><net_sink comp="116" pin=0"/></net>

<net id="123"><net_src comp="30" pin="0"/><net_sink comp="120" pin=0"/></net>

<net id="127"><net_src comp="30" pin="0"/><net_sink comp="124" pin=0"/></net>

<net id="132"><net_src comp="32" pin="0"/><net_sink comp="128" pin=0"/></net>

<net id="133"><net_src comp="2" pin="0"/><net_sink comp="128" pin=1"/></net>

<net id="138"><net_src comp="34" pin="0"/><net_sink comp="134" pin=0"/></net>

<net id="139"><net_src comp="0" pin="0"/><net_sink comp="134" pin=1"/></net>

<net id="145"><net_src comp="6" pin="0"/><net_sink comp="140" pin=0"/></net>

<net id="146"><net_src comp="86" pin="0"/><net_sink comp="140" pin=1"/></net>

<net id="152"><net_src comp="8" pin="0"/><net_sink comp="147" pin=0"/></net>

<net id="153"><net_src comp="86" pin="0"/><net_sink comp="147" pin=1"/></net>

<net id="159"><net_src comp="10" pin="0"/><net_sink comp="154" pin=0"/></net>

<net id="160"><net_src comp="86" pin="0"/><net_sink comp="154" pin=1"/></net>

<net id="166"><net_src comp="12" pin="0"/><net_sink comp="161" pin=0"/></net>

<net id="167"><net_src comp="86" pin="0"/><net_sink comp="161" pin=1"/></net>

<net id="173"><net_src comp="14" pin="0"/><net_sink comp="168" pin=0"/></net>

<net id="174"><net_src comp="86" pin="0"/><net_sink comp="168" pin=1"/></net>

<net id="184"><net_src comp="140" pin="3"/><net_sink comp="175" pin=2"/></net>

<net id="194"><net_src comp="147" pin="3"/><net_sink comp="185" pin=2"/></net>

<net id="204"><net_src comp="154" pin="3"/><net_sink comp="195" pin=2"/></net>

<net id="214"><net_src comp="161" pin="3"/><net_sink comp="205" pin=2"/></net>

<net id="224"><net_src comp="168" pin="3"/><net_sink comp="215" pin=2"/></net>

<net id="230"><net_src comp="6" pin="0"/><net_sink comp="225" pin=0"/></net>

<net id="231"><net_src comp="86" pin="0"/><net_sink comp="225" pin=1"/></net>

<net id="237"><net_src comp="8" pin="0"/><net_sink comp="232" pin=0"/></net>

<net id="238"><net_src comp="86" pin="0"/><net_sink comp="232" pin=1"/></net>

<net id="244"><net_src comp="10" pin="0"/><net_sink comp="239" pin=0"/></net>

<net id="245"><net_src comp="86" pin="0"/><net_sink comp="239" pin=1"/></net>

<net id="251"><net_src comp="12" pin="0"/><net_sink comp="246" pin=0"/></net>

<net id="252"><net_src comp="86" pin="0"/><net_sink comp="246" pin=1"/></net>

<net id="258"><net_src comp="14" pin="0"/><net_sink comp="253" pin=0"/></net>

<net id="259"><net_src comp="86" pin="0"/><net_sink comp="253" pin=1"/></net>

<net id="260"><net_src comp="225" pin="3"/><net_sink comp="175" pin=2"/></net>

<net id="261"><net_src comp="232" pin="3"/><net_sink comp="185" pin=2"/></net>

<net id="262"><net_src comp="239" pin="3"/><net_sink comp="195" pin=2"/></net>

<net id="263"><net_src comp="246" pin="3"/><net_sink comp="205" pin=2"/></net>

<net id="264"><net_src comp="253" pin="3"/><net_sink comp="215" pin=2"/></net>

<net id="270"><net_src comp="6" pin="0"/><net_sink comp="265" pin=0"/></net>

<net id="271"><net_src comp="86" pin="0"/><net_sink comp="265" pin=1"/></net>

<net id="277"><net_src comp="8" pin="0"/><net_sink comp="272" pin=0"/></net>

<net id="278"><net_src comp="86" pin="0"/><net_sink comp="272" pin=1"/></net>

<net id="284"><net_src comp="10" pin="0"/><net_sink comp="279" pin=0"/></net>

<net id="285"><net_src comp="86" pin="0"/><net_sink comp="279" pin=1"/></net>

<net id="291"><net_src comp="12" pin="0"/><net_sink comp="286" pin=0"/></net>

<net id="292"><net_src comp="86" pin="0"/><net_sink comp="286" pin=1"/></net>

<net id="298"><net_src comp="14" pin="0"/><net_sink comp="293" pin=0"/></net>

<net id="299"><net_src comp="86" pin="0"/><net_sink comp="293" pin=1"/></net>

<net id="300"><net_src comp="265" pin="3"/><net_sink comp="175" pin=0"/></net>

<net id="301"><net_src comp="272" pin="3"/><net_sink comp="185" pin=0"/></net>

<net id="302"><net_src comp="279" pin="3"/><net_sink comp="195" pin=0"/></net>

<net id="303"><net_src comp="286" pin="3"/><net_sink comp="205" pin=0"/></net>

<net id="304"><net_src comp="293" pin="3"/><net_sink comp="215" pin=0"/></net>

<net id="310"><net_src comp="6" pin="0"/><net_sink comp="305" pin=0"/></net>

<net id="311"><net_src comp="86" pin="0"/><net_sink comp="305" pin=1"/></net>

<net id="317"><net_src comp="8" pin="0"/><net_sink comp="312" pin=0"/></net>

<net id="318"><net_src comp="86" pin="0"/><net_sink comp="312" pin=1"/></net>

<net id="324"><net_src comp="10" pin="0"/><net_sink comp="319" pin=0"/></net>

<net id="325"><net_src comp="86" pin="0"/><net_sink comp="319" pin=1"/></net>

<net id="331"><net_src comp="12" pin="0"/><net_sink comp="326" pin=0"/></net>

<net id="332"><net_src comp="86" pin="0"/><net_sink comp="326" pin=1"/></net>

<net id="338"><net_src comp="14" pin="0"/><net_sink comp="333" pin=0"/></net>

<net id="339"><net_src comp="86" pin="0"/><net_sink comp="333" pin=1"/></net>

<net id="340"><net_src comp="305" pin="3"/><net_sink comp="175" pin=0"/></net>

<net id="341"><net_src comp="312" pin="3"/><net_sink comp="185" pin=0"/></net>

<net id="342"><net_src comp="319" pin="3"/><net_sink comp="195" pin=0"/></net>

<net id="343"><net_src comp="326" pin="3"/><net_sink comp="205" pin=0"/></net>

<net id="344"><net_src comp="333" pin="3"/><net_sink comp="215" pin=0"/></net>

<net id="350"><net_src comp="4" pin="0"/><net_sink comp="345" pin=0"/></net>

<net id="351"><net_src comp="86" pin="0"/><net_sink comp="345" pin=1"/></net>

<net id="357"><net_src comp="16" pin="0"/><net_sink comp="352" pin=0"/></net>

<net id="358"><net_src comp="86" pin="0"/><net_sink comp="352" pin=1"/></net>

<net id="364"><net_src comp="18" pin="0"/><net_sink comp="359" pin=0"/></net>

<net id="365"><net_src comp="86" pin="0"/><net_sink comp="359" pin=1"/></net>

<net id="371"><net_src comp="20" pin="0"/><net_sink comp="366" pin=0"/></net>

<net id="372"><net_src comp="86" pin="0"/><net_sink comp="366" pin=1"/></net>

<net id="378"><net_src comp="22" pin="0"/><net_sink comp="373" pin=0"/></net>

<net id="379"><net_src comp="86" pin="0"/><net_sink comp="373" pin=1"/></net>

<net id="385"><net_src comp="24" pin="0"/><net_sink comp="380" pin=0"/></net>

<net id="386"><net_src comp="86" pin="0"/><net_sink comp="380" pin=1"/></net>

<net id="392"><net_src comp="26" pin="0"/><net_sink comp="387" pin=0"/></net>

<net id="393"><net_src comp="86" pin="0"/><net_sink comp="387" pin=1"/></net>

<net id="399"><net_src comp="28" pin="0"/><net_sink comp="394" pin=0"/></net>

<net id="400"><net_src comp="86" pin="0"/><net_sink comp="394" pin=1"/></net>

<net id="406"><net_src comp="387" pin="3"/><net_sink comp="401" pin=0"/></net>

<net id="412"><net_src comp="380" pin="3"/><net_sink comp="407" pin=0"/></net>

<net id="418"><net_src comp="373" pin="3"/><net_sink comp="413" pin=0"/></net>

<net id="424"><net_src comp="366" pin="3"/><net_sink comp="419" pin=0"/></net>

<net id="430"><net_src comp="359" pin="3"/><net_sink comp="425" pin=0"/></net>

<net id="436"><net_src comp="352" pin="3"/><net_sink comp="431" pin=0"/></net>

<net id="442"><net_src comp="345" pin="3"/><net_sink comp="437" pin=0"/></net>

<net id="448"><net_src comp="394" pin="3"/><net_sink comp="443" pin=0"/></net>

<net id="453"><net_src comp="36" pin="0"/><net_sink comp="449" pin=0"/></net>

<net id="458"><net_src comp="38" pin="0"/><net_sink comp="454" pin=0"/></net>

<net id="463"><net_src comp="38" pin="0"/><net_sink comp="459" pin=0"/></net>

<net id="471"><net_src comp="464" pin="1"/><net_sink comp="467" pin=0"/></net>

<net id="472"><net_src comp="40" pin="0"/><net_sink comp="467" pin=1"/></net>

<net id="477"><net_src comp="464" pin="1"/><net_sink comp="473" pin=0"/></net>

<net id="478"><net_src comp="42" pin="0"/><net_sink comp="473" pin=1"/></net>

<net id="489"><net_src comp="479" pin="1"/><net_sink comp="485" pin=0"/></net>

<net id="490"><net_src comp="44" pin="0"/><net_sink comp="485" pin=1"/></net>

<net id="496"><net_src comp="485" pin="2"/><net_sink comp="491" pin=0"/></net>

<net id="497"><net_src comp="38" pin="0"/><net_sink comp="491" pin=1"/></net>

<net id="498"><net_src comp="479" pin="1"/><net_sink comp="491" pin=2"/></net>

<net id="503"><net_src comp="482" pin="1"/><net_sink comp="499" pin=0"/></net>

<net id="504"><net_src comp="46" pin="0"/><net_sink comp="499" pin=1"/></net>

<net id="510"><net_src comp="485" pin="2"/><net_sink comp="505" pin=0"/></net>

<net id="511"><net_src comp="499" pin="2"/><net_sink comp="505" pin=1"/></net>

<net id="512"><net_src comp="482" pin="1"/><net_sink comp="505" pin=2"/></net>

<net id="516"><net_src comp="505" pin="3"/><net_sink comp="513" pin=0"/></net>

<net id="522"><net_src comp="48" pin="0"/><net_sink comp="517" pin=0"/></net>

<net id="523"><net_src comp="513" pin="1"/><net_sink comp="517" pin=1"/></net>

<net id="524"><net_src comp="50" pin="0"/><net_sink comp="517" pin=2"/></net>

<net id="528"><net_src comp="517" pin="3"/><net_sink comp="525" pin=0"/></net>

<net id="532"><net_src comp="491" pin="3"/><net_sink comp="529" pin=0"/></net>

<net id="536"><net_src comp="491" pin="3"/><net_sink comp="533" pin=0"/></net>

<net id="541"><net_src comp="491" pin="3"/><net_sink comp="537" pin=0"/></net>

<net id="542"><net_src comp="46" pin="0"/><net_sink comp="537" pin=1"/></net>

<net id="546"><net_src comp="537" pin="2"/><net_sink comp="543" pin=0"/></net>

<net id="551"><net_src comp="543" pin="1"/><net_sink comp="547" pin=0"/></net>

<net id="552"><net_src comp="525" pin="1"/><net_sink comp="547" pin=1"/></net>

<net id="556"><net_src comp="547" pin="2"/><net_sink comp="553" pin=0"/></net>

<net id="562"><net_src comp="52" pin="0"/><net_sink comp="557" pin=0"/></net>

<net id="563"><net_src comp="513" pin="1"/><net_sink comp="557" pin=1"/></net>

<net id="564"><net_src comp="54" pin="0"/><net_sink comp="557" pin=2"/></net>

<net id="570"><net_src comp="56" pin="0"/><net_sink comp="565" pin=0"/></net>

<net id="571"><net_src comp="505" pin="3"/><net_sink comp="565" pin=1"/></net>

<net id="572"><net_src comp="50" pin="0"/><net_sink comp="565" pin=2"/></net>

<net id="576"><net_src comp="565" pin="3"/><net_sink comp="573" pin=0"/></net>

<net id="581"><net_src comp="557" pin="3"/><net_sink comp="577" pin=0"/></net>

<net id="582"><net_src comp="573" pin="1"/><net_sink comp="577" pin=1"/></net>

<net id="587"><net_src comp="553" pin="1"/><net_sink comp="583" pin=0"/></net>

<net id="588"><net_src comp="577" pin="2"/><net_sink comp="583" pin=1"/></net>

<net id="592"><net_src comp="583" pin="2"/><net_sink comp="589" pin=0"/></net>

<net id="597"><net_src comp="589" pin="1"/><net_sink comp="593" pin=0"/></net>

<net id="598"><net_src comp="58" pin="0"/><net_sink comp="593" pin=1"/></net>

<net id="605"><net_src comp="60" pin="0"/><net_sink comp="599" pin=0"/></net>

<net id="606"><net_src comp="593" pin="2"/><net_sink comp="599" pin=1"/></net>

<net id="607"><net_src comp="62" pin="0"/><net_sink comp="599" pin=2"/></net>

<net id="608"><net_src comp="64" pin="0"/><net_sink comp="599" pin=3"/></net>

<net id="613"><net_src comp="547" pin="2"/><net_sink comp="609" pin=0"/></net>

<net id="614"><net_src comp="66" pin="0"/><net_sink comp="609" pin=1"/></net>

<net id="620"><net_src comp="68" pin="0"/><net_sink comp="615" pin=0"/></net>

<net id="621"><net_src comp="491" pin="3"/><net_sink comp="615" pin=1"/></net>

<net id="622"><net_src comp="70" pin="0"/><net_sink comp="615" pin=2"/></net>

<net id="633"><net_src comp="529" pin="1"/><net_sink comp="623" pin=0"/></net>

<net id="634"><net_src comp="72" pin="0"/><net_sink comp="623" pin=1"/></net>

<net id="635"><net_src comp="74" pin="0"/><net_sink comp="623" pin=2"/></net>

<net id="636"><net_src comp="76" pin="0"/><net_sink comp="623" pin=3"/></net>

<net id="637"><net_src comp="78" pin="0"/><net_sink comp="623" pin=4"/></net>

<net id="638"><net_src comp="80" pin="0"/><net_sink comp="623" pin=5"/></net>

<net id="639"><net_src comp="82" pin="0"/><net_sink comp="623" pin=6"/></net>

<net id="640"><net_src comp="84" pin="0"/><net_sink comp="623" pin=7"/></net>

<net id="645"><net_src comp="491" pin="3"/><net_sink comp="641" pin=0"/></net>

<net id="646"><net_src comp="46" pin="0"/><net_sink comp="641" pin=1"/></net>

<net id="651"><net_src comp="473" pin="2"/><net_sink comp="647" pin=0"/></net>

<net id="656"><net_src comp="505" pin="3"/><net_sink comp="652" pin=0"/></net>

<net id="661"><net_src comp="641" pin="2"/><net_sink comp="657" pin=0"/></net>

<net id="665"><net_src comp="609" pin="2"/><net_sink comp="662" pin=0"/></net>

<net id="669"><net_src comp="666" pin="1"/><net_sink comp="140" pin=2"/></net>

<net id="670"><net_src comp="666" pin="1"/><net_sink comp="147" pin=2"/></net>

<net id="671"><net_src comp="666" pin="1"/><net_sink comp="154" pin=2"/></net>

<net id="672"><net_src comp="666" pin="1"/><net_sink comp="161" pin=2"/></net>

<net id="673"><net_src comp="666" pin="1"/><net_sink comp="168" pin=2"/></net>

<net id="681"><net_src comp="88" pin="0"/><net_sink comp="674" pin=0"/></net>

<net id="682"><net_src comp="90" pin="0"/><net_sink comp="674" pin=2"/></net>

<net id="683"><net_src comp="92" pin="0"/><net_sink comp="674" pin=4"/></net>

<net id="687"><net_src comp="674" pin="5"/><net_sink comp="684" pin=0"/></net>

<net id="692"><net_src comp="684" pin="1"/><net_sink comp="688" pin=0"/></net>

<net id="693"><net_src comp="58" pin="0"/><net_sink comp="688" pin=1"/></net>

<net id="700"><net_src comp="60" pin="0"/><net_sink comp="694" pin=0"/></net>

<net id="701"><net_src comp="688" pin="2"/><net_sink comp="694" pin=1"/></net>

<net id="702"><net_src comp="62" pin="0"/><net_sink comp="694" pin=2"/></net>

<net id="703"><net_src comp="64" pin="0"/><net_sink comp="694" pin=3"/></net>

<net id="707"><net_src comp="694" pin="4"/><net_sink comp="704" pin=0"/></net>

<net id="708"><net_src comp="704" pin="1"/><net_sink comp="225" pin=2"/></net>

<net id="709"><net_src comp="704" pin="1"/><net_sink comp="232" pin=2"/></net>

<net id="710"><net_src comp="704" pin="1"/><net_sink comp="239" pin=2"/></net>

<net id="711"><net_src comp="704" pin="1"/><net_sink comp="246" pin=2"/></net>

<net id="712"><net_src comp="704" pin="1"/><net_sink comp="253" pin=2"/></net>

<net id="728"><net_src comp="94" pin="0"/><net_sink comp="713" pin=0"/></net>

<net id="729"><net_src comp="72" pin="0"/><net_sink comp="713" pin=1"/></net>

<net id="730"><net_src comp="175" pin="7"/><net_sink comp="713" pin=2"/></net>

<net id="731"><net_src comp="74" pin="0"/><net_sink comp="713" pin=3"/></net>

<net id="732"><net_src comp="185" pin="7"/><net_sink comp="713" pin=4"/></net>

<net id="733"><net_src comp="76" pin="0"/><net_sink comp="713" pin=5"/></net>

<net id="734"><net_src comp="195" pin="7"/><net_sink comp="713" pin=6"/></net>

<net id="735"><net_src comp="78" pin="0"/><net_sink comp="713" pin=7"/></net>

<net id="736"><net_src comp="205" pin="7"/><net_sink comp="713" pin=8"/></net>

<net id="737"><net_src comp="80" pin="0"/><net_sink comp="713" pin=9"/></net>

<net id="738"><net_src comp="215" pin="7"/><net_sink comp="713" pin=10"/></net>

<net id="739"><net_src comp="96" pin="0"/><net_sink comp="713" pin=11"/></net>

<net id="755"><net_src comp="94" pin="0"/><net_sink comp="740" pin=0"/></net>

<net id="756"><net_src comp="80" pin="0"/><net_sink comp="740" pin=1"/></net>

<net id="757"><net_src comp="175" pin="7"/><net_sink comp="740" pin=2"/></net>

<net id="758"><net_src comp="72" pin="0"/><net_sink comp="740" pin=3"/></net>

<net id="759"><net_src comp="185" pin="7"/><net_sink comp="740" pin=4"/></net>

<net id="760"><net_src comp="74" pin="0"/><net_sink comp="740" pin=5"/></net>

<net id="761"><net_src comp="195" pin="7"/><net_sink comp="740" pin=6"/></net>

<net id="762"><net_src comp="76" pin="0"/><net_sink comp="740" pin=7"/></net>

<net id="763"><net_src comp="205" pin="7"/><net_sink comp="740" pin=8"/></net>

<net id="764"><net_src comp="78" pin="0"/><net_sink comp="740" pin=9"/></net>

<net id="765"><net_src comp="215" pin="7"/><net_sink comp="740" pin=10"/></net>

<net id="766"><net_src comp="96" pin="0"/><net_sink comp="740" pin=11"/></net>

<net id="774"><net_src comp="88" pin="0"/><net_sink comp="767" pin=0"/></net>

<net id="775"><net_src comp="92" pin="0"/><net_sink comp="767" pin=2"/></net>

<net id="776"><net_src comp="90" pin="0"/><net_sink comp="767" pin=4"/></net>

<net id="780"><net_src comp="767" pin="5"/><net_sink comp="777" pin=0"/></net>

<net id="785"><net_src comp="777" pin="1"/><net_sink comp="781" pin=0"/></net>

<net id="786"><net_src comp="58" pin="0"/><net_sink comp="781" pin=1"/></net>

<net id="793"><net_src comp="60" pin="0"/><net_sink comp="787" pin=0"/></net>

<net id="794"><net_src comp="781" pin="2"/><net_sink comp="787" pin=1"/></net>

<net id="795"><net_src comp="62" pin="0"/><net_sink comp="787" pin=2"/></net>

<net id="796"><net_src comp="64" pin="0"/><net_sink comp="787" pin=3"/></net>

<net id="800"><net_src comp="787" pin="4"/><net_sink comp="797" pin=0"/></net>

<net id="801"><net_src comp="797" pin="1"/><net_sink comp="265" pin=2"/></net>

<net id="802"><net_src comp="797" pin="1"/><net_sink comp="272" pin=2"/></net>

<net id="803"><net_src comp="797" pin="1"/><net_sink comp="279" pin=2"/></net>

<net id="804"><net_src comp="797" pin="1"/><net_sink comp="286" pin=2"/></net>

<net id="805"><net_src comp="797" pin="1"/><net_sink comp="293" pin=2"/></net>

<net id="813"><net_src comp="88" pin="0"/><net_sink comp="806" pin=0"/></net>

<net id="814"><net_src comp="92" pin="0"/><net_sink comp="806" pin=2"/></net>

<net id="815"><net_src comp="92" pin="0"/><net_sink comp="806" pin=4"/></net>

<net id="819"><net_src comp="806" pin="5"/><net_sink comp="816" pin=0"/></net>

<net id="824"><net_src comp="816" pin="1"/><net_sink comp="820" pin=0"/></net>

<net id="825"><net_src comp="58" pin="0"/><net_sink comp="820" pin=1"/></net>

<net id="832"><net_src comp="60" pin="0"/><net_sink comp="826" pin=0"/></net>

<net id="833"><net_src comp="820" pin="2"/><net_sink comp="826" pin=1"/></net>

<net id="834"><net_src comp="62" pin="0"/><net_sink comp="826" pin=2"/></net>

<net id="835"><net_src comp="64" pin="0"/><net_sink comp="826" pin=3"/></net>

<net id="839"><net_src comp="826" pin="4"/><net_sink comp="836" pin=0"/></net>

<net id="840"><net_src comp="836" pin="1"/><net_sink comp="305" pin=2"/></net>

<net id="841"><net_src comp="836" pin="1"/><net_sink comp="312" pin=2"/></net>

<net id="842"><net_src comp="836" pin="1"/><net_sink comp="319" pin=2"/></net>

<net id="843"><net_src comp="836" pin="1"/><net_sink comp="326" pin=2"/></net>

<net id="844"><net_src comp="836" pin="1"/><net_sink comp="333" pin=2"/></net>

<net id="849"><net_src comp="740" pin="13"/><net_sink comp="845" pin=0"/></net>

<net id="850"><net_src comp="713" pin="13"/><net_sink comp="845" pin=1"/></net>

<net id="856"><net_src comp="845" pin="2"/><net_sink comp="851" pin=0"/></net>

<net id="857"><net_src comp="740" pin="13"/><net_sink comp="851" pin=1"/></net>

<net id="858"><net_src comp="713" pin="13"/><net_sink comp="851" pin=2"/></net>

<net id="874"><net_src comp="94" pin="0"/><net_sink comp="859" pin=0"/></net>

<net id="875"><net_src comp="78" pin="0"/><net_sink comp="859" pin=1"/></net>

<net id="876"><net_src comp="175" pin="3"/><net_sink comp="859" pin=2"/></net>

<net id="877"><net_src comp="80" pin="0"/><net_sink comp="859" pin=3"/></net>

<net id="878"><net_src comp="185" pin="3"/><net_sink comp="859" pin=4"/></net>

<net id="879"><net_src comp="72" pin="0"/><net_sink comp="859" pin=5"/></net>

<net id="880"><net_src comp="195" pin="3"/><net_sink comp="859" pin=6"/></net>

<net id="881"><net_src comp="74" pin="0"/><net_sink comp="859" pin=7"/></net>

<net id="882"><net_src comp="205" pin="3"/><net_sink comp="859" pin=8"/></net>

<net id="883"><net_src comp="76" pin="0"/><net_sink comp="859" pin=9"/></net>

<net id="884"><net_src comp="215" pin="3"/><net_sink comp="859" pin=10"/></net>

<net id="885"><net_src comp="96" pin="0"/><net_sink comp="859" pin=11"/></net>

<net id="901"><net_src comp="94" pin="0"/><net_sink comp="886" pin=0"/></net>

<net id="902"><net_src comp="76" pin="0"/><net_sink comp="886" pin=1"/></net>

<net id="903"><net_src comp="175" pin="3"/><net_sink comp="886" pin=2"/></net>

<net id="904"><net_src comp="78" pin="0"/><net_sink comp="886" pin=3"/></net>

<net id="905"><net_src comp="185" pin="3"/><net_sink comp="886" pin=4"/></net>

<net id="906"><net_src comp="80" pin="0"/><net_sink comp="886" pin=5"/></net>

<net id="907"><net_src comp="195" pin="3"/><net_sink comp="886" pin=6"/></net>

<net id="908"><net_src comp="72" pin="0"/><net_sink comp="886" pin=7"/></net>

<net id="909"><net_src comp="205" pin="3"/><net_sink comp="886" pin=8"/></net>

<net id="910"><net_src comp="74" pin="0"/><net_sink comp="886" pin=9"/></net>

<net id="911"><net_src comp="215" pin="3"/><net_sink comp="886" pin=10"/></net>

<net id="912"><net_src comp="96" pin="0"/><net_sink comp="886" pin=11"/></net>

<net id="917"><net_src comp="859" pin="13"/><net_sink comp="913" pin=0"/></net>

<net id="923"><net_src comp="913" pin="2"/><net_sink comp="918" pin=0"/></net>

<net id="924"><net_src comp="859" pin="13"/><net_sink comp="918" pin=1"/></net>

<net id="929"><net_src comp="886" pin="13"/><net_sink comp="925" pin=0"/></net>

<net id="930"><net_src comp="918" pin="3"/><net_sink comp="925" pin=1"/></net>

<net id="936"><net_src comp="925" pin="2"/><net_sink comp="931" pin=0"/></net>

<net id="937"><net_src comp="886" pin="13"/><net_sink comp="931" pin=1"/></net>

<net id="938"><net_src comp="918" pin="3"/><net_sink comp="931" pin=2"/></net>

<net id="943"><net_src comp="931" pin="3"/><net_sink comp="939" pin=0"/></net>

<net id="944"><net_src comp="939" pin="2"/><net_sink comp="401" pin=1"/></net>

<net id="945"><net_src comp="939" pin="2"/><net_sink comp="407" pin=1"/></net>

<net id="946"><net_src comp="939" pin="2"/><net_sink comp="413" pin=1"/></net>

<net id="947"><net_src comp="939" pin="2"/><net_sink comp="419" pin=1"/></net>

<net id="948"><net_src comp="939" pin="2"/><net_sink comp="425" pin=1"/></net>

<net id="949"><net_src comp="939" pin="2"/><net_sink comp="431" pin=1"/></net>

<net id="950"><net_src comp="939" pin="2"/><net_sink comp="437" pin=1"/></net>

<net id="951"><net_src comp="939" pin="2"/><net_sink comp="443" pin=1"/></net>

<net id="958"><net_src comp="114" pin="0"/><net_sink comp="952" pin=0"/></net>

<net id="962"><net_src comp="952" pin="4"/><net_sink comp="959" pin=0"/></net>

<net id="963"><net_src comp="959" pin="1"/><net_sink comp="345" pin=2"/></net>

<net id="964"><net_src comp="959" pin="1"/><net_sink comp="352" pin=2"/></net>

<net id="965"><net_src comp="959" pin="1"/><net_sink comp="359" pin=2"/></net>

<net id="966"><net_src comp="959" pin="1"/><net_sink comp="366" pin=2"/></net>

<net id="967"><net_src comp="959" pin="1"/><net_sink comp="373" pin=2"/></net>

<net id="968"><net_src comp="959" pin="1"/><net_sink comp="380" pin=2"/></net>

<net id="969"><net_src comp="959" pin="1"/><net_sink comp="387" pin=2"/></net>

<net id="970"><net_src comp="959" pin="1"/><net_sink comp="394" pin=2"/></net>

<net id="974"><net_src comp="116" pin="1"/><net_sink comp="971" pin=0"/></net>

<net id="975"><net_src comp="971" pin="1"/><net_sink comp="459" pin=1"/></net>

<net id="976"><net_src comp="971" pin="1"/><net_sink comp="479" pin=0"/></net>

<net id="977"><net_src comp="971" pin="1"/><net_sink comp="657" pin=1"/></net>

<net id="981"><net_src comp="120" pin="1"/><net_sink comp="978" pin=0"/></net>

<net id="982"><net_src comp="978" pin="1"/><net_sink comp="454" pin=1"/></net>

<net id="983"><net_src comp="978" pin="1"/><net_sink comp="482" pin=0"/></net>

<net id="984"><net_src comp="978" pin="1"/><net_sink comp="652" pin=1"/></net>

<net id="988"><net_src comp="124" pin="1"/><net_sink comp="985" pin=0"/></net>

<net id="989"><net_src comp="985" pin="1"/><net_sink comp="449" pin=1"/></net>

<net id="990"><net_src comp="985" pin="1"/><net_sink comp="464" pin=0"/></net>

<net id="991"><net_src comp="985" pin="1"/><net_sink comp="647" pin=1"/></net>

<net id="995"><net_src comp="128" pin="2"/><net_sink comp="992" pin=0"/></net>

<net id="996"><net_src comp="992" pin="1"/><net_sink comp="952" pin=1"/></net>

<net id="1000"><net_src comp="134" pin="2"/><net_sink comp="997" pin=0"/></net>

<net id="1001"><net_src comp="997" pin="1"/><net_sink comp="939" pin=1"/></net>

<net id="1005"><net_src comp="467" pin="2"/><net_sink comp="1002" pin=0"/></net>

<net id="1009"><net_src comp="513" pin="1"/><net_sink comp="1006" pin=0"/></net>

<net id="1010"><net_src comp="1006" pin="1"/><net_sink comp="674" pin=1"/></net>

<net id="1011"><net_src comp="1006" pin="1"/><net_sink comp="767" pin=1"/></net>

<net id="1012"><net_src comp="1006" pin="1"/><net_sink comp="806" pin=1"/></net>

<net id="1013"><net_src comp="1006" pin="1"/><net_sink comp="952" pin=2"/></net>

<net id="1017"><net_src comp="529" pin="1"/><net_sink comp="1014" pin=0"/></net>

<net id="1021"><net_src comp="533" pin="1"/><net_sink comp="1018" pin=0"/></net>

<net id="1022"><net_src comp="1018" pin="1"/><net_sink comp="674" pin=3"/></net>

<net id="1023"><net_src comp="1018" pin="1"/><net_sink comp="767" pin=3"/></net>

<net id="1024"><net_src comp="1018" pin="1"/><net_sink comp="806" pin=3"/></net>

<net id="1028"><net_src comp="547" pin="2"/><net_sink comp="1025" pin=0"/></net>

<net id="1029"><net_src comp="1025" pin="1"/><net_sink comp="609" pin=0"/></net>

<net id="1033"><net_src comp="599" pin="4"/><net_sink comp="1030" pin=0"/></net>

<net id="1034"><net_src comp="1030" pin="1"/><net_sink comp="666" pin=0"/></net>

<net id="1038"><net_src comp="615" pin="3"/><net_sink comp="1035" pin=0"/></net>

<net id="1039"><net_src comp="1035" pin="1"/><net_sink comp="952" pin=3"/></net>

<net id="1043"><net_src comp="662" pin="1"/><net_sink comp="1040" pin=0"/></net>

<net id="1044"><net_src comp="1040" pin="1"/><net_sink comp="713" pin=12"/></net>

<net id="1045"><net_src comp="1040" pin="1"/><net_sink comp="740" pin=12"/></net>

<net id="1046"><net_src comp="1040" pin="1"/><net_sink comp="859" pin=12"/></net>

<net id="1047"><net_src comp="1040" pin="1"/><net_sink comp="886" pin=12"/></net>

<net id="1051"><net_src comp="140" pin="3"/><net_sink comp="1048" pin=0"/></net>

<net id="1052"><net_src comp="1048" pin="1"/><net_sink comp="175" pin=2"/></net>

<net id="1056"><net_src comp="147" pin="3"/><net_sink comp="1053" pin=0"/></net>

<net id="1057"><net_src comp="1053" pin="1"/><net_sink comp="185" pin=2"/></net>

<net id="1061"><net_src comp="154" pin="3"/><net_sink comp="1058" pin=0"/></net>

<net id="1062"><net_src comp="1058" pin="1"/><net_sink comp="195" pin=2"/></net>

<net id="1066"><net_src comp="161" pin="3"/><net_sink comp="1063" pin=0"/></net>

<net id="1067"><net_src comp="1063" pin="1"/><net_sink comp="205" pin=2"/></net>

<net id="1071"><net_src comp="168" pin="3"/><net_sink comp="1068" pin=0"/></net>

<net id="1072"><net_src comp="1068" pin="1"/><net_sink comp="215" pin=2"/></net>

<net id="1076"><net_src comp="225" pin="3"/><net_sink comp="1073" pin=0"/></net>

<net id="1077"><net_src comp="1073" pin="1"/><net_sink comp="175" pin=2"/></net>

<net id="1081"><net_src comp="232" pin="3"/><net_sink comp="1078" pin=0"/></net>

<net id="1082"><net_src comp="1078" pin="1"/><net_sink comp="185" pin=2"/></net>

<net id="1086"><net_src comp="239" pin="3"/><net_sink comp="1083" pin=0"/></net>

<net id="1087"><net_src comp="1083" pin="1"/><net_sink comp="195" pin=2"/></net>

<net id="1091"><net_src comp="246" pin="3"/><net_sink comp="1088" pin=0"/></net>

<net id="1092"><net_src comp="1088" pin="1"/><net_sink comp="205" pin=2"/></net>

<net id="1096"><net_src comp="253" pin="3"/><net_sink comp="1093" pin=0"/></net>

<net id="1097"><net_src comp="1093" pin="1"/><net_sink comp="215" pin=2"/></net>

<net id="1101"><net_src comp="265" pin="3"/><net_sink comp="1098" pin=0"/></net>

<net id="1102"><net_src comp="1098" pin="1"/><net_sink comp="175" pin=0"/></net>

<net id="1106"><net_src comp="272" pin="3"/><net_sink comp="1103" pin=0"/></net>

<net id="1107"><net_src comp="1103" pin="1"/><net_sink comp="185" pin=0"/></net>

<net id="1111"><net_src comp="279" pin="3"/><net_sink comp="1108" pin=0"/></net>

<net id="1112"><net_src comp="1108" pin="1"/><net_sink comp="195" pin=0"/></net>

<net id="1116"><net_src comp="286" pin="3"/><net_sink comp="1113" pin=0"/></net>

<net id="1117"><net_src comp="1113" pin="1"/><net_sink comp="205" pin=0"/></net>

<net id="1121"><net_src comp="293" pin="3"/><net_sink comp="1118" pin=0"/></net>

<net id="1122"><net_src comp="1118" pin="1"/><net_sink comp="215" pin=0"/></net>

<net id="1126"><net_src comp="305" pin="3"/><net_sink comp="1123" pin=0"/></net>

<net id="1127"><net_src comp="1123" pin="1"/><net_sink comp="175" pin=0"/></net>

<net id="1131"><net_src comp="312" pin="3"/><net_sink comp="1128" pin=0"/></net>

<net id="1132"><net_src comp="1128" pin="1"/><net_sink comp="185" pin=0"/></net>

<net id="1136"><net_src comp="319" pin="3"/><net_sink comp="1133" pin=0"/></net>

<net id="1137"><net_src comp="1133" pin="1"/><net_sink comp="195" pin=0"/></net>

<net id="1141"><net_src comp="326" pin="3"/><net_sink comp="1138" pin=0"/></net>

<net id="1142"><net_src comp="1138" pin="1"/><net_sink comp="205" pin=0"/></net>

<net id="1146"><net_src comp="333" pin="3"/><net_sink comp="1143" pin=0"/></net>

<net id="1147"><net_src comp="1143" pin="1"/><net_sink comp="215" pin=0"/></net>

<net id="1151"><net_src comp="851" pin="3"/><net_sink comp="1148" pin=0"/></net>

<net id="1152"><net_src comp="1148" pin="1"/><net_sink comp="913" pin=1"/></net>

<net id="1153"><net_src comp="1148" pin="1"/><net_sink comp="918" pin=2"/></net>

</net_list>

</model> 
---------------- Datapath Model END ------------------

* FSMD analyzer results:
  - Output states:
	Port: bnn_top_int_const_unsigned_int_const_int_const_unsigned_int_const_int_co_20 | {14 }
	Port: bnn_top_int_const_unsigned_int_const_int_const_unsigned_int_const_int_co_4 | {}
	Port: bnn_top_int_const_unsigned_int_const_int_const_unsigned_int_const_int_co_3 | {}
	Port: bnn_top_int_const_unsigned_int_const_int_const_unsigned_int_const_int_co_2 | {}
	Port: bnn_top_int_const_unsigned_int_const_int_const_unsigned_int_const_int_co_1 | {}
	Port: bnn_top_int_const_unsigned_int_const_int_const_unsigned_int_const_int_co | {}
	Port: bnn_top_int_const_unsigned_int_const_int_const_unsigned_int_const_int_co_19 | {14 }
	Port: bnn_top_int_const_unsigned_int_const_int_const_unsigned_int_const_int_co_18 | {14 }
	Port: bnn_top_int_const_unsigned_int_const_int_const_unsigned_int_const_int_co_17 | {14 }
	Port: bnn_top_int_const_unsigned_int_const_int_const_unsigned_int_const_int_co_16 | {14 }
	Port: bnn_top_int_const_unsigned_int_const_int_const_unsigned_int_const_int_co_15 | {14 }
	Port: bnn_top_int_const_unsigned_int_const_int_const_unsigned_int_const_int_co_14 | {14 }
	Port: bnn_top_int_const_unsigned_int_const_int_const_unsigned_int_const_int_co_13 | {14 }
 - Input state : 
	Port: bnn_top_Pipeline_VITIS_LOOP_65_6_VITIS_LOOP_66_7 : TAU1_load | {1 }
	Port: bnn_top_Pipeline_VITIS_LOOP_65_6_VITIS_LOOP_66_7 : empty | {1 }
	Port: bnn_top_Pipeline_VITIS_LOOP_65_6_VITIS_LOOP_66_7 : bnn_top_int_const_unsigned_int_const_int_const_unsigned_int_const_int_co_20 | {}
	Port: bnn_top_Pipeline_VITIS_LOOP_65_6_VITIS_LOOP_66_7 : bnn_top_int_const_unsigned_int_const_int_const_unsigned_int_const_int_co_4 | {12 13 14 }
	Port: bnn_top_Pipeline_VITIS_LOOP_65_6_VITIS_LOOP_66_7 : bnn_top_int_const_unsigned_int_const_int_const_unsigned_int_const_int_co_3 | {12 13 14 }
	Port: bnn_top_Pipeline_VITIS_LOOP_65_6_VITIS_LOOP_66_7 : bnn_top_int_const_unsigned_int_const_int_const_unsigned_int_const_int_co_2 | {12 13 14 }
	Port: bnn_top_Pipeline_VITIS_LOOP_65_6_VITIS_LOOP_66_7 : bnn_top_int_const_unsigned_int_const_int_const_unsigned_int_const_int_co_1 | {12 13 14 }
	Port: bnn_top_Pipeline_VITIS_LOOP_65_6_VITIS_LOOP_66_7 : bnn_top_int_const_unsigned_int_const_int_const_unsigned_int_const_int_co | {12 13 14 }
	Port: bnn_top_Pipeline_VITIS_LOOP_65_6_VITIS_LOOP_66_7 : bnn_top_int_const_unsigned_int_const_int_const_unsigned_int_const_int_co_19 | {}
	Port: bnn_top_Pipeline_VITIS_LOOP_65_6_VITIS_LOOP_66_7 : bnn_top_int_const_unsigned_int_const_int_const_unsigned_int_const_int_co_18 | {}
	Port: bnn_top_Pipeline_VITIS_LOOP_65_6_VITIS_LOOP_66_7 : bnn_top_int_const_unsigned_int_const_int_const_unsigned_int_const_int_co_17 | {}
	Port: bnn_top_Pipeline_VITIS_LOOP_65_6_VITIS_LOOP_66_7 : bnn_top_int_const_unsigned_int_const_int_const_unsigned_int_const_int_co_16 | {}
	Port: bnn_top_Pipeline_VITIS_LOOP_65_6_VITIS_LOOP_66_7 : bnn_top_int_const_unsigned_int_const_int_const_unsigned_int_const_int_co_15 | {}
	Port: bnn_top_Pipeline_VITIS_LOOP_65_6_VITIS_LOOP_66_7 : bnn_top_int_const_unsigned_int_const_int_const_unsigned_int_const_int_co_14 | {}
	Port: bnn_top_Pipeline_VITIS_LOOP_65_6_VITIS_LOOP_66_7 : bnn_top_int_const_unsigned_int_const_int_const_unsigned_int_const_int_co_13 | {}
  - Chain level:
	State 1
		store_ln0 : 1
		store_ln65 : 1
		store_ln66 : 1
		indvar_flatten6_load : 1
		icmp_ln65 : 2
		add_ln65 : 2
		br_ln65 : 3
		pw_load : 1
		ph_load : 1
		icmp_ln66 : 2
		select_ln65 : 3
		add_ln65_1 : 2
		select_ln65_1 : 3
		trunc_ln68 : 4
		shl_ln5 : 5
		zext_ln68 : 6
		trunc_ln66 : 4
		trunc_ln68_1 : 4
		shl_ln68 : 4
		zext_ln68_1 : 4
		add_ln68 : 7
		zext_ln68_2 : 8
		p_shl : 5
		tmp_26 : 4
		zext_ln68_3 : 5
		sub_ln68 : 6
		add_ln68_1 : 9
		zext_ln68_5 : 10
		mul_ln68 : 11
		tmp_27 : 12
		urem_ln68 : 8
		tmp_31 : 4
		switch_ln73 : 5
		add_ln66 : 4
		store_ln65 : 3
		store_ln65 : 4
		store_ln66 : 5
	State 2
	State 3
	State 4
	State 5
	State 6
	State 7
	State 8
	State 9
	State 10
	State 11
		trunc_ln68_2 : 1
	State 12
		bnn_top_int_const_unsigned_int_const_int_const_unsigned_int_const_int_co_218 : 1
		bnn_top_int_const_unsigned_int_const_int_const_unsigned_int_const_int_co_219 : 1
		bnn_top_int_const_unsigned_int_const_int_const_unsigned_int_const_int_co_220 : 1
		bnn_top_int_const_unsigned_int_const_int_const_unsigned_int_const_int_co_221 : 1
		bnn_top_int_const_unsigned_int_const_int_const_unsigned_int_const_int_co_222 : 1
		bnn_top_int_const_unsigned_int_const_int_const_unsigned_int_const_int_co_223 : 2
		bnn_top_int_const_unsigned_int_const_int_const_unsigned_int_const_int_co_224 : 2
		bnn_top_int_const_unsigned_int_const_int_const_unsigned_int_const_int_co_225 : 2
		bnn_top_int_const_unsigned_int_const_int_const_unsigned_int_const_int_co_226 : 2
		bnn_top_int_const_unsigned_int_const_int_const_unsigned_int_const_int_co_227 : 2
		zext_ln69_1 : 1
		mul_ln69 : 2
		tmp_28 : 3
		zext_ln69 : 4
		bnn_top_int_const_unsigned_int_const_int_const_unsigned_int_const_int_co_228 : 5
		bnn_top_int_const_unsigned_int_const_int_const_unsigned_int_const_int_co_229 : 5
		bnn_top_int_const_unsigned_int_const_int_const_unsigned_int_const_int_co_230 : 5
		bnn_top_int_const_unsigned_int_const_int_const_unsigned_int_const_int_co_231 : 5
		bnn_top_int_const_unsigned_int_const_int_const_unsigned_int_const_int_co_232 : 5
		bnn_top_int_const_unsigned_int_const_int_const_unsigned_int_const_int_co_233 : 6
		bnn_top_int_const_unsigned_int_const_int_const_unsigned_int_const_int_co_234 : 6
		bnn_top_int_const_unsigned_int_const_int_const_unsigned_int_const_int_co_235 : 6
		bnn_top_int_const_unsigned_int_const_int_const_unsigned_int_const_int_co_236 : 6
		bnn_top_int_const_unsigned_int_const_int_const_unsigned_int_const_int_co_237 : 6
	State 13
		s0 : 1
		s1 : 1
		zext_ln70_1 : 1
		mul_ln70 : 2
		tmp_29 : 3
		zext_ln70 : 4
		bnn_top_int_const_unsigned_int_const_int_const_unsigned_int_const_int_co_238 : 5
		bnn_top_int_const_unsigned_int_const_int_const_unsigned_int_const_int_co_239 : 5
		bnn_top_int_const_unsigned_int_const_int_const_unsigned_int_const_int_co_240 : 5
		bnn_top_int_const_unsigned_int_const_int_const_unsigned_int_const_int_co_241 : 5
		bnn_top_int_const_unsigned_int_const_int_const_unsigned_int_const_int_co_242 : 5
		bnn_top_int_const_unsigned_int_const_int_const_unsigned_int_const_int_co_243 : 6
		bnn_top_int_const_unsigned_int_const_int_const_unsigned_int_const_int_co_244 : 6
		bnn_top_int_const_unsigned_int_const_int_const_unsigned_int_const_int_co_245 : 6
		bnn_top_int_const_unsigned_int_const_int_const_unsigned_int_const_int_co_246 : 6
		bnn_top_int_const_unsigned_int_const_int_const_unsigned_int_const_int_co_247 : 6
		zext_ln71_1 : 1
		mul_ln71 : 2
		tmp_30 : 3
		zext_ln71 : 4
		bnn_top_int_const_unsigned_int_const_int_const_unsigned_int_const_int_co_248 : 5
		bnn_top_int_const_unsigned_int_const_int_const_unsigned_int_const_int_co_249 : 5
		bnn_top_int_const_unsigned_int_const_int_const_unsigned_int_const_int_co_250 : 5
		bnn_top_int_const_unsigned_int_const_int_const_unsigned_int_const_int_co_251 : 5
		bnn_top_int_const_unsigned_int_const_int_const_unsigned_int_const_int_co_252 : 5
		bnn_top_int_const_unsigned_int_const_int_const_unsigned_int_const_int_co_253 : 6
		bnn_top_int_const_unsigned_int_const_int_const_unsigned_int_const_int_co_254 : 6
		bnn_top_int_const_unsigned_int_const_int_const_unsigned_int_const_int_co_255 : 6
		bnn_top_int_const_unsigned_int_const_int_const_unsigned_int_const_int_co_256 : 6
		bnn_top_int_const_unsigned_int_const_int_const_unsigned_int_const_int_co_257 : 6
		icmp_ln72 : 2
		m_5 : 3
	State 14
		s2 : 1
		s3 : 1
		icmp_ln72_1 : 2
		m_7 : 3
		icmp_ln72_2 : 4
		m_8 : 5
		icmp_ln73 : 6
		zext_ln73 : 1
		bnn_top_int_const_unsigned_int_const_int_const_unsigned_int_const_int_co_258 : 2
		bnn_top_int_const_unsigned_int_const_int_const_unsigned_int_const_int_co_259 : 2
		bnn_top_int_const_unsigned_int_const_int_const_unsigned_int_const_int_co_260 : 2
		bnn_top_int_const_unsigned_int_const_int_const_unsigned_int_const_int_co_261 : 2
		bnn_top_int_const_unsigned_int_const_int_const_unsigned_int_const_int_co_262 : 2
		bnn_top_int_const_unsigned_int_const_int_const_unsigned_int_const_int_co_263 : 2
		bnn_top_int_const_unsigned_int_const_int_const_unsigned_int_const_int_co_264 : 2
		bnn_top_int_const_unsigned_int_const_int_const_unsigned_int_const_int_co_265 : 2
		store_ln73 : 7
		store_ln73 : 7
		store_ln73 : 7
		store_ln73 : 7
		store_ln73 : 7
		store_ln73 : 7
		store_ln73 : 7
		store_ln73 : 7


============================================================
+ Verbose Summary: Datapath Resource usage 
============================================================

* Functional unit list:
|----------|----------------------------|---------|---------|---------|
| Operation|       Functional Unit      |   DSP   |    FF   |   LUT   |
|----------|----------------------------|---------|---------|---------|
|   urem   |         grp_fu_609         |    0    |   158   |    87   |
|----------|----------------------------|---------|---------|---------|
|          |      icmp_ln65_fu_467      |    0    |    0    |    16   |
|          |      icmp_ln66_fu_485      |    0    |    0    |    12   |
|   icmp   |      icmp_ln72_fu_845      |    0    |    0    |    39   |
|          |     icmp_ln72_1_fu_913     |    0    |    0    |    39   |
|          |     icmp_ln72_2_fu_925     |    0    |    0    |    39   |
|          |      icmp_ln73_fu_939      |    0    |    0    |    39   |
|----------|----------------------------|---------|---------|---------|
|          |     select_ln65_fu_491     |    0    |    0    |    5    |
|          |    select_ln65_1_fu_505    |    0    |    0    |    5    |
|  select  |         m_5_fu_851         |    0    |    0    |    32   |
|          |         m_7_fu_918         |    0    |    0    |    32   |
|          |         m_8_fu_931         |    0    |    0    |    32   |
|----------|----------------------------|---------|---------|---------|
|          |          s0_fu_713         |    0    |    0    |    26   |
| sparsemux|          s1_fu_740         |    0    |    0    |    26   |
|          |          s2_fu_859         |    0    |    0    |    26   |
|          |          s3_fu_886         |    0    |    0    |    26   |
|----------|----------------------------|---------|---------|---------|
|          |       add_ln65_fu_473      |    0    |    0    |    16   |
|          |      add_ln65_1_fu_499     |    0    |    0    |    12   |
|    add   |       add_ln68_fu_547      |    0    |    0    |    13   |
|          |      add_ln68_1_fu_583     |    0    |    0    |    18   |
|          |       add_ln66_fu_641      |    0    |    0    |    12   |
|----------|----------------------------|---------|---------|---------|
|          |       mul_ln68_fu_593      |    1    |    0    |    5    |
|    mul   |       mul_ln69_fu_688      |    1    |    0    |    5    |
|          |       mul_ln70_fu_781      |    1    |    0    |    5    |
|          |       mul_ln71_fu_820      |    1    |    0    |    5    |
|----------|----------------------------|---------|---------|---------|
|    sub   |       sub_ln68_fu_577      |    0    |    0    |    18   |
|----------|----------------------------|---------|---------|---------|
|   read   |       tmp_read_fu_128      |    0    |    0    |    0    |
|          | TAU1_load_read_read_fu_134 |    0    |    0    |    0    |
|----------|----------------------------|---------|---------|---------|
|          |      trunc_ln68_fu_513     |    0    |    0    |    0    |
|   trunc  |      trunc_ln66_fu_529     |    0    |    0    |    0    |
|          |     trunc_ln68_1_fu_533    |    0    |    0    |    0    |
|          |     trunc_ln68_2_fu_662    |    0    |    0    |    0    |
|----------|----------------------------|---------|---------|---------|
|          |       shl_ln5_fu_517       |    0    |    0    |    0    |
|          |        p_shl_fu_557        |    0    |    0    |    0    |
|          |        tmp_26_fu_565       |    0    |    0    |    0    |
|bitconcatenate|        add_ln_fu_674       |    0    |    0    |    0    |
|          |       add_ln1_fu_767       |    0    |    0    |    0    |
|          |       add_ln2_fu_806       |    0    |    0    |    0    |
|          |      add_ln73_1_fu_952     |    0    |    0    |    0    |
|----------|----------------------------|---------|---------|---------|
|          |      zext_ln68_fu_525      |    0    |    0    |    0    |
|          |     zext_ln68_1_fu_543     |    0    |    0    |    0    |
|          |     zext_ln68_2_fu_553     |    0    |    0    |    0    |
|          |     zext_ln68_3_fu_573     |    0    |    0    |    0    |
|          |     zext_ln68_5_fu_589     |    0    |    0    |    0    |
|          |     zext_ln68_4_fu_666     |    0    |    0    |    0    |
|   zext   |     zext_ln69_1_fu_684     |    0    |    0    |    0    |
|          |      zext_ln69_fu_704      |    0    |    0    |    0    |
|          |     zext_ln70_1_fu_777     |    0    |    0    |    0    |
|          |      zext_ln70_fu_797      |    0    |    0    |    0    |
|          |     zext_ln71_1_fu_816     |    0    |    0    |    0    |
|          |      zext_ln71_fu_836      |    0    |    0    |    0    |
|          |      zext_ln73_fu_959      |    0    |    0    |    0    |
|----------|----------------------------|---------|---------|---------|
|    shl   |       shl_ln68_fu_537      |    0    |    0    |    0    |
|----------|----------------------------|---------|---------|---------|
|          |        tmp_27_fu_599       |    0    |    0    |    0    |
|partselect|        tmp_28_fu_694       |    0    |    0    |    0    |
|          |        tmp_29_fu_787       |    0    |    0    |    0    |
|          |        tmp_30_fu_826       |    0    |    0    |    0    |
|----------|----------------------------|---------|---------|---------|
| bitselect|        tmp_31_fu_615       |    0    |    0    |    0    |
|----------|----------------------------|---------|---------|---------|
|  switch  |     switch_ln73_fu_623     |    0    |    0    |    0    |
|----------|----------------------------|---------|---------|---------|
|   Total  |                            |    4    |   158   |   590   |
|----------|----------------------------|---------|---------|---------|

Memories:
N/A

* Register list:
+-------------------------------------------------------------------------------------+--------+
|                                                                                     |   FF   |
+-------------------------------------------------------------------------------------+--------+
|                                TAU1_load_read_reg_997                               |   32   |
|                                  add_ln68_reg_1025                                  |    7   |
|bnn_top_int_const_unsigned_int_const_int_const_unsigned_int_const_int_co_218_reg_1048|    8   |
|bnn_top_int_const_unsigned_int_const_int_const_unsigned_int_const_int_co_219_reg_1053|    8   |
|bnn_top_int_const_unsigned_int_const_int_const_unsigned_int_const_int_co_220_reg_1058|    8   |
|bnn_top_int_const_unsigned_int_const_int_const_unsigned_int_const_int_co_221_reg_1063|    8   |
|bnn_top_int_const_unsigned_int_const_int_const_unsigned_int_const_int_co_222_reg_1068|    8   |
|bnn_top_int_const_unsigned_int_const_int_const_unsigned_int_const_int_co_228_reg_1073|    8   |
|bnn_top_int_const_unsigned_int_const_int_const_unsigned_int_const_int_co_229_reg_1078|    8   |
|bnn_top_int_const_unsigned_int_const_int_const_unsigned_int_const_int_co_230_reg_1083|    8   |
|bnn_top_int_const_unsigned_int_const_int_const_unsigned_int_const_int_co_231_reg_1088|    8   |
|bnn_top_int_const_unsigned_int_const_int_const_unsigned_int_const_int_co_232_reg_1093|    8   |
|bnn_top_int_const_unsigned_int_const_int_const_unsigned_int_const_int_co_238_reg_1098|    8   |
|bnn_top_int_const_unsigned_int_const_int_const_unsigned_int_const_int_co_239_reg_1103|    8   |
|bnn_top_int_const_unsigned_int_const_int_const_unsigned_int_const_int_co_240_reg_1108|    8   |
|bnn_top_int_const_unsigned_int_const_int_const_unsigned_int_const_int_co_241_reg_1113|    8   |
|bnn_top_int_const_unsigned_int_const_int_const_unsigned_int_const_int_co_242_reg_1118|    8   |
|bnn_top_int_const_unsigned_int_const_int_const_unsigned_int_const_int_co_248_reg_1123|    8   |
|bnn_top_int_const_unsigned_int_const_int_const_unsigned_int_const_int_co_249_reg_1128|    8   |
|bnn_top_int_const_unsigned_int_const_int_const_unsigned_int_const_int_co_250_reg_1133|    8   |
|bnn_top_int_const_unsigned_int_const_int_const_unsigned_int_const_int_co_251_reg_1138|    8   |
|bnn_top_int_const_unsigned_int_const_int_const_unsigned_int_const_int_co_252_reg_1143|    8   |
|                                  icmp_ln65_reg_1002                                 |    1   |
|                               indvar_flatten6_reg_985                               |    9   |
|                                     m_5_reg_1148                                    |   32   |
|                                      ph_reg_978                                     |    5   |
|                                      pw_reg_971                                     |    5   |
|                                   tmp_27_reg_1030                                   |    8   |
|                                   tmp_31_reg_1035                                   |    1   |
|                                     tmp_reg_992                                     |    5   |
|                                 trunc_ln66_reg_1014                                 |    3   |
|                                trunc_ln68_1_reg_1018                                |    4   |
|                                trunc_ln68_2_reg_1040                                |    3   |
|                                 trunc_ln68_reg_1006                                 |    4   |
+-------------------------------------------------------------------------------------+--------+
|                                        Total                                        |   279  |
+-------------------------------------------------------------------------------------+--------+

* Multiplexer (MUX) list: 
|-------------------|------|------|------|--------||---------||---------||---------|
|        Comp       |  Pin | Size |  BW  | S x BW ||  Delay  ||    FF   ||   LUT   |
|-------------------|------|------|------|--------||---------||---------||---------|
| grp_access_fu_175 |  p0  |   4  |   8  |   32   ||    0    ||    20   |
| grp_access_fu_175 |  p2  |   4  |   0  |    0   ||    0    ||    20   |
| grp_access_fu_185 |  p0  |   4  |   8  |   32   ||    0    ||    20   |
| grp_access_fu_185 |  p2  |   4  |   0  |    0   ||    0    ||    20   |
| grp_access_fu_195 |  p0  |   4  |   8  |   32   ||    0    ||    20   |
| grp_access_fu_195 |  p2  |   4  |   0  |    0   ||    0    ||    20   |
| grp_access_fu_205 |  p0  |   4  |   8  |   32   ||    0    ||    20   |
| grp_access_fu_205 |  p2  |   4  |   0  |    0   ||    0    ||    20   |
| grp_access_fu_215 |  p0  |   4  |   8  |   32   ||    0    ||    20   |
| grp_access_fu_215 |  p2  |   4  |   0  |    0   ||    0    ||    20   |
|     grp_fu_609    |  p0  |   2  |   7  |   14   ||    0    ||    9    |
|-------------------|------|------|------|--------||---------||---------||---------|
|       Total       |      |      |      |   174  ||  5.677  ||    0    ||   209   |
|-------------------|------|------|------|--------||---------||---------||---------|



* Summary:
+-----------+--------+--------+--------+--------+
|           |   DSP  |  Delay |   FF   |   LUT  |
+-----------+--------+--------+--------+--------+
|  Function |    4   |    -   |   158  |   590  |
|   Memory  |    -   |    -   |    -   |    -   |
|Multiplexer|    -   |    5   |    0   |   209  |
|  Register |    -   |    -   |   279  |    -   |
+-----------+--------+--------+--------+--------+
|   Total   |    4   |    5   |   437  |   799  |
+-----------+--------+--------+--------+--------+
