Copyright 1986-2022 Xilinx, Inc. All Rights Reserved. Copyright 2022-2025 Advanced Micro Devices, Inc. All Rights Reserved.
--------------------------------------------------------------------------------------------------------------------------------------------------
| Tool Version      : Vivado v.2025.2 (win64) Build 6299465 Fri Nov 14 19:35:11 GMT 2025
| Date              : Mon Aug 17 18:06:47 2026
| Host              : Tusla-Kitas running 64-bit major release  (build 9200)
| Command           : report_timing_summary -file timing_top_clk.rpt -max_paths 10
| Design            : top_clk
| Device            : xczu7ev-ffvc1156
| Speed File        : -2  PRODUCTION 1.30 05-15-2022
| Design State      : Optimized
| Temperature Grade : E
--------------------------------------------------------------------------------------------------------------------------------------------------

Timing Summary Report

------------------------------------------------------------------------------------------------
| Timer Settings
| --------------
------------------------------------------------------------------------------------------------

  Enable Multi Corner Analysis               :  Yes
  Enable Pessimism Removal                   :  Yes
  Pessimism Removal Resolution               :  Nearest Common Node
  Enable Input Delay Default Clock           :  No
  Enable Preset / Clear Arcs                 :  No
  Disable Flight Delays                      :  No
  Ignore I/O Paths                           :  No
  Timing Early Launch at Borrowing Latches   :  No
  Borrow Time for Max Delay Exceptions       :  Yes
  Merge Timing Exceptions                    :  Yes
  Inter-SLR Compensation                     :  Conservative

  Corner  Analyze    Analyze    
  Name    Max Paths  Min Paths  
  ------  ---------  ---------  
  Slow    Yes        Yes        
  Fast    Yes        Yes        


------------------------------------------------------------------------------------------------
| Report Methodology
| ------------------
------------------------------------------------------------------------------------------------

No report available as report_methodology has not been run prior. Run report_methodology on the current design for the summary of methodology violations.



check_timing report

Table of Contents
-----------------
1. checking no_clock (0)
2. checking constant_clock (0)
3. checking pulse_width_clock (0)
4. checking unconstrained_internal_endpoints (0)
5. checking no_input_delay (2)
6. checking no_output_delay (64)
7. checking multiple_clock (0)
8. checking generated_clocks (0)
9. checking loops (0)
10. checking partial_input_delay (0)
11. checking partial_output_delay (0)
12. checking latch_loops (0)

1. checking no_clock (0)
------------------------
 There are 0 register/latch pins with no clock.


2. checking constant_clock (0)
------------------------------
 There are 0 register/latch pins with constant_clock.


3. checking pulse_width_clock (0)
---------------------------------
 There are 0 register/latch pins which need pulse_width check


4. checking unconstrained_internal_endpoints (0)
------------------------------------------------
 There are 0 pins that are not constrained for maximum delay.

 There are 0 pins that are not constrained for maximum delay due to constant clock.


5. checking no_input_delay (2)
------------------------------
 There are 2 input ports with no input delay specified. (HIGH)

 There are 0 input ports with no input delay but user has a false path constraint.


6. checking no_output_delay (64)
--------------------------------
 There are 64 ports with no output delay specified. (HIGH)

 There are 0 ports with no output delay but user has a false path constraint

 There are 0 ports with no output delay but with a timing clock defined on it or propagating through it


7. checking multiple_clock (0)
------------------------------
 There are 0 register/latch pins with multiple clocks.


8. checking generated_clocks (0)
--------------------------------
 There are 0 generated clocks that are not connected to a clock source.


9. checking loops (0)
---------------------
 There are 0 combinational loops in the design.


10. checking partial_input_delay (0)
------------------------------------
 There are 0 input ports with partial input delay specified.


11. checking partial_output_delay (0)
-------------------------------------
 There are 0 ports with partial output delay specified.


12. checking latch_loops (0)
----------------------------
 There are 0 combinational latch loops in the design through latch input



------------------------------------------------------------------------------------------------
| Design Timing Summary
| ---------------------
------------------------------------------------------------------------------------------------

    WNS(ns)      TNS(ns)  TNS Failing Endpoints  TNS Total Endpoints      WHS(ns)      THS(ns)  THS Failing Endpoints  THS Total Endpoints     WPWS(ns)     TPWS(ns)  TPWS Failing Endpoints  TPWS Total Endpoints  
    -------      -------  ---------------------  -------------------      -------      -------  ---------------------  -------------------     --------     --------  ----------------------  --------------------  
      3.392        0.000                      0                41018        0.047        0.000                      0                41018        4.458        0.000                       0                 17484  


All user specified timing constraints are met.


------------------------------------------------------------------------------------------------
| Clock Summary
| -------------
------------------------------------------------------------------------------------------------

Clock  Waveform(ns)       Period(ns)      Frequency(MHz)
-----  ------------       ----------      --------------
clk    {0.000 5.000}      10.000          100.000         


------------------------------------------------------------------------------------------------
| Intra Clock Table
| -----------------
------------------------------------------------------------------------------------------------

Clock             WNS(ns)      TNS(ns)  TNS Failing Endpoints  TNS Total Endpoints      WHS(ns)      THS(ns)  THS Failing Endpoints  THS Total Endpoints     WPWS(ns)     TPWS(ns)  TPWS Failing Endpoints  TPWS Total Endpoints  
-----             -------      -------  ---------------------  -------------------      -------      -------  ---------------------  -------------------     --------     --------  ----------------------  --------------------  
clk                 3.392        0.000                      0                41018        0.047        0.000                      0                41018        4.458        0.000                       0                 17484  


------------------------------------------------------------------------------------------------
| Inter Clock Table
| -----------------
------------------------------------------------------------------------------------------------

From Clock    To Clock          WNS(ns)      TNS(ns)  TNS Failing Endpoints  TNS Total Endpoints      WHS(ns)      THS(ns)  THS Failing Endpoints  THS Total Endpoints  
----------    --------          -------      -------  ---------------------  -------------------      -------      -------  ---------------------  -------------------  


------------------------------------------------------------------------------------------------
| Other Path Groups Table
| -----------------------
------------------------------------------------------------------------------------------------

Path Group    From Clock    To Clock          WNS(ns)      TNS(ns)  TNS Failing Endpoints  TNS Total Endpoints      WHS(ns)      THS(ns)  THS Failing Endpoints  THS Total Endpoints  
----------    ----------    --------          -------      -------  ---------------------  -------------------      -------      -------  ---------------------  -------------------  


------------------------------------------------------------------------------------------------
| Timing Details
| --------------
------------------------------------------------------------------------------------------------


---------------------------------------------------------------------------------------------------
From Clock:  clk
  To Clock:  clk

Setup :            0  Failing Endpoints,  Worst Slack        3.392ns,  Total Violation        0.000ns
Hold  :            0  Failing Endpoints,  Worst Slack        0.047ns,  Total Violation        0.000ns
PW    :            0  Failing Endpoints,  Worst Slack        4.458ns,  Total Violation        0.000ns
---------------------------------------------------------------------------------------------------


Max Delay Paths
--------------------------------------------------------------------------------------
Slack (MET) :             3.392ns  (required time - arrival time)
  Source:                 u3/part5/DSP_A_B_DATA_INST/CLK
                            (rising edge-triggered cell DSP_A_B_DATA clocked by clk  {rise@0.000ns fall@5.000ns period=10.000ns})
  Destination:            u3/acc_reg[25]/D
                            (rising edge-triggered cell FDRE clocked by clk  {rise@0.000ns fall@5.000ns period=10.000ns})
  Path Group:             clk
  Path Type:              Setup (Max at Slow Process Corner)
  Requirement:            10.000ns  (clk rise@10.000ns - clk rise@0.000ns)
  Data Path Delay:        6.559ns  (logic 3.393ns (51.730%)  route 3.166ns (48.270%))
  Logic Levels:           26  (CARRY8=6 DSP_ALU=1 DSP_M_DATA=1 DSP_MULTIPLIER=1 DSP_OUTPUT=1 DSP_PREADD_DATA=1 LUT2=3 LUT3=2 LUT5=1 LUT6=5 MUXF7=2 MUXF8=2)
  Clock Path Skew:        -0.039ns (DCD - SCD + CPR)
    Destination Clock Delay (DCD):    0.021ns = ( 10.021 - 10.000 ) 
    Source Clock Delay      (SCD):    0.060ns
    Clock Pessimism Removal (CPR):    0.000ns
  Clock Uncertainty:      0.035ns  ((TSJ^2 + TIJ^2)^1/2 + DJ) / 2 + PE
    Total System Jitter     (TSJ):    0.071ns
    Total Input Jitter      (TIJ):    0.000ns
    Discrete Jitter          (DJ):    0.000ns
    Phase Error              (PE):    0.000ns

    Location             Delay type                Incr(ns)  Path(ns)    Netlist Resource(s)
  -------------------------------------------------------------------    -------------------
                         (clock clk rise edge)        0.000     0.000 r  
                                                      0.000     0.000 r  clk (IN)
                         net (fo=17489, unset)        0.060     0.060    u3/part5/CLK
                         DSP_A_B_DATA                                 r  u3/part5/DSP_A_B_DATA_INST/CLK
  -------------------------------------------------------------------    -------------------
                         DSP_A_B_DATA (Prop_DSP_A_B_DATA_CLK_A2_DATA[0])
                                                      0.234     0.294 r  u3/part5/DSP_A_B_DATA_INST/A2_DATA[0]
                         net (fo=1, unplaced)         0.000     0.294    u3/part5/DSP_A_B_DATA.A2_DATA<0>
                         DSP_PREADD_DATA (Prop_DSP_PREADD_DATA_A2_DATA[0]_A2A1[0])
                                                      0.076     0.370 r  u3/part5/DSP_PREADD_DATA_INST/A2A1[0]
                         net (fo=1, unplaced)         0.000     0.370    u3/part5/DSP_PREADD_DATA.A2A1<0>
                         DSP_MULTIPLIER (Prop_DSP_MULTIPLIER_A2A1[0]_V[0])
                                                      0.507     0.877 f  u3/part5/DSP_MULTIPLIER_INST/V[0]
                         net (fo=1, unplaced)         0.000     0.877    u3/part5/DSP_MULTIPLIER.V<0>
                         DSP_M_DATA (Prop_DSP_M_DATA_V[0]_V_DATA[0])
                                                      0.046     0.923 r  u3/part5/DSP_M_DATA_INST/V_DATA[0]
                         net (fo=1, unplaced)         0.000     0.923    u3/part5/DSP_M_DATA.V_DATA<0>
                         DSP_ALU (Prop_DSP_ALU_V_DATA[0]_ALU_OUT[0])
                                                      0.571     1.494 f  u3/part5/DSP_ALU_INST/ALU_OUT[0]
                         net (fo=1, unplaced)         0.000     1.494    u3/part5/DSP_ALU.ALU_OUT<0>
                         DSP_OUTPUT (Prop_DSP_OUTPUT_ALU_OUT[0]_P[0])
                                                      0.109     1.603 r  u3/part5/DSP_OUTPUT_INST/P[0]
                         net (fo=2, unplaced)         0.206     1.809    u3/part5_n_105
                         LUT2 (Prop_LUT2_I0_O)        0.053     1.862 r  u3/psum_reg_r1_0_63_0_6_i_238__1/O
                         net (fo=1, unplaced)         0.020     1.882    u3/psum_reg_r1_0_63_0_6_i_238__1_n_0
                         CARRY8 (Prop_CARRY8_S[0]_O[5])
                                                      0.240     2.122 r  u3/psum_reg_r1_0_63_0_6_i_97__1/O[5]
                         net (fo=1323, unplaced)      0.301     2.423    u3/psum_reg_r1_0_63_0_6_i_97__1_n_10
                         LUT6 (Prop_LUT6_I0_O)        0.150     2.573 r  u3/psum_reg_r1_0_63_0_6_i_855__0/O
                         net (fo=7, unplaced)         0.211     2.784    u3/psum_reg_r1_0_63_0_6_i_855__0_n_0
                         LUT3 (Prop_LUT3_I1_O)        0.038     2.822 r  u3/psum_reg_r1_0_63_0_6_i_15030__0/O
                         net (fo=128, unplaced)       0.324     3.146    u3/psum_reg_r1_0_63_0_6_i_15030__0_n_0
                         MUXF7 (Prop_MUXF7_S_O)       0.077     3.223 r  u3/p_0_out_inferred__10/psum_reg_r1_0_63_0_6_i_9444/O
                         net (fo=1, unplaced)         0.000     3.223    u3/p_0_out_inferred__10/psum_reg_r1_0_63_0_6_i_9444_n_0
                         MUXF8 (Prop_MUXF8_I0_O)      0.030     3.253 r  u3/p_0_out_inferred__10/psum_reg_r1_0_63_0_6_i_4724/O
                         net (fo=1, unplaced)         0.186     3.439    u3/p_0_out_inferred__10/psum_reg_r1_0_63_0_6_i_4724_n_0
                         LUT6 (Prop_LUT6_I0_O)        0.099     3.538 r  u3/p_0_out_inferred__10/psum_reg_r1_0_63_0_6_i_2035/O
                         net (fo=1, unplaced)         0.032     3.570    u3/p_0_out_inferred__10/psum_reg_r1_0_63_0_6_i_2035_n_0
                         MUXF7 (Prop_MUXF7_I0_O)      0.069     3.639 r  u3/p_0_out_inferred__10/psum_reg_r1_0_63_0_6_i_869/O
                         net (fo=1, unplaced)         0.000     3.639    u3/p_0_out_inferred__10/psum_reg_r1_0_63_0_6_i_869_n_0
                         MUXF8 (Prop_MUXF8_I0_O)      0.030     3.669 r  u3/p_0_out_inferred__10/psum_reg_r1_0_63_0_6_i_371/O
                         net (fo=1, unplaced)         0.186     3.855    u3/p_0_out_inferred__10/psum_reg_r1_0_63_0_6_i_371_n_0
                         LUT6 (Prop_LUT6_I0_O)        0.100     3.955 r  u3/p_0_out_inferred__10/psum_reg_r1_0_63_0_6_i_159/O
                         net (fo=1, unplaced)         0.186     4.141    u3/p_0_out_inferred__10/psum_reg_r1_0_63_0_6_i_159_n_0
                         LUT6 (Prop_LUT6_I5_O)        0.038     4.179 r  u3/p_0_out_inferred__10/psum_reg_r1_0_63_0_6_i_70/O
                         net (fo=2, unplaced)         0.186     4.365    u3/p_0_out_inferred__10/psum_reg_r1_0_63_0_6_i_70_n_0
                         LUT6 (Prop_LUT6_I5_O)        0.038     4.403 f  u3/psum_reg_r1_0_63_0_6_i_38__1/O
                         net (fo=4, unplaced)         0.198     4.601    u3/part0_out[3]
                         LUT5 (Prop_LUT5_I0_O)        0.066     4.667 f  u3/psum_reg_r1_0_63_0_6_i_39__1/O
                         net (fo=1, unplaced)         0.163     4.830    u3/psum_reg_r1_0_63_0_6_i_39__1_n_0
                         CARRY8 (Prop_CARRY8_DI[3]_CO[4])
                                                      0.156     4.986 f  u3/psum_reg_r1_0_63_0_6_i_28__1/CO[4]
                         net (fo=27, unplaced)        0.240     5.226    u3/psum_reg_r1_0_63_0_6_i_28__1_n_3
                         LUT2 (Prop_LUT2_I0_O)        0.070     5.296 r  u3/psum_reg_r1_0_63_7_13_i_18__1/O
                         net (fo=1, unplaced)         0.260     5.556    u3/psum_reg_r1_0_63_7_13_i_18__1_n_0
                         CARRY8 (Prop_CARRY8_DI[0]_CO[7])
                                                      0.140     5.696 r  u3/psum_reg_r1_0_63_7_13_i_10__1/CO[7]
                         net (fo=1, unplaced)         0.005     5.701    u3/psum_reg_r1_0_63_7_13_i_10__1_n_0
                         CARRY8 (Prop_CARRY8_CI_O[1])
                                                      0.076     5.777 r  u3/psum_reg_r1_0_63_14_20_i_10__1/O[1]
                         net (fo=1, unplaced)         0.184     5.961    u3/part[17]
                         LUT2 (Prop_LUT2_I1_O)        0.037     5.998 r  u3/psum_reg_r1_0_63_14_20_i_8__1/O
                         net (fo=1, unplaced)         0.023     6.021    u3/psum_reg_r1_0_63_14_20_i_8__1_n_0
                         CARRY8 (Prop_CARRY8_S[1]_CO[7])
                                                      0.197     6.218 r  u3/psum_reg_r1_0_63_14_20_i_1__1/CO[7]
                         net (fo=1, unplaced)         0.005     6.223    u3/psum_reg_r1_0_63_14_20_i_1__1_n_0
                         CARRY8 (Prop_CARRY8_CI_O[1])
                                                      0.076     6.299 r  u3/psum_reg_r1_0_63_21_27_i_1__1/O[1]
                         net (fo=5, unplaced)         0.202     6.501    u3/psum_reg_r1_0_63_21_27_i_1__1_n_14
                         LUT3 (Prop_LUT3_I2_O)        0.070     6.571 r  u3/acc[25]_i_1__0/O
                         net (fo=1, unplaced)         0.048     6.619    u3/acc[25]_i_1__0_n_0
                         FDRE                                         r  u3/acc_reg[25]/D
  -------------------------------------------------------------------    -------------------

                         (clock clk rise edge)       10.000    10.000 r  
                                                      0.000    10.000 r  clk (IN)
                         net (fo=17489, unset)        0.021    10.021    u3/clk
                         FDRE                                         r  u3/acc_reg[25]/C
                         clock pessimism              0.000    10.021    
                         clock uncertainty           -0.035     9.986    
                         FDRE (Setup_FDRE_C_D)        0.025    10.011    u3/acc_reg[25]
  -------------------------------------------------------------------
                         required time                         10.011    
                         arrival time                          -6.619    
  -------------------------------------------------------------------
                         slack                                  3.392    

Slack (MET) :             3.398ns  (required time - arrival time)
  Source:                 u3/part5/DSP_A_B_DATA_INST/CLK
                            (rising edge-triggered cell DSP_A_B_DATA clocked by clk  {rise@0.000ns fall@5.000ns period=10.000ns})
  Destination:            u3/acc_reg[31]/D
                            (rising edge-triggered cell FDRE clocked by clk  {rise@0.000ns fall@5.000ns period=10.000ns})
  Path Group:             clk
  Path Type:              Setup (Max at Slow Process Corner)
  Requirement:            10.000ns  (clk rise@10.000ns - clk rise@0.000ns)
  Data Path Delay:        6.553ns  (logic 3.433ns (52.388%)  route 3.120ns (47.612%))
  Logic Levels:           26  (CARRY8=6 DSP_ALU=1 DSP_M_DATA=1 DSP_MULTIPLIER=1 DSP_OUTPUT=1 DSP_PREADD_DATA=1 LUT2=3 LUT3=2 LUT5=1 LUT6=5 MUXF7=2 MUXF8=2)
  Clock Path Skew:        -0.039ns (DCD - SCD + CPR)
    Destination Clock Delay (DCD):    0.021ns = ( 10.021 - 10.000 ) 
    Source Clock Delay      (SCD):    0.060ns
    Clock Pessimism Removal (CPR):    0.000ns
  Clock Uncertainty:      0.035ns  ((TSJ^2 + TIJ^2)^1/2 + DJ) / 2 + PE
    Total System Jitter     (TSJ):    0.071ns
    Total Input Jitter      (TIJ):    0.000ns
    Discrete Jitter          (DJ):    0.000ns
    Phase Error              (PE):    0.000ns

    Location             Delay type                Incr(ns)  Path(ns)    Netlist Resource(s)
  -------------------------------------------------------------------    -------------------
                         (clock clk rise edge)        0.000     0.000 r  
                                                      0.000     0.000 r  clk (IN)
                         net (fo=17489, unset)        0.060     0.060    u3/part5/CLK
                         DSP_A_B_DATA                                 r  u3/part5/DSP_A_B_DATA_INST/CLK
  -------------------------------------------------------------------    -------------------
                         DSP_A_B_DATA (Prop_DSP_A_B_DATA_CLK_A2_DATA[0])
                                                      0.234     0.294 r  u3/part5/DSP_A_B_DATA_INST/A2_DATA[0]
                         net (fo=1, unplaced)         0.000     0.294    u3/part5/DSP_A_B_DATA.A2_DATA<0>
                         DSP_PREADD_DATA (Prop_DSP_PREADD_DATA_A2_DATA[0]_A2A1[0])
                                                      0.076     0.370 r  u3/part5/DSP_PREADD_DATA_INST/A2A1[0]
                         net (fo=1, unplaced)         0.000     0.370    u3/part5/DSP_PREADD_DATA.A2A1<0>
                         DSP_MULTIPLIER (Prop_DSP_MULTIPLIER_A2A1[0]_V[0])
                                                      0.507     0.877 f  u3/part5/DSP_MULTIPLIER_INST/V[0]
                         net (fo=1, unplaced)         0.000     0.877    u3/part5/DSP_MULTIPLIER.V<0>
                         DSP_M_DATA (Prop_DSP_M_DATA_V[0]_V_DATA[0])
                                                      0.046     0.923 r  u3/part5/DSP_M_DATA_INST/V_DATA[0]
                         net (fo=1, unplaced)         0.000     0.923    u3/part5/DSP_M_DATA.V_DATA<0>
                         DSP_ALU (Prop_DSP_ALU_V_DATA[0]_ALU_OUT[0])
                                                      0.571     1.494 f  u3/part5/DSP_ALU_INST/ALU_OUT[0]
                         net (fo=1, unplaced)         0.000     1.494    u3/part5/DSP_ALU.ALU_OUT<0>
                         DSP_OUTPUT (Prop_DSP_OUTPUT_ALU_OUT[0]_P[0])
                                                      0.109     1.603 r  u3/part5/DSP_OUTPUT_INST/P[0]
                         net (fo=2, unplaced)         0.206     1.809    u3/part5_n_105
                         LUT2 (Prop_LUT2_I0_O)        0.053     1.862 r  u3/psum_reg_r1_0_63_0_6_i_238__1/O
                         net (fo=1, unplaced)         0.020     1.882    u3/psum_reg_r1_0_63_0_6_i_238__1_n_0
                         CARRY8 (Prop_CARRY8_S[0]_O[5])
                                                      0.240     2.122 r  u3/psum_reg_r1_0_63_0_6_i_97__1/O[5]
                         net (fo=1323, unplaced)      0.301     2.423    u3/psum_reg_r1_0_63_0_6_i_97__1_n_10
                         LUT6 (Prop_LUT6_I0_O)        0.150     2.573 r  u3/psum_reg_r1_0_63_0_6_i_855__0/O
                         net (fo=7, unplaced)         0.211     2.784    u3/psum_reg_r1_0_63_0_6_i_855__0_n_0
                         LUT3 (Prop_LUT3_I1_O)        0.038     2.822 r  u3/psum_reg_r1_0_63_0_6_i_15030__0/O
                         net (fo=128, unplaced)       0.324     3.146    u3/psum_reg_r1_0_63_0_6_i_15030__0_n_0
                         MUXF7 (Prop_MUXF7_S_O)       0.077     3.223 r  u3/p_0_out_inferred__10/psum_reg_r1_0_63_0_6_i_9444/O
                         net (fo=1, unplaced)         0.000     3.223    u3/p_0_out_inferred__10/psum_reg_r1_0_63_0_6_i_9444_n_0
                         MUXF8 (Prop_MUXF8_I0_O)      0.030     3.253 r  u3/p_0_out_inferred__10/psum_reg_r1_0_63_0_6_i_4724/O
                         net (fo=1, unplaced)         0.186     3.439    u3/p_0_out_inferred__10/psum_reg_r1_0_63_0_6_i_4724_n_0
                         LUT6 (Prop_LUT6_I0_O)        0.099     3.538 r  u3/p_0_out_inferred__10/psum_reg_r1_0_63_0_6_i_2035/O
                         net (fo=1, unplaced)         0.032     3.570    u3/p_0_out_inferred__10/psum_reg_r1_0_63_0_6_i_2035_n_0
                         MUXF7 (Prop_MUXF7_I0_O)      0.069     3.639 r  u3/p_0_out_inferred__10/psum_reg_r1_0_63_0_6_i_869/O
                         net (fo=1, unplaced)         0.000     3.639    u3/p_0_out_inferred__10/psum_reg_r1_0_63_0_6_i_869_n_0
                         MUXF8 (Prop_MUXF8_I0_O)      0.030     3.669 r  u3/p_0_out_inferred__10/psum_reg_r1_0_63_0_6_i_371/O
                         net (fo=1, unplaced)         0.186     3.855    u3/p_0_out_inferred__10/psum_reg_r1_0_63_0_6_i_371_n_0
                         LUT6 (Prop_LUT6_I0_O)        0.100     3.955 r  u3/p_0_out_inferred__10/psum_reg_r1_0_63_0_6_i_159/O
                         net (fo=1, unplaced)         0.186     4.141    u3/p_0_out_inferred__10/psum_reg_r1_0_63_0_6_i_159_n_0
                         LUT6 (Prop_LUT6_I5_O)        0.038     4.179 r  u3/p_0_out_inferred__10/psum_reg_r1_0_63_0_6_i_70/O
                         net (fo=2, unplaced)         0.186     4.365    u3/p_0_out_inferred__10/psum_reg_r1_0_63_0_6_i_70_n_0
                         LUT6 (Prop_LUT6_I5_O)        0.038     4.403 f  u3/psum_reg_r1_0_63_0_6_i_38__1/O
                         net (fo=4, unplaced)         0.198     4.601    u3/part0_out[3]
                         LUT5 (Prop_LUT5_I0_O)        0.066     4.667 f  u3/psum_reg_r1_0_63_0_6_i_39__1/O
                         net (fo=1, unplaced)         0.163     4.830    u3/psum_reg_r1_0_63_0_6_i_39__1_n_0
                         CARRY8 (Prop_CARRY8_DI[3]_CO[4])
                                                      0.156     4.986 f  u3/psum_reg_r1_0_63_0_6_i_28__1/CO[4]
                         net (fo=27, unplaced)        0.240     5.226    u3/psum_reg_r1_0_63_0_6_i_28__1_n_3
                         LUT2 (Prop_LUT2_I0_O)        0.070     5.296 r  u3/psum_reg_r1_0_63_7_13_i_18__1/O
                         net (fo=1, unplaced)         0.260     5.556    u3/psum_reg_r1_0_63_7_13_i_18__1_n_0
                         CARRY8 (Prop_CARRY8_DI[0]_CO[7])
                                                      0.140     5.696 r  u3/psum_reg_r1_0_63_7_13_i_10__1/CO[7]
                         net (fo=1, unplaced)         0.005     5.701    u3/psum_reg_r1_0_63_7_13_i_10__1_n_0
                         CARRY8 (Prop_CARRY8_CI_O[1])
                                                      0.076     5.777 r  u3/psum_reg_r1_0_63_14_20_i_10__1/O[1]
                         net (fo=1, unplaced)         0.184     5.961    u3/part[17]
                         LUT2 (Prop_LUT2_I1_O)        0.037     5.998 r  u3/psum_reg_r1_0_63_14_20_i_8__1/O
                         net (fo=1, unplaced)         0.023     6.021    u3/psum_reg_r1_0_63_14_20_i_8__1_n_0
                         CARRY8 (Prop_CARRY8_S[1]_CO[7])
                                                      0.197     6.218 r  u3/psum_reg_r1_0_63_14_20_i_1__1/CO[7]
                         net (fo=1, unplaced)         0.005     6.223    u3/psum_reg_r1_0_63_14_20_i_1__1_n_0
                         CARRY8 (Prop_CARRY8_CI_O[7])
                                                      0.116     6.339 r  u3/psum_reg_r1_0_63_21_27_i_1__1/O[7]
                         net (fo=5, unplaced)         0.156     6.495    u3/psum_reg_r1_0_63_21_27_i_1__1_n_8
                         LUT3 (Prop_LUT3_I2_O)        0.070     6.565 r  u3/acc[31]_i_2__0/O
                         net (fo=1, unplaced)         0.048     6.613    u3/acc[31]_i_2__0_n_0
                         FDRE                                         r  u3/acc_reg[31]/D
  -------------------------------------------------------------------    -------------------

                         (clock clk rise edge)       10.000    10.000 r  
                                                      0.000    10.000 r  clk (IN)
                         net (fo=17489, unset)        0.021    10.021    u3/clk
                         FDRE                                         r  u3/acc_reg[31]/C
                         clock pessimism              0.000    10.021    
                         clock uncertainty           -0.035     9.986    
                         FDRE (Setup_FDRE_C_D)        0.025    10.011    u3/acc_reg[31]
  -------------------------------------------------------------------
                         required time                         10.011    
                         arrival time                          -6.613    
  -------------------------------------------------------------------
                         slack                                  3.398    

Slack (MET) :             3.399ns  (required time - arrival time)
  Source:                 u3/part5/DSP_A_B_DATA_INST/CLK
                            (rising edge-triggered cell DSP_A_B_DATA clocked by clk  {rise@0.000ns fall@5.000ns period=10.000ns})
  Destination:            u3/acc_reg[26]/D
                            (rising edge-triggered cell FDRE clocked by clk  {rise@0.000ns fall@5.000ns period=10.000ns})
  Path Group:             clk
  Path Type:              Setup (Max at Slow Process Corner)
  Requirement:            10.000ns  (clk rise@10.000ns - clk rise@0.000ns)
  Data Path Delay:        6.552ns  (logic 3.384ns (51.648%)  route 3.168ns (48.352%))
  Logic Levels:           26  (CARRY8=6 DSP_ALU=1 DSP_M_DATA=1 DSP_MULTIPLIER=1 DSP_OUTPUT=1 DSP_PREADD_DATA=1 LUT2=3 LUT3=2 LUT5=1 LUT6=5 MUXF7=2 MUXF8=2)
  Clock Path Skew:        -0.039ns (DCD - SCD + CPR)
    Destination Clock Delay (DCD):    0.021ns = ( 10.021 - 10.000 ) 
    Source Clock Delay      (SCD):    0.060ns
    Clock Pessimism Removal (CPR):    0.000ns
  Clock Uncertainty:      0.035ns  ((TSJ^2 + TIJ^2)^1/2 + DJ) / 2 + PE
    Total System Jitter     (TSJ):    0.071ns
    Total Input Jitter      (TIJ):    0.000ns
    Discrete Jitter          (DJ):    0.000ns
    Phase Error              (PE):    0.000ns

    Location             Delay type                Incr(ns)  Path(ns)    Netlist Resource(s)
  -------------------------------------------------------------------    -------------------
                         (clock clk rise edge)        0.000     0.000 r  
                                                      0.000     0.000 r  clk (IN)
                         net (fo=17489, unset)        0.060     0.060    u3/part5/CLK
                         DSP_A_B_DATA                                 r  u3/part5/DSP_A_B_DATA_INST/CLK
  -------------------------------------------------------------------    -------------------
                         DSP_A_B_DATA (Prop_DSP_A_B_DATA_CLK_A2_DATA[0])
                                                      0.234     0.294 r  u3/part5/DSP_A_B_DATA_INST/A2_DATA[0]
                         net (fo=1, unplaced)         0.000     0.294    u3/part5/DSP_A_B_DATA.A2_DATA<0>
                         DSP_PREADD_DATA (Prop_DSP_PREADD_DATA_A2_DATA[0]_A2A1[0])
                                                      0.076     0.370 r  u3/part5/DSP_PREADD_DATA_INST/A2A1[0]
                         net (fo=1, unplaced)         0.000     0.370    u3/part5/DSP_PREADD_DATA.A2A1<0>
                         DSP_MULTIPLIER (Prop_DSP_MULTIPLIER_A2A1[0]_V[0])
                                                      0.507     0.877 f  u3/part5/DSP_MULTIPLIER_INST/V[0]
                         net (fo=1, unplaced)         0.000     0.877    u3/part5/DSP_MULTIPLIER.V<0>
                         DSP_M_DATA (Prop_DSP_M_DATA_V[0]_V_DATA[0])
                                                      0.046     0.923 r  u3/part5/DSP_M_DATA_INST/V_DATA[0]
                         net (fo=1, unplaced)         0.000     0.923    u3/part5/DSP_M_DATA.V_DATA<0>
                         DSP_ALU (Prop_DSP_ALU_V_DATA[0]_ALU_OUT[0])
                                                      0.571     1.494 f  u3/part5/DSP_ALU_INST/ALU_OUT[0]
                         net (fo=1, unplaced)         0.000     1.494    u3/part5/DSP_ALU.ALU_OUT<0>
                         DSP_OUTPUT (Prop_DSP_OUTPUT_ALU_OUT[0]_P[0])
                                                      0.109     1.603 r  u3/part5/DSP_OUTPUT_INST/P[0]
                         net (fo=2, unplaced)         0.206     1.809    u3/part5_n_105
                         LUT2 (Prop_LUT2_I0_O)        0.053     1.862 r  u3/psum_reg_r1_0_63_0_6_i_238__1/O
                         net (fo=1, unplaced)         0.020     1.882    u3/psum_reg_r1_0_63_0_6_i_238__1_n_0
                         CARRY8 (Prop_CARRY8_S[0]_O[5])
                                                      0.240     2.122 r  u3/psum_reg_r1_0_63_0_6_i_97__1/O[5]
                         net (fo=1323, unplaced)      0.301     2.423    u3/psum_reg_r1_0_63_0_6_i_97__1_n_10
                         LUT6 (Prop_LUT6_I0_O)        0.150     2.573 r  u3/psum_reg_r1_0_63_0_6_i_855__0/O
                         net (fo=7, unplaced)         0.211     2.784    u3/psum_reg_r1_0_63_0_6_i_855__0_n_0
                         LUT3 (Prop_LUT3_I1_O)        0.038     2.822 r  u3/psum_reg_r1_0_63_0_6_i_15030__0/O
                         net (fo=128, unplaced)       0.324     3.146    u3/psum_reg_r1_0_63_0_6_i_15030__0_n_0
                         MUXF7 (Prop_MUXF7_S_O)       0.077     3.223 r  u3/p_0_out_inferred__10/psum_reg_r1_0_63_0_6_i_9444/O
                         net (fo=1, unplaced)         0.000     3.223    u3/p_0_out_inferred__10/psum_reg_r1_0_63_0_6_i_9444_n_0
                         MUXF8 (Prop_MUXF8_I0_O)      0.030     3.253 r  u3/p_0_out_inferred__10/psum_reg_r1_0_63_0_6_i_4724/O
                         net (fo=1, unplaced)         0.186     3.439    u3/p_0_out_inferred__10/psum_reg_r1_0_63_0_6_i_4724_n_0
                         LUT6 (Prop_LUT6_I0_O)        0.099     3.538 r  u3/p_0_out_inferred__10/psum_reg_r1_0_63_0_6_i_2035/O
                         net (fo=1, unplaced)         0.032     3.570    u3/p_0_out_inferred__10/psum_reg_r1_0_63_0_6_i_2035_n_0
                         MUXF7 (Prop_MUXF7_I0_O)      0.069     3.639 r  u3/p_0_out_inferred__10/psum_reg_r1_0_63_0_6_i_869/O
                         net (fo=1, unplaced)         0.000     3.639    u3/p_0_out_inferred__10/psum_reg_r1_0_63_0_6_i_869_n_0
                         MUXF8 (Prop_MUXF8_I0_O)      0.030     3.669 r  u3/p_0_out_inferred__10/psum_reg_r1_0_63_0_6_i_371/O
                         net (fo=1, unplaced)         0.186     3.855    u3/p_0_out_inferred__10/psum_reg_r1_0_63_0_6_i_371_n_0
                         LUT6 (Prop_LUT6_I0_O)        0.100     3.955 r  u3/p_0_out_inferred__10/psum_reg_r1_0_63_0_6_i_159/O
                         net (fo=1, unplaced)         0.186     4.141    u3/p_0_out_inferred__10/psum_reg_r1_0_63_0_6_i_159_n_0
                         LUT6 (Prop_LUT6_I5_O)        0.038     4.179 r  u3/p_0_out_inferred__10/psum_reg_r1_0_63_0_6_i_70/O
                         net (fo=2, unplaced)         0.186     4.365    u3/p_0_out_inferred__10/psum_reg_r1_0_63_0_6_i_70_n_0
                         LUT6 (Prop_LUT6_I5_O)        0.038     4.403 f  u3/psum_reg_r1_0_63_0_6_i_38__1/O
                         net (fo=4, unplaced)         0.198     4.601    u3/part0_out[3]
                         LUT5 (Prop_LUT5_I0_O)        0.066     4.667 f  u3/psum_reg_r1_0_63_0_6_i_39__1/O
                         net (fo=1, unplaced)         0.163     4.830    u3/psum_reg_r1_0_63_0_6_i_39__1_n_0
                         CARRY8 (Prop_CARRY8_DI[3]_CO[4])
                                                      0.156     4.986 f  u3/psum_reg_r1_0_63_0_6_i_28__1/CO[4]
                         net (fo=27, unplaced)        0.240     5.226    u3/psum_reg_r1_0_63_0_6_i_28__1_n_3
                         LUT2 (Prop_LUT2_I0_O)        0.070     5.296 r  u3/psum_reg_r1_0_63_7_13_i_18__1/O
                         net (fo=1, unplaced)         0.260     5.556    u3/psum_reg_r1_0_63_7_13_i_18__1_n_0
                         CARRY8 (Prop_CARRY8_DI[0]_CO[7])
                                                      0.140     5.696 r  u3/psum_reg_r1_0_63_7_13_i_10__1/CO[7]
                         net (fo=1, unplaced)         0.005     5.701    u3/psum_reg_r1_0_63_7_13_i_10__1_n_0
                         CARRY8 (Prop_CARRY8_CI_O[1])
                                                      0.076     5.777 r  u3/psum_reg_r1_0_63_14_20_i_10__1/O[1]
                         net (fo=1, unplaced)         0.184     5.961    u3/part[17]
                         LUT2 (Prop_LUT2_I1_O)        0.037     5.998 r  u3/psum_reg_r1_0_63_14_20_i_8__1/O
                         net (fo=1, unplaced)         0.023     6.021    u3/psum_reg_r1_0_63_14_20_i_8__1_n_0
                         CARRY8 (Prop_CARRY8_S[1]_CO[7])
                                                      0.197     6.218 r  u3/psum_reg_r1_0_63_14_20_i_1__1/CO[7]
                         net (fo=1, unplaced)         0.005     6.223    u3/psum_reg_r1_0_63_14_20_i_1__1_n_0
                         CARRY8 (Prop_CARRY8_CI_O[2])
                                                      0.067     6.290 r  u3/psum_reg_r1_0_63_21_27_i_1__1/O[2]
                         net (fo=5, unplaced)         0.204     6.494    u3/psum_reg_r1_0_63_21_27_i_1__1_n_13
                         LUT3 (Prop_LUT3_I2_O)        0.070     6.564 r  u3/acc[26]_i_1__0/O
                         net (fo=1, unplaced)         0.048     6.612    u3/acc[26]_i_1__0_n_0
                         FDRE                                         r  u3/acc_reg[26]/D
  -------------------------------------------------------------------    -------------------

                         (clock clk rise edge)       10.000    10.000 r  
                                                      0.000    10.000 r  clk (IN)
                         net (fo=17489, unset)        0.021    10.021    u3/clk
                         FDRE                                         r  u3/acc_reg[26]/C
                         clock pessimism              0.000    10.021    
                         clock uncertainty           -0.035     9.986    
                         FDRE (Setup_FDRE_C_D)        0.025    10.011    u3/acc_reg[26]
  -------------------------------------------------------------------
                         required time                         10.011    
                         arrival time                          -6.612    
  -------------------------------------------------------------------
                         slack                                  3.399    

Slack (MET) :             3.410ns  (required time - arrival time)
  Source:                 u3/part5/DSP_A_B_DATA_INST/CLK
                            (rising edge-triggered cell DSP_A_B_DATA clocked by clk  {rise@0.000ns fall@5.000ns period=10.000ns})
  Destination:            u3/acc_reg[24]/D
                            (rising edge-triggered cell FDRE clocked by clk  {rise@0.000ns fall@5.000ns period=10.000ns})
  Path Group:             clk
  Path Type:              Setup (Max at Slow Process Corner)
  Requirement:            10.000ns  (clk rise@10.000ns - clk rise@0.000ns)
  Data Path Delay:        6.541ns  (logic 3.373ns (51.567%)  route 3.168ns (48.433%))
  Logic Levels:           26  (CARRY8=6 DSP_ALU=1 DSP_M_DATA=1 DSP_MULTIPLIER=1 DSP_OUTPUT=1 DSP_PREADD_DATA=1 LUT2=3 LUT3=2 LUT5=1 LUT6=5 MUXF7=2 MUXF8=2)
  Clock Path Skew:        -0.039ns (DCD - SCD + CPR)
    Destination Clock Delay (DCD):    0.021ns = ( 10.021 - 10.000 ) 
    Source Clock Delay      (SCD):    0.060ns
    Clock Pessimism Removal (CPR):    0.000ns
  Clock Uncertainty:      0.035ns  ((TSJ^2 + TIJ^2)^1/2 + DJ) / 2 + PE
    Total System Jitter     (TSJ):    0.071ns
    Total Input Jitter      (TIJ):    0.000ns
    Discrete Jitter          (DJ):    0.000ns
    Phase Error              (PE):    0.000ns

    Location             Delay type                Incr(ns)  Path(ns)    Netlist Resource(s)
  -------------------------------------------------------------------    -------------------
                         (clock clk rise edge)        0.000     0.000 r  
                                                      0.000     0.000 r  clk (IN)
                         net (fo=17489, unset)        0.060     0.060    u3/part5/CLK
                         DSP_A_B_DATA                                 r  u3/part5/DSP_A_B_DATA_INST/CLK
  -------------------------------------------------------------------    -------------------
                         DSP_A_B_DATA (Prop_DSP_A_B_DATA_CLK_A2_DATA[0])
                                                      0.234     0.294 r  u3/part5/DSP_A_B_DATA_INST/A2_DATA[0]
                         net (fo=1, unplaced)         0.000     0.294    u3/part5/DSP_A_B_DATA.A2_DATA<0>
                         DSP_PREADD_DATA (Prop_DSP_PREADD_DATA_A2_DATA[0]_A2A1[0])
                                                      0.076     0.370 r  u3/part5/DSP_PREADD_DATA_INST/A2A1[0]
                         net (fo=1, unplaced)         0.000     0.370    u3/part5/DSP_PREADD_DATA.A2A1<0>
                         DSP_MULTIPLIER (Prop_DSP_MULTIPLIER_A2A1[0]_V[0])
                                                      0.507     0.877 f  u3/part5/DSP_MULTIPLIER_INST/V[0]
                         net (fo=1, unplaced)         0.000     0.877    u3/part5/DSP_MULTIPLIER.V<0>
                         DSP_M_DATA (Prop_DSP_M_DATA_V[0]_V_DATA[0])
                                                      0.046     0.923 r  u3/part5/DSP_M_DATA_INST/V_DATA[0]
                         net (fo=1, unplaced)         0.000     0.923    u3/part5/DSP_M_DATA.V_DATA<0>
                         DSP_ALU (Prop_DSP_ALU_V_DATA[0]_ALU_OUT[0])
                                                      0.571     1.494 f  u3/part5/DSP_ALU_INST/ALU_OUT[0]
                         net (fo=1, unplaced)         0.000     1.494    u3/part5/DSP_ALU.ALU_OUT<0>
                         DSP_OUTPUT (Prop_DSP_OUTPUT_ALU_OUT[0]_P[0])
                                                      0.109     1.603 r  u3/part5/DSP_OUTPUT_INST/P[0]
                         net (fo=2, unplaced)         0.206     1.809    u3/part5_n_105
                         LUT2 (Prop_LUT2_I0_O)        0.053     1.862 r  u3/psum_reg_r1_0_63_0_6_i_238__1/O
                         net (fo=1, unplaced)         0.020     1.882    u3/psum_reg_r1_0_63_0_6_i_238__1_n_0
                         CARRY8 (Prop_CARRY8_S[0]_O[5])
                                                      0.240     2.122 r  u3/psum_reg_r1_0_63_0_6_i_97__1/O[5]
                         net (fo=1323, unplaced)      0.301     2.423    u3/psum_reg_r1_0_63_0_6_i_97__1_n_10
                         LUT6 (Prop_LUT6_I0_O)        0.150     2.573 r  u3/psum_reg_r1_0_63_0_6_i_855__0/O
                         net (fo=7, unplaced)         0.211     2.784    u3/psum_reg_r1_0_63_0_6_i_855__0_n_0
                         LUT3 (Prop_LUT3_I1_O)        0.038     2.822 r  u3/psum_reg_r1_0_63_0_6_i_15030__0/O
                         net (fo=128, unplaced)       0.324     3.146    u3/psum_reg_r1_0_63_0_6_i_15030__0_n_0
                         MUXF7 (Prop_MUXF7_S_O)       0.077     3.223 r  u3/p_0_out_inferred__10/psum_reg_r1_0_63_0_6_i_9444/O
                         net (fo=1, unplaced)         0.000     3.223    u3/p_0_out_inferred__10/psum_reg_r1_0_63_0_6_i_9444_n_0
                         MUXF8 (Prop_MUXF8_I0_O)      0.030     3.253 r  u3/p_0_out_inferred__10/psum_reg_r1_0_63_0_6_i_4724/O
                         net (fo=1, unplaced)         0.186     3.439    u3/p_0_out_inferred__10/psum_reg_r1_0_63_0_6_i_4724_n_0
                         LUT6 (Prop_LUT6_I0_O)        0.099     3.538 r  u3/p_0_out_inferred__10/psum_reg_r1_0_63_0_6_i_2035/O
                         net (fo=1, unplaced)         0.032     3.570    u3/p_0_out_inferred__10/psum_reg_r1_0_63_0_6_i_2035_n_0
                         MUXF7 (Prop_MUXF7_I0_O)      0.069     3.639 r  u3/p_0_out_inferred__10/psum_reg_r1_0_63_0_6_i_869/O
                         net (fo=1, unplaced)         0.000     3.639    u3/p_0_out_inferred__10/psum_reg_r1_0_63_0_6_i_869_n_0
                         MUXF8 (Prop_MUXF8_I0_O)      0.030     3.669 r  u3/p_0_out_inferred__10/psum_reg_r1_0_63_0_6_i_371/O
                         net (fo=1, unplaced)         0.186     3.855    u3/p_0_out_inferred__10/psum_reg_r1_0_63_0_6_i_371_n_0
                         LUT6 (Prop_LUT6_I0_O)        0.100     3.955 r  u3/p_0_out_inferred__10/psum_reg_r1_0_63_0_6_i_159/O
                         net (fo=1, unplaced)         0.186     4.141    u3/p_0_out_inferred__10/psum_reg_r1_0_63_0_6_i_159_n_0
                         LUT6 (Prop_LUT6_I5_O)        0.038     4.179 r  u3/p_0_out_inferred__10/psum_reg_r1_0_63_0_6_i_70/O
                         net (fo=2, unplaced)         0.186     4.365    u3/p_0_out_inferred__10/psum_reg_r1_0_63_0_6_i_70_n_0
                         LUT6 (Prop_LUT6_I5_O)        0.038     4.403 f  u3/psum_reg_r1_0_63_0_6_i_38__1/O
                         net (fo=4, unplaced)         0.198     4.601    u3/part0_out[3]
                         LUT5 (Prop_LUT5_I0_O)        0.066     4.667 f  u3/psum_reg_r1_0_63_0_6_i_39__1/O
                         net (fo=1, unplaced)         0.163     4.830    u3/psum_reg_r1_0_63_0_6_i_39__1_n_0
                         CARRY8 (Prop_CARRY8_DI[3]_CO[4])
                                                      0.156     4.986 f  u3/psum_reg_r1_0_63_0_6_i_28__1/CO[4]
                         net (fo=27, unplaced)        0.240     5.226    u3/psum_reg_r1_0_63_0_6_i_28__1_n_3
                         LUT2 (Prop_LUT2_I0_O)        0.070     5.296 r  u3/psum_reg_r1_0_63_7_13_i_18__1/O
                         net (fo=1, unplaced)         0.260     5.556    u3/psum_reg_r1_0_63_7_13_i_18__1_n_0
                         CARRY8 (Prop_CARRY8_DI[0]_CO[7])
                                                      0.140     5.696 r  u3/psum_reg_r1_0_63_7_13_i_10__1/CO[7]
                         net (fo=1, unplaced)         0.005     5.701    u3/psum_reg_r1_0_63_7_13_i_10__1_n_0
                         CARRY8 (Prop_CARRY8_CI_O[1])
                                                      0.076     5.777 r  u3/psum_reg_r1_0_63_14_20_i_10__1/O[1]
                         net (fo=1, unplaced)         0.184     5.961    u3/part[17]
                         LUT2 (Prop_LUT2_I1_O)        0.037     5.998 r  u3/psum_reg_r1_0_63_14_20_i_8__1/O
                         net (fo=1, unplaced)         0.023     6.021    u3/psum_reg_r1_0_63_14_20_i_8__1_n_0
                         CARRY8 (Prop_CARRY8_S[1]_CO[7])
                                                      0.197     6.218 r  u3/psum_reg_r1_0_63_14_20_i_1__1/CO[7]
                         net (fo=1, unplaced)         0.005     6.223    u3/psum_reg_r1_0_63_14_20_i_1__1_n_0
                         CARRY8 (Prop_CARRY8_CI_O[0])
                                                      0.056     6.279 r  u3/psum_reg_r1_0_63_21_27_i_1__1/O[0]
                         net (fo=5, unplaced)         0.204     6.483    u3/psum_reg_r1_0_63_21_27_i_1__1_n_15
                         LUT3 (Prop_LUT3_I2_O)        0.070     6.553 r  u3/acc[24]_i_1__0/O
                         net (fo=1, unplaced)         0.048     6.601    u3/acc[24]_i_1__0_n_0
                         FDRE                                         r  u3/acc_reg[24]/D
  -------------------------------------------------------------------    -------------------

                         (clock clk rise edge)       10.000    10.000 r  
                                                      0.000    10.000 r  clk (IN)
                         net (fo=17489, unset)        0.021    10.021    u3/clk
                         FDRE                                         r  u3/acc_reg[24]/C
                         clock pessimism              0.000    10.021    
                         clock uncertainty           -0.035     9.986    
                         FDRE (Setup_FDRE_C_D)        0.025    10.011    u3/acc_reg[24]
  -------------------------------------------------------------------
                         required time                         10.011    
                         arrival time                          -6.601    
  -------------------------------------------------------------------
                         slack                                  3.410    

Slack (MET) :             3.411ns  (required time - arrival time)
  Source:                 u3/part5/DSP_A_B_DATA_INST/CLK
                            (rising edge-triggered cell DSP_A_B_DATA clocked by clk  {rise@0.000ns fall@5.000ns period=10.000ns})
  Destination:            u3/acc_reg[30]/D
                            (rising edge-triggered cell FDRE clocked by clk  {rise@0.000ns fall@5.000ns period=10.000ns})
  Path Group:             clk
  Path Type:              Setup (Max at Slow Process Corner)
  Requirement:            10.000ns  (clk rise@10.000ns - clk rise@0.000ns)
  Data Path Delay:        6.540ns  (logic 3.420ns (52.294%)  route 3.120ns (47.706%))
  Logic Levels:           26  (CARRY8=6 DSP_ALU=1 DSP_M_DATA=1 DSP_MULTIPLIER=1 DSP_OUTPUT=1 DSP_PREADD_DATA=1 LUT2=3 LUT3=2 LUT5=1 LUT6=5 MUXF7=2 MUXF8=2)
  Clock Path Skew:        -0.039ns (DCD - SCD + CPR)
    Destination Clock Delay (DCD):    0.021ns = ( 10.021 - 10.000 ) 
    Source Clock Delay      (SCD):    0.060ns
    Clock Pessimism Removal (CPR):    0.000ns
  Clock Uncertainty:      0.035ns  ((TSJ^2 + TIJ^2)^1/2 + DJ) / 2 + PE
    Total System Jitter     (TSJ):    0.071ns
    Total Input Jitter      (TIJ):    0.000ns
    Discrete Jitter          (DJ):    0.000ns
    Phase Error              (PE):    0.000ns

    Location             Delay type                Incr(ns)  Path(ns)    Netlist Resource(s)
  -------------------------------------------------------------------    -------------------
                         (clock clk rise edge)        0.000     0.000 r  
                                                      0.000     0.000 r  clk (IN)
                         net (fo=17489, unset)        0.060     0.060    u3/part5/CLK
                         DSP_A_B_DATA                                 r  u3/part5/DSP_A_B_DATA_INST/CLK
  -------------------------------------------------------------------    -------------------
                         DSP_A_B_DATA (Prop_DSP_A_B_DATA_CLK_A2_DATA[0])
                                                      0.234     0.294 r  u3/part5/DSP_A_B_DATA_INST/A2_DATA[0]
                         net (fo=1, unplaced)         0.000     0.294    u3/part5/DSP_A_B_DATA.A2_DATA<0>
                         DSP_PREADD_DATA (Prop_DSP_PREADD_DATA_A2_DATA[0]_A2A1[0])
                                                      0.076     0.370 r  u3/part5/DSP_PREADD_DATA_INST/A2A1[0]
                         net (fo=1, unplaced)         0.000     0.370    u3/part5/DSP_PREADD_DATA.A2A1<0>
                         DSP_MULTIPLIER (Prop_DSP_MULTIPLIER_A2A1[0]_V[0])
                                                      0.507     0.877 f  u3/part5/DSP_MULTIPLIER_INST/V[0]
                         net (fo=1, unplaced)         0.000     0.877    u3/part5/DSP_MULTIPLIER.V<0>
                         DSP_M_DATA (Prop_DSP_M_DATA_V[0]_V_DATA[0])
                                                      0.046     0.923 r  u3/part5/DSP_M_DATA_INST/V_DATA[0]
                         net (fo=1, unplaced)         0.000     0.923    u3/part5/DSP_M_DATA.V_DATA<0>
                         DSP_ALU (Prop_DSP_ALU_V_DATA[0]_ALU_OUT[0])
                                                      0.571     1.494 f  u3/part5/DSP_ALU_INST/ALU_OUT[0]
                         net (fo=1, unplaced)         0.000     1.494    u3/part5/DSP_ALU.ALU_OUT<0>
                         DSP_OUTPUT (Prop_DSP_OUTPUT_ALU_OUT[0]_P[0])
                                                      0.109     1.603 r  u3/part5/DSP_OUTPUT_INST/P[0]
                         net (fo=2, unplaced)         0.206     1.809    u3/part5_n_105
                         LUT2 (Prop_LUT2_I0_O)        0.053     1.862 r  u3/psum_reg_r1_0_63_0_6_i_238__1/O
                         net (fo=1, unplaced)         0.020     1.882    u3/psum_reg_r1_0_63_0_6_i_238__1_n_0
                         CARRY8 (Prop_CARRY8_S[0]_O[5])
                                                      0.240     2.122 r  u3/psum_reg_r1_0_63_0_6_i_97__1/O[5]
                         net (fo=1323, unplaced)      0.301     2.423    u3/psum_reg_r1_0_63_0_6_i_97__1_n_10
                         LUT6 (Prop_LUT6_I0_O)        0.150     2.573 r  u3/psum_reg_r1_0_63_0_6_i_855__0/O
                         net (fo=7, unplaced)         0.211     2.784    u3/psum_reg_r1_0_63_0_6_i_855__0_n_0
                         LUT3 (Prop_LUT3_I1_O)        0.038     2.822 r  u3/psum_reg_r1_0_63_0_6_i_15030__0/O
                         net (fo=128, unplaced)       0.324     3.146    u3/psum_reg_r1_0_63_0_6_i_15030__0_n_0
                         MUXF7 (Prop_MUXF7_S_O)       0.077     3.223 r  u3/p_0_out_inferred__10/psum_reg_r1_0_63_0_6_i_9444/O
                         net (fo=1, unplaced)         0.000     3.223    u3/p_0_out_inferred__10/psum_reg_r1_0_63_0_6_i_9444_n_0
                         MUXF8 (Prop_MUXF8_I0_O)      0.030     3.253 r  u3/p_0_out_inferred__10/psum_reg_r1_0_63_0_6_i_4724/O
                         net (fo=1, unplaced)         0.186     3.439    u3/p_0_out_inferred__10/psum_reg_r1_0_63_0_6_i_4724_n_0
                         LUT6 (Prop_LUT6_I0_O)        0.099     3.538 r  u3/p_0_out_inferred__10/psum_reg_r1_0_63_0_6_i_2035/O
                         net (fo=1, unplaced)         0.032     3.570    u3/p_0_out_inferred__10/psum_reg_r1_0_63_0_6_i_2035_n_0
                         MUXF7 (Prop_MUXF7_I0_O)      0.069     3.639 r  u3/p_0_out_inferred__10/psum_reg_r1_0_63_0_6_i_869/O
                         net (fo=1, unplaced)         0.000     3.639    u3/p_0_out_inferred__10/psum_reg_r1_0_63_0_6_i_869_n_0
                         MUXF8 (Prop_MUXF8_I0_O)      0.030     3.669 r  u3/p_0_out_inferred__10/psum_reg_r1_0_63_0_6_i_371/O
                         net (fo=1, unplaced)         0.186     3.855    u3/p_0_out_inferred__10/psum_reg_r1_0_63_0_6_i_371_n_0
                         LUT6 (Prop_LUT6_I0_O)        0.100     3.955 r  u3/p_0_out_inferred__10/psum_reg_r1_0_63_0_6_i_159/O
                         net (fo=1, unplaced)         0.186     4.141    u3/p_0_out_inferred__10/psum_reg_r1_0_63_0_6_i_159_n_0
                         LUT6 (Prop_LUT6_I5_O)        0.038     4.179 r  u3/p_0_out_inferred__10/psum_reg_r1_0_63_0_6_i_70/O
                         net (fo=2, unplaced)         0.186     4.365    u3/p_0_out_inferred__10/psum_reg_r1_0_63_0_6_i_70_n_0
                         LUT6 (Prop_LUT6_I5_O)        0.038     4.403 f  u3/psum_reg_r1_0_63_0_6_i_38__1/O
                         net (fo=4, unplaced)         0.198     4.601    u3/part0_out[3]
                         LUT5 (Prop_LUT5_I0_O)        0.066     4.667 f  u3/psum_reg_r1_0_63_0_6_i_39__1/O
                         net (fo=1, unplaced)         0.163     4.830    u3/psum_reg_r1_0_63_0_6_i_39__1_n_0
                         CARRY8 (Prop_CARRY8_DI[3]_CO[4])
                                                      0.156     4.986 f  u3/psum_reg_r1_0_63_0_6_i_28__1/CO[4]
                         net (fo=27, unplaced)        0.240     5.226    u3/psum_reg_r1_0_63_0_6_i_28__1_n_3
                         LUT2 (Prop_LUT2_I0_O)        0.070     5.296 r  u3/psum_reg_r1_0_63_7_13_i_18__1/O
                         net (fo=1, unplaced)         0.260     5.556    u3/psum_reg_r1_0_63_7_13_i_18__1_n_0
                         CARRY8 (Prop_CARRY8_DI[0]_CO[7])
                                                      0.140     5.696 r  u3/psum_reg_r1_0_63_7_13_i_10__1/CO[7]
                         net (fo=1, unplaced)         0.005     5.701    u3/psum_reg_r1_0_63_7_13_i_10__1_n_0
                         CARRY8 (Prop_CARRY8_CI_O[1])
                                                      0.076     5.777 r  u3/psum_reg_r1_0_63_14_20_i_10__1/O[1]
                         net (fo=1, unplaced)         0.184     5.961    u3/part[17]
                         LUT2 (Prop_LUT2_I1_O)        0.037     5.998 r  u3/psum_reg_r1_0_63_14_20_i_8__1/O
                         net (fo=1, unplaced)         0.023     6.021    u3/psum_reg_r1_0_63_14_20_i_8__1_n_0
                         CARRY8 (Prop_CARRY8_S[1]_CO[7])
                                                      0.197     6.218 r  u3/psum_reg_r1_0_63_14_20_i_1__1/CO[7]
                         net (fo=1, unplaced)         0.005     6.223    u3/psum_reg_r1_0_63_14_20_i_1__1_n_0
                         CARRY8 (Prop_CARRY8_CI_O[6])
                                                      0.103     6.326 r  u3/psum_reg_r1_0_63_21_27_i_1__1/O[6]
                         net (fo=5, unplaced)         0.156     6.482    u3/psum_reg_r1_0_63_21_27_i_1__1_n_9
                         LUT3 (Prop_LUT3_I2_O)        0.070     6.552 r  u3/acc[30]_i_1__0/O
                         net (fo=1, unplaced)         0.048     6.600    u3/acc[30]_i_1__0_n_0
                         FDRE                                         r  u3/acc_reg[30]/D
  -------------------------------------------------------------------    -------------------

                         (clock clk rise edge)       10.000    10.000 r  
                                                      0.000    10.000 r  clk (IN)
                         net (fo=17489, unset)        0.021    10.021    u3/clk
                         FDRE                                         r  u3/acc_reg[30]/C
                         clock pessimism              0.000    10.021    
                         clock uncertainty           -0.035     9.986    
                         FDRE (Setup_FDRE_C_D)        0.025    10.011    u3/acc_reg[30]
  -------------------------------------------------------------------
                         required time                         10.011    
                         arrival time                          -6.600    
  -------------------------------------------------------------------
                         slack                                  3.411    

Slack (MET) :             3.414ns  (required time - arrival time)
  Source:                 u3/part5/DSP_A_B_DATA_INST/CLK
                            (rising edge-triggered cell DSP_A_B_DATA clocked by clk  {rise@0.000ns fall@5.000ns period=10.000ns})
  Destination:            u3/acc_reg[28]/D
                            (rising edge-triggered cell FDRE clocked by clk  {rise@0.000ns fall@5.000ns period=10.000ns})
  Path Group:             clk
  Path Type:              Setup (Max at Slow Process Corner)
  Requirement:            10.000ns  (clk rise@10.000ns - clk rise@0.000ns)
  Data Path Delay:        6.537ns  (logic 3.371ns (51.568%)  route 3.166ns (48.432%))
  Logic Levels:           26  (CARRY8=6 DSP_ALU=1 DSP_M_DATA=1 DSP_MULTIPLIER=1 DSP_OUTPUT=1 DSP_PREADD_DATA=1 LUT2=3 LUT3=2 LUT5=1 LUT6=5 MUXF7=2 MUXF8=2)
  Clock Path Skew:        -0.039ns (DCD - SCD + CPR)
    Destination Clock Delay (DCD):    0.021ns = ( 10.021 - 10.000 ) 
    Source Clock Delay      (SCD):    0.060ns
    Clock Pessimism Removal (CPR):    0.000ns
  Clock Uncertainty:      0.035ns  ((TSJ^2 + TIJ^2)^1/2 + DJ) / 2 + PE
    Total System Jitter     (TSJ):    0.071ns
    Total Input Jitter      (TIJ):    0.000ns
    Discrete Jitter          (DJ):    0.000ns
    Phase Error              (PE):    0.000ns

    Location             Delay type                Incr(ns)  Path(ns)    Netlist Resource(s)
  -------------------------------------------------------------------    -------------------
                         (clock clk rise edge)        0.000     0.000 r  
                                                      0.000     0.000 r  clk (IN)
                         net (fo=17489, unset)        0.060     0.060    u3/part5/CLK
                         DSP_A_B_DATA                                 r  u3/part5/DSP_A_B_DATA_INST/CLK
  -------------------------------------------------------------------    -------------------
                         DSP_A_B_DATA (Prop_DSP_A_B_DATA_CLK_A2_DATA[0])
                                                      0.234     0.294 r  u3/part5/DSP_A_B_DATA_INST/A2_DATA[0]
                         net (fo=1, unplaced)         0.000     0.294    u3/part5/DSP_A_B_DATA.A2_DATA<0>
                         DSP_PREADD_DATA (Prop_DSP_PREADD_DATA_A2_DATA[0]_A2A1[0])
                                                      0.076     0.370 r  u3/part5/DSP_PREADD_DATA_INST/A2A1[0]
                         net (fo=1, unplaced)         0.000     0.370    u3/part5/DSP_PREADD_DATA.A2A1<0>
                         DSP_MULTIPLIER (Prop_DSP_MULTIPLIER_A2A1[0]_V[0])
                                                      0.507     0.877 f  u3/part5/DSP_MULTIPLIER_INST/V[0]
                         net (fo=1, unplaced)         0.000     0.877    u3/part5/DSP_MULTIPLIER.V<0>
                         DSP_M_DATA (Prop_DSP_M_DATA_V[0]_V_DATA[0])
                                                      0.046     0.923 r  u3/part5/DSP_M_DATA_INST/V_DATA[0]
                         net (fo=1, unplaced)         0.000     0.923    u3/part5/DSP_M_DATA.V_DATA<0>
                         DSP_ALU (Prop_DSP_ALU_V_DATA[0]_ALU_OUT[0])
                                                      0.571     1.494 f  u3/part5/DSP_ALU_INST/ALU_OUT[0]
                         net (fo=1, unplaced)         0.000     1.494    u3/part5/DSP_ALU.ALU_OUT<0>
                         DSP_OUTPUT (Prop_DSP_OUTPUT_ALU_OUT[0]_P[0])
                                                      0.109     1.603 r  u3/part5/DSP_OUTPUT_INST/P[0]
                         net (fo=2, unplaced)         0.206     1.809    u3/part5_n_105
                         LUT2 (Prop_LUT2_I0_O)        0.053     1.862 r  u3/psum_reg_r1_0_63_0_6_i_238__1/O
                         net (fo=1, unplaced)         0.020     1.882    u3/psum_reg_r1_0_63_0_6_i_238__1_n_0
                         CARRY8 (Prop_CARRY8_S[0]_O[5])
                                                      0.240     2.122 r  u3/psum_reg_r1_0_63_0_6_i_97__1/O[5]
                         net (fo=1323, unplaced)      0.301     2.423    u3/psum_reg_r1_0_63_0_6_i_97__1_n_10
                         LUT6 (Prop_LUT6_I0_O)        0.150     2.573 r  u3/psum_reg_r1_0_63_0_6_i_855__0/O
                         net (fo=7, unplaced)         0.211     2.784    u3/psum_reg_r1_0_63_0_6_i_855__0_n_0
                         LUT3 (Prop_LUT3_I1_O)        0.038     2.822 r  u3/psum_reg_r1_0_63_0_6_i_15030__0/O
                         net (fo=128, unplaced)       0.324     3.146    u3/psum_reg_r1_0_63_0_6_i_15030__0_n_0
                         MUXF7 (Prop_MUXF7_S_O)       0.077     3.223 r  u3/p_0_out_inferred__10/psum_reg_r1_0_63_0_6_i_9444/O
                         net (fo=1, unplaced)         0.000     3.223    u3/p_0_out_inferred__10/psum_reg_r1_0_63_0_6_i_9444_n_0
                         MUXF8 (Prop_MUXF8_I0_O)      0.030     3.253 r  u3/p_0_out_inferred__10/psum_reg_r1_0_63_0_6_i_4724/O
                         net (fo=1, unplaced)         0.186     3.439    u3/p_0_out_inferred__10/psum_reg_r1_0_63_0_6_i_4724_n_0
                         LUT6 (Prop_LUT6_I0_O)        0.099     3.538 r  u3/p_0_out_inferred__10/psum_reg_r1_0_63_0_6_i_2035/O
                         net (fo=1, unplaced)         0.032     3.570    u3/p_0_out_inferred__10/psum_reg_r1_0_63_0_6_i_2035_n_0
                         MUXF7 (Prop_MUXF7_I0_O)      0.069     3.639 r  u3/p_0_out_inferred__10/psum_reg_r1_0_63_0_6_i_869/O
                         net (fo=1, unplaced)         0.000     3.639    u3/p_0_out_inferred__10/psum_reg_r1_0_63_0_6_i_869_n_0
                         MUXF8 (Prop_MUXF8_I0_O)      0.030     3.669 r  u3/p_0_out_inferred__10/psum_reg_r1_0_63_0_6_i_371/O
                         net (fo=1, unplaced)         0.186     3.855    u3/p_0_out_inferred__10/psum_reg_r1_0_63_0_6_i_371_n_0
                         LUT6 (Prop_LUT6_I0_O)        0.100     3.955 r  u3/p_0_out_inferred__10/psum_reg_r1_0_63_0_6_i_159/O
                         net (fo=1, unplaced)         0.186     4.141    u3/p_0_out_inferred__10/psum_reg_r1_0_63_0_6_i_159_n_0
                         LUT6 (Prop_LUT6_I5_O)        0.038     4.179 r  u3/p_0_out_inferred__10/psum_reg_r1_0_63_0_6_i_70/O
                         net (fo=2, unplaced)         0.186     4.365    u3/p_0_out_inferred__10/psum_reg_r1_0_63_0_6_i_70_n_0
                         LUT6 (Prop_LUT6_I5_O)        0.038     4.403 f  u3/psum_reg_r1_0_63_0_6_i_38__1/O
                         net (fo=4, unplaced)         0.198     4.601    u3/part0_out[3]
                         LUT5 (Prop_LUT5_I0_O)        0.066     4.667 f  u3/psum_reg_r1_0_63_0_6_i_39__1/O
                         net (fo=1, unplaced)         0.163     4.830    u3/psum_reg_r1_0_63_0_6_i_39__1_n_0
                         CARRY8 (Prop_CARRY8_DI[3]_CO[4])
                                                      0.156     4.986 f  u3/psum_reg_r1_0_63_0_6_i_28__1/CO[4]
                         net (fo=27, unplaced)        0.240     5.226    u3/psum_reg_r1_0_63_0_6_i_28__1_n_3
                         LUT2 (Prop_LUT2_I0_O)        0.070     5.296 r  u3/psum_reg_r1_0_63_7_13_i_18__1/O
                         net (fo=1, unplaced)         0.260     5.556    u3/psum_reg_r1_0_63_7_13_i_18__1_n_0
                         CARRY8 (Prop_CARRY8_DI[0]_CO[7])
                                                      0.140     5.696 r  u3/psum_reg_r1_0_63_7_13_i_10__1/CO[7]
                         net (fo=1, unplaced)         0.005     5.701    u3/psum_reg_r1_0_63_7_13_i_10__1_n_0
                         CARRY8 (Prop_CARRY8_CI_O[1])
                                                      0.076     5.777 r  u3/psum_reg_r1_0_63_14_20_i_10__1/O[1]
                         net (fo=1, unplaced)         0.184     5.961    u3/part[17]
                         LUT2 (Prop_LUT2_I1_O)        0.037     5.998 r  u3/psum_reg_r1_0_63_14_20_i_8__1/O
                         net (fo=1, unplaced)         0.023     6.021    u3/psum_reg_r1_0_63_14_20_i_8__1_n_0
                         CARRY8 (Prop_CARRY8_S[1]_CO[7])
                                                      0.197     6.218 r  u3/psum_reg_r1_0_63_14_20_i_1__1/CO[7]
                         net (fo=1, unplaced)         0.005     6.223    u3/psum_reg_r1_0_63_14_20_i_1__1_n_0
                         CARRY8 (Prop_CARRY8_CI_O[4])
                                                      0.086     6.309 r  u3/psum_reg_r1_0_63_21_27_i_1__1/O[4]
                         net (fo=5, unplaced)         0.202     6.511    u3/psum_reg_r1_0_63_21_27_i_1__1_n_11
                         LUT3 (Prop_LUT3_I2_O)        0.038     6.549 r  u3/acc[28]_i_1__0/O
                         net (fo=1, unplaced)         0.048     6.597    u3/acc[28]_i_1__0_n_0
                         FDRE                                         r  u3/acc_reg[28]/D
  -------------------------------------------------------------------    -------------------

                         (clock clk rise edge)       10.000    10.000 r  
                                                      0.000    10.000 r  clk (IN)
                         net (fo=17489, unset)        0.021    10.021    u3/clk
                         FDRE                                         r  u3/acc_reg[28]/C
                         clock pessimism              0.000    10.021    
                         clock uncertainty           -0.035     9.986    
                         FDRE (Setup_FDRE_C_D)        0.025    10.011    u3/acc_reg[28]
  -------------------------------------------------------------------
                         required time                         10.011    
                         arrival time                          -6.597    
  -------------------------------------------------------------------
                         slack                                  3.414    

Slack (MET) :             3.432ns  (required time - arrival time)
  Source:                 u3/part5/DSP_A_B_DATA_INST/CLK
                            (rising edge-triggered cell DSP_A_B_DATA clocked by clk  {rise@0.000ns fall@5.000ns period=10.000ns})
  Destination:            u3/psum_reg_r1_0_63_28_31/RAMB/I
                            (rising edge-triggered cell RAMD64E clocked by clk  {rise@0.000ns fall@5.000ns period=10.000ns})
  Path Group:             clk
  Path Type:              Setup (Max at Slow Process Corner)
  Requirement:            10.000ns  (clk rise@10.000ns - clk rise@0.000ns)
  Data Path Delay:        6.460ns  (logic 3.363ns (52.059%)  route 3.097ns (47.941%))
  Logic Levels:           25  (CARRY8=6 DSP_ALU=1 DSP_M_DATA=1 DSP_MULTIPLIER=1 DSP_OUTPUT=1 DSP_PREADD_DATA=1 LUT2=3 LUT3=1 LUT5=1 LUT6=5 MUXF7=2 MUXF8=2)
  Clock Path Skew:        -0.017ns (DCD - SCD + CPR)
    Destination Clock Delay (DCD):    0.043ns = ( 10.043 - 10.000 ) 
    Source Clock Delay      (SCD):    0.060ns
    Clock Pessimism Removal (CPR):    0.000ns
  Clock Uncertainty:      0.035ns  ((TSJ^2 + TIJ^2)^1/2 + DJ) / 2 + PE
    Total System Jitter     (TSJ):    0.071ns
    Total Input Jitter      (TIJ):    0.000ns
    Discrete Jitter          (DJ):    0.000ns
    Phase Error              (PE):    0.000ns

    Location             Delay type                Incr(ns)  Path(ns)    Netlist Resource(s)
  -------------------------------------------------------------------    -------------------
                         (clock clk rise edge)        0.000     0.000 r  
                                                      0.000     0.000 r  clk (IN)
                         net (fo=17489, unset)        0.060     0.060    u3/part5/CLK
                         DSP_A_B_DATA                                 r  u3/part5/DSP_A_B_DATA_INST/CLK
  -------------------------------------------------------------------    -------------------
                         DSP_A_B_DATA (Prop_DSP_A_B_DATA_CLK_A2_DATA[0])
                                                      0.234     0.294 r  u3/part5/DSP_A_B_DATA_INST/A2_DATA[0]
                         net (fo=1, unplaced)         0.000     0.294    u3/part5/DSP_A_B_DATA.A2_DATA<0>
                         DSP_PREADD_DATA (Prop_DSP_PREADD_DATA_A2_DATA[0]_A2A1[0])
                                                      0.076     0.370 r  u3/part5/DSP_PREADD_DATA_INST/A2A1[0]
                         net (fo=1, unplaced)         0.000     0.370    u3/part5/DSP_PREADD_DATA.A2A1<0>
                         DSP_MULTIPLIER (Prop_DSP_MULTIPLIER_A2A1[0]_V[0])
                                                      0.507     0.877 f  u3/part5/DSP_MULTIPLIER_INST/V[0]
                         net (fo=1, unplaced)         0.000     0.877    u3/part5/DSP_MULTIPLIER.V<0>
                         DSP_M_DATA (Prop_DSP_M_DATA_V[0]_V_DATA[0])
                                                      0.046     0.923 r  u3/part5/DSP_M_DATA_INST/V_DATA[0]
                         net (fo=1, unplaced)         0.000     0.923    u3/part5/DSP_M_DATA.V_DATA<0>
                         DSP_ALU (Prop_DSP_ALU_V_DATA[0]_ALU_OUT[0])
                                                      0.571     1.494 f  u3/part5/DSP_ALU_INST/ALU_OUT[0]
                         net (fo=1, unplaced)         0.000     1.494    u3/part5/DSP_ALU.ALU_OUT<0>
                         DSP_OUTPUT (Prop_DSP_OUTPUT_ALU_OUT[0]_P[0])
                                                      0.109     1.603 r  u3/part5/DSP_OUTPUT_INST/P[0]
                         net (fo=2, unplaced)         0.206     1.809    u3/part5_n_105
                         LUT2 (Prop_LUT2_I0_O)        0.053     1.862 r  u3/psum_reg_r1_0_63_0_6_i_238__1/O
                         net (fo=1, unplaced)         0.020     1.882    u3/psum_reg_r1_0_63_0_6_i_238__1_n_0
                         CARRY8 (Prop_CARRY8_S[0]_O[5])
                                                      0.240     2.122 r  u3/psum_reg_r1_0_63_0_6_i_97__1/O[5]
                         net (fo=1323, unplaced)      0.301     2.423    u3/psum_reg_r1_0_63_0_6_i_97__1_n_10
                         LUT6 (Prop_LUT6_I0_O)        0.150     2.573 r  u3/psum_reg_r1_0_63_0_6_i_855__0/O
                         net (fo=7, unplaced)         0.211     2.784    u3/psum_reg_r1_0_63_0_6_i_855__0_n_0
                         LUT3 (Prop_LUT3_I1_O)        0.038     2.822 r  u3/psum_reg_r1_0_63_0_6_i_15030__0/O
                         net (fo=128, unplaced)       0.324     3.146    u3/psum_reg_r1_0_63_0_6_i_15030__0_n_0
                         MUXF7 (Prop_MUXF7_S_O)       0.077     3.223 r  u3/p_0_out_inferred__10/psum_reg_r1_0_63_0_6_i_9444/O
                         net (fo=1, unplaced)         0.000     3.223    u3/p_0_out_inferred__10/psum_reg_r1_0_63_0_6_i_9444_n_0
                         MUXF8 (Prop_MUXF8_I0_O)      0.030     3.253 r  u3/p_0_out_inferred__10/psum_reg_r1_0_63_0_6_i_4724/O
                         net (fo=1, unplaced)         0.186     3.439    u3/p_0_out_inferred__10/psum_reg_r1_0_63_0_6_i_4724_n_0
                         LUT6 (Prop_LUT6_I0_O)        0.099     3.538 r  u3/p_0_out_inferred__10/psum_reg_r1_0_63_0_6_i_2035/O
                         net (fo=1, unplaced)         0.032     3.570    u3/p_0_out_inferred__10/psum_reg_r1_0_63_0_6_i_2035_n_0
                         MUXF7 (Prop_MUXF7_I0_O)      0.069     3.639 r  u3/p_0_out_inferred__10/psum_reg_r1_0_63_0_6_i_869/O
                         net (fo=1, unplaced)         0.000     3.639    u3/p_0_out_inferred__10/psum_reg_r1_0_63_0_6_i_869_n_0
                         MUXF8 (Prop_MUXF8_I0_O)      0.030     3.669 r  u3/p_0_out_inferred__10/psum_reg_r1_0_63_0_6_i_371/O
                         net (fo=1, unplaced)         0.186     3.855    u3/p_0_out_inferred__10/psum_reg_r1_0_63_0_6_i_371_n_0
                         LUT6 (Prop_LUT6_I0_O)        0.100     3.955 r  u3/p_0_out_inferred__10/psum_reg_r1_0_63_0_6_i_159/O
                         net (fo=1, unplaced)         0.186     4.141    u3/p_0_out_inferred__10/psum_reg_r1_0_63_0_6_i_159_n_0
                         LUT6 (Prop_LUT6_I5_O)        0.038     4.179 r  u3/p_0_out_inferred__10/psum_reg_r1_0_63_0_6_i_70/O
                         net (fo=2, unplaced)         0.186     4.365    u3/p_0_out_inferred__10/psum_reg_r1_0_63_0_6_i_70_n_0
                         LUT6 (Prop_LUT6_I5_O)        0.038     4.403 f  u3/psum_reg_r1_0_63_0_6_i_38__1/O
                         net (fo=4, unplaced)         0.198     4.601    u3/part0_out[3]
                         LUT5 (Prop_LUT5_I0_O)        0.066     4.667 f  u3/psum_reg_r1_0_63_0_6_i_39__1/O
                         net (fo=1, unplaced)         0.163     4.830    u3/psum_reg_r1_0_63_0_6_i_39__1_n_0
                         CARRY8 (Prop_CARRY8_DI[3]_CO[4])
                                                      0.156     4.986 f  u3/psum_reg_r1_0_63_0_6_i_28__1/CO[4]
                         net (fo=27, unplaced)        0.240     5.226    u3/psum_reg_r1_0_63_0_6_i_28__1_n_3
                         LUT2 (Prop_LUT2_I0_O)        0.070     5.296 r  u3/psum_reg_r1_0_63_7_13_i_18__1/O
                         net (fo=1, unplaced)         0.260     5.556    u3/psum_reg_r1_0_63_7_13_i_18__1_n_0
                         CARRY8 (Prop_CARRY8_DI[0]_CO[7])
                                                      0.140     5.696 r  u3/psum_reg_r1_0_63_7_13_i_10__1/CO[7]
                         net (fo=1, unplaced)         0.005     5.701    u3/psum_reg_r1_0_63_7_13_i_10__1_n_0
                         CARRY8 (Prop_CARRY8_CI_O[1])
                                                      0.076     5.777 r  u3/psum_reg_r1_0_63_14_20_i_10__1/O[1]
                         net (fo=1, unplaced)         0.184     5.961    u3/part[17]
                         LUT2 (Prop_LUT2_I1_O)        0.037     5.998 r  u3/psum_reg_r1_0_63_14_20_i_8__1/O
                         net (fo=1, unplaced)         0.023     6.021    u3/psum_reg_r1_0_63_14_20_i_8__1_n_0
                         CARRY8 (Prop_CARRY8_S[1]_CO[7])
                                                      0.197     6.218 r  u3/psum_reg_r1_0_63_14_20_i_1__1/CO[7]
                         net (fo=1, unplaced)         0.005     6.223    u3/psum_reg_r1_0_63_14_20_i_1__1_n_0
                         CARRY8 (Prop_CARRY8_CI_O[5])
                                                      0.116     6.339 r  u3/psum_reg_r1_0_63_21_27_i_1__1/O[5]
                         net (fo=5, unplaced)         0.181     6.520    u3/psum_reg_r1_0_63_28_31/DIB
                         RAMD64E                                      r  u3/psum_reg_r1_0_63_28_31/RAMB/I
  -------------------------------------------------------------------    -------------------

                         (clock clk rise edge)       10.000    10.000 r  
                                                      0.000    10.000 r  clk (IN)
                         net (fo=17489, unset)        0.043    10.043    u3/psum_reg_r1_0_63_28_31/WCLK
                         RAMD64E                                      r  u3/psum_reg_r1_0_63_28_31/RAMB/CLK
                         clock pessimism              0.000    10.043    
                         clock uncertainty           -0.035    10.008    
                         RAMD64E (Setup_RAMD64E_CLK_I)
                                                     -0.056     9.952    u3/psum_reg_r1_0_63_28_31/RAMB
  -------------------------------------------------------------------
                         required time                          9.952    
                         arrival time                          -6.520    
  -------------------------------------------------------------------
                         slack                                  3.432    

Slack (MET) :             3.432ns  (required time - arrival time)
  Source:                 u3/part5/DSP_A_B_DATA_INST/CLK
                            (rising edge-triggered cell DSP_A_B_DATA clocked by clk  {rise@0.000ns fall@5.000ns period=10.000ns})
  Destination:            u3/psum_reg_r2_0_63_28_31/RAMB/I
                            (rising edge-triggered cell RAMD64E clocked by clk  {rise@0.000ns fall@5.000ns period=10.000ns})
  Path Group:             clk
  Path Type:              Setup (Max at Slow Process Corner)
  Requirement:            10.000ns  (clk rise@10.000ns - clk rise@0.000ns)
  Data Path Delay:        6.460ns  (logic 3.363ns (52.059%)  route 3.097ns (47.941%))
  Logic Levels:           25  (CARRY8=6 DSP_ALU=1 DSP_M_DATA=1 DSP_MULTIPLIER=1 DSP_OUTPUT=1 DSP_PREADD_DATA=1 LUT2=3 LUT3=1 LUT5=1 LUT6=5 MUXF7=2 MUXF8=2)
  Clock Path Skew:        -0.017ns (DCD - SCD + CPR)
    Destination Clock Delay (DCD):    0.043ns = ( 10.043 - 10.000 ) 
    Source Clock Delay      (SCD):    0.060ns
    Clock Pessimism Removal (CPR):    0.000ns
  Clock Uncertainty:      0.035ns  ((TSJ^2 + TIJ^2)^1/2 + DJ) / 2 + PE
    Total System Jitter     (TSJ):    0.071ns
    Total Input Jitter      (TIJ):    0.000ns
    Discrete Jitter          (DJ):    0.000ns
    Phase Error              (PE):    0.000ns

    Location             Delay type                Incr(ns)  Path(ns)    Netlist Resource(s)
  -------------------------------------------------------------------    -------------------
                         (clock clk rise edge)        0.000     0.000 r  
                                                      0.000     0.000 r  clk (IN)
                         net (fo=17489, unset)        0.060     0.060    u3/part5/CLK
                         DSP_A_B_DATA                                 r  u3/part5/DSP_A_B_DATA_INST/CLK
  -------------------------------------------------------------------    -------------------
                         DSP_A_B_DATA (Prop_DSP_A_B_DATA_CLK_A2_DATA[0])
                                                      0.234     0.294 r  u3/part5/DSP_A_B_DATA_INST/A2_DATA[0]
                         net (fo=1, unplaced)         0.000     0.294    u3/part5/DSP_A_B_DATA.A2_DATA<0>
                         DSP_PREADD_DATA (Prop_DSP_PREADD_DATA_A2_DATA[0]_A2A1[0])
                                                      0.076     0.370 r  u3/part5/DSP_PREADD_DATA_INST/A2A1[0]
                         net (fo=1, unplaced)         0.000     0.370    u3/part5/DSP_PREADD_DATA.A2A1<0>
                         DSP_MULTIPLIER (Prop_DSP_MULTIPLIER_A2A1[0]_V[0])
                                                      0.507     0.877 f  u3/part5/DSP_MULTIPLIER_INST/V[0]
                         net (fo=1, unplaced)         0.000     0.877    u3/part5/DSP_MULTIPLIER.V<0>
                         DSP_M_DATA (Prop_DSP_M_DATA_V[0]_V_DATA[0])
                                                      0.046     0.923 r  u3/part5/DSP_M_DATA_INST/V_DATA[0]
                         net (fo=1, unplaced)         0.000     0.923    u3/part5/DSP_M_DATA.V_DATA<0>
                         DSP_ALU (Prop_DSP_ALU_V_DATA[0]_ALU_OUT[0])
                                                      0.571     1.494 f  u3/part5/DSP_ALU_INST/ALU_OUT[0]
                         net (fo=1, unplaced)         0.000     1.494    u3/part5/DSP_ALU.ALU_OUT<0>
                         DSP_OUTPUT (Prop_DSP_OUTPUT_ALU_OUT[0]_P[0])
                                                      0.109     1.603 r  u3/part5/DSP_OUTPUT_INST/P[0]
                         net (fo=2, unplaced)         0.206     1.809    u3/part5_n_105
                         LUT2 (Prop_LUT2_I0_O)        0.053     1.862 r  u3/psum_reg_r1_0_63_0_6_i_238__1/O
                         net (fo=1, unplaced)         0.020     1.882    u3/psum_reg_r1_0_63_0_6_i_238__1_n_0
                         CARRY8 (Prop_CARRY8_S[0]_O[5])
                                                      0.240     2.122 r  u3/psum_reg_r1_0_63_0_6_i_97__1/O[5]
                         net (fo=1323, unplaced)      0.301     2.423    u3/psum_reg_r1_0_63_0_6_i_97__1_n_10
                         LUT6 (Prop_LUT6_I0_O)        0.150     2.573 r  u3/psum_reg_r1_0_63_0_6_i_855__0/O
                         net (fo=7, unplaced)         0.211     2.784    u3/psum_reg_r1_0_63_0_6_i_855__0_n_0
                         LUT3 (Prop_LUT3_I1_O)        0.038     2.822 r  u3/psum_reg_r1_0_63_0_6_i_15030__0/O
                         net (fo=128, unplaced)       0.324     3.146    u3/psum_reg_r1_0_63_0_6_i_15030__0_n_0
                         MUXF7 (Prop_MUXF7_S_O)       0.077     3.223 r  u3/p_0_out_inferred__10/psum_reg_r1_0_63_0_6_i_9444/O
                         net (fo=1, unplaced)         0.000     3.223    u3/p_0_out_inferred__10/psum_reg_r1_0_63_0_6_i_9444_n_0
                         MUXF8 (Prop_MUXF8_I0_O)      0.030     3.253 r  u3/p_0_out_inferred__10/psum_reg_r1_0_63_0_6_i_4724/O
                         net (fo=1, unplaced)         0.186     3.439    u3/p_0_out_inferred__10/psum_reg_r1_0_63_0_6_i_4724_n_0
                         LUT6 (Prop_LUT6_I0_O)        0.099     3.538 r  u3/p_0_out_inferred__10/psum_reg_r1_0_63_0_6_i_2035/O
                         net (fo=1, unplaced)         0.032     3.570    u3/p_0_out_inferred__10/psum_reg_r1_0_63_0_6_i_2035_n_0
                         MUXF7 (Prop_MUXF7_I0_O)      0.069     3.639 r  u3/p_0_out_inferred__10/psum_reg_r1_0_63_0_6_i_869/O
                         net (fo=1, unplaced)         0.000     3.639    u3/p_0_out_inferred__10/psum_reg_r1_0_63_0_6_i_869_n_0
                         MUXF8 (Prop_MUXF8_I0_O)      0.030     3.669 r  u3/p_0_out_inferred__10/psum_reg_r1_0_63_0_6_i_371/O
                         net (fo=1, unplaced)         0.186     3.855    u3/p_0_out_inferred__10/psum_reg_r1_0_63_0_6_i_371_n_0
                         LUT6 (Prop_LUT6_I0_O)        0.100     3.955 r  u3/p_0_out_inferred__10/psum_reg_r1_0_63_0_6_i_159/O
                         net (fo=1, unplaced)         0.186     4.141    u3/p_0_out_inferred__10/psum_reg_r1_0_63_0_6_i_159_n_0
                         LUT6 (Prop_LUT6_I5_O)        0.038     4.179 r  u3/p_0_out_inferred__10/psum_reg_r1_0_63_0_6_i_70/O
                         net (fo=2, unplaced)         0.186     4.365    u3/p_0_out_inferred__10/psum_reg_r1_0_63_0_6_i_70_n_0
                         LUT6 (Prop_LUT6_I5_O)        0.038     4.403 f  u3/psum_reg_r1_0_63_0_6_i_38__1/O
                         net (fo=4, unplaced)         0.198     4.601    u3/part0_out[3]
                         LUT5 (Prop_LUT5_I0_O)        0.066     4.667 f  u3/psum_reg_r1_0_63_0_6_i_39__1/O
                         net (fo=1, unplaced)         0.163     4.830    u3/psum_reg_r1_0_63_0_6_i_39__1_n_0
                         CARRY8 (Prop_CARRY8_DI[3]_CO[4])
                                                      0.156     4.986 f  u3/psum_reg_r1_0_63_0_6_i_28__1/CO[4]
                         net (fo=27, unplaced)        0.240     5.226    u3/psum_reg_r1_0_63_0_6_i_28__1_n_3
                         LUT2 (Prop_LUT2_I0_O)        0.070     5.296 r  u3/psum_reg_r1_0_63_7_13_i_18__1/O
                         net (fo=1, unplaced)         0.260     5.556    u3/psum_reg_r1_0_63_7_13_i_18__1_n_0
                         CARRY8 (Prop_CARRY8_DI[0]_CO[7])
                                                      0.140     5.696 r  u3/psum_reg_r1_0_63_7_13_i_10__1/CO[7]
                         net (fo=1, unplaced)         0.005     5.701    u3/psum_reg_r1_0_63_7_13_i_10__1_n_0
                         CARRY8 (Prop_CARRY8_CI_O[1])
                                                      0.076     5.777 r  u3/psum_reg_r1_0_63_14_20_i_10__1/O[1]
                         net (fo=1, unplaced)         0.184     5.961    u3/part[17]
                         LUT2 (Prop_LUT2_I1_O)        0.037     5.998 r  u3/psum_reg_r1_0_63_14_20_i_8__1/O
                         net (fo=1, unplaced)         0.023     6.021    u3/psum_reg_r1_0_63_14_20_i_8__1_n_0
                         CARRY8 (Prop_CARRY8_S[1]_CO[7])
                                                      0.197     6.218 r  u3/psum_reg_r1_0_63_14_20_i_1__1/CO[7]
                         net (fo=1, unplaced)         0.005     6.223    u3/psum_reg_r1_0_63_14_20_i_1__1_n_0
                         CARRY8 (Prop_CARRY8_CI_O[5])
                                                      0.116     6.339 r  u3/psum_reg_r1_0_63_21_27_i_1__1/O[5]
                         net (fo=5, unplaced)         0.181     6.520    u3/psum_reg_r2_0_63_28_31/DIB
                         RAMD64E                                      r  u3/psum_reg_r2_0_63_28_31/RAMB/I
  -------------------------------------------------------------------    -------------------

                         (clock clk rise edge)       10.000    10.000 r  
                                                      0.000    10.000 r  clk (IN)
                         net (fo=17489, unset)        0.043    10.043    u3/psum_reg_r2_0_63_28_31/WCLK
                         RAMD64E                                      r  u3/psum_reg_r2_0_63_28_31/RAMB/CLK
                         clock pessimism              0.000    10.043    
                         clock uncertainty           -0.035    10.008    
                         RAMD64E (Setup_RAMD64E_CLK_I)
                                                     -0.056     9.952    u3/psum_reg_r2_0_63_28_31/RAMB
  -------------------------------------------------------------------
                         required time                          9.952    
                         arrival time                          -6.520    
  -------------------------------------------------------------------
                         slack                                  3.432    

Slack (MET) :             3.432ns  (required time - arrival time)
  Source:                 u3/part5/DSP_A_B_DATA_INST/CLK
                            (rising edge-triggered cell DSP_A_B_DATA clocked by clk  {rise@0.000ns fall@5.000ns period=10.000ns})
  Destination:            u3/psum_reg_r3_0_63_28_31/RAMB/I
                            (rising edge-triggered cell RAMD64E clocked by clk  {rise@0.000ns fall@5.000ns period=10.000ns})
  Path Group:             clk
  Path Type:              Setup (Max at Slow Process Corner)
  Requirement:            10.000ns  (clk rise@10.000ns - clk rise@0.000ns)
  Data Path Delay:        6.460ns  (logic 3.363ns (52.059%)  route 3.097ns (47.941%))
  Logic Levels:           25  (CARRY8=6 DSP_ALU=1 DSP_M_DATA=1 DSP_MULTIPLIER=1 DSP_OUTPUT=1 DSP_PREADD_DATA=1 LUT2=3 LUT3=1 LUT5=1 LUT6=5 MUXF7=2 MUXF8=2)
  Clock Path Skew:        -0.017ns (DCD - SCD + CPR)
    Destination Clock Delay (DCD):    0.043ns = ( 10.043 - 10.000 ) 
    Source Clock Delay      (SCD):    0.060ns
    Clock Pessimism Removal (CPR):    0.000ns
  Clock Uncertainty:      0.035ns  ((TSJ^2 + TIJ^2)^1/2 + DJ) / 2 + PE
    Total System Jitter     (TSJ):    0.071ns
    Total Input Jitter      (TIJ):    0.000ns
    Discrete Jitter          (DJ):    0.000ns
    Phase Error              (PE):    0.000ns

    Location             Delay type                Incr(ns)  Path(ns)    Netlist Resource(s)
  -------------------------------------------------------------------    -------------------
                         (clock clk rise edge)        0.000     0.000 r  
                                                      0.000     0.000 r  clk (IN)
                         net (fo=17489, unset)        0.060     0.060    u3/part5/CLK
                         DSP_A_B_DATA                                 r  u3/part5/DSP_A_B_DATA_INST/CLK
  -------------------------------------------------------------------    -------------------
                         DSP_A_B_DATA (Prop_DSP_A_B_DATA_CLK_A2_DATA[0])
                                                      0.234     0.294 r  u3/part5/DSP_A_B_DATA_INST/A2_DATA[0]
                         net (fo=1, unplaced)         0.000     0.294    u3/part5/DSP_A_B_DATA.A2_DATA<0>
                         DSP_PREADD_DATA (Prop_DSP_PREADD_DATA_A2_DATA[0]_A2A1[0])
                                                      0.076     0.370 r  u3/part5/DSP_PREADD_DATA_INST/A2A1[0]
                         net (fo=1, unplaced)         0.000     0.370    u3/part5/DSP_PREADD_DATA.A2A1<0>
                         DSP_MULTIPLIER (Prop_DSP_MULTIPLIER_A2A1[0]_V[0])
                                                      0.507     0.877 f  u3/part5/DSP_MULTIPLIER_INST/V[0]
                         net (fo=1, unplaced)         0.000     0.877    u3/part5/DSP_MULTIPLIER.V<0>
                         DSP_M_DATA (Prop_DSP_M_DATA_V[0]_V_DATA[0])
                                                      0.046     0.923 r  u3/part5/DSP_M_DATA_INST/V_DATA[0]
                         net (fo=1, unplaced)         0.000     0.923    u3/part5/DSP_M_DATA.V_DATA<0>
                         DSP_ALU (Prop_DSP_ALU_V_DATA[0]_ALU_OUT[0])
                                                      0.571     1.494 f  u3/part5/DSP_ALU_INST/ALU_OUT[0]
                         net (fo=1, unplaced)         0.000     1.494    u3/part5/DSP_ALU.ALU_OUT<0>
                         DSP_OUTPUT (Prop_DSP_OUTPUT_ALU_OUT[0]_P[0])
                                                      0.109     1.603 r  u3/part5/DSP_OUTPUT_INST/P[0]
                         net (fo=2, unplaced)         0.206     1.809    u3/part5_n_105
                         LUT2 (Prop_LUT2_I0_O)        0.053     1.862 r  u3/psum_reg_r1_0_63_0_6_i_238__1/O
                         net (fo=1, unplaced)         0.020     1.882    u3/psum_reg_r1_0_63_0_6_i_238__1_n_0
                         CARRY8 (Prop_CARRY8_S[0]_O[5])
                                                      0.240     2.122 r  u3/psum_reg_r1_0_63_0_6_i_97__1/O[5]
                         net (fo=1323, unplaced)      0.301     2.423    u3/psum_reg_r1_0_63_0_6_i_97__1_n_10
                         LUT6 (Prop_LUT6_I0_O)        0.150     2.573 r  u3/psum_reg_r1_0_63_0_6_i_855__0/O
                         net (fo=7, unplaced)         0.211     2.784    u3/psum_reg_r1_0_63_0_6_i_855__0_n_0
                         LUT3 (Prop_LUT3_I1_O)        0.038     2.822 r  u3/psum_reg_r1_0_63_0_6_i_15030__0/O
                         net (fo=128, unplaced)       0.324     3.146    u3/psum_reg_r1_0_63_0_6_i_15030__0_n_0
                         MUXF7 (Prop_MUXF7_S_O)       0.077     3.223 r  u3/p_0_out_inferred__10/psum_reg_r1_0_63_0_6_i_9444/O
                         net (fo=1, unplaced)         0.000     3.223    u3/p_0_out_inferred__10/psum_reg_r1_0_63_0_6_i_9444_n_0
                         MUXF8 (Prop_MUXF8_I0_O)      0.030     3.253 r  u3/p_0_out_inferred__10/psum_reg_r1_0_63_0_6_i_4724/O
                         net (fo=1, unplaced)         0.186     3.439    u3/p_0_out_inferred__10/psum_reg_r1_0_63_0_6_i_4724_n_0
                         LUT6 (Prop_LUT6_I0_O)        0.099     3.538 r  u3/p_0_out_inferred__10/psum_reg_r1_0_63_0_6_i_2035/O
                         net (fo=1, unplaced)         0.032     3.570    u3/p_0_out_inferred__10/psum_reg_r1_0_63_0_6_i_2035_n_0
                         MUXF7 (Prop_MUXF7_I0_O)      0.069     3.639 r  u3/p_0_out_inferred__10/psum_reg_r1_0_63_0_6_i_869/O
                         net (fo=1, unplaced)         0.000     3.639    u3/p_0_out_inferred__10/psum_reg_r1_0_63_0_6_i_869_n_0
                         MUXF8 (Prop_MUXF8_I0_O)      0.030     3.669 r  u3/p_0_out_inferred__10/psum_reg_r1_0_63_0_6_i_371/O
                         net (fo=1, unplaced)         0.186     3.855    u3/p_0_out_inferred__10/psum_reg_r1_0_63_0_6_i_371_n_0
                         LUT6 (Prop_LUT6_I0_O)        0.100     3.955 r  u3/p_0_out_inferred__10/psum_reg_r1_0_63_0_6_i_159/O
                         net (fo=1, unplaced)         0.186     4.141    u3/p_0_out_inferred__10/psum_reg_r1_0_63_0_6_i_159_n_0
                         LUT6 (Prop_LUT6_I5_O)        0.038     4.179 r  u3/p_0_out_inferred__10/psum_reg_r1_0_63_0_6_i_70/O
                         net (fo=2, unplaced)         0.186     4.365    u3/p_0_out_inferred__10/psum_reg_r1_0_63_0_6_i_70_n_0
                         LUT6 (Prop_LUT6_I5_O)        0.038     4.403 f  u3/psum_reg_r1_0_63_0_6_i_38__1/O
                         net (fo=4, unplaced)         0.198     4.601    u3/part0_out[3]
                         LUT5 (Prop_LUT5_I0_O)        0.066     4.667 f  u3/psum_reg_r1_0_63_0_6_i_39__1/O
                         net (fo=1, unplaced)         0.163     4.830    u3/psum_reg_r1_0_63_0_6_i_39__1_n_0
                         CARRY8 (Prop_CARRY8_DI[3]_CO[4])
                                                      0.156     4.986 f  u3/psum_reg_r1_0_63_0_6_i_28__1/CO[4]
                         net (fo=27, unplaced)        0.240     5.226    u3/psum_reg_r1_0_63_0_6_i_28__1_n_3
                         LUT2 (Prop_LUT2_I0_O)        0.070     5.296 r  u3/psum_reg_r1_0_63_7_13_i_18__1/O
                         net (fo=1, unplaced)         0.260     5.556    u3/psum_reg_r1_0_63_7_13_i_18__1_n_0
                         CARRY8 (Prop_CARRY8_DI[0]_CO[7])
                                                      0.140     5.696 r  u3/psum_reg_r1_0_63_7_13_i_10__1/CO[7]
                         net (fo=1, unplaced)         0.005     5.701    u3/psum_reg_r1_0_63_7_13_i_10__1_n_0
                         CARRY8 (Prop_CARRY8_CI_O[1])
                                                      0.076     5.777 r  u3/psum_reg_r1_0_63_14_20_i_10__1/O[1]
                         net (fo=1, unplaced)         0.184     5.961    u3/part[17]
                         LUT2 (Prop_LUT2_I1_O)        0.037     5.998 r  u3/psum_reg_r1_0_63_14_20_i_8__1/O
                         net (fo=1, unplaced)         0.023     6.021    u3/psum_reg_r1_0_63_14_20_i_8__1_n_0
                         CARRY8 (Prop_CARRY8_S[1]_CO[7])
                                                      0.197     6.218 r  u3/psum_reg_r1_0_63_14_20_i_1__1/CO[7]
                         net (fo=1, unplaced)         0.005     6.223    u3/psum_reg_r1_0_63_14_20_i_1__1_n_0
                         CARRY8 (Prop_CARRY8_CI_O[5])
                                                      0.116     6.339 r  u3/psum_reg_r1_0_63_21_27_i_1__1/O[5]
                         net (fo=5, unplaced)         0.181     6.520    u3/psum_reg_r3_0_63_28_31/DIB
                         RAMD64E                                      r  u3/psum_reg_r3_0_63_28_31/RAMB/I
  -------------------------------------------------------------------    -------------------

                         (clock clk rise edge)       10.000    10.000 r  
                                                      0.000    10.000 r  clk (IN)
                         net (fo=17489, unset)        0.043    10.043    u3/psum_reg_r3_0_63_28_31/WCLK
                         RAMD64E                                      r  u3/psum_reg_r3_0_63_28_31/RAMB/CLK
                         clock pessimism              0.000    10.043    
                         clock uncertainty           -0.035    10.008    
                         RAMD64E (Setup_RAMD64E_CLK_I)
                                                     -0.056     9.952    u3/psum_reg_r3_0_63_28_31/RAMB
  -------------------------------------------------------------------
                         required time                          9.952    
                         arrival time                          -6.520    
  -------------------------------------------------------------------
                         slack                                  3.432    

Slack (MET) :             3.432ns  (required time - arrival time)
  Source:                 u3/part5/DSP_A_B_DATA_INST/CLK
                            (rising edge-triggered cell DSP_A_B_DATA clocked by clk  {rise@0.000ns fall@5.000ns period=10.000ns})
  Destination:            u3/psum_reg_r4_0_63_28_31/RAMB/I
                            (rising edge-triggered cell RAMD64E clocked by clk  {rise@0.000ns fall@5.000ns period=10.000ns})
  Path Group:             clk
  Path Type:              Setup (Max at Slow Process Corner)
  Requirement:            10.000ns  (clk rise@10.000ns - clk rise@0.000ns)
  Data Path Delay:        6.460ns  (logic 3.363ns (52.059%)  route 3.097ns (47.941%))
  Logic Levels:           25  (CARRY8=6 DSP_ALU=1 DSP_M_DATA=1 DSP_MULTIPLIER=1 DSP_OUTPUT=1 DSP_PREADD_DATA=1 LUT2=3 LUT3=1 LUT5=1 LUT6=5 MUXF7=2 MUXF8=2)
  Clock Path Skew:        -0.017ns (DCD - SCD + CPR)
    Destination Clock Delay (DCD):    0.043ns = ( 10.043 - 10.000 ) 
    Source Clock Delay      (SCD):    0.060ns
    Clock Pessimism Removal (CPR):    0.000ns
  Clock Uncertainty:      0.035ns  ((TSJ^2 + TIJ^2)^1/2 + DJ) / 2 + PE
    Total System Jitter     (TSJ):    0.071ns
    Total Input Jitter      (TIJ):    0.000ns
    Discrete Jitter          (DJ):    0.000ns
    Phase Error              (PE):    0.000ns

    Location             Delay type                Incr(ns)  Path(ns)    Netlist Resource(s)
  -------------------------------------------------------------------    -------------------
                         (clock clk rise edge)        0.000     0.000 r  
                                                      0.000     0.000 r  clk (IN)
                         net (fo=17489, unset)        0.060     0.060    u3/part5/CLK
                         DSP_A_B_DATA                                 r  u3/part5/DSP_A_B_DATA_INST/CLK
  -------------------------------------------------------------------    -------------------
                         DSP_A_B_DATA (Prop_DSP_A_B_DATA_CLK_A2_DATA[0])
                                                      0.234     0.294 r  u3/part5/DSP_A_B_DATA_INST/A2_DATA[0]
                         net (fo=1, unplaced)         0.000     0.294    u3/part5/DSP_A_B_DATA.A2_DATA<0>
                         DSP_PREADD_DATA (Prop_DSP_PREADD_DATA_A2_DATA[0]_A2A1[0])
                                                      0.076     0.370 r  u3/part5/DSP_PREADD_DATA_INST/A2A1[0]
                         net (fo=1, unplaced)         0.000     0.370    u3/part5/DSP_PREADD_DATA.A2A1<0>
                         DSP_MULTIPLIER (Prop_DSP_MULTIPLIER_A2A1[0]_V[0])
                                                      0.507     0.877 f  u3/part5/DSP_MULTIPLIER_INST/V[0]
                         net (fo=1, unplaced)         0.000     0.877    u3/part5/DSP_MULTIPLIER.V<0>
                         DSP_M_DATA (Prop_DSP_M_DATA_V[0]_V_DATA[0])
                                                      0.046     0.923 r  u3/part5/DSP_M_DATA_INST/V_DATA[0]
                         net (fo=1, unplaced)         0.000     0.923    u3/part5/DSP_M_DATA.V_DATA<0>
                         DSP_ALU (Prop_DSP_ALU_V_DATA[0]_ALU_OUT[0])
                                                      0.571     1.494 f  u3/part5/DSP_ALU_INST/ALU_OUT[0]
                         net (fo=1, unplaced)         0.000     1.494    u3/part5/DSP_ALU.ALU_OUT<0>
                         DSP_OUTPUT (Prop_DSP_OUTPUT_ALU_OUT[0]_P[0])
                                                      0.109     1.603 r  u3/part5/DSP_OUTPUT_INST/P[0]
                         net (fo=2, unplaced)         0.206     1.809    u3/part5_n_105
                         LUT2 (Prop_LUT2_I0_O)        0.053     1.862 r  u3/psum_reg_r1_0_63_0_6_i_238__1/O
                         net (fo=1, unplaced)         0.020     1.882    u3/psum_reg_r1_0_63_0_6_i_238__1_n_0
                         CARRY8 (Prop_CARRY8_S[0]_O[5])
                                                      0.240     2.122 r  u3/psum_reg_r1_0_63_0_6_i_97__1/O[5]
                         net (fo=1323, unplaced)      0.301     2.423    u3/psum_reg_r1_0_63_0_6_i_97__1_n_10
                         LUT6 (Prop_LUT6_I0_O)        0.150     2.573 r  u3/psum_reg_r1_0_63_0_6_i_855__0/O
                         net (fo=7, unplaced)         0.211     2.784    u3/psum_reg_r1_0_63_0_6_i_855__0_n_0
                         LUT3 (Prop_LUT3_I1_O)        0.038     2.822 r  u3/psum_reg_r1_0_63_0_6_i_15030__0/O
                         net (fo=128, unplaced)       0.324     3.146    u3/psum_reg_r1_0_63_0_6_i_15030__0_n_0
                         MUXF7 (Prop_MUXF7_S_O)       0.077     3.223 r  u3/p_0_out_inferred__10/psum_reg_r1_0_63_0_6_i_9444/O
                         net (fo=1, unplaced)         0.000     3.223    u3/p_0_out_inferred__10/psum_reg_r1_0_63_0_6_i_9444_n_0
                         MUXF8 (Prop_MUXF8_I0_O)      0.030     3.253 r  u3/p_0_out_inferred__10/psum_reg_r1_0_63_0_6_i_4724/O
                         net (fo=1, unplaced)         0.186     3.439    u3/p_0_out_inferred__10/psum_reg_r1_0_63_0_6_i_4724_n_0
                         LUT6 (Prop_LUT6_I0_O)        0.099     3.538 r  u3/p_0_out_inferred__10/psum_reg_r1_0_63_0_6_i_2035/O
                         net (fo=1, unplaced)         0.032     3.570    u3/p_0_out_inferred__10/psum_reg_r1_0_63_0_6_i_2035_n_0
                         MUXF7 (Prop_MUXF7_I0_O)      0.069     3.639 r  u3/p_0_out_inferred__10/psum_reg_r1_0_63_0_6_i_869/O
                         net (fo=1, unplaced)         0.000     3.639    u3/p_0_out_inferred__10/psum_reg_r1_0_63_0_6_i_869_n_0
                         MUXF8 (Prop_MUXF8_I0_O)      0.030     3.669 r  u3/p_0_out_inferred__10/psum_reg_r1_0_63_0_6_i_371/O
                         net (fo=1, unplaced)         0.186     3.855    u3/p_0_out_inferred__10/psum_reg_r1_0_63_0_6_i_371_n_0
                         LUT6 (Prop_LUT6_I0_O)        0.100     3.955 r  u3/p_0_out_inferred__10/psum_reg_r1_0_63_0_6_i_159/O
                         net (fo=1, unplaced)         0.186     4.141    u3/p_0_out_inferred__10/psum_reg_r1_0_63_0_6_i_159_n_0
                         LUT6 (Prop_LUT6_I5_O)        0.038     4.179 r  u3/p_0_out_inferred__10/psum_reg_r1_0_63_0_6_i_70/O
                         net (fo=2, unplaced)         0.186     4.365    u3/p_0_out_inferred__10/psum_reg_r1_0_63_0_6_i_70_n_0
                         LUT6 (Prop_LUT6_I5_O)        0.038     4.403 f  u3/psum_reg_r1_0_63_0_6_i_38__1/O
                         net (fo=4, unplaced)         0.198     4.601    u3/part0_out[3]
                         LUT5 (Prop_LUT5_I0_O)        0.066     4.667 f  u3/psum_reg_r1_0_63_0_6_i_39__1/O
                         net (fo=1, unplaced)         0.163     4.830    u3/psum_reg_r1_0_63_0_6_i_39__1_n_0
                         CARRY8 (Prop_CARRY8_DI[3]_CO[4])
                                                      0.156     4.986 f  u3/psum_reg_r1_0_63_0_6_i_28__1/CO[4]
                         net (fo=27, unplaced)        0.240     5.226    u3/psum_reg_r1_0_63_0_6_i_28__1_n_3
                         LUT2 (Prop_LUT2_I0_O)        0.070     5.296 r  u3/psum_reg_r1_0_63_7_13_i_18__1/O
                         net (fo=1, unplaced)         0.260     5.556    u3/psum_reg_r1_0_63_7_13_i_18__1_n_0
                         CARRY8 (Prop_CARRY8_DI[0]_CO[7])
                                                      0.140     5.696 r  u3/psum_reg_r1_0_63_7_13_i_10__1/CO[7]
                         net (fo=1, unplaced)         0.005     5.701    u3/psum_reg_r1_0_63_7_13_i_10__1_n_0
                         CARRY8 (Prop_CARRY8_CI_O[1])
                                                      0.076     5.777 r  u3/psum_reg_r1_0_63_14_20_i_10__1/O[1]
                         net (fo=1, unplaced)         0.184     5.961    u3/part[17]
                         LUT2 (Prop_LUT2_I1_O)        0.037     5.998 r  u3/psum_reg_r1_0_63_14_20_i_8__1/O
                         net (fo=1, unplaced)         0.023     6.021    u3/psum_reg_r1_0_63_14_20_i_8__1_n_0
                         CARRY8 (Prop_CARRY8_S[1]_CO[7])
                                                      0.197     6.218 r  u3/psum_reg_r1_0_63_14_20_i_1__1/CO[7]
                         net (fo=1, unplaced)         0.005     6.223    u3/psum_reg_r1_0_63_14_20_i_1__1_n_0
                         CARRY8 (Prop_CARRY8_CI_O[5])
                                                      0.116     6.339 r  u3/psum_reg_r1_0_63_21_27_i_1__1/O[5]
                         net (fo=5, unplaced)         0.181     6.520    u3/psum_reg_r4_0_63_28_31/DIB
                         RAMD64E                                      r  u3/psum_reg_r4_0_63_28_31/RAMB/I
  -------------------------------------------------------------------    -------------------

                         (clock clk rise edge)       10.000    10.000 r  
                                                      0.000    10.000 r  clk (IN)
                         net (fo=17489, unset)        0.043    10.043    u3/psum_reg_r4_0_63_28_31/WCLK
                         RAMD64E                                      r  u3/psum_reg_r4_0_63_28_31/RAMB/CLK
                         clock pessimism              0.000    10.043    
                         clock uncertainty           -0.035    10.008    
                         RAMD64E (Setup_RAMD64E_CLK_I)
                                                     -0.056     9.952    u3/psum_reg_r4_0_63_28_31/RAMB
  -------------------------------------------------------------------
                         required time                          9.952    
                         arrival time                          -6.520    
  -------------------------------------------------------------------
                         slack                                  3.432    





Min Delay Paths
--------------------------------------------------------------------------------------
Slack (MET) :             0.047ns  (arrival time - required time)
  Source:                 u1/pos_reg[2]_rep__2/C
                            (rising edge-triggered cell FDRE clocked by clk  {rise@0.000ns fall@5.000ns period=10.000ns})
  Destination:            u1/psum_reg_r1_0_63_0_6/RAMA/WADR2
                            (rising edge-triggered cell RAMD64E clocked by clk  {rise@0.000ns fall@5.000ns period=10.000ns})
  Path Group:             clk
  Path Type:              Hold (Min at Fast Process Corner)
  Requirement:            0.000ns  (clk rise@0.000ns - clk rise@0.000ns)
  Data Path Delay:        0.135ns  (logic 0.038ns (28.148%)  route 0.097ns (71.852%))
  Logic Levels:           0  
  Clock Path Skew:        0.026ns (DCD - SCD - CPR)
    Destination Clock Delay (DCD):    0.039ns
    Source Clock Delay      (SCD):    0.013ns
    Clock Pessimism Removal (CPR):    -0.000ns

    Location             Delay type                Incr(ns)  Path(ns)    Netlist Resource(s)
  -------------------------------------------------------------------    -------------------
                         (clock clk rise edge)        0.000     0.000 r  
                                                      0.000     0.000 r  clk (IN)
                         net (fo=17489, unset)        0.013     0.013    u1/clk
                         FDRE                                         r  u1/pos_reg[2]_rep__2/C
  -------------------------------------------------------------------    -------------------
                         FDRE (Prop_FDRE_C_Q)         0.038     0.051 r  u1/pos_reg[2]_rep__2/Q
                         net (fo=171, unplaced)       0.097     0.148    u1/psum_reg_r1_0_63_0_6/ADDRH2
                         RAMD64E                                      r  u1/psum_reg_r1_0_63_0_6/RAMA/WADR2
  -------------------------------------------------------------------    -------------------

                         (clock clk rise edge)        0.000     0.000 r  
                                                      0.000     0.000 r  clk (IN)
                         net (fo=17489, unset)        0.039     0.039    u1/psum_reg_r1_0_63_0_6/WCLK
                         RAMD64E                                      r  u1/psum_reg_r1_0_63_0_6/RAMA/CLK
                         clock pessimism              0.000     0.039    
                         RAMD64E (Hold_RAMD64E_CLK_WADR2)
                                                      0.062     0.101    u1/psum_reg_r1_0_63_0_6/RAMA
  -------------------------------------------------------------------
                         required time                         -0.101    
                         arrival time                           0.148    
  -------------------------------------------------------------------
                         slack                                  0.047    

Slack (MET) :             0.047ns  (arrival time - required time)
  Source:                 u1/pos_reg[2]_rep__2/C
                            (rising edge-triggered cell FDRE clocked by clk  {rise@0.000ns fall@5.000ns period=10.000ns})
  Destination:            u1/psum_reg_r1_0_63_0_6/RAMB/WADR2
                            (rising edge-triggered cell RAMD64E clocked by clk  {rise@0.000ns fall@5.000ns period=10.000ns})
  Path Group:             clk
  Path Type:              Hold (Min at Fast Process Corner)
  Requirement:            0.000ns  (clk rise@0.000ns - clk rise@0.000ns)
  Data Path Delay:        0.135ns  (logic 0.038ns (28.148%)  route 0.097ns (71.852%))
  Logic Levels:           0  
  Clock Path Skew:        0.026ns (DCD - SCD - CPR)
    Destination Clock Delay (DCD):    0.039ns
    Source Clock Delay      (SCD):    0.013ns
    Clock Pessimism Removal (CPR):    -0.000ns

    Location             Delay type                Incr(ns)  Path(ns)    Netlist Resource(s)
  -------------------------------------------------------------------    -------------------
                         (clock clk rise edge)        0.000     0.000 r  
                                                      0.000     0.000 r  clk (IN)
                         net (fo=17489, unset)        0.013     0.013    u1/clk
                         FDRE                                         r  u1/pos_reg[2]_rep__2/C
  -------------------------------------------------------------------    -------------------
                         FDRE (Prop_FDRE_C_Q)         0.038     0.051 r  u1/pos_reg[2]_rep__2/Q
                         net (fo=171, unplaced)       0.097     0.148    u1/psum_reg_r1_0_63_0_6/ADDRH2
                         RAMD64E                                      r  u1/psum_reg_r1_0_63_0_6/RAMB/WADR2
  -------------------------------------------------------------------    -------------------

                         (clock clk rise edge)        0.000     0.000 r  
                                                      0.000     0.000 r  clk (IN)
                         net (fo=17489, unset)        0.039     0.039    u1/psum_reg_r1_0_63_0_6/WCLK
                         RAMD64E                                      r  u1/psum_reg_r1_0_63_0_6/RAMB/CLK
                         clock pessimism              0.000     0.039    
                         RAMD64E (Hold_RAMD64E_CLK_WADR2)
                                                      0.062     0.101    u1/psum_reg_r1_0_63_0_6/RAMB
  -------------------------------------------------------------------
                         required time                         -0.101    
                         arrival time                           0.148    
  -------------------------------------------------------------------
                         slack                                  0.047    

Slack (MET) :             0.047ns  (arrival time - required time)
  Source:                 u1/pos_reg[2]_rep__2/C
                            (rising edge-triggered cell FDRE clocked by clk  {rise@0.000ns fall@5.000ns period=10.000ns})
  Destination:            u1/psum_reg_r1_0_63_0_6/RAMC/WADR2
                            (rising edge-triggered cell RAMD64E clocked by clk  {rise@0.000ns fall@5.000ns period=10.000ns})
  Path Group:             clk
  Path Type:              Hold (Min at Fast Process Corner)
  Requirement:            0.000ns  (clk rise@0.000ns - clk rise@0.000ns)
  Data Path Delay:        0.135ns  (logic 0.038ns (28.148%)  route 0.097ns (71.852%))
  Logic Levels:           0  
  Clock Path Skew:        0.026ns (DCD - SCD - CPR)
    Destination Clock Delay (DCD):    0.039ns
    Source Clock Delay      (SCD):    0.013ns
    Clock Pessimism Removal (CPR):    -0.000ns

    Location             Delay type                Incr(ns)  Path(ns)    Netlist Resource(s)
  -------------------------------------------------------------------    -------------------
                         (clock clk rise edge)        0.000     0.000 r  
                                                      0.000     0.000 r  clk (IN)
                         net (fo=17489, unset)        0.013     0.013    u1/clk
                         FDRE                                         r  u1/pos_reg[2]_rep__2/C
  -------------------------------------------------------------------    -------------------
                         FDRE (Prop_FDRE_C_Q)         0.038     0.051 r  u1/pos_reg[2]_rep__2/Q
                         net (fo=171, unplaced)       0.097     0.148    u1/psum_reg_r1_0_63_0_6/ADDRH2
                         RAMD64E                                      r  u1/psum_reg_r1_0_63_0_6/RAMC/WADR2
  -------------------------------------------------------------------    -------------------

                         (clock clk rise edge)        0.000     0.000 r  
                                                      0.000     0.000 r  clk (IN)
                         net (fo=17489, unset)        0.039     0.039    u1/psum_reg_r1_0_63_0_6/WCLK
                         RAMD64E                                      r  u1/psum_reg_r1_0_63_0_6/RAMC/CLK
                         clock pessimism              0.000     0.039    
                         RAMD64E (Hold_RAMD64E_CLK_WADR2)
                                                      0.062     0.101    u1/psum_reg_r1_0_63_0_6/RAMC
  -------------------------------------------------------------------
                         required time                         -0.101    
                         arrival time                           0.148    
  -------------------------------------------------------------------
                         slack                                  0.047    

Slack (MET) :             0.047ns  (arrival time - required time)
  Source:                 u1/pos_reg[2]_rep__2/C
                            (rising edge-triggered cell FDRE clocked by clk  {rise@0.000ns fall@5.000ns period=10.000ns})
  Destination:            u1/psum_reg_r1_0_63_0_6/RAMD/WADR2
                            (rising edge-triggered cell RAMD64E clocked by clk  {rise@0.000ns fall@5.000ns period=10.000ns})
  Path Group:             clk
  Path Type:              Hold (Min at Fast Process Corner)
  Requirement:            0.000ns  (clk rise@0.000ns - clk rise@0.000ns)
  Data Path Delay:        0.135ns  (logic 0.038ns (28.148%)  route 0.097ns (71.852%))
  Logic Levels:           0  
  Clock Path Skew:        0.026ns (DCD - SCD - CPR)
    Destination Clock Delay (DCD):    0.039ns
    Source Clock Delay      (SCD):    0.013ns
    Clock Pessimism Removal (CPR):    -0.000ns

    Location             Delay type                Incr(ns)  Path(ns)    Netlist Resource(s)
  -------------------------------------------------------------------    -------------------
                         (clock clk rise edge)        0.000     0.000 r  
                                                      0.000     0.000 r  clk (IN)
                         net (fo=17489, unset)        0.013     0.013    u1/clk
                         FDRE                                         r  u1/pos_reg[2]_rep__2/C
  -------------------------------------------------------------------    -------------------
                         FDRE (Prop_FDRE_C_Q)         0.038     0.051 r  u1/pos_reg[2]_rep__2/Q
                         net (fo=171, unplaced)       0.097     0.148    u1/psum_reg_r1_0_63_0_6/ADDRH2
                         RAMD64E                                      r  u1/psum_reg_r1_0_63_0_6/RAMD/WADR2
  -------------------------------------------------------------------    -------------------

                         (clock clk rise edge)        0.000     0.000 r  
                                                      0.000     0.000 r  clk (IN)
                         net (fo=17489, unset)        0.039     0.039    u1/psum_reg_r1_0_63_0_6/WCLK
                         RAMD64E                                      r  u1/psum_reg_r1_0_63_0_6/RAMD/CLK
                         clock pessimism              0.000     0.039    
                         RAMD64E (Hold_RAMD64E_CLK_WADR2)
                                                      0.062     0.101    u1/psum_reg_r1_0_63_0_6/RAMD
  -------------------------------------------------------------------
                         required time                         -0.101    
                         arrival time                           0.148    
  -------------------------------------------------------------------
                         slack                                  0.047    

Slack (MET) :             0.047ns  (arrival time - required time)
  Source:                 u1/pos_reg[2]_rep__2/C
                            (rising edge-triggered cell FDRE clocked by clk  {rise@0.000ns fall@5.000ns period=10.000ns})
  Destination:            u1/psum_reg_r1_0_63_0_6/RAME/WADR2
                            (rising edge-triggered cell RAMD64E clocked by clk  {rise@0.000ns fall@5.000ns period=10.000ns})
  Path Group:             clk
  Path Type:              Hold (Min at Fast Process Corner)
  Requirement:            0.000ns  (clk rise@0.000ns - clk rise@0.000ns)
  Data Path Delay:        0.135ns  (logic 0.038ns (28.148%)  route 0.097ns (71.852%))
  Logic Levels:           0  
  Clock Path Skew:        0.026ns (DCD - SCD - CPR)
    Destination Clock Delay (DCD):    0.039ns
    Source Clock Delay      (SCD):    0.013ns
    Clock Pessimism Removal (CPR):    -0.000ns

    Location             Delay type                Incr(ns)  Path(ns)    Netlist Resource(s)
  -------------------------------------------------------------------    -------------------
                         (clock clk rise edge)        0.000     0.000 r  
                                                      0.000     0.000 r  clk (IN)
                         net (fo=17489, unset)        0.013     0.013    u1/clk
                         FDRE                                         r  u1/pos_reg[2]_rep__2/C
  -------------------------------------------------------------------    -------------------
                         FDRE (Prop_FDRE_C_Q)         0.038     0.051 r  u1/pos_reg[2]_rep__2/Q
                         net (fo=171, unplaced)       0.097     0.148    u1/psum_reg_r1_0_63_0_6/ADDRH2
                         RAMD64E                                      r  u1/psum_reg_r1_0_63_0_6/RAME/WADR2
  -------------------------------------------------------------------    -------------------

                         (clock clk rise edge)        0.000     0.000 r  
                                                      0.000     0.000 r  clk (IN)
                         net (fo=17489, unset)        0.039     0.039    u1/psum_reg_r1_0_63_0_6/WCLK
                         RAMD64E                                      r  u1/psum_reg_r1_0_63_0_6/RAME/CLK
                         clock pessimism              0.000     0.039    
                         RAMD64E (Hold_RAMD64E_CLK_WADR2)
                                                      0.062     0.101    u1/psum_reg_r1_0_63_0_6/RAME
  -------------------------------------------------------------------
                         required time                         -0.101    
                         arrival time                           0.148    
  -------------------------------------------------------------------
                         slack                                  0.047    

Slack (MET) :             0.047ns  (arrival time - required time)
  Source:                 u1/pos_reg[2]_rep__2/C
                            (rising edge-triggered cell FDRE clocked by clk  {rise@0.000ns fall@5.000ns period=10.000ns})
  Destination:            u1/psum_reg_r1_0_63_0_6/RAMF/WADR2
                            (rising edge-triggered cell RAMD64E clocked by clk  {rise@0.000ns fall@5.000ns period=10.000ns})
  Path Group:             clk
  Path Type:              Hold (Min at Fast Process Corner)
  Requirement:            0.000ns  (clk rise@0.000ns - clk rise@0.000ns)
  Data Path Delay:        0.135ns  (logic 0.038ns (28.148%)  route 0.097ns (71.852%))
  Logic Levels:           0  
  Clock Path Skew:        0.026ns (DCD - SCD - CPR)
    Destination Clock Delay (DCD):    0.039ns
    Source Clock Delay      (SCD):    0.013ns
    Clock Pessimism Removal (CPR):    -0.000ns

    Location             Delay type                Incr(ns)  Path(ns)    Netlist Resource(s)
  -------------------------------------------------------------------    -------------------
                         (clock clk rise edge)        0.000     0.000 r  
                                                      0.000     0.000 r  clk (IN)
                         net (fo=17489, unset)        0.013     0.013    u1/clk
                         FDRE                                         r  u1/pos_reg[2]_rep__2/C
  -------------------------------------------------------------------    -------------------
                         FDRE (Prop_FDRE_C_Q)         0.038     0.051 r  u1/pos_reg[2]_rep__2/Q
                         net (fo=171, unplaced)       0.097     0.148    u1/psum_reg_r1_0_63_0_6/ADDRH2
                         RAMD64E                                      r  u1/psum_reg_r1_0_63_0_6/RAMF/WADR2
  -------------------------------------------------------------------    -------------------

                         (clock clk rise edge)        0.000     0.000 r  
                                                      0.000     0.000 r  clk (IN)
                         net (fo=17489, unset)        0.039     0.039    u1/psum_reg_r1_0_63_0_6/WCLK
                         RAMD64E                                      r  u1/psum_reg_r1_0_63_0_6/RAMF/CLK
                         clock pessimism              0.000     0.039    
                         RAMD64E (Hold_RAMD64E_CLK_WADR2)
                                                      0.062     0.101    u1/psum_reg_r1_0_63_0_6/RAMF
  -------------------------------------------------------------------
                         required time                         -0.101    
                         arrival time                           0.148    
  -------------------------------------------------------------------
                         slack                                  0.047    

Slack (MET) :             0.047ns  (arrival time - required time)
  Source:                 u1/pos_reg[2]_rep__2/C
                            (rising edge-triggered cell FDRE clocked by clk  {rise@0.000ns fall@5.000ns period=10.000ns})
  Destination:            u1/psum_reg_r1_0_63_0_6/RAMG/WADR2
                            (rising edge-triggered cell RAMD64E clocked by clk  {rise@0.000ns fall@5.000ns period=10.000ns})
  Path Group:             clk
  Path Type:              Hold (Min at Fast Process Corner)
  Requirement:            0.000ns  (clk rise@0.000ns - clk rise@0.000ns)
  Data Path Delay:        0.135ns  (logic 0.038ns (28.148%)  route 0.097ns (71.852%))
  Logic Levels:           0  
  Clock Path Skew:        0.026ns (DCD - SCD - CPR)
    Destination Clock Delay (DCD):    0.039ns
    Source Clock Delay      (SCD):    0.013ns
    Clock Pessimism Removal (CPR):    -0.000ns

    Location             Delay type                Incr(ns)  Path(ns)    Netlist Resource(s)
  -------------------------------------------------------------------    -------------------
                         (clock clk rise edge)        0.000     0.000 r  
                                                      0.000     0.000 r  clk (IN)
                         net (fo=17489, unset)        0.013     0.013    u1/clk
                         FDRE                                         r  u1/pos_reg[2]_rep__2/C
  -------------------------------------------------------------------    -------------------
                         FDRE (Prop_FDRE_C_Q)         0.038     0.051 r  u1/pos_reg[2]_rep__2/Q
                         net (fo=171, unplaced)       0.097     0.148    u1/psum_reg_r1_0_63_0_6/ADDRH2
                         RAMD64E                                      r  u1/psum_reg_r1_0_63_0_6/RAMG/WADR2
  -------------------------------------------------------------------    -------------------

                         (clock clk rise edge)        0.000     0.000 r  
                                                      0.000     0.000 r  clk (IN)
                         net (fo=17489, unset)        0.039     0.039    u1/psum_reg_r1_0_63_0_6/WCLK
                         RAMD64E                                      r  u1/psum_reg_r1_0_63_0_6/RAMG/CLK
                         clock pessimism              0.000     0.039    
                         RAMD64E (Hold_RAMD64E_CLK_WADR2)
                                                      0.062     0.101    u1/psum_reg_r1_0_63_0_6/RAMG
  -------------------------------------------------------------------
                         required time                         -0.101    
                         arrival time                           0.148    
  -------------------------------------------------------------------
                         slack                                  0.047    

Slack (MET) :             0.047ns  (arrival time - required time)
  Source:                 u1/pos_reg[2]_rep__2/C
                            (rising edge-triggered cell FDRE clocked by clk  {rise@0.000ns fall@5.000ns period=10.000ns})
  Destination:            u1/psum_reg_r1_0_63_0_6/RAMH/WADR2
                            (rising edge-triggered cell RAMD64E clocked by clk  {rise@0.000ns fall@5.000ns period=10.000ns})
  Path Group:             clk
  Path Type:              Hold (Min at Fast Process Corner)
  Requirement:            0.000ns  (clk rise@0.000ns - clk rise@0.000ns)
  Data Path Delay:        0.135ns  (logic 0.038ns (28.148%)  route 0.097ns (71.852%))
  Logic Levels:           0  
  Clock Path Skew:        0.026ns (DCD - SCD - CPR)
    Destination Clock Delay (DCD):    0.039ns
    Source Clock Delay      (SCD):    0.013ns
    Clock Pessimism Removal (CPR):    -0.000ns

    Location             Delay type                Incr(ns)  Path(ns)    Netlist Resource(s)
  -------------------------------------------------------------------    -------------------
                         (clock clk rise edge)        0.000     0.000 r  
                                                      0.000     0.000 r  clk (IN)
                         net (fo=17489, unset)        0.013     0.013    u1/clk
                         FDRE                                         r  u1/pos_reg[2]_rep__2/C
  -------------------------------------------------------------------    -------------------
                         FDRE (Prop_FDRE_C_Q)         0.038     0.051 r  u1/pos_reg[2]_rep__2/Q
                         net (fo=171, unplaced)       0.097     0.148    u1/psum_reg_r1_0_63_0_6/ADDRH2
                         RAMD64E                                      r  u1/psum_reg_r1_0_63_0_6/RAMH/WADR2
  -------------------------------------------------------------------    -------------------

                         (clock clk rise edge)        0.000     0.000 r  
                                                      0.000     0.000 r  clk (IN)
                         net (fo=17489, unset)        0.039     0.039    u1/psum_reg_r1_0_63_0_6/WCLK
                         RAMD64E                                      r  u1/psum_reg_r1_0_63_0_6/RAMH/CLK
                         clock pessimism              0.000     0.039    
                         RAMD64E (Hold_RAMD64E_CLK_WADR2)
                                                      0.062     0.101    u1/psum_reg_r1_0_63_0_6/RAMH
  -------------------------------------------------------------------
                         required time                         -0.101    
                         arrival time                           0.148    
  -------------------------------------------------------------------
                         slack                                  0.047    

Slack (MET) :             0.047ns  (arrival time - required time)
  Source:                 u1/pos_reg[2]_rep__2/C
                            (rising edge-triggered cell FDRE clocked by clk  {rise@0.000ns fall@5.000ns period=10.000ns})
  Destination:            u1/psum_reg_r1_128_191_0_6/RAMA/WADR2
                            (rising edge-triggered cell RAMD64E clocked by clk  {rise@0.000ns fall@5.000ns period=10.000ns})
  Path Group:             clk
  Path Type:              Hold (Min at Fast Process Corner)
  Requirement:            0.000ns  (clk rise@0.000ns - clk rise@0.000ns)
  Data Path Delay:        0.135ns  (logic 0.038ns (28.148%)  route 0.097ns (71.852%))
  Logic Levels:           0  
  Clock Path Skew:        0.026ns (DCD - SCD - CPR)
    Destination Clock Delay (DCD):    0.039ns
    Source Clock Delay      (SCD):    0.013ns
    Clock Pessimism Removal (CPR):    -0.000ns

    Location             Delay type                Incr(ns)  Path(ns)    Netlist Resource(s)
  -------------------------------------------------------------------    -------------------
                         (clock clk rise edge)        0.000     0.000 r  
                                                      0.000     0.000 r  clk (IN)
                         net (fo=17489, unset)        0.013     0.013    u1/clk
                         FDRE                                         r  u1/pos_reg[2]_rep__2/C
  -------------------------------------------------------------------    -------------------
                         FDRE (Prop_FDRE_C_Q)         0.038     0.051 r  u1/pos_reg[2]_rep__2/Q
                         net (fo=171, unplaced)       0.097     0.148    u1/psum_reg_r1_128_191_0_6/ADDRH2
                         RAMD64E                                      r  u1/psum_reg_r1_128_191_0_6/RAMA/WADR2
  -------------------------------------------------------------------    -------------------

                         (clock clk rise edge)        0.000     0.000 r  
                                                      0.000     0.000 r  clk (IN)
                         net (fo=17489, unset)        0.039     0.039    u1/psum_reg_r1_128_191_0_6/WCLK
                         RAMD64E                                      r  u1/psum_reg_r1_128_191_0_6/RAMA/CLK
                         clock pessimism              0.000     0.039    
                         RAMD64E (Hold_RAMD64E_CLK_WADR2)
                                                      0.062     0.101    u1/psum_reg_r1_128_191_0_6/RAMA
  -------------------------------------------------------------------
                         required time                         -0.101    
                         arrival time                           0.148    
  -------------------------------------------------------------------
                         slack                                  0.047    

Slack (MET) :             0.047ns  (arrival time - required time)
  Source:                 u1/pos_reg[2]_rep__2/C
                            (rising edge-triggered cell FDRE clocked by clk  {rise@0.000ns fall@5.000ns period=10.000ns})
  Destination:            u1/psum_reg_r1_128_191_0_6/RAMB/WADR2
                            (rising edge-triggered cell RAMD64E clocked by clk  {rise@0.000ns fall@5.000ns period=10.000ns})
  Path Group:             clk
  Path Type:              Hold (Min at Fast Process Corner)
  Requirement:            0.000ns  (clk rise@0.000ns - clk rise@0.000ns)
  Data Path Delay:        0.135ns  (logic 0.038ns (28.148%)  route 0.097ns (71.852%))
  Logic Levels:           0  
  Clock Path Skew:        0.026ns (DCD - SCD - CPR)
    Destination Clock Delay (DCD):    0.039ns
    Source Clock Delay      (SCD):    0.013ns
    Clock Pessimism Removal (CPR):    -0.000ns

    Location             Delay type                Incr(ns)  Path(ns)    Netlist Resource(s)
  -------------------------------------------------------------------    -------------------
                         (clock clk rise edge)        0.000     0.000 r  
                                                      0.000     0.000 r  clk (IN)
                         net (fo=17489, unset)        0.013     0.013    u1/clk
                         FDRE                                         r  u1/pos_reg[2]_rep__2/C
  -------------------------------------------------------------------    -------------------
                         FDRE (Prop_FDRE_C_Q)         0.038     0.051 r  u1/pos_reg[2]_rep__2/Q
                         net (fo=171, unplaced)       0.097     0.148    u1/psum_reg_r1_128_191_0_6/ADDRH2
                         RAMD64E                                      r  u1/psum_reg_r1_128_191_0_6/RAMB/WADR2
  -------------------------------------------------------------------    -------------------

                         (clock clk rise edge)        0.000     0.000 r  
                                                      0.000     0.000 r  clk (IN)
                         net (fo=17489, unset)        0.039     0.039    u1/psum_reg_r1_128_191_0_6/WCLK
                         RAMD64E                                      r  u1/psum_reg_r1_128_191_0_6/RAMB/CLK
                         clock pessimism              0.000     0.039    
                         RAMD64E (Hold_RAMD64E_CLK_WADR2)
                                                      0.062     0.101    u1/psum_reg_r1_128_191_0_6/RAMB
  -------------------------------------------------------------------
                         required time                         -0.101    
                         arrival time                           0.148    
  -------------------------------------------------------------------
                         slack                                  0.047    





Pulse Width Checks
--------------------------------------------------------------------------------------
Clock Name:         clk
Waveform(ns):       { 0.000 5.000 }
Period(ns):         10.000
Sources:            { clk }

Check Type        Corner  Lib Pin             Reference Pin  Required(ns)  Actual(ns)  Slack(ns)  Location  Pin
Min Period        n/a     RAMB18E2/CLKARDCLK  n/a            1.355         10.000      8.645                u5/n_reg_rep/CLKARDCLK
Min Period        n/a     RAMD64E/CLK         n/a            1.064         10.000      8.936                u1/psum_reg_r1_0_63_0_6/RAMA/CLK
Min Period        n/a     RAMD64E/CLK         n/a            1.064         10.000      8.936                u1/psum_reg_r1_0_63_0_6/RAMB/CLK
Min Period        n/a     RAMD64E/CLK         n/a            1.064         10.000      8.936                u1/psum_reg_r1_0_63_0_6/RAMC/CLK
Min Period        n/a     RAMD64E/CLK         n/a            1.064         10.000      8.936                u1/psum_reg_r1_0_63_0_6/RAMD/CLK
Min Period        n/a     RAMD64E/CLK         n/a            1.064         10.000      8.936                u1/psum_reg_r1_0_63_0_6/RAME/CLK
Min Period        n/a     RAMD64E/CLK         n/a            1.064         10.000      8.936                u1/psum_reg_r1_0_63_0_6/RAMF/CLK
Min Period        n/a     RAMD64E/CLK         n/a            1.064         10.000      8.936                u1/psum_reg_r1_0_63_0_6/RAMG/CLK
Min Period        n/a     RAMD64E/CLK         n/a            1.064         10.000      8.936                u1/psum_reg_r1_0_63_0_6/RAMH/CLK
Min Period        n/a     RAMD64E/CLK         n/a            1.064         10.000      8.936                u1/psum_reg_r1_0_63_14_20/RAMA/CLK
Low Pulse Width   Slow    RAMB18E2/CLKARDCLK  n/a            0.542         5.000       4.458                u5/n_reg_rep/CLKARDCLK
Low Pulse Width   Fast    RAMB18E2/CLKARDCLK  n/a            0.542         5.000       4.458                u5/n_reg_rep/CLKARDCLK
Low Pulse Width   Slow    RAMD64E/CLK         n/a            0.532         5.000       4.468                u1/psum_reg_r1_0_63_0_6/RAMA/CLK
Low Pulse Width   Fast    RAMD64E/CLK         n/a            0.532         5.000       4.468                u1/psum_reg_r1_0_63_0_6/RAMA/CLK
Low Pulse Width   Slow    RAMD64E/CLK         n/a            0.532         5.000       4.468                u1/psum_reg_r1_0_63_0_6/RAMB/CLK
Low Pulse Width   Fast    RAMD64E/CLK         n/a            0.532         5.000       4.468                u1/psum_reg_r1_0_63_0_6/RAMB/CLK
Low Pulse Width   Slow    RAMD64E/CLK         n/a            0.532         5.000       4.468                u1/psum_reg_r1_0_63_0_6/RAMC/CLK
Low Pulse Width   Fast    RAMD64E/CLK         n/a            0.532         5.000       4.468                u1/psum_reg_r1_0_63_0_6/RAMC/CLK
Low Pulse Width   Slow    RAMD64E/CLK         n/a            0.532         5.000       4.468                u1/psum_reg_r1_0_63_0_6/RAMD/CLK
Low Pulse Width   Fast    RAMD64E/CLK         n/a            0.532         5.000       4.468                u1/psum_reg_r1_0_63_0_6/RAMD/CLK
High Pulse Width  Slow    RAMB18E2/CLKARDCLK  n/a            0.542         5.000       4.458                u5/n_reg_rep/CLKARDCLK
High Pulse Width  Fast    RAMB18E2/CLKARDCLK  n/a            0.542         5.000       4.458                u5/n_reg_rep/CLKARDCLK
High Pulse Width  Slow    RAMD64E/CLK         n/a            0.532         5.000       4.468                u1/psum_reg_r1_0_63_0_6/RAMA/CLK
High Pulse Width  Fast    RAMD64E/CLK         n/a            0.532         5.000       4.468                u1/psum_reg_r1_0_63_0_6/RAMA/CLK
High Pulse Width  Slow    RAMD64E/CLK         n/a            0.532         5.000       4.468                u1/psum_reg_r1_0_63_0_6/RAMB/CLK
High Pulse Width  Fast    RAMD64E/CLK         n/a            0.532         5.000       4.468                u1/psum_reg_r1_0_63_0_6/RAMB/CLK
High Pulse Width  Slow    RAMD64E/CLK         n/a            0.532         5.000       4.468                u1/psum_reg_r1_0_63_0_6/RAMC/CLK
High Pulse Width  Fast    RAMD64E/CLK         n/a            0.532         5.000       4.468                u1/psum_reg_r1_0_63_0_6/RAMC/CLK
High Pulse Width  Slow    RAMD64E/CLK         n/a            0.532         5.000       4.468                u1/psum_reg_r1_0_63_0_6/RAMD/CLK
High Pulse Width  Fast    RAMD64E/CLK         n/a            0.532         5.000       4.468                u1/psum_reg_r1_0_63_0_6/RAMD/CLK



